time,open,high,low,close,Volume
1672700400,1826.72,1830.68,1823.56,1829.32,3280
1672704000,1829.32,1832.13,1828.7,1830.59,4523
1672707600,1830.59,1832.38,1826.8,1828.47,9645
1672711200,1828.47,1839.8,1828.26,1838.35,8420
1672714800,1838.35,1843.06,1838.35,1841.09,6227
1672718400,1841.09,1842.09,1840.3,1840.33,4282
1672722000,1840.41,1841.08,1837.92,1840.39,5275
1672725600,1840.36,1844.2,1839.97,1841.94,6418
1672729200,1842.02,1849.96,1840.99,1847.45,10327
1672732800,1847.49,1848,1834.49,1836.1,15691
1672736400,1836.14,1842.01,1834.78,1838.84,13911
1672740000,1838.75,1839.33,1833.64,1834.44,8705
1672743600,1834.44,1834.8,1830.83,1833.16,8200
1672747200,1833.2,1836.39,1831.73,1834.6,8128
1672750800,1834.74,1841.06,1834.15,1838.88,14087
1672754400,1838.91,1849.85,1836.63,1844.95,18820
1672758000,1844.98,1845.45,1827.52,1833.17,21160
1672761600,1833.16,1834.32,1828.23,1834.27,14673
1672765200,1834.32,1839.2,1834.03,1839.2,10746
1672768800,1839.2,1840.2,1837.32,1838.84,9308
1672772400,1838.85,1839.22,1836.49,1839.05,7114
1672776000,1839.08,1839.56,1836.62,1838.12,6592
1672779600,1838.02,1839.88,1837.71,1839.47,2565
1672786800,1838.83,1839.11,1836.36,1836.41,2525
1672790400,1836.4,1839.17,1836.12,1838.62,4728
1672794000,1838.62,1844.46,1838.18,1844.37,7067
1672797600,1844.27,1845.96,1843.41,1845.73,5365
1672801200,1845.63,1847.1,1845.02,1845.56,4353
1672804800,1845.57,1846.78,1845.35,1846.59,3490
1672808400,1846.58,1847.08,1844.64,1846.33,4864
1672812000,1846.35,1849.02,1845.79,1847.84,5281
1672815600,1847.81,1858.6,1847.36,1858.26,11548
1672819200,1858.22,1865.12,1856.95,1859.96,16947
1672822800,1859.98,1862.28,1858.9,1860.54,12251
1672826400,1860.55,1861.51,1857.6,1858.84,7784
1672830000,1858.79,1862.86,1857.84,1860.11,6993
1672833600,1860.18,1860.36,1853.02,1853.69,10766
1672837200,1853.7,1862.65,1852.79,1860.03,16905
1672840800,1859.97,1860.82,1855.35,1857.01,18095
1672844400,1856.37,1858.43,1849.02,1857.75,25848
1672848000,1857.8,1860.44,1856.11,1858.56,15342
1672851600,1858.52,1860,1850.1,1850.5,10673
1672855200,1850.49,1853.94,1849.83,1850.5,10074
1672858800,1850.32,1852.59,1847.08,1852.47,15955
1672862400,1852.41,1855.72,1851.37,1855.28,8860
1672866000,1855.29,1857.16,1853.63,1854.61,3010
1672873200,1852.9,1856.93,1852.9,1854.74,2539
1672876800,1854.74,1856.3,1853.9,1855.12,4252
1672880400,1855.08,1858.95,1854.95,1858.78,5721
1672884000,1858.78,1858.78,1853.42,1856.84,5270
1672887600,1856.75,1857.03,1853.25,1853.26,4610
1672891200,1853.3,1853.46,1850.34,1852.06,3307
1672894800,1852.04,1853.38,1850.55,1852.53,4536
1672898400,1852.58,1855.61,1850.61,1850.7,5045
1672902000,1850.66,1855.07,1847.83,1849.36,8080
1672905600,1849.34,1850.39,1843.78,1846.42,13695
1672909200,1846.39,1850.57,1844.67,1848.52,8290
1672912800,1848.65,1851.34,1847.49,1849.05,7487
1672916400,1849.07,1850.78,1846.09,1846.25,7454
1672920000,1846.25,1848.76,1844.72,1845.34,7819
1672923600,1845.54,1848.4,1833.01,1834.75,24106
1672927200,1834.58,1837.82,1831.31,1834.41,24391
1672930800,1834.5,1836.46,1825.06,1826.83,23342
1672934400,1826.88,1832,1825.62,1830.68,13407
1672938000,1830.67,1834.21,1829.7,1833.9,8747
1672941600,1833.86,1837.4,1832.13,1835.86,11818
1672945200,1835.93,1836.43,1832.61,1834.3,6379
1672948800,1834.29,1834.31,1831.89,1833.13,4565
1672952400,1833.3,1833.79,1832.47,1832.87,2089
1672959600,1829.35,1833.23,1829.33,1832.85,1992
1672963200,1832.83,1834.77,1831.35,1834.34,2820
1672966800,1834.38,1836.07,1832.38,1835.47,5523
1672970400,1835.43,1840.27,1835.4,1838.22,5166
1672974000,1838.52,1840.79,1838.15,1839.27,5325
1672977600,1839.25,1840.64,1837.98,1838,3008
1672981200,1837.95,1838.17,1835.66,1837.02,5636
1672984800,1837.05,1839.77,1836.93,1838.76,4611
1672988400,1838.81,1840.59,1836.65,1838.32,6624
1672992000,1838.38,1840.48,1836.74,1837.01,7376
1672995600,1837.01,1837.36,1833.26,1835.45,7176
1672999200,1835.51,1837.96,1834.06,1836.62,6087
1673002800,1836.6,1839.94,1835.88,1836.66,6537
1673006400,1836.68,1837.71,1834.82,1836.4,7821
1673010000,1836.42,1852.53,1834.64,1851.81,24893
1673013600,1851.75,1852.66,1840.65,1843.6,24355
1673017200,1844.3,1863.24,1844.3,1862.29,30813
1673020800,1862.34,1864.26,1859.87,1863.38,15305
1673024400,1863.48,1864.94,1860.95,1862.32,9703
1673028000,1862.25,1869.45,1861.7,1868.67,9284
1673031600,1868.7,1869.8,1868,1868.86,6571
1673035200,1868.86,1869.33,1865.8,1866.8,6410
1673038800,1866.99,1867.21,1865.56,1866.45,1797
1673218800,1866.47,1869.83,1866.28,1869.51,4466
1673222400,1869.51,1870.75,1867.09,1868.51,5428
1673226000,1868.42,1875.21,1868.13,1874.34,10225
1673229600,1874.35,1879.34,1874.16,1879.1,7891
1673233200,1879.1,1879.41,1876.69,1877.1,5335
1673236800,1877.08,1877.97,1876.77,1876.89,3039
1673240400,1876.92,1878.04,1874.67,1877.84,4760
1673244000,1877.84,1879.85,1876.99,1877.95,5699
1673247600,1877.9,1880.92,1873.69,1874.98,10726
1673251200,1874.99,1876.86,1873.5,1873.86,11030
1673254800,1873.87,1874.73,1871.26,1873.57,7724
1673258400,1873.59,1874.86,1871.38,1871.57,6767
1673262000,1871.62,1873.4,1870.52,1873.05,6478
1673265600,1872.99,1875.62,1871.96,1874.92,6379
1673269200,1874.99,1878.44,1872.77,1878.14,16105
1673272800,1878.2,1881.48,1873.87,1877.05,16512
1673276400,1877.07,1879.3,1872.1,1874.72,15544
1673280000,1874.77,1878.48,1873.23,1876.12,12498
1673283600,1876.12,1876.12,1868.99,1871.8,10765
1673287200,1871.82,1874.73,1869.31,1871.28,8997
1673290800,1871.31,1875.69,1871.31,1875.18,6719
1673294400,1875.19,1875.19,1869.17,1871.14,7398
1673298000,1871.04,1871.75,1870.02,1871.63,2762
1673305200,1871.44,1871.44,1870.2,1870.47,2135
1673308800,1870.46,1870.89,1867.71,1870.66,5724
1673312400,1870.67,1875.82,1869.95,1874.37,8969
1673316000,1874.4,1875.59,1870.99,1872.72,8209
1673319600,1872.81,1873.82,1871.4,1871.78,5178
1673323200,1871.86,1872.4,1870.58,1871.3,2938
1673326800,1871.24,1875.17,1870.8,1874.05,4350
1673330400,1874.06,1874.83,1872.08,1873.29,5306
1673334000,1873.3,1873.94,1870.54,1871.97,9620
1673337600,1871.91,1876.25,1871.52,1875.07,10890
1673341200,1875.07,1877.23,1874.41,1876.82,10682
1673344800,1876.81,1877.1,1873.4,1875.06,8471
1673348400,1875.1,1876.98,1873.79,1875.16,9406
1673352000,1875.12,1875.61,1870.39,1871.76,11465
1673355600,1871.78,1874.47,1870.87,1873.3,13230
1673359200,1873.35,1880.07,1873,1878.23,25485
1673362800,1878.12,1880.71,1874.6,1875.65,22596
1673366400,1875.71,1877.4,1871.13,1871.53,15093
1673370000,1871.52,1875.87,1871.37,1874.23,10360
1673373600,1874.19,1875.68,1871.94,1875.58,8282
1673377200,1875.58,1877.31,1875.25,1876.64,6569
1673380800,1876.64,1878.7,1875.87,1878.09,6378
1673384400,1878.06,1878.11,1876.6,1876.89,2507
1673391600,1876.7,1877.32,1876.3,1877.14,1768
1673395200,1877.14,1878.04,1875.69,1877.97,4449
1673398800,1877.98,1878.43,1871.92,1872.98,7520
1673402400,1872.96,1876.51,1872.24,1874.91,6031
1673406000,1874.91,1877.9,1874.5,1877.6,4033
1673409600,1877.63,1878.2,1876.8,1877.82,2972
1673413200,1877.82,1884.52,1877.34,1882.34,7387
1673416800,1882.29,1883.87,1880.54,1880.69,5598
1673420400,1880.69,1883.67,1880.35,1881.6,9425
1673424000,1881.56,1886.13,1880.89,1883.9,12819
1673427600,1883.94,1886.59,1883.23,1884.59,12649
1673431200,1884.55,1885.8,1882.44,1884.74,8307
1673434800,1884.78,1886.1,1882.85,1882.98,8122
1673438400,1883.02,1883.31,1875.74,1877.2,12276
1673442000,1877.2,1880.39,1875.98,1877.58,15940
1673445600,1877.67,1879.08,1870.55,1871.72,21443
1673449200,1871.72,1873.72,1869.55,1872,20339
1673452800,1872.03,1874.45,1867.07,1873.08,15197
1673456400,1873.1,1876.33,1872.82,1873.78,9683
1673460000,1873.73,1877.83,1873.1,1877.72,10245
1673463600,1877.77,1878.48,1876.9,1877.75,5724
1673467200,1877.74,1878.02,1875.68,1876.53,4790
1673470800,1876.56,1877.2,1875.6,1875.68,2601
1673478000,1875.06,1877.67,1874.36,1876.86,3287
1673481600,1876.86,1878.33,1875.76,1877.62,5526
1673485200,1877.66,1881.06,1877.28,1880.51,8073
1673488800,1880.48,1884.91,1880.2,1883.61,6882
1673492400,1883.69,1884.51,1881.99,1883.5,4452
1673496000,1883.48,1884.87,1882.94,1884.37,3180
1673499600,1884.36,1884.98,1883.26,1883.6,4711
1673503200,1883.59,1884.39,1881.97,1883.13,4664
1673506800,1883,1884.1,1879.85,1882.4,8658
1673510400,1882.45,1883.33,1881.38,1882.09,9325
1673514000,1882.08,1885.42,1881.14,1884.34,9314
1673517600,1884.34,1884.49,1882.49,1884.3,7727
1673521200,1884.32,1886.33,1884.05,1885.13,7103
1673524800,1885.1,1890.11,1884.77,1887.43,9892
1673528400,1887.46,1901.58,1872.15,1899.56,32870
1673532000,1899.56,1901.3,1879.78,1882.45,34845
1673535600,1882.54,1890.61,1880.35,1888.82,29764
1673539200,1888.89,1893.83,1888.33,1892.49,18539
1673542800,1892.48,1898.63,1891.73,1897.65,12703
1673546400,1897.66,1899.09,1894.04,1898.9,13715
1673550000,1898.87,1899.52,1895.69,1897.73,8329
1673553600,1897.72,1898.74,1894.3,1898.39,7876
1673557200,1898.39,1899.48,1896.62,1896.72,2697
1673564400,1895.67,1898.5,1895.35,1898.01,3059
1673568000,1898.01,1900.92,1897.05,1898.06,7677
1673571600,1898.04,1899.39,1896.01,1898.71,10281
1673575200,1898.73,1899.77,1895.93,1898.16,8236
1673578800,1898.18,1898.47,1897.18,1897.81,4775
1673582400,1897.77,1898.4,1895.78,1895.88,4028
1673586000,1895.86,1896.4,1892.25,1893.61,5750
1673589600,1893.66,1897.19,1893.44,1896.01,7936
1673593200,1896.11,1899.87,1894.83,1899.52,12010
1673596800,1899.53,1909.68,1897.94,1906.44,16993
1673600400,1906.43,1908.91,1903.14,1904.35,11711
1673604000,1904.32,1906.35,1903.93,1906.02,8472
1673607600,1906.01,1906.95,1898.83,1899.73,11310
1673611200,1899.66,1901.4,1893.8,1896.52,12586
1673614800,1896.53,1900.19,1893.63,1900.03,19036
1673618400,1900.05,1912.3,1899.11,1911.58,23309
1673622000,1911.27,1916.55,1906.74,1913.67,23701
1673625600,1913.67,1914.47,1909.42,1912.22,14897
1673629200,1912.26,1917.78,1910.95,1916.82,10795
1673632800,1916.86,1921.88,1916.71,1919.65,11025
1673636400,1919.7,1921.61,1919.13,1920,7710
1673640000,1920.12,1921.43,1919.03,1920.67,5723
1673643600,1920.59,1920.99,1918.44,1920.56,2593
1673823600,1919.38,1920.38,1916.82,1916.9,4247
1673827200,1916.92,1919.86,1916.75,1919.01,6289
1673830800,1918.87,1924.51,1918.26,1924.13,12589
1673834400,1924.13,1928.7,1922.71,1928.37,9800
1673838000,1928.32,1928.92,1924.59,1926.36,5343
1673841600,1926.3,1927.01,1921.98,1922.29,3907
1673845200,1922.31,1922.35,1916.87,1919.45,6384
1673848800,1919.47,1920.78,1913.37,1915.74,8219
1673852400,1915.76,1917.57,1913.56,1917.14,8929
1673856000,1917.11,1917.11,1910.82,1911.68,11995
1673859600,1911.73,1917.93,1911.55,1917.54,8760
1673863200,1917.56,1917.78,1914.79,1915.58,6322
1673866800,1915.57,1919.27,1915.57,1916.52,6672
1673870400,1916.48,1917.18,1914.61,1914.79,6953
1673874000,1914.8,1915.14,1911.36,1913.36,12015
1673877600,1913.36,1915.95,1912.5,1915.33,8468
1673881200,1915.29,1917.1,1914.72,1915.98,6724
1673884800,1916.01,1916.11,1913.57,1913.6,5504
1673888400,1913.57,1914.01,1912.79,1913.84,3620
1673892000,1913.84,1914.57,1913.78,1914.41,1122
1673895600,1914.42,1915.65,1914.16,1915.35,674
1673910000,1914.85,1918.3,1914,1917.83,2368
1673913600,1917.85,1918.98,1916.81,1918.2,4803
1673917200,1918.21,1918.86,1912.79,1912.99,10170
1673920800,1913,1916.21,1909.37,1910.69,9319
1673924400,1910.63,1911.33,1909.43,1910.19,5614
1673928000,1910.15,1911.83,1908.05,1911.3,4480
1673931600,1911.31,1913.18,1909.01,1910.98,5691
1673935200,1910.98,1911.87,1906.93,1907.14,6712
1673938800,1907.17,1910.53,1907.16,1909.94,9744
1673942400,1909.97,1911.87,1908.78,1909.56,10903
1673946000,1909.53,1910.52,1905.84,1906.58,9694
1673949600,1906.55,1907.94,1904.19,1906.19,9608
1673953200,1906.18,1912.8,1906.01,1912.62,8196
1673956800,1912.6,1913.85,1908.04,1909.37,11319
1673960400,1909.27,1914.36,1907.03,1913,17618
1673964000,1913,1916.62,1911.45,1913.47,20919
1673967600,1913.58,1915.7,1908.94,1911,23787
1673971200,1911.03,1913.29,1909.58,1912.08,13997
1673974800,1912.09,1912.45,1905.12,1907.11,10279
1673978400,1907.13,1907.95,1904.57,1905.52,8178
1673982000,1905.58,1909.3,1903.71,1907.95,7367
1673985600,1907.9,1910.8,1907.48,1909.15,7543
1673989200,1909.12,1909.12,1907.81,1908.49,2186
1673996400,1908.48,1908.91,1907.6,1908.67,2135
1674000000,1908.69,1909.15,1906.73,1907.31,4731
1674003600,1907.26,1909.05,1906.32,1908.75,7348
1674007200,1908.75,1910.34,1900.38,1904,14370
1674010800,1904.05,1905.37,1899.15,1900.1,13797
1674014400,1900.07,1900.37,1897.25,1899.55,7773
1674018000,1899.47,1899.53,1896.51,1897.84,8272
1674021600,1897.85,1904.24,1897.74,1902.9,10175
1674025200,1902.9,1908.97,1902.8,1907.69,16110
1674028800,1907.68,1915.12,1907.68,1912.14,15015
1674032400,1912.15,1915.93,1910.23,1914.8,10271
1674036000,1914.82,1914.95,1911.22,1914.32,8466
1674039600,1914.33,1916.75,1914.03,1915.64,7874
1674043200,1915.68,1918.02,1914.86,1917.28,9529
1674046800,1917.27,1924.29,1916.17,1921.32,23847
1674050400,1921.28,1925.89,1918.69,1921.31,28318
1674054000,1921.27,1922.08,1911.35,1912.32,23965
1674057600,1912.31,1912.77,1905.86,1908.43,18904
1674061200,1908.47,1908.9,1901.54,1905.24,15878
1674064800,1905.5,1906.5,1903.8,1904.92,9825
1674068400,1904.96,1905.27,1903.05,1905.1,5942
1674072000,1905.13,1905.13,1902.3,1903.44,6091
1674075600,1903.42,1905.11,1903.03,1904.24,2672
1674082800,1904.36,1907.23,1902.96,1906.74,3817
1674086400,1906.88,1909.53,1904.94,1905.15,8170
1674090000,1905.11,1907.21,1901.33,1901.9,11237
1674093600,1901.92,1907.63,1900.9,1907.12,7531
1674097200,1907.02,1910.78,1906.71,1909,7430
1674100800,1908.97,1910.91,1908.68,1909.79,5228
1674104400,1909.82,1910.28,1908.12,1910.05,6888
1674108000,1910.05,1911.18,1907.88,1908.57,6620
1674111600,1908.61,1912.91,1906.35,1911.37,11584
1674115200,1911.32,1916.73,1910.42,1912.59,12870
1674118800,1912.58,1912.73,1909.54,1910.4,9304
1674122400,1910.43,1910.65,1906.78,1909.58,8937
1674126000,1909.72,1910.27,1906.59,1908.1,9215
1674129600,1908.1,1911.39,1907.43,1908.1,10575
1674133200,1908.1,1913.43,1906.78,1913.16,20855
1674136800,1913.19,1918.18,1912.8,1917.5,23519
1674140400,1917.57,1923.29,1915.75,1918.06,22792
1674144000,1918.16,1922.18,1917.66,1920.7,14317
1674147600,1920.73,1923.21,1918.38,1920.07,11734
1674151200,1920.1,1925.58,1919.79,1924.98,12620
1674154800,1924.98,1931.27,1923.7,1929.66,11628
1674158400,1929.65,1935.17,1929.3,1933.49,10493
1674162000,1933.45,1933.57,1931.26,1932.07,3645
1674169200,1932.05,1933.82,1931.13,1931.67,3027
1674172800,1931.69,1932,1930.22,1930.43,5200
1674176400,1930.42,1934.85,1929.37,1931.69,9371
1674180000,1931.53,1932.47,1929.33,1929.61,6971
1674183600,1929.57,1930.35,1927.42,1927.48,4946
1674187200,1927.51,1927.74,1923.73,1923.77,5378
1674190800,1923.74,1927.97,1923.13,1927.87,6503
1674194400,1927.85,1929.2,1926.17,1926.52,5838
1674198000,1926.55,1933.05,1926.29,1933,9870
1674201600,1932.96,1937.47,1928.24,1928.5,13388
1674205200,1928.52,1932.45,1926.51,1929.35,11735
1674208800,1929.38,1930.87,1927.55,1930,10456
1674212400,1930.03,1931.32,1926.82,1927.03,8685
1674216000,1927.01,1929.18,1926.75,1928.65,10596
1674219600,1928.66,1929.49,1923.9,1924.14,14977
1674223200,1924.16,1926.36,1920.67,1925,20815
1674226800,1924.93,1930.95,1923.73,1926.31,18659
1674230400,1926.39,1928.97,1924.27,1924.84,12597
1674234000,1924.85,1926.51,1922.78,1925.2,8344
1674237600,1925.22,1929.64,1924.74,1929.42,9434
1674241200,1929.39,1931.01,1928.29,1929.7,5562
1674244800,1929.62,1929.97,1927.05,1927.16,5874
1674248400,1927.16,1927.5,1926.15,1926.79,2258
1674428400,1925.89,1927.71,1923.79,1927.21,3629
1674432000,1927.37,1932.48,1927.37,1932.23,5677
1674435600,1932.18,1933.73,1930.39,1932.47,5614
1674439200,1932.45,1935.47,1931.7,1931.84,4339
1674442800,1931.95,1933.17,1930.55,1930.56,3895
1674446400,1930.58,1931.19,1928.61,1929.5,4447
1674450000,1929.47,1929.81,1925.99,1926.16,4946
1674453600,1926.12,1926.42,1921,1922.59,7352
1674457200,1922.49,1923.18,1919.64,1920.21,9814
1674460800,1920.21,1927.43,1918.87,1923.89,12733
1674464400,1923.98,1925.99,1922.03,1925.93,7429
1674468000,1925.91,1929.33,1925.8,1926.34,8767
1674471600,1926.34,1926.58,1924.08,1925.56,7844
1674475200,1925.58,1927.81,1923.11,1926.63,8316
1674478800,1926.6,1927.68,1918.82,1921.87,16352
1674482400,1921.85,1924,1913.28,1916.61,24572
1674486000,1916.7,1924.32,1911.33,1922.95,21493
1674489600,1922.98,1926.3,1921.15,1922.26,16202
1674493200,1922.24,1924.17,1919.11,1923.85,9911
1674496800,1924.14,1929.69,1923.76,1927.81,9764
1674500400,1927.83,1929.11,1924.78,1926.4,6996
1674504000,1926.42,1931.77,1926,1931.11,8058
1674507600,1931.09,1931.58,1930.45,1930.8,2490
1674514800,1931.05,1932.64,1930.68,1931.25,2583
1674518400,1931.22,1932.57,1930.77,1930.82,4082
1674522000,1930.84,1935.76,1930.82,1935.74,4577
1674525600,1935.76,1937.04,1934.04,1934.65,4314
1674529200,1934.63,1935.85,1933.4,1933.46,3130
1674532800,1933.44,1933.62,1931.82,1932.74,3646
1674536400,1932.74,1935.42,1932.5,1934.05,3391
1674540000,1934.04,1939.94,1933.87,1939.63,5614
1674543600,1939.44,1941.39,1937.67,1940.4,9100
1674547200,1940.45,1942.46,1937.64,1938.13,11842
1674550800,1938.16,1938.88,1934.54,1936.08,11049
1674554400,1936.02,1938.51,1934.25,1938.5,7567
1674558000,1938.46,1938.49,1934.97,1937.23,7576
1674561600,1937.28,1939.4,1936.19,1936.68,7880
1674565200,1936.72,1937.43,1930.36,1932.48,15534
1674568800,1932.46,1932.51,1921.28,1921.33,23593
1674572400,1921.35,1936.63,1917.14,1935.01,30110
1674576000,1935.05,1936.12,1930.14,1932.47,17450
1674579600,1932.48,1934.86,1932.06,1933.87,9435
1674583200,1933.85,1935.66,1933.06,1934.95,7977
1674586800,1934.94,1938.23,1934.11,1938.11,6906
1674590400,1938.15,1938.27,1936.86,1937.88,5643
1674594000,1937.7,1937.75,1936.83,1937.24,3167
1674601200,1937.14,1937.71,1936.25,1936.96,2164
1674604800,1936.98,1938.43,1934.92,1936.81,4238
1674608400,1936.79,1938.82,1936.49,1937.35,4184
1674612000,1937.5,1939.57,1934.95,1935.15,3372
1674615600,1935.12,1935.18,1928.87,1931.69,5177
1674619200,1931.72,1933.11,1927.65,1928.5,4354
1674622800,1928.46,1928.73,1925.77,1927.49,4864
1674626400,1927.56,1933.58,1926.22,1933.39,4952
1674630000,1933.36,1933.67,1927.36,1928.66,8631
1674633600,1928.72,1932.33,1927.91,1929.13,9411
1674637200,1929.11,1931.38,1927.73,1927.91,8296
1674640800,1927.89,1928.51,1922.76,1925.53,9558
1674644400,1925.56,1927.02,1922.99,1925.93,8483
1674648000,1925.93,1927.34,1922.69,1926.41,9575
1674651600,1926.38,1927.54,1919.84,1922.29,13425
1674655200,1922.27,1932.88,1921.74,1930.75,20258
1674658800,1930.75,1938.71,1928.91,1932.96,26720
1674662400,1932.99,1937.77,1928.76,1936.74,16511
1674666000,1936.88,1940.48,1936.18,1937.29,9831
1674669600,1937.53,1942.17,1937.41,1939.98,9839
1674673200,1940,1943.24,1939.64,1942.36,7051
1674676800,1942.35,1948,1942.27,1946.67,8977
1674680400,1946.68,1946.78,1945.18,1946.12,3556
1674687600,1946.5,1948.74,1945.77,1948.31,3200
1674691200,1948.32,1949.1,1945.08,1945.21,4133
1674694800,1945.2,1945.57,1942.48,1945.5,5852
1674698400,1945.51,1946.63,1943.62,1945.19,4196
1674702000,1945.06,1948.04,1944.95,1947.64,3652
1674705600,1947.67,1948.77,1946.05,1946.6,3755
1674709200,1946.57,1948.16,1945.16,1947.52,3738
1674712800,1947.42,1948.95,1944.76,1945.73,5387
1674716400,1945.67,1945.73,1937.95,1942.89,11105
1674720000,1942.73,1945.08,1939.88,1941.94,10840
1674723600,1941.93,1943.32,1933.81,1936.75,11772
1674727200,1936.77,1937.61,1935.56,1936.73,6812
1674730800,1936.73,1937.71,1933.07,1937.07,7087
1674734400,1937.12,1937.53,1934.52,1936.79,8246
1674738000,1936.66,1939.56,1931.11,1937.6,21068
1674741600,1937.65,1942.34,1929.48,1932.67,25491
1674745200,1932.8,1934.96,1923.18,1924.82,25257
1674748800,1924.82,1928.41,1918.55,1925.95,19642
1674752400,1926.02,1930.2,1925.3,1926.64,10609
1674756000,1926.59,1933.11,1926.44,1929.72,10347
1674759600,1929.75,1931.4,1928.53,1931.15,6166
1674763200,1931.17,1931.23,1929.09,1929.59,5503
1674766800,1929.59,1929.86,1928.64,1929.04,2403
1674774000,1927.73,1931.04,1927.31,1930.69,2703
1674777600,1930.72,1934.78,1930.53,1933.71,4934
1674781200,1933.68,1933.83,1929.61,1930.11,6070
1674784800,1930.11,1931.13,1925.68,1925.76,4795
1674788400,1925.76,1927.76,1923.88,1924.71,4929
1674792000,1924.69,1924.7,1919.73,1921.54,5229
1674795600,1921.53,1925.61,1921.3,1925.06,4259
1674799200,1925.13,1925.71,1922.08,1923.18,4646
1674802800,1923.13,1925.64,1922.11,1923.1,7030
1674806400,1923.28,1925.93,1922.94,1925.83,9343
1674810000,1925.86,1928.17,1924.51,1925.56,8402
1674813600,1925.57,1929.15,1925.13,1928.44,6591
1674817200,1928.47,1931.47,1928.21,1930.16,7466
1674820800,1930.14,1932.35,1927.75,1930.65,7937
1674824400,1930.6,1934.96,1928.45,1928.83,15924
1674828000,1928.82,1931.19,1921.71,1923.58,20437
1674831600,1923.9,1929.06,1916.71,1924.06,22388
1674835200,1924.05,1932.13,1923.79,1929.58,15483
1674838800,1929.59,1930.76,1925.53,1928.53,10038
1674842400,1928.53,1930.98,1928.13,1930.23,8180
1674846000,1930.23,1932,1929.82,1929.9,5358
1674849600,1929.9,1930.54,1926.1,1926.51,5280
1674853200,1926.73,1928.9,1926.65,1928.5,2178
1675033200,1927.87,1928.85,1925.31,1928.83,3737
1675036800,1928.9,1929.97,1927.74,1928.57,4602
1675040400,1928.49,1930.91,1924.74,1927.69,10310
1675044000,1927.66,1927.66,1924.83,1926.39,6833
1675047600,1926.39,1926.45,1924.33,1926.21,4570
1675051200,1926.2,1934.41,1925.94,1933.37,8633
1675054800,1933.34,1933.67,1930.41,1931.29,6706
1675058400,1931.28,1932.11,1929.32,1930.96,5866
1675062000,1930.94,1931.77,1923.12,1924.48,9502
1675065600,1924.34,1924.36,1920.64,1923.23,13588
1675069200,1923.27,1925.51,1922.08,1924.64,8155
1675072800,1924.65,1930.73,1924.51,1930.59,8342
1675076400,1930.6,1930.71,1922.01,1923.18,10025
1675080000,1923.26,1926.78,1922.45,1926.02,7370
1675083600,1926.07,1930.37,1924.7,1929.03,13004
1675087200,1929.08,1929.51,1924.45,1925.18,15258
1675090800,1925.17,1929.2,1923.46,1925.63,16696
1675094400,1925.66,1925.83,1922.59,1924.26,12592
1675098000,1924.25,1925.02,1921.93,1924.29,8291
1675101600,1924.18,1924.42,1922.32,1922.76,7745
1675105200,1922.78,1924.65,1920.77,1923.34,6458
1675108800,1923.33,1923.58,1921.22,1922.07,5163
1675112400,1922.09,1923.62,1921.93,1923.07,2495
1675119600,1921.25,1922.94,1921.24,1922.03,2052
1675123200,1922.14,1923.19,1921.04,1922.77,4837
1675126800,1922.81,1927.4,1922.6,1925.15,7476
1675130400,1925.2,1926.35,1924.2,1925.51,4932
1675134000,1925.35,1925.84,1920.81,1921.05,5164
1675137600,1921.05,1921.83,1918.83,1920.09,4255
1675141200,1920.09,1921.29,1916.89,1917.32,6010
1675144800,1917.31,1917.31,1911.72,1915.47,6371
1675148400,1915.47,1915.96,1912.41,1914.41,8627
1675152000,1914.39,1914.87,1905.05,1906.93,14556
1675155600,1906.9,1907.56,1902.63,1903.77,10216
1675159200,1903.78,1906.04,1902.19,1904.76,7421
1675162800,1904.72,1905.38,1901.12,1904.23,7084
1675166400,1904.27,1912.72,1900.7,1907.12,11692
1675170000,1907.19,1920.27,1906.32,1919.62,22808
1675173600,1919.69,1926.43,1918.46,1924.7,23214
1675177200,1924.66,1929.21,1920.52,1928.57,25087
1675180800,1928.64,1929.55,1926.28,1927.37,15237
1675184400,1927.41,1930.48,1926.73,1929.56,9842
1675188000,1929.59,1931.11,1928.68,1929.35,7787
1675191600,1929.33,1930.98,1928.39,1928.61,5383
1675195200,1928.79,1929.11,1927.22,1928.49,6614
1675198800,1928.45,1928.75,1927.74,1928.06,3586
1675206000,1928.22,1928.22,1927.06,1927.27,1700
1675209600,1927.28,1928.16,1926.6,1927.51,3445
1675213200,1927.52,1928.75,1925.58,1927.09,6052
1675216800,1927.04,1927.25,1924.55,1925.29,4437
1675220400,1925.31,1927.48,1924.96,1926.81,3516
1675224000,1926.7,1928.45,1925.54,1925.72,3175
1675227600,1925.7,1927.35,1925.17,1926.06,4121
1675231200,1926,1928.25,1925.77,1926.86,5110
1675234800,1926.85,1929.24,1924.09,1924.9,8079
1675238400,1924.91,1927.16,1923.29,1925.7,9543
1675242000,1925.74,1926.09,1923.54,1925.08,7952
1675245600,1925.01,1927.23,1923.7,1926.47,7330
1675249200,1926.5,1930.2,1925.85,1928.78,6979
1675252800,1928.81,1931.58,1927.94,1929.73,7764
1675256400,1929.88,1933.18,1926.73,1929.3,15542
1675260000,1929.35,1932.9,1926.57,1927.73,17370
1675263600,1929.06,1932.27,1922.78,1931.86,24583
1675267200,1931.88,1932,1924.43,1925.15,13550
1675270800,1925.12,1925.89,1920.5,1925.62,12613
1675274400,1925.67,1928.4,1924.75,1926.51,9225
1675278000,1926.67,1943.97,1921.15,1942.93,33682
1675281600,1943.05,1953.47,1939.17,1953.46,25181
1675285200,1953.46,1954.5,1949.45,1950.06,4986
1675292400,1951.07,1956.09,1950.87,1952.98,4062
1675296000,1952.9,1955.98,1950.78,1952.4,7953
1675299600,1952.42,1957.16,1951.13,1952.75,11338
1675303200,1952.73,1954.37,1951.83,1952.19,6110
1675306800,1952.17,1953.36,1951.45,1952.26,3972
1675310400,1952.26,1954.24,1951.72,1953.31,3173
1675314000,1953.35,1954.43,1952.4,1952.55,4469
1675317600,1952.6,1953.89,1951.21,1952.08,5668
1675321200,1952.11,1959.67,1952.08,1955.46,9743
1675324800,1955.49,1959.62,1954.71,1957.19,11762
1675328400,1957.19,1957.45,1953.68,1956.41,9864
1675332000,1956.44,1957.23,1951.55,1952.64,8827
1675335600,1952.65,1956.57,1952.14,1954.76,8131
1675339200,1954.7,1956.04,1952.76,1953.49,13882
1675342800,1953.59,1954.74,1943.31,1944.28,24431
1675346400,1944.3,1947.18,1921.12,1921.35,32375
1675350000,1921.31,1927.53,1917.29,1926.08,31907
1675353600,1926.07,1926.29,1914.93,1918.52,22865
1675357200,1918.54,1919.89,1911.87,1912.16,15677
1675360800,1912.22,1918.58,1911.76,1917.68,12826
1675364400,1917.71,1917.97,1912.03,1913.24,11834
1675368000,1913.22,1914.18,1911.28,1912.79,13244
1675371600,1912.7,1913.53,1911.43,1912.57,6642
1675378800,1911.65,1915.44,1911.47,1915.1,3502
1675382400,1915.15,1916.78,1913.97,1916.31,6503
1675386000,1916.23,1918.13,1915.49,1917.72,8530
1675389600,1917.73,1918.55,1915.85,1916.34,5980
1675393200,1916.34,1917.15,1915.46,1916.26,4251
1675396800,1916.3,1916.76,1913.81,1916.04,4152
1675400400,1916.03,1916.46,1914.29,1914.91,5438
1675404000,1914.92,1916.65,1913.95,1915.87,6357
1675407600,1915.88,1918.16,1910.06,1913.64,10243
1675411200,1913.71,1914.95,1910.85,1912.12,10698
1675414800,1912.12,1916.16,1910.37,1913.32,9218
1675418400,1913.36,1913.49,1909.53,1911.9,7891
1675422000,1911.91,1914.51,1909.28,1914.44,7568
1675425600,1914.42,1917.06,1914.17,1915.21,8423
1675429200,1915.19,1916.65,1882.69,1886.73,29060
1675432800,1886.72,1886.72,1875.22,1882.56,34996
1675436400,1882.51,1882.51,1869.1,1873.04,34309
1675440000,1873.13,1875.05,1865.64,1868.35,23335
1675443600,1868.35,1868.35,1862.7,1863.46,14617
1675447200,1863.39,1866.32,1861.34,1865.22,15528
1675450800,1865.28,1866.52,1863.34,1865.67,10508
1675454400,1865.7,1866.94,1864.58,1864.75,8964
1675458000,1864.78,1866.35,1864.24,1865.71,3081
1675638000,1861.18,1869.87,1859.92,1865.44,7919
1675641600,1865.37,1869.96,1863.67,1869.8,7839
1675645200,1869.8,1873.48,1864.72,1872.74,12506
1675648800,1872.74,1876.01,1871.59,1873.42,9580
1675652400,1873.39,1876.7,1872.26,1876.56,6106
1675656000,1876.54,1878.62,1876.19,1878.4,5517
1675659600,1878.39,1878.61,1875.15,1878.07,5939
1675663200,1878.07,1878.78,1875.8,1876.46,5476
1675666800,1876.52,1877.57,1874.32,1875.94,9014
1675670400,1876.04,1881.31,1875.52,1878.14,12893
1675674000,1878.07,1878.63,1870.11,1873.21,12223
1675677600,1873.21,1874.08,1871.48,1872.29,10757
1675681200,1872.18,1872.68,1868.18,1871.57,8694
1675684800,1871.43,1874.01,1871.43,1872.28,7724
1675688400,1872.25,1873.36,1868.34,1871.61,17099
1675692000,1871.62,1875.76,1870.1,1873.88,21951
1675695600,1873.86,1873.94,1862.99,1865.94,23646
1675699200,1866.04,1869.99,1865.06,1866.46,17671
1675702800,1866.51,1867.09,1863.53,1865.99,14021
1675706400,1865.97,1868.51,1864.26,1868.15,10949
1675710000,1868.19,1871.26,1865.33,1865.71,9075
1675713600,1865.64,1869.81,1865.2,1868.34,8734
1675717200,1868.48,1869.51,1866.94,1867.56,2674
1675724400,1866.84,1868.53,1866.81,1868.48,1492
1675728000,1868.48,1870.9,1868.22,1869.81,3946
1675731600,1869.82,1873.46,1869.81,1873.44,7773
1675735200,1873.46,1875.11,1871.68,1874.41,6092
1675738800,1874.46,1875.53,1872.59,1872.72,6282
1675742400,1872.69,1874.59,1871.62,1873.13,3589
1675746000,1873.09,1874.88,1872.79,1874.88,4752
1675749600,1874.93,1876.82,1873.28,1874.42,5827
1675753200,1874.41,1876.42,1872.68,1876.18,8775
1675756800,1876.21,1877.69,1871.8,1872.3,14553
1675760400,1872.31,1877.95,1871.07,1873.31,10096
1675764000,1873.31,1875.41,1871.77,1871.98,7450
1675767600,1871.97,1872.18,1866.04,1867.41,10200
1675771200,1867.42,1872.8,1867.39,1870.44,9233
1675774800,1870.41,1870.95,1865.66,1869.86,14505
1675778400,1869.84,1872.07,1867.54,1870.89,16845
1675782000,1870.87,1879.87,1866.67,1879.44,18122
1675785600,1879.66,1880.09,1874.18,1874.56,16679
1675789200,1874.49,1884.32,1870.2,1880.58,22376
1675792800,1880.48,1882.72,1864.93,1869.26,34226
1675796400,1869.26,1874.6,1868.86,1871.75,16861
1675800000,1871.83,1872.42,1868.09,1870.22,7979
1675803600,1870.08,1878,1867.19,1873.66,3959
1675810800,1873.05,1873.84,1871.37,1872.87,1827
1675814400,1872.87,1876.65,1872.47,1876.55,5202
1675818000,1876.47,1878.38,1875.02,1876,7935
1675821600,1876.03,1876.93,1874.22,1876.93,5419
1675825200,1876.91,1877.62,1875.72,1876.34,3486
1675828800,1876.28,1878.28,1875.95,1876.98,3041
1675832400,1876.97,1877.23,1874.95,1876.86,3582
1675836000,1876.85,1878.47,1876.19,1876.22,5311
1675839600,1876.18,1886.33,1873.2,1886.33,10344
1675843200,1886.18,1886.19,1879.47,1883.89,13116
1675846800,1883.95,1886.07,1882.54,1885.94,9628
1675850400,1885.95,1885.96,1878.56,1880.75,8038
1675854000,1880.78,1882.69,1879.16,1880.18,7165
1675857600,1880.16,1883.57,1878.32,1879.72,7719
1675861200,1879.75,1879.79,1872.59,1877.72,12987
1675864800,1877.69,1883.07,1869.02,1873.46,19070
1675868400,1873.45,1874.62,1869.86,1873.92,18531
1675872000,1873.87,1878.86,1872.28,1875.48,15273
1675875600,1875.47,1877.34,1873.75,1875.72,10702
1675879200,1875.75,1879.87,1875.56,1877.95,12748
1675882800,1877.99,1878.48,1875.8,1876.17,7192
1675886400,1876.18,1876.28,1873.8,1875.18,6022
1675890000,1875.28,1876.06,1875.02,1875.42,1728
1675897200,1875.49,1876.08,1873.79,1874.96,2148
1675900800,1874.96,1875.47,1873.69,1874.38,3618
1675904400,1874.34,1876.94,1871.99,1876.94,6677
1675908000,1876.88,1880.23,1876.67,1879.13,4946
1675911600,1879.12,1880.06,1878.38,1878.64,3739
1675915200,1878.63,1879.54,1878.47,1879.44,2622
1675918800,1879.4,1881.37,1877.68,1879.03,5619
1675922400,1879.03,1881.48,1878.63,1880.78,5243
1675926000,1880.89,1882.03,1876.77,1880.55,9081
1675929600,1880.37,1885.39,1879.94,1883.73,11723
1675933200,1883.78,1885.42,1879.86,1883.1,8570
1675936800,1883.11,1886.13,1881,1885.67,8923
1675940400,1885.67,1885.78,1880.48,1882.17,7669
1675944000,1882.15,1884.65,1880.69,1882.09,7244
1675947600,1882.06,1889.76,1879.7,1889.53,16237
1675951200,1889.52,1890.22,1878.87,1879.36,20354
1675954800,1879.35,1881.79,1872.53,1874.17,20918
1675958400,1874.13,1875.69,1865.75,1874.12,18315
1675962000,1874.12,1875,1862.97,1868.43,12430
1675965600,1868.39,1869.57,1865.07,1866.32,12386
1675969200,1866.25,1869.59,1859.91,1861.89,12254
1675972800,1861.93,1862.4,1858.88,1860.72,9425
1675976400,1860.84,1862.3,1860.3,1861.54,2657
1675983600,1861.83,1863.03,1861.21,1862.4,2050
1675987200,1862.39,1862.81,1859.8,1862.81,4919
1675990800,1862.86,1865.36,1858.95,1862.1,8712
1675994400,1862.13,1863.42,1859.76,1859.9,5573
1675998000,1859.87,1860.95,1855.23,1855.23,6703
1676001600,1855.23,1855.81,1853.86,1853.93,4698
1676005200,1853.92,1860.16,1852.73,1860.05,6947
1676008800,1860.03,1861.6,1857.8,1859.29,6732
1676012400,1859.31,1866.98,1857.58,1866.1,16207
1676016000,1866.23,1872.15,1865.76,1867.68,18186
1676019600,1867.67,1870.04,1861.34,1864.12,16560
1676023200,1864.09,1864.98,1860.51,1862.92,10689
1676026800,1862.89,1864.86,1860.7,1864.69,9169
1676030400,1864.7,1865.33,1862.69,1863.98,8674
1676034000,1863.94,1868.56,1861.71,1866.94,18104
1676037600,1866.97,1868.5,1860.18,1861.6,19309
1676041200,1861.61,1866.75,1858.99,1859.85,22253
1676044800,1859.85,1861.64,1856.41,1858.16,14066
1676048400,1858.14,1863.88,1857.58,1861.71,11340
1676052000,1861.69,1864.43,1861.14,1862.05,8562
1676055600,1862.06,1864.71,1861.33,1863.65,5984
1676059200,1863.68,1865.02,1862.65,1864.24,5291
1676062800,1864.16,1865.58,1863.2,1865.29,2023
1676242800,1864.73,1865.33,1862.64,1862.73,3580
1676246400,1862.82,1863.57,1860.69,1863.1,4387
1676250000,1863.08,1863.84,1858.07,1861.42,9024
1676253600,1861.4,1862.38,1859.8,1861.49,6055
1676257200,1861.57,1862.09,1858.76,1858.76,4886
1676260800,1858.76,1859.57,1857.78,1857.8,3561
1676264400,1857.84,1860.38,1856.96,1859.62,4885
1676268000,1859.62,1866.58,1859.3,1862.8,7629
1676271600,1862.62,1865.81,1862.11,1863.92,8369
1676275200,1863.9,1864.15,1860,1862.43,10201
1676278800,1862.45,1862.45,1854.62,1857.07,9867
1676282400,1857.07,1859.3,1853.82,1858.63,7324
1676286000,1858.62,1862.74,1858.62,1862.12,7962
1676289600,1862.13,1863.07,1859.39,1860.74,7873
1676293200,1860.72,1862.34,1855.54,1856.89,12196
1676296800,1856.82,1859.33,1853.23,1856.79,16452
1676300400,1856.83,1858.41,1854.56,1855.25,15466
1676304000,1855.2,1855.91,1850.62,1851.26,12627
1676307600,1851.49,1853.7,1850.65,1851.54,8427
1676311200,1851.54,1855.72,1850.46,1855.17,7092
1676314800,1855.18,1855.64,1851.27,1852.79,5681
1676318400,1852.77,1854.55,1851.28,1854.29,5791
1676322000,1854.34,1854.49,1852.89,1853.36,1863
1676329200,1853.43,1854.55,1853.19,1854.34,1510
1676332800,1854.36,1856.66,1853.96,1856.23,4151
1676336400,1856.19,1856.61,1854.41,1856.59,5976
1676340000,1856.56,1858.53,1855.57,1857.51,5298
1676343600,1857.55,1858.4,1856.22,1858.12,2946
1676347200,1858.13,1859.01,1857.05,1858.21,2349
1676350800,1858.19,1859.41,1857.78,1859.25,3328
1676354400,1859.24,1864.88,1858.66,1862.16,6750
1676358000,1862.26,1864.24,1857.91,1858.69,8727
1676361600,1858.73,1861.63,1857.79,1860.13,9022
1676365200,1860.19,1863.82,1859.45,1862.55,7348
1676368800,1862.53,1863.12,1859.12,1859.17,6268
1676372400,1859.17,1859.65,1853.67,1857.24,7504
1676376000,1857.24,1861.62,1856.38,1860.11,8290
1676379600,1860.12,1870.5,1848.96,1862.46,30275
1676383200,1862.61,1866.3,1843.22,1856.32,36411
1676386800,1856.3,1865.63,1849.89,1852.27,29304
1676390400,1852.34,1854.71,1843.87,1849.52,23670
1676394000,1849.52,1851.34,1846.38,1849.75,12366
1676397600,1849.75,1858.84,1849.56,1853.56,13204
1676401200,1853.62,1856.1,1851.34,1855.47,7682
1676404800,1855.44,1856.23,1853.81,1855.9,7043
1676408400,1855.74,1855.8,1853.76,1854.34,1882
1676415600,1854.03,1855.15,1853.49,1854.78,1877
1676419200,1854.83,1855.85,1853.56,1855.81,4082
1676422800,1855.79,1859.28,1854.74,1858.9,6842
1676426400,1858.93,1860.01,1851.94,1852.15,6412
1676430000,1852.11,1852.16,1847.45,1848.24,6112
1676433600,1848.24,1848.83,1846.47,1847.74,4242
1676437200,1847.71,1847.75,1845.2,1846.33,4735
1676440800,1846.34,1846.49,1841.98,1843.45,8337
1676444400,1843.38,1844.61,1835.06,1835.66,12586
1676448000,1835.51,1836.17,1831.77,1833.71,15181
1676451600,1833.61,1837.68,1832.74,1835.73,9252
1676455200,1835.65,1837.54,1833.61,1835.37,7523
1676458800,1835.43,1835.91,1833.3,1834.92,6741
1676462400,1834.85,1837.01,1834.05,1835.73,7682
1676466000,1835.7,1838.86,1831.7,1834.74,23110
1676469600,1834.71,1838.66,1832.49,1833.42,20632
1676473200,1833.6,1835.82,1830.39,1834.09,20456
1676476800,1834.14,1837.66,1831.24,1836.68,15014
1676480400,1836.72,1838.02,1832.23,1834.9,11102
1676484000,1834.91,1836.55,1833.68,1835.89,9110
1676487600,1836,1837.97,1835,1835.47,6526
1676491200,1835.49,1838.24,1834.79,1837.55,5704
1676494800,1837.57,1838.63,1835.76,1835.79,3125
1676502000,1836.08,1837.14,1835.54,1836.32,2575
1676505600,1836.3,1837.85,1835.24,1835.34,6146
1676509200,1835.32,1842.22,1834.44,1841.29,9515
1676512800,1841.28,1842.55,1840.73,1842.19,6978
1676516400,1842.18,1842.46,1839.4,1840.47,5096
1676520000,1840.44,1841.02,1839.27,1839.38,3277
1676523600,1839.38,1841.62,1835.28,1836.93,6215
1676527200,1836.96,1837.97,1834.19,1836.36,6100
1676530800,1836.35,1841.32,1835.63,1841.24,8459
1676534400,1841.1,1844.82,1836.63,1837.65,11934
1676538000,1837.61,1840.14,1834.72,1835.45,7797
1676541600,1835.44,1839.25,1835.44,1838.13,6297
1676545200,1838.12,1838.43,1835.24,1837.35,6044
1676548800,1837.33,1840.05,1835.79,1839.87,7930
1676552400,1839.88,1840.32,1827.61,1830.83,22699
1676556000,1830.84,1837.13,1827.77,1828.8,21571
1676559600,1828.72,1835.85,1827.58,1834.56,19828
1676563200,1834.57,1843.15,1832.4,1840.91,17510
1676566800,1840.9,1843.89,1838.11,1842.39,13588
1676570400,1842.39,1845.06,1841.13,1844.12,10826
1676574000,1844.21,1845.25,1842.13,1842.73,6034
1676577600,1842.83,1842.97,1835.87,1836.47,11866
1676581200,1836.52,1839.08,1835.99,1836.37,3553
1676588400,1836.68,1836.68,1833.26,1834.2,2583
1676592000,1834.18,1834.22,1830.64,1832.55,4855
1676595600,1832.49,1833.54,1828.82,1828.96,7526
1676599200,1828.96,1830.56,1825.97,1829.55,6797
1676602800,1829.39,1829.47,1827.56,1828.18,4818
1676606400,1828.16,1828.49,1823.69,1826.69,4784
1676610000,1826.7,1827.53,1825.98,1827.49,4619
1676613600,1827.44,1827.57,1823.22,1824.22,5942
1676617200,1824.17,1827.21,1821.77,1824.1,10093
1676620800,1824.08,1824.08,1818.88,1822.3,11764
1676624400,1822.3,1828.1,1819.34,1825.83,10426
1676628000,1825.81,1826,1822.47,1823.49,7780
1676631600,1823.52,1825.31,1821.84,1824.69,6964
1676635200,1824.69,1828.86,1824.48,1826.71,9083
1676638800,1826.68,1830.32,1825.69,1827.6,15291
1676642400,1827.55,1828.69,1822.71,1826.49,18111
1676646000,1826.48,1840.9,1826.48,1834.42,26423
1676649600,1834.63,1840.71,1834.26,1839.59,16554
1676653200,1839.56,1842.81,1839.37,1840.83,14425
1676656800,1840.86,1843.35,1840.16,1842.17,8863
1676660400,1842.19,1843.56,1841.85,1842.74,6523
1676664000,1842.77,1843.57,1840.99,1841.82,6982
1676667600,1841.74,1843,1841.41,1841.88,1876
1676847600,1840.58,1841.88,1838.36,1838.65,3520
1676851200,1838.71,1839.29,1837.23,1838.8,4777
1676854800,1838.84,1841.74,1837.99,1840.34,7445
1676858400,1840.23,1843.11,1839.41,1842.16,5974
1676862000,1842.32,1843.01,1841.41,1842.73,3828
1676865600,1842.75,1844.86,1842.39,1842.58,4360
1676869200,1842.68,1844.74,1841.1,1844.49,5126
1676872800,1844.43,1845.54,1843.11,1843.99,5817
1676876400,1843.93,1846.32,1842.69,1845.98,7212
1676880000,1845.84,1847.47,1841.04,1843.69,9428
1676883600,1843.63,1845.8,1843.27,1843.86,6519
1676887200,1843.86,1844.79,1842.8,1843.47,5688
1676890800,1843.54,1845.97,1843.21,1844.84,4910
1676894400,1844.94,1845.03,1842.77,1842.85,5214
1676898000,1842.87,1846.8,1842.52,1846.32,8740
1676901600,1846.32,1847.01,1844.52,1846.41,8128
1676905200,1846.4,1846.54,1842.3,1843.22,7472
1676908800,1843.18,1844.07,1842.59,1842.81,4326
1676912400,1842.8,1843.01,1840.74,1840.8,3409
1676916000,1840.8,1841.57,1840.45,1841.06,1502
1676919600,1841.1,1841.4,1840.89,1841.18,489
1676934000,1841.62,1842.79,1841.38,1841.69,1442
1676937600,1841.7,1843.72,1840.5,1841.55,4598
1676941200,1841.63,1843,1840,1842.3,6942
1676944800,1842.3,1843.33,1840.93,1841.36,5597
1676948400,1841.32,1841.94,1837.06,1838.41,5537
1676952000,1838.39,1839.27,1837.15,1839.13,3376
1676955600,1839.13,1839.71,1837.02,1839.68,4846
1676959200,1839.7,1839.7,1837.55,1838.61,4441
1676962800,1838.6,1838.78,1833.55,1834.75,8870
1676966400,1834.69,1835.8,1831.03,1834.73,13790
1676970000,1834.7,1836.75,1832.45,1835.5,12950
1676973600,1835.52,1836.29,1832.15,1833.2,8213
1676977200,1833.23,1835.28,1832.37,1833.82,7233
1676980800,1833.82,1834.25,1830.21,1833.17,8556
1676984400,1833.17,1837.09,1832.73,1836.76,14950
1676988000,1836.8,1843.81,1834.03,1835.01,23079
1676991600,1834.93,1842.25,1834.16,1838.76,25001
1676995200,1838.78,1839.51,1832.78,1832.98,15983
1676998800,1832.92,1837.27,1832.13,1836.83,10590
1677002400,1836.75,1837.44,1831.76,1833.37,8954
1677006000,1833.39,1834.37,1832.1,1834.1,6167
1677009600,1834.18,1836.55,1834.18,1834.72,6809
1677013200,1834.82,1835.62,1834.26,1834.9,2085
1677020400,1835.04,1836.11,1834.4,1835.49,1964
1677024000,1835.49,1837.1,1834.86,1836.96,5411
1677027600,1836.6,1838.39,1834.99,1836.2,9449
1677031200,1836.17,1837.46,1835.28,1835.99,6210
1677034800,1835.89,1837.13,1835.05,1836.12,4279
1677038400,1836.14,1836.85,1835.25,1836.5,3149
1677042000,1836.55,1837.2,1834.57,1836.91,4075
1677045600,1836.97,1837.03,1835.04,1835.36,3987
1677049200,1835.27,1839.92,1834.92,1839.86,6936
1677052800,1839.79,1841.12,1832.92,1834.74,11116
1677056400,1834.76,1836.2,1832.93,1833.97,9277
1677060000,1833.97,1834.64,1832.04,1833.39,8078
1677063600,1833.38,1839.66,1833.16,1838.86,9506
1677067200,1838.96,1846.01,1838.17,1841.58,12178
1677070800,1841.67,1841.87,1835.07,1838.61,14423
1677074400,1838.53,1839.07,1834.39,1835.9,18682
1677078000,1835.91,1838.33,1831.32,1836.04,20110
1677081600,1836.03,1837.1,1832.55,1833.07,13176
1677085200,1833.07,1834.5,1830.67,1833.18,10961
1677088800,1833.2,1834.21,1829.36,1830.69,9028
1677092400,1830.63,1833.75,1824.62,1824.93,22656
1677096000,1825,1827.43,1823.48,1824.74,11532
1677099600,1824.72,1826.49,1824.55,1825.14,3060
1677106800,1825.28,1826.19,1824.85,1825.11,2281
1677110400,1825.12,1825.65,1823.09,1824.48,3833
1677114000,1824.45,1828.72,1824.43,1827.68,7612
1677117600,1827.67,1829.8,1826.29,1829.61,6314
1677121200,1829.61,1830.38,1827,1827.91,4887
1677124800,1827.87,1829.88,1827.43,1829.86,2770
1677128400,1829.77,1829.8,1827.54,1828.9,4993
1677132000,1828.9,1833.67,1828.53,1832.09,7188
1677135600,1832,1833.65,1828.73,1829.75,7359
1677139200,1829.74,1829.75,1826.55,1826.68,8615
1677142800,1826.73,1827.42,1825.59,1826.22,7520
1677146400,1826.26,1827.29,1824.35,1826.42,7049
1677150000,1826.43,1827.95,1823.89,1826.46,6170
1677153600,1826.46,1828.49,1824.77,1826.83,7998
1677157200,1826.83,1827.44,1817.39,1825.49,22000
1677160800,1825.54,1830.09,1822.7,1828.09,24624
1677164400,1828.08,1828.33,1820.22,1823.57,21643
1677168000,1823.56,1823.56,1818.39,1819.94,19053
1677171600,1820.03,1822.3,1818.91,1821.23,10686
1677175200,1821.2,1823.71,1819.22,1822.7,10441
1677178800,1822.66,1824.15,1822.55,1822.9,7056
1677182400,1822.98,1824.08,1822.63,1823.41,5899
1677186000,1823.43,1823.52,1822.05,1822.24,2162
1677193200,1822.1,1823.47,1822.1,1823.11,2512
1677196800,1823.15,1826.54,1822.94,1826.4,7866
1677200400,1826.4,1827.04,1824.07,1825.99,11154
1677204000,1825.95,1827.77,1824.3,1824.82,7136
1677207600,1824.78,1827.47,1824.76,1825.69,4658
1677211200,1825.7,1826.42,1824.81,1825.54,3440
1677214800,1825.54,1825.7,1824.05,1824.59,3688
1677218400,1824.6,1825.8,1823.3,1823.98,4786
1677222000,1824.07,1826.29,1821.68,1822.06,8854
1677225600,1822.03,1825.57,1819.65,1822.88,10918
1677229200,1822.87,1825.46,1821.5,1821.54,7472
1677232800,1821.52,1824.21,1820.99,1822.26,6140
1677236400,1822.22,1823.05,1817.36,1819.16,9293
1677240000,1819.19,1819.2,1815.18,1817.06,10553
1677243600,1817.12,1818.35,1811.59,1815.61,24202
1677247200,1815.81,1815.91,1808.89,1812.78,26190
1677250800,1812.79,1815.23,1809.56,1810.68,23534
1677254400,1810.72,1814.15,1809.47,1812.26,14627
1677258000,1812.34,1812.65,1809.35,1809.91,10736
1677261600,1809.89,1811.2,1808.89,1809.89,9553
1677265200,1810.03,1811.4,1809.66,1810.98,6606
1677268800,1810.8,1813.43,1810.52,1810.84,7095
1677272400,1810.84,1811.77,1810.57,1811.14,2435
1677452400,1810.76,1813.03,1810.76,1811.74,3395
1677456000,1811.73,1813.85,1810.3,1813.5,6440
1677459600,1813.52,1814.15,1812.1,1813.82,8385
1677463200,1813.72,1813.98,1811.4,1811.71,5810
1677466800,1811.72,1812.13,1806.59,1807.95,7772
1677470400,1807.89,1809.95,1807.02,1809.25,4316
1677474000,1809.19,1809.61,1807.36,1808.62,5688
1677477600,1808.63,1811.64,1807.71,1808.03,6748
1677481200,1807.99,1812.3,1807.08,1810.66,7903
1677484800,1810.65,1813.65,1810.1,1810.1,12131
1677488400,1810.08,1811.07,1808.37,1808.45,7704
1677492000,1808.49,1811.39,1808.27,1810.56,7417
1677495600,1810.53,1812.52,1810.22,1811.46,6978
1677499200,1811.48,1813.33,1810.07,1811.4,7568
1677502800,1811.35,1816.32,1810.19,1815.21,16725
1677506400,1815.18,1818.8,1814.35,1817.88,18837
1677510000,1817.81,1820.13,1813.82,1815.34,19550
1677513600,1815.37,1817.12,1812.57,1816.95,12513
1677517200,1817.04,1818.97,1816.4,1818.63,8750
1677520800,1818.63,1820.1,1816.65,1818.82,7897
1677524400,1818.91,1820.02,1816.98,1817.38,7379
1677528000,1817.37,1818.06,1815.97,1817.22,7013
1677531600,1817.15,1817.43,1816.42,1817.17,2004
1677538800,1816.83,1817.69,1816.8,1817.17,1505
1677542400,1817.15,1818.12,1816.04,1816.49,3948
1677546000,1816.69,1818.09,1815.34,1817.26,5266
1677549600,1817.25,1819.41,1816.44,1817.85,5224
1677553200,1817.87,1817.9,1814.65,1814.91,3897
1677556800,1814.89,1815.49,1813.81,1814.38,3367
1677560400,1814.38,1814.51,1812.16,1813.31,5597
1677564000,1813.3,1816.92,1812.57,1815.7,5585
1677567600,1815.69,1815.81,1810.15,1810.42,8397
1677571200,1810.55,1812.67,1804.7,1810.66,13712
1677574800,1810.67,1812.98,1809.51,1810.35,9423
1677578400,1810.38,1811.75,1808.05,1808.99,7314
1677582000,1809.02,1810.79,1807.79,1808.99,6292
1677585600,1808.96,1809.8,1807.8,1809.29,7761
1677589200,1809.29,1814.18,1807.25,1814,13348
1677592800,1814.04,1818.93,1812.98,1818.76,19399
1677596400,1818.67,1826.73,1818.67,1824.07,25294
1677600000,1824.13,1828.38,1824.01,1826.63,14192
1677603600,1826.69,1831.15,1826.36,1829.27,13622
1677607200,1829.27,1830.78,1828,1828.13,10045
1677610800,1828.07,1830.4,1827.94,1828.96,7091
1677614400,1828.96,1829.29,1826.28,1826.48,7844
1677618000,1826.43,1827.5,1826.31,1826.63,3272
1677625200,1826.63,1827.3,1825.34,1825.5,1962
1677628800,1825.49,1825.63,1823.05,1823.41,5615
1677632400,1823.48,1829.41,1823.24,1829.11,8967
1677636000,1829.09,1829.22,1827.32,1827.76,5939
1677639600,1827.65,1831.15,1827.41,1830.95,5989
1677643200,1830.94,1831.66,1829.91,1829.97,3419
1677646800,1829.98,1832.61,1829.85,1831.09,5434
1677650400,1831.09,1836.72,1830.97,1834.75,7509
1677654000,1834.81,1835.96,1831.23,1835.53,9753
1677657600,1835.52,1835.87,1832.42,1835.78,11979
1677661200,1835.85,1838,1830.4,1831.7,10603
1677664800,1831.76,1834.92,1830.76,1834.83,8531
1677668400,1834.84,1838.5,1834.4,1835.28,9735
1677672000,1835.31,1840.56,1834.45,1840.56,9527
1677675600,1840.46,1841.64,1833.84,1837.19,16132
1677679200,1837.15,1844.5,1836.79,1842.19,20649
1677682800,1843.8,1844.49,1833.4,1842.02,28370
1677686400,1842,1842.16,1837,1841.4,16077
1677690000,1841.44,1841.64,1836.59,1837.13,10878
1677693600,1837.21,1839.06,1836.47,1838.43,8405
1677697200,1838.46,1838.93,1837.38,1838.28,6947
1677700800,1838.32,1838.96,1837.06,1837.21,6295
1677704400,1837.2,1837.66,1836.5,1836.55,1853
1677711600,1836.76,1838.48,1836.5,1836.51,2147
1677715200,1836.41,1838.14,1835.52,1835.7,4788
1677718800,1835.68,1836.02,1830.98,1833,9171
1677722400,1833.1,1835.95,1832.6,1834.39,6372
1677726000,1834.43,1834.86,1832.7,1833.45,4542
1677729600,1833.5,1834.78,1833.28,1834.33,2687
1677733200,1834.38,1834.74,1832.21,1833.49,4497
1677736800,1833.57,1833.66,1831.84,1832.15,4458
1677740400,1832.16,1833.7,1830.18,1831.61,8912
1677744000,1831.64,1834.64,1829.93,1833.89,11704
1677747600,1833.89,1835.23,1831.01,1831.95,8949
1677751200,1831.85,1832.62,1830.43,1831.57,8546
1677754800,1831.61,1837.27,1831.37,1836.7,9074
1677758400,1836.65,1837.6,1830.91,1832.47,9844
1677762000,1832.53,1834.75,1830.07,1832.23,16831
1677765600,1832.22,1838.2,1832,1836.6,19913
1677769200,1836.62,1838.93,1834.06,1836.58,18810
1677772800,1836.57,1838.65,1835.92,1836.07,11306
1677776400,1836.07,1836.29,1832.29,1833.75,9324
1677780000,1833.75,1837.23,1832.82,1835.87,9516
1677783600,1835.91,1836.87,1835.07,1835.57,7094
1677787200,1835.56,1838.07,1834.89,1836.11,6756
1677790800,1836.06,1836.49,1835.35,1835.57,2335
1677798000,1835.57,1838.11,1835.57,1837.77,2001
1677801600,1837.7,1840.52,1837.67,1839.46,4496
1677805200,1839.46,1841.47,1838.06,1838.75,8128
1677808800,1838.72,1841.11,1838.32,1838.65,6835
1677812400,1838.62,1840.03,1838.1,1838.76,4383
1677816000,1838.73,1839.36,1837.98,1838.4,2389
1677819600,1838.37,1839.89,1837.83,1839.02,3996
1677823200,1839.04,1844.32,1838.94,1843.29,5544
1677826800,1843.21,1844.74,1841.98,1842.71,6742
1677830400,1842.73,1845.7,1842.7,1844.19,9057
1677834000,1844.11,1847.35,1844.11,1845.77,10057
1677837600,1845.94,1847.84,1845.14,1846.9,6915
1677841200,1846.8,1849.2,1846.32,1848.42,7294
1677844800,1848.42,1848.63,1844.51,1845.76,8170
1677848400,1845.84,1847.95,1844.77,1846.94,11825
1677852000,1846.93,1848.16,1841.87,1843.6,18240
1677855600,1842.88,1845.38,1839.01,1844.57,21865
1677859200,1844.62,1848.28,1843.83,1847.75,12384
1677862800,1847.72,1848.15,1845.75,1847.34,9610
1677866400,1847.34,1850.1,1846.58,1850.08,7882
1677870000,1850.08,1853.68,1848.98,1853.31,7999
1677873600,1853.39,1856.29,1852.61,1855.17,9660
1677877200,1855.11,1855.23,1853.71,1854.65,2359
1678057200,1855.24,1855.44,1852.1,1852.25,2924
1678060800,1852.26,1854.14,1851.28,1852.17,4480
1678064400,1852.23,1853.65,1850.7,1852.58,7958
1678068000,1852.55,1854.68,1850.97,1853.7,6159
1678071600,1853.73,1855.82,1853.31,1854.94,4620
1678075200,1854.93,1856.43,1853.81,1853.94,3371
1678078800,1853.99,1855.41,1853.44,1854.21,4263
1678082400,1854.21,1855.35,1853.01,1853.51,4390
1678086000,1853.44,1858.28,1852.75,1856.22,8423
1678089600,1856.13,1857.08,1852.43,1853.38,10468
1678093200,1853.37,1854.95,1850.52,1851.4,8914
1678096800,1851.41,1853.03,1849.91,1850.11,6985
1678100400,1850.13,1850.88,1847.25,1848.44,8726
1678104000,1848.47,1852.41,1848.06,1852.23,7459
1678107600,1852.28,1853.22,1850.19,1851.51,12104
1678111200,1851.51,1853.84,1850.58,1851.8,17012
1678114800,1851.76,1853.93,1849.3,1851,19138
1678118400,1850.98,1852.42,1849.37,1851.66,11872
1678122000,1851.62,1852.79,1848.42,1850.38,8210
1678125600,1850.38,1850.39,1846.4,1847.07,7835
1678129200,1847.02,1847.15,1845.05,1846.11,6615
1678132800,1846.09,1847.29,1845.62,1846.67,6844
1678136400,1846.59,1847.09,1846.03,1846.56,1816
1678143600,1846.39,1846.96,1845.79,1846.3,1608
1678147200,1846.27,1846.28,1844.02,1845.84,3874
1678150800,1845.89,1848.42,1844.8,1847.86,6416
1678154400,1847.89,1850.39,1847.21,1849.07,5899
1678158000,1849.11,1849.13,1846.54,1847.53,5630
1678161600,1847.53,1848.77,1847.04,1847.36,2930
1678165200,1847.37,1849.49,1846.92,1847.4,3655
1678168800,1847.38,1848.43,1846.77,1846.77,4022
1678172400,1846.73,1851.62,1845.31,1848.37,7703
1678176000,1848.35,1849.62,1845.86,1846.35,10050
1678179600,1846.24,1846.95,1843.39,1843.82,8558
1678183200,1843.79,1844.33,1842.7,1842.96,6774
1678186800,1843.01,1843.95,1840.87,1841.91,7765
1678190400,1841.91,1841.91,1838.87,1839.63,8308
1678194000,1839.63,1840.15,1833.37,1835.46,15156
1678197600,1835.46,1835.5,1829.89,1831.63,19129
1678201200,1831.63,1831.76,1815.55,1817.79,36951
1678204800,1817.69,1821.09,1816.81,1819.96,20995
1678208400,1820.02,1823.12,1816.88,1817.02,16870
1678212000,1817.09,1818.1,1812.88,1814.48,14505
1678215600,1814.48,1815.68,1812.66,1813.86,10084
1678219200,1813.89,1815.97,1813.8,1813.97,7900
1678222800,1813.99,1814.92,1812.94,1812.94,2899
1678230000,1813.49,1814.36,1813.21,1813.92,2484
1678233600,1813.9,1814.08,1812.29,1813.29,4580
1678237200,1813.28,1814.05,1811.32,1812.29,8390
1678240800,1812.27,1812.88,1810.59,1810.96,5756
1678244400,1810.93,1811.51,1809.35,1809.86,5095
1678248000,1809.86,1811.66,1809.86,1811.51,3656
1678251600,1811.49,1812.93,1810.35,1812.06,5236
1678255200,1812.07,1813.93,1811.41,1813.87,5243
1678258800,1813.85,1814.99,1812.86,1814.14,7968
1678262400,1814.13,1815.21,1813.19,1813.29,8810
1678266000,1813.29,1815.17,1812.9,1813.72,7099
1678269600,1813.71,1814.79,1812.31,1814.1,6522
1678273200,1814.12,1816.58,1813.94,1815,7081
1678276800,1815.02,1815.88,1813.34,1815.15,6770
1678280400,1815.1,1815.25,1812.19,1813.61,18414
1678284000,1813.61,1821.56,1812.95,1820.38,20446
1678287600,1820.47,1824.22,1816.01,1820.63,30603
1678291200,1820.68,1821.85,1817.35,1817.74,16503
1678294800,1817.75,1818.27,1815.21,1815.6,10782
1678298400,1815.59,1816.13,1813.29,1814.54,11613
1678302000,1814.53,1816.35,1814.36,1816.22,6766
1678305600,1816.28,1816.33,1812.82,1813.34,6933
1678309200,1813.3,1814.56,1813.13,1813.66,2060
1678316400,1813.77,1815.31,1813.77,1815.22,2072
1678320000,1815.24,1816.33,1814.73,1815.78,4462
1678323600,1815.79,1816.45,1812.17,1812.28,6524
1678327200,1812.25,1813.97,1811.87,1813.04,4957
1678330800,1813,1813.94,1812.59,1813.71,3438
1678334400,1813.71,1814.55,1812.69,1814.28,2372
1678338000,1814.3,1816.01,1813.77,1815.02,4415
1678341600,1815.04,1815.57,1813.06,1813.3,4884
1678345200,1813.28,1815.58,1812.72,1814.78,6607
1678348800,1814.82,1819.04,1813.61,1817.1,9503
1678352400,1817.08,1819.08,1816.22,1816.99,7210
1678356000,1817.11,1818.34,1816.64,1818.02,6130
1678359600,1818.02,1820.31,1817.85,1818.69,6846
1678363200,1818.57,1819.43,1817.19,1817.9,6606
1678366800,1817.87,1825.28,1815.42,1825.12,17095
1678370400,1825.12,1831.85,1823.92,1831.31,23145
1678374000,1831.31,1835.64,1828.18,1828.67,19864
1678377600,1828.73,1830.36,1825.82,1825.99,14247
1678381200,1825.97,1829.54,1825.51,1829.32,11692
1678384800,1829.14,1834.99,1828.2,1834.96,14270
1678388400,1834.97,1834.97,1830.39,1830.53,11577
1678392000,1830.57,1831.69,1828.96,1830.55,13039
1678395600,1830.53,1832.13,1830.43,1830.74,3088
1678402800,1831.12,1832.28,1830.57,1831.54,2824
1678406400,1831.55,1834.85,1831.35,1834.03,6652
1678410000,1833.96,1834.13,1830.05,1831.01,9398
1678413600,1831,1833.21,1828.05,1829.42,12071
1678417200,1829.32,1830.06,1828.28,1829.2,5340
1678420800,1829.2,1830.17,1827.7,1829.75,5194
1678424400,1829.69,1831.27,1828.5,1831.01,5702
1678428000,1830.99,1832.77,1830.15,1830.62,5628
1678431600,1830.7,1834.62,1830.66,1833.52,11272
1678435200,1833.51,1837.27,1832.27,1835.1,14062
1678438800,1835.02,1836.87,1831.54,1831.54,10806
1678442400,1831.59,1835.03,1830.85,1832.78,8484
1678446000,1832.75,1836.92,1832.19,1834.97,7784
1678449600,1834.97,1837.27,1833.71,1836.64,10863
1678453200,1836.62,1844.98,1831.73,1842.47,31100
1678456800,1842.45,1860.24,1839.93,1858.39,36623
1678460400,1858.4,1867.32,1857.65,1863.03,33114
1678464000,1863.03,1864.05,1854.14,1855.32,28132
1678467600,1855.43,1865.07,1854.93,1864.17,19032
1678471200,1864.2,1865.32,1860.8,1862.82,15439
1678474800,1862.84,1864.88,1860.93,1863.85,16489
1678478400,1863.88,1870.03,1863.56,1869.68,15225
1678482000,1869.83,1870.09,1866.33,1867.33,3583
1678658400,1880.78,1894.08,1876.86,1883.84,17173
1678662000,1884.22,1889.28,1875.67,1877.77,16301
1678665600,1877.76,1882.09,1875.11,1876.88,16317
1678669200,1876.93,1879.54,1872.13,1873,13476
1678672800,1872.98,1888.8,1872.42,1886.84,17546
1678676400,1886.83,1887.06,1882.29,1882.51,10937
1678680000,1882.5,1883.62,1881.4,1881.48,6669
1678683600,1881.47,1881.8,1877.01,1877.85,8364
1678687200,1877.85,1882.32,1873.33,1873.47,9342
1678690800,1873.45,1878.07,1871.45,1876.21,14838
1678694400,1876.22,1886.08,1875.46,1885.45,20310
1678698000,1885.45,1893.74,1884.23,1885.87,28355
1678701600,1885.87,1888.35,1881.34,1884.21,22706
1678705200,1884.19,1891.79,1880.89,1889.62,22532
1678708800,1889.64,1902.88,1887.26,1899.31,38035
1678712400,1899.33,1909.73,1893.52,1896.68,37350
1678716000,1896.6,1912.89,1896.3,1910.65,35957
1678719600,1910.65,1913.06,1902.94,1904.85,30418
1678723200,1904.78,1909.71,1903.3,1909.07,24357
1678726800,1909.11,1912.44,1908.54,1909.74,17512
1678730400,1909.75,1913.08,1908,1911.59,15690
1678734000,1911.56,1914.57,1907.91,1913.29,18818
1678737600,1913.28,1914.1,1911.68,1913.37,5964
1678744800,1913.45,1913.95,1909.85,1910.06,3512
1678748400,1910.04,1912.37,1909.86,1912,3993
1678752000,1912.01,1914.1,1910.15,1912.4,8778
1678755600,1912.41,1912.8,1905.29,1906.09,12537
1678759200,1906.03,1907.93,1904.03,1904.34,9056
1678762800,1904.41,1906.94,1902.58,1902.9,6116
1678766400,1902.9,1904.27,1901.58,1904.19,5448
1678770000,1904.13,1904.42,1901.46,1904.06,7256
1678773600,1904.01,1913.45,1903.7,1909.61,15721
1678777200,1909.89,1913.05,1908.73,1912.59,19448
1678780800,1912.55,1913.28,1900.73,1904.29,21287
1678784400,1904.32,1904.91,1900.81,1901.15,16629
1678788000,1901.2,1904.53,1900.83,1903.72,11238
1678791600,1903.65,1904.74,1902.69,1904.14,11257
1678795200,1904.16,1911.95,1898.59,1909.96,33438
1678798800,1909.99,1910.79,1895.39,1902.28,32490
1678802400,1902.33,1907.81,1900.12,1907.56,27931
1678806000,1907.62,1908.79,1903.99,1904.19,16793
1678809600,1904.18,1909.15,1902.19,1908.67,14789
1678813200,1908.69,1910.25,1905.45,1906.75,18124
1678816800,1906.79,1909.75,1906.17,1906.8,15653
1678820400,1906.85,1907.82,1902.24,1902.47,15831
1678824000,1902.49,1904.27,1902.47,1903.84,4026
1678831200,1903.48,1904.89,1903.42,1904.19,1629
1678834800,1904.24,1904.64,1902.88,1903.07,2901
1678838400,1903.22,1903.23,1899.92,1901.72,7696
1678842000,1901.69,1905.13,1901.51,1903.69,8495
1678845600,1903.67,1905.64,1903.42,1904.5,7894
1678849200,1904.49,1904.99,1902.36,1902.87,4736
1678852800,1902.87,1903.43,1900.9,1901.77,4170
1678856400,1901.78,1902.06,1899.13,1900.15,6214
1678860000,1900.18,1902.36,1898.57,1900.34,7287
1678863600,1900.57,1902.26,1896.29,1896.48,13395
1678867200,1896.47,1896.8,1885.66,1887.51,16408
1678870800,1887.51,1898.65,1886.65,1896.29,21376
1678874400,1896.31,1909.78,1896.14,1908.57,27278
1678878000,1908.71,1918.9,1905.16,1918.03,25254
1678881600,1918.02,1930.22,1916.98,1927.77,32171
1678885200,1927.64,1930.31,1917.35,1926.08,36364
1678888800,1926.12,1926.98,1917.48,1924.37,32870
1678892400,1924.64,1927.26,1921.57,1927.11,23837
1678896000,1927.12,1937.31,1924.97,1933.56,21029
1678899600,1933.54,1937.06,1921.81,1924.35,22719
1678903200,1924.36,1926.27,1908.97,1915.55,22896
1678906800,1915.74,1921.56,1914.87,1916.67,20100
1678910400,1916.64,1918.61,1916.07,1918.09,3881
1678917600,1918.23,1921.27,1918.01,1920.23,3822
1678921200,1920.24,1922.8,1919.96,1921.12,5430
1678924800,1921.18,1924.29,1913.17,1913.51,14245
1678928400,1913.35,1915.29,1907.51,1911.03,15391
1678932000,1911.05,1911.75,1909.35,1911.38,9717
1678935600,1911.38,1914.91,1910.62,1913.21,7702
1678939200,1913.2,1914.86,1912.71,1913.31,6148
1678942800,1913.21,1920.17,1912.26,1919.87,9372
1678946400,1919.93,1920.31,1914.47,1916.6,8322
1678950000,1916.59,1920.62,1912.41,1916.65,16730
1678953600,1916.73,1922.5,1915.72,1919.02,19827
1678957200,1919.02,1922.09,1917.64,1921.77,13017
1678960800,1921.79,1923,1918.61,1922.61,10626
1678964400,1922.57,1927.08,1922.21,1926.92,10965
1678968000,1926.95,1931.81,1924.33,1930.34,24467
1678971600,1930.37,1933.43,1923.24,1923.75,32726
1678975200,1923.85,1932.32,1919.74,1922.52,32250
1678978800,1922.53,1924.27,1913.33,1918.71,32298
1678982400,1918.7,1920.49,1914.36,1914.87,22661
1678986000,1914.97,1919.81,1914.53,1916.21,18861
1678989600,1916.27,1921.01,1916.18,1918.4,13721
1678993200,1918.31,1921.12,1918.2,1920.52,12079
1678996800,1920.5,1920.73,1918.47,1919.3,3798
1679004000,1920.49,1920.84,1919.11,1919.98,1944
1679007600,1919.95,1922.03,1919.48,1921.31,3198
1679011200,1921.31,1922.39,1918.36,1919.43,7288
1679014800,1919.43,1922.73,1918.2,1922.73,8910
1679018400,1922.71,1928.82,1922.13,1927.34,8407
1679022000,1927.34,1929.74,1927.05,1927.65,8019
1679025600,1927.6,1931.01,1927.18,1930.95,5191
1679029200,1930.95,1932.84,1929.07,1929.42,7011
1679032800,1929.42,1934.3,1927.95,1932.36,7851
1679036400,1932.32,1933.62,1928.93,1930.34,12686
1679040000,1930.37,1931.49,1927.31,1928.64,13967
1679043600,1928.63,1932.88,1928.08,1932.21,10290
1679047200,1932.19,1933.44,1929.61,1930.64,9385
1679050800,1930.59,1937.11,1929.24,1935.02,13932
1679054400,1935.28,1946.11,1934.9,1944.95,23536
1679058000,1944.95,1952.12,1944.35,1950.58,28591
1679061600,1951.49,1964.88,1949.74,1962.2,31487
1679065200,1962.21,1964.52,1955.73,1959.24,25158
1679068800,1959.25,1962.36,1955.31,1961.74,19345
1679072400,1961.78,1975.19,1961.44,1972.84,19770
1679076000,1972.84,1987.72,1970.36,1983.55,25224
1679079600,1983.57,1984.64,1973.72,1976.26,19682
1679083200,1976.34,1986.09,1975.27,1985.84,6572
1679263200,1982.9,1990.59,1974.94,1977.24,10622
1679266800,1977.31,1979.54,1975.82,1976.9,6523
1679270400,1976.9,1978.39,1971.8,1972.08,10335
1679274000,1972.06,1972.62,1968.06,1969.6,17143
1679277600,1969.57,1975.52,1969.16,1974.82,10054
1679281200,1974.82,1975.44,1972.47,1973.29,9371
1679284800,1973.35,1975.49,1972.57,1974.8,6751
1679288400,1974.82,1988.64,1974.4,1988.08,9231
1679292000,1988.09,1993.15,1981.82,1988.58,20344
1679295600,1988.76,2009.74,1988.76,2003.4,26852
1679299200,2003.4,2006.1,1995.53,1996.33,26012
1679302800,1996.34,1999.39,1983.87,1984.89,21840
1679306400,1984.76,1988.57,1973.84,1980.62,21610
1679310000,1980.63,1985.97,1979.09,1983.8,16821
1679313600,1984.01,1986.54,1972.46,1974.46,24359
1679317200,1974.5,1984.81,1974.5,1977.93,32659
1679320800,1977.95,1978.17,1965.78,1970.68,29895
1679324400,1970.65,1973.87,1967.19,1973.77,22497
1679328000,1973.73,1980.93,1972.95,1974.77,20624
1679331600,1974.79,1979.1,1974.16,1977.5,11629
1679335200,1977.52,1984.07,1976.12,1983.7,11085
1679338800,1983.77,1984.32,1977,1977.13,10312
1679342400,1977.12,1979.44,1977.12,1978.63,3892
1679349600,1978.77,1979.99,1978.08,1978.24,1854
1679353200,1978.23,1978.91,1976.22,1976.62,3405
1679356800,1976.72,1982.59,1975.38,1980.34,7522
1679360400,1980.29,1982.8,1979.21,1980.06,9216
1679364000,1980.08,1984.49,1979.12,1983.25,7073
1679367600,1983.28,1985.15,1981.93,1983.76,5326
1679371200,1983.76,1983.76,1980.5,1981.36,4694
1679374800,1981.35,1982.77,1979.97,1982.44,6032
1679378400,1982.45,1983.2,1971.83,1973.32,9199
1679382000,1973.28,1978.8,1970.29,1970.29,16442
1679385600,1970.25,1970.87,1962.83,1966.37,18635
1679389200,1966.33,1969.82,1965.41,1968.95,11990
1679392800,1968.97,1969.39,1964.31,1968.64,11363
1679396400,1968.69,1969.3,1965.78,1966.27,11864
1679400000,1966.33,1967.06,1960.44,1963.55,17535
1679403600,1963.54,1965.78,1952.03,1952.82,26122
1679407200,1952.81,1954.91,1945.28,1953.04,30326
1679410800,1952.99,1953.23,1943.11,1948.15,21377
1679414400,1948.09,1948.96,1940.12,1944.31,16804
1679418000,1944.29,1944.82,1936.62,1941.46,16588
1679421600,1941.47,1942.14,1935.36,1936.67,9727
1679425200,1936.67,1940.65,1935.97,1940.12,8360
1679428800,1940.26,1940.73,1939.3,1940.46,3244
1679436000,1939.46,1942.41,1939.18,1941.01,1961
1679439600,1941.05,1943.9,1941.01,1943.08,3260
1679443200,1943.1,1944.64,1942.28,1943.39,5930
1679446800,1943.39,1946.18,1942.77,1943.85,9993
1679450400,1943.83,1943.83,1938.89,1939.4,8395
1679454000,1939.42,1941.8,1938.14,1939.55,6953
1679457600,1939.57,1940.01,1937.88,1939.29,4337
1679461200,1939.31,1941.12,1937.97,1939.74,6368
1679464800,1939.72,1943.46,1939,1942.34,6999
1679468400,1942.38,1942.83,1934.23,1939.65,14844
1679472000,1939.55,1945.33,1939.55,1941.81,14797
1679475600,1941.8,1945.67,1941.8,1944.04,11553
1679479200,1944.03,1945.35,1940.19,1942.58,11136
1679482800,1942.64,1943.44,1939.76,1942.43,10187
1679486400,1942.43,1943.49,1937.04,1937.56,14994
1679490000,1937.49,1944.36,1937.37,1942.84,19825
1679493600,1942.86,1951.59,1942.56,1950.67,19334
1679497200,1950.61,1951.92,1946.57,1947.21,17000
1679500800,1947.21,1949.8,1945.64,1949.05,10727
1679504400,1949.01,1950.77,1944.94,1946.1,12220
1679508000,1946.22,1978.78,1946.14,1970.82,37932
1679511600,1970.82,1975.25,1954.15,1972.65,31009
1679515200,1972.6,1975.03,1966.8,1969.64,7204
1679522400,1970.21,1970.88,1964.52,1965.49,4642
1679526000,1965.71,1970.08,1965.63,1969.61,4868
1679529600,1969.61,1973.68,1969.57,1972.8,10179
1679533200,1972.81,1973.05,1966.26,1969,15201
1679536800,1968.95,1976.13,1968.81,1975.22,10974
1679540400,1975.22,1977.6,1973.24,1976.88,10318
1679544000,1976.79,1978.16,1974.87,1977.75,7047
1679547600,1977.71,1980.9,1976.11,1977.09,10454
1679551200,1977.09,1983.48,1976.59,1978.16,10269
1679554800,1978.17,1983.54,1974.9,1976.8,16734
1679558400,1976.79,1978.77,1974.24,1976.52,16871
1679562000,1976.48,1978.83,1974.92,1978.03,12137
1679565600,1978.04,1980.61,1976.21,1977.71,10987
1679569200,1977.71,1978.62,1975.49,1978.34,11326
1679572800,1978.36,1980.33,1966.62,1971.91,19966
1679576400,1971.97,1985,1971.33,1984.04,23891
1679580000,1984.21,1984.42,1978.9,1979.04,22758
1679583600,1979.01,1987.02,1977.66,1984.03,21169
1679587200,1984.01,1995.18,1982.71,1994.19,19047
1679590800,1994.18,1999.71,1990.77,1999.6,16615
1679594400,1999.59,2003.28,1992.58,1993.34,19945
1679598000,1993.45,1999.15,1987.97,1997.7,26290
1679601600,1997.78,1998.81,1992.48,1993.71,6582
1679608800,1993.13,1993.95,1990.02,1991.83,2634
1679612400,1991.77,1993.1,1990.55,1991.26,3627
1679616000,1991.26,1994.52,1989.64,1993.75,8362
1679619600,1993.74,1994.78,1990.18,1990.64,13424
1679623200,1990.7,1993.32,1990.35,1991.71,8450
1679626800,1991.66,1993.38,1989.74,1992.81,6417
1679630400,1992.84,1993.21,1991.12,1993.18,4732
1679634000,1993.2,1993.31,1989.36,1990.37,9025
1679637600,1990.33,1990.97,1985.25,1985.94,8286
1679641200,1985.99,1990.05,1985.94,1989.42,10167
1679644800,1989.44,1992.83,1981.18,1985.41,19582
1679648400,1985.4,1994.87,1985.35,1994.36,15984
1679652000,1994.4,2000.2,1992.54,1993.69,20282
1679655600,1993.7,1996.02,1990.66,1995.75,15897
1679659200,1995.79,2002.89,1993.11,1998.88,24318
1679662800,1998.95,2001.82,1988.62,1989.53,32533
1679666400,1989.55,1998.35,1985.91,1994.47,28695
1679670000,1994.47,1995.72,1987.08,1987.27,22031
1679673600,1987.14,1990.59,1983.77,1986.79,20874
1679677200,1986.81,1987.17,1975.56,1979.7,19326
1679680800,1979.77,1979.87,1975.24,1978.29,12603
1679684400,1978.29,1979.56,1975.81,1976.03,9838
1679688000,1976.08,1979.32,1975.14,1977.61,3672
1679868000,1978.89,1979.53,1969.27,1973.79,6028
1679871600,1973.79,1976.71,1972.99,1975.65,5506
1679875200,1975.64,1976.1,1972.45,1973.61,8566
1679878800,1973.62,1978.7,1972.1,1974.39,13929
1679882400,1974.39,1976.99,1973.46,1976.83,8479
1679886000,1976.75,1976.95,1974.41,1974.55,6151
1679889600,1974.53,1975.43,1973.21,1973.69,5159
1679893200,1973.71,1973.87,1969.24,1970.06,8397
1679896800,1969.87,1971.76,1966.58,1969.68,11822
1679900400,1969.57,1972.57,1965.9,1970.87,15730
1679904000,1970.77,1972.16,1967.29,1968.3,10996
1679907600,1968.37,1968.65,1955.91,1956,12958
1679911200,1955.97,1957.28,1948.2,1949.71,13799
1679914800,1949.77,1955,1949.16,1954.18,12042
1679918400,1954.14,1958.18,1944.32,1945.67,16843
1679922000,1945.83,1950.87,1943.94,1949.14,23106
1679925600,1949.63,1956.67,1945.78,1954.19,19760
1679929200,1954.15,1958.71,1953.21,1956.81,14109
1679932800,1956.87,1959.42,1954.6,1955.84,11145
1679936400,1955.71,1956.18,1950.73,1952.66,11601
1679940000,1952.7,1956.72,1952.63,1955.97,8088
1679943600,1955.96,1958.19,1955.49,1956.92,7984
1679947200,1956.96,1957.63,1955.63,1956.34,2481
1679954400,1956.26,1958.07,1956.24,1957.24,2171
1679958000,1957.23,1958.25,1957.05,1958.06,2816
1679961600,1958.06,1960.71,1957.66,1959.32,7241
1679965200,1959.39,1963.92,1958.97,1962.55,10392
1679968800,1962.53,1962.59,1959.27,1960.18,6831
1679972400,1960.17,1961.09,1958.88,1959.66,5678
1679976000,1959.62,1960.06,1957.29,1957.7,5939
1679979600,1957.67,1960.82,1956.63,1959.45,7052
1679983200,1959.5,1959.5,1953.14,1954.95,11561
1679986800,1954.83,1956.87,1951.85,1953.95,13851
1679990400,1953.93,1955.91,1949.75,1950.19,11994
1679994000,1950.21,1953.8,1949.1,1953.74,10449
1679997600,1953.7,1957.28,1953.44,1956.68,10430
1680001200,1956.7,1958.55,1955.68,1956.95,9143
1680004800,1956.98,1967.32,1956.92,1965.27,19055
1680008400,1965.26,1965.93,1960.75,1963.29,22131
1680012000,1963.28,1970.02,1958.92,1969.09,19796
1680015600,1969.13,1969.88,1966.03,1966.62,13008
1680019200,1966.65,1969.31,1965.63,1969,10024
1680022800,1969.04,1975.07,1968.82,1974.52,12142
1680026400,1974.58,1975.09,1971.07,1973.2,8201
1680030000,1973.21,1975.25,1972.5,1973.32,7756
1680033600,1973.34,1974.13,1971.58,1973.51,3474
1680040800,1973.26,1974.34,1972.33,1972.93,1784
1680044400,1972.82,1973.6,1971.4,1971.9,2414
1680048000,1971.89,1972.85,1969.92,1970.41,6750
1680051600,1970.4,1971.81,1966.79,1969.11,9375
1680055200,1969.01,1970.2,1967.45,1968.41,6115
1680058800,1968.4,1969.08,1965.84,1966.45,4982
1680062400,1966.48,1968.84,1965.77,1966.13,5422
1680066000,1966.15,1967.63,1962.99,1963,7096
1680069600,1963.02,1963.54,1960.12,1962,10713
1680073200,1961.98,1964.69,1958.65,1961.68,11896
1680076800,1961.68,1964.57,1960.78,1964.29,8628
1680080400,1964.28,1967.96,1964.27,1967.32,8909
1680084000,1967.3,1969.1,1965.8,1967.78,7997
1680087600,1967.77,1968.49,1963.15,1966.66,8914
1680091200,1966.69,1968.65,1962.37,1964.86,15743
1680094800,1964.98,1968.12,1960.99,1965.66,17142
1680098400,1965.64,1971.73,1963.2,1969.08,18879
1680102000,1969.1,1969.38,1960.59,1961.78,15889
1680105600,1961.84,1965.62,1961.61,1965.04,10202
1680109200,1965.04,1969.17,1963.48,1968.99,8961
1680112800,1968.97,1969.08,1966.58,1966.89,5873
1680116400,1966.84,1966.84,1961.08,1963.22,6911
1680120000,1963.4,1964.58,1962.63,1964.32,2517
1680127200,1963.71,1964.86,1963.06,1964.32,2502
1680130800,1964.32,1964.34,1962.84,1963.16,2532
1680134400,1963.18,1963.48,1960.73,1961.36,6503
1680138000,1961.36,1961.96,1955.32,1959.08,9860
1680141600,1959.06,1960.19,1957.97,1958.31,5957
1680145200,1958.33,1960.83,1957.57,1959.53,5575
1680148800,1959.56,1961.34,1958.89,1960.79,3696
1680152400,1960.85,1965.34,1960.19,1964.53,9270
1680156000,1964.5,1969.39,1963.68,1968.68,12146
1680159600,1968.72,1971.51,1965.95,1966.65,13060
1680163200,1966.57,1968.57,1964.84,1967.91,10943
1680166800,1967.87,1968.54,1966.9,1967.35,7831
1680170400,1967.35,1970.99,1966.9,1968.77,7671
1680174000,1968.76,1971.12,1968.2,1968.62,8107
1680177600,1968.63,1975.25,1967.73,1970.26,18153
1680181200,1970.26,1971.13,1965.2,1966.64,21936
1680184800,1966.64,1972.31,1963.9,1972.03,17917
1680188400,1972.02,1975.19,1971.07,1974.73,14179
1680192000,1974.72,1984.29,1974.72,1983.11,15120
1680195600,1983.33,1983.45,1978.12,1979.84,10630
1680199200,1979.84,1981.85,1979.46,1981.39,5904
1680202800,1981.39,1983.11,1980.44,1981.24,6593
1680206400,1981.23,1981.9,1979.82,1980.15,3101
1680213600,1980.41,1980.49,1978.93,1978.99,1911
1680217200,1979,1980.01,1977.92,1978.39,3599
1680220800,1978.28,1979.73,1977.6,1979.6,7530
1680224400,1979.59,1983.57,1979.02,1982.36,11721
1680228000,1982.26,1983.29,1980.71,1981.64,7240
1680231600,1981.63,1981.85,1980.73,1981.1,5112
1680235200,1981.1,1982.01,1980.14,1980.77,3663
1680238800,1980.75,1980.84,1978.05,1979.02,6275
1680242400,1979.05,1984.99,1979.03,1984.15,10035
1680246000,1984.14,1984.17,1974.78,1975.26,12468
1680249600,1975.3,1978.65,1973.14,1975.09,12277
1680253200,1975.38,1980.37,1975.38,1978.4,10164
1680256800,1978.41,1980.99,1976.93,1979.39,7965
1680260400,1979.49,1981.89,1979.29,1980.21,7787
1680264000,1980.23,1987.55,1976.15,1979.56,19830
1680267600,1979.57,1984.1,1974.82,1979.67,21633
1680271200,1979.62,1981.06,1975.22,1977.93,19278
1680274800,1977.94,1981.03,1974.84,1979.65,16168
1680278400,1979.64,1979.75,1975.22,1977.11,10486
1680282000,1977.14,1977.26,1966.85,1967.38,12870
1680285600,1967.41,1972.06,1967.19,1971.13,7780
1680289200,1971.25,1971.39,1968.25,1970.92,9936
1680292800,1970.92,1970.92,1968.44,1969.29,4022
1680472800,1970.36,1970.7,1960.06,1962.43,6612
1680476400,1962.44,1962.62,1956.91,1956.98,6224
1680480000,1956.97,1964.14,1956.69,1962.33,11130
1680483600,1962.35,1964.42,1958.38,1960.19,13252
1680487200,1960.18,1960.28,1952.42,1952.5,10885
1680490800,1952.52,1953.78,1949.7,1951.77,8851
1680494400,1951.71,1952.71,1950.45,1952.5,5227
1680498000,1952.52,1954.06,1951.41,1953.69,8434
1680501600,1953.69,1957.1,1950.76,1954.7,11348
1680505200,1954.71,1961.94,1953.17,1961.77,11409
1680508800,1961.75,1966.41,1961.19,1965.73,8766
1680512400,1965.86,1967.01,1963.06,1966.06,7153
1680516000,1966.06,1972.47,1965.96,1972.44,9659
1680519600,1972.44,1978.68,1971.13,1978.61,11747
1680523200,1978.51,1979.94,1975.68,1979.06,16168
1680526800,1979.1,1980.78,1972.34,1975.99,19378
1680530400,1978.27,1989.81,1978.18,1986.02,28308
1680534000,1986.01,1990.46,1983.88,1987.91,15163
1680537600,1987.9,1990.46,1986.78,1986.98,10454
1680541200,1986.96,1986.97,1981.85,1985,11148
1680544800,1985,1985.21,1982.15,1982.36,8263
1680548400,1982.43,1986.01,1982.23,1985.03,7282
1680552000,1985.26,1985.83,1983.55,1984.37,2260
1680559200,1984.2,1985.41,1983.59,1983.88,1566
1680562800,1983.87,1985.44,1983.48,1984.88,2462
1680566400,1984.87,1985.25,1982.13,1982.86,6133
1680570000,1982.87,1983.51,1977.78,1978.18,9157
1680573600,1978.15,1981.32,1977.98,1980.78,6646
1680577200,1980.77,1980.8,1977.81,1978.12,4661
1680580800,1978.12,1980.73,1977.83,1979.69,5438
1680584400,1979.65,1980.87,1978.04,1978.79,5917
1680588000,1978.79,1982.32,1976.86,1981.55,9107
1680591600,1981.56,1983.76,1978.74,1982.1,10947
1680595200,1982.11,1984.25,1980.22,1980.62,10080
1680598800,1980.59,1983.77,1980.13,1982.89,7912
1680602400,1982.91,1984.3,1981.32,1982.11,8062
1680606000,1982.11,1982.46,1978.47,1981.94,8673
1680609600,1981.94,1985.63,1981.44,1983.57,13589
1680613200,1983.57,1993.17,1983.37,1992.44,18563
1680616800,1992.46,2024.93,1992.46,2016.05,36781
1680620400,2016.51,2023.11,2015.62,2020.15,22125
1680624000,2020.15,2024.93,2019.56,2020.69,16337
1680627600,2020.7,2020.93,2017.79,2018.31,10685
1680631200,2018.2,2021.5,2017.81,2021.2,7290
1680634800,2021.27,2022.41,2020.29,2021.79,8074
1680638400,2021.79,2022.01,2020.08,2020.48,3066
1680645600,2019.95,2021.64,2019.74,2020.55,3144
1680649200,2020.53,2023.61,2020.53,2021.74,3665
1680652800,2021.7,2022.43,2019.35,2019.53,6380
1680656400,2019.53,2021.83,2019.53,2020.47,5571
1680660000,2020.34,2025.27,2020.12,2023.89,7250
1680663600,2023.89,2024,2021.84,2022.99,4949
1680667200,2022.94,2023.78,2022.02,2023.3,4904
1680670800,2023.28,2024.71,2022.69,2024.25,4478
1680674400,2024.25,2026.25,2022.94,2024.37,9339
1680678000,2024.35,2028.32,2022.83,2025.33,11303
1680681600,2025.35,2028.13,2023.2,2024,9781
1680685200,2023.99,2025.12,2021.79,2024.49,9559
1680688800,2024.5,2025.15,2021.74,2022.26,6646
1680692400,2022.26,2024.49,2021.49,2022.9,8006
1680696000,2022.93,2031.98,2022.2,2031.51,19454
1680699600,2031.52,2032.04,2020.98,2022.55,22378
1680703200,2022.71,2031.5,2009.94,2018.77,29468
1680706800,2018.77,2022.86,2015.89,2021.64,19324
1680710400,2021.64,2023.88,2019.56,2021.31,10488
1680714000,2021.31,2021.99,2019.03,2021.02,7642
1680717600,2021,2023.24,2020.6,2022.98,5417
1680721200,2023.01,2023.2,2020.55,2021.05,6096
1680724800,2021.06,2021.56,2020.07,2020.7,2474
1680732000,2020.83,2021.31,2018.62,2020.31,1283
1680735600,2020.29,2020.97,2020.02,2020.2,1843
1680739200,2020.2,2020.39,2016.95,2016.99,4634
1680742800,2017,2017.07,2012.4,2012.57,9417
1680746400,2012.6,2013.16,2007.91,2010.86,7265
1680750000,2010.86,2012.22,2009.98,2011.26,4111
1680753600,2011.26,2013.81,2010.47,2013.54,3508
1680757200,2013.54,2016.06,2011.99,2015.59,4985
1680760800,2015.58,2016.8,2011.77,2013.61,7307
1680764400,2013.58,2018.07,2012.6,2016.3,8943
1680768000,2016.31,2019.57,2014.73,2017.31,7899
1680771600,2017.34,2020.39,2017.06,2019.54,6129
1680775200,2019.54,2020.79,2017.53,2020.27,6197
1680778800,2020.28,2020.91,2017.02,2018.47,6793
1680782400,2018.39,2020.53,2011.17,2012.94,15490
1680786000,2012.85,2014.15,2000.79,2003.62,20594
1680789600,2003.59,2012,2001.25,2011.72,18107
1680793200,2011.74,2012.92,2009.02,2011.11,12202
1680796800,2011.1,2014.87,2010.66,2011.64,8377
1680800400,2011.63,2012.48,2008.6,2009.9,7272
1680804000,2009.87,2011.52,2008.18,2009.18,5575
1680807600,2009.21,2009.45,2006.12,2006.4,5451
1680811200,2006.4,2008.03,2005.72,2007.02,2817
1681077600,1992.35,2006.39,1992.35,2005.51,4270
1681081200,2005.54,2005.91,2004.68,2005.44,3198
1681084800,2005.55,2005.83,1997.57,1998.19,5610
1681088400,1998.29,2000.65,1995.52,1997,7878
1681092000,1997.1,1997.18,1988.84,1991.08,6906
1681095600,1991.08,1992.82,1990.3,1990.84,3867
1681099200,1990.86,1993.67,1989.53,1992.04,3815
1681102800,1992.03,1995.11,1991.24,1994.39,4576
1681106400,1994.33,1996.29,1991.6,1995.79,5047
1681110000,1995.75,1997.55,1994.91,1997.44,5424
1681113600,1997.38,1999.29,1995.87,1997.29,4937
1681117200,1997.28,2001.84,1996.9,2000.61,5057
1681120800,2000.6,2002.78,1999.81,2001.85,5223
1681124400,2001.81,2002.87,1999.95,2001.52,7371
1681128000,2001.49,2001.95,1989.07,1989.43,15601
1681131600,1989.41,1994.31,1986.17,1988.07,22241
1681135200,1988.3,1991.96,1981.62,1987.46,18152
1681138800,1987.5,1990.03,1987.16,1988.61,11579
1681142400,1988.61,1990.89,1987.12,1989.68,9215
1681146000,1989.69,1991.1,1988,1988.94,9100
1681149600,1988.91,1990.79,1987.55,1990.36,6400
1681153200,1990.31,1992.76,1990.19,1991.47,5849
1681156800,1991.49,1991.66,1990.74,1991.14,1754
1681164000,1990.92,1991.6,1990.38,1991.25,1721
1681167600,1991.26,1992.39,1990.91,1992.34,2118
1681171200,1992.28,1995.35,1992.25,1993.12,6021
1681174800,1993.14,1993.33,1988.72,1991.1,8863
1681178400,1991.1,1997.91,1990.99,1997.68,8846
1681182000,1997.62,1998.2,1996.41,1997.5,4754
1681185600,1997.47,2000,1997.31,1999.72,4804
1681189200,1999.74,2001.51,1998.59,1999.01,6149
1681192800,1999.01,2001.81,1998.27,1999.17,8625
1681196400,1999.12,2003.66,1997.72,2002.03,10156
1681200000,2002.04,2007.43,2001.19,2004.58,9794
1681203600,2004.58,2005.39,2002.48,2004.5,7301
1681207200,2004.5,2005.01,2001.48,2004.38,8273
1681210800,2004.37,2004.37,1999.3,2000.4,8929
1681214400,2000.41,2002.58,1998.34,1998.58,11675
1681218000,1998.54,2002.41,1995.54,2001.39,16786
1681221600,2001.41,2004.66,1999.64,2002.42,15450
1681225200,2002.45,2006.23,2001.56,2004.14,11848
1681228800,2004.13,2006.55,2003.93,2006.18,8696
1681232400,2006.18,2006.4,2000.96,2005.54,8479
1681236000,2005.57,2005.86,2003.93,2004.45,5152
1681239600,2004.47,2006.71,2003.5,2004.08,5375
1681243200,2004.08,2004.61,2002.81,2003.53,2154
1681250400,2003.45,2004.24,2003.01,2003.79,1311
1681254000,2003.8,2005.06,2003.37,2004.72,1830
1681257600,2004.73,2005.47,2003.98,2005.39,4536
1681261200,2005.34,2015.02,2003.89,2014.65,10861
1681264800,2014.69,2019.34,2013.78,2014.86,9891
1681268400,2014.85,2018.25,2014.1,2017.2,7142
1681272000,2017.18,2021.1,2017.03,2020.34,4611
1681275600,2020.28,2020.76,2017.53,2018.22,6634
1681279200,2018.22,2018.75,2013.49,2015.6,9639
1681282800,2015.67,2016.53,2011.63,2012.96,9689
1681286400,2013.01,2013.68,2008.93,2009.03,9061
1681290000,2009.02,2011.55,2008.54,2010.78,8242
1681293600,2010.76,2011.51,2007.31,2008.83,7355
1681297200,2008.86,2010.21,2007.31,2007.64,7357
1681300800,2007.65,2028.22,2006.23,2022.2,24160
1681304400,2022.41,2023.81,2001.35,2007.69,31328
1681308000,2007.92,2013.06,2003.07,2006.93,25940
1681311600,2006.92,2009.45,2005.59,2005.76,15400
1681315200,2005.74,2009.3,2005.2,2007.83,10943
1681318800,2007.82,2012.55,2006.46,2011.47,10444
1681322400,2011.5,2016.93,2010.58,2015.74,13509
1681326000,2015.76,2018.07,2013.09,2013.61,8841
1681329600,2013.72,2015.04,2013.22,2014.77,2816
1681336800,2014.36,2015.09,2013.77,2015.06,1395
1681340400,2015.05,2018.46,2015.04,2018.18,3298
1681344000,2018.09,2019.77,2016.44,2017.79,7762
1681347600,2017.84,2019.16,2015.75,2017.83,9092
1681351200,2017.63,2019.28,2016.27,2017.76,7014
1681354800,2017.74,2017.85,2015.64,2017.38,5725
1681358400,2017.37,2019.4,2017.3,2018.44,4079
1681362000,2018.44,2019.12,2015.29,2015.32,5986
1681365600,2015.31,2023.23,2015.24,2020.49,10309
1681369200,2020.49,2025.62,2020.49,2024.45,8146
1681372800,2024.47,2029.17,2024.39,2026.53,9993
1681376400,2026.56,2028.62,2025.68,2026.53,7168
1681380000,2026.59,2027.93,2025.01,2026.72,6972
1681383600,2026.72,2028.67,2025.46,2028.57,7149
1681387200,2028.56,2045.71,2026.51,2044.99,21807
1681390800,2045.06,2046.99,2039.75,2046.46,24631
1681394400,2046.48,2048.72,2033.6,2034.17,22501
1681398000,2034.17,2042.29,2033.99,2038.91,13806
1681401600,2038.92,2040.5,2037.23,2040.14,9980
1681405200,2040.19,2044.07,2039.14,2043.7,10129
1681408800,2043.71,2043.97,2037.44,2038.31,7958
1681412400,2038.34,2040.87,2036.6,2040.41,7752
1681416000,2040.48,2040.99,2039.78,2039.94,2175
1681423200,2040.33,2040.66,2039.88,2040.01,1096
1681426800,2040.01,2040.09,2038.64,2039.66,2666
1681430400,2039.64,2043.56,2038.6,2041.86,6984
1681434000,2041.83,2045.96,2041.05,2045.9,10014
1681437600,2045.83,2047.34,2044.8,2046.03,8223
1681441200,2046.03,2046.03,2042.96,2044.94,6939
1681444800,2044.92,2046.42,2042.33,2043.18,4909
1681448400,2043.26,2043.51,2039.52,2042.72,7690
1681452000,2042.76,2044.28,2040.67,2041.29,8669
1681455600,2041.33,2041.34,2036.59,2039.24,9533
1681459200,2039.24,2039.35,2031.78,2035.71,10516
1681462800,2035.7,2038.74,2034.45,2038.67,7521
1681466400,2038.67,2042.18,2037.68,2038.22,9420
1681470000,2038.23,2038.23,2032.26,2033.26,10528
1681473600,2033.24,2040.04,2017.25,2024.66,27015
1681477200,2024.46,2028.01,2019.84,2023.36,26523
1681480800,2021.63,2022.26,1997.89,1998.52,31684
1681484400,1998.61,2000.77,1993.75,1995.67,21477
1681488000,1995.74,1999.64,1992.34,1999.53,13083
1681491600,1999.57,2004.11,1998.57,2003.86,12756
1681495200,2003.9,2006.78,2003.29,2006.27,7194
1681498800,2006.32,2007.94,2004.94,2005.26,8393
1681502400,2005.3,2005.61,2003.73,2004.54,2408
1681682400,1999.35,2004.98,1998.06,2001.1,4567
1681686000,2001.12,2004.79,2001.12,2002.85,3593
1681689600,2002.9,2004.68,2001.35,2002.1,6367
1681693200,2002.13,2004.9,1995.31,2003.14,13512
1681696800,2003.14,2006.17,2003.07,2004.01,7973
1681700400,2003.97,2005.09,2003.91,2004.47,4822
1681704000,2004.48,2006.02,2003.7,2004.31,5143
1681707600,2004.29,2012.7,2003.73,2011.24,9255
1681711200,2011.25,2013.46,2010.45,2011.32,11109
1681714800,2011.33,2014.99,2010.08,2010.78,11021
1681718400,2010.74,2012.68,2008.26,2009.88,10458
1681722000,2009.88,2012.13,2009.7,2010.37,8206
1681725600,2010.37,2011.04,2006.94,2007.57,7777
1681729200,2007.56,2010.1,2004.86,2009.07,9309
1681732800,2009.19,2010.6,1999.09,2000.63,17509
1681736400,2000.57,2002.13,1991.94,1995.89,20870
1681740000,1995.9,1996.94,1981.14,1985.14,22455
1681743600,1985.32,1992.03,1985.09,1989.92,16185
1681747200,1989.93,1992.06,1987.23,1991.45,10201
1681750800,1991.45,1995.82,1991.3,1995.2,8862
1681754400,1995.19,1997.09,1994.02,1995.5,6055
1681758000,1995.5,1996.6,1994.51,1996.17,5235
1681761600,1996.2,1996.36,1994.38,1994.99,2412
1681768800,1994.83,1995.29,1993.9,1994.52,1124
1681772400,1994.55,1995.26,1993.74,1993.86,2296
1681776000,1993.86,1996.07,1993.25,1995.1,5356
1681779600,1995.09,1999.34,1994.42,1997.57,10024
1681783200,1997.63,2000.82,1996.16,2000.37,7838
1681786800,2000.37,2001.77,1999.34,2000.19,7406
1681790400,2000.19,2000.4,1998.12,1998.28,3752
1681794000,1998.28,2001.71,1996.43,2000.49,7147
1681797600,2000.52,2001.11,1998.03,1999.76,8848
1681801200,1999.78,2004.05,1998.52,2002.26,10109
1681804800,2002.3,2005.08,2001.93,2003.14,8973
1681808400,2003.18,2004.11,1999.08,2001.12,8987
1681812000,2001.12,2004.77,1999.64,2003.5,7271
1681815600,2003.51,2004.92,2002.93,2003.89,8669
1681819200,2003.86,2005.77,2000.72,2001.3,12867
1681822800,2001.32,2001.62,1991.18,1999.06,22095
1681826400,1999.18,2010.63,1998.94,2009.13,22508
1681830000,2009.12,2011.8,2007.08,2008.45,15116
1681833600,2008.46,2008.5,2005.12,2007.11,9575
1681837200,2007.15,2008.23,2003.89,2004.09,7895
1681840800,2004.12,2005.66,2003.39,2005.23,6401
1681844400,2005.32,2006.13,2003.79,2004.09,5793
1681848000,2004.14,2005.44,2004.1,2005.23,2067
1681855200,2005.12,2005.85,2004.48,2005.44,1709
1681858800,2005.55,2006.25,2004.72,2005.75,2535
1681862400,2005.77,2007.4,2004.76,2007.31,5795
1681866000,2007.28,2008.1,2002.77,2003.4,10279
1681869600,2003.43,2006.84,2001.95,2004.14,8073
1681873200,2004.1,2004.72,2002.12,2003.36,5939
1681876800,2003.45,2004.39,2002.52,2003.85,4175
1681880400,2003.87,2004.22,1999.4,2000.37,7812
1681884000,2000.42,2001.2,1986.89,1990.95,18575
1681887600,1991.07,1995.42,1990.23,1991.29,13177
1681891200,1991.37,1991.38,1976.59,1980.02,15578
1681894800,1979.86,1980.5,1972.62,1974.07,13541
1681898400,1974.08,1976.36,1971.26,1972.96,12407
1681902000,1972.91,1973.16,1969.19,1970.64,12463
1681905600,1970.63,1980.46,1969.62,1980.24,17806
1681909200,1980.25,1992.85,1979.28,1990.59,25110
1681912800,1990.62,1995.93,1990.32,1992.78,19797
1681916400,1992.79,1995.74,1988.8,1990.73,12852
1681920000,1990.75,1996.4,1990.29,1995.96,9872
1681923600,1995.97,1996.52,1993.59,1993.96,9027
1681927200,1993.98,1996.65,1993.6,1996.32,8296
1681930800,1996.3,1996.79,1993.75,1994.42,5668
1681934400,1994.4,1995.33,1993.84,1994.6,2943
1681941600,1994.12,1995.65,1993.76,1994.38,2383
1681945200,1994.37,1994.59,1993.04,1993.61,3670
1681948800,1993.65,1996.62,1993.42,1995.51,7149
1681952400,1995.5,1998.66,1992.11,1995.65,10585
1681956000,1995.64,1996.83,1991.52,1991.71,9245
1681959600,1991.79,1993.11,1990.43,1992.7,6115
1681963200,1992.7,1994.25,1991.98,1992.65,4601
1681966800,1992.65,1995.2,1991.32,1994.18,7298
1681970400,1994.28,2001.11,1994.28,1999.09,13306
1681974000,1999.09,1999.92,1995.47,1997.12,11939
1681977600,1997.12,1999.06,1994.46,1996.62,11022
1681981200,1996.61,2000.17,1992.33,1999.53,10305
1681984800,1999.64,2004.84,1999.54,2003.56,10434
1681988400,2003.53,2004.59,2000.95,2001.03,8672
1681992000,2001.03,2011.29,1997.4,2006.77,21919
1681995600,2006.68,2007.32,2002.96,2003.57,19566
1681999200,2003.6,2012.33,2001,2003.61,20100
1682002800,2003.6,2004.21,1999.01,2002.51,13566
1682006400,2002.63,2007,2002.31,2005.82,9088
1682010000,2005.84,2008.36,2005.47,2006.71,7844
1682013600,2006.78,2006.86,2004.24,2005.86,5892
1682017200,2005.81,2005.97,2002.21,2003.18,8208
1682020800,2003.18,2005.77,2003.14,2004.66,2744
1682028000,2003.94,2004.96,2002.4,2004.57,2285
1682031600,2004.57,2005.46,2001.74,2005.22,4272
1682035200,2005.21,2005.47,2001.76,2004.5,6039
1682038800,2004.54,2005.13,2000.43,2001.98,9101
1682042400,2001.99,2003.94,2001.41,2002.92,6484
1682046000,2002.89,2003.2,2001.06,2002.06,4984
1682049600,2002.02,2002.28,2000.25,2000.51,4028
1682053200,2000.53,2000.99,1993.9,1994.89,7609
1682056800,1994.92,1998.02,1981.9,1986.24,14927
1682060400,1986.29,1987.56,1982.87,1986.69,14632
1682064000,1986.76,1989.53,1984.01,1988.27,12929
1682067600,1988.27,1990.33,1984.79,1986.1,9479
1682071200,1986.14,1992.45,1986,1988.07,9744
1682074800,1988.1,1988.51,1984.7,1988,9209
1682078400,1987.92,1990.99,1982.13,1988.95,15540
1682082000,1988.96,1997.94,1972.46,1973.71,25093
1682085600,1973.66,1987.44,1971.58,1978.84,26352
1682089200,1978.89,1979.74,1974.37,1975.8,14977
1682092800,1975.91,1978.5,1973.97,1977.45,10164
1682096400,1977.45,1980.7,1977.39,1980.58,7414
1682100000,1980.62,1982.67,1978.88,1979.13,5697
1682103600,1979.15,1982.99,1978.61,1982.66,5509
1682107200,1982.6,1983.56,1981.72,1982.65,2506
1682287200,1981.28,1983.94,1981.08,1983.9,2562
1682290800,1983.92,1985.36,1983.82,1984.57,2937
1682294400,1984.53,1984.54,1981.29,1983.77,6724
1682298000,1983.76,1984.53,1979.04,1979.38,10978
1682301600,1979.38,1983.12,1978.45,1980.21,9544
1682305200,1980.17,1981.41,1979.99,1980.74,5489
1682308800,1980.75,1981.19,1978.1,1979.49,4614
1682312400,1979.56,1979.77,1976.42,1978.5,8319
1682316000,1978.53,1981.61,1977.65,1978.98,11771
1682319600,1978.97,1983.16,1978.1,1982.63,10593
1682323200,1982.68,1985.18,1980.76,1985.05,9347
1682326800,1985.05,1986.91,1982.91,1983.04,9553
1682330400,1983.04,1985.39,1983,1983.63,7102
1682334000,1983.69,1985.26,1982.61,1983.08,6995
1682337600,1983.08,1984.54,1981.01,1983.85,13190
1682341200,1983.94,1984.98,1974.09,1977.88,19605
1682344800,1977.79,1987.19,1976.44,1982.48,19707
1682348400,1982.51,1985.41,1981.45,1984.79,13379
1682352000,1984.8,1987.68,1984.63,1986.63,9475
1682355600,1986.62,1990.81,1986.55,1989.53,9545
1682359200,1989.54,1990.29,1987.92,1989.74,6478
1682362800,1989.74,1989.82,1987.46,1988.72,5919
1682366400,1988.71,1989.42,1988.23,1988.96,2181
1682373600,1988.83,1993.29,1988.73,1992.55,2319
1682377200,1992.53,1996.48,1991.56,1994.95,3608
1682380800,1994.96,2000.88,1993.24,1996.8,7066
1682384400,1996.94,2000.52,1995.33,1997.11,11753
1682388000,1996.96,1998.27,1994.11,1994.73,7877
1682391600,1994.64,1996.45,1992.79,1992.79,6171
1682395200,1992.78,1993.78,1990.92,1991.03,4240
1682398800,1991,1995.65,1990.78,1995.46,7226
1682402400,1995.42,1996.85,1992.84,1994.23,9615
1682406000,1994.24,1997.23,1987.49,1990.18,14880
1682409600,1990.23,1991.09,1986.89,1988.51,10592
1682413200,1988.52,1990.97,1986.94,1988.12,9589
1682416800,1988.15,1988.48,1981.75,1982.12,10158
1682420400,1982.14,1982.87,1976.62,1977.55,14054
1682424000,1977.53,1994.52,1976.05,1992.94,20254
1682427600,1992.87,1993.67,1983.92,1985.16,21585
1682431200,1985.17,1989.17,1983.45,1985.82,20801
1682434800,1985.83,1990.64,1985.45,1989.89,12086
1682438400,1989.9,1991.7,1988.22,1990.54,10397
1682442000,1990.59,1999.51,1989.94,1998.91,15508
1682445600,1999.1,2003.8,1994.35,1995.71,13623
1682449200,1995.48,1999.32,1994.67,1999.09,7537
1682452800,1999.03,1999.03,1995.73,1997.01,3832
1682460000,1996.66,1998.14,1995.93,1997.48,2089
1682463600,1997.59,2001.6,1997.59,2000.15,4693
1682467200,2000.1,2002.43,1997.23,1997.77,11643
1682470800,1997.77,1999.49,1995.6,1998.89,13845
1682474400,1998.87,2000.72,1996.56,1998.48,8898
1682478000,1998.48,1998.49,1993.07,1993.99,6478
1682481600,1994.07,1996.12,1994.05,1995.49,3857
1682485200,1995.45,1997.98,1995.2,1996.05,7064
1682488800,1996.11,1998.92,1994.28,1998.25,9082
1682492400,1998.24,1999.28,1995.19,1997.95,12280
1682496000,1997.99,1998.25,1995.3,1997.61,10370
1682499600,1997.66,2000.12,1997.05,1998.79,9306
1682503200,1998.82,2000.46,1998.62,1999.25,7648
1682506800,1999.28,2001.7,1991.46,1995.74,15418
1682510400,1995.74,2000.13,1993.82,1997.99,18752
1682514000,1998.04,2009.27,1997.49,2003.01,27286
1682517600,2002.95,2004.14,1997.42,1998.58,22825
1682521200,1998.71,1999.56,1991.44,1991.45,18219
1682524800,1991.45,1992.45,1985.38,1986.58,18581
1682528400,1986.59,1988.69,1983.3,1988.3,13352
1682532000,1988.33,1990.88,1984.46,1990.27,12265
1682535600,1990.41,1991.59,1986.99,1988.01,10483
1682539200,1987.97,1989.63,1987.17,1989.25,3515
1682546400,1989.95,1990.69,1989.02,1990,3806
1682550000,1990.06,1991.91,1989.84,1991.63,3069
1682553600,1991.54,1992.19,1989.75,1991.46,6801
1682557200,1991.58,1995.06,1989.46,1992.62,10608
1682560800,1992.6,1998.89,1992.03,1998.66,10129
1682564400,1998.62,2000.84,1998.36,1999.77,8255
1682568000,1999.78,2000.58,1997.7,1999.59,5663
1682571600,1999.56,2002.68,1997.62,1998.95,9458
1682575200,1999.02,2003.16,1997.31,2001.98,12218
1682578800,2001.97,2003.19,1998.3,1999.39,11521
1682582400,1999.44,1999.92,1997.55,1998.17,9329
1682586000,1998.25,1999.86,1996.82,1996.94,8022
1682589600,1996.92,2001.06,1995.86,2000.59,8161
1682593200,2000.58,2001.17,1996.1,1996.83,8892
1682596800,1996.84,2003.05,1981.79,1985.87,25342
1682600400,1985.85,1988.82,1974.11,1981.87,28223
1682604000,1982.16,1986.38,1978.78,1983.37,21542
1682607600,1983.36,1985.85,1981.9,1982.21,13355
1682611200,1982.31,1984.54,1981.16,1984.27,8846
1682614800,1984.26,1991.06,1983.64,1989.08,10847
1682618400,1989.17,1989.75,1987.01,1989.01,6874
1682622000,1988.96,1989.87,1986.85,1988.06,6542
1682625600,1988.08,1988.6,1987.38,1987.78,3587
1682632800,1987.99,1987.99,1986.41,1986.67,1892
1682636400,1986.64,1987.62,1986.23,1986.87,3820
1682640000,1986.87,1987.42,1985.52,1985.83,6404
1682643600,1985.81,1991.48,1984.87,1990.41,12945
1682647200,1990.41,1990.74,1988.46,1990.49,7631
1682650800,1990.45,1991.08,1987.17,1988.86,8890
1682654400,1988.85,1990.31,1986.16,1987.31,12540
1682658000,1987.33,1989.55,1983.41,1984.74,12053
1682661600,1984.69,1987.1,1983.27,1985.84,16250
1682665200,1985.93,1986.21,1981.55,1982.33,13841
1682668800,1982.36,1983.66,1979.67,1983.4,11696
1682672400,1983.42,1983.73,1981.86,1982.94,9251
1682676000,1982.93,1984.45,1982.45,1983.28,7609
1682679600,1983.29,1984.79,1982.02,1983.23,8645
1682683200,1983.2,1987.5,1976.27,1984.15,22505
1682686800,1984.19,1990.08,1982.44,1986.5,19517
1682690400,1986.45,1993.72,1982.09,1992.29,23813
1682694000,1992.33,1995,1987.7,1991.69,19621
1682697600,1991.69,1994.09,1989.09,1991.47,11773
1682701200,1991.48,1992.83,1988.91,1990.64,8805
1682704800,1990.64,1991.24,1988.64,1988.88,7179
1682708400,1989.03,1989.65,1987.48,1989.15,8352
1682712000,1989.24,1989.83,1987.91,1989.67,3270
1682892000,1991.03,1991.81,1988.46,1989.11,3912
1682895600,1989.15,1989.2,1986.58,1986.85,3214
1682899200,1986.98,1987.38,1983.63,1983.94,7176
1682902800,1983.86,1985.01,1980.97,1981.95,6152
1682906400,1981.92,1983.76,1981.57,1982.61,5267
1682910000,1982.59,1983.39,1980.59,1983.33,4357
1682913600,1983.4,1986.33,1982.48,1984.18,5799
1682917200,1984.15,1984.15,1979.81,1982.08,5747
1682920800,1981.88,1981.88,1979.44,1979.85,5943
1682924400,1979.86,1981.34,1978.95,1980.92,6397
1682928000,1980.91,1981.27,1977.1,1977.3,6136
1682931600,1977.27,1985.19,1977.04,1984.65,6939
1682935200,1984.66,1988.76,1984.55,1988.55,6020
1682938800,1988.6,1989.92,1986.85,1988.99,7917
1682942400,1989.01,2005.23,1988.25,2003.92,21931
1682946000,2004.25,2005.98,1997.05,1997.21,20021
1682949600,1997.21,1997.21,1982.94,1984.23,28758
1682953200,1984.24,1985.2,1980.47,1982.95,17356
1682956800,1982.93,1984.03,1979.86,1981.6,10301
1682960400,1981.62,1983.94,1979.89,1982.14,9695
1682964000,1982.17,1983.31,1980.52,1980.69,6267
1682967600,1980.8,1981.62,1979.38,1979.76,7511
1682971200,1979.75,1982.55,1979.64,1982.41,3899
1682978400,1981.63,1983.19,1981.12,1982.56,1906
1682982000,1982.57,1982.78,1980.69,1981.37,2593
1682985600,1981.36,1983.62,1981.3,1982.06,6469
1682989200,1982.05,1985.19,1981.84,1983.15,7340
1682992800,1983.18,1983.28,1981.27,1982.75,5192
1682996400,1982.73,1982.82,1981.46,1982.1,4259
1683000000,1982.06,1982.85,1981.36,1982.16,6254
1683003600,1982.18,1984.25,1981.28,1982.74,5135
1683007200,1982.71,1985.62,1982.2,1984.67,8215
1683010800,1984.65,1985.7,1980.41,1981.31,10242
1683014400,1981.37,1982.27,1978.41,1981.34,10665
1683018000,1981.3,1986.34,1980.52,1984.08,9013
1683021600,1983.99,1988.42,1983.26,1988.24,8131
1683025200,1988.22,1990.15,1985.78,1986.37,9862
1683028800,1986.34,1987.86,1985.15,1985.63,11164
1683032400,1985.63,1989.46,1984.42,1987.01,17960
1683036000,1987.03,2012.94,1987,2008.39,37859
1683039600,2008.39,2015.46,2006.78,2014.41,25397
1683043200,2014.41,2019.35,2013.54,2015.04,18777
1683046800,2015.05,2016.97,2011.16,2012.24,12274
1683050400,2012.26,2015.61,2011.25,2014.26,9794
1683054000,2014.26,2018.31,2014.22,2018.16,9633
1683057600,2018.19,2018.2,2015.79,2016.51,3316
1683064800,2016.45,2016.77,2015.42,2015.63,2103
1683068400,2015.6,2016.33,2015.52,2015.91,1891
1683072000,2015.89,2016.97,2014.11,2016.32,4340
1683075600,2016.27,2017.83,2015.75,2016.79,4721
1683079200,2016.77,2018.76,2016.51,2017.11,3893
1683082800,2017.05,2018.61,2016.96,2018.45,2576
1683086400,2018.44,2019.43,2015.88,2015.94,3224
1683090000,2015.91,2016.53,2014.47,2014.86,4122
1683093600,2014.87,2018.65,2014.27,2017.95,6736
1683097200,2017.82,2018.71,2012.59,2014.85,9585
1683100800,2014.88,2016.73,2014.28,2015.62,8052
1683104400,2015.62,2017.43,2015.27,2016.96,7364
1683108000,2016.95,2017.38,2015.21,2016.49,7614
1683111600,2016.47,2016.99,2014.34,2015.85,6733
1683115200,2015.83,2016.28,2006.88,2013.7,17519
1683118800,2013.7,2020.03,2012.36,2013.62,17748
1683122400,2013.65,2021.96,2011.84,2021.23,23296
1683126000,2021.22,2026.79,2020.23,2023.53,16226
1683129600,2023.52,2025.24,2022.82,2024.01,10035
1683133200,2023.99,2028.53,2021.07,2022.8,10751
1683136800,2022.82,2035.97,2017,2022.83,34653
1683140400,2022.9,2035.91,2019.13,2035.06,24749
1683144000,2035.09,2040.35,2028.96,2038.52,8190
1683151200,2044.73,2078.37,2043.91,2056.53,13391
1683154800,2056.56,2056.69,2050.47,2051.86,6662
1683158400,2051.95,2057.09,2051.79,2054.36,9372
1683162000,2054.36,2054.84,2043.51,2044.42,16691
1683165600,2044.33,2046.39,2038.22,2043.46,9901
1683169200,2043.43,2043.56,2039.66,2040.9,5731
1683172800,2040.9,2045.4,2040.65,2044.21,5039
1683176400,2044.16,2045.35,2041.23,2042.74,6339
1683180000,2042.79,2043.47,2036.55,2039.11,14861
1683183600,2039.12,2039.43,2030.33,2034.53,16875
1683187200,2034.49,2035.6,2031.15,2034.44,12035
1683190800,2034.42,2038.49,2033.69,2037.75,9778
1683194400,2037.78,2040.64,2036.57,2039.9,10090
1683198000,2039.91,2044.89,2039.57,2041.99,12538
1683201600,2041.99,2042.91,2033.67,2036.89,25707
1683205200,2036.87,2045.45,2032.05,2044.32,30542
1683208800,2044.21,2059.53,2042.92,2055.21,41382
1683212400,2055.22,2055.96,2043.42,2050.91,30586
1683216000,2050.92,2054.07,2047.23,2050.76,21649
1683219600,2050.74,2050.99,2044.46,2046.22,20347
1683223200,2046.16,2050.72,2044.94,2049.46,14676
1683226800,2049.55,2050.22,2047.14,2049.54,13819
1683230400,2049.53,2050.88,2048.92,2050.09,4990
1683237600,2049.73,2049.74,2047.4,2049.02,2428
1683241200,2048.95,2050.01,2048.53,2049.87,2209
1683244800,2049.89,2049.89,2048.18,2048.86,4076
1683248400,2048.83,2052.93,2048.23,2051.9,9707
1683252000,2051.92,2051.99,2045.43,2046.82,7669
1683255600,2046.82,2050.75,2046.64,2049.7,6180
1683259200,2049.76,2051.09,2048.39,2048.46,3078
1683262800,2048.47,2049.59,2045.59,2045.9,6746
1683266400,2045.92,2048.32,2044.69,2047.06,11514
1683270000,2047.23,2047.46,2039.25,2040.51,12332
1683273600,2040.52,2041.67,2038.78,2039.88,9310
1683277200,2039.96,2040.21,2037.31,2037.85,7896
1683280800,2037.88,2039.36,2036.16,2039.26,7954
1683284400,2039.16,2039.23,2034.36,2035.42,9081
1683288000,2035.41,2038.31,2007.74,2010.36,27643
1683291600,2010.45,2013.1,2001.02,2003.81,34130
1683295200,2003.95,2010.76,1999.46,2010.69,25483
1683298800,2010.67,2015.16,2007.7,2015.15,16705
1683302400,2015.21,2018.71,2012.98,2017.06,14807
1683306000,2017.07,2018.39,2014.75,2015.44,11198
1683309600,2015.49,2016.64,2013.45,2016.62,7464
1683313200,2016.66,2018.78,2015.15,2017.71,8093
1683316800,2017.78,2018.89,2015.67,2015.8,2913
1683496800,2016.06,2018.07,2014.21,2014.48,3507
1683500400,2014.65,2017.23,2014.62,2016,3544
1683504000,2016.03,2018.6,2015.67,2018,5542
1683507600,2017.99,2018.46,2015.1,2016.91,9662
1683511200,2016.92,2021.17,2016.25,2020.14,8271
1683514800,2020.11,2023.93,2019.41,2023.16,5325
1683518400,2023.19,2024.58,2022.7,2023.67,4240
1683522000,2023.69,2024.66,2020.02,2020.88,6363
1683525600,2020.89,2022.77,2020.23,2022.02,7306
1683529200,2021.97,2022.65,2020.79,2021.49,7073
1683532800,2021.44,2023.04,2019.94,2022.49,7875
1683536400,2022.49,2024.27,2022.07,2022.62,5720
1683540000,2022.59,2025,2022.43,2024.08,5976
1683543600,2024.07,2025.42,2021.48,2022.25,7851
1683547200,2022.27,2026.93,2021.79,2026.05,13765
1683550800,2026.08,2026.77,2017.85,2024.87,19791
1683554400,2024.89,2026.55,2022.89,2024.95,17324
1683558000,2024.94,2029.31,2022.86,2027.09,13637
1683561600,2027.12,2029.36,2026.29,2027.08,8768
1683565200,2027.01,2027.9,2022.9,2023.86,7011
1683568800,2023.83,2023.86,2020.53,2021.51,9190
1683572400,2021.53,2022.45,2020.22,2020.32,6446
1683576000,2020.34,2021.48,2020.17,2021.33,2819
1683583200,2020.84,2022.38,2020.62,2022.11,2256
1683586800,2022.14,2022.14,2020.13,2021.25,2741
1683590400,2021.24,2021.32,2019.46,2020.08,5027
1683594000,2020.08,2024.51,2019.81,2022.74,7892
1683597600,2022.76,2024.23,2021.88,2023.68,4795
1683601200,2023.72,2024.92,2021.93,2024.86,4803
1683604800,2024.89,2026.78,2024.6,2025.59,4136
1683608400,2025.55,2028.71,2025.33,2026.01,6548
1683612000,2026.16,2027.73,2023.71,2024.13,8933
1683615600,2024.12,2025.69,2021.68,2024.68,10864
1683619200,2024.67,2026.1,2021.39,2025.27,9041
1683622800,2025.49,2028.36,2024.82,2028.28,8001
1683626400,2028.18,2031.09,2027.98,2030.8,7139
1683630000,2030.81,2032.77,2030.53,2030.99,9353
1683633600,2031.02,2032.05,2026.6,2026.89,13575
1683637200,2027.08,2030.5,2022.92,2030.3,18910
1683640800,2030.26,2030.37,2025.54,2026.03,16650
1683644400,2025.96,2027.61,2024.38,2026.89,11246
1683648000,2027.05,2032.56,2026.81,2030.93,11769
1683651600,2030.94,2037.57,2030.67,2035.54,12135
1683655200,2035.54,2036.98,2034.92,2035.25,7316
1683658800,2035.32,2035.65,2034.1,2034.23,5218
1683662400,2034.27,2035.12,2034.08,2034.38,2498
1683669600,2033.87,2036.42,2033.83,2035.95,2157
1683673200,2035.97,2037.08,2035.86,2036.25,2308
1683676800,2036.3,2038.15,2034.92,2036.43,5580
1683680400,2036.44,2037.02,2032.62,2032.79,7622
1683684000,2032.73,2033.49,2030.43,2031.26,5828
1683687600,2031.26,2032.41,2030.7,2031.66,3966
1683691200,2031.62,2031.64,2029.68,2030.69,3256
1683694800,2030.7,2031.43,2027.71,2029.01,5745
1683698400,2028.99,2032.93,2027.38,2032.01,7485
1683702000,2031.95,2032.03,2028.14,2031.67,9534
1683705600,2031.67,2031.82,2026.24,2028.44,8687
1683709200,2028.41,2030.08,2028.04,2029,5743
1683712800,2029.05,2032.07,2029.04,2031.27,5516
1683716400,2031.25,2031.75,2028.29,2029.26,6644
1683720000,2029.28,2048.13,2025,2045.61,25876
1683723600,2045.61,2046.7,2031.94,2038.1,30794
1683727200,2038.08,2038.08,2028.19,2029.1,28691
1683730800,2029.13,2029.84,2021.47,2025,20817
1683734400,2025.04,2028.83,2024.53,2027.81,11436
1683738000,2027.87,2033.27,2027.34,2030.85,13051
1683741600,2030.86,2034.14,2030.56,2032.16,9066
1683745200,2032.15,2032.62,2029.1,2030.92,7433
1683748800,2030.9,2031.55,2029.1,2030.17,2275
1683756000,2030,2031.34,2029.56,2030.71,1543
1683759600,2030.71,2032.06,2030.63,2031.38,2193
1683763200,2031.45,2035.4,2031.18,2035.23,5866
1683766800,2035.24,2036.32,2032.9,2033.47,9708
1683770400,2033.45,2034.12,2031.09,2032.15,7604
1683774000,2032.12,2033.64,2031.75,2032.34,3946
1683777600,2032.32,2032.48,2030.06,2031.02,3875
1683781200,2031,2033.1,2030,2032.16,5625
1683784800,2032.14,2032.68,2027.17,2027.4,11347
1683788400,2027.28,2028.35,2021.75,2025.62,13432
1683792000,2025.5,2025.6,2021.93,2022.52,12354
1683795600,2022.55,2028.07,2021.64,2026.79,10015
1683799200,2026.8,2029.43,2026.29,2029.05,7968
1683802800,2029.1,2039.16,2028.72,2036.74,17244
1683806400,2036.84,2041.16,2028.58,2037.44,26744
1683810000,2037.43,2038.05,2011.1,2012.84,33505
1683813600,2012.77,2022.2,2012.46,2021.25,26356
1683817200,2021.22,2021.97,2013.13,2013.61,15492
1683820800,2013.54,2018.35,2012.84,2015.67,14204
1683824400,2015.61,2017.66,2013.55,2013.98,10814
1683828000,2013.95,2015.13,2013.44,2014.44,6901
1683831600,2014.4,2016.55,2013.46,2014.22,5497
1683835200,2014.23,2015.13,2013.75,2014.92,2715
1683842400,2014.84,2016.49,2014.7,2015.89,1988
1683846000,2015.92,2016.64,2015.27,2016.34,2810
1683849600,2016.33,2017.49,2014.93,2015.75,5897
1683853200,2015.73,2016.3,2010.65,2011.95,12089
1683856800,2011.99,2012.76,2008.68,2010.72,9743
1683860400,2010.77,2012.26,2009.96,2011.58,7048
1683864000,2011.58,2012.29,2010.88,2011.85,3287
1683867600,2011.82,2012.1,2008.27,2009.5,6008
1683871200,2009.65,2011.59,2005.63,2009.88,12943
1683874800,2009.92,2012.6,2008.05,2008.79,13043
1683878400,2008.81,2009.76,2005.53,2006.65,10956
1683882000,2006.57,2007.06,2000.89,2002.79,11233
1683885600,2002.81,2007.71,2002.63,2006.12,7890
1683889200,2006.13,2006.18,2002.58,2004.75,8410
1683892800,2004.73,2015.82,2003.49,2014.12,17975
1683896400,2014.12,2022.56,2012.78,2020.1,22374
1683900000,2019.13,2021.44,2010.06,2011.22,26477
1683903600,2011.28,2012.3,2008.93,2009.51,15566
1683907200,2009.43,2013.64,2008.36,2013.64,11619
1683910800,2013.59,2016.39,2013.26,2014.47,10118
1683914400,2014.48,2015.61,2013.85,2014.37,6428
1683918000,2014.39,2014.65,2010.66,2010.88,7453
1683921600,2010.91,2011.47,2010.36,2010.71,1945
1684101600,2007.9,2011.94,2007.18,2010.91,2676
1684105200,2010.87,2010.91,2009.29,2009.55,2193
1684108800,2009.53,2011.99,2008.63,2011.94,5429
1684112400,2012,2018.8,2012,2017.52,12894
1684116000,2017.53,2017.78,2013.24,2013.48,8728
1684119600,2013.43,2014.91,2013.16,2013.98,5380
1684123200,2013.96,2014.69,2013.43,2014.22,2612
1684126800,2014.17,2019.23,2013.26,2016.85,8470
1684130400,2016.71,2017.02,2013.88,2016.51,10406
1684134000,2016.32,2020.04,2016.32,2018.4,10536
1684137600,2018.38,2020.9,2017.04,2017.35,8651
1684141200,2017.34,2017.71,2015.01,2016.4,6469
1684144800,2016.37,2016.9,2014.33,2014.7,5707
1684148400,2014.71,2015.84,2011.93,2013.06,8674
1684152000,2013.08,2019.22,2011.47,2017.07,16543
1684155600,2017.05,2022.13,2014.35,2020.76,18422
1684159200,2020.77,2021.16,2013.3,2015.27,18673
1684162800,2015.24,2018.43,2014.16,2017.7,10340
1684166400,2017.71,2020.33,2017.11,2020.25,7134
1684170000,2020.24,2021.44,2016.8,2018.13,7116
1684173600,2018.18,2018.33,2014.67,2014.8,6299
1684177200,2014.76,2015.84,2014.39,2015.01,4652
1684180800,2015.1,2016.36,2015.1,2016.34,1848
1684188000,2015.81,2016.62,2015.73,2015.89,1180
1684191600,2015.89,2015.89,2013.75,2014.39,2071
1684195200,2014.41,2015.75,2014.11,2015.67,4321
1684198800,2015.66,2018.31,2015.3,2017.64,6503
1684202400,2017.61,2017.64,2014.75,2016.96,6721
1684206000,2016.96,2018.12,2016.43,2016.9,3387
1684209600,2016.89,2016.9,2015.92,2016.16,2237
1684213200,2016.17,2017.66,2012.41,2012.74,7320
1684216800,2012.96,2013.02,2002.59,2007.13,15971
1684220400,2007.11,2010.33,2005.92,2010.01,11714
1684224000,2009.99,2010.3,2008.88,2010.08,8199
1684227600,2010.13,2010.19,2008.81,2009.55,6462
1684231200,2009.53,2010.1,2007.59,2008.17,5944
1684234800,2008.17,2009.36,2005.12,2005.46,7812
1684238400,2005.4,2014.82,2001.14,2012,21851
1684242000,2011.94,2012.4,2007.03,2007.54,24825
1684245600,2007.56,2008.37,2001.91,2003.24,22212
1684249200,2003.22,2003.69,1994.56,1995.93,20109
1684252800,1995.87,1997.06,1987.44,1987.53,16174
1684256400,1987.49,1990.02,1985.42,1986.78,13215
1684260000,1986.86,1991.16,1986.86,1990.75,8357
1684263600,1990.73,1991.14,1989.47,1989.89,7513
1684267200,1989.91,1991.12,1988.46,1988.78,3933
1684274400,1989.06,1990.08,1987.96,1989.89,1429
1684278000,1989.9,1989.92,1988.8,1989.65,1699
1684281600,1989.66,1992.96,1989.66,1992.01,5301
1684285200,1991.99,1992.95,1989.84,1992.6,11352
1684288800,1992.58,1992.96,1990.73,1992.75,6522
1684292400,1992.75,1992.81,1991.14,1991.25,4026
1684296000,1991.25,1992.06,1990.73,1991.44,2813
1684299600,1991.45,1991.74,1987.69,1987.86,7179
1684303200,1987.82,1989.52,1986.66,1988.73,9222
1684306800,1988.72,1990.52,1987.57,1987.68,11053
1684310400,1987.65,1989.1,1985.86,1986.07,10014
1684314000,1986.08,1986.09,1983.86,1983.91,9618
1684317600,1983.93,1988.82,1983.53,1988.07,7784
1684321200,1988.09,1988.65,1986.42,1987.39,7024
1684324800,1987.39,1987.82,1981.81,1984.89,15053
1684328400,1984.86,1987.98,1976.46,1977.66,23773
1684332000,1977.57,1985.24,1974.98,1982.95,21863
1684335600,1982.97,1983.34,1979.55,1980.4,13832
1684339200,1980.34,1984.31,1980.06,1983.78,9190
1684342800,1983.77,1984.43,1980.36,1981.51,10402
1684346400,1981.51,1984.48,1981.09,1983.86,7584
1684350000,1983.88,1984.44,1982.08,1982.96,6345
1684353600,1982.93,1983.17,1981.33,1981.51,2452
1684360800,1981.05,1983.6,1980.6,1982.94,1540
1684364400,1982.94,1983.5,1982.41,1982.7,1208
1684368000,1982.74,1983.64,1981.94,1983.46,3676
1684371600,1983.43,1985.2,1982.39,1985.07,9865
1684375200,1985.08,1985.95,1983.5,1984.1,6190
1684378800,1984.1,1984.36,1981.32,1982.28,4864
1684382400,1982.4,1982.73,1979.42,1979.75,3628
1684386000,1979.79,1979.8,1977.47,1978.17,8512
1684389600,1978.16,1981.47,1977.14,1977.29,10792
1684393200,1977.27,1979.39,1973.53,1974.51,10642
1684396800,1974.54,1976.2,1972.15,1975.34,11123
1684400400,1975.33,1978.02,1975.13,1977.33,7818
1684404000,1977.34,1978.87,1976.56,1976.98,6239
1684407600,1977,1977,1973.76,1974.09,7568
1684411200,1974.11,1975.38,1966.22,1967,19829
1684414800,1967.03,1968.21,1956.59,1959.96,26993
1684418400,1959.9,1962.03,1954.32,1955.33,21174
1684422000,1955.36,1956.79,1951.91,1955.99,15306
1684425600,1956,1957.84,1954.09,1955.63,12005
1684429200,1955.66,1958.49,1953.93,1958.48,9873
1684432800,1958.44,1958.89,1955.45,1956.23,6341
1684436400,1956.24,1957.66,1955.13,1957.26,5473
1684440000,1957.28,1957.61,1956.84,1957.39,2061
1684447200,1957.88,1958.85,1957.68,1958.54,1630
1684450800,1958.48,1959.12,1957.85,1958.35,2188
1684454400,1958.38,1959.72,1957.09,1957.6,5328
1684458000,1957.58,1960.38,1953.96,1957.11,10604
1684461600,1957.05,1963.18,1955.88,1962.76,7595
1684465200,1962.75,1963.61,1961.94,1963.25,6939
1684468800,1963.26,1964.13,1961.93,1962.51,4069
1684472400,1962.52,1963.83,1960.58,1962.64,6701
1684476000,1962.61,1968.71,1961.56,1964.35,11241
1684479600,1964.37,1967.84,1964.26,1966.89,10221
1684483200,1966.87,1967.35,1964.41,1964.67,8497
1684486800,1964.73,1968.21,1964.33,1967.67,8437
1684490400,1967.69,1967.86,1963.46,1965.58,9162
1684494000,1965.6,1965.88,1962.29,1963.7,10158
1684497600,1963.68,1964.77,1960.34,1960.85,14789
1684501200,1960.76,1963.82,1957.81,1960.97,21767
1684504800,1961,1961.91,1957.13,1958.53,17975
1684508400,1958.51,1984.19,1958.06,1974.8,36277
1684512000,1974.78,1979.21,1973.12,1978.34,19218
1684515600,1978.36,1983.2,1977.22,1982.92,10971
1684519200,1982.94,1983.18,1976.78,1976.9,9487
1684522800,1976.92,1977.32,1974.21,1976.14,9604
1684526400,1976.13,1977.69,1975.48,1977.58,2975
1684706400,1977.53,1981.29,1977.19,1980.16,3329
1684710000,1980.12,1981.45,1979.26,1980.84,2728
1684713600,1980.79,1981.32,1978.35,1980.97,6638
1684717200,1981.07,1982.37,1978.36,1980.22,13509
1684720800,1980.21,1980.23,1976.24,1978.09,9053
1684724400,1978.04,1979.1,1976.63,1977.88,6298
1684728000,1977.87,1978.73,1975.93,1976.3,3004
1684731600,1976.29,1976.37,1972.31,1973.08,8241
1684735200,1973.03,1976.82,1971.19,1976.26,12485
1684738800,1976.17,1978.63,1974.34,1976.77,11604
1684742400,1976.77,1980.76,1975.12,1980.66,8919
1684746000,1980.66,1982.61,1979.24,1979.67,8615
1684749600,1979.64,1981.38,1977.58,1978.11,7892
1684753200,1978.11,1978.82,1969.77,1972.93,10557
1684756800,1972.98,1978.53,1972.6,1975.48,15058
1684760400,1975.51,1975.95,1971.3,1971.54,19572
1684764000,1971.51,1978.71,1968.84,1973.28,24378
1684767600,1973.33,1974.56,1970.86,1972.44,12193
1684771200,1972.47,1975.46,1972.4,1974.5,8632
1684774800,1974.51,1978.88,1973.99,1974.92,10280
1684778400,1974.95,1975.77,1972.4,1972.95,6701
1684782000,1973.01,1973.81,1971.66,1972.09,5470
1684785600,1972.07,1972.55,1971.53,1971.66,2309
1684792800,1971.82,1972.56,1970.97,1971.29,1458
1684796400,1971.27,1971.7,1969.57,1969.79,3001
1684800000,1969.82,1971.78,1966.7,1967.26,6435
1684803600,1967,1968.54,1960.27,1960.34,13789
1684807200,1960.33,1964.23,1960.2,1963.73,9233
1684810800,1963.69,1964.08,1960.38,1962.72,7182
1684814400,1962.68,1964.33,1962.43,1963.34,4745
1684818000,1963.33,1963.69,1959.55,1961.02,7991
1684821600,1961.02,1964.55,1959.49,1962.36,11952
1684825200,1962.35,1962.36,1955.41,1957.2,14641
1684828800,1957.2,1960.68,1954.22,1959.8,12543
1684832400,1959.8,1961.32,1956.85,1957,8933
1684836000,1956.96,1958.9,1954.43,1958.25,9687
1684839600,1958.29,1960.11,1957.18,1958.85,8058
1684843200,1958.8,1962.62,1957.72,1958.79,15905
1684846800,1958.82,1973.39,1958.82,1969.61,28146
1684850400,1969.57,1973.51,1966.49,1968.73,24099
1684854000,1968.75,1968.94,1964.29,1967.27,13669
1684857600,1967.25,1974.62,1966.24,1973.06,13947
1684861200,1973.18,1975.09,1971.46,1974.92,11789
1684864800,1974.91,1977.67,1973.94,1976.16,11718
1684868400,1976.15,1976.46,1974.35,1974.83,8047
1684872000,1974.84,1975.31,1974.21,1974.91,2699
1684879200,1975.1,1977.09,1974.43,1976.88,1834
1684882800,1976.9,1977.25,1974.66,1975.01,2377
1684886400,1975.01,1977,1974.59,1974.99,5199
1684890000,1975.01,1976.02,1973.02,1973.79,11183
1684893600,1973.58,1974.94,1972.82,1973.26,7600
1684897200,1973.23,1976.44,1972.71,1976.43,5506
1684900800,1976.46,1978.65,1976.15,1977.54,4221
1684904400,1977.62,1980.56,1976.89,1979.45,7099
1684908000,1979.43,1979.79,1971.07,1971.8,14162
1684911600,1971.7,1976.37,1970.64,1973.95,13005
1684915200,1973.93,1977.71,1973.52,1976.24,10242
1684918800,1976.25,1977.1,1973.88,1976.04,8784
1684922400,1976.03,1977.25,1974.07,1976.62,9037
1684926000,1976.63,1982.03,1976.16,1981.88,9710
1684929600,1981.88,1985.28,1978.44,1979.86,16109
1684933200,1979.82,1980.84,1971.48,1972.58,21672
1684936800,1972.56,1972.87,1966.53,1969.48,22867
1684940400,1969.39,1970.52,1960.43,1963.04,16465
1684944000,1963.18,1963.29,1956.71,1959.04,15615
1684947600,1959.03,1964.39,1958.34,1962.51,10816
1684951200,1962.45,1965.21,1959.47,1959.78,12582
1684954800,1959.89,1961.15,1958.01,1958.96,9824
1684958400,1958.98,1960.05,1957.03,1957.16,4820
1684965600,1957.39,1961.82,1957.32,1961,4428
1684969200,1960.98,1960.98,1958,1959.78,3020
1684972800,1959.8,1960.18,1957.69,1959.39,6088
1684976400,1959.32,1960.1,1954.99,1956.48,13797
1684980000,1956.45,1958.75,1955.66,1957.51,8949
1684983600,1957.5,1958.82,1956.9,1957.19,6048
1684987200,1957.2,1958.05,1956.32,1957.87,3444
1684990800,1957.85,1958.47,1954.99,1955.97,7521
1684994400,1955.95,1960.6,1954.91,1958.96,11286
1684998000,1958.98,1961.35,1957.46,1959.41,11179
1685001600,1959.42,1964.76,1959.18,1962.02,9886
1685005200,1962.01,1963.95,1960.42,1961.04,7809
1685008800,1961.09,1962.82,1960.9,1961.87,6979
1685012400,1961.9,1962.59,1959.98,1961.93,9281
1685016000,1961.98,1963.07,1939.25,1943.61,26204
1685019600,1943.48,1954.01,1943.36,1946.6,28889
1685023200,1946.63,1951.67,1944.12,1945.25,24293
1685026800,1945.21,1946.96,1943.34,1945.43,15920
1685030400,1945.45,1946.9,1942.91,1943.54,11966
1685034000,1943.57,1944.98,1942.66,1944.48,8925
1685037600,1944.47,1944.47,1941.79,1942.11,7938
1685041200,1942,1942.29,1938.86,1940.15,7822
1685044800,1940.03,1940.86,1939.75,1940.69,2897
1685052000,1940.33,1943.12,1940.33,1942.19,2837
1685055600,1942.17,1942.17,1939.4,1940.48,2532
1685059200,1940.48,1941.65,1936.7,1940.85,7508
1685062800,1940.9,1946.84,1940.31,1946.75,12438
1685066400,1946.72,1948.79,1945.86,1945.95,8670
1685070000,1945.95,1948.78,1944.9,1948.39,5946
1685073600,1948.37,1948.91,1947.06,1947.85,4753
1685077200,1947.89,1951.75,1947.39,1948.62,8587
1685080800,1948.58,1952.38,1946.92,1951.7,13019
1685084400,1951.54,1957.21,1950.3,1956.21,11539
1685088000,1956.12,1956.67,1951.35,1952.55,9837
1685091600,1952.58,1954.14,1951.7,1953.6,6077
1685095200,1953.59,1953.89,1951.87,1953.38,5495
1685098800,1953.38,1953.8,1950.98,1951.44,7653
1685102400,1951.43,1953.86,1944.24,1947.33,22502
1685106000,1947.3,1950.42,1946.06,1946.88,22034
1685109600,1946.76,1951.8,1938.78,1942.12,26579
1685113200,1942.12,1943.68,1938.73,1943.4,18866
1685116800,1943.44,1946.62,1942.77,1944.12,12716
1685120400,1944.1,1945.32,1943,1944.84,9058
1685124000,1944.85,1946.95,1944.47,1946.13,6002
1685127600,1946.17,1947.59,1944.78,1947.42,5671
1685131200,1947.42,1947.49,1945.98,1946.48,2088
1685311200,1941.97,1946.23,1941.11,1943.92,3728
1685314800,1943.9,1944.68,1943.21,1943.62,2695
1685318400,1943.64,1943.95,1941.01,1941.52,5343
1685322000,1941.51,1946.17,1940.18,1943.17,9923
1685325600,1943.23,1945.08,1942.61,1945,6498
1685329200,1944.99,1945.83,1944.54,1945.53,3961
1685332800,1945.53,1946.06,1945.21,1945.75,2423
1685336400,1945.75,1946.91,1945.04,1946.91,4102
1685340000,1946.89,1948.85,1946.28,1946.54,6297
1685343600,1946.57,1947.13,1943.77,1944.19,6390
1685347200,1944.18,1945.44,1940.81,1945.27,7026
1685350800,1945.23,1946.2,1944.3,1945.82,5464
1685354400,1945.83,1945.91,1944.19,1945.54,4641
1685358000,1945.46,1946.58,1945.01,1946.28,3864
1685361600,1946.32,1949.7,1944.78,1948.82,7860
1685365200,1948.84,1949.62,1945.05,1946.59,9223
1685368800,1946.62,1948.23,1946.14,1947.02,5336
1685372400,1946.99,1947.6,1945.81,1945.91,3717
1685376000,1945.86,1945.86,1943.09,1943.46,3077
1685379600,1943.45,1944.04,1942.72,1943.41,1154
1685383200,1943.35,1943.54,1942.82,1942.96,600
1685397600,1943.42,1944.22,1942.66,1942.92,2167
1685401200,1942.93,1942.93,1941.3,1941.49,2895
1685404800,1941.44,1943.16,1940.97,1942.67,6903
1685408400,1942.65,1945.11,1942.62,1944.95,11059
1685412000,1944.95,1946.63,1944.59,1945.34,7388
1685415600,1945.32,1945.66,1939.26,1939.43,8851
1685419200,1939.41,1940.86,1937.88,1938.91,5785
1685422800,1938.86,1938.97,1931.99,1933.36,11247
1685426400,1933.35,1937.58,1932.15,1936.88,13391
1685430000,1937.42,1942.31,1934.82,1942.26,13566
1685433600,1942.25,1946.99,1941.68,1944.97,11444
1685437200,1944.95,1952.97,1942.36,1952.86,13564
1685440800,1952.86,1956.28,1952.31,1955.39,11021
1685444400,1955.36,1960.76,1954.23,1960.17,12158
1685448000,1960.23,1962.26,1956.13,1956.43,16834
1685451600,1956.45,1958.17,1952.38,1952.73,20335
1685455200,1952.67,1959.84,1950.46,1958.41,21576
1685458800,1958.38,1962.06,1957.68,1962.06,12894
1685462400,1962.06,1963.47,1959.71,1959.75,9655
1685466000,1959.75,1959.88,1957.75,1958.62,7994
1685469600,1958.62,1959.73,1957.69,1958.42,5686
1685473200,1958.39,1960.76,1957.77,1960.14,5341
1685476800,1960.13,1960.13,1958.8,1959.23,2164
1685484000,1959.21,1959.35,1957.96,1958.56,2064
1685487600,1958.62,1959.44,1958.36,1958.51,1922
1685491200,1958.56,1960,1957.42,1959.59,5171
1685494800,1959.59,1960.43,1954.74,1954.84,11778
1685498400,1954.79,1957.18,1953.64,1956.14,8870
1685502000,1956.11,1958.85,1955.84,1958.03,6451
1685505600,1958.03,1960.07,1957.77,1960.05,3624
1685509200,1960.04,1965.31,1957.99,1964.37,11405
1685512800,1964.39,1964.94,1960.08,1960.34,14614
1685516400,1960.28,1960.28,1955.71,1956.06,13535
1685520000,1956.08,1959.82,1955.2,1955.31,10298
1685523600,1955.11,1960.13,1954.92,1958.63,7578
1685527200,1958.64,1959.26,1954.87,1957.25,7547
1685530800,1957.24,1960.77,1956.96,1960.29,8582
1685534400,1960.29,1963.51,1959.93,1962.69,11578
1685538000,1962.71,1973.67,1961.65,1969.71,22759
1685541600,1969.82,1974.7,1959.35,1969.88,28931
1685545200,1969.86,1973.44,1968.57,1968.57,16946
1685548800,1968.57,1969.21,1963.74,1965.14,12444
1685552400,1965.14,1968.69,1963.02,1966.17,13317
1685556000,1966.18,1967.57,1964.25,1964.51,9222
1685559600,1964.5,1964.98,1962.66,1963.08,9583
1685563200,1963.09,1963.65,1962.35,1962.55,3983
1685570400,1962.72,1966.85,1962.32,1966.31,2643
1685574000,1966.3,1967,1965.56,1966.28,2519
1685577600,1966.28,1967.41,1964.88,1965.87,5504
1685581200,1965.86,1967.43,1961.95,1965.57,12666
1685584800,1965.62,1965.68,1963.17,1964.46,9729
1685588400,1964.48,1966.13,1963.85,1964.19,5841
1685592000,1964.19,1964.9,1963.33,1963.95,4532
1685595600,1963.85,1965.77,1962.62,1962.68,7748
1685599200,1962.84,1963.22,1960.47,1961.54,10725
1685602800,1961.52,1961.78,1955.12,1955.5,12142
1685606400,1955.54,1956.78,1953.31,1955.9,8668
1685610000,1955.95,1960.69,1955.29,1960.12,7521
1685613600,1960.12,1967.07,1959.93,1966.54,7978
1685617200,1966.55,1968.37,1966.28,1967.84,10077
1685620800,1967.83,1968.38,1958.67,1968.36,23463
1685624400,1968.34,1974.41,1965.99,1973.22,22380
1685628000,1973.56,1977.41,1969.8,1976.31,26109
1685631600,1976.31,1983.09,1975.48,1982.05,16728
1685635200,1982.09,1982.65,1978.41,1978.41,10296
1685638800,1978.38,1978.38,1976.17,1978.05,7541
1685642400,1978.08,1978.8,1975.63,1976.07,5522
1685646000,1976.08,1978.25,1976.05,1978.08,5502
1685649600,1978.11,1978.32,1977.34,1977.37,1802
1685656800,1977.19,1977.34,1976.17,1977.29,1584
1685660400,1977.3,1977.42,1975.87,1977.01,1733
1685664000,1977,1977.46,1975.51,1975.79,4803
1685667600,1975.85,1978.67,1973.98,1977.26,8571
1685671200,1977.26,1980.7,1976.92,1980.38,7319
1685674800,1980.42,1983.39,1980.11,1982.44,7191
1685678400,1982.44,1982.87,1979.29,1979.7,3953
1685682000,1979.69,1981.91,1978.29,1980.5,7471
1685685600,1980.66,1980.99,1977,1978.45,10085
1685689200,1978.38,1978.87,1975.79,1975.97,8602
1685692800,1975.93,1979.85,1974.98,1979.11,7433
1685696400,1979.08,1981.13,1978.15,1980.47,7023
1685700000,1980.45,1980.84,1978.22,1978.59,5406
1685703600,1978.57,1980.83,1977.82,1978.77,6855
1685707200,1978.81,1980.18,1968.62,1970.95,24722
1685710800,1970.9,1976.58,1961.86,1963.48,28764
1685714400,1963.61,1967.23,1960.96,1965,23621
1685718000,1964.99,1965.48,1961.13,1962.01,13354
1685721600,1961.98,1962.18,1952.21,1952.26,14822
1685725200,1952.33,1953.82,1951.26,1951.87,10241
1685728800,1951.91,1952.08,1950.1,1951.02,7798
1685732400,1951.08,1951.12,1948.07,1948.62,5419
1685736000,1948.55,1948.96,1947.94,1948.23,2675
1685916000,1948.23,1950.07,1946.85,1948.89,3341
1685919600,1948.89,1949.9,1947.39,1949.41,3583
1685923200,1949.38,1949.5,1945.64,1946.45,5593
1685926800,1946.51,1948.28,1945.66,1947.49,12692
1685930400,1947.48,1948.23,1943.98,1944.92,8148
1685934000,1944.91,1947.49,1944.31,1947.09,4997
1685937600,1947.09,1947.36,1944.88,1946.03,4120
1685941200,1946.04,1946.59,1942.93,1944.88,7593
1685944800,1944.84,1945.42,1941.86,1942.87,10330
1685948400,1942.84,1943.99,1938.51,1939.86,10436
1685952000,1939.86,1943.8,1938.6,1942.31,8370
1685955600,1942.32,1945.96,1940.24,1944.76,7618
1685959200,1944.81,1945.83,1942.15,1943.49,6476
1685962800,1943.46,1944.17,1938.32,1942.27,8062
1685966400,1942.29,1943.37,1938.09,1942.91,12532
1685970000,1942.8,1948.8,1942.71,1946.57,18628
1685973600,1946.69,1961.87,1946.69,1957.54,27159
1685977200,1957.52,1959.58,1955.58,1958.12,13148
1685980800,1958.13,1961.05,1957.11,1958.23,8881
1685984400,1958.24,1960.94,1957.28,1960.29,8117
1685988000,1960.29,1962.58,1960.1,1960.74,7872
1685991600,1960.77,1963.98,1960.73,1961.02,7706
1685995200,1961.11,1961.85,1960.96,1961.68,2155
1686002400,1961.44,1962.47,1960.59,1962.4,2399
1686006000,1962.4,1963.09,1960.97,1961.18,3008
1686009600,1961.23,1961.65,1960.5,1961.08,3542
1686013200,1961.08,1961.33,1958.98,1960.42,7759
1686016800,1960.39,1964.53,1959.66,1960.89,8593
1686020400,1960.99,1961,1959,1959.17,4716
1686024000,1959.19,1961.2,1959.01,1961.2,5825
1686027600,1961.24,1962.7,1957.83,1957.83,7079
1686031200,1957.83,1961.48,1957.65,1959.29,11184
1686034800,1959.26,1960.85,1956.8,1957.54,13225
1686038400,1957.53,1961.39,1957.23,1960.2,10925
1686042000,1960.23,1963.44,1960.11,1962.31,8639
1686045600,1962.35,1964.92,1961.96,1963.43,7479
1686049200,1963.43,1964.86,1962.74,1962.75,7334
1686052800,1962.75,1966.35,1959.84,1961.83,13990
1686056400,1961.83,1964.66,1954.3,1957.13,18762
1686060000,1957.16,1962.52,1956.59,1960.01,17878
1686063600,1960.03,1964.29,1958.54,1963.44,12045
1686067200,1963.45,1966.32,1961.01,1963.59,9862
1686070800,1963.58,1966.05,1962.93,1964.46,7182
1686074400,1964.46,1965.08,1962.97,1963.21,5068
1686078000,1963.19,1963.42,1962.29,1962.86,4575
1686081600,1962.88,1963.49,1962.42,1963.22,1927
1686088800,1963.38,1964.48,1963.03,1963.66,1835
1686092400,1963.65,1964.24,1962.64,1963.31,2119
1686096000,1963.36,1965.05,1963.18,1964.83,4193
1686099600,1964.89,1966.75,1964.2,1964.85,9428
1686103200,1964.87,1965.5,1963.07,1964.5,6624
1686106800,1964.46,1964.55,1962.88,1963.33,4744
1686110400,1963.33,1964.5,1963.18,1964.47,2759
1686114000,1964.47,1965.01,1962.7,1963.12,5752
1686117600,1963.09,1964.03,1957.08,1957.54,10390
1686121200,1957.44,1957.88,1954.9,1956.12,9693
1686124800,1956.08,1961.62,1955.67,1961.57,8201
1686128400,1961.58,1964.52,1961.39,1964.43,8024
1686132000,1964.42,1966.37,1962.25,1962.6,7173
1686135600,1962.62,1965.2,1960.84,1961.25,8486
1686139200,1961.24,1961.34,1957.13,1958.6,12748
1686142800,1958.57,1970.16,1958.02,1969.58,18734
1686146400,1969.72,1969.72,1956.52,1957.68,27636
1686150000,1957.63,1958.69,1946.39,1947.15,18668
1686153600,1947.16,1947.66,1940.86,1942.16,15954
1686157200,1942.18,1946.55,1940.86,1944.47,10675
1686160800,1944.49,1944.83,1941.95,1942.72,7707
1686164400,1942.66,1943.14,1940.03,1940.09,6871
1686168000,1939.91,1941.54,1939.71,1939.82,2823
1686175200,1940.31,1943.47,1939.61,1942.25,2977
1686178800,1942.17,1945.3,1941.66,1944.39,3287
1686182400,1944.47,1946.24,1944.26,1946.16,4989
1686186000,1946.25,1946.64,1944.45,1945.81,9184
1686189600,1945.8,1946.98,1944.43,1946.23,6835
1686193200,1946.19,1947,1945.78,1946.28,5232
1686196800,1946.3,1947.29,1945.7,1946.56,4181
1686200400,1946.57,1947.78,1945.67,1945.92,6305
1686204000,1945.92,1947.19,1942.76,1944.73,11010
1686207600,1944.7,1948.23,1944.27,1947.27,9721
1686211200,1947.26,1949.07,1946.66,1948.27,8718
1686214800,1948.28,1948.62,1945.75,1946.39,6915
1686218400,1946.43,1947.94,1945.81,1946.63,6074
1686222000,1946.65,1947.82,1944.93,1946.63,7268
1686225600,1946.64,1959.94,1946.21,1959.25,21523
1686229200,1959.25,1968.47,1957.1,1966.58,24987
1686232800,1966.58,1970.52,1965.07,1967.21,20466
1686236400,1967.2,1968.59,1965.58,1966.81,13875
1686240000,1966.81,1969.2,1965.44,1966.3,10465
1686243600,1966.22,1966.62,1961.76,1963.83,9042
1686247200,1963.82,1965.3,1962.85,1965.12,6119
1686250800,1965.16,1965.43,1963.24,1964.97,6215
1686254400,1964.97,1966.04,1964.84,1965.47,1934
1686261600,1965.73,1966.48,1965.52,1966.04,1271
1686265200,1966,1966.22,1965.09,1965.27,1587
1686268800,1965.28,1965.51,1963.33,1963.33,4405
1686272400,1963.35,1965.63,1963.12,1964.45,8079
1686276000,1964.34,1964.66,1963.35,1964.25,5216
1686279600,1964.22,1964.88,1963.58,1963.77,3956
1686283200,1963.75,1964.14,1962.34,1963.09,2707
1686286800,1963.1,1965.35,1962.64,1964.69,5598
1686290400,1964.69,1966.08,1963.98,1965.65,8207
1686294000,1965.63,1965.63,1962.77,1963.12,8911
1686297600,1963.09,1963.29,1960.61,1962.11,8417
1686301200,1962.15,1963.74,1961.71,1961.85,6330
1686304800,1961.86,1964.98,1961.62,1963.61,6553
1686308400,1963.66,1966.97,1963.04,1966.45,6762
1686312000,1966.58,1973.03,1962.04,1962.89,17946
1686315600,1962.88,1965.05,1956.56,1961.55,20857
1686319200,1961.54,1968.06,1960.2,1963.37,19045
1686322800,1963.37,1965.43,1960.75,1962.14,14632
1686326400,1962.09,1962.82,1960.83,1961.21,8791
1686330000,1961.17,1962.83,1960.4,1961.55,7730
1686333600,1961.58,1962.77,1960.85,1961.49,4350
1686337200,1961.48,1961.93,1959.63,1960.1,5722
1686340800,1960.14,1961.1,1960.05,1960.44,1612
1686520800,1959.64,1960.51,1958.67,1958.89,2205
1686524400,1958.86,1960.48,1957.95,1959.95,2897
1686528000,1959.95,1960.41,1957.99,1958.26,4728
1686531600,1958.24,1959.52,1955.51,1955.92,10237
1686535200,1955.9,1956.24,1954.2,1955.95,6081
1686538800,1955.95,1958.76,1955.29,1958.39,4320
1686542400,1958.39,1958.39,1956.67,1956.92,3167
1686546000,1956.94,1961.43,1956.51,1959.09,7427
1686549600,1959.1,1962.08,1957.93,1960.35,8005
1686553200,1960.31,1961.42,1958.69,1960.56,10065
1686556800,1960.48,1965.41,1960.16,1964.86,10396
1686560400,1964.91,1965.52,1963.59,1965.16,7539
1686564000,1965.17,1966.93,1963.98,1964.06,7751
1686567600,1964.03,1965.05,1961.68,1963.96,7434
1686571200,1963.94,1965.9,1961.06,1962.78,14039
1686574800,1962.81,1963.99,1949.14,1952.04,20777
1686578400,1952.09,1954.85,1949.37,1954.23,20716
1686582000,1954.21,1958.66,1953.83,1955.38,13368
1686585600,1955.28,1956.21,1953.07,1954.16,8651
1686589200,1954.16,1956.73,1953.16,1955.89,7916
1686592800,1955.86,1957.89,1955.84,1956.59,6155
1686596400,1956.66,1958.73,1955.73,1957.93,7325
1686600000,1958.11,1958.61,1956.71,1957.37,2246
1686607200,1957.28,1958.31,1956.79,1958.22,1129
1686610800,1958.25,1960.52,1958.22,1959.93,2202
1686614400,1959.9,1960.86,1957.77,1957.87,4153
1686618000,1957.86,1959.73,1956.1,1956.91,9229
1686621600,1956.9,1959.36,1955.9,1958.94,6062
1686625200,1958.96,1962.09,1958.33,1962,5316
1686628800,1961.99,1962.16,1960.43,1960.88,3878
1686632400,1960.84,1961.4,1958.25,1958.4,5748
1686636000,1958.45,1963.39,1958.3,1962.43,11727
1686639600,1962.43,1965.33,1962.13,1962.22,9846
1686643200,1962.22,1964.7,1961.48,1964.17,7287
1686646800,1964.23,1964.56,1962.65,1963.19,6260
1686650400,1963.18,1965.97,1961.96,1965.85,6215
1686654000,1965.92,1966.18,1963.45,1963.78,6503
1686657600,1963.75,1970.95,1950.96,1961.33,26866
1686661200,1961.32,1965.9,1953.63,1954.08,28075
1686664800,1954.1,1955.75,1950.87,1952.58,20591
1686668400,1952.57,1953.1,1942.01,1943.12,18859
1686672000,1943.12,1947.09,1942.48,1944.95,10664
1686675600,1944.91,1946.64,1941.2,1942.58,10485
1686679200,1942.59,1943.75,1940.32,1940.54,9552
1686682800,1940.55,1943.79,1940,1943.49,6964
1686686400,1943.37,1944.5,1942.1,1943.39,3110
1686693600,1943.08,1945.1,1942.78,1944,1775
1686697200,1943.98,1944,1942.13,1943.88,2019
1686700800,1943.97,1945.57,1942.68,1944.4,5337
1686704400,1944.39,1947.65,1944.05,1946.88,8457
1686708000,1946.86,1947.9,1946.19,1947.49,5375
1686711600,1947.47,1949.34,1946.85,1949.24,3825
1686715200,1949.24,1949.49,1947.82,1948.79,3402
1686718800,1948.78,1949.21,1946.07,1946.28,5700
1686722400,1946.26,1947.76,1945.33,1946.21,7714
1686726000,1946.17,1951.51,1945.21,1949.59,9346
1686729600,1949.56,1950.93,1948.41,1949.8,7424
1686733200,1949.82,1952.83,1949.8,1951.28,7167
1686736800,1951.29,1951.43,1947.73,1947.75,5358
1686740400,1947.73,1948.04,1945.76,1946.97,6885
1686744000,1946.95,1960.28,1946.04,1957.14,17769
1686747600,1957.01,1958.83,1954.97,1956.03,17617
1686751200,1956.04,1959.24,1954.99,1957.88,14762
1686754800,1957.87,1959.16,1955.48,1955.92,10560
1686758400,1955.92,1957.4,1954.89,1955.04,8593
1686762000,1955,1955.8,1952.45,1952.98,8097
1686765600,1953.14,1953.54,1939.96,1949.98,37809
1686769200,1950.01,1951.48,1943.56,1944.9,19807
1686772800,1944.89,1946.14,1939.65,1941.76,5052
1686780000,1941.53,1945.1,1941.21,1943.94,2684
1686783600,1943.91,1945.25,1942.75,1945.24,3036
1686787200,1945.2,1945.2,1936.16,1939.26,6883
1686790800,1939.2,1939.29,1932.88,1933.33,14955
1686794400,1933.3,1936.1,1932.37,1935.18,10045
1686798000,1935.13,1936.44,1934.24,1934.8,5700
1686801600,1934.83,1935.57,1933.27,1934.43,6322
1686805200,1934.37,1939.8,1930.7,1937.73,12362
1686808800,1937.57,1937.63,1931.85,1932.57,13092
1686812400,1932.61,1934.46,1928.92,1933.52,13886
1686816000,1933.49,1934.54,1930.72,1931.61,8918
1686819600,1931.75,1936.09,1931.02,1935.75,9883
1686823200,1935.75,1936.75,1933.27,1933.74,7618
1686826800,1933.76,1933.9,1927.9,1928.48,10000
1686830400,1928.45,1933.75,1924.54,1933.46,25863
1686834000,1933.39,1953.5,1933.37,1952.77,27257
1686837600,1952.78,1959.76,1951.36,1953.09,22144
1686841200,1953.16,1957.78,1951.93,1956.5,15183
1686844800,1956.52,1960.14,1956.52,1959.5,10683
1686848400,1959.5,1960.24,1957.67,1958.74,8731
1686852000,1958.75,1959.47,1956.9,1957.49,6777
1686855600,1957.51,1959.65,1957.45,1958.66,5845
1686859200,1958.7,1958.88,1957.62,1957.87,2194
1686866400,1957.38,1958.66,1957.13,1958.52,1684
1686870000,1958.5,1959.2,1958.08,1958.2,1946
1686873600,1958.19,1959.35,1956.52,1956.81,4993
1686877200,1956.84,1962.02,1956.43,1959.3,9560
1686880800,1959.32,1959.38,1955.14,1955.36,9413
1686884400,1955.34,1958.06,1955.3,1956.65,5859
1686888000,1956.64,1956.64,1954.91,1955.37,3654
1686891600,1955.41,1958.29,1954.61,1958.08,6272
1686895200,1958.17,1963.3,1957.35,1960.87,12050
1686898800,1960.83,1962.65,1959.24,1961.55,13289
1686902400,1961.61,1963.98,1959.96,1963.13,11664
1686906000,1963.11,1964.68,1963.11,1964.29,8028
1686909600,1964.3,1965.53,1963.04,1964.84,6892
1686913200,1964.9,1966.51,1963.87,1965.55,9213
1686916800,1965.61,1967.88,1962.36,1962.57,15165
1686920400,1962.55,1963.91,1956.4,1960.97,21318
1686924000,1962.99,1966.02,1953.24,1960.22,28628
1686927600,1960.18,1961.66,1955.21,1956.25,16022
1686931200,1956.26,1956.86,1953.91,1955.19,9788
1686934800,1955.19,1959.52,1955.12,1959.14,7263
1686938400,1959.16,1959.72,1957.88,1958.58,5741
1686942000,1958.6,1958.61,1955.39,1955.4,6618
1686945600,1955.34,1958.2,1955.34,1957.34,2044
1687125600,1957.48,1958.49,1956.88,1957.97,1903
1687129200,1958,1958.28,1956.2,1957.02,2125
1687132800,1957.04,1958.64,1956.21,1956.66,4586
1687136400,1956.7,1958.26,1955.61,1956.05,8146
1687140000,1956.07,1956.46,1954.2,1955.38,5188
1687143600,1955.39,1955.8,1953.95,1955.64,4652
1687147200,1955.63,1957.08,1954.52,1957,3177
1687150800,1957.06,1957.44,1954.15,1954.57,5387
1687154400,1954.58,1955.78,1953.16,1954.27,7231
1687158000,1954.3,1955.15,1952.69,1955.04,8390
1687161600,1955.03,1958.71,1955,1956.41,7105
1687165200,1956.41,1956.58,1950.13,1950.34,6785
1687168800,1950.34,1950.98,1948.97,1949.66,6892
1687172400,1949.72,1950.67,1948.27,1948.48,5968
1687176000,1948.48,1952.22,1947.74,1952.13,7035
1687179600,1952.18,1953.27,1951.17,1951.96,9415
1687183200,1951.99,1953.13,1950.7,1952.6,8328
1687186800,1952.62,1953.44,1950.44,1950.63,6336
1687190400,1950.62,1951.83,1949.96,1950.19,4551
1687194000,1950.17,1950.59,1949.46,1949.61,1910
1687197600,1949.58,1950.49,1949.45,1950.32,645
1687212000,1950.63,1954.08,1950.59,1952.11,2480
1687215600,1952.12,1952.41,1950.95,1952.39,1601
1687219200,1952.4,1952.96,1950.5,1951,5404
1687222800,1951,1951.76,1945.06,1946.93,9784
1687226400,1946.87,1950.83,1946.46,1949.98,9331
1687230000,1949.95,1950.61,1949.16,1950.18,4258
1687233600,1950.2,1951.26,1949.67,1949.82,3730
1687237200,1949.81,1950.31,1946.82,1948.79,7987
1687240800,1948.7,1953.76,1948.15,1951.24,10787
1687244400,1951.23,1956.72,1951.21,1954.9,11155
1687248000,1954.77,1955.57,1952.83,1953.25,7819
1687251600,1953.33,1954.46,1952.1,1952.63,7036
1687255200,1952.64,1952.97,1949.9,1951.47,7406
1687258800,1951.45,1953.55,1950.4,1951.31,7654
1687262400,1951.32,1954.5,1944.19,1944.66,17513
1687266000,1944.58,1945.15,1930.95,1931.91,25838
1687269600,1931.76,1936.12,1929.73,1934.91,23667
1687273200,1934.93,1936.42,1933.26,1935.15,14949
1687276800,1935.21,1937.96,1934.13,1937.53,10092
1687280400,1937.53,1938.04,1936.1,1938.02,8284
1687284000,1938.02,1938.27,1936.34,1938.19,6914
1687287600,1938.2,1938.62,1935.88,1936.12,7454
1687291200,1936.06,1936.74,1935.36,1936.15,2525
1687298400,1935.87,1938.18,1935.87,1936.57,2183
1687302000,1936.57,1938.82,1936.24,1937.24,3340
1687305600,1937.25,1938.14,1936.25,1936.8,5186
1687309200,1936.78,1938.36,1935.97,1936.34,8397
1687312800,1936.38,1939.45,1935.4,1937.12,7579
1687316400,1937.09,1937.69,1936.43,1937.01,4086
1687320000,1937.02,1937.33,1935.42,1935.81,4225
1687323600,1935.8,1936.73,1934.22,1935.48,5548
1687327200,1935.45,1935.57,1931.2,1934.9,13192
1687330800,1934.91,1937.36,1933.8,1934.96,10049
1687334400,1934.98,1935.85,1933.6,1934.57,8739
1687338000,1934.59,1935.83,1932.08,1933.22,8267
1687341600,1933.23,1935.63,1932.16,1934.27,7857
1687345200,1934.31,1935.42,1933.29,1934.53,8107
1687348800,1934.51,1935.31,1925.94,1929.84,21108
1687352400,1929.84,1931.02,1919.14,1928.58,25503
1687356000,1928.56,1934.56,1924.21,1931.93,24888
1687359600,1931.96,1932.89,1929.25,1932.18,16805
1687363200,1932.19,1934.13,1930.35,1933.32,11789
1687366800,1933.28,1935.76,1932.99,1934.11,10111
1687370400,1934.17,1937.56,1934,1935.86,8382
1687374000,1935.86,1935.97,1933.16,1933.52,7166
1687377600,1933.61,1934.46,1931.88,1932.63,3224
1687384800,1932.26,1934.41,1932.12,1933.49,2828
1687388400,1933.47,1934.84,1932.83,1933.81,2311
1687392000,1933.84,1933.94,1932.23,1932.23,3714
1687395600,1932.18,1934.17,1931.48,1933.18,4189
1687399200,1933.13,1933.61,1931.97,1933.3,3323
1687402800,1933.3,1934.19,1932.17,1932.53,3167
1687406400,1932.49,1933.04,1929.7,1929.7,4179
1687410000,1929.69,1930.63,1927.93,1930.43,5887
1687413600,1930.43,1931.45,1927.66,1928.04,8316
1687417200,1927.99,1930.8,1927.04,1929.92,11880
1687420800,1929.91,1931.41,1924.91,1927.34,9540
1687424400,1927.34,1929.43,1926.19,1928.71,6613
1687428000,1928.71,1929.33,1926.64,1928.65,6189
1687431600,1928.66,1929.74,1924.89,1927.32,13690
1687435200,1927.31,1930.93,1923.32,1923.45,19719
1687438800,1923.42,1927.39,1918.94,1922.17,22459
1687442400,1922.17,1922.65,1914.78,1915.28,20662
1687446000,1915.27,1918.96,1912.76,1913.41,14609
1687449600,1913.35,1917.76,1913,1915.48,10677
1687453200,1915.49,1916.72,1913.25,1916.48,9756
1687456800,1916.5,1916.56,1913.85,1915.22,6074
1687460400,1915.21,1915.92,1913.59,1913.91,7376
1687464000,1913.89,1914.51,1912.35,1913.63,3293
1687471200,1913.77,1914.28,1913.25,1913.64,1372
1687474800,1913.67,1914.91,1913.29,1914.45,2402
1687478400,1914.45,1916.02,1914,1915.55,4328
1687482000,1915.48,1915.75,1910.87,1912.12,6580
1687485600,1912.08,1912.85,1910.04,1910.41,6454
1687489200,1910.38,1912.44,1910.21,1912.35,4204
1687492800,1912.37,1917.17,1912.08,1916.5,6266
1687496400,1916.47,1918.02,1915.05,1915.13,7085
1687500000,1915.08,1916.91,1912.9,1913.51,8428
1687503600,1913.46,1918.92,1912.96,1918.05,16153
1687507200,1917.99,1920.01,1917.03,1917.62,11508
1687510800,1917.65,1919.57,1916.9,1917.84,8183
1687514400,1917.84,1918.18,1916.56,1917.57,6461
1687518000,1917.57,1920.6,1917.54,1919.15,7075
1687521600,1919.14,1929.69,1918.81,1928.87,17509
1687525200,1928.92,1937.42,1928.68,1932.15,24792
1687528800,1932.18,1933.04,1924.21,1926.93,22497
1687532400,1926.94,1927.7,1920.92,1921.03,14847
1687536000,1921.05,1922.33,1917.9,1918.66,9979
1687539600,1918.66,1921.23,1918.43,1920.82,7910
1687543200,1920.78,1920.88,1919.3,1920.52,5742
1687546800,1920.55,1921.21,1918.94,1919.05,5527
1687550400,1919.01,1921.44,1918.93,1921.43,2032
1687730400,1924.71,1925.13,1922.64,1924.72,3233
1687734000,1924.7,1925.38,1923.82,1925.27,2766
1687737600,1925.28,1926.96,1924.68,1926.37,5897
1687741200,1926.33,1928.48,1925,1925.35,11895
1687744800,1925.34,1926.72,1924.1,1924.47,7323
1687748400,1924.41,1926.8,1924.29,1925.46,4721
1687752000,1925.46,1925.89,1924.44,1925.05,2656
1687755600,1925.03,1927.08,1923.91,1926.71,5235
1687759200,1926.7,1927.62,1922.11,1922.74,8957
1687762800,1922.71,1929.07,1922.36,1928.89,10916
1687766400,1928.89,1933.26,1928.87,1931.72,10093
1687770000,1931.68,1932.38,1929.27,1929.8,7352
1687773600,1929.8,1933.3,1929.47,1931.87,5585
1687777200,1931.84,1932.58,1931.12,1931.31,5593
1687780800,1931.32,1933.05,1929.75,1931.49,11699
1687784400,1931.49,1931.62,1921.49,1924.8,17955
1687788000,1924.77,1925.56,1922.49,1923.25,15991
1687791600,1923.3,1928.49,1923.29,1925.7,11482
1687795200,1925.69,1926.53,1923.43,1923.72,8799
1687798800,1923.69,1925.23,1923.2,1924.52,7457
1687802400,1924.57,1924.8,1923.02,1923.39,5713
1687806000,1923.34,1923.95,1922.34,1922.86,5455
1687809600,1922.82,1923.41,1922.52,1922.99,1994
1687816800,1923.27,1924.59,1923.08,1924.58,1541
1687820400,1924.56,1924.56,1920.96,1922.47,2685
1687824000,1922.45,1924.66,1921.64,1922.66,4254
1687827600,1922.69,1930.35,1922.56,1929.2,11481
1687831200,1929.18,1929.6,1926.99,1928.72,6824
1687834800,1928.73,1929.48,1927.9,1928.37,5747
1687838400,1928.41,1929.58,1928.32,1928.44,3573
1687842000,1928.44,1929.45,1924.98,1925,6468
1687845600,1924.93,1927.62,1924.13,1927.42,8791
1687849200,1927.42,1929.71,1927.11,1928.19,9168
1687852800,1928.18,1928.61,1924.18,1925.53,9290
1687856400,1925.5,1925.73,1923.76,1924.04,6137
1687860000,1924.03,1924.49,1922.74,1923.44,4835
1687863600,1923.46,1923.46,1919.64,1923.11,7270
1687867200,1923.08,1930.38,1923.06,1926.21,15058
1687870800,1926.15,1930.63,1922.78,1923.54,19756
1687874400,1923.42,1923.97,1911.49,1917.16,25466
1687878000,1917.26,1917.5,1913.32,1913.46,13327
1687881600,1913.45,1916.56,1911.96,1914.55,10643
1687885200,1914.55,1915.82,1911.62,1912.12,9629
1687888800,1912.14,1914.83,1910.95,1914.8,7273
1687892400,1914.72,1915.67,1913.32,1913.74,6145
1687896000,1913.8,1913.81,1912.89,1913.52,2351
1687903200,1914.05,1915.49,1913.98,1914.9,1506
1687906800,1914.89,1915.76,1914.66,1915.39,2090
1687910400,1915.4,1917.16,1915.13,1916.16,4837
1687914000,1916.16,1916.73,1913.41,1915.03,10092
1687917600,1915.03,1915.96,1913.39,1915.09,6402
1687921200,1915.05,1916.75,1914.79,1915.14,4399
1687924800,1915.17,1916.26,1915.07,1915.19,3057
1687928400,1915.19,1916.76,1914.98,1915.47,4878
1687932000,1915.48,1916.22,1909.42,1910.78,10209
1687935600,1910.85,1912.03,1909.11,1910.9,9958
1687939200,1910.85,1911.63,1908.19,1909.91,9226
1687942800,1909.88,1911.91,1907.04,1907.28,8358
1687946400,1907.29,1908.99,1906.06,1906.87,7406
1687950000,1906.97,1907.76,1905.73,1907.12,7750
1687953600,1907.11,1908.47,1905.55,1906.9,11936
1687957200,1906.9,1911.46,1902.79,1909.89,23423
1687960800,1909.89,1911.14,1905.13,1907.04,21495
1687964400,1907.02,1913.27,1906.14,1910.82,15948
1687968000,1910.83,1912.83,1909.86,1912.2,9430
1687971600,1912.23,1913.35,1911.48,1911.72,8485
1687975200,1911.72,1913.09,1911.72,1912.19,4802
1687978800,1912.19,1912.3,1909.2,1909.28,5695
1687982400,1909.24,1910.05,1906.71,1907.29,3108
1687989600,1907.62,1910.3,1907.27,1909.82,2456
1687993200,1909.82,1910.67,1909.56,1909.66,2233
1687996800,1909.7,1910.13,1907.97,1909.93,4375
1688000400,1909.93,1912.76,1909.38,1909.79,9493
1688004000,1909.82,1909.82,1904.38,1904.52,8325
1688007600,1904.54,1905.58,1902.74,1905.42,5853
1688011200,1905.38,1905.92,1904.44,1905.25,3991
1688014800,1905.28,1905.47,1903.07,1904.39,7476
1688018400,1904.43,1905.22,1902.52,1904.59,9670
1688022000,1904.61,1907.42,1902.49,1905.67,10491
1688025600,1905.92,1908.06,1904.42,1906.1,9731
1688029200,1906.15,1906.25,1903.88,1905.11,6436
1688032800,1905.14,1909.87,1904.52,1909.86,6527
1688036400,1909.82,1910.96,1909.15,1909.99,6137
1688040000,1909.99,1912.1,1895.45,1896.09,21260
1688043600,1896.1,1899.79,1892.94,1899.6,24406
1688047200,1899.6,1913.03,1899.24,1910.89,26130
1688050800,1910.92,1912.59,1908.36,1908.89,14787
1688054400,1908.9,1910.38,1908.08,1910.21,9817
1688058000,1910.17,1910.75,1907.63,1907.96,7800
1688061600,1908,1908.56,1906.68,1906.95,5781
1688065200,1906.98,1909.15,1906.19,1907.73,6573
1688068800,1907.67,1908.36,1907.45,1908.12,1897
1688076000,1908.33,1908.96,1907.55,1908.14,2304
1688079600,1908.16,1908.82,1906.99,1908.66,2125
1688083200,1908.66,1909.17,1907.47,1908.66,4987
1688086800,1908.7,1909.67,1907.06,1907.9,8526
1688090400,1907.86,1909.58,1907.59,1907.78,6241
1688094000,1907.78,1909.32,1907.37,1908.25,3993
1688097600,1908.3,1908.51,1906.79,1908.14,4224
1688101200,1908.2,1909.88,1907.07,1907.07,5529
1688104800,1907.06,1907.4,1903.7,1906.75,9622
1688108400,1906.74,1907.45,1904.44,1905.22,10240
1688112000,1905.25,1905.5,1900.5,1901.82,10060
1688115600,1902.11,1905.37,1901.46,1905.09,7323
1688119200,1905.09,1906.42,1904.21,1906.25,6961
1688122800,1906.26,1906.61,1904.29,1905.26,5974
1688126400,1905.27,1913.74,1904.55,1910.97,20395
1688130000,1910.92,1914.45,1909.72,1911.84,22487
1688133600,1912.06,1918.98,1911.75,1915.42,23952
1688137200,1915.45,1919.38,1914.49,1919,14800
1688140800,1919.01,1920.5,1917.42,1920.02,10559
1688144400,1920.03,1922.76,1917.76,1918.58,10547
1688148000,1918.62,1919.98,1918.48,1918.93,5855
1688151600,1919.02,1920.32,1917.81,1920.02,7019
1688155200,1920.01,1920.05,1918.11,1919.13,2787
1688335200,1918.72,1919.53,1918.31,1919.2,2454
1688338800,1919.19,1919.28,1917.46,1918.15,2351
1688342400,1918.13,1918.78,1916.72,1917.06,4456
1688346000,1917.05,1918.9,1915.99,1917.23,8950
1688349600,1917.24,1917.71,1914.58,1914.77,6125
1688353200,1914.77,1918.98,1914.64,1918.28,4950
1688356800,1918.31,1920.16,1917.89,1920.05,4231
1688360400,1920.05,1920.53,1916.65,1916.95,7082
1688364000,1916.95,1917.65,1913.39,1915.06,9756
1688367600,1915.04,1916.07,1912.04,1912.13,9773
1688371200,1912.14,1913.37,1910,1912.06,8244
1688374800,1912.05,1914.18,1911.7,1913.08,6046
1688378400,1913.08,1914.3,1911.7,1913.86,5321
1688382000,1913.88,1914.33,1911.94,1912.51,6510
1688385600,1912.5,1922.03,1911.6,1921.9,13290
1688389200,1921.91,1926.99,1919.44,1925.93,19276
1688392800,1925.93,1930.93,1924.18,1930.13,22118
1688396400,1930.15,1930.32,1925.88,1926.58,12974
1688400000,1926.53,1926.65,1921.78,1922.02,9756
1688403600,1922.11,1922.11,1920.56,1920.58,4928
1688407200,1920.59,1921.71,1920.56,1921.23,1890
1688410800,1921.23,1921.79,1921.05,1921.3,1320
1688414400,1921.3,1921.61,1921.03,1921.42,903
1688421600,1921.23,1921.54,1921.02,1921.15,759
1688425200,1921.15,1921.28,1919.86,1921.16,1446
1688428800,1921.19,1922,1920.75,1921.13,4402
1688432400,1921.14,1923.14,1919.97,1921.57,7352
1688436000,1921.56,1921.95,1920.56,1921.5,4154
1688439600,1921.56,1923.44,1921.04,1922.93,4036
1688443200,1922.93,1924.42,1922.74,1924.19,5070
1688446800,1924.17,1924.65,1923.16,1923.65,4543
1688450400,1923.66,1927.49,1923.38,1927.43,7867
1688454000,1927.46,1928.39,1925.97,1927.98,6968
1688457600,1927.98,1928.75,1925.72,1928.49,6770
1688461200,1928.5,1930.6,1928.5,1929.71,6524
1688464800,1929.71,1930.66,1928.6,1928.78,5188
1688468400,1928.79,1929.62,1927.62,1928.5,4970
1688472000,1928.5,1930.27,1926.18,1926.73,7375
1688475600,1926.62,1928.9,1926.1,1928.21,6461
1688479200,1928.24,1929.5,1927.42,1928.09,5600
1688482800,1928.06,1928.14,1926.82,1927.03,4408
1688486400,1927.05,1927.21,1924.01,1924.13,4507
1688490000,1924.11,1925.75,1923.93,1925.41,1820
1688493600,1925.46,1925.99,1924.89,1925.65,1126
1688508000,1925.31,1927.09,1924.55,1926.06,2576
1688511600,1926.03,1926.26,1924.77,1926.23,2093
1688515200,1926.23,1927.06,1925.75,1926.68,4205
1688518800,1926.67,1926.78,1923.95,1924.12,7563
1688522400,1924.12,1924.69,1923.12,1924.62,5270
1688526000,1924.62,1925.04,1924.04,1924.39,3938
1688529600,1924.38,1925.94,1924.16,1925.5,3355
1688533200,1925.5,1926.4,1924.94,1925.48,5661
1688536800,1925.56,1925.73,1920.81,1922.1,9509
1688540400,1922.14,1927.75,1921.66,1927.45,9090
1688544000,1927.45,1928.06,1925.12,1926.9,8871
1688547600,1926.89,1929,1926.75,1928.95,7660
1688551200,1928.93,1929.54,1926.59,1927.25,5806
1688554800,1927.25,1928.21,1926.19,1927.49,6125
1688558400,1927.48,1930.06,1925.08,1929.29,12907
1688562000,1929.29,1935.02,1922.66,1925.1,25839
1688565600,1924.97,1926.14,1919.04,1922.63,21296
1688569200,1922.57,1925.15,1922.2,1923.18,12047
1688572800,1923.18,1924.76,1921.32,1921.52,8686
1688576400,1921.54,1921.54,1918.98,1919.67,8756
1688580000,1919.69,1921.33,1915.92,1916.01,10124
1688583600,1916.09,1917.84,1915.19,1915.81,7814
1688587200,1915.8,1916.68,1914.77,1915.06,2349
1688594400,1915.28,1917.87,1915.28,1916.22,1775
1688598000,1916.19,1917.14,1915.53,1916.75,2297
1688601600,1916.75,1917.65,1916.07,1917.29,4475
1688605200,1917.3,1919.62,1916.36,1919.45,8239
1688608800,1919.53,1919.67,1918.07,1918.69,6486
1688612400,1918.67,1919.15,1918.01,1918.09,4638
1688616000,1918.1,1918.18,1916.87,1917.84,4480
1688619600,1917.8,1921.16,1917.74,1920.08,6290
1688623200,1919.97,1921.48,1919.14,1920.42,7682
1688626800,1920.43,1921.15,1918.88,1918.93,9500
1688630400,1918.92,1919.69,1916.22,1918.02,8213
1688634000,1918.02,1919.51,1916.64,1917.29,5663
1688637600,1917.28,1924.94,1917.22,1924.78,8459
1688641200,1924.82,1927.44,1924.35,1926.59,8977
1688644800,1926.59,1927.59,1902.61,1906.25,31475
1688648400,1906.31,1914.97,1904.62,1910.61,28388
1688652000,1910.79,1910.79,1902.71,1907.8,29016
1688655600,1907.83,1911.61,1907.14,1911.43,17489
1688659200,1911.43,1912.33,1908.92,1909.81,9700
1688662800,1909.81,1910.92,1908.87,1910.81,6834
1688666400,1910.81,1911.1,1909.6,1910.83,4730
1688670000,1910.84,1911.9,1909.83,1910.24,4827
1688673600,1910.24,1910.99,1909.93,1910.8,2249
1688680800,1910.68,1911.13,1909.52,1910.92,1911
1688684400,1910.93,1912.19,1910.92,1911.5,1662
1688688000,1911.51,1912.37,1909.58,1910.57,4811
1688691600,1910.57,1912.02,1910.26,1910.6,7218
1688695200,1910.6,1911.54,1909.84,1910.85,4410
1688698800,1910.82,1912.13,1910.29,1911.09,4232
1688702400,1911.1,1912.27,1910.2,1912.07,3200
1688706000,1912.14,1914.49,1911.87,1914.26,6375
1688709600,1914.3,1915.39,1912.93,1913.28,8271
1688713200,1913.3,1916.46,1912,1914.54,10433
1688716800,1914.56,1915.73,1913.3,1915.53,7900
1688720400,1915.57,1916.74,1914.4,1916.08,8118
1688724000,1916.06,1917.76,1915.13,1916.32,6580
1688727600,1916.33,1918.32,1915.86,1917.48,7083
1688731200,1917.48,1928.26,1914.23,1918.82,26664
1688734800,1918.79,1927.54,1915.47,1923.17,29965
1688738400,1923.29,1934.11,1921.28,1933.68,23991
1688742000,1933.59,1934.9,1926.44,1927.58,16876
1688745600,1927.57,1929.29,1926.33,1926.85,11037
1688749200,1926.85,1928.02,1926.04,1926.94,8090
1688752800,1926.95,1927.22,1925.38,1926.33,5649
1688756400,1926.26,1926.31,1924.63,1924.72,6299
1688760000,1924.69,1925.43,1924.27,1925.1,1845
1688940000,1924.53,1928.13,1924.33,1926.07,3620
1688943600,1926.05,1926.07,1923.76,1924.83,3051
1688947200,1924.86,1925.21,1922.81,1924.2,6017
1688950800,1924.22,1926.85,1924.11,1924.93,9229
1688954400,1924.92,1925.41,1924.07,1925,6502
1688958000,1924.98,1925.63,1922.56,1923.83,5372
1688961600,1923.83,1923.88,1920.97,1921.19,4095
1688965200,1921.19,1921.5,1919.56,1920.15,6346
1688968800,1920.17,1924.4,1919.32,1923.42,8670
1688972400,1923.44,1925.66,1922.63,1924.84,8126
1688976000,1924.85,1925.58,1922.67,1925.13,7207
1688979600,1925.13,1926.19,1922.75,1923.26,6298
1688983200,1923.27,1924.42,1922.68,1923.58,5283
1688986800,1923.57,1925.72,1922.95,1924.67,6883
1688990400,1924.68,1924.96,1912.62,1913.96,17443
1688994000,1914,1924.52,1913.96,1922.98,21620
1688997600,1923.03,1924.93,1920.63,1921.98,16515
1689001200,1921.98,1923.99,1921.48,1923.53,11473
1689004800,1923.52,1925.95,1922.62,1925.54,8120
1689008400,1925.57,1926.81,1925.07,1925.63,8622
1689012000,1925.65,1926.04,1924.85,1925.73,4823
1689015600,1925.74,1926.44,1924.89,1925.85,4778
1689019200,1925.84,1925.92,1924.84,1925.17,2083
1689026400,1925.23,1925.57,1924.53,1925.06,1666
1689030000,1925.06,1925.54,1924.34,1924.8,1570
1689033600,1924.84,1927.13,1924.39,1926.31,4339
1689037200,1926.31,1927.83,1925.03,1925.5,8808
1689040800,1925.5,1927.83,1924.84,1927.74,7759
1689044400,1927.72,1928.94,1925.74,1926.63,6842
1689048000,1926.61,1929.42,1926.35,1929.39,5090
1689051600,1929.39,1930.05,1928.1,1928.96,7004
1689055200,1929,1938.37,1928.77,1936.15,13651
1689058800,1936.14,1936.24,1929.9,1932.23,13053
1689062400,1932.26,1937.33,1931.95,1936.64,9860
1689066000,1936.71,1938.28,1934.8,1938.16,9022
1689069600,1938.16,1938.41,1934.91,1935.16,7640
1689073200,1935.16,1937.47,1934.68,1936.28,7563
1689076800,1936.27,1936.47,1929.44,1932.02,16847
1689080400,1932.02,1934,1929.41,1933.45,19993
1689084000,1933.44,1935.37,1931.17,1931.76,15603
1689087600,1931.78,1933.18,1930.22,1931.07,11281
1689091200,1931.02,1932.81,1929.3,1932.37,8185
1689094800,1932.37,1932.57,1930.66,1932.02,6095
1689098400,1932.04,1932.32,1930.47,1931.87,4454
1689102000,1931.94,1932.52,1931.52,1932.46,4110
1689105600,1932.42,1932.46,1931.57,1932.08,1968
1689112800,1932.27,1933.73,1932.16,1933.37,1557
1689116400,1933.37,1933.5,1932.85,1933.25,2043
1689120000,1933.26,1936.2,1933.16,1935.67,6719
1689123600,1935.69,1939.02,1935.6,1937.52,9269
1689127200,1937.54,1940.95,1936.7,1940.08,8294
1689130800,1940.08,1940.21,1937.74,1938.48,5788
1689134400,1938.51,1939.1,1937.59,1938.87,4241
1689138000,1938.87,1940.19,1937.86,1938.58,6285
1689141600,1938.65,1940.21,1934.36,1934.81,9287
1689145200,1934.82,1936.07,1933.84,1934.67,8476
1689148800,1934.71,1936.43,1933.7,1934.79,7784
1689152400,1934.8,1936.31,1934.36,1935.4,5751
1689156000,1935.41,1935.46,1933.77,1934.26,5470
1689159600,1934.24,1936.4,1933.47,1934.66,7738
1689163200,1934.62,1950.02,1932.77,1943.17,27599
1689166800,1943.15,1957.32,1940.92,1956.05,32181
1689170400,1955.99,1957.82,1952.54,1957.62,23906
1689174000,1957.66,1958.33,1953.31,1955.67,16736
1689177600,1955.65,1959.43,1955.37,1959.16,11831
1689181200,1959.19,1959.65,1955.7,1957.22,9860
1689184800,1957.24,1957.81,1956.7,1957.72,6186
1689188400,1957.72,1958.83,1956.9,1958.66,6662
1689192000,1958.71,1958.71,1957.31,1957.32,2609
1689199200,1957.1,1958.29,1956.8,1957.65,2149
1689202800,1957.65,1957.93,1957.36,1957.72,1753
1689206400,1957.7,1958.86,1956.48,1957,6822
1689210000,1957.01,1959.86,1956.36,1959.53,10374
1689213600,1959.53,1961.7,1958.61,1960.09,7915
1689217200,1960.09,1961.09,1958.81,1960.25,6345
1689220800,1960.26,1962.27,1957.07,1957.22,5663
1689224400,1957.22,1958.39,1955.23,1955.38,9695
1689228000,1955.41,1962.91,1955.39,1962.78,12127
1689231600,1962.76,1963.34,1959.37,1961.82,11505
1689235200,1961.79,1962.75,1960.21,1960.89,8608
1689238800,1960.91,1960.95,1959.41,1959.98,5986
1689242400,1959.99,1960.57,1958.14,1960.51,6147
1689246000,1960.54,1960.68,1957.93,1959.9,7171
1689249600,1959.99,1963.48,1952.39,1957.6,25329
1689253200,1957.59,1961.41,1956.67,1958.52,26625
1689256800,1958.47,1961.87,1957.52,1960.82,20518
1689260400,1960.83,1961.6,1954.68,1954.95,14215
1689264000,1954.99,1959.73,1954.72,1958.81,12201
1689267600,1958.81,1960.43,1957.58,1960.03,8736
1689271200,1960,1960.82,1958.83,1959.87,6736
1689274800,1959.88,1960.52,1959.55,1959.98,5823
1689278400,1959.99,1960.68,1959.83,1960.35,2403
1689285600,1960.28,1960.91,1959.9,1959.91,1425
1689289200,1959.91,1961.81,1959.84,1960.1,3651
1689292800,1960.17,1960.59,1958.3,1959.33,6377
1689296400,1959.3,1963.23,1958.43,1962.79,11622
1689300000,1962.78,1963.71,1961.51,1961.68,7644
1689303600,1961.62,1963.05,1961.03,1962.52,5954
1689307200,1962.52,1962.52,1960.28,1960.35,4825
1689310800,1960.35,1961.26,1957.9,1958.82,7737
1689314400,1958.86,1960.33,1955.62,1956.49,11523
1689318000,1956.52,1957.37,1954.3,1956.81,10592
1689321600,1956.8,1958.17,1955.61,1956.11,8762
1689325200,1956.07,1957.28,1955.24,1955.89,6875
1689328800,1955.89,1957,1955.13,1956.13,6893
1689332400,1956.23,1960.05,1956.19,1959.22,7267
1689336000,1959.23,1962.73,1956.9,1957.49,16166
1689339600,1957.45,1960.93,1954.41,1960.05,22104
1689343200,1960.03,1960.61,1950.9,1960.19,31784
1689346800,1960.27,1961.98,1957.37,1958.09,15322
1689350400,1958.1,1959.35,1957.13,1958.94,10618
1689354000,1958.97,1960.36,1958.24,1960.25,7920
1689357600,1960.26,1961.02,1959.1,1959.28,5408
1689361200,1959.17,1959.24,1954.33,1954.36,7226
1689364800,1954.35,1955.72,1954.32,1955.32,2623
1689544800,1954.68,1955.72,1952.9,1953.06,2957
1689548400,1953.12,1953.34,1951.32,1953.26,3301
1689552000,1953.29,1954.7,1952.37,1954.58,5008
1689555600,1954.58,1955.9,1951.92,1952.6,8866
1689559200,1952.43,1953.82,1951.23,1953.51,6473
1689562800,1953.49,1953.68,1950.93,1952.06,4393
1689566400,1952.05,1953.6,1951.41,1953.58,2851
1689570000,1953.58,1956.78,1953.39,1953.98,6549
1689573600,1953.99,1955.03,1952,1953.23,8933
1689577200,1953.27,1955.08,1950.58,1952.28,9479
1689580800,1952.28,1957.44,1951.93,1955.84,9826
1689584400,1955.84,1959.21,1954.26,1958.64,8423
1689588000,1958.64,1959.8,1956.91,1957.23,7475
1689591600,1957.21,1958.05,1956.63,1957.58,6672
1689595200,1957.58,1959.43,1948.09,1948.6,18653
1689598800,1948.66,1951.63,1945.74,1950.46,21981
1689602400,1950.53,1954.17,1949.3,1953.99,16391
1689606000,1954.04,1955.19,1951.25,1954.61,10836
1689609600,1954.61,1955.6,1953.91,1954.55,7266
1689613200,1954.6,1955.23,1952.42,1955.21,6496
1689616800,1955.21,1955.94,1954.72,1955.56,3989
1689620400,1955.57,1956.35,1954.57,1955.29,4283
1689624000,1955.24,1955.46,1954.41,1954.79,1899
1689631200,1954.52,1955.04,1954.5,1954.94,1236
1689634800,1954.94,1956.21,1954.94,1955.39,1516
1689638400,1955.39,1956.78,1954.62,1955.38,5053
1689642000,1955.44,1959.55,1955.07,1957.11,12100
1689645600,1957.1,1958.93,1955.8,1958.93,7284
1689649200,1958.92,1960.65,1958.52,1959.76,5861
1689652800,1959.98,1961.01,1959.63,1960,3733
1689656400,1960,1961.73,1958.94,1959.18,6147
1689660000,1959.16,1961.96,1957.76,1961.69,9675
1689663600,1961.71,1964.08,1960.79,1961.46,13551
1689667200,1961.49,1962.96,1960.5,1961.66,11582
1689670800,1961.66,1963.3,1961.18,1962.99,8789
1689674400,1963,1964.28,1961.8,1963.06,7330
1689678000,1963.05,1972.08,1961,1962.99,13249
1689681600,1963,1970.97,1960.69,1968.68,26246
1689685200,1968.67,1972.03,1963.71,1971.22,32324
1689688800,1971.22,1983.56,1971.04,1982.74,28607
1689692400,1982.75,1984.35,1977.45,1978.05,17607
1689696000,1978.07,1981.46,1976.87,1977.86,12114
1689699600,1977.87,1977.95,1974.95,1976.25,11175
1689703200,1976.24,1977.55,1975.26,1976.71,7405
1689706800,1976.71,1978.11,1976.22,1977.69,6603
1689710400,1977.69,1978.91,1977.38,1978.73,2972
1689717600,1978.75,1979.1,1978.43,1978.76,2143
1689721200,1978.71,1979.1,1976.73,1977.46,3301
1689724800,1977.56,1978.43,1976.57,1978.42,6010
1689728400,1978.42,1978.48,1976.28,1976.6,10867
1689732000,1976.58,1977.24,1974.41,1976.43,8208
1689735600,1976.42,1977.13,1975.45,1975.45,5683
1689739200,1975.46,1976.03,1974.04,1974.76,5220
1689742800,1974.76,1978.34,1974.49,1978.13,6949
1689746400,1978.37,1979.86,1972.97,1976.56,16126
1689750000,1976.5,1980.85,1976.48,1977.91,13897
1689753600,1977.9,1979.08,1977.14,1977.48,10416
1689757200,1977.48,1979.07,1976.8,1977.18,9530
1689760800,1977.18,1978.12,1974.05,1974.85,8385
1689764400,1974.88,1975.83,1971.56,1973.73,9930
1689768000,1973.76,1979.54,1973.55,1977.51,19320
1689771600,1977.5,1979.83,1975.55,1977.01,21563
1689775200,1977,1977.83,1969.72,1974.52,23072
1689778800,1974.55,1976.43,1972.44,1973.83,15991
1689782400,1973.84,1977.84,1972.02,1977.48,12285
1689786000,1977.48,1978.88,1976.17,1977.25,9068
1689789600,1977.26,1978.08,1976.44,1977.79,5615
1689793200,1977.79,1978.53,1977.57,1978.47,5735
1689796800,1978.46,1978.56,1976.54,1976.84,2549
1689804000,1975.8,1978.71,1975.47,1977.31,2058
1689807600,1977.31,1977.79,1976.82,1977.69,2571
1689811200,1977.65,1979.25,1977.27,1979.01,7118
1689814800,1978.99,1985.25,1978.92,1984.89,16577
1689818400,1984.97,1986.55,1983.64,1986.43,11012
1689822000,1986.47,1987.41,1985.12,1985.17,7550
1689825600,1985.17,1985.46,1984.07,1984.61,4593
1689829200,1984.61,1984.72,1980.11,1980.71,9033
1689832800,1980.75,1982.45,1978.97,1980.52,11821
1689836400,1980.52,1982.62,1977.82,1979.14,13689
1689840000,1979.13,1983.83,1978.16,1981.56,10565
1689843600,1981.54,1982.29,1980.5,1980.88,7958
1689847200,1980.88,1983.21,1980.14,1980.54,7952
1689850800,1980.54,1982.33,1979.34,1981.4,8067
1689854400,1981.39,1981.57,1972.37,1973.94,21758
1689858000,1973.95,1980.1,1972.72,1975.97,25750
1689861600,1975.99,1977.36,1965.76,1970.42,27466
1689865200,1970.43,1970.99,1967.14,1968.63,14138
1689868800,1968.62,1968.99,1965.31,1967.91,12179
1689872400,1967.91,1970.94,1967.91,1970.55,9723
1689876000,1970.58,1971.48,1969.2,1969.66,6792
1689879600,1969.65,1971.41,1968.5,1968.79,6863
1689883200,1968.77,1969.75,1968.5,1969.35,2190
1689890400,1970.19,1970.69,1970.01,1970.58,1560
1689894000,1970.57,1972.85,1970.57,1972.22,3221
1689897600,1972.23,1973.35,1971.63,1972.89,6680
1689901200,1972.9,1973.72,1971.49,1972.26,12073
1689904800,1972.24,1972.68,1970.44,1970.82,9290
1689908400,1970.81,1971.02,1969.85,1970.21,5613
1689912000,1970.19,1970.98,1969.04,1969.9,3868
1689915600,1969.91,1970.34,1968.04,1969.29,6303
1689919200,1969.29,1972.17,1968.97,1970.68,9805
1689922800,1970.63,1971.12,1964.12,1964.26,14807
1689926400,1964.23,1965.27,1961.16,1961.44,13992
1689930000,1961.44,1964.51,1961.05,1963.95,11616
1689933600,1963.94,1964.41,1962.16,1963.76,8235
1689937200,1963.76,1966.76,1962.19,1965.7,9084
1689940800,1965.71,1968.07,1962.42,1963.06,16914
1689944400,1963.07,1964.36,1958.46,1961.55,23302
1689948000,1961.54,1965.35,1958.01,1959.74,21802
1689951600,1959.71,1962.84,1956.78,1960.29,16859
1689955200,1960.23,1963.82,1960.13,1963.52,10073
1689958800,1963.51,1964.83,1962.68,1962.73,7917
1689962400,1962.77,1964.21,1962.72,1963.12,5666
1689966000,1963.12,1963.12,1961.63,1962.49,6164
1689969600,1962.46,1962.6,1961.44,1961.87,2038
1690149600,1962.41,1962.86,1961.54,1961.94,2051
1690153200,1961.94,1962.25,1960.32,1961.2,2565
1690156800,1961.21,1961.92,1959.88,1961.72,6133
1690160400,1961.75,1962.61,1959.09,1961.41,10835
1690164000,1961.4,1961.93,1960.09,1960.62,6724
1690167600,1960.49,1961.92,1959.83,1960.11,4868
1690171200,1960.1,1960.71,1959,1960.58,4427
1690174800,1960.55,1962.09,1959.76,1959.95,6241
1690178400,1959.97,1962.07,1957.85,1961.67,8345
1690182000,1961.69,1965.65,1961.5,1963.27,15555
1690185600,1963.2,1963.9,1959.37,1959.59,11840
1690189200,1959.62,1966.09,1959.41,1965.39,10969
1690192800,1965.39,1966.49,1963.88,1965.45,7616
1690196400,1965.54,1967.81,1964.75,1964.96,8111
1690200000,1965,1967.66,1963.89,1967.37,13783
1690203600,1967.4,1967.49,1959.1,1959.39,24252
1690207200,1959.42,1962.38,1957.07,1961.33,22913
1690210800,1961.4,1962.16,1957.79,1959.69,13868
1690214400,1959.64,1961.46,1958.32,1959.85,11266
1690218000,1959.81,1960.67,1958.93,1959.07,8116
1690221600,1959.11,1959.23,1954.06,1954.94,7760
1690225200,1954.92,1955.04,1953.42,1954.31,5210
1690228800,1954.34,1955.42,1954.06,1954.75,2250
1690236000,1955.28,1955.38,1954.64,1954.89,1429
1690239600,1954.9,1954.9,1953.17,1954.37,1826
1690243200,1954.36,1955.63,1953.85,1955.24,4939
1690246800,1955.3,1962.79,1955.3,1962.6,13906
1690250400,1962.63,1963.38,1961.53,1962.19,9362
1690254000,1962.17,1963.52,1961.07,1961.57,6350
1690257600,1961.56,1962.06,1960.52,1960.55,3740
1690261200,1960.55,1963.17,1960.42,1962.55,7633
1690264800,1962.56,1964.14,1960.49,1962.34,10768
1690268400,1962.29,1962.81,1959.71,1961.17,10867
1690272000,1961.11,1963.31,1959.34,1962.87,11454
1690275600,1962.87,1963.68,1961.22,1962.12,7387
1690279200,1962.13,1962.65,1959.09,1959.14,6017
1690282800,1959.13,1960.74,1953.09,1960.73,11025
1690286400,1960.73,1963.44,1956.11,1959.34,12489
1690290000,1959.35,1961.06,1955.82,1956.73,17133
1690293600,1956.46,1961.92,1951.34,1961.73,15505
1690297200,1961.84,1965.29,1961.58,1964.24,9391
1690300800,1964.22,1965.7,1962.09,1962.37,7474
1690304400,1962.35,1963.86,1961.24,1962.12,6962
1690308000,1962.13,1964.08,1962.08,1963.5,5698
1690311600,1963.45,1965.2,1963.45,1964.45,5280
1690315200,1964.42,1965.17,1964.2,1964.83,3313
1690322400,1965.01,1966.24,1964.07,1964.5,2364
1690326000,1964.51,1965.88,1964.5,1965.25,1759
1690329600,1965.26,1965.98,1964.66,1964.91,4163
1690333200,1964.88,1965.58,1961.97,1963.78,10193
1690336800,1963.8,1964.71,1962.32,1964.05,5625
1690340400,1964.07,1964.67,1963.16,1963.91,4165
1690344000,1963.89,1964.37,1962.89,1963.03,3014
1690347600,1963.05,1965.04,1962.37,1964.93,5715
1690351200,1964.94,1970.92,1964.42,1969.55,11524
1690354800,1969.53,1971.11,1968.02,1970.6,11255
1690358400,1970.6,1972.46,1970.1,1972.04,10014
1690362000,1972.23,1972.42,1970.98,1971.41,7785
1690365600,1971.4,1971.99,1969.58,1971.7,5751
1690369200,1971.7,1974.15,1971.32,1972.17,8982
1690372800,1972.16,1974.1,1971.19,1972.24,13837
1690376400,1972.17,1972.25,1963.91,1966.64,20900
1690380000,1966.57,1969.3,1964.22,1968.94,19117
1690383600,1968.94,1975.01,1968.5,1972.35,16240
1690387200,1972.36,1973.34,1969.89,1970.31,8320
1690390800,1970.28,1970.39,1967.67,1969.3,8289
1690394400,1969.28,1978.32,1965.1,1977.18,30534
1690398000,1977.18,1977.42,1971.68,1974.78,18528
1690401600,1974.73,1974.73,1971.96,1972.08,3272
1690408800,1971.23,1974.72,1970.75,1973.37,3166
1690412400,1973.39,1973.82,1971.65,1971.96,2200
1690416000,1971.99,1972.95,1971.1,1972.36,3766
1690419600,1972.16,1977.97,1972.16,1977.7,9775
1690423200,1977.7,1982.12,1977.7,1979.21,8918
1690426800,1979.22,1979.51,1976.7,1977.88,4246
1690430400,1977.89,1978.71,1976.49,1976.62,4168
1690434000,1976.53,1976.73,1974.97,1975.69,5527
1690437600,1975.66,1977.33,1973.98,1974.72,10109
1690441200,1974.7,1982.15,1974.21,1979.92,13275
1690444800,1979.92,1981.05,1975.74,1975.86,10093
1690448400,1975.88,1978.07,1973.57,1975.35,8758
1690452000,1975.36,1976.85,1974.96,1976.17,6701
1690455600,1976.16,1979.04,1975.51,1979,7045
1690459200,1979.02,1979.08,1957.88,1960.14,24277
1690462800,1960.16,1960.37,1943.23,1945.25,30620
1690466400,1945.15,1947.78,1942.64,1944.51,23814
1690470000,1944.52,1947.37,1943.78,1946.82,13416
1690473600,1946.81,1947.7,1942.53,1944.21,8935
1690477200,1944.27,1949.66,1943.38,1948.69,17970
1690480800,1948.75,1948.79,1943.94,1945.35,8855
1690484400,1945.38,1947.38,1943.7,1944.17,8243
1690488000,1944.15,1945.49,1943.44,1945.49,2706
1690495200,1946.42,1947.55,1946.21,1946.83,2508
1690498800,1946.82,1948.04,1945.43,1947.39,4491
1690502400,1947.39,1947.82,1946.01,1946.9,6641
1690506000,1946.9,1951.18,1946.56,1950.96,11097
1690509600,1950.95,1952.26,1948.45,1952.05,6802
1690513200,1952.05,1954.84,1950.18,1954.19,17464
1690516800,1954.24,1956.73,1950.62,1951.79,15029
1690520400,1951.79,1953.34,1950.59,1952.66,10681
1690524000,1952.6,1953.48,1949.97,1951.52,13185
1690527600,1951.2,1953.39,1948.21,1949.62,14779
1690531200,1949.64,1950.4,1947.79,1949.45,9303
1690534800,1949.47,1953.71,1948.31,1951.92,8531
1690538400,1951.95,1954.57,1950.99,1953.08,7522
1690542000,1953.08,1958.01,1953.03,1956.51,8904
1690545600,1956.52,1961.16,1954.09,1955.57,19630
1690549200,1955.54,1958,1952.23,1955.89,20048
1690552800,1955.89,1960.57,1954.99,1960.16,18810
1690556400,1960.17,1963.44,1959.69,1960.89,12003
1690560000,1960.9,1963.49,1960.25,1961.06,7399
1690563600,1961.03,1962.38,1958.79,1959.57,5868
1690567200,1959.62,1960.86,1958.97,1959.03,4270
1690570800,1958.98,1959.5,1957.45,1959.08,4540
1690574400,1959.09,1959.56,1958.64,1959,1705
1690754400,1958.87,1960.46,1958.87,1960.05,2509
1690758000,1960.03,1960.14,1957.31,1958.03,3449
1690761600,1958.01,1958.8,1956.32,1958.15,5366
1690765200,1958.19,1958.53,1955.43,1956.63,11448
1690768800,1956.65,1958.39,1956.03,1956.65,7691
1690772400,1956.61,1957.52,1953.7,1954.55,4877
1690776000,1954.58,1955.73,1953.38,1954.42,4489
1690779600,1954.4,1955.26,1953.07,1955.01,5818
1690783200,1954.92,1957.07,1953.57,1954.83,8401
1690786800,1954.86,1956.23,1953.19,1954.83,9272
1690790400,1954.83,1955.9,1950.68,1953.52,8022
1690794000,1953.5,1957.15,1953.28,1956.81,8462
1690797600,1956.86,1958.39,1956.27,1958.37,6688
1690801200,1958.38,1961.04,1957.9,1959.06,7499
1690804800,1959.03,1966.98,1957.45,1965.47,14202
1690808400,1965.31,1972.35,1962.76,1971.35,19587
1690812000,1971.6,1971.95,1965.54,1967.26,16780
1690815600,1967.26,1971.63,1966.67,1970.7,9934
1690819200,1970.68,1972.25,1970.16,1970.93,6514
1690822800,1970.94,1971.99,1970.46,1970.97,5544
1690826400,1970.95,1971.02,1966.34,1966.41,4772
1690830000,1966.41,1967.03,1964.23,1964.53,7515
1690833600,1964.55,1965.96,1964.53,1965.37,3167
1690840800,1965.64,1965.96,1964.58,1965.51,1666
1690844400,1965.63,1965.65,1963.87,1963.89,2168
1690848000,1963.91,1964.63,1962.97,1963.38,4056
1690851600,1963.35,1963.93,1960.67,1960.94,7706
1690855200,1960.9,1961.04,1958.94,1960.52,6385
1690858800,1960.5,1962.68,1959.66,1962.14,5180
1690862400,1962.12,1962.29,1958.87,1959.64,4750
1690866000,1959.59,1960.17,1958.23,1958.87,5618
1690869600,1958.84,1959.12,1955.82,1957.59,7170
1690873200,1957.58,1957.63,1954.4,1955.44,10456
1690876800,1955.38,1957.21,1954.68,1955.81,8508
1690880400,1955.8,1957.69,1955.65,1956.88,5870
1690884000,1956.86,1957.42,1954.47,1956.21,5934
1690887600,1956.42,1956.6,1953.09,1953.56,7782
1690891200,1953.58,1956.01,1945.93,1946.8,17631
1690894800,1946.9,1948.74,1944.42,1947.79,20884
1690898400,1948.69,1953.65,1943.53,1946.58,24411
1690902000,1946.59,1946.74,1941.41,1944.24,12673
1690905600,1944.23,1944.23,1941.93,1943.12,7187
1690909200,1943.15,1943.6,1941.22,1942.74,5952
1690912800,1942.83,1945.46,1942.81,1944.3,5030
1690916400,1944.27,1945.56,1943.98,1944.41,4108
1690920000,1944.57,1944.85,1944.02,1944.04,1668
1690927200,1949.51,1951.78,1948.43,1951.11,6608
1690930800,1951.26,1952.85,1950.48,1952.12,4437
1690934400,1952.14,1952.36,1948.36,1949.25,6453
1690938000,1949.23,1949.83,1947.62,1947.64,8231
1690941600,1947.45,1949.81,1947.11,1948.2,7476
1690945200,1948.18,1949.45,1946.66,1949.25,4802
1690948800,1949.25,1949.34,1945.24,1946.32,4034
1690952400,1946.31,1949.88,1946.31,1948.88,7370
1690956000,1948.92,1950.36,1947.95,1949.02,8748
1690959600,1949.1,1950.27,1947.7,1948.36,9450
1690963200,1948.52,1951.87,1948.33,1949.8,9525
1690966800,1949.81,1951.26,1948.33,1949.6,6634
1690970400,1949.56,1953.02,1948.24,1952.64,6026
1690974000,1952.63,1954.75,1950.37,1950.63,8922
1690977600,1950.68,1951.85,1943.71,1945.61,21483
1690981200,1945.54,1947.62,1943.5,1945.04,18149
1690984800,1945.08,1945.19,1933.94,1935.88,22869
1690988400,1935.68,1936.91,1933,1935.52,15662
1690992000,1935.44,1938.42,1935.08,1935.63,10132
1690995600,1935.64,1939.09,1935.47,1936.56,6762
1690999200,1936.57,1936.78,1935.61,1936.45,3767
1691002800,1936.45,1936.87,1935,1935.2,3757
1691006400,1935.16,1935.49,1934.38,1934.75,1853
1691013600,1935.04,1936.89,1934.37,1936.35,2286
1691017200,1936.3,1936.58,1935.37,1935.99,1416
1691020800,1936.03,1936.97,1935.26,1935.47,3317
1691024400,1935.48,1938.83,1935.11,1936.81,6200
1691028000,1936.74,1938.2,1935.95,1936.21,4498
1691031600,1936.15,1937.36,1933.91,1937.23,3854
1691035200,1937.24,1937.95,1933.86,1934.02,4718
1691038800,1934.01,1935.56,1932.91,1935.09,7619
1691042400,1935.1,1936.08,1932.75,1933.46,8363
1691046000,1933.46,1938.22,1930.9,1936.87,12393
1691049600,1936.9,1938.38,1934.73,1937.75,9735
1691053200,1937.69,1937.79,1935.43,1936.09,7032
1691056800,1936.08,1937.44,1932.8,1934.3,6621
1691060400,1934.33,1937.1,1933.13,1935.01,10777
1691064000,1934.95,1938.37,1929.48,1932.88,22428
1691067600,1932.78,1937.76,1930.28,1932.27,23643
1691071200,1932.39,1938.63,1932.39,1934.94,23362
1691074800,1934.94,1938.7,1932.77,1933.02,14324
1691078400,1933.02,1935.91,1932.83,1935.64,7367
1691082000,1935.6,1935.83,1933.24,1934.73,6542
1691085600,1934.75,1935.32,1932.67,1933.11,4429
1691089200,1933.11,1934.42,1932.49,1934.19,3947
1691092800,1934.19,1934.69,1933.88,1934.03,2181
1691100000,1934.21,1936.99,1934.18,1935.44,2666
1691103600,1935.41,1935.79,1934.71,1935.7,1605
1691107200,1935.71,1936.67,1934.76,1936.66,4753
1691110800,1936.66,1937.97,1935.49,1936.44,9693
1691114400,1936.46,1937.45,1934.63,1935.1,8157
1691118000,1935.09,1936.51,1934.31,1935.14,4586
1691121600,1935.15,1935.55,1933.17,1934.5,4232
1691125200,1934.5,1937.4,1934.16,1936.21,6033
1691128800,1936.19,1936.31,1932.01,1933,8229
1691132400,1932.9,1934.09,1932.05,1932.87,7546
1691136000,1932.85,1933.64,1932.12,1932.38,6258
1691139600,1932.39,1934.16,1932.17,1933.47,5697
1691143200,1933.49,1933.81,1931.2,1932.74,6042
1691146800,1932.76,1933.4,1931.32,1932.26,6658
1691150400,1932.27,1942.85,1924.92,1939,27225
1691154000,1938.93,1946.74,1938.65,1943.39,31476
1691157600,1943.27,1944,1938.84,1939.01,21182
1691161200,1938.99,1943.95,1937.53,1942.64,12729
1691164800,1942.65,1943.52,1940.77,1941.72,7932
1691168400,1941.71,1942.17,1940.55,1941.94,6090
1691172000,1941.99,1942.08,1939.79,1941.25,5445
1691175600,1941.38,1942.59,1940.65,1941.3,5107
1691179200,1941.27,1943.25,1941.13,1942.7,1994
1691359200,1942.21,1946.66,1942.09,1943.67,3607
1691362800,1943.65,1943.89,1942.66,1943.85,2936
1691366400,1943.86,1945.3,1942.92,1944.25,4640
1691370000,1944.26,1944.26,1941.11,1942.32,8326
1691373600,1942.33,1942.81,1940.09,1940.84,5226
1691377200,1940.83,1941.64,1938.14,1939.27,4245
1691380800,1939.22,1939.43,1937.41,1938.79,3849
1691384400,1938.77,1938.91,1936.11,1936.52,5242
1691388000,1936.61,1938.08,1935.43,1937.09,7143
1691391600,1937.08,1938.1,1935.42,1936.73,7693
1691395200,1936.7,1936.75,1934.45,1936.15,6202
1691398800,1936.16,1937.57,1934.17,1934.23,5755
1691402400,1934.23,1935.63,1933.33,1935.23,6282
1691406000,1935.25,1936.32,1933.74,1936.15,5797
1691409600,1936.16,1938.19,1933.57,1938.01,10042
1691413200,1938.03,1941.65,1933.57,1933.67,16334
1691416800,1933.67,1936.85,1931.42,1934.1,14532
1691420400,1934.07,1935.34,1931.87,1932.5,10109
1691424000,1932.5,1934.99,1932.07,1934.4,6770
1691427600,1934.36,1936.97,1934.09,1935.99,5613
1691431200,1935.99,1937.06,1935.61,1936.94,4479
1691434800,1936.96,1937.6,1936.11,1936.61,3622
1691438400,1936.61,1936.65,1935.67,1936.42,1707
1691445600,1936.46,1937.26,1935.55,1936.01,2226
1691449200,1936.11,1938.03,1936.11,1936.74,2631
1691452800,1936.74,1937.32,1935.1,1935.67,4580
1691456400,1935.67,1935.7,1931.49,1931.56,9633
1691460000,1931.53,1935.16,1931.08,1934.86,6799
1691463600,1934.84,1935.22,1932.85,1933.03,4071
1691467200,1933.06,1934.61,1932.51,1934.33,3189
1691470800,1934.42,1934.81,1932.53,1933.97,4945
1691474400,1933.94,1934.74,1932.57,1933.09,7704
1691478000,1933.12,1934.28,1930.16,1930.42,9650
1691481600,1930.58,1935.11,1930.54,1935.04,8079
1691485200,1934.92,1935.63,1932.74,1934.9,7483
1691488800,1934.88,1935.38,1930.36,1930.71,6721
1691492400,1930.69,1933.22,1928.13,1928.81,10240
1691496000,1928.89,1929.94,1923.76,1925.37,17841
1691499600,1925.27,1928.94,1922.72,1926.39,19685
1691503200,1926.31,1931.98,1924.82,1927.08,16347
1691506800,1927.31,1928,1925.22,1925.78,10928
1691510400,1925.78,1928.4,1924.61,1925.31,7008
1691514000,1925.38,1926.36,1923.57,1925.5,7942
1691517600,1925.52,1926.19,1924.34,1925.29,5161
1691521200,1925.22,1926.59,1924.59,1924.81,4078
1691524800,1924.8,1925.24,1924.49,1925.02,1591
1691532000,1925.01,1925.46,1924.52,1924.95,961
1691535600,1924.95,1925.65,1924.78,1925.57,1232
1691539200,1925.61,1926.51,1924.72,1925.01,2589
1691542800,1924.93,1929.08,1924.17,1927.62,7321
1691546400,1927.61,1930.63,1927.4,1929.6,6000
1691550000,1929.58,1930.79,1928.49,1930.07,5555
1691553600,1930.08,1931.01,1929.45,1930.3,3484
1691557200,1930.33,1932.12,1930.08,1931.13,5611
1691560800,1931.13,1932.31,1928.56,1930.07,7162
1691564400,1930.06,1931.25,1929.39,1930.53,8185
1691568000,1930.53,1930.71,1927.41,1927.99,7017
1691571600,1927.95,1928.33,1925.85,1926.15,5751
1691575200,1926.12,1926.52,1924.63,1925.18,5605
1691578800,1925.12,1926.2,1923.23,1924.52,6666
1691582400,1924.5,1926.36,1922.1,1924.84,14503
1691586000,1924.84,1925.98,1921.49,1922.79,16415
1691589600,1922.79,1927.53,1915.98,1917.35,21262
1691593200,1917.35,1918.63,1915.54,1916.68,16574
1691596800,1916.71,1918.12,1915.67,1916.29,10149
1691600400,1916.24,1917.95,1915.96,1916.34,8221
1691604000,1916.35,1916.44,1915.42,1916.12,5714
1691607600,1916.11,1916.9,1915.47,1915.48,4605
1691611200,1915.43,1915.65,1913.98,1914.63,2106
1691618400,1914.82,1916.44,1914.66,1916.29,1888
1691622000,1916.29,1916.91,1916.22,1916.64,1382
1691625600,1916.74,1917.36,1915.6,1916.95,3702
1691629200,1916.98,1918.92,1915.32,1917.95,8627
1691632800,1917.95,1919.1,1916.97,1916.99,5613
1691636400,1916.92,1919.02,1916.88,1918.62,3806
1691640000,1918.63,1918.8,1916.28,1916.69,3053
1691643600,1916.7,1919.1,1915.75,1918.45,4775
1691647200,1918.45,1919.01,1915.49,1917.99,6723
1691650800,1917.94,1920.62,1917.29,1919.26,8666
1691654400,1919.27,1921.22,1918.6,1919.36,7403
1691658000,1919.36,1921.56,1919.15,1920.85,4870
1691661600,1920.86,1922.38,1919.8,1921.72,4917
1691665200,1921.76,1922.69,1920.82,1921.81,6405
1691668800,1921.83,1930.16,1921.13,1926.24,26182
1691672400,1926.19,1927.14,1918.84,1922.75,28401
1691676000,1922.69,1922.86,1913.45,1914.97,22766
1691679600,1914.99,1920.29,1912.84,1919.94,16239
1691683200,1919.95,1921.69,1919.47,1920.54,10421
1691686800,1920.54,1920.97,1913.38,1913.64,14370
1691690400,1913.63,1915.12,1912.84,1914.89,10514
1691694000,1914.9,1915.07,1912.99,1913.29,7090
1691697600,1913.27,1913.63,1912.1,1912.19,2593
1691704800,1912.56,1913.35,1911.95,1912.65,2141
1691708400,1912.48,1912.7,1910.76,1912.33,1920
1691712000,1912.33,1915.07,1911.84,1914.63,2661
1691715600,1914.58,1915.62,1914.22,1915.48,6771
1691719200,1915.48,1915.94,1914.14,1914.71,4820
1691722800,1914.69,1915.56,1913.12,1914.6,3910
1691726400,1914.6,1914.76,1912.55,1913.43,2602
1691730000,1913.41,1915.9,1912.71,1915.64,5444
1691733600,1915.61,1917.55,1915.32,1916.24,7220
1691737200,1916.24,1918.01,1915.75,1917.85,7915
1691740800,1917.83,1919.35,1916.09,1918.95,7174
1691744400,1918.97,1919.77,1916.99,1917.94,6532
1691748000,1917.94,1918.34,1917.08,1917.9,5121
1691751600,1917.88,1919.07,1917.36,1918.99,5206
1691755200,1918.98,1920.87,1913.12,1916.02,18893
1691758800,1916.06,1917.7,1912.91,1916.17,20848
1691762400,1918.88,1920.68,1915.45,1918.57,23483
1691766000,1918.57,1919.54,1912.94,1913.99,13839
1691769600,1914.02,1915.24,1913.5,1914.3,9384
1691773200,1914.28,1915.48,1913.06,1913.19,7057
1691776800,1913.26,1913.83,1912.49,1913.35,5287
1691780400,1913.35,1913.69,1912.15,1913.53,4464
1691784000,1913.52,1913.95,1912.86,1913.83,1375
1691964000,1913.67,1915.12,1913.26,1913.66,1934
1691967600,1913.64,1914.32,1912.38,1913.59,2460
1691971200,1913.6,1913.69,1910.64,1910.94,5383
1691974800,1910.95,1912.97,1910.09,1911.5,9838
1691978400,1911.51,1912.65,1910.58,1911.95,6614
1691982000,1911.95,1913.6,1911.51,1912.68,4992
1691985600,1912.68,1913.1,1911.79,1912.36,2653
1691989200,1912.37,1914.59,1911.87,1912.87,4701
1691992800,1912.87,1914.02,1911.48,1912.05,5833
1691996400,1911.97,1915.91,1910.58,1914.41,11488
1692000000,1914.42,1916.18,1913.82,1914.23,7887
1692003600,1914.21,1914.38,1912.17,1913.93,6000
1692007200,1913.94,1914.93,1913.13,1914.36,5031
1692010800,1914.35,1914.93,1913.33,1913.92,5306
1692014400,1913.92,1914,1905.92,1910.31,17636
1692018000,1910.33,1910.9,1902.66,1904.18,19391
1692021600,1904.28,1911.53,1903.21,1908.45,20978
1692025200,1908.46,1911.28,1908.19,1910.62,12609
1692028800,1910.57,1913.16,1910.57,1911.87,10451
1692032400,1911.84,1913.07,1910.13,1910.26,7095
1692036000,1910.25,1910.56,1907.73,1908.05,5829
1692039600,1908.03,1908.24,1907.18,1907.56,5633
1692043200,1907.51,1907.85,1906.97,1907.32,1732
1692050400,1907.37,1907.7,1907.09,1907.45,1036
1692054000,1907.42,1908.01,1905,1907.57,2433
1692057600,1907.54,1907.69,1904.93,1907.11,3351
1692061200,1907.09,1908.14,1903.67,1906.05,11945
1692064800,1906.04,1906.84,1904.67,1906.03,7623
1692068400,1906.01,1907.66,1905.56,1907.1,4108
1692072000,1907.07,1907.3,1906.41,1906.52,2194
1692075600,1906.51,1907.44,1904.13,1905.07,6323
1692079200,1905.15,1907.05,1903.9,1905,9784
1692082800,1905,1905.46,1903.44,1904.92,10316
1692086400,1904.9,1905.14,1903.12,1904.2,9859
1692090000,1904.19,1904.9,1902.9,1904.38,7809
1692093600,1904.38,1904.86,1902.57,1903.92,7754
1692097200,1903.84,1904.22,1901.95,1904.16,7869
1692100800,1904.2,1905.84,1896.35,1903.39,22802
1692104400,1903.46,1907.44,1900.03,1903.71,27752
1692108000,1903.7,1911.61,1902.59,1909.88,26048
1692111600,1909.92,1911.08,1906.56,1906.82,17082
1692115200,1906.8,1907.45,1903.44,1903.61,9840
1692118800,1903.62,1905.49,1903.24,1904.36,9937
1692122400,1904.39,1905.32,1902.46,1902.6,7131
1692126000,1902.57,1903.8,1902.42,1902.61,8052
1692129600,1902.6,1903.53,1901.28,1901.72,3161
1692136800,1901.7,1902.52,1901.13,1901.43,1809
1692140400,1901.4,1902.19,1900.22,1901.36,2262
1692144000,1901.4,1902.45,1900.91,1902.19,3555
1692147600,1902.2,1904.07,1900.46,1902.73,10205
1692151200,1902.63,1904.67,1902.43,1903.72,6746
1692154800,1903.73,1905.27,1903.61,1904.05,4356
1692158400,1904.05,1904.55,1902.74,1903.91,2372
1692162000,1903.92,1905.39,1903.39,1905.07,5248
1692165600,1905.08,1906.49,1904.61,1905.47,8439
1692169200,1905.46,1905.65,1902.78,1904.53,8336
1692172800,1904.53,1905.68,1903.41,1905.36,6540
1692176400,1905.39,1907.15,1905.21,1906.01,5784
1692180000,1906.01,1906.76,1905.64,1906.03,5022
1692183600,1906.03,1906.65,1903.06,1903.09,5229
1692187200,1903.09,1904.18,1900.05,1900.72,13888
1692190800,1900.72,1906.46,1899.18,1904.18,19160
1692194400,1904.18,1906,1903.2,1904.61,16503
1692198000,1904.62,1904.81,1901.36,1901.89,11452
1692201600,1901.89,1902.57,1898.84,1899.43,10218
1692205200,1899.45,1899.53,1896.91,1898.33,9084
1692208800,1898.34,1899.65,1894.57,1894.95,14619
1692212400,1894.97,1895.49,1891.81,1892.24,10141
1692216000,1892.15,1893.66,1891.72,1891.79,3038
1692223200,1892.15,1894.9,1891.74,1894.29,2301
1692226800,1894.31,1894.34,1892.21,1893.3,3975
1692230400,1893.35,1893.35,1891.01,1892.74,4566
1692234000,1892.81,1892.96,1889.58,1892.64,9518
1692237600,1892.58,1893.8,1892.18,1893.7,5933
1692241200,1893.66,1893.91,1892.34,1892.71,3798
1692244800,1892.7,1893.86,1892.24,1893.73,2100
1692248400,1893.73,1893.88,1892.04,1893.41,3645
1692252000,1893.38,1897.34,1892.65,1897.33,7537
1692255600,1897.29,1897.57,1895.29,1896.44,8184
1692259200,1896.4,1896.48,1893.78,1893.94,6159
1692262800,1893.93,1895.28,1893.6,1895.22,5580
1692266400,1895.23,1899.21,1895.12,1897.92,8884
1692270000,1897.92,1899.5,1896.91,1898.79,8134
1692273600,1898.78,1902.44,1896.4,1899.5,17925
1692277200,1899.43,1903.4,1895.72,1895.94,20957
1692280800,1895.82,1897.64,1893.8,1895.37,16171
1692284400,1895.38,1896.37,1889.11,1889.47,10940
1692288000,1889.45,1891.2,1887.78,1888.37,8533
1692291600,1888.39,1888.48,1884.99,1886.13,8152
1692295200,1886.15,1886.95,1885.05,1886.57,5792
1692298800,1886.61,1890.11,1886.56,1889.05,7137
1692302400,1889.06,1889.5,1888.32,1889.25,1745
1692309600,1889.44,1890.14,1888.97,1889.81,1807
1692313200,1889.9,1891.61,1889.19,1891.22,2149
1692316800,1891.28,1893.85,1890.67,1893.27,4274
1692320400,1893.3,1895.11,1892.42,1893.57,10161
1692324000,1893.56,1894.9,1892.79,1893.18,6291
1692327600,1893.14,1893.6,1891.62,1892.66,5260
1692331200,1892.66,1893.3,1891.14,1892.14,3300
1692334800,1892.16,1894.09,1891.62,1893.62,5127
1692338400,1893.68,1893.86,1891.79,1892.11,9950
1692342000,1892.03,1893.96,1891.88,1892.58,9240
1692345600,1892.55,1893.51,1891.37,1892,7088
1692349200,1891.99,1892.84,1891.36,1892.73,4958
1692352800,1892.73,1895.53,1892.71,1894.21,5911
1692356400,1894.2,1895.05,1893.21,1893.73,6079
1692360000,1893.83,1894.82,1888.65,1890.21,14399
1692363600,1890.24,1896.84,1889.36,1893.83,21095
1692367200,1893.83,1894.82,1891.59,1893.61,17273
1692370800,1893.39,1893.68,1890.44,1891.24,11597
1692374400,1891.23,1891.96,1888.64,1889.55,8754
1692378000,1889.52,1890.36,1886.73,1888.94,9000
1692381600,1888.95,1889.25,1887.57,1888.47,5003
1692385200,1888.47,1889.85,1887.54,1889.23,5273
1692388800,1889.12,1889.91,1888.3,1889.6,2150
1692568800,1889.8,1890.8,1889.24,1890.29,1807
1692572400,1890.25,1890.25,1888.8,1889.9,2096
1692576000,1889.93,1891.11,1889.81,1889.91,3539
1692579600,1889.92,1890,1884.99,1885.44,11713
1692583200,1885.42,1893.05,1884.77,1892.85,8833
1692586800,1892.85,1893.65,1890.64,1891.64,4996
1692590400,1891.64,1893.72,1891.43,1892.45,3322
1692594000,1892.43,1894.08,1887.81,1888,7511
1692597600,1887.97,1889.52,1887.35,1888.85,7671
1692601200,1888.85,1890.39,1887.95,1888.13,9443
1692604800,1888.12,1889.44,1887.54,1888.65,7520
1692608400,1888.66,1890.86,1888.25,1889.45,7638
1692612000,1889.47,1889.58,1886.76,1888.66,7405
1692615600,1888.66,1893.13,1887.87,1893.02,8588
1692619200,1893.04,1897.61,1892.72,1897.15,18914
1692622800,1897.14,1898.79,1888.54,1890.05,22025
1692626400,1890.04,1891.27,1885.25,1886.84,19381
1692630000,1886.85,1889.8,1885.91,1889.17,11820
1692633600,1889.18,1893.09,1889.07,1892.56,7943
1692637200,1892.64,1895.36,1892.52,1894.35,9010
1692640800,1894.36,1895.01,1893.85,1894.56,6119
1692644400,1894.56,1895.18,1894.19,1894.3,4896
1692648000,1894.27,1894.86,1894.21,1894.64,1450
1692655200,1894.68,1895.08,1894.53,1894.97,751
1692658800,1894.98,1895.98,1894.6,1894.69,1795
1692662400,1894.68,1895.77,1893.63,1895.48,3051
1692666000,1895.47,1897.27,1894.28,1895.07,8973
1692669600,1895.08,1897.28,1894.38,1894.39,7064
1692673200,1894.39,1897.13,1894.18,1896.03,5426
1692676800,1896.03,1896.33,1893.81,1893.93,2394
1692680400,1893.92,1896.41,1893.89,1895.39,5137
1692684000,1895.41,1900.23,1895.08,1898.87,10099
1692687600,1898.87,1901.88,1898.06,1901.48,9294
1692691200,1901.52,1902.32,1898.37,1899.94,7365
1692694800,1900,1903.71,1899.39,1902.78,7543
1692698400,1902.77,1904.44,1901.86,1901.94,7821
1692702000,1901.94,1903.37,1901.46,1902.13,7058
1692705600,1902.13,1903.37,1896.27,1897.38,14713
1692709200,1897.37,1897.58,1889.13,1890.3,21417
1692712800,1890.29,1895.83,1890.06,1895.16,19035
1692716400,1895.13,1899.13,1895.06,1897.81,12867
1692720000,1897.88,1898.91,1896.74,1897.34,8052
1692723600,1897.34,1898.39,1896.94,1897.68,6110
1692727200,1897.72,1897.79,1896.38,1897.17,4285
1692730800,1897.14,1897.67,1896.82,1897.56,4275
1692734400,1897.56,1897.83,1897.07,1897.28,1317
1692741600,1897.4,1898.2,1897.34,1897.92,865
1692745200,1897.92,1898.58,1897.7,1898.51,762
1692748800,1898.54,1900.3,1898.41,1898.96,3020
1692752400,1898.96,1901.85,1898.76,1901.61,8801
1692756000,1901.62,1902.98,1900.74,1900.97,6442
1692759600,1900.92,1902.06,1900.1,1901.56,4399
1692763200,1901.56,1903.34,1900.69,1903.27,4075
1692766800,1903.31,1903.94,1902.36,1902.6,5516
1692770400,1902.56,1904.7,1902.22,1902.87,8406
1692774000,1902.84,1904.38,1901.71,1903.56,12369
1692777600,1903.53,1905.44,1903.46,1903.74,10068
1692781200,1903.73,1905.16,1901.82,1902.6,7487
1692784800,1902.57,1904.05,1901.25,1903.28,6172
1692788400,1903.29,1904.59,1902.78,1903.27,6886
1692792000,1903.26,1908.59,1902.63,1903.74,15309
1692795600,1903.73,1918.88,1902.96,1917.94,26707
1692799200,1918.05,1918.28,1914.51,1915.65,24113
1692802800,1915.65,1918.28,1915.45,1918.28,12619
1692806400,1918.28,1920.35,1918.23,1919.79,9807
1692810000,1919.78,1919.88,1917.45,1917.98,9356
1692813600,1917.89,1918.15,1916.28,1916.65,6886
1692817200,1916.64,1917.54,1916.41,1916.83,5363
1692820800,1916.81,1916.92,1914.41,1915.36,2497
1692828000,1915.44,1917.54,1915.23,1917,1916
1692831600,1917,1917.99,1916.17,1917.84,2014
1692835200,1917.87,1919.28,1917.32,1918.59,3294
1692838800,1918.59,1919.03,1917.53,1918.74,7208
1692842400,1918.74,1920.84,1918.68,1919.86,7312
1692846000,1919.85,1921.61,1919.38,1920.94,4950
1692849600,1920.93,1922.39,1919.99,1921.04,4110
1692853200,1921.08,1922.36,1920.31,1921.5,5639
1692856800,1921.5,1922.88,1920.73,1921.62,8905
1692860400,1921.62,1922.23,1919.48,1919.51,9429
1692864000,1919.57,1922,1919.48,1920.29,6684
1692867600,1920.29,1920.97,1919.29,1919.57,6012
1692871200,1919.59,1920.72,1918.76,1919.29,5727
1692874800,1919.26,1919.66,1916.39,1916.6,6235
1692878400,1916.66,1916.73,1911.77,1915.1,16428
1692882000,1915.11,1916.76,1911.93,1916.09,19576
1692885600,1916.19,1923.31,1916.06,1921.4,20282
1692889200,1921.46,1922.25,1919.95,1921.02,12906
1692892800,1920.95,1921.44,1917.37,1918.33,9788
1692896400,1918.32,1919.63,1916.72,1917.14,8479
1692900000,1917.21,1918.02,1916.69,1916.89,6349
1692903600,1916.93,1918.08,1916.76,1916.76,5652
1692907200,1916.75,1917.52,1916.25,1916.7,1787
1692914400,1917.21,1917.23,1916.57,1916.87,829
1692918000,1916.87,1916.87,1915.65,1915.84,1649
1692921600,1915.83,1916.55,1915.15,1915.47,3096
1692925200,1915.45,1917.52,1914.69,1916.96,6450
1692928800,1916.9,1917.12,1914.36,1914.83,4869
1692932400,1914.8,1914.98,1913.15,1913.42,4096
1692936000,1913.46,1914.84,1913.28,1913.72,3583
1692939600,1913.72,1914.7,1913.06,1914.41,4614
1692943200,1914.48,1915.06,1912.78,1913.06,7321
1692946800,1913.11,1916.11,1913.1,1914.2,7650
1692950400,1914.2,1915.46,1913.3,1915.38,6119
1692954000,1915.34,1917.96,1915.16,1916.08,5589
1692957600,1916.1,1917.8,1915.69,1917.72,4516
1692961200,1917.75,1918.41,1916.15,1918.34,5805
1692964800,1918.31,1920.26,1916.41,1917.19,10954
1692968400,1917.25,1917.67,1913.31,1915.3,15911
1692972000,1915.37,1922.34,1903.77,1904.64,38013
1692975600,1904.53,1910.63,1903.98,1907.79,21344
1692979200,1907.88,1910.65,1907.56,1910.02,11914
1692982800,1910.04,1912.71,1909.91,1912.32,10165
1692986400,1912.36,1914.7,1911.87,1913.39,8297
1692990000,1913.38,1914.38,1912.11,1914.29,7091
1692993600,1914.36,1914.9,1913.31,1913.94,1837
1693173600,1915.5,1916.02,1914.58,1914.86,1457
1693177200,1914.91,1916.06,1914.29,1915.05,2959
1693180800,1915.04,1916.62,1914.61,1915.71,3626
1693184400,1915.68,1917.38,1915.26,1915.48,9750
1693188000,1915.48,1916.18,1915.07,1915.47,5075
1693191600,1915.45,1917.04,1915.32,1916.22,4124
1693195200,1916.22,1916.71,1914.7,1915.56,2601
1693198800,1915.55,1917.58,1915.16,1915.6,4329
1693202400,1915.61,1917.74,1915.61,1915.9,5739
1693206000,1915.9,1916.35,1914.29,1914.5,4922
1693209600,1914.49,1915.26,1913.47,1914.63,5329
1693213200,1914.62,1915.69,1913.92,1914.06,3785
1693216800,1914.04,1915.17,1913.72,1915.16,4225
1693220400,1915.2,1915.45,1914.38,1914.77,4429
1693224000,1914.77,1917.33,1913.35,1917.07,9530
1693227600,1917.08,1918.82,1912.77,1918.11,15612
1693231200,1918.11,1919.87,1917.33,1918.69,13106
1693234800,1918.7,1926.03,1918.05,1924.75,13182
1693238400,1924.73,1925.18,1920.24,1920.68,8929
1693242000,1920.68,1920.81,1916.87,1920.33,8781
1693245600,1920.36,1920.52,1919.45,1919.55,4666
1693249200,1919.56,1920.59,1919.45,1919.66,3674
1693252800,1919.65,1920.35,1919.58,1920.1,1504
1693260000,1920.16,1920.95,1920.09,1920.73,691
1693263600,1920.73,1921.6,1920.68,1921.2,1031
1693267200,1921.19,1922.04,1921.01,1921.62,2413
1693270800,1921.62,1922.99,1921.31,1922.02,6095
1693274400,1922.03,1923.93,1921.4,1923.81,4837
1693278000,1923.86,1925.8,1923.58,1925.4,4644
1693281600,1925.4,1925.55,1923.88,1923.91,2703
1693285200,1923.91,1925.57,1923.25,1924.39,3371
1693288800,1924.41,1925.26,1922.83,1922.91,5699
1693292400,1922.8,1924.93,1921.59,1923.22,6719
1693296000,1923.24,1924.27,1922.27,1922.85,6403
1693299600,1922.83,1924.44,1922.53,1924.31,5450
1693303200,1924.33,1924.35,1920.15,1920.26,6295
1693306800,1920.26,1920.42,1916.7,1917.19,8220
1693310400,1917.2,1917.25,1914.4,1917.03,13039
1693314000,1917.13,1921.9,1916.73,1920.95,17391
1693317600,1921.02,1934.88,1920.85,1934.12,31535
1693321200,1934.11,1937.63,1932.66,1936.69,15724
1693324800,1936.69,1937.68,1934.06,1936.26,10629
1693328400,1936.26,1938.14,1935.85,1937.14,10289
1693332000,1937.14,1937.22,1935.14,1937.06,5861
1693335600,1937.02,1938.11,1936.35,1938.03,4390
1693339200,1938.01,1938.01,1937.25,1937.34,1865
1693346400,1937.24,1937.71,1936.63,1937.11,1657
1693350000,1937.12,1937.51,1935.9,1936.22,1985
1693353600,1936.23,1937.22,1935.9,1936.74,3266
1693357200,1936.76,1937.03,1935.35,1936.18,6800
1693360800,1936.17,1937.48,1936.12,1936.75,6108
1693364400,1936.72,1936.95,1935.94,1936.79,3451
1693368000,1936.8,1937.12,1935.83,1936.09,2991
1693371600,1936.11,1936.87,1935.19,1935.3,4989
1693375200,1935.33,1936.83,1935.1,1936.07,6832
1693378800,1936.09,1936.75,1934.93,1936.44,7032
1693382400,1936.45,1936.92,1935.44,1936.57,7974
1693386000,1936.58,1938.79,1935.96,1938.08,6645
1693389600,1938.06,1938.31,1936.65,1937.94,4940
1693393200,1937.89,1939.62,1937.22,1939.1,6640
1693396800,1939.11,1945.74,1938.77,1945.14,24240
1693400400,1945.06,1948.65,1942.85,1947.39,24066
1693404000,1947.37,1949.01,1945.09,1946.6,22167
1693407600,1946.6,1946.96,1944.07,1944.93,13535
1693411200,1944.9,1945.02,1943.13,1944.87,9219
1693414800,1944.88,1945.67,1943.49,1943.69,6720
1693418400,1943.67,1944.46,1942.84,1943.83,5670
1693422000,1943.84,1943.92,1943.05,1943.4,4162
1693425600,1943.44,1943.6,1942.08,1942.23,2494
1693432800,1942.9,1945.39,1942.9,1944.55,2574
1693436400,1944.56,1944.73,1943.73,1944.17,2082
1693440000,1944.29,1945.49,1944.12,1945.31,2992
1693443600,1945.3,1947.63,1945.29,1947.17,8197
1693447200,1947.22,1947.71,1945.5,1946.11,5302
1693450800,1946.1,1946.1,1944.68,1945.1,3917
1693454400,1945.1,1945.96,1944.85,1945.76,2693
1693458000,1945.75,1945.93,1944.42,1945.34,6175
1693461600,1945.37,1945.68,1943.2,1943.77,7076
1693465200,1943.76,1946.3,1943.76,1945.06,7910
1693468800,1944.95,1945.56,1944.34,1944.38,6369
1693472400,1944.4,1945.14,1943.63,1944.74,6469
1693476000,1944.74,1945.32,1943.92,1944.27,5145
1693479600,1944.31,1945.9,1943.8,1945.64,6095
1693483200,1945.66,1947.85,1943.05,1945.81,18038
1693486800,1945.83,1946.42,1939.17,1943.76,21553
1693490400,1943.75,1945.1,1941,1942.98,18405
1693494000,1942.98,1943.74,1939.08,1940.63,14229
1693497600,1940.64,1942.51,1940.53,1941.7,8314
1693501200,1941.71,1941.81,1939.09,1940.5,7496
1693504800,1940.48,1942.1,1940.3,1941.34,4311
1693508400,1941.35,1941.71,1939.93,1940.05,4955
1693512000,1940.08,1940.57,1939.37,1940.01,1945
1693519200,1940.07,1940.31,1939.71,1940.05,1242
1693522800,1940.07,1940.08,1938.97,1939.82,1603
1693526400,1939.86,1940.23,1938.64,1939.3,2899
1693530000,1939.3,1944.03,1939.3,1942.56,9134
1693533600,1942.56,1942.62,1939.94,1940.5,5680
1693537200,1940.44,1940.44,1938.7,1938.92,4150
1693540800,1938.91,1940.16,1938.21,1939.98,2487
1693544400,1939.98,1940.63,1939.22,1939.71,3643
1693548000,1939.74,1940.44,1938.42,1940.4,7651
1693551600,1940.38,1943.49,1940.27,1943.11,8162
1693555200,1943.09,1943.75,1941.88,1942.95,6351
1693558800,1942.95,1944.46,1942.87,1944.21,4438
1693562400,1944.24,1944.37,1943.46,1944.27,4139
1693566000,1944.27,1945.88,1943.98,1944.51,6465
1693569600,1944.48,1952.9,1944.24,1949.88,24241
1693573200,1949.89,1951.45,1940.12,1943.73,31712
1693576800,1943.44,1943.44,1934.49,1940.06,31466
1693580400,1939.96,1940.49,1936.71,1938.82,15776
1693584000,1938.82,1939.82,1937.57,1938.11,9648
1693587600,1938.13,1941.55,1937.32,1941.16,7912
1693591200,1941.19,1941.19,1940.28,1941.08,4227
1693594800,1941.09,1941.35,1940.42,1940.51,3821
1693598400,1940.5,1940.69,1939.49,1939.85,1442
1693778400,1940.39,1940.5,1939.38,1939.54,1240
1693782000,1939.54,1941.03,1939.45,1940.57,1411
1693785600,1940.55,1941.67,1940.12,1940.89,3272
1693789200,1940.88,1944.01,1940.44,1943.04,9341
1693792800,1943.05,1946.07,1942.98,1945.74,6249
1693796400,1945.73,1946.02,1944.85,1944.93,3094
1693800000,1944.94,1945.16,1944.31,1945.07,2242
1693803600,1945.07,1945.83,1944.07,1944.5,4511
1693807200,1944.51,1946.26,1944.37,1945.02,7152
1693810800,1945.05,1945.24,1943.09,1943.81,7277
1693814400,1943.81,1944.46,1942.66,1943.83,4717
1693818000,1943.84,1944.2,1940.81,1940.96,5641
1693821600,1940.97,1942.73,1940.28,1940.48,4234
1693825200,1940.41,1941.98,1939.83,1941.65,4352
1693828800,1941.65,1941.72,1939.86,1939.96,4590
1693832400,1939.97,1940.19,1937.87,1938.22,9169
1693836000,1938.2,1938.75,1936.77,1938.33,7010
1693839600,1938.34,1939.05,1938.07,1938.62,4344
1693843200,1938.63,1938.86,1937.97,1938.28,2799
1693846800,1938.28,1938.78,1937.87,1938.42,804
1693850400,1938.52,1938.74,1938.24,1938.36,375
1693864800,1938.64,1938.8,1937.95,1938.09,1077
1693868400,1938.09,1938.57,1937.51,1937.57,1062
1693872000,1937.58,1937.92,1936.95,1937.82,2564
1693875600,1937.83,1938.66,1934.96,1935.79,6776
1693879200,1935.82,1937.55,1935.18,1937.05,5813
1693882800,1937.04,1937.36,1936.07,1936.92,3552
1693886400,1936.93,1938.9,1936.91,1938.52,2939
1693890000,1938.57,1938.93,1936.55,1937.03,4925
1693893600,1937.02,1937.26,1935.16,1936.73,8529
1693897200,1936.74,1938.23,1935.5,1935.56,9333
1693900800,1935.54,1935.69,1932.2,1933.41,8287
1693904400,1933.41,1933.47,1930.59,1930.71,7676
1693908000,1930.69,1932.38,1930.18,1931.07,6204
1693911600,1931.1,1931.89,1929.88,1930.46,7227
1693915200,1930.47,1934.71,1927.93,1933.76,18703
1693918800,1933.79,1934.23,1926.71,1927.71,25760
1693922400,1927.83,1928.25,1925.33,1927.44,21515
1693926000,1927.43,1928.98,1926.05,1926.05,13668
1693929600,1926.04,1927.94,1926.02,1927.25,8319
1693933200,1927.26,1927.48,1926.22,1926.49,6917
1693936800,1926.49,1927.47,1925.93,1925.98,4840
1693940400,1925.98,1927.32,1925.47,1925.86,4680
1693944000,1925.89,1926.48,1925.39,1925.95,1871
1693951200,1926.16,1926.49,1925.9,1926.36,768
1693954800,1926.36,1926.94,1925.8,1926.54,1693
1693958400,1926.57,1926.67,1924.47,1924.72,2957
1693962000,1924.7,1925.71,1924.2,1924.85,7306
1693965600,1924.92,1926.71,1924.36,1926.33,4978
1693969200,1926.32,1926.58,1925.73,1926.53,4185
1693972800,1926.52,1927.35,1926.42,1927.19,2949
1693976400,1927.22,1928.48,1927.14,1928.16,5367
1693980000,1928.14,1928.35,1925.62,1926.09,7398
1693983600,1926.08,1926.63,1922.85,1922.94,10996
1693987200,1922.91,1924.91,1922.52,1924.71,7910
1693990800,1924.7,1925.55,1922.81,1925.29,5980
1693994400,1925.32,1927.69,1925.31,1926.51,6361
1693998000,1926.58,1926.98,1925.28,1925.46,5633
1694001600,1925.51,1927.28,1923.09,1923.18,12356
1694005200,1923.17,1929.13,1921.11,1927.96,22819
1694008800,1922.63,1924.01,1915.26,1918.09,28170
1694012400,1918.09,1918.25,1915.55,1916.75,13873
1694016000,1916.8,1920.22,1916.24,1919.99,9103
1694019600,1920.01,1920.65,1917.53,1917.65,7495
1694023200,1917.64,1918.11,1916,1917.63,4856
1694026800,1917.63,1917.7,1916.34,1916.69,4223
1694030400,1916.71,1917.07,1915.96,1916.38,1716
1694037600,1917.66,1918.13,1917.28,1917.57,1455
1694041200,1917.58,1917.88,1916.91,1917.1,1179
1694044800,1917.08,1917.11,1916.3,1916.79,2401
1694048400,1916.79,1919.63,1916.6,1919.5,6926
1694052000,1919.52,1919.76,1917.71,1919.76,5074
1694055600,1919.75,1920.67,1919.27,1920.12,4461
1694059200,1920.09,1920.22,1917.99,1918.95,3001
1694062800,1918.99,1919.41,1917.37,1917.51,5310
1694066400,1917.49,1919.76,1917.43,1918.4,7400
1694070000,1918.42,1918.7,1917.1,1918.35,8513
1694073600,1918.33,1919.29,1917.34,1918.82,7066
1694077200,1918.84,1920.48,1918.59,1920.23,5517
1694080800,1920.23,1921.17,1919.47,1920.02,5159
1694084400,1920.03,1922.29,1919.99,1921.83,6472
1694088000,1921.84,1923.59,1916.26,1923.24,17662
1694091600,1923.26,1923.47,1918.18,1920.04,21040
1694095200,1920.03,1921.51,1917.25,1918.03,15645
1694098800,1918.03,1921.35,1917.23,1920.94,10146
1694102400,1920.95,1921.46,1918.01,1918.03,6004
1694106000,1918.02,1919.34,1917.47,1918.43,5864
1694109600,1918.45,1920.7,1918.06,1920.3,4416
1694113200,1920.32,1920.56,1918.67,1918.8,3420
1694116800,1918.88,1919.74,1918.84,1919.58,1514
1694124000,1919.67,1920.13,1919.38,1919.69,824
1694127600,1919.69,1920.3,1919.69,1920.24,1107
1694131200,1920.26,1924.5,1920.05,1923.69,5968
1694134800,1923.64,1926,1922.84,1925.82,10701
1694138400,1925.82,1927.19,1925.06,1925.9,5427
1694142000,1925.93,1926.22,1924.34,1924.92,3120
1694145600,1924.95,1925.02,1924.28,1924.51,2201
1694149200,1924.52,1925.92,1924.31,1925.68,3813
1694152800,1925.67,1927.26,1924.86,1925.34,6920
1694156400,1925.32,1925.95,1923.84,1924.09,7615
1694160000,1924.1,1924.79,1923.35,1924.67,7116
1694163600,1924.68,1925.83,1923.85,1925.18,6055
1694167200,1925.17,1925.54,1923.35,1923.5,4482
1694170800,1923.51,1923.9,1922.64,1922.98,5269
1694174400,1922.99,1926.03,1920.34,1920.4,12019
1694178000,1920.42,1928.88,1920.17,1928.58,18140
1694181600,1928.57,1929.7,1923.8,1923.82,16717
1694185200,1923.84,1924.26,1919.25,1919.57,11760
1694188800,1919.57,1919.85,1917.31,1919.66,7558
1694192400,1919.68,1920.45,1918.83,1920.42,5246
1694196000,1920.45,1920.66,1918.38,1918.55,3828
1694199600,1918.56,1919.37,1918.09,1919.17,2584
1694203200,1919.17,1919.36,1918.77,1918.98,1171
1694383200,1920.48,1920.55,1917.88,1918.26,2442
1694386800,1918.12,1919.66,1916.48,1918.8,2912
1694390400,1918.79,1920.19,1918.3,1919.98,5357
1694394000,1919.92,1923.22,1919.07,1922.41,10963
1694397600,1922.41,1924.11,1922.31,1922.63,7491
1694401200,1922.62,1923.55,1922.26,1923.27,4525
1694404800,1923.24,1926.72,1922.9,1926.49,6516
1694408400,1926.39,1928,1925.93,1927.62,9969
1694412000,1927.59,1928.62,1926.29,1927.9,8661
1694415600,1927.87,1930.7,1926.24,1926.44,9226
1694419200,1926.4,1927.76,1925.36,1927.68,6710
1694422800,1927.66,1927.99,1925.29,1925.32,6045
1694426400,1925.33,1926.31,1924.7,1925.76,4810
1694430000,1925.74,1926.5,1924.66,1925.17,6340
1694433600,1925.27,1927.27,1924.18,1927.24,11918
1694437200,1927.18,1930.09,1924.36,1925.86,17221
1694440800,1925.84,1926.65,1921.51,1922.55,17201
1694444400,1922.54,1924.35,1921.35,1923,9283
1694448000,1923,1925.08,1922.75,1923.39,6443
1694451600,1923.39,1924.3,1922.42,1922.66,6069
1694455200,1922.66,1922.89,1921.44,1921.81,3644
1694458800,1921.82,1923.1,1921.55,1922.71,4163
1694462400,1922.71,1922.71,1922.18,1922.28,1048
1694469600,1922.68,1923.4,1922.44,1922.46,916
1694473200,1922.45,1922.48,1921.2,1921.63,1740
1694476800,1921.6,1922.57,1921.18,1921.55,2840
1694480400,1921.54,1923.45,1920.25,1921.87,7580
1694484000,1921.87,1923.35,1921.21,1922.98,5738
1694487600,1922.97,1924.3,1922.2,1923.65,3716
1694491200,1923.67,1924.5,1922.22,1922.24,3250
1694494800,1922.24,1922.33,1919.88,1920.21,4760
1694498400,1920.26,1920.66,1918.84,1919.95,6930
1694502000,1919.91,1920.06,1918.8,1918.95,6826
1694505600,1918.96,1921.32,1918.55,1919.72,6471
1694509200,1919.74,1920.02,1918.56,1918.98,4795
1694512800,1918.97,1919.59,1914.91,1915.54,7818
1694516400,1915.59,1915.59,1910.93,1912.93,9413
1694520000,1912.87,1912.94,1908.5,1909.71,13847
1694523600,1909.66,1911.86,1907.56,1909.18,18927
1694527200,1909.18,1914.75,1908.36,1911.84,14949
1694530800,1911.93,1913.7,1911.64,1912.42,8883
1694534400,1912.43,1915.04,1911.69,1912.34,6666
1694538000,1912.36,1913.29,1911.75,1912,5777
1694541600,1912.01,1913.49,1911.8,1913.35,4274
1694545200,1913.37,1913.61,1912.63,1912.98,4043
1694548800,1912.92,1913.51,1912.67,1913.28,1886
1694556000,1913.15,1913.75,1912.94,1913.45,902
1694559600,1913.46,1913.73,1912.42,1912.86,1257
1694563200,1912.85,1913.7,1912.43,1912.54,3569
1694566800,1912.54,1913.81,1910.68,1911.37,7188
1694570400,1911.38,1911.82,1908.83,1909.03,5468
1694574000,1909.02,1909.64,1908.17,1909.62,4272
1694577600,1909.59,1911.95,1909.41,1911.59,3684
1694581200,1911.6,1912.6,1909.22,1910.19,5528
1694584800,1910.2,1910.47,1908.24,1909.9,8336
1694588400,1909.9,1912.13,1909.26,1911.99,8177
1694592000,1911.96,1912.54,1911.15,1912.17,6222
1694595600,1912.15,1912.42,1910.74,1911.19,5236
1694599200,1911.15,1912.57,1910.81,1912.56,4316
1694602800,1912.55,1913.07,1911.36,1912.29,5424
1694606400,1912.3,1914.44,1905.48,1912.28,25115
1694610000,1912.26,1915.71,1909.34,1913.31,25533
1694613600,1913.33,1914.75,1909.76,1912.64,18678
1694617200,1912.65,1913.53,1909.22,1910.4,10887
1694620800,1910.41,1911.65,1908.86,1909.38,8780
1694624400,1909.38,1911.16,1908.16,1909.98,7685
1694628000,1909.98,1910.35,1908.82,1909.34,5284
1694631600,1909.34,1909.34,1908.45,1908.84,4810
1694635200,1908.8,1908.91,1908.09,1908.1,1620
1694642400,1908.78,1909.78,1908.71,1908.82,1402
1694646000,1908.84,1909.55,1907.47,1909.17,1943
1694649600,1909.07,1912.76,1908.93,1912.59,4028
1694653200,1912.54,1912.86,1910.57,1911.06,11382
1694656800,1911.03,1911.33,1908.81,1909.94,9575
1694660400,1909.92,1910.57,1908.83,1909.64,5148
1694664000,1909.66,1910.66,1909.13,1909.39,2943
1694667600,1909.41,1911.06,1907.68,1908.01,6879
1694671200,1908.01,1908.56,1906.95,1907.3,7919
1694674800,1907.33,1907.5,1905.15,1905.82,8112
1694678400,1905.8,1907.34,1905.48,1907.28,7907
1694682000,1907.28,1907.52,1906.08,1906.28,5179
1694685600,1906.29,1909.12,1906.21,1909.04,6065
1694689200,1909.04,1909.11,1907.13,1907.48,6677
1694692800,1907.49,1910.28,1901.13,1904.41,28696
1694696400,1904.37,1907.55,1901.93,1903.11,30246
1694700000,1903.07,1910.47,1900.94,1908.44,23041
1694703600,1908.45,1911.35,1905.75,1907.95,14174
1694707200,1907.97,1912.1,1907.95,1910.25,11911
1694710800,1910.23,1911.42,1908.35,1908.72,8301
1694714400,1908.72,1909.47,1908.08,1908.24,5597
1694718000,1908.25,1909.49,1908.23,1909.41,4201
1694721600,1909.4,1910.63,1909.2,1910.52,1583
1694728800,1910.91,1910.96,1910.18,1910.31,1130
1694732400,1910.31,1911.03,1909.72,1909.74,1811
1694736000,1909.73,1911.5,1909.73,1911.19,4113
1694739600,1911.18,1915.36,1910.4,1915.31,13267
1694743200,1915.31,1915.98,1914.55,1915.49,9620
1694746800,1915.46,1915.87,1914.57,1915.57,5412
1694750400,1915.57,1916.8,1915.17,1916.18,3900
1694754000,1916.17,1916.24,1914.88,1916.19,8275
1694757600,1916.19,1919.58,1915.96,1918.59,14567
1694761200,1918.58,1918.85,1915.43,1918.03,11277
1694764800,1918.06,1918.43,1916.79,1917.99,7365
1694768400,1917.99,1919.18,1917.72,1917.99,6044
1694772000,1918.08,1918.2,1917.05,1917.11,5006
1694775600,1917.08,1919.95,1916.71,1919.18,6868
1694779200,1919.18,1920.55,1916.03,1917.09,15010
1694782800,1917.11,1926.77,1916.89,1924.59,22249
1694786400,1925.44,1930.39,1925.22,1928.5,22899
1694790000,1928.5,1929.64,1924.7,1926.42,13263
1694793600,1926.42,1927.86,1924.97,1925.33,8084
1694797200,1925.48,1925.94,1923.89,1924.72,7073
1694800800,1924.73,1924.97,1923.9,1924.01,4845
1694804400,1924.01,1924.48,1922.34,1922.46,4617
1694808000,1922.44,1923.87,1922.39,1923.52,2473
1694988000,1923.57,1924.48,1923.26,1923.63,1398
1694991600,1923.63,1923.63,1922.51,1923.19,2147
1694995200,1923.2,1924.6,1923.16,1924.54,3146
1694998800,1924.6,1926.61,1923.31,1925.18,11611
1695002400,1925.19,1928.68,1925.13,1928.1,6081
1695006000,1928.1,1929.43,1927.94,1928.79,4496
1695009600,1928.73,1929.35,1927.7,1928.2,2909
1695013200,1928.21,1930.59,1927.8,1929.84,4795
1695016800,1929.86,1930.27,1928.11,1928.55,12121
1695020400,1928.56,1929.16,1926.44,1926.47,8701
1695024000,1926.4,1926.66,1925.09,1926.1,6473
1695027600,1926.1,1926.95,1925.59,1926.9,5088
1695031200,1926.91,1927.48,1926.35,1926.79,4640
1695034800,1926.8,1928.15,1926.47,1926.78,5765
1695038400,1926.8,1928.06,1923.52,1923.97,11514
1695042000,1924.03,1928.5,1923.42,1924,17050
1695045600,1923.97,1927.69,1922.76,1926.85,14698
1695049200,1926.85,1929.36,1926.22,1928.97,8442
1695052800,1929.02,1931.15,1927.69,1931.03,6668
1695056400,1931.03,1933.47,1930.96,1932.12,7320
1695060000,1932.12,1932.24,1931.08,1931.51,4353
1695063600,1931.51,1933.57,1931.43,1933.27,4733
1695067200,1933.19,1934.19,1933.01,1933.58,1879
1695074400,1933.69,1933.96,1933.26,1933.64,1206
1695078000,1933.63,1934.54,1933.15,1934.09,1473
1695081600,1934.09,1934.59,1932.64,1932.73,3155
1695085200,1932.73,1933.32,1931.75,1932.96,7711
1695088800,1932.98,1933.41,1932.39,1932.86,4305
1695092400,1932.86,1933.04,1932.11,1932.22,2863
1695096000,1932.2,1932.52,1931.28,1931.28,2679
1695099600,1931.28,1931.77,1930.29,1930.84,3701
1695103200,1930.85,1931.32,1929.79,1930.46,7404
1695106800,1930.54,1934.78,1930.52,1934.4,7740
1695110400,1934.46,1934.99,1933.43,1933.73,5360
1695114000,1933.75,1935.39,1933.59,1935.16,4069
1695117600,1935.17,1936.77,1934.56,1935.26,4548
1695121200,1935.26,1936.02,1934.45,1935.24,4714
1695124800,1935.25,1937.33,1934.11,1935.8,11991
1695128400,1935.79,1936.35,1932.78,1934.72,16752
1695132000,1934.66,1935.19,1931.04,1934.81,15483
1695135600,1934.84,1934.99,1932.03,1933.1,8525
1695139200,1933.09,1933.72,1930.83,1930.87,5909
1695142800,1930.87,1933.02,1930.6,1930.82,5693
1695146400,1930.81,1931.2,1929.77,1930.79,4580
1695150000,1930.77,1932.31,1930.69,1931.96,3691
1695153600,1931.93,1931.93,1931.03,1931.3,1232
1695160800,1932.02,1932.5,1931.66,1931.82,1275
1695164400,1931.82,1931.82,1930.88,1931.38,1125
1695168000,1931.37,1931.54,1930.27,1930.69,2737
1695171600,1930.7,1930.75,1928.5,1929.95,7137
1695175200,1929.93,1931.15,1929.89,1930.74,3979
1695178800,1930.69,1931.4,1930.38,1930.58,2517
1695182400,1930.56,1930.86,1929.65,1929.76,1437
1695186000,1929.76,1931.69,1929.66,1931.14,4695
1695189600,1931.13,1932.3,1929.84,1930.4,8191
1695193200,1930.4,1930.54,1927.91,1928.71,7688
1695196800,1928.66,1930.29,1928.66,1929.11,5625
1695200400,1929.11,1931.79,1929.1,1931.75,4728
1695204000,1931.76,1932.66,1931.55,1932.5,4804
1695207600,1932.51,1932.64,1930.94,1932.04,4349
1695211200,1932.03,1934.07,1930.89,1932.18,8766
1695214800,1932.18,1943.41,1931.88,1940.61,16600
1695218400,1940.57,1944.49,1940.32,1943.98,16058
1695222000,1943.87,1945.79,1941.57,1941.83,11605
1695225600,1941.84,1946.69,1941.65,1946.67,7484
1695229200,1946.69,1947.41,1945.25,1946.07,6856
1695232800,1946.07,1946.73,1939.31,1940.42,33290
1695236400,1940.42,1941.19,1932.85,1932.99,16797
1695240000,1933,1933.67,1929.17,1930.33,5416
1695247200,1930.28,1931.43,1929.63,1931.11,2223
1695250800,1931.1,1931.1,1929.24,1929.42,2889
1695254400,1929.44,1929.63,1924.51,1924.93,5769
1695258000,1924.97,1927.18,1924.16,1926.8,8816
1695261600,1926.79,1927.54,1925.67,1926.67,6058
1695265200,1926.67,1928.65,1926.67,1928.28,4352
1695268800,1928.28,1928.53,1927.79,1927.92,2472
1695272400,1927.93,1928.92,1926.93,1928.73,4113
1695276000,1928.73,1930.44,1927.67,1928.15,7793
1695279600,1928.15,1928.68,1926.34,1927.13,11253
1695283200,1927.14,1927.39,1922.84,1923.04,8653
1695286800,1922.98,1924.76,1922.48,1924.7,6256
1695290400,1924.7,1926.08,1923.71,1925.19,6356
1695294000,1925.06,1925.29,1920.2,1920.74,12347
1695297600,1920.75,1920.75,1914.12,1916.44,21129
1695301200,1916.46,1918.88,1913.9,1916.46,24543
1695304800,1916.44,1923.78,1915.14,1920.16,22151
1695308400,1920.16,1921.28,1917.18,1917.48,12969
1695312000,1917.49,1919.91,1916.36,1919.49,7787
1695315600,1919.48,1921.21,1918.67,1920.44,7006
1695319200,1920.45,1921.27,1919.54,1919.85,4766
1695322800,1919.84,1921.12,1919.31,1919.79,4707
1695326400,1919.8,1920.23,1919.58,1919.98,1695
1695333600,1919.39,1920.36,1919.36,1920.11,1019
1695337200,1920.12,1921.52,1920.06,1921.33,2300
1695340800,1921.33,1923.6,1921.17,1923.4,3018
1695344400,1923.35,1924.2,1921.99,1923.96,6956
1695348000,1923.95,1925.5,1923.41,1923.84,5600
1695351600,1923.84,1924.54,1922.53,1923.74,5464
1695355200,1923.73,1924.81,1923.37,1924.3,3036
1695358800,1924.29,1925.06,1923.68,1924.66,4726
1695362400,1924.66,1925.98,1924.26,1925.47,9506
1695366000,1925.47,1928.67,1924.73,1927.95,14840
1695369600,1927.89,1927.95,1926.31,1926.69,7973
1695373200,1926.69,1927.62,1925.15,1925.37,6134
1695376800,1925.36,1926.41,1924.29,1924.58,5085
1695380400,1924.62,1926.78,1924.48,1925.5,6893
1695384000,1925.51,1926.53,1924.14,1926.07,13094
1695387600,1926.08,1928.41,1924.85,1926.01,17625
1695391200,1925.97,1929.07,1925.59,1928.15,16534
1695394800,1928.14,1928.78,1926.6,1927.69,9100
1695398400,1927.69,1928.5,1924.89,1925.29,6288
1695402000,1925.29,1926.34,1924.57,1925.5,6215
1695405600,1925.55,1925.92,1924.28,1924.98,3812
1695409200,1924.97,1925.61,1924.45,1925.39,3491
1695412800,1925.31,1925.55,1924.64,1925.08,1294
1695592800,1925.12,1926.5,1925.1,1925.7,1735
1695596400,1925.71,1925.74,1924.41,1924.78,2081
1695600000,1924.76,1925.08,1923.27,1924.83,3189
1695603600,1924.84,1925.28,1922.87,1923.66,4996
1695607200,1923.66,1923.86,1922.64,1923.68,3226
1695610800,1923.71,1924.24,1922.81,1923.63,2044
1695614400,1923.63,1923.63,1922.78,1923.1,1682
1695618000,1923.1,1923.52,1921.67,1921.67,3518
1695621600,1921.67,1924.79,1920.88,1924.06,6527
1695625200,1924.03,1927.16,1922.45,1923.43,8408
1695628800,1923.46,1923.83,1920.98,1921.7,8735
1695632400,1921.68,1923.09,1921.59,1922.81,5404
1695636000,1922.81,1924.92,1922.16,1924.85,5807
1695639600,1924.85,1924.99,1923.67,1924.04,6218
1695643200,1924.01,1926.82,1923.63,1925.87,11395
1695646800,1925.79,1926.29,1922.23,1925.29,15132
1695650400,1925.22,1925.48,1915.12,1916.83,18354
1695654000,1916.86,1919.13,1915.89,1917.44,12951
1695657600,1917.51,1918.26,1915.73,1916.71,7339
1695661200,1916.71,1917.6,1915.49,1915.93,5182
1695664800,1915.95,1917.2,1915.2,1915.59,4019
1695668400,1915.6,1916.13,1915.44,1915.49,4427
1695672000,1915.52,1916.06,1915.43,1915.76,1271
1695679200,1916.1,1916.75,1916.01,1916.47,922
1695682800,1916.54,1916.68,1916.06,1916.21,1064
1695686400,1916.21,1916.44,1914.68,1914.78,3423
1695690000,1914.78,1915.77,1914.5,1914.78,5658
1695693600,1914.79,1915.12,1913.2,1913.59,4323
1695697200,1913.52,1914.02,1913.07,1913.59,3018
1695700800,1913.59,1914.61,1913.22,1914.61,1583
1695704400,1914.61,1915.1,1913.52,1913.53,3424
1695708000,1913.52,1913.65,1910.4,1910.45,7193
1695711600,1910.48,1913.76,1909.72,1913.61,9914
1695715200,1913.66,1915.64,1913.09,1913.8,8324
1695718800,1913.81,1913.88,1912.1,1912.97,5229
1695722400,1912.93,1913.37,1911.31,1911.78,5077
1695726000,1911.75,1913.61,1910.51,1911.55,6338
1695729600,1911.58,1912.81,1905.28,1910.24,14014
1695733200,1910.34,1910.34,1904.65,1906.77,17222
1695736800,1906.78,1909.48,1905.59,1906.42,18866
1695740400,1906.41,1906.47,1900.78,1902.39,13876
1695744000,1902.38,1903.61,1900.75,1901.2,8475
1695747600,1901.2,1902.25,1900.57,1900.94,7201
1695751200,1900.96,1901.56,1899.11,1899.86,6465
1695754800,1899.88,1901.05,1899.44,1900.54,4574
1695758400,1900.46,1900.76,1900.24,1900.55,1404
1695765600,1900.59,1901.29,1900.58,1900.87,889
1695769200,1900.87,1901.99,1900.87,1901.52,1744
1695772800,1901.52,1902.45,1899.74,1900.65,3209
1695776400,1900.63,1903.91,1899.86,1902.56,7386
1695780000,1902.55,1902.55,1899.97,1900.79,4287
1695783600,1900.76,1900.89,1899.45,1899.86,2631
1695787200,1899.85,1899.85,1896.54,1897.65,4012
1695790800,1897.64,1898.4,1895.6,1896.31,5340
1695794400,1896.28,1898.76,1895.89,1898.12,8094
1695798000,1898.1,1899.05,1896.43,1896.67,8655
1695801600,1896.64,1897.86,1895.09,1896.62,6730
1695805200,1896.61,1896.68,1894.62,1895.57,5787
1695808800,1895.55,1896.34,1893.61,1893.84,5763
1695812400,1893.83,1894.19,1892.47,1892.9,7271
1695816000,1892.85,1893.11,1889.55,1891.76,13647
1695819600,1891.75,1892.16,1884.49,1887.84,17315
1695823200,1887.85,1888.99,1883.6,1883.6,18393
1695826800,1883.59,1885.03,1879.81,1881.48,14702
1695830400,1881.48,1881.58,1875.43,1875.86,10849
1695834000,1875.95,1877.31,1872.58,1874.69,12821
1695837600,1874.7,1877.48,1872.5,1876.01,10126
1695841200,1875.94,1878.21,1875.24,1876.71,7404
1695844800,1876.7,1876.88,1874.61,1874.98,2146
1695852000,1876.15,1877.18,1875.81,1876.97,2507
1695855600,1876.99,1877.73,1876.2,1877.63,2593
1695859200,1877.63,1877.9,1876.08,1877.05,4354
1695862800,1877.02,1877.42,1873.52,1874.1,7738
1695866400,1874.09,1875.27,1873.86,1874.78,4447
1695870000,1874.69,1875.22,1873.72,1874.64,3276
1695873600,1874.63,1875.22,1873.67,1874.83,2619
1695877200,1874.82,1877.21,1874.55,1877.01,4706
1695880800,1877,1877.64,1873.86,1874.91,11552
1695884400,1875.02,1878.23,1874.62,1875.71,10698
1695888000,1875.75,1876.23,1873.67,1874.14,9465
1695891600,1874.13,1877.21,1873.75,1875.84,7740
1695895200,1875.85,1876.33,1874.46,1874.93,5744
1695898800,1874.88,1876.8,1874.58,1876.02,7014
1695902400,1876.02,1879.63,1871.75,1872.43,21507
1695906000,1872.41,1877.11,1871.29,1873.01,25264
1695909600,1872.86,1876.46,1865.24,1865.29,22629
1695913200,1865.34,1865.99,1857.63,1864.74,20186
1695916800,1864.75,1865.81,1862.32,1863.53,13396
1695920400,1863.54,1864.26,1860.96,1861.93,10492
1695924000,1861.93,1865.92,1861.57,1865.6,6988
1695927600,1865.6,1867.27,1864.68,1867.14,6175
1695931200,1867.13,1867.3,1864.47,1864.82,2132
1695938400,1865.21,1866.26,1863.88,1864.3,2134
1695942000,1864.3,1866.71,1863.75,1866.67,3355
1695945600,1866.68,1867.21,1864.8,1865.35,2975
1695949200,1865.32,1866.36,1864.44,1865.75,4971
1695952800,1865.74,1867,1864.71,1864.87,3762
1695956400,1864.86,1864.89,1862.91,1863.31,2709
1695960000,1863.31,1865.63,1863.11,1864.99,3390
1695963600,1864.99,1868.26,1864.42,1867.31,4226
1695967200,1867.3,1870.47,1866.26,1870.08,8862
1695970800,1869.96,1873.97,1869.51,1873.53,10101
1695974400,1873.51,1873.75,1871.32,1871.61,10132
1695978000,1871.83,1873.65,1870.96,1873.57,7505
1695981600,1873.54,1873.54,1872.29,1872.3,5519
1695985200,1872.28,1872.28,1867.51,1869.46,9888
1695988800,1869.49,1874.04,1868.01,1873.84,19774
1695992400,1873.87,1879.84,1870.18,1870.4,24261
1695996000,1870.6,1871.74,1859.01,1860.85,27616
1695999600,1860.86,1861.04,1852.22,1854.75,19969
1696003200,1854.8,1856.45,1852.93,1853.65,12107
1696006800,1853.67,1853.67,1849.67,1849.97,10274
1696010400,1849.98,1850.91,1846.28,1848.88,8467
1696014000,1848.84,1850.28,1847.97,1848.23,8931
1696017600,1848.19,1849.84,1847.7,1849.09,3379
1696197600,1847.04,1848.67,1845.67,1846.45,3726
1696201200,1846.39,1848.42,1846.13,1848.33,2620
1696204800,1848.33,1848.89,1845.07,1845.44,4556
1696208400,1845.44,1847.37,1843.9,1843.92,4378
1696212000,1843.91,1845.03,1842.82,1844.01,3597
1696215600,1844,1844.86,1843.32,1843.45,2450
1696219200,1843.44,1844.32,1842.37,1842.53,3088
1696222800,1842.53,1843.09,1839.23,1839.61,4168
1696226400,1839.58,1846.27,1839.4,1844.59,8418
1696230000,1844.59,1846.02,1839.4,1839.79,11853
1696233600,1839.79,1843.19,1839.48,1839.58,9081
1696237200,1839.58,1839.67,1831.05,1834.28,12773
1696240800,1834.27,1836.31,1832.8,1833.49,9061
1696244400,1833.5,1838.21,1833.5,1837.3,9859
1696248000,1837.26,1840.56,1834.01,1836.27,16275
1696251600,1836.46,1838.43,1832.21,1833.76,21389
1696255200,1832.16,1836.87,1827.16,1828.84,28974
1696258800,1828.88,1834.61,1827.44,1832.61,21055
1696262400,1832.69,1833.21,1830.45,1831.61,11752
1696266000,1831.71,1833.57,1830.99,1831.88,10411
1696269600,1831.89,1833.39,1830.24,1830.58,6703
1696273200,1830.55,1830.62,1829.22,1829.36,6846
1696276800,1829.21,1829.68,1827.55,1827.78,2279
1696284000,1828.96,1829.46,1827.32,1828.16,2457
1696287600,1828.16,1828.16,1820.36,1824.91,5631
1696291200,1824.88,1825.22,1822,1824.69,6942
1696294800,1824.71,1825.1,1822.59,1822.92,6071
1696298400,1822.93,1823.23,1815.2,1817.39,7596
1696302000,1817.38,1820.75,1816.95,1820.53,4983
1696305600,1820.63,1821.77,1819.75,1820.64,5019
1696309200,1820.62,1820.88,1818.15,1819.43,5272
1696312800,1819.47,1824.63,1819.1,1823.88,9274
1696316400,1823.87,1824.45,1820.69,1824.06,11269
1696320000,1824.06,1829.11,1823.98,1826.23,10611
1696323600,1826.22,1827.96,1823.76,1826.41,8699
1696327200,1826.42,1827.33,1824.99,1825.78,7652
1696330800,1825.75,1827.3,1823.64,1825.93,12136
1696334400,1825.95,1829.75,1824.34,1824.8,18846
1696338000,1824.86,1831.33,1823.27,1828.85,23560
1696341600,1828.76,1833.33,1819.27,1826.43,39235
1696345200,1826.42,1828.59,1821.99,1824.85,23284
1696348800,1824.89,1828.09,1822.89,1823.94,16237
1696352400,1823.93,1825.98,1822.9,1823.59,10883
1696356000,1823.59,1825.49,1821.87,1823.79,9302
1696359600,1823.79,1825.22,1823.37,1823.94,7321
1696363200,1823.92,1825.06,1822.75,1822.91,2288
1696370400,1823.42,1824.26,1822.08,1822.64,1993
1696374000,1822.58,1824.94,1822.18,1823.32,3639
1696377600,1823.19,1825.01,1821.84,1823.2,5579
1696381200,1823.22,1824.33,1820.79,1822.7,8562
1696384800,1822.65,1822.97,1820.02,1820.82,5169
1696388400,1820.83,1822.11,1819.64,1820.76,4081
1696392000,1820.78,1823.77,1820.78,1823.58,3528
1696395600,1823.57,1823.71,1820.92,1821.22,4963
1696399200,1821.3,1821.4,1816.69,1819.08,9608
1696402800,1819.02,1823.14,1817.38,1823.11,15645
1696406400,1823.06,1823.59,1820.27,1822.98,12555
1696410000,1823.03,1824.51,1821.39,1822.11,10166
1696413600,1822.1,1823.22,1821.08,1823.1,8529
1696417200,1823.11,1827.17,1822.82,1824.94,13753
1696420800,1825.01,1830.49,1823.67,1827.29,25245
1696424400,1827.29,1827.43,1817.75,1820.32,22205
1696428000,1819.33,1821.82,1817.07,1818.41,30719
1696431600,1818.41,1826.34,1817.32,1823.83,20489
1696435200,1823.92,1824.04,1820.96,1820.97,14250
1696438800,1820.94,1821.3,1818.26,1818.34,10272
1696442400,1818.33,1818.79,1816.58,1817.58,7382
1696446000,1817.66,1823.65,1817.44,1823.3,7520
1696449600,1823.31,1823.36,1820.43,1821.04,2646
1696456800,1821.43,1822.34,1821.43,1822.3,1318
1696460400,1822.31,1823.97,1822.27,1822.49,2154
1696464000,1822.52,1825.66,1821.74,1825.61,5873
1696467600,1825.61,1828.12,1825.59,1828.03,7591
1696471200,1828.05,1828.34,1825.98,1826.14,3952
1696474800,1826.12,1828.64,1825.83,1828.29,3796
1696478400,1828.3,1829.15,1827.33,1827.6,3414
1696482000,1827.61,1828.15,1826.24,1826.25,4542
1696485600,1826.24,1826.53,1822.13,1822.25,8239
1696489200,1822.23,1822.84,1819.89,1820.74,12056
1696492800,1820.71,1822.46,1819.7,1819.84,9904
1696496400,1819.84,1823.36,1819.65,1821.95,8197
1696500000,1822,1824,1820.71,1823.19,7445
1696503600,1823.15,1823.4,1820.23,1823.01,9511
1696507200,1822.99,1823.89,1813.04,1815.67,20658
1696510800,1815.68,1821.86,1814.16,1820.71,25157
1696514400,1820.72,1821.09,1816.47,1819.89,22815
1696518000,1819.89,1819.98,1814.38,1815.54,17224
1696521600,1815.57,1818.35,1814.83,1818.12,11054
1696525200,1818.12,1819.49,1815.86,1819.08,8861
1696528800,1819.2,1820.62,1818.64,1820.19,7715
1696532400,1820.17,1820.85,1819.71,1820.36,5783
1696536000,1820.4,1820.64,1819.44,1820.11,1660
1696543200,1820.57,1821.44,1820.27,1821.12,993
1696546800,1821.13,1823.19,1821.09,1821.28,1990
1696550400,1821.27,1822.12,1820.16,1820.61,4473
1696554000,1820.62,1823.22,1819.65,1822.76,5676
1696557600,1822.76,1824.06,1822.4,1823.8,3680
1696561200,1823.82,1824.41,1823.27,1823.98,2594
1696564800,1823.91,1824.56,1822.59,1822.74,2588
1696568400,1822.74,1822.88,1820.69,1821.33,3140
1696572000,1821.33,1821.63,1818.58,1819.4,6267
1696575600,1819.4,1821.59,1818.58,1821.37,10581
1696579200,1821.36,1822.11,1819.29,1821.89,7978
1696582800,1821.89,1822.3,1820.04,1820.44,6118
1696586400,1820.49,1825.09,1820.48,1822.58,8210
1696590000,1822.57,1822.76,1820.64,1821.24,7848
1696593600,1821.23,1821.69,1810.4,1815.07,28171
1696597200,1815.07,1825.99,1813.88,1821.25,33882
1696600800,1821.28,1831.51,1820.91,1823.58,27228
1696604400,1823.57,1834.85,1823.55,1832.59,25321
1696608000,1832.64,1833.44,1828.98,1829.19,14653
1696611600,1829.18,1832.22,1828.79,1831.78,9530
1696615200,1831.83,1833.96,1831.43,1831.85,5915
1696618800,1831.88,1831.94,1829.04,1829.46,6141
1696622400,1829.46,1832.22,1828.94,1831.58,2394
1696802400,1849.91,1855.32,1845.47,1849.77,10196
1696806000,1849.84,1849.84,1846.42,1847.92,6036
1696809600,1847.95,1852.45,1846.21,1852.34,7576
1696813200,1852.3,1852.75,1847.31,1848.91,11566
1696816800,1848.95,1852.74,1848.86,1850.42,5690
1696820400,1850.43,1851.53,1848.73,1851.03,4048
1696824000,1851.07,1853.27,1850.04,1850.46,4167
1696827600,1850.47,1852.29,1848.02,1851.77,6046
1696831200,1851.77,1854.38,1849.9,1850.01,10278
1696834800,1849.92,1852.7,1848.06,1850.43,12476
1696838400,1850.4,1850.94,1848.93,1850.42,8420
1696842000,1850.43,1852.29,1849.95,1851.18,6365
1696845600,1851.19,1852,1849.8,1850.11,6053
1696849200,1850.09,1850.36,1849.07,1849.98,6543
1696852800,1850.02,1850.02,1844.94,1847.97,14553
1696856400,1847.87,1849.41,1844.18,1845.31,21789
1696860000,1845.32,1852.44,1845.11,1852.09,15380
1696863600,1852.07,1853.18,1850.5,1851.58,10834
1696867200,1851.58,1851.8,1848.68,1850.02,6577
1696870800,1850.03,1855.48,1849.92,1854.44,8105
1696874400,1854.45,1857.71,1854.42,1857.09,5486
1696878000,1857.08,1863.48,1856.98,1863.3,7175
1696881600,1863.2,1863.2,1860.96,1861.31,2443
1696888800,1861.32,1861.82,1860.56,1861.43,1449
1696892400,1861.41,1862.71,1860.32,1862.53,2382
1696896000,1862.54,1865.43,1861.36,1864.06,8853
1696899600,1864.07,1865.24,1863.03,1863.71,10054
1696903200,1863.71,1864.65,1862.31,1862.94,6224
1696906800,1862.9,1863.7,1862.34,1862.42,4975
1696910400,1862.44,1862.47,1860.77,1860.88,3491
1696914000,1860.87,1862.18,1859.8,1860.76,5127
1696917600,1860.74,1862.01,1855.16,1856.53,13672
1696921200,1856.53,1857.96,1855.25,1857.36,14430
1696924800,1857.37,1859.79,1855.35,1858.52,14106
1696928400,1858.51,1859.56,1857.56,1858.28,8762
1696932000,1858.27,1858.38,1856.33,1856.69,7804
1696935600,1856.68,1857.41,1854.86,1857.13,10512
1696939200,1857.17,1857.67,1852.95,1854.53,17963
1696942800,1854.52,1857.58,1853.07,1857.46,21952
1696946400,1857.47,1858.78,1853.35,1856.49,19755
1696950000,1856.59,1862.27,1855.99,1861.26,15074
1696953600,1861.28,1862.45,1858.36,1861.91,11674
1696957200,1861.95,1862.79,1858.26,1858.47,11416
1696960800,1858.48,1860.18,1858.1,1859.32,8098
1696964400,1859.36,1860.38,1858.39,1860.18,5083
1696968000,1860.13,1860.8,1859.61,1860.39,1752
1696975200,1860.13,1860.44,1859.34,1859.78,1095
1696978800,1859.77,1860.71,1859.6,1859.63,1402
1696982400,1859.64,1862.12,1859.5,1860.95,4003
1696986000,1860.93,1861.83,1860.26,1861.64,6985
1696989600,1861.64,1862,1859.75,1861.45,4783
1696993200,1861.4,1861.45,1859.76,1860.09,3429
1696996800,1860.09,1860.66,1859.4,1859.7,1804
1697000400,1859.69,1860.62,1858.59,1859.41,3315
1697004000,1859.46,1863.72,1858.73,1862.5,8263
1697007600,1862.5,1868.16,1862.4,1867.94,14826
1697011200,1867.91,1869.84,1866.88,1869.57,12490
1697014800,1869.6,1871.06,1869.02,1870.46,8358
1697018400,1870.47,1874.76,1869.88,1873.89,8546
1697022000,1873.9,1874.59,1870.87,1870.97,9000
1697025600,1870.98,1873.02,1866.75,1872.83,21331
1697029200,1872.88,1875.03,1868.14,1872.17,24575
1697032800,1872.16,1872.43,1869.04,1871.17,20371
1697036400,1871.15,1873.63,1869.49,1873,16111
1697040000,1873.01,1877.2,1872.83,1874.3,11258
1697043600,1874.32,1874.72,1870.8,1871.94,10444
1697047200,1871.99,1873.31,1870.95,1872.42,9710
1697050800,1872.46,1874.22,1872.37,1873.59,6130
1697054400,1873.6,1874.52,1873.39,1874.24,1858
1697061600,1874.75,1875.28,1873.9,1874.61,1369
1697065200,1874.62,1875.71,1874.58,1875.26,1272
1697068800,1875.3,1876.61,1874.72,1875.4,3783
1697072400,1875.4,1878.78,1874.47,1877.44,6572
1697076000,1877.42,1878,1875.58,1876.77,5910
1697079600,1876.76,1878.11,1876.67,1877.63,3602
1697083200,1877.63,1879.09,1876.75,1878.89,2820
1697086800,1878.86,1880.07,1878.36,1880.05,4028
1697090400,1880.07,1882.61,1878.55,1882.13,8050
1697094000,1882.11,1882.61,1878.72,1878.83,10465
1697097600,1878.82,1881.47,1878.62,1880.32,8334
1697101200,1880.38,1882.08,1879.59,1880.94,6820
1697104800,1880.96,1882.72,1880.57,1881.38,5697
1697108400,1881.39,1884.48,1881.17,1883.53,7697
1697112000,1883.55,1884.95,1875.32,1878.99,25413
1697115600,1878.96,1880,1872.83,1873.81,25844
1697119200,1873.84,1876.61,1871.15,1872.15,22201
1697122800,1872.12,1873.35,1870.63,1872.31,14997
1697126400,1872.37,1873.6,1870.94,1871.45,10663
1697130000,1871.46,1872.04,1867.98,1868.97,16116
1697133600,1868.97,1870.68,1867.88,1868.42,9057
1697137200,1868.42,1870.09,1868.11,1868.31,6120
1697140800,1868.33,1869.06,1868.31,1868.7,1701
1697148000,1868.96,1871.09,1868.96,1869.65,1929
1697151600,1869.66,1871.17,1869.65,1870.55,1881
1697155200,1870.57,1872.61,1870.1,1872.53,5382
1697158800,1872.48,1873.01,1871.3,1871.94,6207
1697162400,1871.94,1873.57,1871.58,1873.37,5014
1697166000,1873.37,1873.99,1872.58,1873.68,3044
1697169600,1873.65,1876.77,1873.55,1876.29,4281
1697173200,1876.28,1878.02,1875.98,1877.03,4667
1697176800,1877.01,1878.01,1875.68,1876.96,8563
1697180400,1876.87,1883.11,1876.78,1882.15,12718
1697184000,1882.14,1884.93,1881.99,1883.79,10742
1697187600,1883.78,1888.2,1882.42,1887.58,11184
1697191200,1887.58,1889.88,1886.63,1887.6,10967
1697194800,1887.56,1899.88,1887.35,1896.44,15406
1697198400,1896.43,1919.09,1896.41,1913.32,29226
1697202000,1913.37,1913.38,1905.53,1910.62,29620
1697205600,1909.51,1920.96,1907.52,1920.83,28331
1697209200,1920.84,1923.14,1917.14,1923.01,19453
1697212800,1923,1927.44,1922.41,1927.13,14489
1697216400,1927.14,1929.88,1926.81,1928.27,12403
1697220000,1928.34,1930.75,1927.66,1928.68,8258
1697223600,1928.67,1928.91,1927.75,1928.34,5628
1697227200,1928.35,1930.34,1928.09,1929.94,2566
1697407200,1923.46,1927.61,1921.15,1924.37,5344
1697410800,1924.38,1926.44,1921.46,1925.84,6882
1697414400,1925.81,1925.96,1921.33,1921.66,7047
1697418000,1921.66,1923.48,1920.34,1920.45,7830
1697421600,1920.46,1921.53,1918.4,1920.41,5983
1697425200,1920.43,1920.45,1918.02,1920.02,4530
1697428800,1920,1920.38,1919.12,1920.12,3281
1697432400,1920.15,1920.15,1914.24,1914.95,5909
1697436000,1914.97,1915.81,1909.17,1909.9,13157
1697439600,1909.88,1912.39,1908.14,1911.47,16151
1697443200,1911.47,1913.52,1909.88,1911.6,11994
1697446800,1911.56,1916.58,1911.2,1916.12,9437
1697450400,1916.12,1918.33,1914.46,1917.96,7952
1697454000,1917.96,1918.25,1914.78,1915.59,10175
1697457600,1915.56,1924.55,1914.57,1918.66,21602
1697461200,1918.67,1921.19,1914.4,1917.96,23122
1697464800,1917.95,1920.36,1916.22,1918.15,21286
1697468400,1918.19,1922.29,1917.91,1921.46,13493
1697472000,1921.47,1922.02,1920.31,1921.88,8503
1697475600,1921.89,1922.75,1918.53,1919.11,8411
1697479200,1919.13,1919.66,1918.68,1919.07,4809
1697482800,1919.08,1920.72,1917.84,1918.97,4981
1697486400,1918.97,1920.15,1918.97,1920.13,1598
1697493600,1919.96,1920.94,1918.76,1918.83,2251
1697497200,1918.82,1921.72,1918.77,1919.39,2466
1697500800,1919.4,1919.97,1914.39,1916.54,5859
1697504400,1916.53,1917.57,1913.29,1915.03,6515
1697508000,1915.04,1915.15,1912.37,1914.71,5880
1697511600,1914.73,1916.78,1914.27,1916.78,4658
1697515200,1916.78,1916.95,1914.5,1914.65,3307
1697518800,1914.76,1916.78,1914.21,1916.39,5186
1697522400,1916.54,1918.05,1915.64,1917.36,8398
1697526000,1917.35,1921.35,1917.13,1920.06,11826
1697529600,1919.98,1920.54,1918.62,1919.25,9809
1697533200,1919.24,1923.84,1918.84,1923.01,8393
1697536800,1923.01,1926.53,1922.56,1923.44,10437
1697540400,1923.46,1925.59,1922.17,1924.05,8362
1697544000,1924,1929.03,1918.96,1926.04,21560
1697547600,1925.97,1931.56,1920.81,1927.8,25886
1697551200,1927.86,1930.91,1922.69,1924.01,24708
1697554800,1924,1926.88,1923.06,1926.83,16122
1697558400,1926.83,1926.84,1923.02,1924.1,12100
1697562000,1924.09,1925.07,1919.68,1919.79,9810
1697565600,1919.8,1922.09,1919.15,1921.99,7675
1697569200,1922,1925.11,1921.86,1922.62,6789
1697572800,1922.66,1923.26,1922.11,1923.04,2180
1697580000,1923.93,1925.51,1923.27,1924.84,1324
1697583600,1924.88,1925.48,1924.06,1924.7,1844
1697587200,1924.81,1928.19,1923.77,1927.37,5109
1697590800,1927.38,1940.36,1926.89,1939,12857
1697594400,1939.11,1942.79,1935.74,1937.22,11396
1697598000,1937.2,1938.02,1935.16,1937.43,5858
1697601600,1937.36,1938.53,1936.67,1937.98,3394
1697605200,1937.97,1939.65,1936.41,1937.04,6236
1697608800,1937.04,1938.75,1935.1,1936.09,10985
1697612400,1936.08,1940.07,1935.5,1939.62,12538
1697616000,1939.57,1939.72,1937.26,1938.39,10377
1697619600,1938.38,1946.1,1938.29,1944.28,11380
1697623200,1944.28,1945.35,1942.62,1945.27,9216
1697626800,1945.29,1947.47,1944.18,1946.19,10196
1697630400,1946.19,1950.07,1944.77,1948.88,20438
1697634000,1948.82,1962.62,1947.15,1957.08,25674
1697637600,1957.06,1958.78,1943.52,1946.99,29162
1697641200,1946.87,1947.37,1938.19,1945.17,17973
1697644800,1945.17,1950.42,1944.61,1949.82,13311
1697648400,1949.81,1956.65,1949.49,1954.05,14086
1697652000,1954.07,1954.19,1948.78,1950.58,9412
1697655600,1950.58,1951.64,1948.56,1950.36,7202
1697659200,1950.4,1950.59,1947.25,1947.55,4208
1697666400,1947.77,1950.98,1947.28,1949.66,2325
1697670000,1949.69,1951.62,1949.69,1950.8,2515
1697673600,1950.81,1953.28,1948.63,1950.19,6766
1697677200,1950.16,1951.7,1946.25,1948.22,8355
1697680800,1948.17,1950.04,1947.74,1949.55,5797
1697684400,1949.53,1950.66,1945.19,1946.3,5229
1697688000,1946.28,1948.86,1945.27,1948.16,4523
1697691600,1948.12,1949.25,1945.87,1946.85,5863
1697695200,1946.84,1948.53,1945.54,1947.98,9360
1697698800,1948.06,1952.79,1947.65,1949.46,14837
1697702400,1949.45,1954.4,1947.98,1949.71,13534
1697706000,1949.68,1950.72,1947.83,1950.69,9326
1697709600,1950.68,1951.41,1948.99,1950.95,7194
1697713200,1950.96,1952.35,1949.57,1952.2,8322
1697716800,1952.2,1957.08,1950.47,1954.85,21269
1697720400,1954.79,1956.42,1949.97,1954.38,23290
1697724000,1954.35,1955.14,1949.73,1950.35,22108
1697727600,1950.33,1959.9,1949.98,1956.16,19550
1697731200,1956.25,1962.08,1952.13,1961.97,34130
1697734800,1961.99,1972.7,1960.88,1972.68,25813
1697738400,1972.59,1975.08,1970.7,1973.12,17147
1697742000,1973.12,1977.68,1973.12,1974.37,14592
1697745600,1974.43,1975.3,1972.84,1974.31,4228
1697752800,1973.56,1976.55,1972.49,1972.49,3777
1697756400,1972.49,1982.23,1972.45,1977.16,7216
1697760000,1977.12,1977.65,1973.99,1974.9,9782
1697763600,1974.94,1978,1971.96,1977.78,13388
1697767200,1977.77,1981.99,1976.46,1979.44,9284
1697770800,1979.4,1980.39,1977.07,1977.74,5591
1697774400,1977.74,1978.22,1976.53,1977.22,3148
1697778000,1977.25,1979.92,1975.82,1977.56,7324
1697781600,1977.56,1980.12,1974.04,1979.33,11629
1697785200,1979.32,1982.15,1978.14,1980.13,13257
1697788800,1980.16,1985.15,1979.98,1983.73,11683
1697792400,1983.72,1985.27,1980.27,1982.58,9606
1697796000,1982.55,1984.37,1982.28,1983.26,6755
1697799600,1983.28,1985.91,1976.4,1977.31,10191
1697803200,1977.32,1980.12,1973.21,1978.25,17676
1697806800,1978.27,1987.97,1976.53,1987.1,24395
1697810400,1987.09,1991.29,1984.14,1990.94,24821
1697814000,1990.97,1997.14,1989.84,1991.57,19049
1697817600,1991.61,1992.44,1981.16,1982.65,16076
1697821200,1982.65,1986.67,1974.29,1982.48,18465
1697824800,1982.51,1982.68,1976.05,1980.22,11126
1697828400,1980.25,1982.08,1978.87,1979.67,7484
1697832000,1979.58,1981.31,1978.88,1980.31,2859
1698012000,1969.04,1978.53,1968.88,1976.24,4734
1698015600,1976.24,1978.07,1970.04,1971.54,5311
1698019200,1971.54,1973.22,1964.32,1966.21,8437
1698022800,1966.22,1968.23,1964.37,1966.62,11005
1698026400,1966.54,1974.28,1966.47,1972.62,8661
1698030000,1972.61,1974.73,1971.69,1973.62,5761
1698033600,1973.63,1974.73,1972.72,1973.73,4033
1698037200,1973.72,1976.67,1972.76,1975.7,5783
1698040800,1975.8,1977.5,1975.12,1975.64,8305
1698044400,1975.67,1979.75,1974.42,1979.43,12289
1698048000,1979.41,1981.97,1979.06,1981.46,10986
1698051600,1981.47,1982.77,1976.91,1977.62,9562
1698055200,1977.7,1978.47,1975.3,1977.47,8789
1698058800,1977.44,1979.85,1975.98,1979.35,10123
1698062400,1979.36,1981.97,1975.98,1977.52,17396
1698066000,1977.53,1980.04,1970.07,1974.74,23350
1698069600,1974.76,1978.6,1972.41,1976.18,24553
1698073200,1976.18,1978.84,1973.54,1975.3,17456
1698076800,1975.32,1979.34,1973.69,1974.45,13712
1698080400,1974.45,1977.66,1972.33,1976.14,13922
1698084000,1976.15,1978.11,1975.71,1977.49,6593
1698087600,1977.52,1977.75,1971.12,1973.17,7860
1698091200,1973.16,1973.43,1971.51,1972.71,2759
1698098400,1973.44,1973.74,1972.96,1972.99,1041
1698102000,1972.94,1973.78,1971.39,1973.53,2070
1698105600,1973.54,1975.86,1972.38,1973.79,4792
1698109200,1973.83,1978.68,1973.83,1976.54,8881
1698112800,1976.57,1980.83,1975.68,1977.61,8596
1698116400,1977.63,1978.18,1975.34,1976.85,5203
1698120000,1976.83,1977.37,1975.28,1976.12,3115
1698123600,1976.17,1976.61,1974.42,1976.48,4202
1698127200,1976.41,1978.06,1975.65,1977.67,10190
1698130800,1977.57,1979.17,1974.87,1975.32,14966
1698134400,1975.38,1975.95,1969.95,1972.24,12407
1698138000,1972.24,1972.51,1964.88,1966.56,12134
1698141600,1966.52,1967.4,1960.96,1961.85,11085
1698145200,1961.87,1964.22,1953.3,1963.71,14461
1698148800,1963.7,1966.8,1960.7,1964.86,18288
1698152400,1964.86,1966.17,1958.85,1964.48,26211
1698156000,1964.48,1965.78,1961.71,1963.79,23143
1698159600,1963.79,1970.05,1961.25,1969.76,17528
1698163200,1969.67,1975.98,1968.84,1974.28,14485
1698166800,1974.26,1977.58,1973.61,1975.86,10899
1698170400,1975.88,1976.2,1971.79,1973.71,6031
1698174000,1973.57,1973.92,1971.08,1972.66,6084
1698177600,1972.65,1973.12,1970.77,1970.99,2283
1698184800,1970.92,1971.03,1969.94,1970.46,1236
1698188400,1970.45,1973.37,1970.31,1972.81,2016
1698192000,1972.85,1975.25,1971.99,1974.42,6087
1698195600,1974.45,1976.95,1972.69,1975.92,9080
1698199200,1975.95,1976.8,1971.25,1972.65,6347
1698202800,1972.69,1973.29,1970.82,1973.21,4068
1698206400,1973.22,1974.5,1971.84,1972.44,4103
1698210000,1972.43,1973.39,1970.71,1972.81,5004
1698213600,1972.8,1975.93,1971.22,1971.32,9106
1698217200,1971.24,1973.25,1968.27,1971.17,10983
1698220800,1971.16,1974.91,1970.62,1971.38,10062
1698224400,1971.32,1971.93,1969.43,1969.5,9112
1698228000,1969.51,1974.02,1969.46,1973.07,7760
1698231600,1973.01,1976.48,1972.45,1974.71,8750
1698235200,1974.77,1976.87,1972.37,1975.15,15671
1698238800,1975.17,1987.23,1974.83,1985.06,23018
1698242400,1985.06,1985.87,1974.77,1977.07,23310
1698246000,1977.03,1984.65,1962.86,1981.24,23568
1698249600,1981.16,1983.64,1977.51,1978.14,12965
1698253200,1978.22,1985.63,1976.52,1983.1,15887
1698256800,1983.1,1984.41,1980.75,1981.55,8172
1698260400,1981.54,1982.66,1980.37,1980.78,5802
1698264000,1980.78,1980.83,1977.61,1979.5,3279
1698271200,1980.44,1984.08,1980.06,1982,3591
1698274800,1982,1983.77,1981.42,1982.91,5538
1698278400,1982.93,1984.71,1982.37,1983.36,6396
1698282000,1983.39,1986.6,1983.17,1984.95,9245
1698285600,1984.97,1986.83,1984.5,1984.82,6569
1698289200,1984.82,1987.29,1983.41,1987.15,5852
1698292800,1987.15,1989.36,1987.1,1988.44,4255
1698296400,1988.43,1989.54,1984.75,1985.73,7768
1698300000,1985.71,1988.31,1983.91,1984.96,12304
1698303600,1984.93,1990.11,1984.4,1990.09,14809
1698307200,1990.09,1993.43,1988.63,1992.13,10652
1698310800,1992.13,1992.18,1989.35,1990.65,8835
1698314400,1990.64,1991.2,1985.97,1986.67,8362
1698318000,1986.64,1987.57,1982.44,1984.61,9723
1698321600,1984.6,1986.69,1974.61,1979.49,27008
1698325200,1979.61,1981.79,1974.58,1978.9,26997
1698328800,1978.62,1980.44,1971.72,1979.55,24490
1698332400,1979.64,1981.29,1976.41,1980.22,17452
1698336000,1980.16,1985.82,1979.71,1984.22,15139
1698339600,1984.23,1989.37,1984.09,1986.93,16309
1698343200,1986.94,1987.15,1984.78,1985.97,8217
1698346800,1985.97,1986.85,1982.32,1984.39,8052
1698350400,1984.37,1985.55,1983.89,1984.88,2623
1698357600,1984.55,1985.51,1983.84,1985.18,1210
1698361200,1985.26,1986.76,1983.37,1984.34,4863
1698364800,1984.3,1984.86,1982.84,1983.45,5328
1698368400,1983.4,1986.75,1983.18,1985.47,9145
1698372000,1985.47,1988.8,1985.47,1986.64,7286
1698375600,1986.6,1988.19,1986.39,1987.81,4919
1698379200,1987.81,1989.91,1987.81,1989.49,4215
1698382800,1989.54,1989.55,1986.4,1988.88,7707
1698386400,1988.91,1989.66,1986.19,1987.48,11087
1698390000,1987.49,1989.12,1985.78,1987.37,10874
1698393600,1987.36,1987.49,1985.5,1986.89,8968
1698397200,1986.92,1987.92,1985.23,1985.83,7912
1698400800,1985.83,1986.14,1980.54,1980.55,7825
1698404400,1980.56,1982.98,1979.92,1981.8,9502
1698408000,1981.95,1986.14,1976.98,1980.36,21849
1698411600,1980.24,1985.08,1976.82,1982.98,26315
1698415200,1982.83,1985.69,1980.85,1982.1,22977
1698418800,1982.11,1983.48,1978.63,1979.88,15891
1698422400,1979.97,1983.79,1979.17,1983.68,10556
1698426000,1983.68,1996.96,1983.05,1996.72,18278
1698429600,1996.71,2008.62,1995.86,2005.36,19535
1698433200,2005.38,2009.46,2004.79,2006.97,13836
1698436800,2006.98,2007.16,2004.31,2005.7,4156
1698616800,2004.68,2005.29,1996.87,2001.3,7239
1698620400,2001.33,2003.67,2000.56,2002.76,4853
1698624000,2002.74,2006.69,2002.26,2004.65,7538
1698627600,2004.65,2005.72,2002.51,2004.68,8389
1698631200,2004.4,2004.73,2001.96,2002.84,5766
1698634800,2002.83,2003.47,2001.46,2002.04,4400
1698638400,2002.04,2002.68,2000.17,2001.48,2818
1698642000,2001.43,2002.6,1999.5,1999.63,4181
1698645600,1999.64,2000.75,1995.02,1995.58,8352
1698649200,1995.58,1997.74,1993.32,1993.61,11409
1698652800,1993.81,1994.82,1990.92,1993.73,11410
1698656400,1993.8,1997.1,1991.56,1996.58,10343
1698660000,1996.58,1997.39,1994.08,1994.37,9077
1698663600,1994.4,1995.77,1992.6,1995.77,9207
1698667200,1995.84,2000.06,1993.8,1997.95,17827
1698670800,1997.95,2002.59,1995.99,1998.53,22630
1698674400,1998.52,2002.48,1991.98,1997.05,26167
1698678000,1997.05,2000.43,1996.23,1999.17,15285
1698681600,1999.17,2000.64,1997.59,1998.93,11195
1698685200,1998.97,1999.69,1994.67,1997.92,10641
1698688800,1997.92,1999.87,1997.36,1997.83,6811
1698692400,1997.83,1998.71,1994.69,1995.87,7004
1698696000,1995.84,1996.62,1995.2,1996.13,2120
1698703200,1995.6,1997.28,1994.83,1995.01,965
1698706800,1994.96,1996.14,1993.93,1995.47,2716
1698710400,1995.51,1996.27,1994.27,1995.61,4234
1698714000,1995.6,1997.25,1994.73,1996.35,7253
1698717600,1996.36,1997.09,1994.3,1994.48,4453
1698721200,1994.47,1995.03,1991.69,1992.1,10089
1698724800,1992.09,1993.08,1990.54,1992.68,4508
1698728400,1992.69,1995.07,1992.58,1992.97,5756
1698732000,1993.02,1995.25,1992.33,1994.93,5963
1698735600,1994.93,1997.59,1994.66,1996.22,8084
1698739200,1996.26,1999.17,1995.03,1996.99,10557
1698742800,1996.99,1998.48,1996.14,1997.46,10059
1698746400,1997.54,2000.02,1996.46,2000.02,8851
1698750000,1999.98,2000.38,1997.63,1999.9,8148
1698753600,1999.82,2001.49,1994.81,1995.59,18841
1698757200,1995.47,2004.06,1994.57,2002.51,21635
1698760800,2002.53,2007.95,1998.82,1999.13,24441
1698764400,1999.1,1999.37,1992.29,1994.25,21107
1698768000,1994.22,1994.78,1986.63,1990.77,17306
1698771600,1990.8,1991.27,1983.33,1984.16,15500
1698775200,1984.15,1985.05,1978.78,1984.55,11498
1698778800,1984.55,1986.74,1984.16,1984.86,8596
1698782400,1984.81,1985.16,1983.24,1983.95,3249
1698789600,1983.6,1986.12,1983.51,1984.64,2777
1698793200,1984.79,1985.21,1983.13,1983.62,3191
1698796800,1983.62,1983.96,1978.76,1979.91,6449
1698800400,1979.89,1981.42,1977.98,1979.49,9122
1698804000,1979.49,1980.98,1978.24,1978.31,7015
1698807600,1978.29,1979.02,1976.87,1977.08,4612
1698811200,1977.08,1978.33,1975.19,1977.62,5258
1698814800,1977.57,1979.41,1976.29,1979.03,5768
1698818400,1979.03,1981.08,1979.03,1980.28,6973
1698822000,1980.19,1980.61,1976.49,1977.1,9081
1698825600,1977.09,1983,1977.07,1982.46,10628
1698829200,1982.48,1983.73,1980.49,1982.73,8864
1698832800,1982.73,1984.11,1982.01,1983.23,7222
1698836400,1983.22,1985.17,1982.39,1983.42,7393
1698840000,1983.42,1988.51,1983.27,1986.6,20584
1698843600,1986.67,1987.27,1981.09,1985.66,20338
1698847200,1988.49,1992.06,1986.02,1986.57,26714
1698850800,1986.63,1987.18,1978.31,1979.22,16807
1698854400,1979.21,1980.43,1974.51,1977.81,12012
1698858000,1977.81,1979.9,1977.39,1977.85,8968
1698861600,1977.86,1982.38,1969.83,1974.92,27234
1698865200,1974.86,1982.31,1974.76,1978.55,18071
1698868800,1978.5,1982.91,1977.06,1982.69,4569
1698876000,1983.46,1984.05,1981.27,1983.78,2089
1698879600,1983.65,1985.69,1983.48,1985.04,4649
1698883200,1985,1986.13,1983.95,1984.68,5919
1698886800,1984.66,1988.19,1984.28,1986.23,8429
1698890400,1986.23,1986.54,1983.41,1983.72,6262
1698894000,1983.67,1985.49,1983.33,1985.39,4549
1698897600,1985.4,1986.56,1984.23,1986.08,4493
1698901200,1986.06,1986.67,1984.23,1985.35,5169
1698904800,1985.35,1986.11,1984.33,1985.74,6140
1698908400,1985.73,1986.44,1983.69,1985.44,8195
1698912000,1985.44,1988.43,1984.45,1986.81,9962
1698915600,1986.83,1989.59,1986.63,1988.19,8856
1698919200,1988.22,1989.42,1985.73,1988.89,8562
1698922800,1988.9,1990.43,1987.48,1988.51,7639
1698926400,1988.61,1990.96,1986.88,1990.29,20314
1698930000,1990.28,1991.05,1981.99,1984.38,22026
1698933600,1984.39,1985.23,1980.61,1984.29,20866
1698937200,1984.27,1985.02,1978.8,1981.16,17416
1698940800,1981.17,1983.4,1978.97,1981.85,14369
1698944400,1981.81,1986.7,1981.5,1985.03,9503
1698948000,1985.03,1986.27,1984.42,1985.94,6643
1698951600,1985.93,1986.36,1983.68,1985.44,5515
1698955200,1985.36,1985.84,1984.52,1985.83,2414
1698962400,1986.12,1986.49,1984.53,1984.88,1067
1698966000,1984.88,1986.29,1984.32,1984.93,1666
1698969600,1984.95,1986.21,1984.89,1985.57,2818
1698973200,1985.58,1985.72,1983.21,1983.86,6097
1698976800,1983.87,1987.84,1983.77,1987.4,5436
1698980400,1987.43,1987.53,1985.41,1985.81,2312
1698984000,1985.81,1986.8,1985.42,1985.74,2860
1698987600,1985.74,1987.28,1985.72,1987.08,2383
1698991200,1987.15,1988.33,1985.93,1987.66,4860
1698994800,1987.58,1989.14,1984.39,1986.52,8501
1698998400,1986.51,1989.16,1986.15,1988.59,8138
1699002000,1988.5,1990.34,1988.32,1989.1,7882
1699005600,1989.08,1989.78,1987.06,1988.26,6701
1699009200,1988.25,1988.66,1986.99,1987.61,5832
1699012800,1987.64,2004.09,1985.39,2000.19,24977
1699016400,2000.13,2001.86,1986.46,1995.38,36453
1699020000,1996.9,1999.02,1988.59,1994.46,30240
1699023600,1994.54,1995.8,1990.89,1991.7,18146
1699027200,1991.78,1993.26,1989.27,1990.34,15141
1699030800,1990.33,1993.6,1989.87,1993.09,11641
1699034400,1993.14,1995.08,1992.8,1995.03,7345
1699038000,1995.08,1995.11,1991.54,1992.72,6380
1699041600,1992.64,1992.9,1991.98,1992.43,2200
1699225200,1992.83,1992.84,1987.09,1988.46,4046
1699228800,1988.47,1991.78,1986.98,1991.06,5288
1699232400,1991.05,1993.07,1989.65,1992.06,9422
1699236000,1992.08,1992.93,1986.74,1987.01,5876
1699239600,1987,1988.23,1981.94,1985.16,6879
1699243200,1985.06,1985.08,1983.21,1983.7,3479
1699246800,1983.71,1985.23,1982.29,1983.86,5970
1699250400,1983.86,1985.34,1983.58,1984.27,4979
1699254000,1984.31,1984.94,1982.31,1983.4,8291
1699257600,1983.41,1987.93,1982.84,1985.95,11617
1699261200,1985.96,1987.27,1985.45,1986.79,8805
1699264800,1986.86,1988.33,1986.2,1987.24,6430
1699268400,1987.24,1987.72,1986.38,1987.72,5821
1699272000,1987.7,1988.19,1983.42,1984.41,9276
1699275600,1984.47,1989.08,1983.4,1986.31,15110
1699279200,1986.38,1988.19,1984.07,1984.82,18207
1699282800,1984.81,1985.89,1981.06,1981.09,16465
1699286400,1981.13,1984.15,1979.91,1983.49,12535
1699290000,1983.49,1984.48,1983,1983.72,7653
1699293600,1983.72,1983.76,1980.51,1981.29,6287
1699297200,1981.3,1981.49,1979.21,1980.35,5465
1699300800,1980.3,1980.3,1977.42,1977.58,6519
1699304400,1977.65,1978.74,1977.39,1977.79,2197
1699311600,1978.02,1978.27,1975.74,1976.64,2827
1699315200,1976.68,1977.01,1975.45,1975.93,3980
1699318800,1975.9,1976.65,1974.78,1975.76,7055
1699322400,1975.73,1976.13,1972.85,1972.87,4617
1699326000,1972.87,1973.6,1972.28,1972.6,5587
1699329600,1972.58,1973.26,1970.99,1971.36,3301
1699333200,1971.36,1974.21,1971.1,1973.73,4380
1699336800,1973.71,1973.9,1971.04,1971.07,4914
1699340400,1971.08,1971.16,1967.27,1969.38,9466
1699344000,1969.36,1970.24,1966.04,1966.74,11948
1699347600,1966.62,1968.91,1964.21,1966.34,10607
1699351200,1966.33,1968.02,1965.51,1966.12,10011
1699354800,1966.11,1966.21,1962.66,1963.9,9813
1699358400,1963.9,1964.35,1957.21,1958.79,15083
1699362000,1958.78,1966.81,1956.69,1966.55,21183
1699365600,1966.57,1967.26,1960.17,1960.39,21017
1699369200,1960.39,1965.55,1960.27,1963.37,18554
1699372800,1963.38,1966.59,1963.25,1964.69,13868
1699376400,1964.75,1964.89,1961.8,1963.97,9937
1699380000,1964,1969.84,1963.64,1969.39,9451
1699383600,1969.4,1969.83,1967.18,1967.4,5816
1699387200,1967.41,1969.1,1966.91,1968.97,6044
1699390800,1968.79,1969.38,1968.3,1969.09,1687
1699398000,1969.1,1969.36,1968.14,1968.91,2444
1699401600,1968.9,1969.98,1967.84,1968.1,4089
1699405200,1968.09,1969.9,1967.5,1968.62,6574
1699408800,1968.67,1970.99,1967.3,1968.71,6173
1699412400,1968.65,1968.9,1967.61,1967.81,3971
1699416000,1967.8,1967.89,1967.48,1967.58,1914
1699419600,1967.58,1967.88,1964.95,1965.58,3403
1699423200,1965.58,1969.14,1965.13,1967.27,5985
1699426800,1967.24,1968.54,1965.51,1967.66,7654
1699430400,1967.65,1969.02,1966.94,1968.22,9863
1699434000,1968.22,1968.27,1965.45,1965.47,9310
1699437600,1965.45,1965.46,1959.59,1962.01,12261
1699441200,1961.97,1965,1961.72,1964.5,6868
1699444800,1964.46,1964.56,1961.97,1962.79,7793
1699448400,1962.84,1966.67,1962.78,1964.83,16972
1699452000,1964.85,1966.35,1959.82,1960.21,19717
1699455600,1960.17,1960.57,1950.96,1955.4,21675
1699459200,1955.42,1957.99,1952.23,1954.81,16778
1699462800,1954.86,1956.66,1951.98,1953.72,11808
1699466400,1953.74,1954.74,1950.89,1951.98,12186
1699470000,1951.96,1952.01,1947.54,1948.16,6969
1699473600,1948.16,1950.24,1947.4,1949.64,6108
1699477200,1949.69,1950.61,1949.41,1950.19,2904
1699484400,1949.73,1951.92,1949.61,1950.82,3240
1699488000,1950.68,1952.04,1948.88,1952.02,3635
1699491600,1952.02,1954.62,1951.39,1953.32,8718
1699495200,1953.32,1953.32,1948.9,1950,7736
1699498800,1949.99,1950.45,1947.73,1949.3,4923
1699502400,1949.31,1949.81,1948.48,1949.49,4221
1699506000,1949.49,1950.22,1948.06,1950.19,4931
1699509600,1950.19,1950.44,1949,1949.28,6008
1699513200,1949.29,1950.5,1948.67,1949.34,7064
1699516800,1949.33,1949.69,1944.63,1948.43,10713
1699520400,1948.43,1949.73,1946.4,1946.87,7166
1699524000,1946.87,1948.43,1945.27,1947.02,5529
1699527600,1947.01,1949.3,1946.09,1948.83,4477
1699531200,1948.8,1948.95,1945.08,1945.79,9558
1699534800,1945.81,1951.35,1944.78,1950.59,18313
1699538400,1950.56,1958.8,1948.59,1958.13,20414
1699542000,1958.15,1964.93,1955.45,1962.97,18812
1699545600,1962.95,1963.71,1959.79,1960.58,11347
1699549200,1960.59,1964.13,1960.09,1961.89,10642
1699552800,1961.86,1965.56,1958.34,1963.07,18430
1699556400,1963.06,1963.06,1956.17,1958.4,15782
1699560000,1958.47,1960.1,1957.03,1957.29,7862
1699563600,1957.25,1958.65,1956.93,1958.49,2548
1699570800,1958.22,1959.73,1957.96,1959.06,3543
1699574400,1959.04,1960.65,1958.49,1960.51,4879
1699578000,1960.48,1960.82,1958.77,1959.1,7583
1699581600,1959.07,1959.98,1956.36,1958.28,5879
1699585200,1958.18,1960.46,1957.67,1959.48,4900
1699588800,1959.47,1959.55,1957.49,1957.74,3706
1699592400,1957.78,1957.8,1956.37,1957.25,4231
1699596000,1957.25,1958.21,1955.66,1956.98,5058
1699599600,1956.93,1957.13,1953.7,1955.37,9050
1699603200,1955.39,1957.2,1954.63,1954.93,8981
1699606800,1954.89,1955.32,1953.53,1953.93,8146
1699610400,1953.91,1954.43,1951.49,1954.08,6951
1699614000,1954.07,1954.07,1947.17,1948.23,8146
1699617600,1948.24,1949.19,1943.42,1947.38,11637
1699621200,1947.37,1948.68,1943.13,1946.12,18866
1699624800,1946.16,1947.62,1941.21,1942.53,19443
1699628400,1941,1946.9,1939.68,1942.04,21859
1699632000,1942.1,1943.44,1937.17,1939.5,15083
1699635600,1939.5,1940.09,1936.58,1936.78,10434
1699639200,1936.77,1937.68,1933.08,1935.93,9921
1699642800,1935.98,1937.29,1934.99,1935.42,7103
1699646400,1935.43,1936.59,1934.54,1936.08,5026
1699650000,1936.1,1937.84,1935.78,1937.81,3251
1699830000,1938.53,1941.14,1936.11,1940.33,2744
1699833600,1940.27,1941.84,1939.35,1939.35,5043
1699837200,1939.29,1940.82,1937.98,1940.33,8277
1699840800,1940.33,1941.27,1937.53,1937.54,7011
1699844400,1937.64,1937.97,1934.04,1935.3,6678
1699848000,1935.28,1935.81,1934.21,1935.72,2905
1699851600,1935.72,1939.74,1935.7,1939.15,5762
1699855200,1939.16,1940.06,1938.51,1938.68,5253
1699858800,1938.68,1941.22,1937.71,1938.82,8752
1699862400,1938.83,1939.34,1935.99,1936.61,9111
1699866000,1936.61,1940.52,1936.07,1938.19,8127
1699869600,1938.18,1939.63,1937.08,1939.53,5842
1699873200,1939.53,1939.7,1937.18,1938,6730
1699876800,1938,1938.43,1935.39,1936.22,7276
1699880400,1936.2,1938.03,1934,1935.98,15161
1699884000,1935.98,1936.13,1932.45,1932.62,16105
1699887600,1932.62,1938.86,1931.65,1938.48,18439
1699891200,1938.44,1946.54,1938.16,1945.8,15677
1699894800,1945.79,1949.18,1944.86,1945.74,10321
1699898400,1945.74,1947.87,1944.78,1947.87,7903
1699902000,1947.86,1948.06,1945.76,1946.22,5644
1699905600,1946.22,1946.8,1945.19,1946.68,5253
1699909200,1946.68,1946.68,1945.92,1946.19,1708
1699916400,1946.24,1946.55,1945.55,1946.47,2182
1699920000,1946.53,1947.25,1945.85,1946.81,2990
1699923600,1946.87,1948.39,1945.41,1945.67,5055
1699927200,1945.64,1946.67,1944.4,1945.79,5540
1699930800,1945.79,1945.94,1944.64,1944.75,3479
1699934400,1944.72,1945.46,1943.84,1944.71,2678
1699938000,1944.7,1945.23,1943.7,1944.4,3657
1699941600,1944.4,1945.96,1944.14,1944.61,4719
1699945200,1944.62,1946.53,1944.3,1945.59,5705
1699948800,1945.64,1946,1944.31,1945.4,7324
1699952400,1945.39,1947.97,1945.28,1947.18,8788
1699956000,1947.23,1948.14,1946.19,1946.87,6612
1699959600,1946.88,1947.23,1945.18,1945.95,6054
1699963200,1945.94,1946.64,1944.76,1945.15,6381
1699966800,1945.15,1959.03,1944.3,1954.34,27749
1699970400,1954.29,1970.91,1953.65,1967.77,30641
1699974000,1967.52,1969.18,1962.33,1964.4,20787
1699977600,1964.42,1966.56,1963.23,1964.19,15607
1699981200,1964.19,1965.09,1961.85,1962.21,12241
1699984800,1962.17,1964.37,1961.67,1962.72,9150
1699988400,1962.73,1963.85,1962.27,1963.69,6053
1699992000,1963.73,1964.47,1962.94,1963.8,6446
1699995600,1963.81,1964,1962.59,1963.09,2756
1700002800,1962.97,1963.12,1962.11,1962.47,2179
1700006400,1962.5,1963.79,1961.56,1963.6,4901
1700010000,1963.61,1963.99,1961.55,1962.66,8423
1700013600,1962.67,1964.55,1962.55,1964.41,6776
1700017200,1964.4,1967,1964.39,1966.87,6329
1700020800,1966.84,1967.96,1966.44,1967.51,4120
1700024400,1967.53,1967.64,1965.86,1966.97,5416
1700028000,1966.96,1970.49,1966.81,1969.59,7385
1700031600,1969.82,1970.99,1967.25,1970.33,10416
1700035200,1970.34,1972.61,1969.79,1971.55,11959
1700038800,1971.5,1972.2,1970.03,1971.5,10310
1700042400,1971.45,1974.05,1971.26,1973.13,8254
1700046000,1973.13,1973.52,1971.85,1972.97,7608
1700049600,1972.99,1973.34,1970.3,1971.59,9763
1700053200,1971.46,1975.15,1963.42,1965.62,23364
1700056800,1965.61,1966.67,1955.42,1957.43,25094
1700060400,1957.44,1964.47,1957.17,1963.15,19824
1700064000,1963.14,1963.7,1959.17,1962.33,14916
1700067600,1962.31,1963.18,1960.47,1961.44,10419
1700071200,1961.39,1962.08,1959.17,1960.46,8518
1700074800,1960.46,1962.17,1960.37,1961.77,6270
1700078400,1961.77,1962.21,1959.02,1959.43,6339
1700082000,1959.37,1960.42,1959.09,1959.26,2370
1700089200,1960.14,1960.99,1959.58,1960.27,2373
1700092800,1960.25,1961.38,1958.84,1959.57,3548
1700096400,1959.56,1959.84,1957.68,1958.39,7460
1700100000,1958.35,1961.01,1956.43,1960.76,7870
1700103600,1960.74,1962.13,1960.37,1961.41,4250
1700107200,1961.36,1962.56,1960.8,1962.55,2972
1700110800,1962.49,1963.84,1962.14,1962.89,4562
1700114400,1962.88,1967.33,1962.78,1966.98,6731
1700118000,1966.96,1967.83,1965.71,1966.53,7728
1700121600,1966.51,1967.52,1964.85,1967.47,9062
1700125200,1967.48,1968.56,1965.89,1966.22,8344
1700128800,1966.23,1966.72,1964.65,1965.08,5977
1700132400,1965.08,1966.42,1964.74,1965.55,4783
1700136000,1965.54,1965.66,1962.09,1964.35,8484
1700139600,1964.36,1972.93,1964.22,1972.12,20292
1700143200,1972.2,1982.71,1971.51,1979.7,23350
1700146800,1979.69,1986.49,1979.17,1984.92,22754
1700150400,1984.92,1987.98,1980.12,1982.02,17130
1700154000,1982,1983.66,1980.8,1983.36,10274
1700157600,1983.42,1985.21,1983.18,1984.2,7951
1700161200,1984.2,1984.38,1982.97,1983.32,6231
1700164800,1983.29,1984.09,1980.82,1980.83,7038
1700168400,1980.87,1981.36,1980.62,1981.24,2535
1700175600,1980.53,1982.96,1979.05,1982.63,1875
1700179200,1982.54,1984.92,1981.75,1984.92,3485
1700182800,1984.92,1986.92,1982.68,1983.43,8065
1700186400,1983.43,1985.78,1983.18,1985.3,6272
1700190000,1985.3,1986.78,1985.18,1986.67,5622
1700193600,1986.67,1987.06,1985.26,1986.06,3311
1700197200,1986.03,1986.04,1984.23,1984.38,4100
1700200800,1984.39,1984.69,1982.66,1983.57,4682
1700204400,1983.51,1987.68,1982.85,1987.68,8786
1700208000,1987.68,1989.12,1984.6,1988.73,13502
1700211600,1988.73,1992.38,1988.23,1991.29,11955
1700215200,1991.29,1993.37,1990.6,1991.78,9615
1700218800,1991.8,1991.8,1987.36,1988.84,10120
1700222400,1988.86,1990.8,1987.66,1988.69,8608
1700226000,1988.79,1991.6,1983.56,1984.79,19523
1700229600,1984.79,1986.69,1979.38,1980.37,22255
1700233200,1980.38,1984.3,1979.97,1983.49,17340
1700236800,1983.59,1985.31,1979.45,1981.15,15437
1700240400,1981.17,1981.18,1978.61,1981.1,8908
1700244000,1981.1,1982.78,1980.55,1981.97,7247
1700247600,1981.96,1982,1979.72,1980.35,5589
1700251200,1980.36,1981.07,1979,1980.79,4966
1700254800,1980.78,1980.78,1979.95,1980.41,3121
1700434800,1977.76,1978.67,1974.2,1974.5,3423
1700438400,1974.55,1977.65,1973.34,1977.48,5882
1700442000,1977.51,1983.03,1977.38,1981.05,11266
1700445600,1981.05,1985.14,1979.69,1982.84,9731
1700449200,1982.74,1983.08,1980.19,1982.26,7951
1700452800,1982.28,1983.39,1980.94,1981.38,5917
1700456400,1981.38,1983.37,1979.58,1980.66,6299
1700460000,1980.67,1981.96,1978.87,1980.25,7491
1700463600,1980.25,1981.11,1978.16,1978.61,9183
1700467200,1978.61,1979.99,1975.88,1976.96,13598
1700470800,1976.9,1980.48,1976.22,1979.34,11661
1700474400,1979.33,1979.5,1975.05,1975.85,8635
1700478000,1975.85,1976.29,1972.28,1973.36,8103
1700481600,1973.35,1973.37,1970.51,1972.52,11320
1700485200,1972.52,1973.24,1965.64,1968.31,19319
1700488800,1968.33,1972.98,1965.47,1970.17,20626
1700492400,1970.18,1973.1,1968.8,1971.93,15870
1700496000,1971.98,1975.12,1971.28,1974.59,12240
1700499600,1974.64,1976.24,1972.46,1973.81,9448
1700503200,1973.78,1978.92,1973.45,1977.43,13264
1700506800,1977.43,1978.97,1975.68,1978.44,6876
1700510400,1978.47,1978.85,1976.91,1977.81,5552
1700514000,1977.83,1978.04,1977,1977.66,2351
1700521200,1978.12,1981.58,1977.79,1981.21,3009
1700524800,1981.21,1986.84,1980.76,1986.38,6102
1700528400,1986.36,1990.35,1983.96,1990.01,14009
1700532000,1989.97,1992.68,1988.8,1990.71,9277
1700535600,1990.72,1994.27,1989.8,1993.27,6928
1700539200,1993.22,1994.05,1991.21,1992.15,6351
1700542800,1992.13,1993.31,1991,1991.69,7477
1700546400,1991.68,1992.48,1989.66,1990.74,8176
1700550000,1990.73,1993.66,1990.42,1992.42,10125
1700553600,1992.4,1994.31,1986.58,1987.86,15330
1700557200,1987.83,1988.66,1984.31,1985.38,12800
1700560800,1985.38,1989.98,1985.3,1988.61,9544
1700564400,1988.59,1989.02,1986.07,1987.27,8302
1700568000,1987.3,1989.4,1986.62,1989.12,10229
1700571600,1989.12,2000.23,1989.12,1997.62,22289
1700575200,1997.75,2007.3,1997.36,2005.38,23798
1700578800,2005.35,2007.54,2003,2004.27,21007
1700582400,2004.3,2005.32,1998.63,2001.1,17161
1700586000,2001.18,2001.64,1999.11,2001.49,11136
1700589600,2001.5,2001.87,1997.81,1998.67,11970
1700593200,1998.62,2000.66,1996.21,2000.11,12251
1700596800,2000.17,2000.2,1998.37,1999.06,6861
1700600400,1998.97,1999.08,1997.83,1998.27,2493
1700607600,1998.64,1999.86,1998.37,1999.28,2600
1700611200,1999.23,1999.23,1996.93,1997.44,5121
1700614800,1997.48,1998.81,1995.82,1996.16,8661
1700618400,1996.14,1997.67,1995.48,1996.74,6432
1700622000,1996.74,1998.01,1995.95,1996.51,3666
1700625600,1996.51,2000.29,1996.18,1999.28,3388
1700629200,1999.26,1999.68,1996.7,1998.87,6066
1700632800,1998.86,2001.29,1998.23,2000.86,9838
1700636400,2000.85,2004.05,2000.15,2003.71,9754
1700640000,2003.78,2006.35,1999.37,1999.67,13756
1700643600,1999.66,2003.6,1999.08,2002.18,10435
1700647200,2002.17,2002.84,1999.56,2001.1,8785
1700650800,2001.13,2003.38,2000.42,2000.63,9130
1700654400,2000.61,2003.1,2000.09,2001.88,9118
1700658000,2001.85,2003.16,1996.86,1999.07,19149
1700661600,1999.13,2002.44,1998.55,2001.73,20685
1700665200,2000.89,2001.47,1989.96,1994.96,23514
1700668800,1995,1995.56,1990.06,1991.09,13826
1700672400,1991.11,1992.47,1988.67,1991.6,10558
1700676000,1991.51,1992.68,1986.91,1988.4,8573
1700679600,1988.4,1991.21,1988.4,1990.71,7308
1700683200,1990.73,1991.51,1989.47,1989.72,4855
1700686800,1989.71,1990.14,1989.42,1989.85,2787
1700694000,1988.83,1991.78,1988.76,1990.44,2046
1700697600,1990.39,1992.12,1990.08,1991.98,3549
1700701200,1991.98,1994.03,1991.21,1993.49,8427
1700704800,1993.48,1994.98,1993.19,1994.32,5544
1700708400,1994.32,1998.38,1993.09,1997.76,5328
1700712000,1997.8,1997.87,1993.39,1995.18,3931
1700715600,1995.17,1996.41,1994.3,1996.25,4397
1700719200,1996.27,1997.52,1995.25,1996.16,5921
1700722800,1996.15,1998.51,1994.28,1996.36,8032
1700726400,1996.33,1996.4,1993.79,1995,12603
1700730000,1995,1995.46,1992.16,1994.36,10321
1700733600,1994.36,1994.84,1992.16,1993.55,5858
1700737200,1993.57,1994.4,1992.96,1993.86,5102
1700740800,1993.85,1994.19,1991.98,1992.42,6334
1700744400,1992.43,1993.28,1991.83,1992.76,7561
1700748000,1992.76,1994.9,1992.04,1993.84,9597
1700751600,1993.83,1993.92,1991.79,1992.16,7284
1700755200,1992.15,1992.18,1989.81,1990.56,6354
1700758800,1990.57,1992.96,1990.56,1992.78,2647
1700762400,1992.85,1992.99,1991.86,1992.04,1273
1700766000,1992.03,1992.77,1991.77,1992.33,1331
1700780400,1992.56,1994.34,1992.31,1994.06,2037
1700784000,1994.07,1994.84,1993.08,1993.86,4555
1700787600,1993.98,1994.95,1991.44,1992.83,8615
1700791200,1992.82,1994.15,1991.91,1992.28,6450
1700794800,1992.28,1993.62,1991.66,1993.58,6875
1700798400,1993.58,1994.77,1991.44,1993.73,7049
1700802000,1993.72,1994.44,1992.88,1994.22,4557
1700805600,1994.17,1994.3,1992.46,1993.58,6477
1700809200,1993.6,1994.14,1992.08,1993.46,7677
1700812800,1993.43,1994.3,1992.24,1993.43,10014
1700816400,1993.41,1994.92,1993.2,1994.55,7911
1700820000,1994.54,1996.3,1994.36,1995.77,7552
1700823600,1995.76,1996.23,1994.58,1995.17,6704
1700827200,1995.2,1997.12,1994.87,1995.46,8261
1700830800,1995.45,2001.98,1994.37,1999.6,21153
1700834400,1999.6,2003.1,1999.49,2001.15,22688
1700838000,2001.15,2003.58,1997.3,1998.37,20339
1700841600,1998.37,2000.29,1997.16,1999.93,12134
1700845200,1999.93,2002.34,1999.53,2000.97,8707
1700848800,2000.92,2002.78,1999.74,2002.12,4042
1701039600,2001.78,2003.19,2000.38,2002.37,4891
1701043200,2002.37,2004.21,2001.77,2002.05,8110
1701046800,2002.08,2018.08,2002.08,2011.99,25231
1701050400,2011.99,2012.08,2007.4,2011.31,11793
1701054000,2011.22,2011.84,2007.49,2009.58,9044
1701057600,2009.56,2013.65,2008.44,2012.93,8843
1701061200,2012.96,2013.71,2010.58,2010.64,7878
1701064800,2010.7,2011.94,2008.74,2009.61,8501
1701068400,2009.66,2011.33,2009.53,2010.95,11241
1701072000,2010.89,2013.88,2010.5,2013.83,15579
1701075600,2013.84,2015.46,2012.98,2013.36,11893
1701079200,2013.4,2015.02,2011.74,2014.41,12762
1701082800,2014.43,2014.94,2011.75,2012.58,9393
1701086400,2012.58,2014.42,2011.56,2013.6,11866
1701090000,2013.65,2016.46,2009.77,2011.3,25071
1701093600,2011.31,2013.18,2010.69,2011.37,24939
1701097200,2011.37,2014.9,2008.68,2010.33,29336
1701100800,2010.31,2011.24,2005.69,2010.81,20094
1701104400,2010.73,2011.09,2008.71,2009.93,10739
1701108000,2009.95,2013.16,2009.48,2012.43,10469
1701111600,2012.42,2013.58,2012.07,2012.82,5852
1701115200,2012.83,2014.67,2012.02,2014.4,6122
1701118800,2014.19,2014.57,2013.51,2014.2,3021
1701126000,2013.5,2015.4,2013.23,2015.26,2200
1701129600,2015.27,2018.09,2015.27,2017.19,6592
1701133200,2017.21,2018.03,2013.88,2015.37,11592
1701136800,2015.41,2017.66,2014.11,2015.21,7361
1701140400,2015.12,2017.15,2014.82,2014.91,5799
1701144000,2014.92,2016.87,2014.08,2015.18,4209
1701147600,2015.17,2015.86,2014.25,2015.16,4435
1701151200,2015.16,2016.87,2014.37,2015.95,6073
1701154800,2015.92,2016.67,2011.94,2013.46,10081
1701158400,2013.55,2015.8,2012.49,2015.38,13986
1701162000,2015.41,2016.72,2014.39,2015.97,11042
1701165600,2015.98,2016.18,2013.39,2014.59,8588
1701169200,2014.59,2015.73,2014.41,2015.24,7744
1701172800,2015.23,2015.95,2014.07,2014.36,11636
1701176400,2014.42,2021.54,2011.3,2021.48,25174
1701180000,2021.52,2028.52,2020.61,2026.08,33654
1701183600,2026.12,2031.53,2023.73,2030.86,36692
1701187200,2030.89,2040.5,2030.44,2039.7,28313
1701190800,2039.71,2043.02,2038.76,2040.71,19974
1701194400,2040.79,2041.41,2038.2,2039.43,16655
1701198000,2039.46,2042.54,2039.44,2041.77,11568
1701201600,2041.78,2041.83,2039.61,2041.18,10015
1701205200,2041.15,2042.07,2039.98,2041.17,3501
1701212400,2041.07,2044.47,2040.32,2044.37,4462
1701216000,2044.42,2049.51,2042.73,2049.41,10556
1701219600,2049.42,2051.99,2046.68,2048.73,16013
1701223200,2048.76,2049,2045.96,2046.96,11431
1701226800,2046.94,2047.46,2042.85,2043.98,10111
1701230400,2043.95,2046.44,2043.26,2046.23,5610
1701234000,2046.24,2049,2044.41,2045.92,10076
1701237600,2045.92,2046.2,2043.14,2044.63,12793
1701241200,2044.71,2044.79,2041.08,2042.38,11616
1701244800,2042.41,2044.06,2041.28,2042.7,16984
1701248400,2042.68,2043.39,2035.28,2038.39,14360
1701252000,2038.38,2039.14,2036.7,2037.44,11245
1701255600,2037.46,2040.12,2037.34,2040.08,10260
1701259200,2040.08,2042.32,2039.05,2041.39,11961
1701262800,2041.46,2042.96,2037.27,2039.11,29881
1701266400,2039.08,2045.58,2036.99,2044.24,29139
1701270000,2044.23,2046.92,2039.12,2043,30696
1701273600,2042.99,2043.35,2039.55,2042.11,16377
1701277200,2042.11,2045.77,2041.59,2044.99,12414
1701280800,2045.01,2048.28,2044.27,2047.85,11218
1701284400,2047.86,2049.54,2045.32,2046.3,10806
1701288000,2046.31,2046.49,2042.79,2044.63,10874
1701291600,2044.66,2044.85,2043.77,2044.19,3433
1701298800,2044.63,2045.34,2044.06,2044.58,2732
1701302400,2044.57,2046.82,2044.13,2046.63,4579
1701306000,2046.64,2046.65,2043.08,2043.28,11146
1701309600,2043.27,2046.4,2042.61,2045.93,8918
1701313200,2045.92,2047.22,2044.2,2046.06,6166
1701316800,2046.09,2046.64,2043.09,2044.54,6104
1701320400,2044.53,2044.71,2041.43,2041.65,6824
1701324000,2041.64,2045.83,2041.62,2045.83,7144
1701327600,2045.87,2046.95,2042.36,2044.61,12006
1701331200,2044.61,2045.71,2039.95,2040.6,17871
1701334800,2040.57,2042.27,2038.75,2039.94,14961
1701338400,2039.96,2040.6,2036.76,2038.4,13485
1701342000,2038.37,2038.69,2035.87,2037.18,12413
1701345600,2037.17,2039.13,2036.87,2038.29,11386
1701349200,2038.36,2044.04,2034.02,2036.85,33702
1701352800,2036.85,2039.88,2031,2036.55,41572
1701356400,2036.5,2038.29,2032.42,2037.92,37409
1701360000,2037.92,2040.36,2036.59,2039.63,26477
1701363600,2039.63,2041.32,2036.83,2037.04,15743
1701367200,2037.05,2038.72,2033.64,2034.94,14717
1701370800,2034.9,2037.21,2034.65,2036.18,10262
1701374400,2036.19,2036.51,2034.79,2036.21,11292
1701378000,2036.21,2036.7,2034.81,2036.04,4294
1701385200,2036.65,2040.54,2036.14,2040.11,2925
1701388800,2040.15,2042.5,2039.92,2041.87,6481
1701392400,2041.91,2043.44,2041.23,2041.74,11102
1701396000,2041.73,2042.79,2039.96,2040.22,7032
1701399600,2040.26,2042.7,2038.68,2039.49,7464
1701403200,2039.47,2040.51,2038.82,2040.19,3910
1701406800,2040.18,2041.53,2039.72,2040.97,6769
1701410400,2040.97,2042.87,2039.73,2040.47,7322
1701414000,2040.47,2041.99,2039.26,2039.51,10792
1701417600,2039.52,2046.07,2039.31,2045.36,17892
1701421200,2045.34,2049.85,2044.87,2046.39,16291
1701424800,2046.42,2047.2,2043.23,2043.74,10623
1701428400,2043.74,2044.18,2036.53,2037.03,13228
1701432000,2037.03,2038.55,2033.77,2036.06,14441
1701435600,2036.03,2039.37,2035.03,2037.7,21104
1701439200,2037.71,2043.33,2035.2,2042.43,28236
1701442800,2042.4,2053.26,2041.99,2049.34,46753
1701446400,2049.34,2060.61,2044.64,2058.8,37539
1701450000,2058.81,2067.63,2057.35,2067.28,19575
1701453600,2067.27,2075.34,2065.76,2071.82,21005
1701457200,2071.87,2072.24,2065.62,2067,11519
1701460800,2066.99,2071.06,2066.48,2070.88,9584
1701464400,2070.87,2072.09,2070.47,2071.45,4006
1701644400,2072.49,2143.31,2071.64,2117.58,16710
1701648000,2117.7,2120.69,2090.63,2095.66,25414
1701651600,2095.92,2098.17,2083.12,2087.73,27623
1701655200,2087.72,2088.72,2084.16,2088.12,10447
1701658800,2088.12,2089.29,2084.46,2085.79,8248
1701662400,2085.76,2085.99,2081.63,2085.44,6122
1701666000,2085.42,2090.4,2083.82,2086.07,9264
1701669600,2086.08,2087.91,2073.8,2076.45,12335
1701673200,2076.46,2078.73,2061.49,2063.49,21744
1701676800,2063.5,2070.05,2057.78,2069.79,24927
1701680400,2069.76,2076.15,2068.25,2071.09,18373
1701684000,2071.1,2071.1,2064.14,2068.33,14944
1701687600,2068.3,2071.84,2065.99,2070.93,14085
1701691200,2070.92,2071.27,2065.59,2069.81,15178
1701694800,2069.81,2070.5,2055.9,2057.64,30032
1701698400,2057.67,2057.97,2042.47,2050.09,43002
1701702000,2050.14,2053.2,2020.11,2022.59,48016
1701705600,2022.5,2028.11,2020.83,2025.95,29607
1701709200,2025.97,2030.74,2023.69,2025.92,19672
1701712800,2026,2026.05,2022.16,2024.38,15869
1701716400,2024.41,2031.48,2023.85,2030.89,9931
1701720000,2030.9,2032.26,2026.25,2026.36,8666
1701723600,2026.59,2030.29,2026.59,2029.01,3470
1701730800,2029.98,2034.08,2028.35,2033.9,3401
1701734400,2033.84,2041.16,2032.56,2036.76,8173
1701738000,2036.72,2038.45,2034.07,2035.64,11210
1701741600,2035.6,2036.52,2033.5,2034.66,6029
1701745200,2034.68,2037.77,2034.53,2037.39,5676
1701748800,2037.39,2038.4,2030.45,2032.23,4879
1701752400,2032.27,2033.84,2030.88,2032.17,7284
1701756000,2032.19,2034.56,2031.7,2033.43,6550
1701759600,2033.46,2034.93,2031.19,2032.66,10958
1701763200,2032.64,2039.54,2032.6,2034.49,14390
1701766800,2034.47,2034.52,2028.54,2028.95,11388
1701770400,2028.95,2029.57,2023.02,2025.25,11128
1701774000,2025.26,2027.54,2021.54,2024.76,9486
1701777600,2024.7,2026.51,2022.33,2024.84,10417
1701781200,2024.72,2030.86,2024.68,2029.48,19154
1701784800,2029.49,2030.16,2015.43,2016.61,22112
1701788400,2016.51,2026.88,2009.9,2016.29,31965
1701792000,2016.32,2019.48,2012.21,2014.83,20237
1701795600,2014.96,2020.56,2014.69,2017.22,13164
1701799200,2017.23,2019.92,2016.69,2018.16,8495
1701802800,2018.1,2020.31,2017.48,2019.81,6400
1701806400,2019.78,2020.94,2018.42,2019.16,5966
1701810000,2019.16,2019.87,2018.65,2019.33,2553
1701817200,2019.65,2019.66,2017.23,2018.85,2995
1701820800,2018.84,2022.37,2018.67,2021.81,4523
1701824400,2021.84,2022.67,2019.03,2020.87,8031
1701828000,2020.85,2022.16,2019.78,2021.21,5888
1701831600,2021.17,2024.18,2020.83,2023.21,4858
1701835200,2023.26,2023.84,2020.41,2021.96,3751
1701838800,2021.94,2025.39,2021.12,2024.84,4860
1701842400,2024.81,2027.09,2023.77,2026.26,5857
1701846000,2026.24,2035.83,2026.08,2034.12,10584
1701849600,2034.01,2034.89,2024.5,2025.38,12509
1701853200,2025.32,2027.79,2020.2,2021.18,11082
1701856800,2021.2,2023.76,2021,2022.84,7607
1701860400,2022.87,2023.21,2020.18,2021.36,6925
1701864000,2021.38,2027.51,2021.01,2026.21,8667
1701867600,2026.17,2031.86,2024.11,2030.16,20767
1701871200,2030.35,2033,2024.81,2025.16,21040
1701874800,2025.26,2031.92,2022.69,2030.23,21738
1701878400,2030.23,2031.31,2023.95,2029.99,17421
1701882000,2029.96,2030.19,2026.57,2029.53,11263
1701885600,2029.48,2031.24,2028.01,2030.59,8913
1701889200,2030.59,2030.76,2028.74,2029.93,5397
1701892800,2029.93,2029.93,2025.15,2026.57,5767
1701896400,2026.55,2026.94,2024.44,2025.35,2469
1701903600,2025.32,2027.78,2025.21,2027.06,2991
1701907200,2027,2029.61,2026.59,2028.66,3588
1701910800,2028.71,2029.56,2026.08,2026.18,7566
1701914400,2026.23,2029.98,2026.15,2029.08,6319
1701918000,2029,2029.89,2026.48,2026.86,5764
1701921600,2026.81,2027.08,2025.35,2026.04,4864
1701925200,2025.96,2027.35,2025.25,2026.79,5436
1701928800,2026.84,2029.73,2026.28,2029.63,8086
1701932400,2029.78,2030.79,2028.32,2029.63,9905
1701936000,2029.63,2034.87,2028.79,2032.95,11632
1701939600,2032.94,2034.72,2031.14,2034.12,9041
1701943200,2034.13,2035.08,2032.5,2033.56,8007
1701946800,2033.6,2034.43,2029.54,2032.58,7321
1701950400,2032.58,2033.44,2030.43,2033.18,7719
1701954000,2033.25,2039.92,2029.99,2037.17,20500
1701957600,2037.17,2037.51,2025.19,2026.32,22580
1701961200,2026.32,2031.31,2025.44,2029.3,21748
1701964800,2029.29,2030.81,2025.53,2026.45,15622
1701968400,2026.44,2031.3,2020.18,2028.82,19665
1701972000,2028.83,2031.96,2027.64,2030.35,13440
1701975600,2030.34,2031.02,2029.48,2029.93,5546
1701979200,2029.97,2031.33,2028.68,2029.35,5554
1701982800,2029.46,2029.55,2028.33,2028.52,2206
1701990000,2028.51,2028.87,2026.86,2028.04,3142
1701993600,2028.06,2033.09,2027.46,2031.04,10117
1701997200,2031.12,2033.13,2028.74,2032.31,15044
1702000800,2032.26,2033.62,2031.77,2032.52,7943
1702004400,2032.53,2034.05,2030.9,2032.47,6889
1702008000,2032.49,2032.49,2030.1,2031.47,4824
1702011600,2031.51,2031.88,2029.32,2030,6445
1702015200,2030.01,2031.14,2028.84,2030.38,6769
1702018800,2030.4,2031.39,2029.1,2030.98,9171
1702022400,2030.93,2031,2026.5,2028.21,12480
1702026000,2028.18,2029.17,2026.65,2028.64,10121
1702029600,2028.59,2032.32,2027.2,2029.79,11148
1702033200,2029.79,2030.95,2028.84,2029.97,7808
1702036800,2029.96,2030.09,2027.01,2027.58,7809
1702040400,2027.62,2028.87,2014.43,2018.62,26866
1702044000,2018.58,2019.32,2002.57,2008.76,33372
1702047600,2008.9,2014.9,2006.16,2008.95,26079
1702051200,2008.98,2009.67,2001.22,2002.23,17112
1702054800,2002.19,2002.65,1994.65,1997.17,16994
1702058400,1997.18,2000.8,1996.29,1999.36,9933
1702062000,1999.46,2001.37,1999.26,2000.7,7891
1702065600,2000.71,2003.51,2000.06,2002.84,6929
1702069200,2002.93,2005,2002.65,2004.07,3362
1702249200,2004.84,2007.6,2004.39,2007.07,4159
1702252800,2007.06,2007.72,2004.55,2004.83,5926
1702256400,2004.78,2004.96,2001.75,2002.14,11699
1702260000,2002.1,2002.78,1996.62,1998.16,8891
1702263600,1998.15,2000.28,1995.49,1996.88,7038
1702267200,1996.89,1997.1,1994.68,1996.71,4085
1702270800,1996.71,1999.93,1996.44,1998.8,5109
1702274400,1998.81,1999.45,1997.62,1998.84,6024
1702278000,1998.89,2000.51,1991.28,1992.79,10468
1702281600,1992.77,1997.87,1991.92,1996.08,11137
1702285200,1996.07,1997.02,1991.91,1993.41,8769
1702288800,1993.41,1994.74,1991.21,1993.01,7167
1702292400,1993.01,1996.42,1992.75,1996.28,7378
1702296000,1996.38,1996.75,1993.86,1995.08,7808
1702299600,1995.13,1995.74,1990.15,1993.68,16137
1702303200,1993.97,1994.39,1986.48,1986.78,19011
1702306800,1986.64,1988.15,1980.65,1982.36,16914
1702310400,1982.4,1984.29,1980.08,1981.57,13953
1702314000,1981.56,1982.77,1976.08,1976.68,10647
1702317600,1976.72,1982.5,1975.83,1981.55,11485
1702321200,1981.6,1983.05,1980.38,1981.55,7112
1702324800,1981.59,1982.12,1980.35,1980.83,4548
1702328400,1980.84,1981.84,1980.74,1981.77,1477
1702335600,1981.94,1984.27,1981.73,1982.92,3490
1702339200,1982.92,1989.57,1982.32,1985.63,6964
1702342800,1985.58,1986.24,1982.83,1983.22,9418
1702346400,1983.21,1983.64,1981.95,1982.21,6288
1702350000,1982.22,1986.31,1982.09,1985.48,5595
1702353600,1985.48,1986.44,1984.63,1985.65,3496
1702357200,1985.65,1987.84,1984.79,1987.52,5422
1702360800,1987.52,1988.74,1987.2,1987.72,4819
1702364400,1987.72,1989.03,1985.58,1988.12,7250
1702368000,1988.1,1988.3,1983.7,1983.76,8441
1702371600,1983.74,1986.04,1982.72,1985.87,7085
1702375200,1985.87,1988.2,1985.15,1986.23,6017
1702378800,1986.23,1988.43,1985.93,1988.43,6051
1702382400,1988.43,1989.07,1986.78,1988.29,6021
1702386000,1988.3,1996.67,1982.69,1984.47,26140
1702389600,1984.46,1989.77,1980.03,1981.92,24058
1702393200,1981.82,1984.55,1980.43,1981.61,16202
1702396800,1981.69,1983.69,1979.21,1980.97,11828
1702400400,1981.08,1981.37,1977.22,1977.73,10084
1702404000,1977.72,1980.71,1977.49,1978.99,9852
1702407600,1979,1981.08,1979,1980.26,5381
1702411200,1980.26,1980.48,1979.34,1979.53,4775
1702414800,1979.51,1980.04,1979.07,1979.41,2312
1702422000,1980.64,1982.79,1979.77,1982.45,2160
1702425600,1982.48,1982.5,1980.37,1980.76,3649
1702429200,1980.77,1981.6,1979.74,1980.06,6050
1702432800,1980.17,1980.35,1977.9,1979.39,4995
1702436400,1979.39,1980.16,1977.78,1977.99,3164
1702440000,1977.96,1979.99,1977.63,1978.23,3000
1702443600,1978.25,1979.68,1978.25,1978.74,3984
1702447200,1978.78,1978.89,1973.03,1974.35,7134
1702450800,1974.35,1980.49,1973.38,1979.23,8367
1702454400,1979.23,1982.3,1978.58,1980.3,8502
1702458000,1980.27,1982.62,1979.59,1982.51,5990
1702461600,1982.54,1983.28,1981.12,1983.23,5804
1702465200,1983.14,1983.64,1982.21,1982.85,4651
1702468800,1982.84,1982.94,1980.79,1981.42,5307
1702472400,1981.46,1986.75,1979.66,1984.46,15910
1702476000,1984.37,1986.14,1981.29,1981.93,15987
1702479600,1981.84,1983,1978.43,1981.88,15109
1702483200,1981.87,1983.77,1980.39,1981.38,10853
1702486800,1981.49,1983.55,1981.15,1982.09,7715
1702490400,1982.12,1982.9,1979.68,1981.96,7222
1702494000,1981.87,2017.42,1981.86,2013.64,36845
1702497600,2013.72,2024.37,2012.6,2023.93,19840
1702501200,2023.77,2027.77,2021.53,2027.3,7422
1702508400,2024.58,2033.04,2023.91,2032.74,7054
1702512000,2032.77,2039.26,2030.41,2037.99,11477
1702515600,2038.23,2038.23,2029.95,2032.44,16247
1702519200,2032.43,2034.74,2030.55,2032.71,10498
1702522800,2032.69,2034.89,2030.35,2031.01,11351
1702526400,2031,2032.07,2030.05,2031.22,7829
1702530000,2031.2,2036.04,2030.33,2035.2,9154
1702533600,2035.21,2037.47,2034.1,2035.41,9696
1702537200,2035.41,2036.7,2029.23,2032.73,15566
1702540800,2032.7,2040.33,2032.03,2036.48,18705
1702544400,2036.49,2038.82,2034.79,2036.65,12990
1702548000,2036.65,2036.73,2032.33,2034.01,9969
1702551600,2034.02,2035.2,2033.07,2035.02,8890
1702555200,2035.09,2039.21,2033.68,2038.85,11621
1702558800,2038.97,2039.21,2027.51,2037.22,27792
1702562400,2037.22,2047.87,2034.92,2043.11,28996
1702566000,2043.13,2046.88,2036.47,2040.3,25554
1702569600,2040.31,2041.52,2037.95,2039.47,17237
1702573200,2039.47,2039.62,2034.71,2036.13,12725
1702576800,2036.1,2036.16,2029.07,2031.13,13858
1702580400,2031.15,2033.76,2029.91,2033.25,8607
1702584000,2033.22,2036.69,2032.75,2036.36,7399
1702587600,2036.31,2036.68,2035.41,2036.38,3182
1702594800,2036.13,2038.61,2035.47,2035.48,4729
1702598400,2035.57,2036.26,2031.3,2032.76,7083
1702602000,2032.82,2033.74,2031.82,2032.23,7985
1702605600,2032.17,2037.5,2031.86,2036.13,7707
1702609200,2036.12,2036.59,2033.99,2035.79,5296
1702612800,2035.7,2037.37,2035.27,2036.64,4397
1702616400,2036.64,2037.22,2035.08,2035.28,5682
1702620000,2035.31,2036.31,2034.33,2036.07,5387
1702623600,2036.17,2039.13,2035.79,2037.87,8109
1702627200,2037.84,2040.55,2037.02,2040.06,10866
1702630800,2040.08,2044.16,2040.02,2042.63,10255
1702634400,2042.68,2044.33,2041.14,2042.55,6678
1702638000,2042.56,2043.48,2040.01,2041.67,6256
1702641600,2041.76,2044.87,2040.93,2041.07,7283
1702645200,2041.21,2044.11,2026.95,2031.38,24010
1702648800,2031.43,2036.45,2031.39,2033.3,26097
1702652400,2033.37,2038.62,2031.95,2035.13,20341
1702656000,2035.11,2036.38,2033.03,2033.88,13059
1702659600,2033.89,2034.46,2031.96,2032.73,8910
1702663200,2032.72,2033.76,2019.6,2019.68,13291
1702666800,2019.66,2020.05,2015.62,2019.17,10601
1702670400,2019.14,2021.6,2017.39,2018.03,8253
1702674000,2017.99,2019.76,2017.87,2018.46,3641
1702854000,2020.18,2020.79,2016.02,2017.39,3276
1702857600,2017.59,2020.49,2016.05,2020.06,6180
1702861200,2020.07,2023.5,2018.72,2019.3,9085
1702864800,2019.27,2023.34,2019,2021.82,5843
1702868400,2021.82,2024.1,2021.32,2022.81,4918
1702872000,2022.8,2023.28,2021.54,2023.12,2977
1702875600,2023.12,2024.58,2022.42,2023.13,3618
1702879200,2023.14,2024.81,2021.57,2023.21,5225
1702882800,2023.24,2024.34,2022.57,2023.14,6957
1702886400,2023.14,2026.2,2021.72,2024.41,11120
1702890000,2024.39,2027.31,2021.97,2022.97,9687
1702893600,2022.97,2024.87,2019.07,2019.29,7989
1702897200,2019.27,2022.61,2018.77,2021.99,6689
1702900800,2021.99,2024.14,2021.8,2023.57,6610
1702904400,2023.56,2026.16,2022.74,2025.91,11129
1702908000,2025.83,2026.91,2020.87,2024.23,13402
1702911600,2024.21,2025.21,2020.33,2022.27,12704
1702915200,2022.34,2024.63,2021.23,2022.29,7832
1702918800,2022.3,2033.52,2021.23,2033.51,7291
1702922400,2033.57,2033.67,2024.94,2026.51,8520
1702926000,2026.51,2027.81,2025.71,2026.28,5550
1702929600,2026.28,2026.97,2025.54,2026.5,5195
1702933200,2026.48,2027.4,2026.27,2027.18,2246
1702940400,2027.55,2027.9,2025.63,2027.59,2771
1702944000,2027.68,2029.34,2026.4,2027.21,4588
1702947600,2027.23,2028.05,2025.89,2026.09,5107
1702951200,2026.08,2026.53,2023.17,2024.58,6136
1702954800,2024.57,2025.64,2022.71,2023.32,5884
1702958400,2023.31,2024.37,2021.69,2024.16,3955
1702962000,2024.14,2025.21,2022.48,2024.08,4608
1702965600,2024.08,2026.47,2023.49,2024.87,7850
1702969200,2024.87,2026.39,2022.94,2024.81,10192
1702972800,2024.81,2028.43,2023.84,2027.09,8682
1702976400,2027.1,2027.43,2025.66,2026.27,5772
1702980000,2026.27,2027,2024.24,2025.64,4707
1702983600,2025.65,2027.21,2025.39,2026.51,4107
1702987200,2026.52,2030.05,2026.2,2029.44,9509
1702990800,2029.44,2032.59,2028.43,2030,13261
1702994400,2030.03,2042.2,2028.91,2041.42,16725
1702998000,2041.46,2045.41,2039.04,2041.82,17316
1703001600,2041.85,2046.96,2041.19,2044.37,11624
1703005200,2044.4,2045.46,2040.21,2040.38,8433
1703008800,2040.43,2040.88,2036.71,2039,7779
1703012400,2038.97,2039.63,2038.44,2039.53,4806
1703016000,2039.61,2040.42,2038.69,2040.22,5186
1703019600,2040.27,2040.6,2039.59,2040.2,2097
1703026800,2039.85,2041.56,2038.76,2040.83,3680
1703030400,2040.7,2041,2038.74,2039.23,5042
1703034000,2039.24,2039.94,2037.63,2038.17,7132
1703037600,2038.13,2040.41,2036.72,2040,5113
1703041200,2039.92,2040.95,2038.96,2040.44,3878
1703044800,2040.45,2041.01,2039.87,2040.51,3399
1703048400,2040.53,2041.39,2039.36,2041.26,3791
1703052000,2041.28,2042.4,2040.53,2041.14,5249
1703055600,2041.17,2043.46,2040.75,2042.3,8908
1703059200,2042.15,2042.15,2039.75,2041.02,7689
1703062800,2041.04,2042.49,2039.61,2039.98,5633
1703066400,2039.98,2040.37,2035.62,2035.95,5635
1703070000,2035.91,2035.93,2031.78,2033.53,7415
1703073600,2033.5,2036.33,2033.16,2034.02,8131
1703077200,2034.05,2036.5,2029.59,2036.39,12583
1703080800,2036.39,2039.82,2034.11,2038.03,16483
1703084400,2037.97,2038.7,2030.48,2032.5,17412
1703088000,2032.58,2035.32,2032.53,2034.77,10601
1703091600,2034.8,2035.27,2032.02,2034.71,8336
1703095200,2034.72,2036.65,2034.03,2036.25,7874
1703098800,2036.23,2037.13,2030.17,2032.42,9370
1703102400,2032.36,2033.84,2029.57,2029.76,12862
1703106000,2029.68,2031.99,2027.46,2031.33,5586
1703113200,2032.05,2033.2,2031.46,2032.15,2463
1703116800,2032.16,2034.11,2031.95,2033.68,3511
1703120400,2033.7,2035.96,2033.43,2035.45,6443
1703124000,2035.44,2037.42,2034.93,2036.95,5969
1703127600,2036.91,2037.65,2035.55,2037.4,3747
1703131200,2037.39,2037.88,2036.16,2036.28,2947
1703134800,2036.26,2038.15,2034.93,2036.12,4010
1703138400,2036.2,2037.08,2034.36,2036.9,4317
1703142000,2036.95,2037.36,2033.97,2034.98,6803
1703145600,2034.98,2037.22,2034.88,2036.43,6746
1703149200,2036.51,2037.09,2034.75,2035.43,5919
1703152800,2035.43,2036.13,2033.07,2034.08,5718
1703156400,2034.01,2035.4,2033.88,2034.06,5772
1703160000,2034.12,2039.42,2033.31,2038.01,6995
1703163600,2037.98,2046,2031.76,2041.34,18898
1703167200,2041.57,2046.05,2036.99,2042.05,20582
1703170800,2041.98,2042.89,2036.68,2041.55,19039
1703174400,2041.57,2044.72,2041.04,2041.71,12370
1703178000,2041.66,2043.85,2040.38,2041.01,10255
1703181600,2041.03,2041.73,2037.55,2039.04,9129
1703185200,2039.07,2045.06,2039.07,2043.89,6319
1703188800,2043.89,2045.14,2043.09,2044.14,5642
1703192400,2044.14,2045.97,2043.92,2045.76,2486
1703199600,2048.88,2055,2046.78,2052.74,5175
1703203200,2052.75,2053.85,2047.03,2048.09,7003
1703206800,2048.15,2051.29,2046.82,2048.68,9483
1703210400,2048.7,2050.82,2047.95,2050.17,7484
1703214000,2050.14,2051.22,2047.17,2048.24,6507
1703217600,2048.25,2050.72,2048.12,2049.59,4467
1703221200,2049.66,2049.73,2047.67,2048.32,6496
1703224800,2048.31,2049.11,2047.08,2047.67,5034
1703228400,2047.67,2050.85,2047.47,2050,7481
1703232000,2050.08,2052.11,2049.65,2051.44,7703
1703235600,2051.46,2054.56,2051.46,2053.46,6358
1703239200,2053.45,2057.21,2053.4,2055.74,4953
1703242800,2055.74,2062.96,2055.26,2060.69,10057
1703246400,2060.75,2066.07,2059.42,2060.12,12686
1703250000,2060.18,2069.25,2057.65,2067.29,20499
1703253600,2067.26,2070.05,2064.05,2068.41,17851
1703257200,2068.45,2070.6,2059.42,2060.79,17970
1703260800,2060.78,2062.23,2051.11,2053.31,16094
1703264400,2053.24,2055.73,2052.26,2055.44,10963
1703268000,2055.45,2058.06,2054.75,2057.24,8810
1703271600,2057.31,2057.31,2051.72,2053.97,8384
1703275200,2053.96,2054.04,2052.11,2053.23,6547
1703278800,2053.28,2053.69,2052.55,2052.76,1778
1703545200,2053.22,2057.93,2052.91,2054.85,2534
1703548800,2054.89,2055.2,2053.43,2054.95,3027
1703552400,2054.94,2064.06,2054.79,2063.48,6576
1703556000,2063.46,2065.11,2062.02,2064.75,6484
1703559600,2064.75,2064.96,2063.59,2063.95,4936
1703563200,2063.95,2064.55,2063.57,2064.05,2512
1703566800,2064.07,2064.45,2061.37,2062.78,5316
1703570400,2062.78,2065.02,2062.17,2064.03,4764
1703574000,2064.07,2064.73,2062.85,2064.27,4921
1703577600,2064.22,2064.66,2061.22,2061.4,4925
1703581200,2061.39,2063.09,2060.54,2061.85,3991
1703584800,2061.84,2063.8,2061.84,2063.79,3525
1703588400,2063.79,2064.12,2062.88,2063.55,3668
1703592000,2063.61,2063.67,2061.24,2061.81,3596
1703595600,2061.7,2063.87,2058.76,2058.76,8708
1703599200,2058.72,2061.89,2054.51,2057.08,11308
1703602800,2057.08,2059.88,2056.17,2056.77,8764
1703606400,2056.78,2059.82,2056.52,2059.51,8305
1703610000,2059.56,2059.65,2057.03,2057.68,6482
1703613600,2057.7,2059.92,2057.32,2058.31,7933
1703617200,2058.34,2062.08,2058.32,2061.68,6835
1703620800,2061.72,2068.62,2061.59,2068.39,6887
1703624400,2068.2,2069.06,2066.11,2067.58,3067
1703631600,2068.32,2068.45,2066.01,2066.14,2039
1703635200,2066.18,2066.44,2063.94,2065.56,4393
1703638800,2065.54,2067.85,2064.92,2066.69,7078
1703642400,2066.73,2067.24,2064.79,2065.31,4796
1703646000,2065.27,2066.5,2064.39,2064.54,3946
1703649600,2064.54,2065.96,2064.09,2065.82,2283
1703653200,2065.76,2066.19,2064.38,2064.63,4245
1703656800,2064.62,2067.41,2064.37,2065.06,5052
1703660400,2065.06,2066.44,2064.75,2065.99,5690
1703664000,2066.01,2068.32,2065.77,2067.34,7265
1703667600,2067.33,2069.28,2067.25,2068.32,4807
1703671200,2068.33,2068.66,2061.45,2064.71,6526
1703674800,2064.71,2068.8,2064.61,2068.15,5378
1703678400,2068.2,2070.31,2064.34,2067.67,7324
1703682000,2067.63,2069.68,2066.12,2068.27,10730
1703685600,2068.31,2071.64,2066.6,2070.23,11419
1703689200,2070.2,2081.87,2068.94,2078.88,17233
1703692800,2078.83,2082.41,2076.64,2081.65,11171
1703696400,2081.66,2082.48,2079.49,2081.86,6890
1703700000,2081.85,2084.44,2075.89,2078.45,9554
1703703600,2078.45,2078.78,2076.07,2077.5,6629
1703707200,2077.51,2078.22,2076.44,2078.13,5052
1703710800,2078.13,2078.46,2076.78,2077.6,2890
1703718000,2078.02,2079.88,2077.1,2079.54,2525
1703721600,2079.58,2081.15,2079.23,2079.74,5075
1703725200,2079.7,2087.8,2079.6,2086.98,8778
1703728800,2087,2088.43,2085.5,2088,7180
1703732400,2087.97,2088.4,2085.91,2087.26,5668
1703736000,2087.22,2087.26,2085.83,2086.52,4623
1703739600,2086.52,2087.54,2084.63,2085.79,5685
1703743200,2085.79,2086.85,2084.26,2085.79,6876
1703746800,2085.8,2087.54,2084.02,2086.11,7165
1703750400,2086.13,2086.42,2076.62,2077.44,11155
1703754000,2077.52,2078.15,2072.72,2076.99,9572
1703757600,2076.98,2079.28,2074.77,2077.24,6816
1703761200,2077.24,2078.52,2075.03,2075.47,5898
1703764800,2075.46,2076.74,2071.31,2076.5,7180
1703768400,2076.51,2078.98,2071.95,2072.98,13281
1703772000,2072.98,2079.39,2072.09,2078.9,14933
1703775600,2078.9,2081.15,2075.62,2077.21,17804
1703779200,2077.17,2077.33,2073.13,2074.18,13091
1703782800,2074.22,2076.12,2072.08,2074.8,8853
1703786400,2074.82,2075.48,2071.41,2072.74,10617
1703790000,2072.76,2073.15,2065.97,2068.05,7845
1703793600,2068.07,2068.86,2065.95,2066.46,8013
1703797200,2066.57,2067.01,2064.62,2065.38,3427
1703804400,2066.45,2067.14,2065.69,2066.72,2021
1703808000,2066.65,2067.84,2066.03,2066.85,4999
1703811600,2066.83,2071.37,2066.67,2070.71,9890
1703815200,2070.71,2071.26,2068.27,2068.64,6609
1703818800,2068.6,2070.49,2067.7,2069.48,4897
1703822400,2069.45,2070.64,2068.87,2069.98,3016
1703826000,2069.99,2072.28,2069.76,2072.22,4268
1703829600,2072.23,2073.1,2071.79,2072.75,5528
1703833200,2072.79,2074.75,2071.82,2071.9,5451
1703836800,2072.11,2073.43,2068.7,2068.73,7298
1703840400,2068.74,2069.75,2065.43,2065.58,7227
1703844000,2065.55,2065.81,2061.81,2064.79,8468
1703847600,2064.75,2068.34,2064.75,2067.77,6636
1703851200,2067.85,2068.86,2064.49,2065.39,7446
1703854800,2065.35,2066.24,2058.2,2059.13,11507
1703858400,2059.14,2065.27,2058.5,2062.99,15713
1703862000,2062.93,2066.06,2061.71,2064.82,17916
1703865600,2064.79,2067.96,2063.39,2066.1,16442
1703869200,2066.05,2068.12,2064.47,2066.55,9864
1703872800,2066.55,2066.55,2061.08,2064.85,11212
1703876400,2065.11,2067.8,2064.05,2067.33,5546
1703880000,2067.31,2067.4,2062.63,2063.16,5447
1703883600,2063.36,2063.61,2062.6,2062.9,1786
1704150000,2063.99,2066.43,2063.08,2063.64,3293
1704153600,2063.63,2065.88,2062.25,2065.44,4257
1704157200,2065.35,2069.9,2064.87,2066.55,9107
1704160800,2066.54,2068.45,2063.95,2067.88,6327
1704164400,2067.88,2070.38,2066.45,2069.63,4950
1704168000,2069.65,2070.66,2068.92,2069.68,3356
1704171600,2069.75,2074.97,2069.52,2074.54,5524
1704175200,2074.63,2076.8,2072.95,2074.2,6751
1704178800,2074.16,2076.4,2073.15,2073.17,9115
1704182400,2073.19,2074.53,2071.82,2073.3,10080
1704186000,2073.3,2078.87,2073.26,2077.02,8805
1704189600,2077.03,2077.76,2073.52,2076.01,7670
1704193200,2075.97,2076.18,2068.27,2069.23,11358
1704196800,2069.23,2069.46,2065.05,2067.91,10664
1704200400,2067.91,2071.08,2064.85,2066.28,15723
1704204000,2066.36,2070.45,2062.16,2070.43,20504
1704207600,2070.38,2070.73,2055.82,2059.31,22883
1704211200,2059.33,2067.59,2059.13,2066.08,15802
1704214800,2066.07,2066.95,2061.84,2062.68,9899
1704218400,2062.69,2064.93,2060.56,2061.15,7833
1704222000,2061.16,2062.16,2060.43,2060.89,5748
1704225600,2060.93,2061.61,2057.99,2058.19,6575
1704229200,2058.41,2059.29,2058.05,2058.98,2891
1704236400,2058.85,2059.95,2058.56,2059.51,2284
1704240000,2059.52,2062.16,2059.16,2060.2,4468
1704243600,2060.22,2062.59,2059.55,2062.41,8478
1704247200,2062.48,2065.15,2061.6,2064.76,5985
1704250800,2064.72,2065.57,2063.25,2065.15,5216
1704254400,2065.14,2065.57,2064.41,2064.79,2847
1704258000,2064.76,2065.93,2063.48,2064.16,5255
1704261600,2064.16,2065.46,2063.45,2064.36,5320
1704265200,2064.31,2064.33,2060.71,2062.98,8889
1704268800,2062.95,2064.32,2058.83,2060.04,10599
1704272400,2060.12,2060.57,2054.26,2056.82,10205
1704276000,2056.85,2057.15,2052.69,2054.91,8244
1704279600,2054.88,2055.63,2046.65,2047.57,10030
1704283200,2047.57,2048.38,2041.79,2045.71,13726
1704286800,2045.63,2047.97,2038.71,2041.05,18926
1704290400,2041.11,2042.33,2031.71,2037.82,22113
1704294000,2035.69,2048.77,2031.84,2032.54,29496
1704297600,2032.56,2036.08,2031.37,2032.39,19130
1704301200,2032.46,2033.78,2030.67,2033.36,13523
1704304800,2033.37,2036.29,2032.91,2035.75,9479
1704308400,2035.64,2042.32,2030.59,2036.64,20223
1704312000,2036.59,2042.29,2036.49,2040.99,11193
1704315600,2041.17,2041.83,2040.36,2041.38,2961
1704322800,2042.22,2043.8,2040.47,2042.93,2812
1704326400,2042.91,2043.17,2041.56,2042.14,4415
1704330000,2042.2,2043.24,2040.09,2042.23,8446
1704333600,2042.19,2044.72,2042.19,2044.64,7016
1704337200,2044.64,2046.92,2044.16,2044.64,4695
1704340800,2044.58,2044.6,2042.42,2043.06,4847
1704344400,2043.04,2044.3,2042.38,2043.8,5253
1704348000,2043.8,2048.59,2043.66,2047.26,8713
1704351600,2047.21,2049.52,2046.49,2047.68,10019
1704355200,2047.72,2048.71,2045.39,2046.73,10665
1704358800,2046.71,2050.93,2046.28,2048.02,11264
1704362400,2047.96,2050.84,2046.64,2047.99,9257
1704366000,2047.96,2048.42,2044.93,2045.15,8112
1704369600,2045.14,2046.25,2043.29,2046,7900
1704373200,2046.09,2047.26,2038.8,2040.26,18070
1704376800,2040.29,2042.61,2036.23,2039.37,16656
1704380400,2039.4,2047.74,2039.09,2045.09,20082
1704384000,2045.15,2046.73,2044.12,2044.7,14914
1704387600,2044.74,2045,2040.82,2043.26,10825
1704391200,2043.26,2044.04,2041.52,2043.14,6702
1704394800,2043.13,2044.84,2042.46,2044.34,5730
1704398400,2044.31,2044.79,2043.07,2043.08,5806
1704402000,2043.12,2044.33,2043.07,2043.36,2906
1704409200,2043.47,2044.68,2042.72,2044.18,3066
1704412800,2044.19,2044.71,2043.23,2044.29,4463
1704416400,2044.31,2048.25,2044.03,2046.12,9564
1704420000,2046.11,2047.83,2045.69,2046.13,5252
1704423600,2046.14,2046.42,2044.77,2045.35,4806
1704427200,2045.35,2046.37,2044.51,2044.61,2932
1704430800,2044.61,2045.2,2043.13,2044.46,4515
1704434400,2044.48,2045.08,2040.86,2042.51,6750
1704438000,2042.45,2047.02,2042.1,2043.14,8988
1704441600,2043.14,2044.42,2041.4,2042.43,9229
1704445200,2042.41,2043.73,2038.45,2038.88,9671
1704448800,2038.94,2040.27,2037.37,2040.02,8391
1704452400,2040.02,2040.33,2037.13,2039.25,6100
1704456000,2039.25,2040.97,2038.42,2040.2,7049
1704459600,2040.19,2041.96,2024.39,2039.92,29161
1704463200,2039.94,2049.22,2038.75,2046.76,31365
1704466800,2046.77,2063.98,2046.77,2054.8,35905
1704470400,2054.84,2056.24,2044.11,2045.05,21213
1704474000,2045.05,2045.45,2040.43,2041.97,17053
1704477600,2041.97,2048.5,2040.51,2048.17,12595
1704481200,2048.2,2050.33,2044.94,2045.74,9266
1704484800,2045.71,2045.76,2042.87,2043.62,7506
1704488400,2043.83,2046.15,2043.83,2045.07,3308
1704668400,2044.71,2045.58,2042.93,2044.25,3051
1704672000,2044.27,2046.26,2043.76,2046,3186
1704675600,2045.83,2046.58,2042.85,2043.74,9617
1704679200,2043.67,2043.75,2041.19,2041.27,8288
1704682800,2041.27,2041.45,2035.07,2036.07,8687
1704686400,2036.15,2037.59,2035.61,2035.75,6234
1704690000,2035.73,2036.11,2026.97,2030.78,9645
1704693600,2030.69,2033.29,2030.35,2032.92,8710
1704697200,2032.92,2033.2,2028.64,2031.38,10358
1704700800,2031.24,2031.78,2027.33,2028.28,14033
1704704400,2028.28,2031.74,2026.49,2029.06,11366
1704708000,2029.08,2029.52,2026.97,2027.59,8698
1704711600,2027.59,2027.89,2016.77,2020.08,11909
1704715200,2020.06,2024.88,2018.93,2024.64,10690
1704718800,2024.63,2025.46,2018.44,2018.99,19178
1704722400,2018.95,2027.18,2018.5,2026.41,20256
1704726000,2026.37,2034.88,2025.5,2034.26,18897
1704729600,2034.3,2036.88,2031.37,2032.18,14764
1704733200,2032.2,2033.06,2027.09,2027.66,10268
1704736800,2027.59,2028.27,2026.37,2026.55,8593
1704740400,2026.53,2029.57,2026.53,2029.35,6125
1704744000,2029.35,2029.81,2026.11,2027.19,7954
1704747600,2027.17,2028.75,2027.1,2027.99,2803
1704754800,2028.05,2030.85,2027.9,2030.65,2368
1704758400,2030.61,2034.93,2030.61,2034.33,5928
1704762000,2034.33,2035.6,2031.14,2032.25,8129
1704765600,2032.25,2035.87,2032.15,2034.14,6336
1704769200,2034.15,2034.9,2033.01,2033.61,4515
1704772800,2033.61,2034.87,2032.23,2032.82,4244
1704776400,2032.93,2033.49,2030.32,2032.79,4716
1704780000,2032.76,2035.18,2031.11,2033.16,6187
1704783600,2033.16,2037.19,2032.18,2036.01,8744
1704787200,2036.1,2038.18,2031.29,2034.27,12027
1704790800,2034.23,2037.01,2033.14,2035.41,8955
1704794400,2035.41,2038.51,2034.8,2035.4,8433
1704798000,2035.43,2035.71,2033.69,2034.98,7492
1704801600,2034.97,2036.33,2033.93,2036.3,7820
1704805200,2036.4,2041.97,2031.68,2038.65,18085
1704808800,2038.64,2040.13,2033.92,2034.73,20129
1704812400,2034.64,2035.65,2028.76,2028.81,17611
1704816000,2028.83,2031.6,2026.04,2031.22,14634
1704819600,2031.2,2032.02,2027.06,2027.68,10098
1704823200,2027.59,2029.61,2026.8,2029.19,10690
1704826800,2029.21,2030.03,2027.8,2028.84,5149
1704830400,2028.96,2031.14,2028.31,2028.37,5397
1704834000,2028.7,2030.3,2028.54,2030.22,2258
1704841200,2030.58,2031.21,2028.34,2030.73,3531
1704844800,2030.75,2031.18,2029.61,2030.2,3835
1704848400,2030.18,2032.48,2027.2,2031.78,8781
1704852000,2031.76,2032.85,2030.33,2031.86,6328
1704855600,2031.79,2031.95,2028.14,2028.91,5844
1704859200,2028.91,2030.67,2028.47,2029.8,3553
1704862800,2029.81,2030.18,2025.47,2026.61,6029
1704866400,2026.61,2026.98,2023.88,2024.59,6662
1704870000,2024.61,2031.64,2024.33,2030.95,9747
1704873600,2031.04,2035.97,2030.24,2035.29,12531
1704877200,2035.28,2036.14,2034.64,2035.72,8300
1704880800,2035.7,2040.17,2034.55,2034.79,7831
1704884400,2034.84,2035.3,2032.76,2034.08,6034
1704888000,2034.07,2035.63,2031.33,2031.5,7802
1704891600,2031.51,2034.05,2030.04,2030.29,13435
1704895200,2030.25,2033.62,2026.42,2027.42,17034
1704898800,2027.32,2029.75,2024.78,2027.84,18289
1704902400,2027.94,2028.51,2024.72,2027.05,12501
1704906000,2027.06,2027.76,2022.33,2024.04,9833
1704909600,2024.03,2024.48,2021.33,2023.68,9548
1704913200,2023.71,2024.49,2020.45,2024.02,6365
1704916800,2024.01,2025.03,2021.84,2023.56,8497
1704920400,2023.54,2024.49,2023.33,2024.38,2577
1704927600,2024.02,2027.93,2023.95,2026.81,3283
1704931200,2026.87,2028.42,2026.62,2027.81,3972
1704934800,2027.84,2030.41,2027.05,2029.72,7489
1704938400,2029.7,2031.94,2028.86,2029.74,6132
1704942000,2029.75,2031.1,2028.78,2030.91,4499
1704945600,2030.9,2032.25,2030.9,2032.03,3316
1704949200,2032.07,2034.67,2031.12,2032.95,5516
1704952800,2032.95,2035.11,2032.15,2034.02,5967
1704956400,2033.95,2035.66,2033.62,2033.94,6323
1704960000,2033.89,2034.1,2030.42,2030.86,9231
1704963600,2030.81,2032.44,2030.16,2031.34,6862
1704967200,2031.47,2032.73,2030.5,2032.07,5494
1704970800,2032.04,2034.37,2031.38,2034.31,6516
1704974400,2034.39,2035.03,2031.63,2032.37,7540
1704978000,2032.38,2039.65,2025.08,2029.42,29947
1704981600,2029.48,2034.93,2024.86,2029.73,32959
1704985200,2029.67,2033.03,2025.21,2028.99,28997
1704988800,2029.04,2029.65,2013.68,2016.72,24295
1704992400,2016.73,2018.49,2013.31,2014.38,15396
1704996000,2014.33,2017.05,2013.84,2017.04,12071
1704999600,2017.04,2027.45,2017.04,2026.5,11943
1705003200,2026.53,2028.59,2023.53,2027.55,9901
1705006800,2027.68,2029.68,2027.41,2028.61,3988
1705014000,2029.12,2035.53,2028.68,2035.24,4597
1705017600,2035.15,2035.38,2030.34,2031.1,7636
1705021200,2031.12,2034.67,2030.06,2033.84,11471
1705024800,2033.85,2035.25,2033.21,2033.99,8335
1705028400,2033.97,2035.6,2033.7,2033.9,6342
1705032000,2033.88,2035,2032.81,2034.69,4972
1705035600,2034.7,2037.09,2033.72,2035.97,6586
1705039200,2036,2036.82,2034.89,2035.2,5877
1705042800,2035.19,2039.32,2034.17,2037.57,8590
1705046400,2037.55,2039.78,2037.03,2038.71,10000
1705050000,2038.66,2040.06,2037.85,2038.1,7492
1705053600,2038.13,2046.16,2038.04,2045.92,8050
1705057200,2045.98,2047.39,2044.14,2045.42,9749
1705060800,2045.43,2053.73,2045.43,2047.8,13173
1705064400,2047.82,2056.64,2044.44,2056.15,26598
1705068000,2056.1,2062.22,2053.32,2055.94,27268
1705071600,2055.9,2060.13,2050.94,2053.65,23865
1705075200,2053.66,2055.55,2048.25,2048.29,19506
1705078800,2048.12,2048.59,2041.46,2043.88,17024
1705082400,2043.89,2048.66,2042.96,2047.48,10974
1705086000,2047.38,2049.15,2046.2,2047.32,7472
1705089600,2047.34,2047.66,2046.06,2047.5,5365
1705093200,2047.39,2049.18,2046.91,2048.79,3674
1705273200,2047.24,2048.72,2046.36,2047.63,3553
1705276800,2047.62,2048.46,2045.82,2047.91,4854
1705280400,2047.92,2051.37,2047.45,2051.01,8592
1705284000,2051.08,2056.45,2049.85,2056.42,8689
1705287600,2056.36,2058.1,2055.51,2057.38,6052
1705291200,2057.42,2057.61,2053.55,2054.33,3692
1705294800,2054.33,2055.58,2053.01,2055.11,4081
1705298400,2055.11,2057.03,2053.84,2055.35,5675
1705302000,2055.39,2055.92,2052.86,2054.25,7591
1705305600,2054.32,2058.59,2053.83,2056.67,7486
1705309200,2056.61,2057.03,2052.92,2054.99,6980
1705312800,2055.07,2055.11,2052.13,2052.98,5865
1705316400,2053.07,2053.75,2051.55,2053.29,5088
1705320000,2053.29,2053.66,2051.36,2052.71,5647
1705323600,2052.83,2054.24,2052.12,2054.17,6965
1705327200,2054.21,2054.4,2051.63,2052.14,6888
1705330800,2052.13,2053.84,2049.25,2053.25,7732
1705334400,2053.26,2054.98,2053.2,2054.06,5642
1705338000,2054.05,2056.37,2053.62,2055.4,3846
1705341600,2055.45,2055.45,2054.37,2054.45,965
1705345200,2054.45,2054.85,2053.63,2054.66,555
1705359600,2055.24,2055.55,2053.33,2053.96,3620
1705363200,2054.07,2054.46,2050.73,2051.34,5799
1705366800,2051.32,2053.34,2049.93,2050.83,9375
1705370400,2050.82,2051.43,2049.72,2050.54,6066
1705374000,2050.53,2051.64,2048.37,2049.46,5712
1705377600,2049.42,2050.06,2048.96,2049.41,3197
1705381200,2049.41,2049.52,2047.57,2048.56,5748
1705384800,2048.54,2050.54,2047.4,2050.5,5460
1705388400,2050.49,2050.87,2048.13,2049.41,8314
1705392000,2049.37,2050.13,2042.17,2043.14,14865
1705395600,2043.13,2043.92,2038.7,2041.22,13032
1705399200,2041.19,2042.42,2039.24,2041.03,9692
1705402800,2041.03,2041.13,2038.3,2039.87,8555
1705406400,2039.82,2040.02,2035.61,2038.49,10037
1705410000,2038.45,2044.96,2031.37,2037.63,23790
1705413600,2037.56,2042.62,2036.91,2038.2,21474
1705417200,2038.12,2042.05,2037.38,2041.13,19781
1705420800,2041.14,2041.31,2032.49,2033.49,28487
1705424400,2033.48,2033.83,2024.95,2025.32,17728
1705428000,2025.34,2028.93,2024.26,2025.09,12099
1705431600,2025.11,2030.16,2024.95,2029.28,8189
1705435200,2029.32,2029.81,2027.85,2028.33,5441
1705438800,2028.32,2028.55,2027.17,2028.26,2730
1705446000,2028,2028.3,2025.91,2028.08,3458
1705449600,2028.08,2028.85,2025.64,2028.51,5307
1705453200,2028.5,2030.72,2026.67,2030.25,9265
1705456800,2030.23,2032.95,2027.08,2028.93,8349
1705460400,2028.93,2029.16,2023.44,2024.02,6953
1705464000,2023.99,2025.82,2023.37,2025.44,4749
1705467600,2025.41,2025.45,2019.36,2020.67,9149
1705471200,2020.7,2020.81,2017.68,2019.19,10017
1705474800,2019.24,2026.12,2017.86,2025.74,12257
1705478400,2025.61,2026.56,2021.29,2021.44,10511
1705482000,2021.44,2024.27,2019.03,2023.81,9060
1705485600,2023.61,2028.33,2022.77,2026.09,9629
1705489200,2026.18,2026.73,2023.71,2023.89,6992
1705492800,2023.95,2029.03,2023.73,2028.35,10276
1705496400,2028.46,2028.66,2018.84,2022.41,21369
1705500000,2022.43,2023.1,2011.42,2012.14,22426
1705503600,2012.04,2014.05,2006.14,2008.86,23626
1705507200,2008.84,2011.92,2004.25,2005.47,15669
1705510800,2005.59,2008.05,2003.41,2007.04,11480
1705514400,2007.1,2007.23,2001.79,2004.74,11009
1705518000,2004.8,2006.87,2004.38,2005.53,8335
1705521600,2005.55,2006.87,2004.78,2006.11,7005
1705525200,2006.17,2006.42,2005.34,2006.19,3171
1705532400,2006.56,2009.75,2006.44,2009.48,3337
1705536000,2009.51,2010.89,2008.25,2010.8,6057
1705539600,2010.76,2012.02,2009.34,2011.56,10763
1705543200,2011.58,2011.84,2007.48,2007.61,6955
1705546800,2007.61,2009.13,2006.44,2008.05,6228
1705550400,2008.03,2009.21,2007.91,2008.06,3166
1705554000,2008.04,2009.42,2005.76,2009.23,6048
1705557600,2009.29,2013.02,2008.89,2012.69,8198
1705561200,2012.55,2014.13,2011.02,2012.38,8068
1705564800,2012.37,2012.38,2009.61,2009.74,9340
1705568400,2009.55,2012.95,2008.15,2010.14,9105
1705572000,2010.15,2012.17,2009.18,2011.61,6687
1705575600,2011.56,2013.46,2010.79,2012.56,6745
1705579200,2012.57,2017.23,2012.57,2014.98,10031
1705582800,2014.88,2014.88,2007.05,2009.06,18282
1705586400,2009.12,2013.66,2009.06,2012.82,20076
1705590000,2012.84,2015.64,2011.62,2013.61,17437
1705593600,2013.6,2017.73,2013.08,2014.86,13220
1705597200,2014.88,2016.39,2013.21,2016.35,10207
1705600800,2016.44,2021.09,2015.58,2020.54,9773
1705604400,2020.5,2020.65,2018.37,2019.75,6709
1705608000,2019.76,2022.68,2019.76,2022.25,5755
1705611600,2022.31,2023.32,2021.87,2023.03,2432
1705618800,2023.84,2024.43,2021.17,2023.77,4647
1705622400,2023.76,2024.23,2022.59,2023.11,5952
1705626000,2023.12,2025.47,2022.04,2023.98,10422
1705629600,2023.94,2024.99,2022.55,2024,7673
1705633200,2024,2024.21,2021.94,2022.85,4263
1705636800,2022.83,2022.86,2020.63,2021.01,3261
1705640400,2021.01,2021.88,2020.34,2021.58,5560
1705644000,2021.58,2024.23,2020.83,2023.81,6651
1705647600,2023.79,2029.61,2023.63,2027.97,9368
1705651200,2027.94,2030.11,2026.17,2029.68,8771
1705654800,2029.69,2030.86,2027.64,2029.78,6812
1705658400,2029.82,2030.93,2028.9,2030.36,4851
1705662000,2030.46,2031.95,2028.75,2031.61,5263
1705665600,2031.59,2035.18,2031.59,2032.81,7485
1705669200,2032.82,2039.41,2032.59,2035.33,15751
1705672800,2035.36,2035.75,2026.39,2029.5,16348
1705676400,2029.5,2031.99,2023.13,2027.7,23590
1705680000,2027.7,2029.51,2023.31,2024.85,13865
1705683600,2024.85,2029.1,2024.41,2029.06,10525
1705687200,2029.08,2029.43,2026.45,2027.87,7531
1705690800,2027.91,2029.43,2027.54,2029.17,4912
1705694400,2029.17,2029.55,2027.75,2028.36,4508
1705698000,2028.35,2030,2028.14,2029.35,3125
1705878000,2028.94,2029.1,2026.94,2027.55,3255
1705881600,2027.53,2029.27,2025.45,2029.02,5585
1705885200,2029.08,2032.12,2028.72,2029.09,9595
1705888800,2029.09,2030,2028.34,2029.76,5096
1705892400,2029.75,2029.79,2026.01,2026.94,4659
1705896000,2026.95,2027.1,2024.68,2025.41,3882
1705899600,2025.37,2025.47,2021.82,2023.22,7825
1705903200,2023.21,2024.43,2020.05,2020.91,9843
1705906800,2020.87,2024.27,2019.11,2021.82,9965
1705910400,2021.74,2026.3,2020.4,2022.23,9705
1705914000,2022.19,2023.96,2020.57,2021.69,6637
1705917600,2021.61,2024.55,2021.06,2022.9,5840
1705921200,2022.84,2026.55,2022.26,2026.15,6888
1705924800,2026.12,2030.11,2025.24,2029.73,9172
1705928400,2029.66,2029.74,2021.25,2023.18,16261
1705932000,2023.14,2023.99,2016.48,2022.66,18177
1705935600,2022.6,2026.54,2020.69,2024.12,15804
1705939200,2024.13,2024.23,2021.48,2023.66,9814
1705942800,2023.75,2024.59,2021.37,2021.54,6887
1705946400,2021.54,2021.88,2019.76,2021.32,6261
1705950000,2021.3,2021.58,2019.1,2021,4867
1705953600,2021.01,2021.05,2019.2,2020.84,4304
1705957200,2020.84,2021.76,2020.19,2021.69,2496
1705964400,2021.38,2021.89,2020.44,2020.68,1783
1705968000,2020.73,2023.18,2020.73,2022.87,3188
1705971600,2022.87,2023,2019.58,2021.75,7293
1705975200,2021.75,2024.13,2020.78,2022.58,7112
1705978800,2022.65,2027.97,2021.71,2027.5,8228
1705982400,2027.37,2027.89,2026.71,2027.65,4450
1705986000,2027.67,2031.68,2027.27,2030.85,7790
1705989600,2030.88,2035.94,2029.13,2035.05,9964
1705993200,2035.21,2037.89,2027.7,2031.65,13492
1705996800,2031.63,2031.73,2027.73,2028.89,9375
1706000400,2028.82,2030.59,2027.05,2028.73,7749
1706004000,2028.57,2028.61,2024.75,2025.11,7070
1706007600,2025.1,2026.17,2022.41,2023.96,7596
1706011200,2023.97,2026.92,2023.21,2025.74,7537
1706014800,2025.97,2030.31,2023.3,2024.93,12339
1706018400,2024.92,2026.11,2021.41,2023.15,16086
1706022000,2023.26,2026.74,2022.91,2025.17,15295
1706025600,2025.16,2027.74,2023.31,2025.77,10932
1706029200,2025.78,2026.08,2022.64,2024.31,6929
1706032800,2024.31,2025.77,2022.98,2025.25,6031
1706036400,2025.29,2030.71,2024.81,2029.88,6580
1706040000,2029.91,2030.26,2028.16,2028.66,4450
1706043600,2028.62,2029.29,2027.83,2029.23,2415
1706050800,2028.58,2029.58,2027.31,2029.25,3252
1706054400,2029.25,2029.25,2026.96,2027.37,4139
1706058000,2027.32,2028.97,2026.44,2027.22,7170
1706061600,2027.23,2027.51,2023.95,2024.17,4981
1706065200,2024.16,2025.73,2023.75,2024.79,5385
1706068800,2024.76,2025.73,2024.01,2024.47,3350
1706072400,2024.46,2025.68,2022.82,2024.5,5700
1706076000,2024.5,2027.88,2023.74,2026,6618
1706079600,2025.98,2031.64,2025.76,2029.53,9200
1706083200,2029.53,2032.18,2028.18,2030.93,11303
1706086800,2030.77,2034.09,2029.94,2030.87,8923
1706090400,2030.87,2033.1,2029.33,2032.84,6368
1706094000,2033,2034.28,2030.84,2033.48,6133
1706097600,2033.45,2034.38,2031.63,2032.65,8131
1706101200,2032.57,2036.65,2031.25,2033.97,20272
1706104800,2033.97,2034.72,2022.62,2024.67,21771
1706108400,2024.69,2025.39,2014.94,2015.3,23814
1706112000,2015.29,2016.29,2011.88,2015.29,15893
1706115600,2015.33,2019.78,2015.3,2019.26,10738
1706119200,2019.26,2019.83,2013.37,2015.04,11306
1706122800,2015.01,2015.26,2011.2,2012.13,6916
1706126400,2012.14,2013.81,2011.77,2012.26,5540
1706130000,2012.28,2014.64,2012.09,2013.59,3395
1706137200,2014.73,2017.58,2014.73,2016.31,4143
1706140800,2016.34,2016.75,2014.84,2015.47,5914
1706144400,2015.47,2017.27,2014.5,2016.4,8653
1706148000,2016.4,2016.92,2014.6,2015.17,6397
1706151600,2015.18,2016.79,2015.07,2015.76,4310
1706155200,2015.76,2016.38,2014.83,2015.67,2918
1706158800,2015.66,2016.59,2014.77,2015.53,4246
1706162400,2015.6,2016.59,2014.53,2015.77,5208
1706166000,2015.79,2018.28,2013.52,2015.8,7604
1706169600,2015.78,2015.98,2012.66,2013.84,9434
1706173200,2013.82,2017.94,2012.76,2017.84,7604
1706176800,2017.84,2019.46,2017.16,2019.22,6064
1706180400,2019.2,2019.55,2016.55,2017.51,5670
1706184000,2017.58,2017.69,2013.4,2013.68,6864
1706187600,2013.64,2022.99,2009.38,2019.37,23054
1706191200,2019.36,2025.36,2018.32,2023.54,25616
1706194800,2023.49,2024.72,2016.78,2020.3,21531
1706198400,2020.33,2021.61,2013.82,2014.56,13565
1706202000,2014.56,2016.56,2012.49,2014.94,10339
1706205600,2014.93,2018.59,2014.02,2014.23,9877
1706209200,2014.2,2018.34,2013.37,2017.79,6303
1706212800,2017.77,2020.28,2016.92,2020.06,5624
1706216400,2020.02,2020.95,2018.91,2020.79,2778
1706223600,2019.64,2021.31,2018.05,2020.67,3270
1706227200,2020.66,2021.79,2019.34,2021.25,3647
1706230800,2021.31,2024.19,2021.02,2021.89,7259
1706234400,2021.85,2023.88,2021.76,2021.93,4168
1706238000,2021.95,2022.89,2021.33,2021.82,2660
1706241600,2021.8,2022.41,2021.11,2021.15,2155
1706245200,2021.13,2023.48,2021.06,2023.07,3663
1706248800,2023.08,2023.42,2021.53,2021.6,4811
1706252400,2021.63,2022.79,2019.78,2021.31,6896
1706256000,2021.22,2022.19,2020.17,2020.48,6871
1706259600,2020.55,2022.38,2018.21,2020.79,7285
1706263200,2020.84,2023.8,2020.81,2023.43,5960
1706266800,2023.43,2024.61,2022.38,2023.44,5575
1706270400,2023.4,2024.45,2020.13,2021.3,5846
1706274000,2021.32,2026.8,2018.72,2024.64,18632
1706277600,2024.6,2026.06,2019.1,2020.26,18488
1706281200,2019.96,2019.96,2016.07,2017.08,14847
1706284800,2017.07,2019.42,2015.93,2018.18,9003
1706288400,2018.1,2018.82,2016.41,2016.67,6228
1706292000,2016.62,2018.25,2016.06,2017.35,5399
1706295600,2017.4,2017.88,2016.14,2017.03,3805
1706299200,2017.06,2019.27,2016.45,2018.59,3526
1706302800,2018.58,2019.16,2017.96,2018.43,2119
1706482800,2025.92,2028.45,2021.13,2021.78,6873
1706486400,2021.8,2022.06,2019.25,2021.61,6249
1706490000,2021.61,2025.46,2021.18,2023.18,8441
1706493600,2023.25,2025.45,2021.5,2025.39,4467
1706497200,2025.43,2026.33,2024.14,2025.64,3862
1706500800,2025.65,2027.59,2025.39,2026.22,3373
1706504400,2026.25,2026.84,2024.65,2025.45,4153
1706508000,2025.42,2028.98,2024.85,2028.78,5479
1706511600,2028.76,2033.82,2028.67,2031.32,9063
1706515200,2031.27,2033.56,2030.94,2031.54,7995
1706518800,2031.56,2031.95,2027.87,2028.33,7178
1706522400,2028.3,2028.6,2025.58,2027.47,6120
1706526000,2027.5,2028.36,2025.48,2028.17,5556
1706529600,2028.14,2030.28,2028.13,2028.44,5962
1706533200,2028.54,2037.55,2027.74,2036.87,12943
1706536800,2036.85,2037.25,2021.59,2024.76,17390
1706540400,2024.72,2026.23,2020.56,2025.46,14053
1706544000,2025.42,2027.9,2024.05,2027.11,9415
1706547600,2027.11,2031.14,2026.54,2029.33,7759
1706551200,2029.31,2029.68,2025.09,2025.82,6239
1706554800,2025.86,2027.98,2025.15,2026.92,5118
1706558400,2027.24,2035.27,2027.05,2032.7,11514
1706562000,2032.62,2032.85,2030.97,2032.83,3050
1706569200,2032.98,2033.35,2029.28,2031.07,2331
1706572800,2031.06,2034.1,2030.85,2033.63,4055
1706576400,2033.61,2033.96,2030.57,2031.06,7405
1706580000,2030.87,2032.5,2029.82,2031.99,4650
1706583600,2032.07,2032.56,2031.46,2032.1,3047
1706587200,2032.14,2033.09,2031.22,2031.75,2318
1706590800,2031.71,2033.34,2031.54,2032.16,3726
1706594400,2032.16,2035.95,2032.1,2034.5,5737
1706598000,2034.49,2040.32,2034.09,2037.86,8238
1706601600,2037.94,2039.45,2037.08,2038.29,9748
1706605200,2038.29,2038.66,2035.04,2035.73,6746
1706608800,2035.81,2037.34,2035.05,2035.6,5825
1706612400,2035.57,2036.14,2031.32,2034.32,6333
1706616000,2034.3,2036.36,2033.63,2035.96,6196
1706619600,2035.99,2037.96,2033.24,2037.77,13240
1706623200,2037.78,2048.57,2037.35,2046.6,19744
1706626800,2046.52,2047.91,2029.03,2032.62,29259
1706630400,2032.69,2036.11,2031.76,2035.92,12813
1706634000,2035.98,2036.17,2033.11,2034,7607
1706637600,2034,2034,2031.5,2032.78,6068
1706641200,2032.79,2037.05,2032.34,2036.15,5581
1706644800,2036.11,2036.66,2035.31,2036.03,4105
1706648400,2035.97,2036.99,2035.91,2036.89,1901
1706655600,2037.06,2037.14,2035.65,2036.44,1596
1706659200,2036.44,2038.7,2035.84,2036.1,4424
1706662800,2036.1,2037.16,2034.54,2034.65,6478
1706666400,2034.63,2034.82,2032.82,2033.67,5424
1706670000,2033.64,2034.2,2033.04,2033.89,3109
1706673600,2033.88,2034.83,2033.23,2034.58,2039
1706677200,2034.61,2035.17,2033.28,2035.11,3372
1706680800,2035.16,2035.87,2033.61,2034.33,3868
1706684400,2034.31,2038.58,2033.94,2036.56,7870
1706688000,2036.58,2040.45,2036.13,2039.07,8814
1706691600,2039.02,2039.78,2037.89,2038.19,6968
1706695200,2038.19,2038.52,2036.54,2036.92,4922
1706698800,2036.93,2038.94,2036.84,2037.29,5106
1706702400,2037.32,2039.58,2037.08,2038.56,6203
1706706000,2038.57,2043.17,2036.04,2041.91,19478
1706709600,2041.91,2055.3,2040.76,2051.61,22717
1706713200,2051.53,2056.01,2050.45,2052.22,24924
1706716800,2052.22,2053.67,2047.48,2050,18343
1706720400,2049.99,2050.99,2049.27,2049.61,9152
1706724000,2049.55,2049.83,2045.75,2046.08,8432
1706727600,2046.05,2050.82,2039.03,2044.64,34291
1706731200,2044.94,2045.9,2030.81,2034.85,28409
1706734800,2034.82,2040.19,2033.33,2039.12,7669
1706742000,2039.1,2041.25,2038.77,2039.87,2809
1706745600,2039.89,2042.77,2039.21,2040.67,4632
1706749200,2040.67,2041.95,2040,2041.37,7793
1706752800,2041.32,2049.62,2041.22,2047.04,7413
1706756400,2047.08,2048.44,2045.54,2046.33,4734
1706760000,2046.39,2046.62,2045.03,2045.78,2834
1706763600,2045.79,2046.24,2044.29,2044.51,4509
1706767200,2044.41,2044.91,2042.37,2043.61,5886
1706770800,2043.6,2044.19,2041.18,2042.91,8220
1706774400,2042.77,2042.81,2039.01,2041.98,11880
1706778000,2041.94,2042.81,2040.36,2041.06,8022
1706781600,2041.04,2041.19,2030.96,2031.84,9935
1706785200,2031.88,2034.49,2030.03,2033.42,11187
1706788800,2033.41,2034.49,2030.22,2034.24,11222
1706792400,2034.08,2042.16,2030.84,2040.03,22186
1706796000,2040.04,2050.82,2039.98,2046.03,22456
1706799600,2046.03,2053.01,2039.74,2051.97,26457
1706803200,2051.98,2065.42,2051.71,2059.38,25570
1706806800,2059.36,2062.39,2051.27,2054.37,19977
1706810400,2054.4,2058.68,2052.12,2055.69,16236
1706814000,2055.65,2058.12,2054.14,2054.84,8390
1706817600,2054.86,2055.74,2053.47,2055.54,6340
1706821200,2055.45,2055.45,2053.83,2054.93,3018
1706828400,2054.89,2056.19,2054.3,2054.73,2216
1706832000,2054.72,2056.8,2054.52,2055.01,3623
1706835600,2055,2056.07,2052.88,2054.74,7736
1706839200,2054.75,2055.4,2051.92,2053.82,5513
1706842800,2053.82,2054.99,2053.59,2054.59,3301
1706846400,2054.56,2055.89,2054.09,2055.13,2366
1706850000,2055.11,2056.58,2054.48,2055.54,4448
1706853600,2055.58,2056.91,2054.16,2055.47,5968
1706857200,2055.54,2056.92,2054.78,2055.03,6861
1706860800,2055.03,2056.84,2053.68,2054.03,6976
1706864400,2053.96,2054.98,2052.68,2053.08,6298
1706868000,2053.08,2055.61,2052.99,2054.65,5357
1706871600,2054.63,2056.17,2053.69,2056.1,4993
1706875200,2056.1,2056.28,2053.76,2055.19,5768
1706878800,2055.3,2057.64,2029.64,2031.72,29412
1706882400,2031.71,2036.1,2027.8,2035.36,29949
1706886000,2034.54,2035.61,2028.54,2035.04,24550
1706889600,2035.03,2037.52,2033.13,2036.27,15993
1706893200,2036.26,2037.01,2033.97,2035.23,10308
1706896800,2035.24,2038.79,2034.42,2037.41,9781
1706900400,2037.45,2038.57,2036.42,2038.19,6736
1706904000,2038.17,2038.46,2036,2036,6151
1706907600,2036.11,2039.63,2036.11,2039.59,3055
1707087600,2039.72,2042.15,2039.15,2039.3,4684
1707091200,2039.31,2039.79,2033.54,2035.62,10274
1707094800,2035.62,2038.2,2034.53,2038.01,8643
1707098400,2037.94,2038.68,2032.96,2033.48,7747
1707102000,2033.45,2034.48,2030.21,2032.25,8012
1707105600,2032.24,2033.36,2031.57,2031.9,3513
1707109200,2031.9,2031.98,2028.92,2029.76,7067
1707112800,2029.78,2031.23,2026.85,2030.98,6586
1707116400,2030.99,2031.56,2026.81,2027.57,9024
1707120000,2027.56,2027.73,2021.5,2023.46,11596
1707123600,2023.42,2024.19,2020.65,2022.68,8758
1707127200,2022.67,2025.28,2022.3,2024.45,7096
1707130800,2024.46,2028.34,2024.12,2027.66,6464
1707134400,2027.73,2028.06,2022.69,2022.69,7917
1707138000,2022.71,2022.76,2014.99,2015.94,17110
1707141600,2015.96,2023.7,2014.87,2023.67,19244
1707145200,2023.67,2023.67,2015.49,2017.81,23852
1707148800,2017.81,2022.47,2017.74,2022.2,11828
1707152400,2022.25,2026.42,2021.39,2025.63,9094
1707156000,2025.63,2027.09,2025.45,2025.94,7004
1707159600,2026.01,2027.55,2025.13,2025.99,5853
1707163200,2025.9,2026.39,2024,2024.99,6194
1707166800,2025,2025.17,2024.1,2025.08,1960
1707174000,2024.78,2025.42,2023.7,2024.98,2121
1707177600,2024.96,2027.63,2024.95,2026.92,2943
1707181200,2026.93,2028.52,2026.53,2027.24,6141
1707184800,2027.24,2027.41,2024.89,2025.98,4234
1707188400,2026.01,2026.37,2023.44,2023.92,4330
1707192000,2023.92,2026.37,2023.6,2026.3,3529
1707195600,2026.34,2029.8,2025.85,2029.45,6059
1707199200,2029.45,2029.64,2026.11,2026.67,5416
1707202800,2026.75,2028.98,2026.19,2026.26,6567
1707206400,2026.19,2026.67,2023.41,2023.84,6936
1707210000,2023.8,2025.39,2022.89,2023.61,6660
1707213600,2023.6,2026.24,2023.36,2023.93,5623
1707217200,2023.97,2027.5,2022.96,2026.75,5996
1707220800,2026.73,2027.91,2024.51,2027.79,7020
1707224400,2027.78,2030.94,2026.24,2029.22,15432
1707228000,2029.22,2033.05,2026.88,2030.67,15975
1707231600,2030.64,2038.17,2029.61,2036.35,20734
1707235200,2036.36,2038.89,2035.2,2036.61,12701
1707238800,2036.51,2038.36,2032.08,2036.98,12091
1707242400,2036.94,2038.25,2033.8,2036.57,9799
1707246000,2036.57,2036.87,2034.99,2035.98,6596
1707249600,2036.05,2036.97,2035.17,2035.7,4808
1707253200,2035.68,2036.17,2035,2035.95,1752
1707260400,2035.64,2036.24,2034.47,2035.15,1693
1707264000,2035.16,2036.13,2034.39,2035.02,3196
1707267600,2034.99,2035.78,2034.24,2035.06,6035
1707271200,2035.02,2035.54,2034.09,2034.44,4668
1707274800,2034.41,2035.51,2034.05,2034.42,3622
1707278400,2034.4,2035.41,2034.11,2035.2,2216
1707282000,2035.2,2035.46,2033.26,2033.4,4146
1707285600,2033.32,2034.32,2032.48,2033.59,4447
1707289200,2033.58,2036.13,2033.27,2035.16,6060
1707292800,2035.17,2035.27,2031.22,2032.9,6973
1707296400,2032.95,2034.93,2032.39,2034.36,5684
1707300000,2034.35,2034.4,2032.68,2033.24,5145
1707303600,2033.15,2035.84,2032.77,2034.11,5283
1707307200,2034.11,2034.23,2030.55,2033.45,6684
1707310800,2033.56,2036.61,2032.35,2036.15,10773
1707314400,2036.17,2044.6,2032.67,2042.47,20287
1707318000,2042.5,2043.25,2035.4,2038.34,20286
1707321600,2038.35,2040.9,2037.6,2038.42,11915
1707325200,2038.42,2038.44,2034.07,2035.62,8582
1707328800,2035.64,2037.24,2033.98,2034.81,8869
1707332400,2034.83,2035.79,2034.19,2035.59,4213
1707336000,2035.53,2035.84,2034.42,2034.78,3651
1707339600,2034.76,2035.03,2033.73,2034.96,1794
1707346800,2034.78,2036.57,2034.6,2036.48,1660
1707350400,2036.44,2037.77,2036.33,2037.32,2344
1707354000,2037.35,2038.13,2036.64,2037.32,5351
1707357600,2037.32,2038.7,2035.86,2036.15,4356
1707361200,2036.16,2036.57,2031.75,2032.79,4421
1707364800,2032.78,2034,2031.6,2032.2,2630
1707368400,2032.1,2033.77,2031.2,2033.49,3921
1707372000,2033.53,2034.2,2032.28,2033.28,3878
1707375600,2033.24,2035.04,2031.61,2032.86,6117
1707379200,2032.9,2033.39,2028.94,2030.85,7402
1707382800,2030.84,2035.99,2029.81,2035.37,6736
1707386400,2035.58,2038.48,2034.76,2036.1,7424
1707390000,2036.08,2036.29,2027.87,2029.06,9362
1707393600,2029.05,2029.11,2023.78,2024.95,10314
1707397200,2025.02,2026.47,2020.93,2021.07,16910
1707400800,2020.94,2033.94,2020.18,2028.35,20726
1707404400,2028.6,2033.24,2027.6,2031.98,16402
1707408000,2031.98,2032.28,2027.7,2031.91,11056
1707411600,2031.91,2033.16,2030.35,2031.74,7519
1707415200,2031.69,2035.35,2031.17,2032.09,9329
1707418800,2032.14,2033.5,2031.43,2032.58,4828
1707422400,2032.61,2033.81,2032.6,2033,4370
1707426000,2033.03,2034.39,2033.01,2034.31,1396
1707433200,2034.78,2034.94,2033.84,2034.22,1332
1707436800,2034.22,2034.37,2032,2032.08,2668
1707440400,2032.08,2035.13,2032.08,2034.28,4335
1707444000,2034.31,2035.14,2034.03,2034.39,2608
1707447600,2034.43,2034.84,2032.95,2033.59,2054
1707451200,2033.6,2033.76,2032.32,2032.75,1773
1707454800,2032.68,2034.02,2032.16,2032.85,1848
1707458400,2032.91,2034.38,2032.33,2033.91,1986
1707462000,2033.95,2035.01,2032.88,2033.59,4139
1707465600,2033.63,2034.16,2030.56,2032.41,7785
1707469200,2032.41,2033.63,2031.08,2031.58,6010
1707472800,2031.57,2033.14,2031.02,2032.8,4727
1707476400,2032.84,2033.56,2031.51,2031.57,4550
1707480000,2031.54,2032.21,2028.53,2028.77,6415
1707483600,2028.77,2037.2,2025.6,2027.1,20568
1707487200,2027.08,2030.66,2023.06,2025.25,20159
1707490800,2025.24,2027.22,2021.88,2022.47,15060
1707494400,2022.55,2023.88,2020.31,2021.64,10372
1707498000,2021.61,2024.76,2021.28,2024.73,5476
1707501600,2024.67,2026.33,2022.81,2023.75,4879
1707505200,2023.68,2026.14,2023.37,2024.79,3389
1707508800,2024.76,2026.22,2023.88,2025.13,3721
1707512400,2024.97,2025.6,2023.95,2024.03,1931
1707692400,2025.28,2026.93,2024.48,2025.46,2115
1707696000,2025.48,2025.92,2024.96,2025.16,1485
1707699600,2025.18,2026.55,2023.49,2023.54,2734
1707703200,2023.52,2023.9,2022.2,2022.4,2149
1707706800,2022.38,2023.02,2021.84,2022.87,1874
1707710400,2022.83,2024.15,2022.59,2023.1,1306
1707714000,2023.15,2024.06,2022.9,2023.85,1629
1707717600,2023.81,2024.65,2023.57,2024.27,1954
1707721200,2024.22,2026.45,2023.05,2025.6,5251
1707724800,2025.6,2027.27,2023.58,2023.67,7216
1707728400,2023.63,2023.83,2020.4,2020.79,5916
1707732000,2020.78,2021.21,2020.02,2020.97,4396
1707735600,2020.97,2022.61,2020.29,2021.75,5123
1707739200,2021.72,2022.4,2020.57,2021.41,4854
1707742800,2021.45,2027.58,2018.54,2019.07,14414
1707746400,2019.09,2020.4,2013.23,2014.96,15685
1707750000,2014.94,2017.03,2012.09,2013.18,12011
1707753600,2013.08,2016.39,2011.89,2015.93,8788
1707757200,2015.97,2020.17,2015.63,2019.39,7439
1707760800,2019.4,2021.59,2017.8,2021.5,6013
1707764400,2021.5,2021.55,2018.6,2019.16,4297
1707768000,2019.08,2020.52,2018.87,2020.05,3256
1707771600,2020.06,2020.52,2019.69,2019.95,1446
1707778800,2019.79,2019.97,2018.63,2018.81,1041
1707782400,2018.8,2019.57,2018.27,2019.52,2571
1707786000,2019.56,2021.18,2019.5,2020.32,2784
1707789600,2020.32,2020.33,2018.95,2018.96,2103
1707793200,2018.97,2019.13,2016.85,2018.6,2537
1707796800,2018.58,2019.61,2018.42,2018.99,1729
1707800400,2019.01,2021.62,2019.01,2020.7,2594
1707804000,2020.74,2024.1,2020.69,2023.69,2703
1707807600,2023.7,2025.8,2023.47,2025.24,5975
1707811200,2025.28,2026.31,2024.53,2026.17,6096
1707814800,2026.15,2026.9,2025.14,2026.71,4379
1707818400,2026.69,2028.01,2026.06,2026.57,4427
1707822000,2026.56,2029.3,2026.11,2027.75,4654
1707825600,2027.73,2028.98,2027.38,2028.26,5135
1707829200,2028.27,2032.26,2003.02,2004.35,26323
1707832800,2004.4,2005.88,1992.49,1995.73,28338
1707836400,1995.81,1995.92,1990.06,1992.26,21007
1707840000,1992.26,1997.87,1991.89,1994.93,13069
1707843600,1995.02,1996.05,1992.78,1993.7,7852
1707847200,1993.69,1995.74,1993.08,1993.46,6527
1707850800,1993.47,1993.76,1991.25,1991.74,4973
1707854400,1991.73,1993.67,1991.28,1992.61,3293
1707858000,1992.62,1993.61,1992.17,1992.96,1632
1707865200,1993.16,1993.18,1990.71,1991.41,2057
1707868800,1991.37,1993.3,1990.77,1992.67,3180
1707872400,1992.73,1992.91,1988.87,1992.86,5077
1707876000,1992.86,1993.6,1991.15,1992.19,3467
1707879600,1992.24,1993.06,1991.26,1992.49,2187
1707883200,1992.48,1992.91,1992.02,1992.37,1950
1707886800,1992.35,1993.36,1992.15,1992.99,1962
1707890400,1993,1993,1990.94,1992.28,2651
1707894000,1992.18,1993,1989.35,1989.46,7924
1707897600,1989.45,1990.62,1985.98,1988.45,9817
1707901200,1988.46,1991.53,1988.4,1991.23,6814
1707904800,1991.19,1993.35,1990.04,1992.92,6013
1707908400,1992.92,1993.27,1990.68,1992.26,6355
1707912000,1992.23,1993.25,1989.57,1990.28,5933
1707915600,1990.29,1993.17,1988.7,1989.13,13859
1707919200,1989.1,1992.23,1986.25,1987.43,16957
1707922800,1987.55,1988.97,1984.24,1987.88,16486
1707926400,1987.9,1993.61,1987.5,1993.13,12639
1707930000,1993.14,1995.31,1990.72,1994.37,8901
1707933600,1994.41,1996.15,1991.11,1991.67,6636
1707937200,1991.71,1992,1989.75,1991.75,3353
1707940800,1991.76,1991.81,1989.59,1991.15,4029
1707944400,1991.09,1992.9,1990.39,1992.19,2224
1707951600,1992.51,1993.81,1992.34,1993.7,1768
1707955200,1993.76,1994.34,1992.54,1993.66,3902
1707958800,1993.65,1994.35,1992.32,1992.54,3688
1707962400,1992.49,1993.56,1992.11,1993.17,2851
1707966000,1993.16,1993.31,1990.26,1990.8,2518
1707969600,1990.8,1992.18,1990.45,1992.08,2050
1707973200,1992.05,1992.94,1991.77,1991.98,2163
1707976800,1992.02,1993.39,1991.52,1993.29,3418
1707980400,1993.28,1994.73,1992.22,1993.81,6123
1707984000,1993.77,1995.97,1993.48,1995.24,6752
1707987600,1995.25,1996.83,1993.85,1996.36,4278
1707991200,1996.34,1997.95,1995.73,1995.94,4588
1707994800,1995.95,1998.13,1995.74,1997.53,4422
1707998400,1997.55,1999.04,1996.38,1997.99,5147
1708002000,1998.05,2004.26,1995.61,2003.79,21639
1708005600,2003.76,2008.25,2001.46,2003.77,21823
1708009200,2003.7,2008.1,1999.8,2000.77,18622
1708012800,2000.75,2001.46,1998.45,2000.16,12544
1708016400,2000.17,2004.6,2000.11,2003.65,7289
1708020000,2003.65,2004.88,2002.76,2004.51,5745
1708023600,2004.5,2006.45,2003.7,2005.09,3863
1708027200,2005.08,2005.1,2003.54,2004.41,3718
1708030800,2004.4,2004.67,2003.89,2004.35,1173
1708038000,2004.4,2004.76,2003.32,2003.33,1299
1708041600,2003.35,2003.65,2002.35,2002.57,2227
1708045200,2002.58,2005.63,2002.39,2005.5,4049
1708048800,2005.49,2005.61,2004.03,2004.46,2880
1708052400,2004.51,2004.81,2003.41,2004.34,2229
1708056000,2004.33,2004.37,2003.24,2003.59,2618
1708059600,2003.58,2004.71,2003.33,2004.47,1972
1708063200,2004.48,2004.69,2002.71,2003.79,3448
1708066800,2003.7,2006.44,2003.38,2005.14,5397
1708070400,2005.15,2005.67,2003.79,2004.93,5813
1708074000,2004.97,2006.46,2004.18,2005.07,4177
1708077600,2005.06,2007.42,2004.72,2007.14,4246
1708081200,2007.09,2007.81,2006.22,2007.21,3859
1708084800,2007.21,2008.02,2006.39,2006.83,4859
1708088400,2006.7,2006.91,1995.03,2001.41,19700
1708092000,2001.43,2003.34,1995.32,1997.86,20312
1708095600,1997.93,2010.96,1997.07,2007.87,22216
1708099200,2007.88,2010.93,2007.22,2009.21,11623
1708102800,2009.19,2014.44,2008.75,2013.3,8029
1708106400,2013.36,2015.07,2011.12,2013.87,7023
1708110000,2013.87,2015.12,2011.7,2012.64,4581
1708113600,2012.62,2013.08,2011.23,2011.88,3885
1708117200,2011.9,2014.05,2011.9,2013.54,1766
1708297200,2014.39,2015.69,2010.42,2013.72,3908
1708300800,2013.68,2020.1,2013.54,2018.76,4258
1708304400,2018.76,2020.75,2016.32,2019.75,10728
1708308000,2019.76,2022.87,2018.57,2022.3,4495
1708311600,2022.3,2022.39,2019.25,2019.85,2903
1708315200,2019.88,2019.93,2018.21,2019.01,2213
1708318800,2019,2021.41,2018.48,2020.72,2848
1708322400,2020.73,2022.54,2020.41,2021.47,3041
1708326000,2021.36,2022.95,2019.68,2020.98,4091
1708329600,2020.94,2021.21,2019.01,2020.13,5341
1708333200,2020.15,2020.71,2019.23,2020.17,4258
1708336800,2020.14,2020.57,2018.19,2018.89,3111
1708340400,2018.9,2019.56,2018.31,2018.34,3411
1708344000,2018.34,2019.06,2015.99,2016.75,3975
1708347600,2016.76,2019.3,2016.43,2016.79,6653
1708351200,2016.81,2017.69,2015.89,2017.32,4517
1708354800,2017.31,2017.59,2014.74,2014.93,3826
1708358400,2014.91,2016.64,2013.21,2016.25,3260
1708362000,2016.25,2018.45,2016.01,2017.34,1792
1708365600,2017.32,2018.43,2016.88,2017.56,1130
1708369200,2017.61,2018.17,2017.59,2017.76,636
1708383600,2017.42,2017.62,2015.71,2016.09,1997
1708387200,2016.1,2016.67,2014.99,2016.2,2854
1708390800,2016.21,2019.22,2015.2,2016.91,6061
1708394400,2016.92,2018.3,2016.77,2017.59,3102
1708398000,2017.56,2018.7,2017.05,2018.26,2931
1708401600,2018.26,2019.68,2018.15,2019.51,1864
1708405200,2019.5,2019.57,2017.76,2018.5,2615
1708408800,2018.5,2020.81,2017.72,2019.41,3504
1708412400,2019.42,2022.85,2018.91,2021.5,5445
1708416000,2021.41,2022.96,2020.76,2022.82,7514
1708419600,2022.71,2025.13,2022.54,2023.99,7236
1708423200,2023.98,2027.55,2023.52,2026.07,7391
1708426800,2026.1,2027.27,2025.24,2026.84,7801
1708430400,2026.85,2028.04,2026.26,2026.64,6144
1708434000,2026.67,2030.82,2026.09,2030,12963
1708437600,2030.03,2030.9,2025.47,2028.07,15478
1708441200,2028.09,2029.99,2025.81,2027.47,12489
1708444800,2027.46,2028.26,2026.02,2026.89,7247
1708448400,2026.89,2028.72,2025.6,2028.71,5164
1708452000,2028.69,2028.92,2026.76,2027.19,4169
1708455600,2027.13,2027.65,2024.78,2025.06,3983
1708459200,2025.16,2025.16,2023.52,2024.3,4467
1708462800,2024.55,2024.71,2023.58,2024.24,1428
1708470000,2024.09,2024.92,2023.68,2024.13,1807
1708473600,2024.18,2024.19,2022.91,2023.56,2553
1708477200,2023.57,2026.03,2023.29,2025.39,4723
1708480800,2025.38,2029.11,2025.36,2027.83,4905
1708484400,2027.84,2030.87,2027.73,2030.44,3050
1708488000,2030.47,2031.22,2030.08,2030.8,2600
1708491600,2030.89,2032.17,2029.41,2030.93,3992
1708495200,2030.95,2031.19,2029.2,2029.97,4490
1708498800,2029.99,2030.63,2028.33,2028.85,4800
1708502400,2028.84,2029.21,2026.21,2026.54,6582
1708506000,2026.53,2028.62,2025.95,2028.07,6098
1708509600,2028.05,2030.15,2027.9,2029.99,4506
1708513200,2029.99,2030.05,2027.36,2028.28,4180
1708516800,2028.33,2030.08,2027.98,2029.47,5202
1708520400,2029.42,2031.52,2027.61,2028.76,10497
1708524000,2028.75,2030.3,2026.99,2027.56,12416
1708527600,2027.52,2030.23,2024.06,2024.11,12974
1708531200,2024.1,2025.85,2023.24,2023.95,9919
1708534800,2023.99,2024.53,2021.48,2024.21,6709
1708538400,2024.25,2024.71,2021.48,2021.74,8287
1708542000,2021.77,2026.44,2020.01,2026.02,10626
1708545600,2025.98,2027,2024.15,2024.36,4575
1708549200,2024.56,2026.23,2023.94,2025.86,3526
1708556400,2025.73,2026.67,2025,2025.68,2065
1708560000,2025.74,2026.74,2025.04,2026.44,3023
1708563600,2026.42,2028.52,2026.22,2026.99,5888
1708567200,2026.96,2028.34,2026.47,2027.77,3826
1708570800,2027.73,2028.25,2026.06,2026.22,2080
1708574400,2026.22,2028.9,2025.5,2028.83,2641
1708578000,2028.83,2029.98,2028.26,2028.44,3261
1708581600,2028.36,2030.6,2028.33,2029.25,3524
1708585200,2029.34,2031.99,2028.83,2031.44,6062
1708588800,2031.51,2034.92,2031.33,2033.21,11419
1708592400,2033.22,2033.22,2028.51,2030.29,7893
1708596000,2030.3,2031.19,2029.15,2029.43,4955
1708599600,2029.45,2029.79,2027.29,2029,5306
1708603200,2028.97,2029.88,2027.67,2028.25,6729
1708606800,2028.27,2028.55,2022.43,2025.61,15886
1708610400,2025.64,2026.7,2021.88,2024.87,18365
1708614000,2024.91,2025.32,2020.15,2023.38,17101
1708617600,2023.43,2024.29,2019.71,2020.94,9372
1708621200,2020.95,2024.69,2020.27,2022.92,6411
1708624800,2022.96,2023.24,2019.61,2022.67,6057
1708628400,2022.71,2023.61,2022.15,2023.05,3372
1708632000,2023.06,2024.71,2022.56,2024.61,3325
1708635600,2024.6,2024.96,2023.97,2024.34,1518
1708642800,2024.19,2026.04,2023.95,2024.74,2547
1708646400,2024.78,2026.14,2022.75,2024.59,3234
1708650000,2024.51,2027.21,2024.4,2026.84,4845
1708653600,2026.84,2027.35,2024.26,2024.31,3450
1708657200,2024.31,2026.25,2024.01,2025.73,2763
1708660800,2025.72,2026.47,2025.72,2026.07,1225
1708664400,2026.06,2026.15,2022.18,2022.35,3157
1708668000,2022.36,2022.61,2018.19,2020.88,4872
1708671600,2020.92,2022.47,2019.54,2021.85,5405
1708675200,2021.93,2022.66,2018.37,2019.52,7526
1708678800,2019.43,2019.87,2016.07,2016.76,6107
1708682400,2016.75,2023.29,2016.58,2022.95,6132
1708686000,2022.93,2023.97,2022.06,2023.81,6226
1708689600,2023.84,2028.75,2023.09,2028.03,9170
1708693200,2028.05,2029.23,2024.47,2025.32,12981
1708696800,2025.29,2028.65,2024.18,2027.51,13994
1708700400,2027.5,2031.19,2025.65,2030.17,13926
1708704000,2030.18,2038.56,2030.18,2038.41,14331
1708707600,2038.36,2039.82,2036.41,2037.87,8327
1708711200,2037.87,2041.32,2037.44,2040.44,5678
1708714800,2040.39,2040.48,2036.83,2037.29,3906
1708718400,2037.3,2037.48,2035.67,2036.56,3497
1708722000,2036.49,2036.57,2035.05,2035.7,2283
1708902000,2032.99,2034.89,2032.74,2034,2010
1708905600,2034,2034.04,2029.96,2030.31,4495
1708909200,2030.29,2034.07,2029.86,2031.28,6378
1708912800,2031.22,2031.86,2030.62,2030.86,3476
1708916400,2030.94,2032.54,2030.67,2032.53,1899
1708920000,2032.53,2032.9,2032.02,2032.24,1793
1708923600,2032.18,2034.26,2032.14,2033.06,3215
1708927200,2033.06,2033.89,2031.89,2032.68,3907
1708930800,2032.69,2035.32,2032.34,2035.04,5657
1708934400,2034.99,2036.96,2033.61,2034,7449
1708938000,2033.98,2034.41,2032.2,2033.08,6092
1708941600,2033.06,2035.44,2031.71,2032.2,5938
1708945200,2032.13,2032.95,2030.87,2030.92,6596
1708948800,2030.97,2034.12,2030.72,2032.85,6640
1708952400,2032.84,2034.46,2031.67,2032.61,10478
1708956000,2032.66,2032.87,2025.66,2027.54,13390
1708959600,2027.54,2030.13,2025.03,2029.17,11286
1708963200,2029.17,2029.46,2026.59,2027.79,8008
1708966800,2027.83,2028.83,2026.46,2028.72,4301
1708970400,2028.64,2030.12,2028.15,2029.28,5620
1708974000,2029.3,2030.27,2028.56,2029.71,3159
1708977600,2029.78,2033.63,2029.78,2032.34,3988
1708981200,2032.34,2032.34,2030.81,2031.05,1188
1708988400,2031.27,2031.61,2030.54,2031.24,1375
1708992000,2031.24,2032.48,2031.06,2031.51,2444
1708995600,2031.54,2033.79,2031.24,2033.64,4323
1708999200,2033.66,2034.47,2032.48,2032.71,3159
1709002800,2032.8,2033.46,2032.31,2033.42,1866
1709006400,2033.43,2034.59,2033.42,2033.79,1696
1709010000,2033.73,2033.97,2032.76,2033.62,2040
1709013600,2033.63,2034.95,2033.27,2033.51,3052
1709017200,2033.49,2036.21,2033.31,2035.39,4872
1709020800,2035.39,2039.45,2034.62,2038.06,7468
1709024400,2038.06,2038.11,2035.35,2036.61,5420
1709028000,2036.68,2036.69,2034.63,2036.45,5623
1709031600,2036.51,2038.73,2035.53,2038.2,5581
1709035200,2038.3,2039.13,2037.15,2038.28,6724
1709038800,2038.37,2038.61,2035.27,2035.47,11979
1709042400,2035.43,2036.53,2033.57,2034.8,11721
1709046000,2034.8,2037.33,2033.02,2033.74,13445
1709049600,2033.75,2034.31,2031.76,2033.11,8773
1709053200,2033.05,2033.06,2029.68,2032.27,5823
1709056800,2032.3,2036.05,2031.95,2032.34,6421
1709060400,2032.36,2032.43,2029.36,2030.22,3848
1709064000,2030.22,2030.33,2028.77,2030.13,3092
1709067600,2030.18,2030.53,2029.82,2030.27,1234
1709074800,2030.06,2030.77,2029.69,2030,1363
1709078400,2030,2031.25,2029.04,2030.77,2610
1709082000,2030.76,2033.72,2029.71,2033.41,5000
1709085600,2033.4,2033.6,2030.46,2030.97,3672
1709089200,2030.97,2031.76,2029.77,2030.9,3055
1709092800,2030.9,2031.1,2029.77,2030.22,2646
1709096400,2030.21,2031.08,2029.98,2030.97,2032
1709100000,2030.93,2032.06,2028.62,2029.3,3581
1709103600,2029.3,2029.33,2027.84,2028.1,4945
1709107200,2028.09,2029.25,2026.64,2026.77,6349
1709110800,2026.76,2027.34,2024.83,2024.84,6357
1709114400,2024.82,2027.56,2024.47,2027.32,6052
1709118000,2027.24,2027.88,2026.72,2027.26,4247
1709121600,2027.25,2030.44,2026.93,2029.57,5860
1709125200,2029.53,2036.06,2029.09,2035.78,16502
1709128800,2035.81,2037.86,2031.07,2031.71,13066
1709132400,2031.71,2034.07,2030.41,2031.82,10897
1709136000,2031.82,2034.12,2031.72,2033.58,6670
1709139600,2033.59,2035.58,2032.32,2033.81,4983
1709143200,2033.87,2034.87,2031.41,2031.52,3762
1709146800,2031.5,2032.32,2030.86,2032.15,2686
1709150400,2032.19,2034.2,2032.1,2033.82,2805
1709154000,2033.79,2035.25,2033,2034.33,2093
1709161200,2034.32,2035.35,2034.21,2034.63,1603
1709164800,2034.69,2035.53,2033.91,2034.15,1963
1709168400,2034.15,2036.56,2034.14,2036.39,4727
1709172000,2036.4,2037.08,2035.44,2036.56,4975
1709175600,2036.57,2036.74,2035.22,2036.57,2839
1709179200,2036.4,2036.46,2035.11,2035.18,1699
1709182800,2035.18,2035.98,2034.37,2035.61,3096
1709186400,2035.62,2037.05,2035.46,2036.84,3145
1709190000,2036.79,2037.82,2035.93,2037.28,5524
1709193600,2037.26,2037.46,2035.52,2037.19,6839
1709197200,2037.31,2037.45,2034.03,2034.56,6173
1709200800,2034.57,2034.81,2030.5,2030.78,5861
1709204400,2030.78,2031.77,2028.83,2030.32,5719
1709208000,2030.3,2030.64,2028.05,2030.23,5693
1709211600,2030.28,2048.68,2030.23,2047.64,23288
1709215200,2047.64,2050.32,2045.91,2047.74,18209
1709218800,2048.1,2050.69,2046.33,2048.12,16603
1709222400,2048.17,2048.35,2043.7,2044.96,11414
1709226000,2044.88,2046.01,2043.3,2045.7,6021
1709229600,2045.6,2046.81,2045.04,2046.27,5577
1709233200,2046.33,2046.86,2043.94,2044.46,3603
1709236800,2044.39,2045.44,2043.69,2044.08,3148
1709240400,2044.08,2044.27,2042.86,2044.06,1879
1709247600,2043.72,2044.22,2042.89,2044.19,2041
1709251200,2044.17,2044.22,2042.82,2043.75,3337
1709254800,2043.8,2044.73,2043.03,2044.32,4503
1709258400,2044.32,2045.89,2044.05,2045.39,3009
1709262000,2045.39,2046.82,2045.29,2046.58,2570
1709265600,2046.56,2046.59,2045.23,2045.46,1364
1709269200,2045.55,2045.63,2043.37,2045.06,3080
1709272800,2045.08,2048.12,2044.87,2046.75,3667
1709276400,2046.72,2048.82,2045.25,2045.42,5380
1709280000,2045.42,2045.67,2039.04,2039.8,9309
1709283600,2039.75,2047.62,2039.39,2046.4,9525
1709287200,2046.35,2055.06,2045.94,2054.85,10961
1709290800,2054.88,2057.45,2053.85,2055.37,8046
1709294400,2055.35,2057,2052.19,2052.39,7746
1709298000,2052.43,2054.53,2050.04,2051.61,14359
1709301600,2051.63,2056.69,2045.57,2046.35,17378
1709305200,2050.32,2070.95,2049.67,2069.22,27194
1709308800,2069.21,2081.91,2069.21,2081.1,17014
1709312400,2081.11,2085.62,2079.96,2084.79,13629
1709316000,2084.78,2088.28,2082.26,2085.67,10844
1709319600,2085.67,2086.72,2084.75,2085.26,6728
1709323200,2085.26,2085.37,2083.07,2083.47,5260
1709326800,2083.44,2083.98,2082.8,2083.39,2775
1709506800,2082.79,2086.16,2082.53,2083.51,4605
1709510400,2083.54,2084.4,2082.24,2082.58,4858
1709514000,2082.64,2082.86,2079.45,2080.21,7010
1709517600,2080.2,2083.46,2079.85,2081.54,4398
1709521200,2081.58,2081.95,2080.4,2081.39,2567
1709524800,2081.41,2081.54,2080.3,2080.73,1417
1709528400,2080.67,2082.26,2080.42,2081.54,2212
1709532000,2081.52,2083.99,2081.02,2083.54,4965
1709535600,2083.61,2088.26,2083.61,2087.35,6723
1709539200,2087.3,2087.43,2083.41,2083.84,8442
1709542800,2083.85,2086.1,2083.19,2085.16,7470
1709546400,2085.2,2085.76,2082.58,2083.91,6239
1709550000,2083.91,2084.55,2081.83,2082.13,5924
1709553600,2082.13,2083.38,2081.8,2082.57,5708
1709557200,2082.55,2093.18,2081.17,2091.61,15716
1709560800,2091.67,2101.42,2090.48,2100.78,21576
1709564400,2100.68,2109.34,2097.58,2108.93,16678
1709568000,2108.94,2119.87,2107.79,2119.29,22601
1709571600,2119.33,2119.75,2113.88,2116.49,14954
1709575200,2116.48,2118.08,2113.56,2115.31,8579
1709578800,2115.36,2117.32,2113.31,2116.34,6586
1709582400,2116.38,2118.5,2115.4,2116.67,5303
1709586000,2116.69,2117.33,2114.14,2114.26,2083
1709593200,2114.01,2115.78,2113.56,2114.53,2489
1709596800,2114.52,2115.88,2114.21,2115.45,3074
1709600400,2115.45,2116.81,2110.43,2112.61,9328
1709604000,2112.6,2113.28,2111.4,2112.28,4316
1709607600,2112.27,2113.96,2111.26,2112.94,3452
1709611200,2112.95,2115.95,2112.67,2115.92,3147
1709614800,2115.89,2119.68,2115.37,2119.23,6107
1709618400,2119.22,2119.51,2115.19,2117.24,6180
1709622000,2117.22,2117.7,2113.96,2114.45,6905
1709625600,2114.46,2123.37,2114.46,2120.69,11704
1709629200,2120.74,2125.26,2119,2124.52,9612
1709632800,2124.5,2127.31,2123.3,2123.64,7666
1709636400,2123.64,2127.16,2122.58,2124.46,8150
1709640000,2124.5,2125.26,2121.17,2124.41,8517
1709643600,2124.52,2141.73,2122.35,2127.75,28005
1709647200,2127.72,2133.27,2124.21,2128.15,23971
1709650800,2129.57,2139.54,2123.75,2126.61,29821
1709654400,2126.64,2128.75,2123.71,2128.32,16185
1709658000,2128.3,2130.98,2127.56,2130.93,9214
1709661600,2130.91,2133.6,2129.54,2130.73,8504
1709665200,2130.81,2134.72,2129.61,2129.63,6777
1709668800,2129.6,2130.93,2128.49,2129.67,6493
1709672400,2129.58,2130.06,2127.08,2127.82,2240
1709679600,2127.34,2128.43,2126.86,2128,1878
1709683200,2128.01,2128.06,2126.12,2126.87,3964
1709686800,2127.02,2128.06,2125.12,2125.53,6193
1709690400,2125.51,2126.79,2123.87,2126.37,3913
1709694000,2126.38,2126.58,2123.66,2124.76,3413
1709697600,2124.77,2126.37,2124.75,2126.21,2225
1709701200,2126.19,2127.95,2125.23,2125.3,3740
1709704800,2125.33,2127.56,2124.95,2127.28,4508
1709708400,2127.35,2131.53,2127.06,2128.5,7432
1709712000,2128.47,2129.21,2124.34,2125.12,9604
1709715600,2125.09,2129.84,2124.8,2128.62,7039
1709719200,2128.58,2128.67,2124.67,2125.61,6430
1709722800,2125.62,2132.56,2125.58,2132.5,6275
1709726400,2132.51,2135.01,2131.06,2134.24,7892
1709730000,2134.15,2139.67,2131.44,2139.37,22144
1709733600,2139.4,2149.18,2135.66,2144.59,23911
1709737200,2144.6,2145.61,2131.91,2140.95,26905
1709740800,2140.97,2149.85,2140.45,2148.19,18309
1709744400,2148.29,2150.03,2141.93,2144.77,14987
1709748000,2144.74,2152.18,2144,2147.14,13580
1709751600,2147.1,2147.45,2139.45,2144.37,11652
1709755200,2144.3,2147.22,2143.17,2146.64,5430
1709758800,2146.53,2149.34,2144.47,2147.91,3861
1709766000,2148.05,2151.19,2145.14,2147.27,3636
1709769600,2147.29,2149.55,2147.29,2148.87,5152
1709773200,2148.9,2149.07,2144.23,2146.21,10086
1709776800,2146.26,2152.08,2145.66,2150.72,7705
1709780400,2150.65,2152.45,2149.64,2151.73,4381
1709784000,2151.7,2161.32,2151.69,2158.3,9225
1709787600,2158.28,2158.76,2154.47,2154.51,7871
1709791200,2154.46,2156.56,2151.55,2155.42,9403
1709794800,2155.51,2158.26,2152.21,2155.99,10259
1709798400,2156.11,2159.74,2154.47,2155.25,10510
1709802000,2155.26,2157.79,2154.25,2157.69,8185
1709805600,2157.74,2158.94,2156.18,2157.66,7347
1709809200,2157.67,2157.77,2153.31,2156.06,7958
1709812800,2156.06,2158.84,2154.02,2158.47,8128
1709816400,2158.42,2164.67,2157.42,2159.57,21999
1709820000,2159.57,2159.82,2147.97,2154.06,22751
1709823600,2153.99,2157.71,2151.75,2153.64,17729
1709827200,2153.64,2158.5,2149.29,2156.24,14997
1709830800,2156.24,2158.8,2155.32,2158.26,8352
1709834400,2158.34,2159.29,2156.09,2157.07,7095
1709838000,2157.16,2160.89,2156.14,2160,4695
1709841600,2159.96,2160.38,2157.99,2158.61,4462
1709845200,2158.72,2159.95,2158.3,2159.9,1814
1709852400,2158.9,2162.54,2158.84,2161.86,2698
1709856000,2161.86,2163.54,2159.74,2160.79,5104
1709859600,2160.85,2161.75,2157.7,2157.88,5996
1709863200,2157.84,2158.42,2155.02,2155.33,5423
1709866800,2155.34,2158.74,2154.02,2157.62,3912
1709870400,2157.58,2159.2,2156.4,2157.7,2861
1709874000,2157.7,2158.38,2156.45,2157.76,4027
1709877600,2157.77,2161.98,2156.45,2161.14,6386
1709881200,2161.2,2161.88,2158.99,2161.37,8495
1709884800,2161.35,2168.65,2161.12,2165.16,10555
1709888400,2165.16,2171.07,2164.63,2169.09,11193
1709892000,2169.09,2170.51,2166.63,2168.49,8458
1709895600,2168.5,2169.66,2166.33,2168.29,6469
1709899200,2168.35,2169.27,2166,2166,6556
1709902800,2166.03,2185.4,2156.12,2171.13,29495
1709906400,2171.12,2174.67,2163.73,2170.8,28867
1709910000,2170.81,2177.35,2167.86,2177.22,18692
1709913600,2177.2,2180.91,2172.32,2180.72,14370
1709917200,2180.72,2195.11,2180.71,2184.93,22737
1709920800,2184.85,2184.97,2173.91,2174.33,13564
1709924400,2174.38,2177.77,2168.32,2176.39,9806
1709928000,2176.43,2178.19,2175.69,2177.34,4847
1709931600,2177.31,2178.75,2176.82,2178.65,2692
1710108000,2180.8,2181.39,2177.21,2177.21,1871
1710111600,2177.27,2183.84,2177.26,2181.69,4831
1710115200,2181.69,2189.01,2179.47,2186.68,7021
1710118800,2186.68,2186.8,2178.98,2180.21,10705
1710122400,2180.23,2180.39,2176.83,2177.38,5660
1710126000,2177.33,2180.29,2176.95,2179.54,4550
1710129600,2179.5,2181.5,2179.49,2180.64,2717
1710133200,2180.65,2181.66,2176.87,2177.98,5681
1710136800,2178.16,2179.95,2177.29,2179.48,6400
1710140400,2179.47,2182.72,2177.94,2182.29,7800
1710144000,2182.28,2183.11,2176.63,2177.39,10198
1710147600,2177.36,2181.5,2175.73,2180.47,9727
1710151200,2180.41,2180.74,2176.84,2177.7,7434
1710154800,2177.71,2179.56,2176.38,2178.98,6415
1710158400,2178.96,2180.65,2176.44,2177.2,13502
1710162000,2177.18,2185.06,2174.79,2181.75,19575
1710165600,2181.76,2183.3,2175.63,2181.99,16228
1710169200,2181.98,2185.67,2180.07,2184.3,13336
1710172800,2184.3,2184.71,2178.56,2180.81,9161
1710176400,2180.91,2184.08,2178.25,2179.66,9392
1710180000,2179.75,2180.96,2177.18,2180.87,5586
1710183600,2180.81,2184.15,2180.69,2181.38,5711
1710187200,2181.32,2182.96,2181.1,2182.71,1728
1710194400,2182.02,2184.73,2180.73,2181.27,2791
1710198000,2181.23,2183.74,2181.15,2183.62,3461
1710201600,2183.63,2184.55,2180.28,2180.36,3710
1710205200,2180.47,2183.09,2179.92,2182.79,5603
1710208800,2182.79,2182.89,2178.69,2179.08,5937
1710212400,2179.05,2179.05,2176.77,2177.44,4515
1710216000,2177.43,2179.19,2177.16,2178.24,2494
1710219600,2178.23,2179.16,2174.19,2176.21,5118
1710223200,2176.2,2177.15,2173.65,2175.32,8315
1710226800,2175.33,2177.39,2174.76,2176.94,7056
1710230400,2176.94,2178.52,2175.96,2177.82,7552
1710234000,2177.79,2179.07,2176.36,2176.97,6641
1710237600,2176.97,2177.6,2175.41,2176.45,5342
1710241200,2176.45,2176.54,2170.58,2171.84,8598
1710244800,2171.84,2182.04,2160.89,2169.71,22678
1710248400,2169.7,2169.85,2156.16,2160.42,34842
1710252000,2160.5,2166.42,2152.58,2162,24593
1710255600,2161.98,2164.89,2157.54,2162.97,15245
1710259200,2163.03,2166.57,2161.49,2165.82,9226
1710262800,2165.74,2165.74,2154.72,2154.99,12327
1710266400,2154.99,2156.52,2152.94,2153.5,9173
1710270000,2153.48,2157.35,2150.6,2157.34,6290
1710273600,2157.32,2159,2156.13,2158.14,2361
1710280800,2158.56,2161.47,2156.04,2158.75,4873
1710284400,2158.72,2159.08,2155.81,2156.92,3062
1710288000,2156.95,2160.48,2156.56,2159.22,4878
1710291600,2159.28,2159.55,2157.39,2158.63,6131
1710295200,2158.6,2161.51,2157.42,2160.39,5135
1710298800,2160.41,2160.71,2157.41,2159.11,4008
1710302400,2159.1,2159.68,2157.23,2159.35,3215
1710306000,2159.23,2160.59,2158.68,2160.13,4469
1710309600,2160.11,2161.52,2158.36,2159.45,5875
1710313200,2159.44,2160.73,2158.5,2159.76,6310
1710316800,2159.78,2161.1,2157.87,2158.13,7927
1710320400,2158.16,2160.28,2157.51,2158.48,7596
1710324000,2158.5,2163.65,2158.06,2163.34,6971
1710327600,2163.34,2164.13,2161.53,2163.9,6082
1710331200,2163.95,2166.29,2162.12,2163.53,13155
1710334800,2163.55,2171.54,2161.45,2166.01,22566
1710338400,2166.02,2169.8,2163.49,2168.94,16562
1710342000,2168.89,2174.53,2168.19,2171.76,15380
1710345600,2171.75,2174.69,2169.52,2173.62,11939
1710349200,2173.6,2179.81,2173.19,2174.46,14936
1710352800,2174.51,2176.49,2174.23,2174.75,5518
1710356400,2174.74,2175.49,2171.72,2172.55,5380
1710360000,2172.54,2175.19,2172.33,2174.23,3415
1710367200,2174.99,2175.4,2172.66,2174.59,1696
1710370800,2174.61,2176.21,2174.57,2175.48,2647
1710374400,2175.47,2176.57,2173.92,2176.28,4036
1710378000,2176.32,2176.96,2173.2,2174.71,8059
1710381600,2174.71,2175.38,2172.56,2172.69,4825
1710385200,2172.71,2174.03,2171.09,2172.21,4377
1710388800,2172.21,2172.46,2170.99,2171.75,2536
1710392400,2171.76,2171.94,2168.6,2168.79,5469
1710396000,2168.89,2170.17,2167.39,2168.71,8130
1710399600,2168.7,2169.04,2167.45,2168.59,6782
1710403200,2168.6,2170.03,2168.1,2169.59,8066
1710406800,2169.56,2171.98,2167.89,2170,7100
1710410400,2170,2170.84,2167.98,2170.52,6194
1710414000,2170.49,2170.77,2167.13,2168.47,6289
1710417600,2168.47,2170.41,2160.42,2162.75,23081
1710421200,2162.75,2167.28,2158.47,2162.46,27239
1710424800,2162.33,2163.83,2157.67,2161.95,20225
1710428400,2161.81,2162.22,2152.72,2157.21,20205
1710432000,2157.13,2160.28,2156.7,2158.69,11615
1710435600,2158.68,2164.98,2158.12,2160.17,10101
1710439200,2160.22,2162.39,2160.16,2161.38,5045
1710442800,2161.44,2163.57,2160.65,2163.51,4421
1710446400,2163.61,2163.86,2161.69,2162.15,1752
1710453600,2162.14,2162.35,2161.4,2161.43,983
1710457200,2161.43,2162.1,2160.87,2161.57,2036
1710460800,2161.61,2163.09,2160.6,2162.72,4141
1710464400,2162.67,2165.9,2162.3,2162.64,7521
1710468000,2162.65,2162.94,2161.54,2162.28,4754
1710471600,2162.29,2164.81,2161.74,2164.59,4389
1710475200,2164.58,2165.39,2163.83,2164.44,2560
1710478800,2164.5,2169.19,2163.46,2169.11,7168
1710482400,2169.13,2169.99,2167.15,2168.94,8628
1710486000,2168.95,2169.94,2166.65,2166.97,7284
1710489600,2166.95,2169.37,2165.24,2169.04,8852
1710493200,2169.06,2172.66,2167.45,2171.81,6210
1710496800,2171.83,2172.62,2168.61,2169.3,6656
1710500400,2169.31,2169.35,2166.14,2166.97,6298
1710504000,2166.94,2167.34,2157.55,2161.81,17790
1710507600,2161.76,2163.33,2156.46,2160.05,19266
1710511200,2160.08,2166.66,2159.13,2164.2,20796
1710514800,2164.19,2164.23,2158.12,2159.99,13044
1710518400,2159.97,2163.44,2157.8,2158.76,10965
1710522000,2158.75,2160.58,2155.17,2156.77,8530
1710525600,2156.81,2160.27,2156.5,2159.3,4055
1710529200,2159.3,2159.48,2156.37,2156.85,3403
1710532800,2157.1,2158.23,2155.4,2156.1,1802
1710712800,2152.4,2156.01,2152.01,2154.97,3468
1710716400,2154.89,2156.9,2153.94,2156.58,3517
1710720000,2156.5,2157.52,2155,2156.6,4848
1710723600,2156.6,2156.61,2150.17,2152.3,9943
1710727200,2152.33,2153.47,2146.61,2147.85,7454
1710730800,2147.85,2148.05,2146.09,2146.7,4961
1710734400,2146.7,2148.23,2146.11,2147.36,2985
1710738000,2147.28,2148.33,2146.08,2147.04,4355
1710741600,2147.04,2149.06,2146.7,2148.06,4500
1710745200,2148.06,2152.18,2147.24,2152.13,6420
1710748800,2152.1,2154.43,2150.14,2153.52,10026
1710752400,2153.48,2155.87,2153.34,2154.84,7368
1710756000,2154.89,2158.5,2154.63,2158.22,6661
1710759600,2158.2,2161.24,2158.15,2161.04,7738
1710763200,2161.05,2163.52,2158.22,2159.1,14448
1710766800,2159.09,2161.05,2155.49,2156.7,16975
1710770400,2156.67,2160.75,2156.62,2158.46,13455
1710774000,2158.49,2161.32,2157,2158.38,10597
1710777600,2158.4,2160.75,2154.58,2159.94,9832
1710781200,2159.96,2161.16,2158.06,2159.94,8212
1710784800,2159.94,2160.61,2159.1,2159.41,4395
1710788400,2159.49,2160.98,2159.35,2160.21,3022
1710792000,2160.27,2160.39,2159.41,2160.34,1630
1710799200,2160.17,2162.43,2160.06,2161.1,2315
1710802800,2161.09,2162.16,2160.44,2162.05,1588
1710806400,2162.05,2162.78,2160.42,2160.58,4026
1710810000,2160.54,2162.15,2158.54,2160.49,7125
1710813600,2160.49,2162.76,2159.96,2160.81,5268
1710817200,2160.8,2162.34,2159.77,2161.52,7795
1710820800,2161.52,2162.09,2159.6,2160.19,5016
1710824400,2160.18,2160.41,2157.04,2157.63,6733
1710828000,2157.59,2157.75,2154.01,2156.74,9707
1710831600,2156.74,2157.28,2154.09,2155.79,7991
1710835200,2155.82,2155.95,2147.07,2153.07,14631
1710838800,2153.09,2154.48,2151.65,2153.24,8072
1710842400,2153.26,2156.34,2152.42,2154.14,8921
1710846000,2154.05,2156.73,2153.71,2155.6,7695
1710849600,2155.63,2158.64,2150.76,2156.89,14923
1710853200,2156.87,2158.65,2150.39,2151.17,16668
1710856800,2151.23,2155.4,2148.36,2154.96,14368
1710860400,2154.95,2155.63,2150.66,2154.27,10489
1710864000,2154.3,2155.99,2153.08,2154.47,9204
1710867600,2154.5,2157.33,2154.29,2156.86,8292
1710871200,2156.86,2157.72,2155.46,2156.73,4373
1710874800,2156.74,2157.94,2156.21,2157.75,3381
1710878400,2157.77,2158.49,2157.33,2157.58,1736
1710885600,2157.82,2159.58,2157.71,2158.68,1130
1710889200,2158.69,2158.7,2156.98,2157.05,2585
1710892800,2157.06,2157.44,2155.2,2157.12,3821
1710896400,2157.17,2160,2156.54,2158.66,5896
1710900000,2158.64,2159.73,2157.12,2158.91,4399
1710903600,2158.82,2159.83,2158.34,2159.77,3102
1710907200,2159.89,2160.18,2156.8,2156.85,4194
1710910800,2156.84,2158.23,2156.54,2157.41,3702
1710914400,2157.39,2158.21,2156.37,2156.94,4659
1710918000,2156.99,2159.46,2156.85,2158.23,5976
1710921600,2158.12,2158.34,2154.46,2156.14,7374
1710925200,2156.14,2156.14,2153.07,2154.71,6168
1710928800,2154.63,2154.88,2152.34,2154.34,6497
1710932400,2154.34,2155.01,2152.22,2153.94,5859
1710936000,2153.93,2155.2,2149.57,2153.14,11046
1710939600,2153.18,2158.64,2150.45,2157.89,16567
1710943200,2157.87,2164.83,2155.59,2157.07,19873
1710946800,2157.08,2158.61,2154.6,2155.83,10370
1710950400,2155.85,2158.66,2155.54,2157.65,7786
1710954000,2157.66,2159.6,2156.25,2156.83,7607
1710957600,2156.69,2183.64,2156.34,2182.05,43819
1710961200,2182.28,2188.77,2178.4,2182.84,23826
1710964800,2182.84,2187.22,2182.84,2186.2,5827
1710972000,2186.42,2222.68,2185.72,2200.79,11874
1710975600,2200.83,2206.31,2196.38,2203.92,9001
1710979200,2203.95,2203.98,2192.4,2198.98,14001
1710982800,2198.89,2212.3,2197.97,2204.82,18532
1710986400,2204.81,2206.27,2202.64,2203.4,8356
1710990000,2203.4,2204.97,2201.71,2202.72,4934
1710993600,2202.82,2204.09,2201.79,2203.28,4032
1710997200,2203.3,2205.15,2201.82,2204.89,5575
1711000800,2204.81,2209.48,2204.26,2207.19,8697
1711004400,2207.03,2210.18,2206.35,2206.49,10904
1711008000,2206.49,2206.67,2196.84,2201.52,17336
1711011600,2201.56,2206.02,2199.9,2205.37,13341
1711015200,2205.36,2211.72,2205.21,2207.64,11802
1711018800,2207.65,2208.72,2205.36,2207.53,9295
1711022400,2207.54,2208.86,2203.17,2207.69,17638
1711026000,2207.68,2208.1,2191.56,2191.77,26064
1711029600,2191.48,2191.87,2175.61,2176.59,31624
1711033200,2176.56,2176.85,2166.38,2174.62,23401
1711036800,2174.65,2180.29,2172.95,2179.87,12746
1711040400,2179.92,2183.75,2178.53,2180.86,10801
1711044000,2180.87,2184.03,2180.42,2182.84,5010
1711047600,2182.86,2183.62,2180.28,2181.44,4417
1711051200,2181.49,2182.5,2180.52,2181.29,1985
1711058400,2181.08,2182.54,2180.85,2181.19,1457
1711062000,2181.19,2181.85,2180.88,2181.74,1849
1711065600,2181.68,2186.04,2180.94,2184.98,5638
1711069200,2184.98,2185.88,2172.68,2173.42,12807
1711072800,2173.45,2177.09,2171.79,2172.55,12702
1711076400,2172.51,2176.18,2172.21,2173.7,7795
1711080000,2173.7,2175.36,2173.18,2173.56,4785
1711083600,2173.57,2175.74,2173.03,2174.22,6212
1711087200,2174.21,2176.27,2169.88,2170.06,8857
1711090800,2170.05,2170.43,2162.56,2168.42,13656
1711094400,2168.35,2169.22,2164.89,2167.93,12127
1711098000,2167.93,2170.14,2165.64,2166.62,10478
1711101600,2166.64,2168.56,2165.88,2167.19,8671
1711105200,2167.22,2168.12,2165.2,2166.07,7301
1711108800,2166.07,2176.28,2165.82,2174.53,16532
1711112400,2174.57,2180.09,2172.52,2178.09,18575
1711116000,2178.17,2179.86,2171.22,2173.92,18643
1711119600,2173.84,2173.84,2165.43,2166.1,16489
1711123200,2165.95,2167.49,2161.56,2162.57,11898
1711126800,2162.64,2164.87,2157.09,2159.12,12881
1711130400,2159.14,2164.78,2158.71,2163.06,7356
1711134000,2163.11,2165.14,2161.81,2163.99,4382
1711137600,2164.07,2167.19,2163.6,2165.47,3890
1711317600,2165.38,2167.73,2164.87,2166.51,3207
1711321200,2166.43,2168.91,2166.06,2168.38,4821
1711324800,2168.43,2169.41,2163.97,2165.49,7546
1711328400,2165.56,2176.9,2163.97,2175.16,18255
1711332000,2175.15,2178.31,2173.75,2175.11,9669
1711335600,2175.15,2175.17,2170.09,2170.55,7879
1711339200,2170.52,2171.66,2169.19,2169.43,4638
1711342800,2169.47,2171.1,2167.78,2169.8,6976
1711346400,2169.83,2170.54,2164.29,2165.5,8305
1711350000,2165.46,2168.78,2163.51,2165.9,8474
1711353600,2165.87,2168.97,2163.83,2165.68,10043
1711357200,2165.67,2168.78,2164.34,2168.41,7832
1711360800,2168.42,2171.15,2167.6,2168.45,7369
1711364400,2168.43,2171.86,2167.92,2170.48,7540
1711368000,2170.46,2177.07,2170.33,2174.5,13945
1711371600,2174.51,2181.29,2172.98,2177.12,16511
1711375200,2177.14,2180.49,2175.32,2177.85,14394
1711378800,2177.89,2177.89,2174.88,2175.41,9173
1711382400,2175.31,2177.87,2175.02,2175.77,6765
1711386000,2175.77,2176.63,2174.24,2174.7,7162
1711389600,2174.68,2174.69,2173.02,2173.23,3818
1711393200,2173.26,2173.68,2170.69,2170.96,4147
1711396800,2171.07,2172.25,2170.76,2171.64,1976
1711404000,2171.71,2173.44,2171.24,2171.9,2329
1711407600,2171.93,2173.34,2171.23,2172.93,3348
1711411200,2172.91,2174.5,2172.35,2173.89,4938
1711414800,2173.9,2174.33,2167.62,2169.44,12621
1711418400,2169.54,2171.62,2169.29,2170.72,5810
1711422000,2170.71,2172.42,2169.63,2170.33,5684
1711425600,2170.34,2172.78,2170.09,2172.34,2689
1711429200,2172.29,2173.42,2171.46,2172.91,5649
1711432800,2172.92,2174.16,2170.47,2171.48,8087
1711436400,2171.45,2174.25,2169.6,2173.01,7059
1711440000,2172.99,2179.26,2171.55,2178.25,10468
1711443600,2178.25,2195.11,2178.19,2190.88,14566
1711447200,2190.87,2199.97,2190.77,2197.72,12271
1711450800,2197.71,2199.14,2195.03,2196.46,10265
1711454400,2196.49,2197.35,2186.62,2187.93,14540
1711458000,2188.01,2192.87,2178.29,2183,20114
1711461600,2183.32,2186.26,2179.15,2179.33,18445
1711465200,2179.09,2181.44,2171.67,2174.26,16218
1711468800,2174.29,2178.38,2174.24,2176.81,9084
1711472400,2176.77,2179.16,2175.97,2176.78,8427
1711476000,2176.74,2178.52,2175.92,2177.63,4820
1711479600,2177.64,2178.27,2176.59,2177.91,3938
1711483200,2177.97,2178.62,2174.66,2178.62,2257
1711490400,2177.63,2179.43,2176.72,2178.39,1987
1711494000,2178.37,2179.86,2178.14,2179.48,3002
1711497600,2179.51,2180.16,2176.6,2177.43,3743
1711501200,2177.38,2180.31,2173.14,2175.14,8962
1711504800,2175.14,2177.63,2174.74,2176.03,4812
1711508400,2175.97,2181.62,2175.7,2177.73,5446
1711512000,2177.72,2180.14,2177.3,2178.38,2844
1711515600,2178.39,2178.46,2175.73,2176.96,4107
1711519200,2176.94,2180.11,2176.48,2177.67,4344
1711522800,2177.63,2180.79,2176.98,2180.56,6421
1711526400,2180.54,2182.63,2176.56,2177.38,7269
1711530000,2177.27,2193.83,2176.51,2189.24,12981
1711533600,2189.16,2194.46,2188.7,2193.74,11342
1711537200,2193.72,2197.59,2187.27,2188.46,11953
1711540800,2188.45,2189.36,2184.4,2186.11,14156
1711544400,2186.13,2193.46,2183.55,2193.37,18788
1711548000,2193.39,2195.26,2189.81,2193.49,16252
1711551600,2193.5,2194.1,2188.29,2190.46,11462
1711555200,2190.46,2192.76,2189.88,2192.49,9239
1711558800,2192.43,2194.08,2189.03,2190.37,8924
1711562400,2190.42,2192.46,2189.05,2192.46,4312
1711566000,2192.52,2194.26,2190.82,2193.4,4300
1711569600,2193.48,2195.19,2192.93,2194.84,3656
1711576800,2191.12,2193.88,2190.14,2192.41,3647
1711580400,2192.4,2192.41,2190.62,2190.66,1865
1711584000,2190.67,2190.88,2187.34,2189.06,5657
1711587600,2189.1,2190.54,2187.55,2189.36,7315
1711591200,2189.43,2196.11,2189.08,2194.85,7926
1711594800,2194.84,2196.4,2194.11,2194.81,5314
1711598400,2194.81,2196.86,2194.38,2195.66,2677
1711602000,2195.62,2200.62,2194.42,2197.24,6356
1711605600,2197.2,2198.92,2195.18,2198.67,7006
1711609200,2198.78,2198.83,2192.67,2193.76,8369
1711612800,2193.65,2197.45,2190.86,2194.73,9451
1711616400,2194.75,2197.88,2192.42,2197.81,6917
1711620000,2197.85,2213.8,2197.15,2212.22,15473
1711623600,2212.32,2213.36,2207.19,2210.41,12383
1711627200,2210.39,2216.96,2205.68,2215.64,23427
1711630800,2215.66,2217.15,2202.22,2206.62,25804
1711634400,2206.68,2214.94,2204.26,2214.34,21119
1711638000,2214.24,2216.93,2212.21,2215.93,15597
1711641600,2215.93,2225.51,2213.49,2220.37,17829
1711645200,2220.38,2223.26,2216.68,2221.97,12600
1711648800,2221.9,2222.39,2218.32,2220.46,5510
1711652400,2220.41,2222.23,2217.93,2221.81,5675
1711656000,2221.81,2236.16,2219.6,2232.79,5641
1711922400,2240.09,2242.94,2234.68,2236.91,8018
1711926000,2237.03,2247.37,2235.65,2245.93,7385
1711929600,2246.01,2256.31,2243.94,2250.04,12063
1711933200,2250.06,2259.59,2250.06,2255.77,17596
1711936800,2255.82,2258.24,2254.95,2257.35,7292
1711940400,2257.34,2265.15,2256.59,2264.45,9965
1711944000,2264.51,2265.62,2258.07,2260.34,7542
1711947600,2260.34,2263.35,2257.98,2261.61,7620
1711951200,2261.57,2262.7,2258.97,2260.28,7430
1711954800,2260.28,2263.13,2256.92,2257.57,5742
1711958400,2257.48,2260.11,2255.82,2257.25,5423
1711962000,2257.25,2258.35,2249.24,2251.72,6660
1711965600,2251.72,2253.31,2245.54,2247.8,7359
1711969200,2247.82,2250.91,2246.46,2246.71,7570
1711972800,2246.71,2252.64,2243.58,2252.54,16568
1711976400,2252.59,2257.87,2239.11,2246.3,26985
1711980000,2246.33,2246.33,2228.47,2235.88,30530
1711983600,2235.85,2240.53,2233.72,2239.66,15149
1711987200,2239.68,2243.43,2237.1,2238.08,11825
1711990800,2238.1,2239.33,2234.71,2239.11,8111
1711994400,2239.1,2241.24,2238.09,2239.36,4520
1711998000,2239.38,2244.72,2239.06,2244.7,4688
1712001600,2244.66,2251.35,2243.02,2251.28,4831
1712008800,2250.97,2255.83,2248.54,2253.52,3674
1712012400,2253.52,2253.58,2248.61,2249.02,3409
1712016000,2249.01,2253.65,2247.8,2250.4,8338
1712019600,2250.41,2250.41,2246.7,2248.96,11519
1712023200,2248.93,2255.08,2247.78,2254.27,9168
1712026800,2254.33,2255.24,2251.18,2251.53,7985
1712030400,2251.51,2259.87,2250.5,2256.67,6158
1712034000,2256.61,2257.09,2252.24,2253.55,7887
1712037600,2253.55,2256.11,2252.35,2255.63,9515
1712041200,2255.58,2257.63,2253.15,2256.39,9385
1712044800,2256.26,2262.79,2256.11,2261.03,11342
1712048400,2261.05,2266.81,2259.64,2260.66,10339
1712052000,2260.67,2264.69,2255.2,2262.13,9838
1712055600,2262.1,2262.16,2255.99,2260.58,10215
1712059200,2260.56,2261.5,2253.31,2257.57,16958
1712062800,2257.54,2266.82,2254.53,2265.25,25709
1712066400,2265.16,2276.96,2257.24,2260.7,33868
1712070000,2260.73,2261.18,2250.75,2258.68,23938
1712073600,2258.68,2261.34,2254.13,2260.31,13251
1712077200,2260.31,2266.67,2259.48,2265.94,11003
1712080800,2265.92,2272.63,2265.5,2271.41,13030
1712084400,2271.43,2279.35,2270.98,2277.43,11339
1712088000,2277.46,2281,2275.71,2280.47,4739
1712095200,2280.93,2288.28,2279.59,2281.69,6996
1712098800,2281.78,2283.65,2277.85,2279.92,3877
1712102400,2279.67,2285.84,2279.28,2283.28,9317
1712106000,2283.3,2283.38,2276.75,2282.56,13639
1712109600,2282.54,2284.59,2281.58,2283.36,6320
1712113200,2283.55,2287.92,2283.12,2285.04,8205
1712116800,2285.07,2287.06,2283.65,2283.65,4164
1712120400,2283.68,2286.02,2280.96,2285.96,7359
1712124000,2285.99,2285.99,2281.01,2282.02,9696
1712127600,2282.04,2282.04,2270.42,2271.16,13151
1712131200,2271.13,2276.04,2267.7,2273.24,12271
1712134800,2273.17,2274.74,2269.67,2272,8800
1712138400,2272.03,2273.41,2269.96,2272.69,7511
1712142000,2272.73,2274.5,2268.83,2273.72,8273
1712145600,2273.73,2275.19,2265.4,2274.87,20916
1712149200,2274.91,2278.83,2271.65,2274.8,22932
1712152800,2274.93,2285.28,2274.16,2282.72,27260
1712156400,2282.75,2288.39,2280.62,2286.3,19793
1712160000,2286.29,2295.2,2280.71,2293.83,22247
1712163600,2293.81,2295.53,2288.86,2295.05,12526
1712167200,2294.93,2297.9,2293.88,2296.4,6574
1712170800,2296.37,2298.84,2294.64,2297.45,7222
1712174400,2297.53,2301.17,2297.22,2299.61,3747
1712181600,2299.71,2302.57,2297.74,2301.76,5046
1712185200,2301.72,2301.72,2296.32,2297.53,5454
1712188800,2297.59,2302.52,2297.22,2302.21,8462
1712192400,2302.31,2304.79,2297.5,2301.04,8219
1712196000,2301.09,2302.11,2297.81,2299.56,4703
1712199600,2299.52,2300.56,2297.61,2299.19,4213
1712203200,2299.24,2300.21,2298.28,2298.89,3197
1712206800,2298.83,2300.71,2294.99,2295.27,5139
1712210400,2295.32,2297.35,2294.76,2295.86,5550
1712214000,2295.96,2298.15,2291.86,2293,11048
1712217600,2292.99,2294.57,2291.09,2291.63,8167
1712221200,2291.63,2294.16,2290.82,2293.26,6591
1712224800,2293.31,2295.06,2292.54,2294.53,5523
1712228400,2294.5,2295.21,2288.78,2289.3,7684
1712232000,2289.39,2289.97,2282.73,2288.15,20971
1712235600,2288.21,2291.14,2284.71,2287.58,19662
1712239200,2287.57,2299.35,2287.14,2295.11,23444
1712242800,2295.13,2295.56,2290.28,2292.08,14687
1712246400,2291.97,2293.2,2286.44,2286.8,11289
1712250000,2286.83,2294.09,2286.37,2294.03,10696
1712253600,2294,2305.61,2292.96,2304.11,19491
1712257200,2304.11,2304.69,2279.68,2284.91,23602
1712260800,2285.05,2291.59,2284.83,2290.93,5616
1712268000,2291.01,2293.33,2288.3,2289.65,3026
1712271600,2289.69,2291.22,2288.69,2288.75,2494
1712275200,2288.77,2290.25,2282.84,2283.09,10011
1712278800,2283.08,2284.11,2267.77,2271.83,17580
1712282400,2271.71,2274.78,2270.82,2273.83,6815
1712286000,2273.79,2279.32,2273.58,2276.69,6798
1712289600,2276.74,2279.86,2276.55,2278.04,4471
1712293200,2278.04,2282.26,2277.36,2279.78,6548
1712296800,2279.77,2283.16,2276.58,2279.13,8918
1712300400,2279.15,2290.63,2279.06,2289.09,13501
1712304000,2289.09,2291.79,2284.82,2288.08,10539
1712307600,2288.07,2293.57,2286.63,2291.03,8123
1712311200,2291.02,2296.09,2290.75,2293.97,7949
1712314800,2293.93,2294.68,2289.78,2291.18,7353
1712318400,2290.98,2295.23,2280.25,2290.83,27593
1712322000,2290.93,2303.66,2286.99,2299.8,32056
1712325600,2299.75,2324.78,2295.88,2317.6,34637
1712329200,2317.67,2328.43,2315.27,2326.23,26447
1712332800,2326.24,2329.52,2322.22,2327.18,15107
1712336400,2327.32,2330.47,2324.54,2326.21,12603
1712340000,2326.22,2328.38,2323.59,2325.24,9253
1712343600,2325.22,2325.29,2320.63,2323.21,8350
1712347200,2323.23,2329.93,2322.82,2328.38,3744
1712527200,2322.14,2328.27,2303.87,2307.48,10263
1712530800,2307.47,2314.2,2306.04,2311.28,8350
1712534400,2311.34,2312.06,2306.07,2306.19,10440
1712538000,2306.12,2325.04,2302.89,2324.18,25016
1712541600,2324.14,2353.83,2321.69,2348.05,26811
1712545200,2348.09,2349.89,2340.96,2345.42,15847
1712548800,2345.42,2345.45,2339.99,2342.17,7753
1712552400,2342.55,2343.68,2331.88,2334.56,13879
1712556000,2334.69,2341.23,2331.78,2336.25,14000
1712559600,2336.25,2338.97,2333.73,2337.67,11485
1712563200,2337.69,2341.43,2333.35,2336.26,12253
1712566800,2336.24,2337.86,2334.18,2337.59,7259
1712570400,2337.58,2343.5,2335.18,2340.1,8895
1712574000,2340.27,2342.41,2336.48,2337.32,10414
1712577600,2337.35,2338.02,2322.67,2329,24589
1712581200,2329.09,2335.78,2325.58,2327.38,29674
1712584800,2327.43,2329.32,2318.7,2328.88,27218
1712588400,2328.88,2331.69,2325.65,2327.89,16376
1712592000,2327.98,2330.28,2326.04,2328.55,10763
1712595600,2328.62,2339.28,2327.57,2338.02,13301
1712599200,2338.07,2342.05,2337.04,2338.96,9590
1712602800,2339.05,2340.61,2337.13,2338.4,6652
1712606400,2338.43,2339.42,2337.92,2338.99,2255
1712613600,2337.97,2338.99,2336.82,2338.71,1883
1712617200,2338.78,2340.51,2337.64,2338.81,2564
1712620800,2338.81,2341.72,2338.57,2340.87,5250
1712624400,2340.82,2348.41,2337.82,2339.96,19297
1712628000,2339.84,2345.79,2338.42,2345.22,10325
1712631600,2345.16,2346.55,2343.11,2343.96,6722
1712635200,2343.97,2346.18,2343.1,2344.19,4845
1712638800,2344.24,2348,2343.93,2345.09,7526
1712642400,2345.1,2346.83,2343.09,2344.56,12064
1712646000,2344.48,2356.92,2344.38,2353.94,15942
1712649600,2354.18,2359.32,2351.45,2357.54,13877
1712653200,2357.56,2365.34,2357.2,2363.23,14875
1712656800,2363.23,2364.22,2355.89,2356.48,13225
1712660400,2356.43,2356.71,2349.59,2354.46,13615
1712664000,2354.49,2357.32,2345.72,2349.36,22542
1712667600,2349.36,2361.06,2348.12,2355.41,30254
1712671200,2355.25,2364.29,2345.2,2352.84,32493
1712674800,2352.86,2353.7,2338.27,2340.3,27130
1712678400,2340.39,2347.08,2340.06,2345.02,16465
1712682000,2345.03,2349.74,2341.96,2347.33,14408
1712685600,2347.34,2350,2345.57,2349.64,8982
1712689200,2349.58,2351.53,2345.28,2351.18,7971
1712692800,2351.17,2354.62,2350.68,2352.42,3412
1712700000,2352.83,2354.19,2350.45,2352.26,3020
1712703600,2352.25,2355.11,2351.53,2354.94,3115
1712707200,2354.84,2355.58,2350.95,2351.65,5018
1712710800,2351.68,2352.03,2344.72,2349.41,14112
1712714400,2349.47,2354.28,2348.9,2352.12,9613
1712718000,2352.11,2353.55,2350.72,2351.32,5248
1712721600,2351.29,2356.82,2350.88,2356.24,4760
1712725200,2356.22,2360.05,2355.77,2357.39,10434
1712728800,2357.6,2359.94,2353.94,2356.07,12008
1712732400,2355.88,2357.74,2352.53,2353.11,10326
1712736000,2353.39,2355.91,2352.4,2354.52,8579
1712739600,2354.48,2354.78,2344.92,2347.67,10801
1712743200,2347.61,2350.16,2345.24,2347.43,8891
1712746800,2347.52,2349.46,2344.78,2347.03,9211
1712750400,2346.96,2350.76,2327.8,2338.43,32468
1712754000,2338.45,2339.58,2319.41,2333.97,44289
1712757600,2334.25,2352.35,2332.23,2346.23,38204
1712761200,2346.21,2347.7,2330.05,2336.96,28793
1712764800,2336.92,2340.83,2335.91,2337.23,17169
1712768400,2337.2,2345.08,2325.81,2337.65,25541
1712772000,2337.65,2340.95,2326.19,2327.46,15576
1712775600,2327.42,2330.91,2327.18,2329.65,12082
1712779200,2329.64,2333.61,2329.6,2333.53,4543
1712786400,2332.86,2336.78,2332.79,2335.93,2555
1712790000,2335.93,2337.19,2334.14,2335.59,2678
1712793600,2335.63,2336,2333.31,2335.23,6625
1712797200,2335.15,2342.24,2334.04,2340.68,14083
1712800800,2340.52,2345.73,2339.49,2343.84,8903
1712804400,2343.85,2346.82,2342.93,2343.94,7674
1712808000,2343.93,2346.04,2341.5,2342.92,5561
1712811600,2342.94,2344.62,2338.9,2341.91,9562
1712815200,2341.9,2342.15,2333.88,2336.01,15957
1712818800,2336.04,2340.73,2335.22,2336.38,15499
1712822400,2336.41,2337.95,2325.62,2328.02,16919
1712826000,2327.95,2335.2,2327.92,2330.79,12620
1712829600,2330.77,2339.26,2330.69,2338.53,11481
1712833200,2338.52,2339.65,2335.52,2337.29,11672
1712836800,2337.29,2344.38,2331.65,2341.34,31213
1712840400,2341.24,2347.46,2336.83,2343.31,32789
1712844000,2343.33,2346.89,2332.35,2338.97,33923
1712847600,2339.06,2345.53,2337.59,2344.78,21700
1712851200,2344.77,2350.77,2342.74,2349.84,19628
1712854800,2349.84,2357.23,2348.03,2356.3,22033
1712858400,2356.33,2365.04,2355.75,2361.46,17728
1712862000,2361.49,2374.65,2361.41,2372.81,14414
1712865600,2373.07,2377.68,2371.5,2372.31,7499
1712872800,2371.25,2379.44,2371.25,2373.86,5129
1712876400,2373.9,2377.06,2373.83,2376.82,4332
1712880000,2376.81,2379.14,2374.57,2378.65,7413
1712883600,2378.76,2391.4,2378.69,2390.75,24183
1712887200,2390.66,2395.36,2387.85,2390.54,16069
1712890800,2390.66,2391.2,2382.93,2384.24,9485
1712894400,2384.27,2387.06,2382.8,2384.14,5641
1712898000,2384.14,2390.1,2383.39,2387.43,9004
1712901600,2387.3,2395.22,2384.69,2395.09,14698
1712905200,2395.06,2400.29,2392.84,2399.88,17516
1712908800,2399.87,2400.55,2394.16,2396.63,13332
1712912400,2396.67,2400.27,2393.32,2398.1,10997
1712916000,2398.14,2400.36,2395.93,2398.12,10596
1712919600,2398.14,2398.15,2390.43,2395.43,14573
1712923200,2395.46,2397.66,2391.56,2395.86,23837
1712926800,2395.93,2406.53,2393.44,2404.05,34769
1712930400,2404.21,2428.94,2400.27,2426.62,38089
1712934000,2426.6,2431.47,2382.16,2395.55,46403
1712937600,2395.41,2395.41,2360.72,2369.21,38873
1712941200,2369.24,2373.02,2346.4,2355.1,33093
1712944800,2354.94,2356.66,2335.35,2338.73,19722
1712948400,2338.75,2345.38,2333.79,2343.31,13790
1712952000,2343.37,2345.07,2341.69,2344.72,4362
1713132000,2362.4,2372.4,2346.82,2356.76,13612
1713135600,2356.75,2365.3,2354.92,2364.6,7693
1713139200,2364.69,2365.85,2350.56,2353.18,14185
1713142800,2353.17,2359.61,2348.37,2355.61,21838
1713146400,2355.64,2364.62,2353.5,2359.59,13337
1713150000,2359.6,2360.32,2354.72,2358.51,8951
1713153600,2358.36,2358.61,2355.61,2356.71,4797
1713157200,2356.62,2362.45,2351.99,2361.11,10845
1713160800,2361.01,2361.5,2353.14,2354.81,18244
1713164400,2354.82,2356.37,2349.93,2353.09,15998
1713168000,2353.03,2355.93,2344.7,2351.63,18046
1713171600,2351.56,2353.5,2346.3,2349.69,11097
1713175200,2349.74,2357.05,2349.23,2356.8,9248
1713178800,2356.71,2361.23,2355.54,2358.04,12602
1713182400,2358.02,2359.3,2350.71,2357.3,21628
1713186000,2357.4,2361.06,2343.12,2348.67,29595
1713189600,2348.57,2352.45,2324.22,2349.44,37665
1713193200,2349.41,2352.57,2342.62,2351.66,23609
1713196800,2351.66,2360.06,2346.17,2357.18,20706
1713200400,2357.16,2370.64,2354.08,2365.51,24490
1713204000,2365.51,2378.12,2363.73,2375.98,15846
1713207600,2375.94,2387.62,2374.01,2386.35,18247
1713211200,2386.7,2386.7,2380.05,2383.2,5299
1713218400,2380.74,2392.11,2380.74,2384.32,4880
1713222000,2384.37,2387.34,2381.15,2382.05,3538
1713225600,2381.96,2387.71,2380.11,2383.45,10064
1713229200,2383.48,2386.94,2379.23,2383.72,16560
1713232800,2383.83,2387.99,2379.49,2386.11,10863
1713236400,2386.02,2389.34,2384.45,2387.98,8615
1713240000,2388.02,2388.24,2384.06,2386.14,6819
1713243600,2386.14,2389.03,2384.93,2386.39,8290
1713247200,2386.34,2388.13,2368.7,2372.97,21253
1713250800,2372.84,2375.28,2363.02,2365.55,17529
1713254400,2365.6,2371.89,2365.14,2369.41,13072
1713258000,2369.38,2373.22,2367.54,2372.3,11969
1713261600,2372.32,2375.32,2368.71,2370.19,12034
1713265200,2370.16,2375.27,2369.7,2373.99,12117
1713268800,2374.04,2378.17,2368.51,2376.24,19707
1713272400,2376.41,2379.3,2365.31,2366.25,36137
1713276000,2366.14,2383.39,2363.54,2382.93,35515
1713279600,2383.02,2392.99,2377.92,2386.05,31806
1713283200,2386.06,2398.32,2385.52,2397.55,22583
1713286800,2397.55,2397.74,2379.77,2384.63,27224
1713290400,2384.76,2396.47,2383.52,2392.35,21022
1713294000,2392.35,2395.24,2389.02,2389.69,12123
1713297600,2389.86,2390.39,2378.39,2382.61,4950
1713304800,2383.05,2386.9,2382.42,2384.88,3232
1713308400,2384.87,2386.79,2382.44,2382.7,4853
1713312000,2382.78,2384.66,2380.8,2384.41,8097
1713315600,2384.43,2385.52,2381.27,2384.63,13437
1713319200,2384.63,2386.24,2382.27,2382.34,8426
1713322800,2382.19,2383.72,2380.66,2381.68,6527
1713326400,2381.66,2383.07,2380.29,2381.93,3702
1713330000,2381.88,2382.06,2374.22,2377.54,9817
1713333600,2377.52,2381.55,2372.64,2381.04,16163
1713337200,2380.99,2383.2,2377.88,2382.53,12633
1713340800,2382.52,2393.65,2382.52,2392.93,14279
1713344400,2392.93,2394.32,2389.78,2392.11,12512
1713348000,2392.14,2393.82,2385.01,2386.59,11757
1713351600,2386.59,2390.28,2385.81,2387.35,9938
1713355200,2387.47,2388,2378.38,2383.31,20259
1713358800,2383.3,2395.19,2382.96,2393.36,29372
1713362400,2393.38,2395.59,2386.12,2390.49,28147
1713366000,2390.48,2393.59,2381.99,2382.18,24851
1713369600,2382.31,2384.47,2361.05,2372.39,31923
1713373200,2372.35,2376.01,2368.11,2372.21,22858
1713376800,2372.5,2379.1,2371.92,2374.42,14609
1713380400,2374.4,2375.08,2367.86,2372.64,12031
1713384000,2372.62,2373.22,2354.38,2361.11,5718
1713391200,2363.33,2367.62,2363.21,2365.15,2962
1713394800,2365.16,2368.08,2363.62,2367.8,3482
1713398400,2367.9,2370.08,2366.89,2369.75,6391
1713402000,2369.73,2372.04,2364.02,2367.3,15461
1713405600,2367.29,2374.94,2366.67,2373.09,12476
1713409200,2373.1,2375.32,2372.33,2374.86,9000
1713412800,2374.83,2376.51,2373.13,2375.14,5110
1713416400,2375.25,2377.1,2373.75,2376.75,10392
1713420000,2376.86,2380.84,2376.29,2380.62,15452
1713423600,2380.55,2381.01,2374.98,2377.9,11733
1713427200,2377.81,2380.78,2377.43,2379.99,10920
1713430800,2379.98,2380.82,2377.76,2379.61,8228
1713434400,2379.61,2384,2377.26,2383.07,9224
1713438000,2383.03,2385.38,2378.99,2380.95,11605
1713441600,2380.93,2387.51,2380.67,2385.51,21701
1713445200,2385.48,2392.78,2375.41,2379.7,35790
1713448800,2379.45,2384.93,2369.53,2379.93,33548
1713452400,2379.86,2385.44,2378.61,2384.14,23044
1713456000,2384.23,2388.78,2381.57,2387.98,18598
1713459600,2388.05,2389.35,2382.27,2384.87,16781
1713463200,2384.81,2384.84,2379.55,2381.67,12462
1713466800,2381.71,2385.15,2378.13,2380.27,9414
1713470400,2380.2,2380.52,2376.87,2378.91,3099
1713477600,2378.46,2380.51,2378.22,2379.1,1516
1713481200,2379.09,2381.49,2379.04,2379.87,2856
1713484800,2379.85,2379.87,2373.76,2379.54,9614
1713488400,2379.52,2417.81,2378.77,2409.34,39160
1713492000,2409.47,2414.74,2395.35,2400.39,30338
1713495600,2400.36,2402.46,2382.85,2391.31,28654
1713499200,2391.28,2391.34,2379.4,2383.5,14773
1713502800,2383.58,2384.39,2380.24,2381.26,13947
1713506400,2381.24,2391.82,2378.62,2390.01,17604
1713510000,2390.08,2393.87,2384.65,2385.34,16116
1713513600,2385.34,2386.33,2378,2384.28,15650
1713517200,2384.27,2386.16,2379.92,2380.99,11651
1713520800,2380.85,2383.17,2379.35,2381.08,10523
1713524400,2381.1,2381.3,2372.84,2376.86,16409
1713528000,2376.96,2384.44,2374.53,2381.49,19721
1713531600,2381.46,2386.85,2373.02,2378.62,29134
1713535200,2378.66,2391.94,2378.58,2391.12,28756
1713538800,2391.12,2396.05,2389.27,2394.81,21633
1713542400,2394.8,2399.73,2389.86,2399.66,15556
1713546000,2399.67,2401.93,2392.35,2393.65,14953
1713549600,2393.77,2398.18,2392.78,2398.14,9019
1713553200,2398.23,2398.23,2386.64,2387.57,9088
1713556800,2388.18,2391.14,2386.66,2390.52,4132
1713736800,2386.32,2388.44,2380.87,2383.73,5252
1713740400,2383.76,2387.81,2383.13,2386.48,4824
1713744000,2386.45,2386.55,2381.11,2382.14,8562
1713747600,2382.15,2384.32,2376.05,2378.06,16898
1713751200,2378.06,2378.1,2372.64,2372.71,9185
1713754800,2372.73,2372.73,2361.8,2369.32,15495
1713758400,2369.34,2372.89,2368.73,2369.67,7441
1713762000,2370.05,2370.44,2360.87,2365.48,14661
1713765600,2365.34,2367.04,2351.44,2355.92,19966
1713769200,2355.73,2361.16,2354.95,2361.04,13800
1713772800,2360.99,2363.11,2357.97,2359.62,10149
1713776400,2359.57,2363.66,2359.15,2361.28,8688
1713780000,2361.21,2361.46,2356.14,2357.73,8437
1713783600,2357.74,2357.74,2339.39,2342.2,18264
1713787200,2341.91,2350.4,2333.07,2336.76,23114
1713790800,2336.75,2343.77,2331.16,2338.54,30770
1713794400,2338.39,2343.81,2333.03,2341.23,23795
1713798000,2341.23,2341.81,2332.71,2334.78,18824
1713801600,2334.83,2336.51,2328.92,2329.87,13696
1713805200,2329.86,2334.84,2329.59,2329.98,11155
1713808800,2329.99,2331,2324.85,2327.6,8645
1713812400,2327.64,2331.67,2327.38,2329.35,6327
1713816000,2329.26,2330.22,2325.3,2327.11,3058
1713823200,2328.58,2331.36,2326.89,2330.37,4034
1713826800,2330.39,2333.9,2328.06,2333.75,4342
1713830400,2333.68,2333.82,2330.14,2332.67,7023
1713834000,2332.6,2334.44,2295.53,2298.93,26422
1713837600,2298.89,2314.27,2298.3,2301.92,23016
1713841200,2301.84,2307.2,2300.87,2302.54,13194
1713844800,2302.55,2308.2,2301.72,2305.5,6895
1713848400,2305.5,2314.68,2304.29,2308.24,12266
1713852000,2308.22,2310.03,2298.86,2301.98,15651
1713855600,2301.95,2311.3,2301.18,2309.05,14611
1713859200,2309.09,2309.75,2301.89,2303.33,11262
1713862800,2303.28,2303.54,2291.31,2295.68,15158
1713866400,2295.67,2306.15,2295.35,2303.24,10882
1713870000,2303.1,2303.21,2299.74,2302.08,11390
1713873600,2302.09,2313.57,2301.2,2311.83,19182
1713877200,2311.84,2330.75,2309.45,2329.38,31106
1713880800,2329.44,2332.16,2314.52,2320.45,34464
1713884400,2320.47,2324.53,2315.26,2323.22,20437
1713888000,2323.19,2331.1,2321.69,2330.36,15370
1713891600,2330.28,2331.37,2325.09,2326.33,14175
1713895200,2326.41,2329.76,2323.66,2324.28,9443
1713898800,2324.29,2325.09,2321.24,2322.34,7441
1713902400,2322.68,2323.3,2321.42,2322.1,2808
1713909600,2321.82,2323.09,2321.32,2321.8,2213
1713913200,2321.86,2324.29,2321.82,2323.27,2980
1713916800,2323.3,2323.62,2320.76,2320.95,5873
1713920400,2320.95,2323.1,2316.11,2318.27,14506
1713924000,2318.29,2322.2,2315.76,2321.61,11619
1713927600,2321.62,2328.09,2320.83,2327.88,9500
1713931200,2327.84,2330.1,2325.16,2326.66,5677
1713934800,2326.64,2329.82,2324.52,2328.85,8196
1713938400,2328.85,2331.32,2324.29,2326.83,13649
1713942000,2326.75,2326.75,2320.68,2320.68,11921
1713945600,2320.69,2321.97,2316.06,2319.19,10999
1713949200,2319.19,2319.34,2311.77,2314.99,11636
1713952800,2314.96,2318.57,2314.33,2316.78,7641
1713956400,2316.74,2317.03,2313.22,2316.17,8387
1713960000,2316.18,2323.51,2312.12,2323.27,21011
1713963600,2323.26,2326.04,2316.09,2321.29,29374
1713967200,2321.44,2330.38,2316.89,2329.66,26582
1713970800,2329.71,2337.29,2322.57,2322.58,25282
1713974400,2322.52,2326.45,2321.83,2325.12,15532
1713978000,2325.08,2330.5,2321.82,2324.4,14655
1713981600,2324.47,2324.72,2318.64,2320.52,9941
1713985200,2320.53,2322.43,2317.78,2318.97,8502
1713988800,2319.02,2319.63,2313.62,2315.93,5008
1713996000,2315.78,2318.46,2315.02,2317.94,2028
1713999600,2317.95,2318.25,2315.41,2316.22,3935
1714003200,2316.23,2319.45,2315.45,2319.17,5356
1714006800,2319.15,2320.68,2315.98,2319.19,10796
1714010400,2319.19,2322.1,2318.89,2319.86,6860
1714014000,2319.76,2320.69,2304.81,2313.23,12707
1714017600,2313.22,2315.88,2312.36,2315.32,4177
1714021200,2315.34,2320.77,2314.44,2319.56,8778
1714024800,2319.68,2323.51,2317.73,2322.74,11316
1714028400,2322.65,2326.1,2320.2,2325.61,8327
1714032000,2325.63,2328.88,2324.9,2326.91,8909
1714035600,2326.91,2327.63,2324.14,2324.92,6471
1714039200,2324.96,2328.73,2324.28,2328.16,6523
1714042800,2328.2,2330.59,2326.69,2328.57,7905
1714046400,2328.52,2334.71,2323.15,2330.78,27462
1714050000,2330.88,2331.27,2312.75,2318.94,39587
1714053600,2319.04,2344.86,2316.97,2333.81,36058
1714057200,2333.87,2336.74,2327.16,2330.43,23248
1714060800,2330.48,2332.42,2323,2328.78,15592
1714064400,2328.71,2332.28,2326.26,2332.21,13807
1714068000,2332.25,2335.06,2330.67,2333.08,10678
1714071600,2333,2336.47,2331.57,2332.92,8311
1714075200,2332.95,2333.75,2330.91,2332.4,3544
1714082400,2331.97,2333.37,2331.2,2332.54,1775
1714086000,2332.48,2332.63,2330.09,2330.58,2282
1714089600,2330.59,2331.42,2328.74,2329.9,3804
1714093200,2329.85,2333.2,2326.25,2332.14,9423
1714096800,2332.14,2336.28,2331.12,2333.91,7390
1714100400,2333.91,2334.94,2332.21,2334.67,6466
1714104000,2334.67,2338.07,2333.5,2335.83,4924
1714107600,2335.82,2338.54,2333.93,2337.75,6583
1714111200,2337.84,2343.1,2337.31,2341,11368
1714114800,2341.02,2346.94,2338.13,2345.54,11237
1714118400,2345.51,2350.19,2344.14,2347.03,14800
1714122000,2347.1,2352.59,2346.77,2349.33,8246
1714125600,2349.37,2350.41,2345.78,2348.09,7211
1714129200,2348.09,2348.63,2343.44,2344.91,8400
1714132800,2344.93,2351.59,2340.58,2344.81,22336
1714136400,2344.88,2350.41,2336.84,2341.21,28103
1714140000,2341.24,2345.27,2328.69,2333.59,29402
1714143600,2333.68,2337.67,2331.22,2336.69,21093
1714147200,2336.75,2338.91,2333.09,2333.61,13585
1714150800,2333.55,2340.37,2332.68,2338.56,10144
1714154400,2338.62,2341.43,2337.72,2340.94,5691
1714158000,2340.92,2340.96,2336.11,2340.04,6289
1714161600,2340.03,2340.13,2336.4,2337.43,4880
1714341600,2335.52,2336.97,2332.43,2334.72,4140
1714345200,2334.72,2336.83,2334.29,2335.96,3257
1714348800,2335.92,2336.32,2330.67,2332.08,5774
1714352400,2332.06,2332.06,2319.88,2331.03,19254
1714356000,2331.05,2331.54,2324.07,2324.27,10201
1714359600,2324.23,2329.28,2323.58,2328.42,6995
1714363200,2328.29,2333.21,2327.37,2332.57,20220
1714366800,2332.54,2336.53,2329.36,2330.46,13991
1714370400,2330.49,2333.57,2327.47,2329.18,12166
1714374000,2329.23,2337.85,2329.12,2337.33,21658
1714377600,2337.2,2341.31,2336.17,2338.13,12025
1714381200,2338.05,2344.41,2336.74,2343.23,9603
1714384800,2343.23,2344.17,2339.98,2341.27,7382
1714388400,2341.17,2342.93,2335.36,2337.05,8417
1714392000,2337.02,2337.58,2328.29,2331.94,15406
1714395600,2331.89,2336.67,2325.56,2333.96,23773
1714399200,2334,2339.58,2333.93,2337.82,21498
1714402800,2337.76,2338.92,2332.81,2337.86,14769
1714406400,2337.85,2346.71,2337.41,2342.89,18614
1714410000,2343,2346.62,2339.76,2342.18,11758
1714413600,2342.18,2343.88,2337.57,2341.32,8081
1714417200,2341.22,2341.24,2332.97,2335.71,11086
1714420800,2335.8,2337.15,2335.3,2335.41,3007
1714428000,2334.34,2336.21,2334.07,2334.89,1946
1714431600,2334.89,2334.96,2332.84,2333.15,3440
1714435200,2333.18,2334.79,2331.72,2334,6267
1714438800,2333.98,2336.19,2332.43,2333.96,9615
1714442400,2334.06,2334.53,2326.91,2331.35,8998
1714446000,2331.33,2331.7,2328.62,2329.26,6326
1714449600,2329.32,2329.54,2325,2326.47,4805
1714453200,2326.47,2326.81,2321.67,2322.9,9306
1714456800,2322.9,2323.57,2318.77,2322.41,12604
1714460400,2322.42,2322.66,2315.35,2317.57,11496
1714464000,2317.56,2318.41,2310.68,2312.9,9748
1714467600,2312.76,2317.37,2312.27,2314.82,9557
1714471200,2314.81,2317.92,2314.25,2315.51,7434
1714474800,2315.48,2315.53,2309.53,2312.76,10597
1714478400,2312.77,2313.46,2304.48,2306.1,22955
1714482000,2306.11,2313.25,2302.83,2307.46,26529
1714485600,2307.31,2310.53,2293.17,2293.47,33082
1714489200,2293.48,2300.47,2293.21,2295.92,23117
1714492800,2295.89,2299.32,2294.53,2294.76,15509
1714496400,2294.74,2297.25,2291.56,2295.9,14932
1714500000,2295.9,2297.51,2289.91,2290.1,10613
1714503600,2290.08,2294.91,2289.33,2290.79,11812
1714507200,2290.62,2293.52,2285.12,2286.14,7597
1714514400,2286.7,2291.77,2286.43,2291.25,3067
1714518000,2291.27,2293.16,2289.96,2291.27,3304
1714521600,2291.3,2292.78,2285.75,2286.86,6564
1714525200,2286.82,2289.46,2286,2287.94,6129
1714528800,2287.94,2288.64,2286.73,2287.97,3723
1714532400,2287.96,2288.31,2283.09,2284.1,4055
1714536000,2284.04,2285.44,2281.62,2283.22,4720
1714539600,2283.17,2288.49,2282.52,2287.49,4473
1714543200,2287.39,2289.73,2286.44,2286.82,6103
1714546800,2286.82,2287.98,2283.48,2285.86,7352
1714550400,2285.79,2286.83,2283.76,2286.29,7244
1714554000,2286.3,2293.12,2285.78,2291.9,8566
1714557600,2292.04,2294.26,2289.12,2293.14,7675
1714561200,2293.09,2297.12,2291.43,2294.57,7831
1714564800,2294.57,2299.98,2294.18,2298.28,19169
1714568400,2298.26,2303.44,2295.18,2302.63,21020
1714572000,2304.98,2310.41,2297.42,2304.52,30760
1714575600,2304.73,2310.48,2302.54,2307.29,17894
1714579200,2307.36,2307.36,2301.86,2303.77,12878
1714582800,2303.69,2305,2297.58,2299.36,12222
1714586400,2295.54,2328.28,2295.52,2325.3,39087
1714590000,2325.34,2327.89,2309.77,2309.84,27147
1714593600,2309.72,2320.56,2307.06,2319.32,16746
1714600800,2319.1,2323.09,2317.02,2320.82,3819
1714604400,2320.84,2324.76,2320.7,2323.73,4877
1714608000,2323.73,2325.93,2322.94,2324.43,7063
1714611600,2324.38,2326.5,2321.73,2324.14,7325
1714615200,2324.12,2325.59,2318.71,2320.24,6914
1714618800,2320.23,2320.58,2317.31,2319.54,5718
1714622400,2319.62,2320.96,2318.11,2318.21,3308
1714626000,2318.18,2318.44,2312.97,2315,6717
1714629600,2315,2319.08,2312.53,2313.65,11408
1714633200,2313.54,2315.09,2308.16,2309.22,12684
1714636800,2309.34,2311,2303.12,2304.12,11186
1714640400,2304.03,2305.38,2298.86,2301.86,10307
1714644000,2301.83,2301.86,2295.15,2299.32,11973
1714647600,2299.43,2302.87,2297.53,2298.98,11090
1714651200,2298.96,2304.46,2293.52,2294.45,19256
1714654800,2294.45,2295.81,2285.43,2291.52,26297
1714658400,2291.74,2304.9,2287.68,2303.99,27105
1714662000,2303.96,2306.86,2297.28,2299.95,22304
1714665600,2299.99,2303.89,2297.92,2299.61,13564
1714669200,2299.59,2308.54,2299.29,2308.07,12855
1714672800,2308.07,2309.47,2305.05,2308.02,9426
1714676400,2308.03,2308.05,2301.58,2302.96,9830
1714680000,2302.92,2304.03,2300.69,2303.66,4106
1714687200,2303.81,2305.61,2303.68,2303.86,1870
1714690800,2303.93,2304.5,2302.41,2304.18,2516
1714694400,2304.15,2304.76,2300.38,2303.99,5415
1714698000,2303.96,2306.37,2301.84,2302.58,7402
1714701600,2302.46,2303.03,2299.89,2301.1,6078
1714705200,2301.06,2302.41,2300.55,2302.41,3660
1714708800,2302.45,2308.02,2302.12,2307.39,4949
1714712400,2307.41,2308.75,2305.76,2306.06,4412
1714716000,2306.07,2306.41,2298.25,2298.44,9608
1714719600,2298.44,2301.44,2297.76,2299.23,10925
1714723200,2299.15,2302.64,2298.33,2301.34,9432
1714726800,2301.23,2303.13,2299.42,2301.51,7124
1714730400,2301.5,2301.68,2297.96,2299.13,6357
1714734000,2299.11,2299.89,2296.32,2298.29,7898
1714737600,2298.28,2320.55,2294.63,2304.78,29413
1714741200,2304.74,2308.88,2277.09,2289.39,36034
1714744800,2300.88,2302.39,2283.2,2291.24,36895
1714748400,2291.43,2299.06,2289.66,2293.74,22007
1714752000,2293.8,2300.15,2292.83,2299.36,13567
1714755600,2299.24,2303.17,2296.37,2302.06,9779
1714759200,2302.1,2302.95,2297.44,2299.31,6863
1714762800,2299.25,2301.5,2296.06,2301.41,7678
1714766400,2301.55,2303.41,2300.68,2301.88,4127
1714946400,2303.02,2303.13,2300.46,2301.74,4098
1714950000,2301.75,2302.95,2293.3,2293.93,8510
1714953600,2293.9,2297.93,2291.83,2296.03,11931
1714957200,2296.01,2309.11,2295.93,2308.36,24930
1714960800,2308.37,2315.35,2307.52,2311.18,15284
1714964400,2311.17,2311.99,2308.36,2309.31,9656
1714968000,2309.39,2311.83,2308.16,2309.21,5723
1714971600,2309.11,2313.91,2308.71,2313.44,12707
1714975200,2313.52,2314.82,2311.78,2314.15,13074
1714978800,2314.14,2324.21,2312.39,2322.76,16896
1714982400,2322.75,2323.16,2317.29,2318.21,13934
1714986000,2318.2,2322.03,2315.56,2321.12,11644
1714989600,2321.12,2322.06,2318.68,2319.37,10377
1714993200,2319.38,2322.57,2315.97,2318.26,10895
1714996800,2318.26,2330.3,2314.56,2323.3,22306
1715000400,2323.25,2331.99,2321.62,2327.92,31907
1715004000,2328.03,2330.61,2319.03,2321.13,26718
1715007600,2321.04,2325.53,2319.54,2324.84,16385
1715011200,2324.82,2327.47,2317.67,2325.63,18861
1715014800,2325.65,2326.24,2321.03,2324.65,15129
1715018400,2324.67,2326.57,2324.37,2326.31,9686
1715022000,2326.3,2327.19,2323.58,2325.01,9080
1715025600,2324.95,2328.82,2323.52,2323.91,6321
1715032800,2324.13,2326.96,2323.91,2326.74,4620
1715036400,2326.75,2327.02,2322.22,2326.08,5700
1715040000,2326.2,2329.51,2325.56,2329.28,9785
1715043600,2329.3,2329.98,2322.46,2322.78,16137
1715047200,2322.79,2324.31,2319.68,2321.57,12888
1715050800,2321.56,2325.12,2321.19,2324.94,8293
1715054400,2324.96,2325.07,2321.34,2322.69,8114
1715058000,2322.68,2323.28,2320.25,2321.55,10683
1715061600,2321.44,2321.44,2318.34,2320.48,14026
1715065200,2320.46,2322,2317.77,2319.34,13453
1715068800,2319.35,2319.92,2311.69,2315.72,14665
1715072400,2315.68,2317.25,2312.71,2313.8,11059
1715076000,2313.76,2315.96,2312.14,2315.42,9946
1715079600,2315.42,2316.56,2312.11,2312.4,11219
1715083200,2312.36,2317.4,2309.92,2316.11,20151
1715086800,2316.07,2323.72,2315.4,2318.44,27666
1715090400,2318.47,2322.46,2312.38,2314.22,22334
1715094000,2314.19,2319.18,2312.8,2314.8,19858
1715097600,2315,2316.18,2312.42,2312.51,13201
1715101200,2312.51,2317.42,2311.05,2314.27,12708
1715104800,2314.09,2315.36,2313.04,2314.57,9774
1715108400,2314.66,2315.63,2311.85,2314.7,8522
1715112000,2314.72,2315.57,2312.8,2313.97,3728
1715119200,2313.74,2316.84,2313.74,2314.45,2908
1715122800,2314.46,2316.34,2314.17,2315.13,2763
1715126400,2315.21,2316.31,2313.86,2314.15,7914
1715130000,2314.17,2314.42,2307.02,2307.76,14853
1715133600,2307.74,2317.54,2307.29,2317.15,14089
1715137200,2317.06,2318.17,2315.39,2317.06,9207
1715140800,2317.05,2319.35,2316.83,2319.23,6007
1715144400,2319.24,2321.44,2317.67,2317.72,7979
1715148000,2317.64,2318.89,2313.62,2314.66,12992
1715151600,2314.62,2314.91,2305.33,2305.67,14338
1715155200,2305.52,2309.27,2303.63,2307.32,16470
1715158800,2307.29,2311.44,2307.03,2310.81,10748
1715162400,2310.86,2317.07,2310.71,2315.47,12500
1715166000,2315.48,2318.06,2312.77,2314.69,13647
1715169600,2314.7,2319.04,2313.4,2314.56,21350
1715173200,2314.57,2316.23,2306.78,2310.05,29823
1715176800,2310.06,2317.77,2309.03,2315.51,24153
1715180400,2315.51,2320.36,2312.69,2320.33,20642
1715184000,2320.43,2321.09,2315.85,2317.04,14301
1715187600,2317.05,2317.53,2313.67,2313.83,11950
1715191200,2313.81,2313.85,2311.4,2312.66,8069
1715194800,2312.66,2312.78,2308.01,2308.17,8995
1715198400,2308.15,2309.65,2307.83,2308.79,4743
1715205600,2308.1,2310.89,2307.85,2309.68,3520
1715209200,2309.88,2309.98,2307.98,2308.81,3697
1715212800,2308.81,2310.57,2307.86,2309.26,6971
1715216400,2309.28,2312.29,2308.79,2309.9,10985
1715220000,2309.87,2311.67,2307.89,2310.29,9070
1715223600,2310.29,2313.06,2309.37,2312.34,7342
1715227200,2312.33,2315.23,2311.9,2314.46,7537
1715230800,2314.51,2319.76,2314.42,2316.66,12474
1715234400,2316.53,2317.02,2313.72,2314.28,10887
1715238000,2314.42,2314.99,2307.44,2309.37,12813
1715241600,2309.3,2313.33,2309.06,2310.42,11238
1715245200,2310.36,2311.99,2306.57,2307.61,9082
1715248800,2307.58,2312.87,2307.32,2311.72,10559
1715252400,2311.71,2316.71,2310.98,2315.92,12717
1715256000,2315.93,2329.33,2314.59,2326.72,26061
1715259600,2326.71,2326.72,2312.15,2324.36,35402
1715263200,2324.32,2338.79,2323.35,2333.37,34335
1715266800,2333.35,2337.62,2328.21,2330.41,20912
1715270400,2330.44,2333.98,2329.54,2329.76,11974
1715274000,2329.74,2335.05,2329.27,2334.85,11341
1715277600,2334.82,2337.71,2333.83,2337.57,8852
1715281200,2337.58,2343.99,2335.57,2343.78,12694
1715284800,2343.76,2347.2,2343.15,2345.97,8403
1715292000,2345.94,2347.65,2345.22,2346.37,4164
1715295600,2346.37,2348.39,2345.83,2346.53,3530
1715299200,2346.76,2348.99,2346.02,2347.57,8600
1715302800,2347.67,2355.86,2347.46,2350.32,23568
1715306400,2350.31,2351.82,2347.14,2349.47,13777
1715310000,2349.42,2354.03,2349.14,2353.35,9348
1715313600,2353.41,2354.56,2351.17,2353.96,6068
1715317200,2353.95,2358.82,2353.75,2357.16,11560
1715320800,2357.08,2369.14,2355.99,2368.47,21366
1715324400,2368.43,2370.36,2364.76,2366.68,16428
1715328000,2366.64,2372.16,2365.85,2369.59,12645
1715331600,2369.6,2375.4,2369.6,2372.53,14253
1715335200,2372.54,2378.39,2371.59,2374.74,13439
1715338800,2374.75,2375.67,2371.15,2372.2,12734
1715342400,2372.12,2375.7,2361.6,2364.83,24434
1715346000,2364.78,2371.99,2360.19,2367.22,31876
1715349600,2367.07,2372.98,2357.58,2360.68,33113
1715353200,2360.66,2366.39,2356.58,2364.84,22258
1715356800,2364.83,2369.96,2361.69,2368.27,15681
1715360400,2368.28,2370.07,2366.86,2369.62,14319
1715364000,2369.7,2370.94,2366.64,2367.31,7438
1715367600,2367.32,2367.49,2362.19,2363.36,8634
1715371200,2363.41,2364.98,2359.7,2360.82,5055
1715551200,2360.49,2363.15,2360.04,2361.4,4994
1715554800,2361.51,2362.47,2359.66,2360.33,4934
1715558400,2360.38,2364.46,2359.79,2363.97,7654
1715562000,2363.98,2364.12,2354.73,2359.17,18251
1715565600,2359.19,2359.86,2357.64,2359,12004
1715569200,2358.99,2359.44,2356.22,2357.05,9417
1715572800,2356.98,2357,2353.93,2354.28,5647
1715576400,2354.31,2355.08,2351.26,2352.67,10233
1715580000,2352.69,2354.41,2347.29,2349.61,14538
1715583600,2349.59,2351.28,2346.41,2348.61,11418
1715587200,2348.51,2350.4,2341.62,2343.24,13248
1715590800,2343.27,2344.35,2338.94,2340.19,12677
1715594400,2340.15,2344.1,2339.26,2343.33,11571
1715598000,2343.36,2346.49,2338.25,2344.59,15145
1715601600,2344.42,2349.8,2343.65,2347.1,20934
1715605200,2347.14,2349.4,2340.35,2344.13,25286
1715608800,2344.08,2346.05,2340.71,2343.7,25620
1715612400,2343.73,2343.74,2331.89,2335.95,26202
1715616000,2335.95,2337.9,2334.72,2336.68,14177
1715619600,2336.74,2338.2,2334.47,2335.9,11707
1715623200,2336.03,2337.99,2335.74,2337.3,7698
1715626800,2337.38,2338.44,2335.84,2337.31,7426
1715630400,2337.3,2337.42,2335.19,2336.27,2859
1715637600,2336.24,2338.43,2336.24,2337.6,2466
1715641200,2337.59,2339.28,2337.47,2338.42,3244
1715644800,2338.38,2339.75,2334.81,2336.37,7009
1715648400,2336.38,2342.09,2336.34,2342,14795
1715652000,2342.02,2344.45,2340.02,2340.41,10818
1715655600,2340.41,2343.63,2339.89,2343.23,7350
1715659200,2343.15,2344.89,2342.58,2344.05,5075
1715662800,2344.04,2345.91,2342.59,2344.68,8298
1715666400,2344.66,2345.26,2336.78,2338.18,14264
1715670000,2338.18,2339.75,2336.05,2339.2,11612
1715673600,2339.25,2343.9,2337.79,2343.76,11570
1715677200,2343.71,2348.23,2343.67,2345.87,13345
1715680800,2345.91,2347.57,2342.61,2345.71,11950
1715684400,2345.7,2346.29,2342.41,2343.56,11014
1715688000,2343.58,2350.16,2336.24,2348.21,26287
1715691600,2348.25,2355.08,2344.84,2353.9,30527
1715695200,2353.81,2356.86,2348.09,2353.11,30006
1715698800,2352.99,2353.88,2347.04,2347.9,20974
1715702400,2347.88,2355.53,2346.31,2354.17,18651
1715706000,2354.16,2356.57,2351.97,2355.89,12526
1715709600,2355.87,2359.68,2355.75,2357.6,8709
1715713200,2357.59,2357.98,2355.05,2356.57,8568
1715716800,2356.69,2358.4,2356.1,2357.84,3196
1715724000,2357.2,2357.93,2356.21,2357.5,2613
1715727600,2357.49,2357.54,2355.1,2355.83,3850
1715731200,2355.83,2356.95,2354.91,2355.84,6852
1715734800,2355.9,2359.03,2354.89,2357.41,13482
1715738400,2357.38,2359.11,2356.58,2358.65,9411
1715742000,2358.64,2360.95,2357.64,2360.29,8789
1715745600,2360.3,2360.79,2356.03,2357,7801
1715749200,2356.99,2359.08,2355.67,2358.55,8655
1715752800,2358.5,2359.68,2356.86,2358.76,12328
1715756400,2358.78,2364.88,2358.49,2362.47,15527
1715760000,2362.43,2374.3,2362.43,2373.17,17463
1715763600,2373.28,2374.28,2368.21,2369.26,14965
1715767200,2369.32,2370.86,2365.25,2365.88,10950
1715770800,2365.89,2366.73,2362.04,2362.74,12828
1715774400,2362.7,2378.74,2358.14,2372.55,33946
1715778000,2372.52,2375.47,2351.8,2358.08,39585
1715781600,2358.06,2373.77,2353.77,2373.77,31601
1715785200,2373.83,2385.77,2373.07,2377.55,29857
1715788800,2377.62,2386.76,2377.08,2383.69,20388
1715792400,2383.69,2390.19,2383.59,2389.16,17090
1715796000,2389.18,2389.37,2383.56,2385.44,13054
1715799600,2385.39,2387.53,2383.82,2386.34,11186
1715803200,2386.78,2388.5,2385.47,2385.78,5692
1715810400,2385.57,2389.41,2385.47,2389.07,4634
1715814000,2389.05,2391.87,2388.89,2391.8,6253
1715817600,2391.8,2395.16,2390.23,2394.98,13644
1715821200,2394.98,2397.37,2389.57,2391.57,25775
1715824800,2391.57,2391.8,2386.55,2387.48,18866
1715828400,2387.49,2390.71,2386.54,2388.68,13219
1715832000,2388.68,2392.13,2387.02,2391.32,8135
1715835600,2391.34,2394.54,2390.12,2390.21,11578
1715839200,2390.2,2390.48,2386.31,2387.02,13702
1715842800,2387.15,2391.18,2384.62,2389.29,17528
1715846400,2389.16,2391.41,2385.39,2386.07,12801
1715850000,2386.05,2387.75,2383.67,2385.42,11932
1715853600,2385.41,2385.71,2380.89,2384.88,10116
1715857200,2384.91,2386.61,2381.47,2384.59,12787
1715860800,2384.61,2386.25,2377.72,2379.13,25463
1715864400,2379.11,2382.22,2371.66,2375.12,34564
1715868000,2374.82,2379.01,2370.77,2373.3,25004
1715871600,2373.33,2382.37,2373.09,2381.52,18871
1715875200,2381.54,2383.78,2379.18,2381.96,15011
1715878800,2381.98,2382.47,2379.81,2381.41,11767
1715882400,2381.45,2382.01,2378.4,2379.67,8710
1715886000,2379.65,2381.86,2377.8,2378.12,7867
1715889600,2378.14,2378.37,2375.85,2376.65,3979
1715896800,2377.48,2379.37,2377.4,2378.37,2591
1715900400,2378.36,2379.72,2377.82,2377.83,3057
1715904000,2377.93,2379.69,2377.48,2378.01,7106
1715907600,2378.11,2378.87,2376.09,2378.11,12277
1715911200,2378.3,2381.19,2373.94,2375.12,11078
1715914800,2375.12,2377.87,2374.66,2377.85,7899
1715918400,2377.82,2379.05,2376.52,2378.8,4716
1715922000,2378.79,2382.4,2378.56,2381.32,9984
1715925600,2381.29,2386.67,2380.88,2385.94,13502
1715929200,2385.99,2387.79,2382.91,2383.82,12385
1715932800,2383.89,2385.57,2381.34,2384.21,11704
1715936400,2384.22,2386.57,2381.67,2382.53,9279
1715940000,2382.5,2387.52,2381.82,2387.33,9122
1715943600,2387.37,2390.15,2385.81,2389.74,10665
1715947200,2389.73,2394.03,2386.68,2393.27,16314
1715950800,2393.35,2405.11,2393.35,2401.59,36472
1715954400,2401.54,2415.48,2398.74,2413.43,32581
1715958000,2413.34,2419.11,2403.28,2407.76,28929
1715961600,2407.85,2414.13,2407.73,2407.78,17113
1715965200,2407.79,2414.34,2405.7,2414.2,16795
1715968800,2414.31,2419.17,2413.24,2417.41,12839
1715972400,2417.42,2417.86,2411.5,2416.44,12630
1715976000,2416.47,2422.68,2414.03,2414.36,8633
1716156000,2419.4,2425.23,2416.79,2417.8,9697
1716159600,2417.8,2420.56,2417.11,2420.26,7849
1716163200,2420.25,2426.48,2416.5,2425.39,15102
1716166800,2425.43,2440.57,2425.43,2434.64,32145
1716170400,2434.82,2437.06,2428.78,2434.02,19743
1716174000,2434.01,2438.9,2430.93,2437.58,14614
1716177600,2437.57,2439.6,2435.11,2437.24,10554
1716181200,2437.25,2450.04,2436.98,2449.52,18707
1716184800,2449.68,2449.73,2431.74,2438.74,27483
1716188400,2438.74,2443.66,2435.55,2442.28,22287
1716192000,2442.27,2443.66,2436.91,2440.07,16494
1716195600,2440.13,2447.22,2438.69,2441.65,18782
1716199200,2441.7,2442.99,2434.36,2436.27,15648
1716202800,2436.4,2437.2,2427.59,2430.64,18686
1716206400,2430.56,2430.87,2407.31,2413.89,35060
1716210000,2413.43,2422.67,2410.27,2420.18,38002
1716213600,2420.25,2423.67,2414.71,2423.06,28173
1716217200,2423.04,2427.01,2419.47,2424.95,23534
1716220800,2424.95,2428.07,2422.5,2426.54,14761
1716224400,2426.54,2436.68,2425.66,2435.36,17000
1716228000,2435.34,2437.36,2431.85,2435.25,13895
1716231600,2435.24,2435.35,2426.05,2426.67,12642
1716235200,2426.71,2428.05,2423.3,2426.27,7368
1716242400,2427.25,2430.51,2426.36,2427.23,5117
1716246000,2427.22,2428.54,2425.14,2426.2,3942
1716249600,2426.25,2429.86,2424.29,2428.84,9008
1716253200,2428.8,2433.03,2419.54,2420.39,28035
1716256800,2420.37,2422.58,2411.48,2413.97,25262
1716260400,2413.95,2417.19,2406.04,2413.74,18154
1716264000,2413.74,2415.84,2410.59,2412.41,10087
1716267600,2412.41,2417.98,2412.14,2416.4,12813
1716271200,2416.48,2417.34,2409.55,2410.62,20077
1716274800,2410.75,2422.12,2408.38,2419.29,20240
1716278400,2419.33,2419.91,2414.3,2418.73,16757
1716282000,2418.65,2420.2,2412.05,2416.32,14623
1716285600,2416.27,2420.07,2414.92,2419.8,11636
1716289200,2419.71,2423.69,2417.32,2423.39,14763
1716292800,2423.41,2429.96,2422.37,2426.15,23951
1716296400,2426.22,2431.49,2420.38,2427.71,37283
1716300000,2427.74,2431.68,2425.32,2429.49,28521
1716303600,2429.58,2433.88,2420.03,2423.35,28561
1716307200,2423.34,2423.66,2417.87,2422.85,20285
1716310800,2422.91,2423.77,2418.48,2419.89,15828
1716314400,2419.87,2420.58,2417.31,2420.43,11550
1716318000,2420.47,2424.99,2419.93,2423.28,9776
1716321600,2423.33,2423.4,2420.36,2420.83,4090
1716328800,2420.87,2422.22,2420.75,2421.93,2821
1716332400,2421.92,2422.2,2421.24,2421.69,3981
1716336000,2421.7,2423.13,2420.38,2420.51,7764
1716339600,2420.5,2423.33,2419.3,2421.96,16731
1716343200,2421.98,2426.5,2415.82,2417.76,16907
1716346800,2417.76,2419.52,2412.38,2414.14,14019
1716350400,2414.13,2416.13,2412.06,2412.88,8292
1716354000,2412.84,2417.38,2411.45,2417.07,13279
1716357600,2417.04,2418.09,2413.72,2417.09,16992
1716361200,2417.13,2418.49,2412.28,2417.25,16037
1716364800,2417,2417.52,2410.62,2416.85,15655
1716368400,2417.03,2418.02,2414.44,2417.28,13469
1716372000,2417.34,2419.38,2414.26,2414.75,10796
1716375600,2414.63,2415.26,2404.64,2408.7,19766
1716379200,2408.69,2415.07,2408.69,2412.42,25384
1716382800,2412.43,2413.29,2405.78,2410.54,32871
1716386400,2410.49,2411.05,2382.2,2388.64,42480
1716390000,2388.57,2395.32,2386.61,2392.05,27094
1716393600,2391.96,2395.04,2389.42,2391.96,18614
1716397200,2391.96,2394.34,2386.74,2388.2,16845
1716400800,2388.19,2390.71,2374.91,2377.83,26925
1716404400,2377.78,2380.07,2376.79,2379.3,14915
1716408000,2379.26,2380.61,2377.46,2378.58,6985
1716415200,2378.19,2381.28,2377.92,2380.66,4004
1716418800,2380.73,2382.72,2380.4,2382.22,5051
1716422400,2382.21,2383.68,2378.94,2380.34,10317
1716426000,2380.32,2381.92,2366.7,2373.06,28640
1716429600,2373.02,2375.67,2368.11,2369.53,17041
1716433200,2369.53,2372.85,2367.87,2372.43,11232
1716436800,2372.35,2373.92,2371.46,2372.79,7301
1716440400,2372.77,2373.16,2358,2359.92,16679
1716444000,2359.93,2367.13,2354.87,2364.27,20241
1716447600,2364.28,2364.75,2355.15,2356.12,21696
1716451200,2356.15,2361.86,2355.16,2360.51,17777
1716454800,2360.42,2364.31,2358.81,2364.07,14956
1716458400,2364.16,2367.73,2363.53,2366.4,12342
1716462000,2366.4,2369.46,2365.6,2368.07,14898
1716465600,2368.13,2369.25,2360.73,2362.69,23406
1716469200,2362.67,2369.85,2350.52,2358.69,35530
1716472800,2358.59,2363.87,2341.44,2345.98,42333
1716476400,2345.97,2349.91,2340.33,2346.13,31371
1716480000,2346.13,2350.13,2339.9,2340.97,20404
1716483600,2340.99,2343,2331.87,2332.18,22609
1716487200,2332.24,2336.4,2331.81,2334.81,17749
1716490800,2334.66,2334.88,2330.96,2331.51,13334
1716494400,2331.57,2332.66,2326.91,2328.45,5815
1716501600,2328.73,2332.17,2328.61,2330.99,3201
1716505200,2330.99,2333.68,2330.51,2331.98,4612
1716508800,2331.99,2332.35,2327.52,2329.06,9426
1716512400,2329.03,2335.19,2326.56,2333.87,19698
1716516000,2333.87,2334.54,2325.36,2330.78,17348
1716519600,2330.65,2331.54,2328.45,2330.59,9512
1716523200,2330.6,2335.14,2330.5,2335.07,7655
1716526800,2334.86,2339.31,2333.17,2338.51,12319
1716530400,2338.59,2339.52,2335.19,2338.82,15515
1716534000,2338.75,2340.61,2336.95,2337.68,13041
1716537600,2337.68,2341.01,2336.1,2340.17,13248
1716541200,2340.14,2343.24,2337.52,2337.57,11353
1716544800,2337.55,2343.88,2336.99,2340.31,12461
1716548400,2340.38,2342.08,2337.74,2338.22,11119
1716552000,2338.22,2340.81,2335.11,2339.32,19691
1716555600,2339.35,2347.41,2336.8,2337.04,26103
1716559200,2337.74,2343.2,2335.35,2338.4,23626
1716562800,2338.49,2340.21,2332.35,2334.55,18817
1716566400,2334.64,2336.96,2332.81,2334.22,14828
1716570000,2334.21,2334.47,2331.93,2332.66,10745
1716573600,2332.67,2336.74,2332.56,2334.88,7375
1716577200,2334.86,2334.88,2331.88,2333.74,7146
1716580800,2334.18,2335.12,2333.7,2333.79,3152
1716760800,2335.64,2340.65,2332.26,2340.25,5618
1716764400,2340.25,2340.71,2336.57,2337.21,4916
1716768000,2337.25,2337.44,2334.43,2336.18,6509
1716771600,2336.17,2340.36,2334.56,2339.67,14784
1716775200,2339.64,2346.39,2338.76,2346.08,11549
1716778800,2346.08,2347.55,2343.62,2346.03,11780
1716782400,2346.04,2346.1,2340.96,2342.98,6381
1716786000,2342.93,2344.23,2340.29,2343.74,9889
1716789600,2343.73,2344.62,2341.21,2341.34,12045
1716793200,2341.47,2341.53,2338.1,2338.5,7971
1716796800,2338.61,2346.19,2338.11,2344.21,9599
1716800400,2344.22,2345.79,2342.98,2343.27,6664
1716804000,2343.29,2345.81,2342.32,2344.94,6913
1716807600,2344.93,2346.05,2343.2,2345.14,8718
1716811200,2345.15,2349.9,2343.72,2347.17,14493
1716814800,2347.18,2356.97,2344.61,2354.91,25103
1716818400,2354.96,2358.5,2354.08,2354.35,16983
1716822000,2354.37,2356.85,2352.17,2352.39,15526
1716825600,2352.35,2355.6,2352.09,2354.94,8530
1716829200,2354.95,2355.05,2352.31,2355.05,5130
1716832800,2355.03,2355.13,2350.71,2350.99,3336
1716847200,2351.71,2353.84,2351.5,2352.19,2672
1716850800,2352.17,2352.8,2351.07,2352.44,3551
1716854400,2352.47,2353.57,2351.23,2351.77,6773
1716858000,2351.73,2356.34,2349.17,2354.75,19709
1716861600,2354.77,2355.88,2351.54,2354.17,11666
1716865200,2354.15,2354.53,2350.19,2350.9,10013
1716868800,2350.87,2352.03,2350.47,2351.01,5913
1716872400,2351.02,2353.68,2349.64,2350.43,10288
1716876000,2350.41,2350.41,2341.34,2341.85,21192
1716879600,2341.8,2344.95,2341.75,2344.07,12273
1716883200,2343.99,2345.06,2340.3,2344.9,10919
1716886800,2344.91,2345.12,2342.32,2343.88,8750
1716890400,2343.88,2346.23,2343.18,2345.67,7088
1716894000,2345.66,2348.42,2343.55,2347.45,10271
1716897600,2347.28,2357.05,2345.86,2353.19,20071
1716901200,2353.19,2364.04,2352.27,2354.94,34266
1716904800,2354.89,2356.86,2347.93,2355.29,30368
1716908400,2355.3,2362.1,2352.98,2360.28,20887
1716912000,2360.28,2362.19,2355.24,2356.64,16643
1716915600,2356.63,2360.06,2353.21,2356.91,16667
1716919200,2356.86,2357.82,2352.8,2357.14,9444
1716922800,2357.07,2360.16,2355.78,2358.15,8090
1716926400,2358.14,2361.35,2357.87,2361.13,4472
1716933600,2362,2362.49,2358.02,2359.22,4189
1716937200,2359.22,2360.71,2358.11,2359.86,4791
1716940800,2359.87,2360.98,2357.34,2357.87,7250
1716944400,2357.86,2359.44,2355.64,2356.48,16829
1716948000,2356.42,2360.86,2354.41,2355.62,14250
1716951600,2355.62,2359.17,2355.21,2358.18,10858
1716955200,2358.24,2358.99,2356.82,2358.26,6000
1716958800,2358.33,2361.31,2356.45,2356.74,14626
1716962400,2356.71,2356.75,2351,2355.83,18718
1716966000,2355.81,2356.25,2350.1,2350.5,13787
1716969600,2350.59,2351.82,2344.78,2345.43,15744
1716973200,2345.48,2346.21,2340.72,2345.8,14152
1716976800,2345.68,2347.3,2342.85,2346.46,11350
1716980400,2346.49,2347.01,2338.38,2341.7,12350
1716984000,2341.46,2343.77,2334.32,2337.78,18289
1716987600,2337.64,2347.16,2335.91,2345.67,28805
1716991200,2345.66,2346.47,2341.45,2343.52,23305
1716994800,2343.5,2343.76,2336.71,2339.12,18043
1716998400,2339.11,2341.96,2336.03,2341.95,13735
1717002000,2341.9,2344.24,2339.35,2343.66,11638
1717005600,2343.64,2344.27,2337.99,2338.2,7813
1717009200,2338.22,2339.33,2336.36,2336.74,6999
1717012800,2336.85,2338.69,2335.99,2338.02,5227
1717020000,2338.07,2339.18,2337.2,2337.56,3968
1717023600,2337.66,2339.07,2337.56,2338.42,4525
1717027200,2338.37,2338.42,2333.77,2336.96,11055
1717030800,2337,2339.86,2332.8,2334.08,20769
1717034400,2334.03,2336.6,2328.01,2330.81,18692
1717038000,2330.82,2335.1,2329.1,2334.4,14521
1717041600,2334.41,2337.09,2333.98,2335.27,9591
1717045200,2335.2,2335.84,2322.58,2325.03,19120
1717048800,2325.02,2333.11,2324.07,2332.9,17889
1717052400,2332.93,2337.7,2332.25,2334.36,16268
1717056000,2334.47,2335.75,2331.82,2334.99,13923
1717059600,2335.03,2337.96,2331.66,2333.16,13986
1717063200,2333.16,2340.88,2330.57,2340.64,13155
1717066800,2340.64,2340.65,2335.19,2335.84,13693
1717070400,2335.83,2345.2,2331.99,2341.33,27453
1717074000,2341.16,2348.69,2339.78,2348.69,31177
1717077600,2348.77,2351.84,2342.72,2344.04,26852
1717081200,2344.09,2345.74,2341.75,2343.84,18979
1717084800,2343.85,2348.07,2340.88,2347.89,14235
1717088400,2347.89,2348.84,2342.85,2344.44,11039
1717092000,2344.34,2344.56,2341.29,2342.55,9128
1717095600,2342.56,2342.6,2339.85,2341.53,8605
1717099200,2341.64,2343.56,2341.51,2342.95,3655
1717106400,2344.31,2344.74,2342.03,2344.1,5275
1717110000,2344.11,2346.39,2343.12,2343.92,4624
1717113600,2343.93,2347.55,2342.53,2346.34,9101
1717117200,2346.36,2347.68,2343.12,2346.56,20397
1717120800,2346.55,2347.71,2342.28,2342.57,14720
1717124400,2342.59,2343.68,2336.83,2343.67,15179
1717128000,2343.71,2345.58,2341.01,2344.13,8731
1717131600,2344.12,2344.78,2341.69,2342.39,12367
1717135200,2342.29,2347.06,2341.94,2345.88,13810
1717138800,2345.8,2345.8,2339.87,2340.45,13309
1717142400,2340.44,2343.83,2339.67,2343.22,11826
1717146000,2343.2,2344.47,2341,2342.11,10792
1717149600,2342.01,2344.54,2341.52,2344.01,9810
1717153200,2344.01,2344.93,2342.62,2343.82,10464
1717156800,2343.75,2356.69,2342.43,2354.78,25378
1717160400,2354.58,2359.65,2343.41,2348.12,32469
1717164000,2348.22,2349.02,2334.12,2335.23,36476
1717167600,2335.21,2336.14,2327.69,2330.05,31803
1717171200,2330,2336.7,2329.64,2332.84,20999
1717174800,2332.85,2333.8,2323.93,2325.96,21207
1717178400,2325.96,2327.24,2322.34,2322.91,12981
1717182000,2322.9,2328.23,2320.59,2327.7,12959
1717185600,2327.7,2330.56,2327.1,2327.51,5323
1717365600,2327.51,2329.43,2323.27,2326.38,8621
1717369200,2326.39,2326.8,2323.98,2325.85,7621
1717372800,2325.87,2327.48,2323.94,2327.08,13984
1717376400,2327.12,2331.01,2326.14,2330.77,29536
1717380000,2330.76,2330.95,2325.55,2326.33,19770
1717383600,2326.31,2328.18,2320.79,2321.32,21278
1717387200,2321.37,2322.5,2320.03,2321.27,11201
1717390800,2321.28,2323.74,2315.25,2320.14,27389
1717394400,2320.12,2322.84,2314.7,2322.39,31571
1717398000,2322.37,2328.83,2322.2,2326.01,23216
1717401600,2325.96,2328.52,2324.75,2325.52,20484
1717405200,2325.52,2328.74,2324.3,2327.72,15354
1717408800,2327.73,2333.27,2326.22,2330.78,17683
1717412400,2330.68,2332.37,2328.89,2329.95,17850
1717416000,2329.97,2334.35,2325.69,2334.01,28868
1717419600,2333.97,2336.73,2329.81,2333.56,43663
1717423200,2333.48,2345.69,2333.48,2341.72,53333
1717426800,2341.72,2344.21,2335.46,2342.78,31927
1717430400,2342.79,2350.21,2341.32,2349.1,23828
1717434000,2349.11,2354.7,2346.1,2348.4,24499
1717437600,2348.44,2349.44,2346.5,2348.19,16158
1717441200,2348.24,2349.05,2344.7,2347.66,11952
1717444800,2347.64,2351.03,2346.93,2350.6,5433
1717452000,2351.9,2352.02,2350.08,2350.8,3488
1717455600,2350.8,2351.14,2349.71,2350.56,4818
1717459200,2350.59,2352.79,2350.13,2350.58,11268
1717462800,2350.6,2352.29,2343.01,2347.05,25766
1717466400,2347.07,2349.64,2345.63,2346.86,17923
1717470000,2346.85,2346.98,2344.12,2345.64,13618
1717473600,2345.63,2349.87,2345.02,2349.32,8437
1717477200,2349.33,2349.6,2347.25,2347.73,14455
1717480800,2347.74,2351.82,2344.24,2344.44,22675
1717484400,2344.45,2345.1,2339.12,2339.73,21025
1717488000,2339.66,2339.77,2332.29,2333.36,26711
1717491600,2333.29,2334.26,2326.68,2329.88,28554
1717495200,2329.94,2334.87,2328.66,2329.18,21779
1717498800,2329.19,2329.78,2325.34,2327.98,21947
1717502400,2327.97,2335.99,2326.72,2335.12,33149
1717506000,2335.19,2337.95,2321.92,2324.34,49212
1717509600,2324.01,2332.41,2315.56,2317.6,55247
1717513200,2317.69,2328.82,2317.42,2326.1,31473
1717516800,2326.1,2329.64,2322.52,2323.94,23822
1717520400,2323.95,2330.37,2323.76,2328.79,20930
1717524000,2328.81,2329.77,2326.11,2328.26,13258
1717527600,2328.28,2328.34,2326,2327.25,9378
1717531200,2327.36,2327.67,2326,2326.82,4028
1717538400,2327.27,2328.3,2327.27,2327.79,2439
1717542000,2327.77,2328.93,2327.54,2328.82,4738
1717545600,2328.83,2329.7,2327.71,2328.18,10644
1717549200,2328.18,2330.91,2325.86,2330.49,21207
1717552800,2330.53,2333.48,2329.92,2333.37,16184
1717556400,2333.36,2337.84,2333.01,2337.16,13394
1717560000,2337.18,2338.21,2335.84,2337.97,8509
1717563600,2337.97,2341.64,2337.31,2337.31,15889
1717567200,2337.3,2338.41,2328.05,2332.71,21118
1717570800,2332.72,2333.75,2329.14,2331.56,17416
1717574400,2331.57,2335.07,2331.3,2332.6,16292
1717578000,2332.61,2333.83,2331,2332.32,14767
1717581600,2332.31,2335.65,2329.45,2333.8,16110
1717585200,2333.77,2335.6,2331.02,2332.55,13365
1717588800,2332.68,2344.05,2332.06,2342.18,30168
1717592400,2342.13,2345.93,2338.12,2344.83,39186
1717596000,2345.41,2350.17,2329.15,2348.98,53154
1717599600,2348.99,2357.39,2348.99,2353.68,35067
1717603200,2353.69,2354.96,2351.35,2352.64,19589
1717606800,2352.65,2355.73,2351.68,2355.06,13101
1717610400,2355.07,2356.76,2353.47,2355.79,11461
1717614000,2355.8,2356.12,2352.65,2354.06,9016
1717617600,2354.15,2355.18,2352.83,2355.12,5734
1717624800,2356.91,2357.06,2355.11,2356.91,4789
1717628400,2356.92,2357.54,2354.79,2355.04,4966
1717632000,2355.05,2355.97,2354.53,2355.69,8346
1717635600,2355.63,2373.21,2355.56,2367.43,40069
1717639200,2367.44,2374.67,2365.12,2374.35,23569
1717642800,2374.52,2374.94,2367.63,2368.44,16544
1717646400,2368.45,2370.55,2366.87,2369.43,9321
1717650000,2369.41,2371.38,2366.3,2367.74,14589
1717653600,2367.75,2367.97,2363.01,2367.09,18039
1717657200,2367.08,2368.38,2362.21,2362.91,15173
1717660800,2362.85,2363.2,2359.77,2362.88,13561
1717664400,2362.97,2363.87,2358.51,2361.56,13588
1717668000,2361.55,2361.97,2359.47,2361.06,11048
1717671600,2361.07,2362.01,2359.18,2359.78,12511
1717675200,2359.78,2364.98,2355.16,2357.57,35282
1717678800,2357.62,2367.01,2353.32,2360.52,50888
1717682400,2360.55,2366.33,2358.24,2364.23,39699
1717686000,2364.17,2378.48,2364.07,2374.17,41633
1717689600,2374.22,2376.91,2370.35,2372.85,30901
1717693200,2372.86,2374.03,2370.69,2373.13,19641
1717696800,2373.12,2373.72,2368.95,2372.09,18685
1717700400,2372.1,2375.4,2371.15,2372.47,15134
1717704000,2372.48,2376.08,2372.25,2375.72,5236
1717711200,2376.81,2377.08,2375.57,2376.97,2895
1717714800,2376.98,2378.19,2376.3,2376.89,4182
1717718400,2376.89,2379.22,2376.06,2378.37,11470
1717722000,2378.38,2380.01,2370.16,2371.03,31392
1717725600,2371,2378.21,2369.39,2376.62,21736
1717729200,2376.68,2381.95,2375.11,2380.13,17584
1717732800,2380.11,2387.44,2379.24,2386.62,12232
1717736400,2386.63,2387.67,2374.96,2375.96,23312
1717740000,2375.9,2377.78,2372.9,2375.42,22207
1717743600,2375.42,2379.35,2372.8,2373.56,17700
1717747200,2373.51,2373.92,2342.38,2347.28,41804
1717750800,2347.24,2347.98,2337.41,2339.31,25486
1717754400,2339.29,2339.29,2331.78,2333.65,20763
1717758000,2333.54,2339.33,2330.9,2336.66,23290
1717761600,2336.62,2339.35,2313.22,2319.32,54962
1717765200,2319.24,2328.07,2304.77,2309.47,53422
1717768800,2309.51,2321.05,2307.59,2313.37,45788
1717772400,2313.38,2315.56,2304.3,2305,34700
1717776000,2305.01,2314.51,2302.98,2311.62,29946
1717779600,2311.72,2312.35,2303.61,2305.43,19240
1717783200,2305.55,2307.17,2299.89,2301.51,16034
1717786800,2301.48,2301.48,2287.59,2288.28,23185
1717790400,2288,2294.32,2286.72,2293.04,10348
1717970400,2294.49,2298.39,2289.17,2297.46,8081
1717974000,2297.46,2300.09,2296.57,2298.5,8378
1717977600,2298.63,2299.78,2294.13,2297.03,13898
1717981200,2296.97,2297.93,2293.91,2297.61,11973
1717984800,2297.6,2301.21,2295.49,2296.21,13497
1717988400,2296.2,2297.72,2294.85,2295.31,9994
1717992000,2295.3,2295.8,2292.76,2294.8,10356
1717995600,2294.82,2297.32,2292.11,2295.66,12147
1717999200,2295.75,2296.52,2287.6,2291.25,20728
1718002800,2291.22,2297.24,2290.48,2296.54,20612
1718006400,2296.61,2297.54,2292.45,2292.62,16952
1718010000,2292.63,2297.48,2291.86,2295.34,15687
1718013600,2295.36,2298.8,2295.29,2298.53,12171
1718017200,2298.6,2305.31,2297.86,2305.02,16569
1718020800,2305.05,2308.7,2303.2,2306.16,24991
1718024400,2306.14,2307.8,2300.38,2305.66,29396
1718028000,2305.71,2307.23,2301.81,2302.69,28029
1718031600,2302.73,2308.61,2301.15,2307.34,21296
1718035200,2307.63,2313.75,2306.93,2312.92,18238
1718038800,2312.94,2313.37,2309.09,2311.86,12751
1718042400,2311.87,2311.99,2309.9,2310.92,9098
1718046000,2310.93,2312.26,2308.61,2308.76,9865
1718049600,2308.78,2310.94,2308.43,2310.87,3726
1718056800,2311.81,2312.12,2309.77,2309.8,4127
1718060400,2309.78,2310.54,2308.76,2309.9,4111
1718064000,2309.91,2311.93,2309.08,2310.82,8424
1718067600,2310.73,2310.73,2301.6,2302.84,31738
1718071200,2302.79,2303.67,2298.77,2301.86,26051
1718074800,2301.86,2304.41,2300.74,2303.65,14043
1718078400,2303.64,2303.96,2301.47,2303.59,6886
1718082000,2303.56,2304.45,2297.72,2299.58,15421
1718085600,2299.6,2304.61,2298.69,2302.08,16665
1718089200,2302.06,2305.41,2301.6,2304.52,16428
1718092800,2304.57,2307.75,2303.2,2305.98,16841
1718096400,2305.98,2307.36,2301.54,2306.4,16036
1718100000,2306.41,2308.85,2305.24,2307.91,13395
1718103600,2307.94,2308.29,2305.5,2307.64,14096
1718107200,2307.65,2319.94,2307.57,2317.93,29419
1718110800,2317.92,2319.54,2309.15,2314.7,42805
1718114400,2314.49,2317.82,2312.41,2314.75,29871
1718118000,2314.75,2315.91,2309.94,2310.14,22732
1718121600,2310.15,2312.37,2305.86,2308.55,17007
1718125200,2308.63,2313.45,2307.89,2312.79,15928
1718128800,2312.78,2315.71,2312.12,2313.84,9747
1718132400,2313.76,2315.7,2312.48,2315.32,8456
1718136000,2315.45,2316.95,2314.73,2316.81,4053
1718143200,2316.53,2317.6,2315.09,2316.88,3893
1718146800,2316.93,2317.45,2313.96,2315.12,6217
1718150400,2315.13,2315.6,2313.43,2313.75,7825
1718154000,2313.74,2315.13,2310.75,2314.45,20134
1718157600,2314.44,2315.52,2310.64,2313.62,16211
1718161200,2313.61,2316.64,2313.6,2313.94,8880
1718164800,2313.93,2314.35,2312.42,2312.68,5771
1718168400,2312.69,2315.35,2312.42,2314.99,10621
1718172000,2315,2317.76,2313.77,2314.81,16293
1718175600,2314.81,2315.46,2311.16,2314.55,12631
1718179200,2314.55,2315.76,2310.81,2312.78,11864
1718182800,2312.76,2315.38,2312.2,2314.03,11141
1718186400,2314.04,2314.74,2312.26,2313.47,9181
1718190000,2313.45,2314.76,2312.2,2312.9,14038
1718193600,2312.83,2337.63,2311.59,2335.94,42403
1718197200,2335.94,2341.6,2324.95,2329.79,56434
1718200800,2329.79,2329.89,2320.07,2325.35,39656
1718204400,2325.33,2337.13,2324.67,2335.58,34401
1718208000,2335.61,2338.18,2333.17,2337.67,22986
1718211600,2337.67,2339.54,2332.84,2334.36,20133
1718215200,2334.27,2334.28,2319.4,2322.72,58977
1718218800,2322.72,2324.59,2315.83,2321.27,28751
1718222400,2321.27,2324.86,2320.3,2324.86,7699
1718229600,2324.3,2324.97,2321.69,2321.95,4117
1718233200,2322.01,2322.37,2320.25,2320.57,5223
1718236800,2320.58,2322.93,2318.68,2320.73,5430
1718240400,2320.78,2321.55,2308.11,2312.67,36150
1718244000,2312.68,2316.08,2310.64,2314.13,16568
1718247600,2314.13,2316.33,2312.57,2314.23,13369
1718251200,2314.23,2314.82,2309.28,2311.81,10065
1718254800,2311.82,2312.28,2308.96,2311.65,12512
1718258400,2311.57,2316.11,2311.19,2315.63,17692
1718262000,2315.59,2318.6,2313.29,2317.05,16225
1718265600,2317.09,2317.25,2313.95,2315.58,12960
1718269200,2315.59,2318.45,2313.42,2315.47,11727
1718272800,2315.5,2320.01,2315.31,2316.31,12519
1718276400,2316.37,2316.69,2303.9,2307.02,20229
1718280000,2306.98,2326.67,2305.43,2323.34,43390
1718283600,2323.34,2324.73,2308.35,2310.69,45330
1718287200,2310.65,2314.45,2305.52,2313.59,39172
1718290800,2313.6,2317.02,2297.75,2298.92,38662
1718294400,2298.89,2300.36,2295.55,2299.24,28800
1718298000,2299.32,2304.42,2299,2301.4,19521
1718301600,2301.39,2303.95,2300.06,2302.99,10403
1718305200,2303.03,2304.93,2302.7,2303.36,9771
1718308800,2303.46,2304.3,2302.93,2303.82,3090
1718316000,2302.99,2304.08,2302.89,2302.94,2844
1718319600,2302.96,2303.24,2301.66,2302.26,3515
1718323200,2302.26,2305.68,2301.49,2304.91,9669
1718326800,2304.86,2307.14,2303.08,2306.02,19830
1718330400,2306.02,2307.03,2304.17,2306.66,15060
1718334000,2306.63,2308.64,2304.95,2305.48,20270
1718337600,2305.43,2306.13,2303.48,2305.94,10100
1718341200,2305.93,2311.58,2305.53,2309.84,15879
1718344800,2309.82,2312.79,2307.39,2312.65,20764
1718348400,2312.61,2316.66,2309.34,2315.32,22268
1718352000,2315.28,2321.62,2314.8,2317.35,20135
1718355600,2317.38,2322.72,2315.24,2322.61,19138
1718359200,2322.67,2332.65,2320.94,2330.57,25861
1718362800,2330.53,2336.63,2326.02,2331.96,26630
1718366400,2332.05,2333.41,2327.23,2330.31,35242
1718370000,2330.3,2332.89,2324.15,2330.23,39814
1718373600,2330.15,2335.45,2327.91,2330.08,40005
1718377200,2330.1,2332.14,2324.03,2326.09,26882
1718380800,2326.15,2331.85,2325.41,2328.76,22080
1718384400,2328.87,2335.55,2328.46,2334.12,16253
1718388000,2334.13,2335.11,2332.19,2334.71,10265
1718391600,2334.7,2335.41,2332.15,2332.43,12047
1718395200,2332.55,2332.92,2330.97,2332.69,5029
1718575200,2332.69,2332.69,2327.56,2328.78,4923
1718578800,2328.89,2329.61,2327.39,2328.97,5475
1718582400,2328.95,2328.95,2325.19,2326.4,12177
1718586000,2326.39,2328.93,2322.73,2326.27,21894
1718589600,2326.24,2326.24,2321.51,2322.61,16260
1718593200,2322.55,2325.17,2321.67,2324.4,11696
1718596800,2324.39,2326.2,2322.6,2323.63,7760
1718600400,2323.6,2323.63,2317.81,2318.56,15395
1718604000,2318.48,2319.26,2315.46,2317.4,18593
1718607600,2317.39,2320.1,2315.61,2316.95,16173
1718611200,2316.96,2322.24,2316.41,2321.32,15280
1718614800,2321.33,2322.65,2319.19,2320.06,12929
1718618400,2320.08,2322.54,2319.55,2320.51,11311
1718622000,2320.55,2321.92,2317.61,2318.15,14304
1718625600,2318.26,2321.09,2316.8,2319.61,21536
1718629200,2319.61,2326.29,2318.73,2320.95,29724
1718632800,2320.86,2327.57,2318.34,2324.48,25129
1718636400,2324.48,2325.54,2309.87,2312.59,26756
1718640000,2312.67,2317.09,2312.67,2316.92,15161
1718643600,2316.94,2318.4,2313.27,2316.71,11645
1718647200,2316.76,2319.24,2316.19,2317.86,11001
1718650800,2317.86,2320.57,2317.86,2320.17,9884
1718654400,2320.14,2320.75,2318.41,2319.05,3227
1718661600,2320.03,2321.14,2319.78,2321.01,2427
1718665200,2321.05,2321.2,2319.18,2320.7,4117
1718668800,2321.05,2325.51,2320.99,2324.09,11610
1718672400,2324.14,2325.42,2319.26,2322.51,21199
1718676000,2322.53,2325.65,2321.61,2324.38,14128
1718679600,2324.33,2325.1,2323.16,2324.4,9598
1718683200,2324.39,2324.79,2321.78,2322.53,8905
1718686800,2322.51,2323.73,2319.42,2322.19,14384
1718690400,2322.19,2322.69,2318.7,2320.06,13236
1718694000,2320.05,2320.11,2314.99,2315.44,14202
1718697600,2315.45,2315.45,2310.71,2311.3,17832
1718701200,2311.28,2314.27,2310.87,2311.08,14275
1718704800,2311.09,2312.38,2306.55,2308.31,13026
1718708400,2308.3,2314.14,2306.69,2313.41,14550
1718712000,2313.31,2324.2,2311.49,2313.91,33885
1718715600,2313.91,2327.75,2313.66,2326.73,43056
1718719200,2326.71,2327.07,2322.19,2323.61,31352
1718722800,2323.63,2329.8,2318.72,2326.84,27299
1718726400,2326.91,2330.71,2326.49,2330.22,16515
1718730000,2330.23,2333.11,2328.28,2329.69,16571
1718733600,2329.68,2331.47,2327.41,2331.28,10760
1718737200,2331.28,2331.29,2328.47,2329.28,7908
1718740800,2329.44,2330.6,2328.82,2329.33,3063
1718748000,2329.67,2330.26,2327.47,2328.25,2831
1718751600,2328.15,2329.55,2327.92,2328.3,2960
1718755200,2328.31,2329.96,2327.98,2329.48,7472
1718758800,2329.44,2330.95,2326.48,2330.11,15806
1718762400,2330.15,2331.27,2328.85,2330.3,9738
1718766000,2330.29,2331.71,2327.99,2328.27,8131
1718769600,2328.28,2328.43,2327.2,2327.96,5955
1718773200,2327.95,2330.04,2326.83,2329.28,9096
1718776800,2329.29,2330.75,2328.43,2330.24,12090
1718780400,2330.16,2332.67,2329.77,2331.84,12355
1718784000,2332.03,2334.91,2331.96,2332.52,9814
1718787600,2332.52,2332.73,2327.7,2328.14,11511
1718791200,2328.1,2329.88,2327.41,2327.89,9882
1718794800,2327.89,2331,2325.81,2330.41,12693
1718798400,2330.4,2332.83,2325.25,2328.34,16437
1718802000,2328.34,2331.45,2326.78,2328.17,18188
1718805600,2328.04,2328.39,2323.73,2326.12,19632
1718809200,2326.09,2329.81,2325.23,2329.79,15022
1718812800,2329.81,2331.33,2328.86,2329.39,8999
1718816400,2329.39,2331,2329.19,2329.99,4225
1718820000,2330.06,2330.08,2328.01,2328.09,2677
1718834400,2329.97,2330.54,2328.9,2330.39,3689
1718838000,2330.37,2330.38,2328.63,2329.37,3512
1718841600,2329.38,2329.78,2327.73,2329.67,6589
1718845200,2329.73,2338.97,2329.71,2336.31,26807
1718848800,2336.28,2337.34,2332.81,2333.81,15478
1718852400,2333.76,2334.4,2332.37,2333.92,10645
1718856000,2333.97,2340.92,2333.78,2340.45,12962
1718859600,2340.46,2344.87,2339.69,2340.24,19372
1718863200,2340.29,2345.64,2340.22,2344.1,17983
1718866800,2344.1,2344.93,2338.52,2338.63,20619
1718870400,2338.6,2338.68,2332.62,2333.34,19587
1718874000,2333.29,2335.78,2331.59,2334.62,14365
1718877600,2334.62,2340.63,2333.5,2339.41,11176
1718881200,2339.46,2341.34,2337.73,2339.28,14134
1718884800,2339.29,2343.6,2335.28,2338.58,31553
1718888400,2338.61,2349.43,2336.64,2349.28,34395
1718892000,2349.28,2364.98,2348.92,2364.01,43595
1718895600,2363.96,2365.47,2351.32,2353.66,31682
1718899200,2353.67,2357.13,2352.81,2356.32,17823
1718902800,2356.34,2357.5,2354.6,2357.4,13585
1718906400,2357.46,2361,2357.3,2357.97,9283
1718910000,2358.08,2359.83,2357.67,2358.9,8761
1718913600,2358.92,2360.12,2358.15,2360.01,3964
1718920800,2360.22,2360.41,2358.11,2359.34,6736
1718924400,2359.31,2361.06,2358.86,2360.85,5064
1718928000,2360.85,2364.81,2360.82,2364.07,8721
1718931600,2364.07,2364.2,2357.07,2359.6,24746
1718935200,2359.61,2361.61,2358.13,2359.39,14257
1718938800,2359.38,2362.18,2358.77,2362.17,8588
1718942400,2362.19,2362.97,2361.03,2362.92,5493
1718946000,2362.9,2365.59,2362.22,2364.57,9888
1718949600,2364.49,2364.5,2357.95,2358.44,17997
1718953200,2358.43,2364.41,2355.12,2363.03,19401
1718956800,2362.94,2368.09,2362.64,2365.36,19971
1718960400,2365.37,2367.32,2362.85,2363.88,12339
1718964000,2363.87,2364.17,2361.35,2363.65,12005
1718967600,2363.7,2368.69,2363.5,2366.24,15673
1718971200,2366.25,2368.06,2360.41,2360.65,23129
1718974800,2360.62,2363.76,2334.67,2340.46,49999
1718978400,2340.44,2340.47,2328.35,2329.92,47586
1718982000,2329.89,2334.74,2323.25,2327.92,33180
1718985600,2327.93,2329.32,2323.68,2324.71,15942
1718989200,2324.71,2325.11,2316.67,2319.28,22471
1718992800,2319.31,2322.77,2316.69,2322.14,12030
1718996400,2322.14,2323.36,2320.42,2322.09,9956
1719000000,2322.13,2322.65,2320.75,2321.36,4473
1719180000,2318.53,2322.78,2317.92,2321.52,3977
1719183600,2321.52,2321.52,2317.68,2319.21,5408
1719187200,2319.1,2321.78,2317.91,2320.92,8685
1719190800,2320.99,2326.38,2318.98,2323.66,23235
1719194400,2323.65,2325.18,2319.62,2324.81,16294
1719198000,2324.77,2326.62,2324.34,2325.45,10796
1719201600,2325.48,2326.67,2324.14,2324.47,7119
1719205200,2324.47,2327.26,2323.62,2325.12,12859
1719208800,2325.11,2325.3,2321.32,2323.47,16342
1719212400,2323.48,2331.81,2321.71,2330.79,15183
1719216000,2330.8,2332.8,2329.2,2330.53,15135
1719219600,2330.53,2330.96,2320.53,2325.13,17915
1719223200,2325.08,2327.12,2324.44,2325.21,15023
1719226800,2325.19,2328.09,2324.14,2326.21,12304
1719230400,2326.36,2327.85,2323.32,2327.62,20522
1719234000,2327.64,2333.89,2325.89,2328.03,32015
1719237600,2327.91,2333.66,2326.92,2330.72,26703
1719241200,2330.67,2333.16,2327.49,2327.65,17957
1719244800,2327.65,2332.24,2326.85,2331.69,11397
1719248400,2331.64,2333.2,2330.6,2332.04,11465
1719252000,2332.08,2334.69,2331.95,2333.84,9095
1719255600,2333.83,2333.84,2330.89,2331.71,8530
1719259200,2331.97,2334.38,2331.93,2334.38,3401
1719266400,2333.94,2334.29,2331.68,2331.71,2239
1719270000,2331.69,2331.9,2330.23,2330.85,3923
1719273600,2330.95,2330.95,2328.23,2330.06,6475
1719277200,2330.07,2330.92,2323.14,2325.84,19462
1719280800,2325.78,2327.05,2324.51,2326.49,12978
1719284400,2326.47,2328.53,2323.99,2324.1,10924
1719288000,2324.11,2327.78,2322.7,2327.43,7804
1719291600,2327.43,2330.1,2324.51,2324.96,12405
1719295200,2325.01,2328.12,2323.43,2327.21,14270
1719298800,2327.17,2327.67,2324.02,2324.79,14134
1719302400,2324.78,2330.51,2322.92,2329.56,17613
1719306000,2329.53,2333.97,2329.19,2333.04,12236
1719309600,2333.05,2337.08,2332.64,2335.3,14262
1719313200,2335.33,2335.82,2327.35,2330.15,15766
1719316800,2330.16,2330.52,2324.04,2324.23,22136
1719320400,2324.21,2327.42,2320.09,2325.65,32994
1719324000,2325.47,2328.2,2319.3,2327.18,31692
1719327600,2327.19,2327.73,2315.45,2324.72,28359
1719331200,2324.79,2325.02,2315.48,2317.81,19283
1719334800,2317.79,2320.07,2316.8,2319.11,13553
1719338400,2319.2,2319.74,2317.02,2319.23,8332
1719342000,2319.16,2320.6,2318.75,2319.79,8037
1719345600,2319.77,2319.85,2317.95,2319.46,3766
1719352800,2319.33,2321.23,2319.01,2320.6,6416
1719356400,2320.61,2321.44,2318.62,2319.99,5283
1719360000,2320,2324.02,2317.7,2318.41,9769
1719363600,2318.38,2320.79,2310.52,2312.96,28797
1719367200,2312.95,2321.63,2312.4,2319.47,19257
1719370800,2319.5,2321.03,2316.67,2317.24,10164
1719374400,2317.25,2317.69,2315.1,2316.82,7047
1719378000,2316.81,2318.19,2311.82,2312.07,13337
1719381600,2312.08,2317.41,2309.67,2317.15,20699
1719385200,2317.13,2317.36,2312.97,2316.07,14098
1719388800,2316.06,2318.03,2312.94,2315.63,16466
1719392400,2315.72,2318.44,2315.62,2316.33,14696
1719396000,2316.34,2316.43,2307.74,2308.28,20683
1719399600,2308.29,2313.97,2304.39,2313.03,22217
1719403200,2313,2317.81,2310.1,2310.15,30230
1719406800,2310.1,2311.54,2293.45,2296.39,48175
1719410400,2296.23,2301.28,2295.31,2297.51,35389
1719414000,2297.59,2304.16,2295.92,2300.01,29375
1719417600,2300.02,2302.2,2298.49,2299.72,16115
1719421200,2299.69,2303.03,2299.36,2301.92,14589
1719424800,2301.93,2302.09,2298.55,2299,12192
1719428400,2298.98,2299.47,2296.94,2298.69,11018
1719432000,2298.74,2299.21,2297.26,2298.1,4823
1719439200,2297.96,2298.97,2297.96,2298.24,2979
1719442800,2298.26,2298.59,2296.78,2298.38,3978
1719446400,2298.4,2300.13,2297.92,2299.05,9348
1719450000,2299.09,2299.74,2296.79,2297.78,14392
1719453600,2297.8,2300.03,2297.78,2299.31,11732
1719457200,2299.32,2299.86,2298.04,2298.99,8016
1719460800,2298.99,2301.11,2298.74,2300.47,7021
1719464400,2300.48,2300.58,2296.81,2297.5,11464
1719468000,2297.57,2303.41,2296.47,2301.14,15924
1719471600,2301.05,2302.56,2299.96,2302.33,14985
1719475200,2302.25,2308.38,2302.02,2307.58,16616
1719478800,2307.59,2313.79,2307.32,2312.58,18038
1719482400,2312.57,2315.53,2312.3,2315.13,15629
1719486000,2315.19,2317.88,2313.4,2317.05,15409
1719489600,2317.12,2325.44,2315.9,2322.82,34765
1719493200,2322.83,2324.95,2319.49,2323.33,40585
1719496800,2323.27,2330.75,2322.62,2328.98,36404
1719500400,2328.97,2330.89,2325.07,2327.55,25280
1719504000,2327.4,2328.31,2323.98,2325.4,18353
1719507600,2325.4,2328.01,2324.29,2325.81,14033
1719511200,2325.83,2326.44,2322.44,2326.25,10577
1719514800,2326.24,2327.75,2325.59,2326,9137
1719518400,2325.99,2328.5,2325.47,2327.43,4113
1719525600,2327.66,2327.66,2325.87,2326.88,2358
1719529200,2326.88,2327.9,2326.43,2327.69,3457
1719532800,2327.48,2328.23,2321.39,2321.58,10123
1719536400,2321.59,2324.39,2319.05,2320.29,24964
1719540000,2320.26,2324.19,2319.84,2323.64,17842
1719543600,2323.61,2324.97,2320.77,2321.76,10826
1719547200,2321.77,2321.84,2319.68,2321.2,6260
1719550800,2321.19,2327.01,2320.97,2325.7,12533
1719554400,2325.65,2328.13,2325.06,2327.46,16736
1719558000,2327.47,2328.81,2324.78,2327.15,14255
1719561600,2327.15,2331.91,2326.45,2328.71,14727
1719565200,2328.75,2330.39,2327.24,2330.32,14326
1719568800,2330.33,2336.75,2329.42,2335.81,16330
1719572400,2335.89,2337.15,2333.26,2333.93,14297
1719576000,2334,2339.27,2330.61,2335.47,32296
1719579600,2335.44,2339.69,2326.6,2330.33,37410
1719583200,2330.33,2333.73,2322.88,2326.54,40124
1719586800,2326.56,2330.41,2324.13,2328.6,26478
1719590400,2328.64,2332.55,2327.74,2329.94,17318
1719594000,2329.95,2332.71,2326.43,2326.83,14252
1719597600,2326.87,2328.41,2325.33,2325.71,9601
1719601200,2325.75,2326.25,2322.95,2324.93,10945
1719604800,2324.89,2326.49,2322.85,2326.39,6291
1719784800,2326.05,2327.04,2322.85,2324.55,3533
1719788400,2324.56,2326.11,2323.14,2324.94,4343
1719792000,2324.93,2325.34,2322.16,2324.85,12143
1719795600,2324.83,2328.57,2323.48,2327.88,17151
1719799200,2327.81,2327.81,2324.44,2326.63,11903
1719802800,2326.64,2327.63,2324.43,2324.73,8264
1719806400,2324.59,2326.11,2321.4,2323.68,8225
1719810000,2323.69,2323.99,2318.52,2321.85,15114
1719813600,2321.84,2328.98,2321.3,2326.47,19483
1719817200,2326.49,2326.95,2323.65,2323.73,16151
1719820800,2323.63,2326.23,2321.91,2325.85,17726
1719824400,2325.84,2329.47,2325.43,2327.39,14647
1719828000,2327.48,2332.67,2327.47,2332.67,16068
1719831600,2332.7,2338.22,2332.11,2338.14,20083
1719835200,2338.15,2338.51,2327.16,2327.37,27155
1719838800,2327.43,2334.13,2325.43,2327.15,34462
1719842400,2327.15,2334.28,2319.22,2324.07,44145
1719846000,2324.11,2329.02,2323.07,2327.76,23144
1719849600,2327.79,2331.84,2326.66,2328.15,17941
1719853200,2328.15,2329.9,2326.74,2329.2,12216
1719856800,2329.21,2330.76,2327.01,2329.94,7738
1719860400,2330.02,2331.46,2328.95,2330.96,6866
1719864000,2330.98,2332.37,2330.85,2331.69,3304
1719871200,2332.58,2332.61,2331.4,2331.77,2427
1719874800,2331.78,2332.51,2331.59,2332.29,2991
1719878400,2332.27,2333.89,2331.75,2333.07,7540
1719882000,2333.06,2334.2,2331.17,2334.1,15014
1719885600,2334.09,2334.34,2331.19,2332.33,10159
1719889200,2332.32,2332.65,2325.74,2326.02,10344
1719892800,2326,2327.83,2324.91,2327.26,8349
1719896400,2327.25,2330.82,2326.32,2329.91,10809
1719900000,2330.02,2331.77,2327.61,2330.44,11855
1719903600,2330.35,2330.92,2323.14,2330.79,19643
1719907200,2330.81,2332.48,2328.4,2331.18,16975
1719910800,2331.17,2331.9,2324.08,2324.89,15925
1719914400,2324.9,2326.53,2322.72,2324.5,16510
1719918000,2324.5,2325.63,2319.98,2320.71,18236
1719921600,2320.89,2328.67,2318.81,2327.43,28267
1719925200,2327.4,2336.8,2326.08,2334.39,36841
1719928800,2334.44,2335.52,2322.89,2326.64,43351
1719932400,2326.65,2330.45,2324.14,2324.7,24764
1719936000,2324.7,2324.94,2320.91,2322.82,17049
1719939600,2322.83,2325.21,2322.04,2324.66,13577
1719943200,2324.65,2328.86,2324.51,2328.36,8059
1719946800,2328.35,2331.33,2328.14,2330.82,7666
1719950400,2330.87,2330.96,2328.66,2329.31,4193
1719957600,2330.13,2331.25,2329.75,2330.02,2348
1719961200,2330.01,2331.39,2329.67,2330.25,2764
1719964800,2330.25,2332.13,2330.19,2330.21,6393
1719968400,2330.22,2331.61,2328.45,2329.07,14378
1719972000,2329.11,2331.13,2326.88,2328.9,11208
1719975600,2328.9,2332.51,2328.06,2331.69,8640
1719979200,2331.7,2335.25,2331.7,2334.44,6655
1719982800,2334.44,2335.8,2331.97,2333.36,13750
1719986400,2333.34,2341.1,2332.96,2340.16,21867
1719990000,2340.16,2347.21,2338.86,2345.38,20266
1719993600,2345.36,2347.55,2343.07,2344.62,17893
1719997200,2344.65,2346.48,2342.11,2346.3,15814
1720000800,2346.32,2349.5,2344.55,2346.94,18655
1720004400,2346.95,2346.95,2342.39,2345.39,18223
1720008000,2345.43,2356.13,2344.89,2350.48,31857
1720011600,2350.36,2358.72,2347.5,2355.38,38029
1720015200,2355.33,2364.94,2355.33,2362.48,46417
1720018800,2362.47,2363.99,2359.92,2363.01,29443
1720022400,2363.02,2363.13,2355.11,2356.56,20065
1720026000,2356.54,2360.82,2353.85,2356.64,14666
1720029600,2356.59,2357.91,2355.18,2356.35,6318
1720033200,2356.32,2356.65,2353.68,2354.26,5443
1720036800,2354.28,2356.35,2354.17,2356.03,2770
1720044000,2356.95,2359.24,2356,2358.8,3082
1720047600,2358.85,2359.6,2357.66,2358.79,3198
1720051200,2358.83,2359.27,2356.45,2358.54,6186
1720054800,2358.53,2362.52,2358.25,2361.97,15008
1720058400,2361.97,2362.24,2357.46,2359.24,9377
1720062000,2359.23,2360.33,2357.09,2358.08,8553
1720065600,2358.08,2359.58,2357.64,2358.47,4823
1720069200,2358.47,2358.51,2355.5,2356.84,9118
1720072800,2356.82,2357.18,2350.39,2356.27,15997
1720076400,2356.28,2357.73,2353.62,2357.55,10755
1720080000,2357.56,2359.61,2355.52,2358.84,10417
1720083600,2358.84,2359.11,2355.67,2357.78,8609
1720087200,2357.76,2359.15,2356.41,2358.09,8544
1720090800,2358.08,2360.03,2357.54,2358.45,8755
1720094400,2358.48,2360.37,2356.96,2357.73,10432
1720098000,2357.74,2360.06,2357.23,2359.73,18869
1720101600,2359.68,2361.88,2358,2358.9,13992
1720105200,2358.93,2360.52,2355.33,2357.43,17257
1720108800,2357.41,2359.1,2356.92,2357.77,9533
1720112400,2357.74,2357.98,2356.13,2356.26,2229
1720116000,2356.26,2357.26,2356.11,2356.77,1059
1720130400,2356.89,2357.44,2354.14,2357.42,6563
1720134000,2357.41,2357.71,2356.38,2356.69,3606
1720137600,2356.71,2359.04,2356.01,2358.85,9458
1720141200,2358.86,2360.27,2356.83,2358.38,17160
1720144800,2358.39,2363.11,2358.08,2360.5,14192
1720148400,2360.5,2362.35,2359.56,2361.8,11413
1720152000,2361.74,2364.64,2361.36,2363.95,8751
1720155600,2363.94,2365,2362.61,2364.77,11806
1720159200,2364.75,2366.32,2363.56,2363.96,18902
1720162800,2363.97,2367.47,2362.22,2365.26,18654
1720166400,2365.28,2368.06,2364.61,2366.43,16705
1720170000,2366.42,2366.87,2361.92,2362.44,12731
1720173600,2362.35,2365.47,2361.82,2365,15290
1720177200,2365,2366.01,2362.3,2365.86,15969
1720180800,2365.87,2376.04,2348.73,2372.12,45456
1720184400,2372.13,2385.11,2370.64,2383.11,54432
1720188000,2383.08,2384.39,2374.42,2380.71,42698
1720191600,2380.76,2388.34,2378.52,2384.71,30402
1720195200,2384.71,2387.55,2383.96,2386.49,20225
1720198800,2386.51,2389.85,2384.55,2385.8,20120
1720202400,2385.8,2392.54,2385.14,2391,14001
1720206000,2391.01,2392.9,2388.1,2388.74,11658
1720209600,2388.66,2391.58,2388.18,2391,4723
1720389600,2387.35,2390.13,2384.92,2385.29,5171
1720393200,2385.33,2386.9,2384.75,2386.06,5021
1720396800,2386.05,2387.78,2384.51,2386.67,10303
1720400400,2386.64,2391.07,2384.13,2386.48,22210
1720404000,2386.45,2387.24,2381.42,2382.95,15084
1720407600,2382.94,2384.18,2380.71,2382.94,10065
1720411200,2382.95,2385.04,2382.08,2384.92,5999
1720414800,2385,2386.73,2381.56,2382.81,13682
1720418400,2382.82,2384.19,2376.72,2376.94,19343
1720422000,2376.93,2381.13,2376.65,2377.86,19709
1720425600,2377.86,2378.81,2371.88,2372.77,20537
1720429200,2372.71,2373.82,2368.31,2370.18,18592
1720432800,2370.03,2374.34,2369.68,2374.11,14549
1720436400,2374.1,2375.62,2372.49,2375.33,14307
1720440000,2375.23,2377.47,2370.17,2372.73,24897
1720443600,2372.72,2377.09,2370.27,2375.5,35012
1720447200,2375.36,2379.52,2373.22,2373.25,31592
1720450800,2373.25,2374.98,2350.77,2355.52,34825
1720454400,2355.51,2358.77,2351.02,2358.69,24910
1720458000,2358.68,2359.75,2355.53,2357.22,16139
1720461600,2357.21,2358.19,2354.86,2356.57,9515
1720465200,2356.62,2359.83,2356.12,2359.18,9407
1720468800,2359.19,2359.84,2357.97,2359.12,3895
1720476000,2359.15,2359.77,2358.55,2359.77,2372
1720479600,2359.82,2362.08,2359.82,2361.78,4475
1720483200,2361.82,2363.64,2360.78,2361.86,10710
1720486800,2361.95,2365.27,2361.33,2363.41,19483
1720490400,2363.33,2366.67,2360.46,2363.99,15008
1720494000,2364,2368,2363.34,2367.68,10437
1720497600,2367.68,2368.74,2366.35,2367.38,9787
1720501200,2367.38,2368.36,2364.13,2364.53,13349
1720504800,2364.52,2365.51,2362.74,2364.15,16585
1720508400,2364.13,2364.54,2358.34,2359.01,17672
1720512000,2359,2361.94,2358.23,2361.62,15960
1720515600,2361.67,2365.33,2361.54,2364.25,15428
1720519200,2364.28,2365.62,2362.11,2363.09,12767
1720522800,2363.18,2363.18,2357.54,2360.64,17203
1720526400,2360.63,2361.29,2356.1,2360.11,25263
1720530000,2360.15,2368.49,2359.47,2367.76,39983
1720533600,2367.15,2371.49,2354.07,2354.91,47210
1720537200,2354.95,2362.25,2349.21,2362.07,37015
1720540800,2362.06,2363.13,2356.53,2357.5,26058
1720544400,2357.5,2362.52,2357.5,2361.86,18016
1720548000,2361.86,2365.31,2361.04,2364.54,13137
1720551600,2364.54,2365.61,2362.91,2363.53,9979
1720555200,2363.54,2365.01,2363.53,2363.75,3702
1720562400,2363.88,2364.43,2362.97,2364.42,2545
1720566000,2364.41,2366.04,2364.41,2365.01,3530
1720569600,2365.02,2366.53,2364.44,2364.67,7785
1720573200,2364.71,2369.84,2363.24,2368.18,18211
1720576800,2368.17,2370.22,2366.89,2369.32,12791
1720580400,2369.3,2369.83,2366.41,2368.16,8912
1720584000,2368.17,2368.88,2366.57,2367.71,7493
1720587600,2367.71,2370.35,2367.32,2368.39,12025
1720591200,2368.4,2372.76,2367.17,2371.91,17612
1720594800,2371.92,2374.97,2371.39,2372.65,15004
1720598400,2372.63,2374.24,2371.47,2372.81,14246
1720602000,2372.82,2374.24,2371.67,2371.86,11860
1720605600,2371.87,2375.33,2371.75,2372.48,10930
1720609200,2372.49,2378.37,2372.41,2378.34,13742
1720612800,2378.35,2381.82,2377.22,2377.79,21094
1720616400,2377.81,2386.65,2376.22,2383.2,36941
1720620000,2383.29,2385.12,2373.97,2374.92,35123
1720623600,2374.88,2380.76,2374.02,2378.78,23957
1720627200,2378.81,2381.32,2376.63,2377.86,17911
1720630800,2377.85,2378.49,2370.46,2373.02,18366
1720634400,2373.03,2373.59,2369.91,2372.65,10181
1720638000,2372.64,2372.69,2370.56,2371.78,9565
1720641600,2371.78,2372.42,2370.84,2371.23,4643
1720648800,2371.76,2372.85,2371.2,2372.79,2026
1720652400,2372.81,2372.88,2372.26,2372.81,2704
1720656000,2372.82,2374.38,2371.45,2374.21,8786
1720659600,2374.22,2376.29,2373.02,2375.94,16801
1720663200,2375.93,2377.8,2374.32,2377.39,12508
1720666800,2377.37,2380.19,2376.86,2378.64,10591
1720670400,2378.56,2382.45,2378.56,2381.97,7531
1720674000,2381.97,2382.98,2381.15,2382.53,11939
1720677600,2382.51,2383.2,2378.49,2381.85,17315
1720681200,2381.75,2382.01,2378.83,2379.91,15449
1720684800,2379.95,2384.07,2379.57,2381.35,18083
1720688400,2381.37,2384.57,2381.32,2384.04,13117
1720692000,2384.09,2384.1,2380.46,2382.26,10376
1720695600,2382.25,2383.44,2378.95,2380.78,15351
1720699200,2380.77,2409.75,2377.7,2406.28,53514
1720702800,2406.23,2412.87,2395.81,2406.66,73008
1720706400,2406.66,2417.92,2404.25,2417.73,49955
1720710000,2417.72,2424.52,2412.44,2417.3,40182
1720713600,2417.26,2419.21,2411.57,2411.62,28153
1720717200,2411.63,2416.64,2409.95,2413.67,20340
1720720800,2413.64,2416.64,2412.85,2416.42,12035
1720724400,2416.44,2418.63,2414.03,2414.1,11853
1720728000,2414.1,2415.46,2413.15,2415.24,5772
1720735200,2414.71,2414.76,2411.08,2414,4154
1720738800,2413.99,2416.11,2411.96,2415.95,13124
1720742400,2415.96,2416.26,2411.03,2412.03,16424
1720746000,2412.02,2414.24,2407.04,2407.95,22012
1720749600,2407.95,2411.03,2406.58,2409.55,16611
1720753200,2409.43,2410.18,2408.5,2408.7,9165
1720756800,2408.69,2409.92,2408.14,2408.59,8057
1720760400,2408.6,2410.08,2405.4,2408.04,18694
1720764000,2408.05,2408.26,2402.15,2404.12,22502
1720767600,2404.1,2405.52,2400.34,2404.14,20489
1720771200,2404.15,2408.21,2403.76,2407.44,18843
1720774800,2407.46,2408.28,2403.18,2404.91,13974
1720778400,2404.83,2405.47,2399.74,2400.16,15336
1720782000,2400.3,2402.67,2398.3,2401.72,14981
1720785600,2401.75,2404.31,2391.35,2397.91,46728
1720789200,2397.94,2405.65,2396.81,2403.67,49196
1720792800,2403.71,2410.92,2403.71,2408.95,40176
1720796400,2408.95,2413.71,2408.06,2411.74,25361
1720800000,2411.75,2416.88,2411.63,2415.88,18256
1720803600,2415.88,2418.24,2414.45,2417.84,12862
1720807200,2417.85,2417.99,2413.84,2414.14,8171
1720810800,2414.2,2414.76,2412.17,2412.82,8901
1720814400,2412.79,2412.79,2411.22,2411.58,4438
1720994400,2412.67,2415.09,2406.88,2407.57,9005
1720998000,2407.54,2408.73,2405.61,2408.64,5844
1721001600,2408.7,2408.83,2406.2,2408.43,11128
1721005200,2408.44,2410.33,2404.85,2410.04,19314
1721008800,2410.05,2410.91,2408.13,2409.14,12200
1721012400,2409.16,2411.99,2408.59,2411.58,7097
1721016000,2411.63,2413.35,2410.66,2411.47,5140
1721019600,2411.45,2413.95,2407.96,2408.09,10746
1721023200,2408.11,2408.29,2401.98,2403.22,21850
1721026800,2403.23,2407.97,2401.32,2407.91,22654
1721030400,2407.94,2412.08,2406.92,2411.97,19011
1721034000,2412,2412.6,2407.7,2410.68,17187
1721037600,2410.7,2415.77,2410.68,2414.82,17446
1721041200,2414.83,2420.33,2414.56,2418.26,21692
1721044800,2418.27,2420.81,2413.56,2414.82,32313
1721048400,2414.79,2419.3,2411.46,2419.08,41924
1721052000,2418.7,2432,2418.14,2431.55,38743
1721055600,2431.48,2437.47,2431.41,2433.27,34153
1721059200,2433.26,2439.72,2429.51,2430.19,28182
1721062800,2430.24,2430.29,2420.44,2421.55,28410
1721066400,2421.53,2424.84,2419.75,2422.42,14132
1721070000,2422.38,2423.26,2420.21,2421.12,12766
1721073600,2421.18,2422.39,2420.64,2422.18,4205
1721080800,2421.84,2422.23,2420.9,2421.01,2264
1721084400,2421.01,2422.69,2420.94,2422.53,3486
1721088000,2422.55,2422.78,2419.99,2421.2,9148
1721091600,2421.21,2427.77,2421.21,2427.23,20463
1721095200,2427.32,2430.27,2426.03,2430.17,15900
1721098800,2430.16,2431.43,2426.61,2428.63,11467
1721102400,2428.62,2429.49,2425.1,2429.26,8426
1721106000,2429.25,2432.77,2428.17,2431.93,15595
1721109600,2431.93,2433.84,2428.1,2433.82,17455
1721113200,2433.92,2439.32,2432.59,2436.96,23948
1721116800,2437.01,2438.53,2433.6,2436.6,23060
1721120400,2436.62,2443.33,2435.12,2442.48,21970
1721124000,2442.48,2443.36,2439.69,2440.09,16799
1721127600,2440.19,2442.44,2438.14,2439.54,18106
1721131200,2439.56,2444.01,2429.42,2432.55,42747
1721134800,2432.43,2447.93,2430.96,2442.72,48620
1721138400,2442.72,2454.01,2440.51,2452.04,37725
1721142000,2452.06,2465.24,2451.92,2463.16,38599
1721145600,2463.17,2463.69,2457.86,2459.18,26363
1721149200,2459.15,2466.29,2458.69,2464.61,19383
1721152800,2464.67,2466.59,2462.44,2465.36,14400
1721156400,2465.35,2468.68,2463.18,2468.53,12578
1721160000,2468.6,2469.56,2466.81,2468.65,6974
1721167200,2468.4,2469.98,2466.25,2468.96,5891
1721170800,2468.98,2469.77,2467.41,2468.28,5432
1721174400,2468.26,2473.24,2466.07,2468.7,14806
1721178000,2468.72,2481.23,2468.49,2479.47,33284
1721181600,2479.49,2482.38,2469.52,2474.62,24846
1721185200,2474.61,2474.61,2463.98,2471.77,20591
1721188800,2471.77,2472.72,2467.63,2467.75,11270
1721192400,2467.74,2471.01,2465.35,2465.35,17921
1721196000,2465.34,2467.54,2461.72,2466.4,28216
1721199600,2466.41,2474.39,2464.14,2474.18,28314
1721203200,2474.19,2478.88,2471.49,2474.96,30224
1721206800,2474.97,2475.41,2469.81,2475.12,22491
1721210400,2475.13,2476.34,2466.59,2467.86,21179
1721214000,2467.76,2473.3,2467.27,2470.09,24714
1721217600,2470.06,2475.38,2468.69,2473.39,30073
1721221200,2473.4,2483.42,2471.19,2482.96,50621
1721224800,2482.89,2483.64,2461.15,2463.72,54801
1721228400,2463.68,2465.94,2457.87,2463.5,40037
1721232000,2463.49,2465.06,2452.8,2455.58,29549
1721235600,2455.59,2459.27,2451.88,2452.58,22547
1721239200,2452.48,2458.17,2451.46,2457.98,13667
1721242800,2457.96,2460.36,2456.99,2458.06,13525
1721246400,2458.03,2459.4,2457.22,2458.63,5839
1721253600,2458.43,2459.48,2457.99,2459.2,4195
1721257200,2459.21,2461.87,2459.1,2461.32,9023
1721260800,2461.38,2461.47,2457.36,2458.86,12867
1721264400,2458.85,2464.14,2457.57,2462.4,24414
1721268000,2462.4,2466,2460.31,2465.6,15733
1721271600,2465.6,2468.98,2465.24,2467.99,15425
1721275200,2468.01,2468.22,2465.06,2465.26,11951
1721278800,2465.26,2469.89,2464.92,2466.9,18676
1721282400,2466.94,2472.11,2464.56,2471.47,23688
1721286000,2471.46,2474.89,2470.76,2471.89,22363
1721289600,2471.99,2473.7,2465.57,2465.96,24262
1721293200,2465.99,2467.67,2464.68,2465.68,17747
1721296800,2465.62,2466.34,2461.52,2464.16,19315
1721300400,2464.15,2466.32,2462.1,2464.46,19212
1721304000,2464.52,2468.85,2462.59,2464,33727
1721307600,2463.99,2466.24,2457.4,2465.05,49443
1721311200,2465.06,2469.9,2460.14,2468.43,45870
1721314800,2468.5,2469.06,2461.17,2461.24,32203
1721318400,2461.33,2462.08,2455.78,2456.15,24766
1721322000,2456.14,2457.51,2451.72,2456.29,21468
1721325600,2456.27,2456.5,2450.81,2451.45,15406
1721329200,2451.46,2451.76,2440.32,2442.94,23059
1721332800,2442.93,2445.43,2441.3,2445.05,7693
1721340000,2445.12,2445.29,2443.7,2444.35,3543
1721343600,2444.28,2445.15,2441.24,2441.24,4653
1721347200,2441.22,2441.32,2426.13,2434.36,22298
1721350800,2434.2,2434.6,2420.44,2426.15,34133
1721354400,2426.16,2428.69,2422.61,2428.36,21192
1721358000,2428.35,2429.5,2424.99,2428.75,15018
1721361600,2428.74,2429.29,2423.99,2425.48,9767
1721365200,2425.49,2426.14,2421.07,2423.3,18726
1721368800,2423.29,2424,2414.2,2419.94,30689
1721372400,2420,2422.2,2412.74,2418.21,28235
1721376000,2418.22,2421.63,2416.31,2420.43,25544
1721379600,2420.43,2421.09,2414.83,2416.12,18075
1721383200,2416.11,2416.3,2410.44,2412.47,20200
1721386800,2412.48,2414.34,2408.47,2410.02,20991
1721390400,2409.99,2410.18,2401.55,2403.72,36969
1721394000,2403.74,2406.63,2393.62,2403.83,55523
1721397600,2403.84,2404.71,2395.94,2398.03,38899
1721401200,2398,2408.43,2397.82,2405.4,29625
1721404800,2405.37,2405.97,2399.36,2399.62,17847
1721408400,2399.68,2400.77,2395.44,2399.13,18551
1721412000,2399.14,2400.31,2397.11,2398.58,12427
1721415600,2398.62,2400.09,2397.09,2398.74,11794
1721419200,2398.77,2400.48,2397.74,2400.38,5488
1721599200,2403.71,2411.64,2402.33,2411.31,6965
1721602800,2411.13,2411.97,2409.18,2411.52,7528
1721606400,2411.53,2411.64,2406.87,2407.83,12532
1721610000,2407.84,2412.14,2405.67,2406.41,25350
1721613600,2406.4,2408.19,2403.31,2406.5,19612
1721617200,2406.5,2409.49,2405.85,2406.76,10915
1721620800,2406.77,2407.14,2403.2,2405.58,10935
1721624400,2405.57,2407.33,2402.9,2402.94,17968
1721628000,2402.93,2405.26,2398.95,2402.48,28917
1721631600,2402.52,2404.58,2399.69,2402.51,21064
1721635200,2402.55,2404.7,2399.82,2400.83,17712
1721638800,2400.88,2405.73,2399.82,2404.45,16829
1721642400,2404.58,2408.36,2403.67,2406.83,16096
1721646000,2406.83,2407.61,2397.9,2397.95,19287
1721649600,2397.96,2399.54,2388.58,2394.28,35517
1721653200,2394.27,2400.12,2391.23,2392.71,41289
1721656800,2392.62,2394.82,2383.82,2387.21,36402
1721660400,2387.21,2390.48,2384.26,2386.27,26655
1721664000,2386.26,2393.28,2386.07,2393.02,18690
1721667600,2393.06,2396.33,2391.75,2394,15037
1721671200,2394.01,2396.43,2392.46,2395.68,10582
1721674800,2395.69,2400,2395.15,2398.98,9933
1721678400,2398.97,2399.42,2395.72,2396.31,5302
1721685600,2397.33,2397.96,2395.14,2395.17,2863
1721689200,2395.14,2396.15,2394.75,2395.69,4447
1721692800,2395.7,2400.25,2395.46,2399.92,11425
1721696400,2399.93,2403.96,2397.84,2401.06,26283
1721700000,2401.02,2402.41,2397.48,2399.63,18406
1721703600,2399.62,2400.72,2396.15,2398.32,15843
1721707200,2398.31,2399.59,2395.76,2396.49,12302
1721710800,2396.53,2396.86,2390.73,2392.55,17802
1721714400,2392.54,2393.75,2388.24,2390.36,25734
1721718000,2390.35,2399.19,2389.95,2397.85,27171
1721721600,2397.89,2407.09,2396.33,2403.98,24372
1721725200,2404.03,2408.12,2403.13,2406.82,20736
1721728800,2406.87,2408.27,2405.55,2407.65,18475
1721732400,2407.64,2412.01,2406.01,2407.57,21860
1721736000,2407.57,2409.26,2403.66,2405.44,27813
1721739600,2405.43,2407.68,2399.51,2401.94,39077
1721743200,2401.96,2407.43,2399.63,2402.95,36165
1721746800,2402.98,2407.19,2402.12,2405.39,21183
1721750400,2405.42,2406.8,2402.96,2405.29,16057
1721754000,2405.29,2408.2,2402.6,2404.91,17033
1721757600,2405.01,2406.28,2403.76,2405.69,10362
1721761200,2405.69,2409.03,2405.37,2407.5,9967
1721764800,2407.49,2409.96,2405.38,2409.47,6650
1721772000,2408.74,2409.68,2408,2409.3,2819
1721775600,2409.3,2409.43,2407.83,2408.46,4002
1721779200,2408.59,2410.23,2407.98,2408.27,7867
1721782800,2408.27,2412.13,2404.8,2408.18,26188
1721786400,2408.11,2415.84,2407.13,2414.15,22751
1721790000,2414.13,2418.4,2413.62,2416.5,16799
1721793600,2416.44,2417.99,2414.77,2417.84,15335
1721797200,2417.81,2417.96,2413.01,2416.13,16763
1721800800,2416.07,2419.16,2414.17,2417.53,22816
1721804400,2417.49,2417.85,2411.61,2414.61,21007
1721808000,2414.54,2415.14,2410.7,2411.79,17595
1721811600,2411.86,2414.86,2409.77,2413.4,19416
1721815200,2413.4,2416.42,2412.16,2413.61,16375
1721818800,2413.62,2417.75,2410.58,2417.46,17348
1721822400,2417.44,2421.97,2416.21,2421.42,29354
1721826000,2421.46,2426.67,2413.5,2421.82,43718
1721829600,2421.74,2431.98,2419.19,2430.36,47236
1721833200,2430.37,2431.35,2422.37,2424.79,29505
1721836800,2424.8,2424.89,2418.55,2419.02,21560
1721840400,2419.01,2419.55,2408,2409.17,21942
1721844000,2409.17,2409.43,2405.64,2408.16,22163
1721847600,2408.18,2408.69,2398.33,2398.44,19422
1721851200,2398.43,2400.51,2396.72,2397.12,11084
1721858400,2397.95,2398.27,2392.98,2397.82,8496
1721862000,2397.89,2401.16,2397.03,2398.71,8526
1721865600,2398.78,2399.28,2396.04,2397.06,20147
1721869200,2397.07,2400.05,2370.45,2376.45,50260
1721872800,2376.18,2380.72,2369.9,2372.58,37069
1721876400,2372.57,2375.53,2366.74,2374.8,26701
1721880000,2374.7,2377.97,2373.16,2377.6,15435
1721883600,2377.59,2377.87,2369.03,2376.29,24264
1721887200,2376.29,2378.71,2369.85,2372.07,31088
1721890800,2372.08,2377.49,2365.63,2374.07,30128
1721894400,2374.07,2377.58,2372,2374.66,29009
1721898000,2374.54,2376.19,2370.45,2373.67,23147
1721901600,2373.68,2382.54,2371.94,2381.23,22103
1721905200,2381.24,2381.72,2368.02,2368.5,27549
1721908800,2368.47,2376.71,2362.77,2371.11,48078
1721912400,2371.09,2376.33,2362.09,2364.89,56458
1721916000,2364.86,2368.47,2357.85,2366.67,52052
1721919600,2366.69,2368.39,2362.11,2363.16,34808
1721923200,2363.15,2364.58,2357.43,2362.63,29192
1721926800,2362.63,2365.49,2353.1,2356.12,30790
1721930400,2356.12,2360.27,2354.25,2357.14,18893
1721934000,2357.13,2363.86,2356.11,2362.51,16175
1721937600,2362.52,2365.22,2359.32,2364.54,10501
1721944800,2363.93,2365.37,2362.85,2363.28,3579
1721948400,2363.3,2364.73,2362.04,2363.78,6923
1721952000,2363.82,2365.35,2362.18,2362.7,12803
1721955600,2362.65,2373.96,2355.78,2373.59,34298
1721959200,2373.58,2379.34,2370.49,2374.23,25135
1721962800,2374.23,2378.31,2371.5,2371.71,19556
1721966400,2371.75,2372.82,2369.76,2369.8,11646
1721970000,2369.81,2375.27,2368.2,2374.22,20401
1721973600,2374.23,2374.41,2365.05,2369.65,25602
1721977200,2369.63,2371.97,2367.6,2371.51,20939
1721980800,2371.63,2374.11,2369.34,2372.92,20763
1721984400,2372.94,2374.48,2371.68,2373.79,17693
1721988000,2373.77,2375.31,2372.66,2372.75,14731
1721991600,2372.72,2375.77,2370.28,2373.27,16779
1721995200,2373.26,2379.03,2371,2377.48,38076
1721998800,2377.53,2383.14,2373.99,2381.49,43225
1722002400,2381.52,2390.75,2380.22,2381.89,47523
1722006000,2381.85,2386.9,2379.8,2385.12,27844
1722009600,2385.15,2390.34,2384.57,2389.12,19744
1722013200,2389.16,2389.17,2381.08,2383.45,18376
1722016800,2383.45,2386.21,2382.75,2384.37,12791
1722020400,2384.4,2387.07,2382.66,2386.31,12139
1722024000,2386.3,2388.75,2385.38,2388.29,6463
1722204000,2388.11,2403.07,2387.56,2395.77,12738
1722207600,2395.81,2398.93,2394.65,2397.02,8218
1722211200,2397.03,2401.64,2397.03,2400.02,17034
1722214800,2400.03,2402.49,2388.66,2392.84,34905
1722218400,2392.84,2394.67,2390.95,2393.19,20077
1722222000,2393.12,2395.23,2391.93,2394.58,14632
1722225600,2394.58,2396.07,2393.28,2394.87,12615
1722229200,2394.88,2396.27,2390.18,2392.68,17372
1722232800,2392.68,2395.45,2390.76,2391.71,22781
1722236400,2391.69,2394.35,2389.46,2391.55,28726
1722240000,2391.54,2392.69,2386.89,2390.3,25392
1722243600,2390.31,2393.43,2389.84,2392.77,20051
1722247200,2392.76,2395.38,2391.98,2392.57,16710
1722250800,2392.54,2393.01,2386.84,2387.74,19533
1722254400,2387.73,2394.17,2385.36,2393.8,28714
1722258000,2393.81,2396.7,2389.8,2392.04,37681
1722261600,2392.11,2394.05,2380.1,2381.21,38691
1722265200,2381.18,2382.98,2369.51,2376.79,36771
1722268800,2376.85,2378.98,2374.52,2378.1,20440
1722272400,2378.13,2383.39,2377.4,2378.21,21473
1722276000,2378.23,2380.69,2376.88,2379.52,12454
1722279600,2379.9,2385.42,2378.29,2382.83,13972
1722283200,2382.79,2384.53,2381.2,2383.46,5552
1722290400,2382.6,2384.89,2382.18,2384.03,1981
1722294000,2384.05,2384.23,2380.87,2381.12,4572
1722297600,2381.24,2383.79,2380.17,2381.81,11218
1722301200,2381.82,2382.41,2376.45,2379.66,29208
1722304800,2379.67,2383.25,2378.48,2381.86,18144
1722308400,2381.85,2385.98,2381.4,2385.74,14778
1722312000,2385.75,2388.3,2385.68,2386.35,11404
1722315600,2386.34,2389.82,2386.03,2388.76,19651
1722319200,2389.01,2391.02,2387.71,2390.31,26587
1722322800,2390.61,2391.98,2388.84,2390.32,25263
1722326400,2390.26,2391.5,2388.42,2389.39,20175
1722330000,2389.38,2390.04,2387.78,2389.13,16854
1722333600,2389.14,2392.4,2387.76,2391.62,17635
1722337200,2391.61,2392.13,2386.95,2387.06,17436
1722340800,2387.13,2388.33,2385.75,2386.51,22137
1722344400,2386.52,2397.73,2385.76,2393.9,43728
1722348000,2393.79,2395.99,2387.46,2391.62,46250
1722351600,2391.63,2392.42,2383.4,2385.32,34701
1722355200,2385.36,2400.31,2385.03,2399.84,28862
1722358800,2399.91,2410.86,2399.88,2405.7,35428
1722362400,2405.76,2407.34,2403.64,2404.88,15513
1722366000,2404.86,2408.36,2403.76,2406.98,11662
1722369600,2406.93,2412.79,2406.93,2410.92,11913
1722376800,2409.54,2410.91,2408.05,2409.16,5469
1722380400,2409.25,2410.21,2408.52,2409.83,5488
1722384000,2409.85,2410.05,2407.87,2408.97,13564
1722387600,2408.95,2412.25,2403.71,2409.08,34897
1722391200,2409.03,2409.43,2404.01,2407.41,24466
1722394800,2407.33,2419.04,2407.21,2416.47,23389
1722398400,2416.45,2421.36,2414.41,2421.18,21130
1722402000,2421.2,2422.12,2417.35,2417.81,20105
1722405600,2417.79,2425.45,2416.48,2421.33,29675
1722409200,2421.32,2421.88,2415.8,2417.16,29070
1722412800,2417.16,2421.76,2415.41,2421.42,26390
1722416400,2421.44,2422.24,2417.88,2420.88,16716
1722420000,2420.88,2422.85,2417.57,2418.47,15887
1722423600,2418.48,2423.23,2418.1,2419.51,17614
1722427200,2419.56,2422.67,2417.31,2420.42,35172
1722430800,2420.43,2427.53,2417.8,2426.17,40201
1722434400,2426.16,2429,2419.16,2422.45,43768
1722438000,2422.5,2424.21,2420.04,2423.07,29649
1722441600,2423.08,2427.68,2422.39,2426.96,19679
1722445200,2426.95,2428.98,2425.35,2425.36,21115
1722448800,2425.31,2435.37,2421.43,2433.63,46923
1722452400,2433.47,2450.84,2431.11,2449.84,43897
1722456000,2449.68,2450.96,2446.11,2447.23,13860
1722463200,2448.83,2449.37,2446.91,2447.5,4570
1722466800,2447.52,2447.91,2444.19,2445.71,6688
1722470400,2445.71,2449.41,2445.24,2447.51,24171
1722474000,2447.47,2458.36,2446,2451.28,44330
1722477600,2451.37,2451.37,2437.22,2441.28,37527
1722481200,2441.32,2444.61,2439.33,2442.71,23683
1722484800,2442.8,2446.81,2442.43,2444.19,15680
1722488400,2444.19,2447.93,2443.56,2446.92,25384
1722492000,2446.93,2448.84,2444.06,2444.79,34195
1722495600,2444.77,2444.91,2439.9,2440.29,28270
1722499200,2440.22,2442.35,2433.2,2433.81,29613
1722502800,2433.83,2435.03,2430.16,2433.03,24876
1722506400,2433.02,2436.78,2431.99,2435.15,20117
1722510000,2435.12,2442.99,2434.31,2440.76,25185
1722513600,2440.8,2454.83,2440.3,2450.7,39877
1722517200,2450.73,2457.18,2448.49,2453.52,47726
1722520800,2453.44,2462.29,2443.19,2448.55,62523
1722524400,2448.56,2451.73,2442.09,2445.16,45021
1722528000,2445.19,2448.76,2443.4,2444.44,33575
1722531600,2444.46,2444.66,2435.68,2439.35,34774
1722535200,2439.34,2440.95,2434.72,2439.61,25173
1722538800,2439.59,2444.07,2438.34,2443.1,19998
1722542400,2443.1,2447.53,2441.76,2446.25,12566
1722549600,2446.49,2447.36,2443.72,2445.14,7706
1722553200,2444.98,2446.53,2444.05,2445.78,9288
1722556800,2445.89,2452.28,2443.86,2449.01,21354
1722560400,2449,2450.91,2434.99,2447.11,36244
1722564000,2447.22,2455.64,2446.68,2455.59,28759
1722567600,2455.46,2459.42,2451.69,2454.48,21548
1722571200,2454.47,2460.3,2454.28,2457.86,16049
1722574800,2457.87,2466.84,2457.64,2466.71,24618
1722578400,2466.75,2468.42,2462.44,2465.54,34292
1722582000,2465.46,2466.7,2460.19,2461.61,32250
1722585600,2461.61,2465.28,2460.9,2462.03,25655
1722589200,2461.99,2464.22,2460.98,2463.88,20814
1722592800,2463.91,2465.34,2460.91,2463.53,21271
1722596400,2463.52,2464.67,2457.58,2459.21,23023
1722600000,2459.13,2477.66,2455.46,2472.85,42119
1722603600,2472.89,2474.28,2455.77,2469.87,67707
1722607200,2469.76,2474.34,2428.28,2431.51,73152
1722610800,2431.48,2435.69,2410.78,2433.19,61841
1722614400,2433.2,2439.19,2426.32,2430.44,47420
1722618000,2430.39,2431.58,2422.97,2427.8,30157
1722621600,2427.8,2433.55,2426.68,2428.97,20236
1722625200,2428.98,2438.2,2425.61,2437.55,21454
1722628800,2437.53,2442.37,2435.6,2441.31,8161
1722808800,2443.9,2447.17,2437.78,2441.37,15812
1722812400,2441.43,2445.69,2439.12,2440.95,15058
1722816000,2441.05,2441.05,2413.52,2422.08,44468
1722819600,2421.87,2441.91,2420.12,2439.42,47220
1722823200,2439.43,2446.07,2433.04,2442.8,28243
1722826800,2442.78,2452.54,2442.66,2450.99,26549
1722830400,2451.03,2458.6,2450.89,2452.69,29680
1722834000,2452.68,2452.68,2432.34,2437.92,43498
1722837600,2438,2438.69,2422.16,2428.61,52505
1722841200,2428.53,2445.61,2424.61,2431.95,47727
1722844800,2431.96,2434.44,2423.29,2424.98,37193
1722848400,2425.09,2428.8,2419.13,2424.15,40533
1722852000,2424.12,2425.62,2408.01,2408.48,36478
1722855600,2408.49,2408.49,2383.26,2386.68,49922
1722859200,2386.74,2392.24,2364.15,2374.5,62204
1722862800,2374.57,2396.97,2374.57,2393,67977
1722866400,2392.78,2397.46,2386.8,2396.6,62457
1722870000,2396.54,2412.03,2396.49,2402.77,54059
1722873600,2402.76,2408.76,2399.03,2402.98,40618
1722877200,2402.96,2406.59,2400.2,2404.97,34379
1722880800,2404.96,2408.84,2403.74,2404.98,25355
1722884400,2405.05,2413.01,2404.61,2407.63,23495
1722888000,2407.64,2411.61,2405.39,2409.94,13629
1722895200,2410.17,2412.56,2407.95,2408.92,7524
1722898800,2408.98,2409.99,2404.37,2404.77,13187
1722902400,2404.79,2418.31,2404.55,2415.9,31536
1722906000,2415.89,2417.73,2410.65,2412.41,37975
1722909600,2412.46,2413.26,2405.9,2407.46,27142
1722913200,2407.52,2411.04,2406.54,2409,22023
1722916800,2409,2412.58,2406.47,2408.03,19820
1722920400,2408.04,2411.84,2398.12,2398.7,34703
1722924000,2398.7,2408.28,2394.8,2401.57,44679
1722927600,2401.58,2410.61,2401.48,2409.8,33782
1722931200,2409.81,2415.4,2408.14,2411.08,28825
1722934800,2411.18,2415.5,2410.28,2413.34,25882
1722938400,2413.33,2416.29,2411.59,2412.38,23555
1722942000,2412.42,2415.27,2410.06,2410.93,24529
1722945600,2410.98,2412.27,2391.76,2393.01,41666
1722949200,2393,2399.54,2388.79,2395.67,54266
1722952800,2395.59,2403.16,2386.31,2388.36,55940
1722956400,2388.37,2391.07,2381.42,2387.59,46608
1722960000,2387.68,2391.43,2385.51,2389.99,26540
1722963600,2389.98,2393.48,2387.64,2391.88,24423
1722967200,2391.89,2395.99,2391.32,2392.86,16733
1722970800,2392.89,2393.04,2386.44,2387.65,21388
1722974400,2387.86,2390.11,2386.92,2389.87,11125
1722981600,2389.57,2390.53,2387.98,2388.6,5999
1722985200,2388.58,2389.62,2382.82,2383.84,9598
1722988800,2383.84,2387.34,2380.91,2386.53,19947
1722992400,2386.52,2387.55,2379,2384.08,44858
1722996000,2384.09,2388.45,2380.83,2384.29,36891
1722999600,2384.26,2387.55,2383.21,2385.97,22964
1723003200,2385.98,2394.77,2385.66,2392.79,19268
1723006800,2392.74,2396.15,2388.62,2391.46,27080
1723010400,2391.47,2397.58,2389.57,2394.7,25747
1723014000,2394.71,2394.91,2387.91,2389.37,27586
1723017600,2389.36,2393.74,2388.33,2393.33,22472
1723021200,2393.34,2396.37,2392.42,2394.31,19044
1723024800,2394.31,2398.04,2393.08,2397.51,17629
1723028400,2397.41,2402.31,2394.3,2401.06,20793
1723032000,2401.09,2407.03,2398.98,2403.83,29206
1723035600,2403.92,2404.85,2396.99,2400.05,39687
1723039200,2400.01,2403.38,2397.91,2399.03,39185
1723042800,2398.95,2401.8,2391.81,2394.5,34595
1723046400,2394.52,2399.72,2392.82,2399.67,21347
1723050000,2399.68,2399.69,2389.51,2389.83,25031
1723053600,2389.82,2391.74,2383.83,2386.22,26699
1723057200,2386.24,2390.48,2385.33,2385.62,17561
1723060800,2385.64,2387.34,2381.74,2382.99,8864
1723068000,2382.26,2384.33,2381.04,2383.66,6713
1723071600,2383.69,2385.88,2382.76,2384.82,13017
1723075200,2384.83,2388.82,2383.25,2385.54,22406
1723078800,2385.55,2391.36,2385.04,2386.81,37136
1723082400,2386.73,2390.87,2386.24,2390.43,23595
1723086000,2390.45,2394.7,2388.66,2394.3,20115
1723089600,2394.3,2396.37,2392.59,2394.34,20038
1723093200,2394.33,2395.47,2392.42,2395.26,24295
1723096800,2395.25,2400.72,2392.63,2397.79,31345
1723100400,2397.71,2400.3,2394.59,2396.78,23866
1723104000,2396.79,2398.13,2392.88,2394.56,18518
1723107600,2394.57,2398.96,2393.8,2396.22,19147
1723111200,2396.21,2406.45,2396.21,2405.32,19609
1723114800,2405.2,2413.63,2404.96,2412.27,28104
1723118400,2412.16,2415.5,2407.07,2408.06,42049
1723122000,2408.04,2415.5,2402.3,2414.11,50440
1723125600,2414.22,2424.31,2409.21,2413.72,50482
1723129200,2413.78,2420.33,2411.9,2418.64,27482
1723132800,2418.65,2423.78,2416.69,2418.09,22889
1723136400,2418.09,2424.9,2415.8,2423.49,23585
1723140000,2423.48,2426.29,2422.31,2423.95,15282
1723143600,2423.95,2424.82,2421.6,2423.59,14826
1723147200,2423.62,2427.57,2423.05,2427.24,7050
1723154400,2426.4,2427.92,2424.57,2425.79,6762
1723158000,2425.78,2426.45,2422.84,2424.57,7127
1723161600,2424.59,2425.34,2422.56,2423.94,15107
1723165200,2424.02,2427.56,2420.04,2427.22,27914
1723168800,2427.2,2428.94,2422.36,2422.49,18237
1723172400,2422.48,2423.33,2419.37,2421.06,14624
1723176000,2421.01,2424.44,2420.2,2423.87,12344
1723179600,2423.87,2423.92,2417.15,2417.2,19067
1723183200,2417.18,2421.76,2416.82,2420.78,20715
1723186800,2420.63,2427.02,2420.31,2423.16,17543
1723190400,2423.25,2426.74,2422.08,2424.5,16542
1723194000,2424.49,2425.56,2422.72,2423.58,14525
1723197600,2423.57,2431.48,2423.04,2430.47,15316
1723201200,2430.5,2432.59,2425.16,2426.72,18449
1723204800,2426.71,2429.9,2423.64,2429.66,25084
1723208400,2429.55,2433.14,2420.97,2426.68,42544
1723212000,2426.65,2435.93,2425.39,2428.7,44053
1723215600,2428.57,2432.62,2426.39,2431.44,25887
1723219200,2431.46,2434.71,2427.46,2434.48,16519
1723222800,2434.48,2437.03,2430.47,2430.6,16674
1723226400,2430.68,2430.89,2427.1,2429.86,11793
1723230000,2429.87,2430.08,2427.4,2429.08,10717
1723233600,2429.18,2431.05,2429.15,2430.97,5108
1723413600,2429.86,2433.39,2426.97,2430.45,7073
1723417200,2430.48,2430.61,2427.29,2427.89,5638
1723420800,2427.97,2429.09,2426.76,2428.47,6321
1723424400,2428.43,2430.26,2424.61,2426.05,16986
1723428000,2426.04,2427.46,2423.7,2426.21,12778
1723431600,2426.16,2429.37,2425.72,2428.6,10125
1723435200,2428.6,2433.54,2428.26,2433.35,6543
1723438800,2433.33,2435.1,2429.13,2434.65,15252
1723442400,2434.69,2437.22,2433.66,2436.82,17561
1723446000,2436.81,2442.76,2435.55,2441.64,15456
1723449600,2441.66,2443.77,2439.65,2441.97,16327
1723453200,2441.99,2445.09,2440.57,2442.67,14957
1723456800,2442.68,2444.72,2441.48,2443.84,11605
1723460400,2443.84,2444.22,2439.67,2441.59,14576
1723464000,2441.58,2445.42,2441.42,2444.44,18176
1723467600,2444.46,2457.51,2441.96,2454.23,38730
1723471200,2454.21,2455.51,2444.43,2453.39,37973
1723474800,2453.38,2460.58,2452.94,2459.78,30240
1723478400,2459.83,2466.11,2458.87,2463.13,19792
1723482000,2463.15,2468.58,2461.75,2467.17,16341
1723485600,2467.18,2470.97,2466.46,2470.28,13708
1723489200,2470.26,2472.12,2469.75,2470.47,9903
1723492800,2470.59,2473.1,2470.36,2471.97,5650
1723500000,2470.67,2474.08,2469.94,2473.7,4456
1723503600,2473.71,2475.99,2472.74,2475.59,6309
1723507200,2475.6,2476.91,2468.45,2472.12,15321
1723510800,2472.08,2473.63,2460.62,2466.4,32493
1723514400,2466.31,2467.67,2461.48,2461.5,16283
1723518000,2461.49,2464.63,2461.38,2463.55,17216
1723521600,2463.62,2465.05,2460.16,2462.08,11690
1723525200,2462.06,2464.36,2458.45,2462.8,18711
1723528800,2462.86,2464.67,2460.99,2463.22,18858
1723532400,2463.21,2466.18,2460.79,2464.28,16939
1723536000,2464.27,2464.39,2458.87,2460.68,14602
1723539600,2460.63,2462.08,2458.9,2460.67,12186
1723543200,2460.69,2463.47,2459.46,2462.23,14250
1723546800,2462.18,2466.58,2461.45,2465.7,17033
1723550400,2465.69,2472.47,2464.29,2467.62,30790
1723554000,2467.69,2475.67,2458.79,2472.94,40891
1723557600,2472.92,2473.31,2464.14,2471.37,33415
1723561200,2471.4,2473.1,2465.96,2468.67,22239
1723564800,2468.66,2471,2466.09,2469.55,16315
1723568400,2469.54,2470.24,2465.71,2467.66,13552
1723572000,2467.68,2468.99,2466.29,2467.83,11658
1723575600,2467.8,2468.87,2462.3,2466.99,11495
1723579200,2466.99,2467.86,2464.49,2464.9,6927
1723586400,2466.79,2466.85,2463.83,2465.55,3920
1723590000,2465.51,2465.51,2462.99,2464.19,5805
1723593600,2464.23,2467.31,2463.95,2465.6,10514
1723597200,2465.42,2472.53,2464.39,2465.48,27028
1723600800,2465.49,2465.68,2455.27,2459.87,27952
1723604400,2459.82,2461.6,2458.74,2460.83,17002
1723608000,2460.77,2462.95,2459.8,2461.81,11616
1723611600,2461.76,2462.48,2459.25,2461.95,14442
1723615200,2462.01,2467.79,2460.41,2467.37,22874
1723618800,2467.31,2471.89,2466.3,2470.98,19059
1723622400,2470.98,2478.61,2468.79,2474.46,21941
1723626000,2474.47,2475.41,2471.06,2472.89,15994
1723629600,2472.88,2476.21,2470.47,2474.94,15393
1723633200,2474.93,2475.26,2471.63,2474.66,15614
1723636800,2474.67,2479.82,2462.15,2468.74,40394
1723640400,2468.72,2469.58,2449.36,2457.51,49895
1723644000,2457.36,2458.36,2446.81,2450.18,44676
1723647600,2450.17,2452.25,2441.84,2444.01,32505
1723651200,2444.03,2445.56,2437.85,2444.13,24204
1723654800,2444.15,2445.07,2440.26,2441.47,17272
1723658400,2441.49,2448.08,2440.57,2447.68,17120
1723662000,2447.69,2448.43,2444.36,2447.21,11914
1723665600,2447.21,2448.42,2446.5,2447.84,6189
1723672800,2447.37,2448.66,2446.59,2447.87,3913
1723676400,2447.88,2449.53,2447.23,2449.49,6437
1723680000,2449.5,2454.27,2448.48,2450.18,12054
1723683600,2450.18,2453.58,2448.14,2450.64,25866
1723687200,2450.65,2452.6,2449.87,2451.51,19408
1723690800,2451.51,2454.3,2451.27,2453.59,11386
1723694400,2453.58,2455.54,2452.75,2453.33,9842
1723698000,2453.31,2455.11,2450.35,2453.93,17091
1723701600,2453.94,2458.8,2452.69,2455.96,21383
1723705200,2455.91,2456.69,2454.41,2455.86,14524
1723708800,2455.84,2457.27,2453.55,2455.55,16178
1723712400,2455.56,2457.27,2455.32,2456.79,10924
1723716000,2456.84,2460.34,2456.71,2458.12,12279
1723719600,2458.16,2464.21,2457.92,2463.46,16438
1723723200,2463.45,2470.02,2441.08,2441.23,45462
1723726800,2441.23,2451.53,2432.05,2444.52,58195
1723730400,2444.53,2458.62,2444.53,2452.36,45012
1723734000,2452.37,2459.57,2450.6,2458.46,29188
1723737600,2458.46,2459.93,2454.81,2455.76,17393
1723741200,2455.82,2456.48,2453.43,2455.44,16845
1723744800,2455.45,2458.3,2454.77,2458.22,13586
1723748400,2458.23,2461.67,2454.1,2455.49,16044
1723752000,2455.46,2457.47,2454.72,2456.33,7524
1723759200,2455.9,2456.06,2454.53,2454.81,2735
1723762800,2454.84,2458.17,2454.3,2457.38,6704
1723766400,2457.37,2459.82,2456.85,2458.28,10182
1723770000,2458.47,2460.11,2455.69,2457.38,22902
1723773600,2457.26,2457.77,2453.54,2455.02,17940
1723777200,2455,2455.67,2450.78,2452.42,16753
1723780800,2452.41,2453.71,2451.92,2452.66,8440
1723784400,2452.76,2456.27,2452.63,2455.76,16107
1723788000,2455.79,2457.86,2454.59,2455.05,19753
1723791600,2455.04,2464.54,2451.14,2462,21265
1723795200,2462.05,2463.99,2459.14,2462.41,16167
1723798800,2462.42,2464.38,2461.18,2463.31,13093
1723802400,2463.33,2468.21,2462.8,2464.56,18817
1723806000,2464.57,2472.33,2464.47,2472.11,20029
1723809600,2472.13,2492.45,2471.28,2491.46,34108
1723813200,2491.48,2500.06,2483.68,2494.47,51630
1723816800,2494.43,2495.13,2477.31,2487.26,48047
1723820400,2487.27,2492.31,2485.63,2491.81,26220
1723824000,2491.82,2497.75,2491.48,2495.84,24117
1723827600,2495.82,2500.06,2493.06,2499.79,18885
1723831200,2499.8,2505.59,2498.38,2503.26,18010
1723834800,2503.27,2509.01,2501.74,2507.92,16050
1723838400,2507.98,2509.75,2505.5,2507,8475
1724018400,2508.95,2509.98,2502.21,2504.84,9462
1724022000,2504.91,2506.83,2503.35,2506.47,5594
1724025600,2506.6,2506.78,2500.27,2502.07,15356
1724029200,2502.2,2505.97,2495.01,2498.17,37876
1724032800,2498.17,2503.99,2496.17,2503.51,22707
1724036400,2503.5,2505.83,2500.58,2503.22,20421
1724040000,2503.18,2504.71,2498.71,2500.6,15770
1724043600,2500.61,2502.41,2498.85,2501.14,21352
1724047200,2501.13,2505.26,2499.61,2502.05,26193
1724050800,2502.06,2504.88,2499.67,2503,19777
1724054400,2502.91,2507.2,2502.11,2503.16,18105
1724058000,2503.15,2504.01,2499.85,2499.96,14870
1724061600,2499.95,2500.15,2489.3,2489.86,19847
1724065200,2489.87,2495.17,2486.29,2494.44,21358
1724068800,2494.42,2495.55,2488.65,2491.14,26150
1724072400,2491.13,2495.9,2485.38,2494.81,38530
1724076000,2494.7,2504.87,2493.76,2501.33,38973
1724079600,2501.32,2505.89,2499.88,2503.94,26019
1724083200,2503.94,2507.49,2501.7,2505.54,18937
1724086800,2505.56,2505.88,2500.74,2503.09,15438
1724090400,2502.95,2504.78,2502.44,2504.26,10180
1724094000,2504.24,2505.88,2503.12,2505.51,9850
1724097600,2505.54,2505.62,2503.38,2504.18,4851
1724104800,2503.33,2504.59,2502.08,2504.3,3673
1724108400,2504.3,2504.36,2502.4,2503.69,4827
1724112000,2503.71,2506.86,2503.26,2504.99,12599
1724115600,2505,2508.14,2501.33,2501.98,27036
1724119200,2501.98,2502.43,2498.63,2499.57,19661
1724122800,2499.58,2502.39,2499.04,2501.7,12286
1724126400,2501.71,2502.84,2499.48,2500.89,9314
1724130000,2500.88,2503.73,2499.5,2499.57,16605
1724133600,2499.5,2505.78,2497.31,2502.45,22523
1724137200,2502.45,2515.16,2501.17,2514.89,22379
1724140800,2514.9,2523.14,2514.29,2519.85,29657
1724144400,2519.79,2525.26,2519.78,2521.71,20772
1724148000,2521.74,2524.46,2521.06,2522.82,14179
1724151600,2522.78,2527.12,2522.14,2526.35,17116
1724155200,2526.41,2529.27,2521.48,2526.65,29863
1724158800,2526.64,2531.73,2519.66,2529.75,41343
1724162400,2529.63,2530.15,2520.44,2523.75,39842
1724166000,2523.74,2523.86,2505.74,2508.56,36593
1724169600,2508.54,2510.64,2500.9,2509.01,25791
1724173200,2509.04,2513.22,2506.73,2510.65,15853
1724176800,2510.64,2515.5,2509.23,2513.27,10557
1724180400,2513.28,2515.32,2510.88,2514.94,10533
1724184000,2514.95,2516.92,2513.52,2513.91,5345
1724191200,2513.47,2515.82,2513.29,2514.76,4231
1724194800,2514.76,2516.13,2512.81,2512.86,6977
1724198400,2512.86,2515.92,2512.4,2513.5,13535
1724202000,2513.13,2517.09,2510.63,2516.86,26635
1724205600,2516.84,2519.99,2515.84,2519.34,19654
1724209200,2519.29,2519.47,2513.03,2517.32,16159
1724212800,2517.36,2517.72,2513.76,2516.12,10906
1724216400,2516.1,2518.45,2515.04,2515.26,13540
1724220000,2515.28,2519.63,2511.81,2514.49,21035
1724223600,2514.48,2517.06,2508.16,2509.8,21613
1724227200,2509.79,2512.45,2506.73,2507.35,16691
1724230800,2507.26,2509.31,2504.33,2505.65,16467
1724234400,2505.6,2509.74,2504.48,2509.36,14882
1724238000,2509.38,2513.19,2506.86,2511.84,15539
1724241600,2511.83,2513.75,2507.07,2510.6,23331
1724245200,2510.63,2512.94,2497.89,2502.99,40306
1724248800,2502.89,2506.7,2493.65,2501.55,60171
1724252400,2501.62,2511.17,2501.29,2508.31,30378
1724256000,2508.25,2508.79,2503.2,2507.05,20600
1724259600,2507.09,2511.39,2506.9,2509.59,15278
1724263200,2509.6,2519.15,2509.3,2515.96,22446
1724266800,2515.95,2516.34,2510.92,2511.52,13851
1724270400,2511.52,2512.37,2509.68,2512.34,7252
1724277600,2511.58,2514.01,2511.58,2514,4467
1724281200,2513.99,2514.44,2512.19,2512.68,4069
1724284800,2512.69,2514.67,2511.18,2513.78,12533
1724288400,2513.78,2514.06,2507.05,2507.58,24168
1724292000,2507.56,2508.66,2499.86,2502.35,22733
1724295600,2502.34,2504.6,2501.11,2502.31,17646
1724299200,2502.33,2502.43,2499.07,2501.87,11784
1724302800,2501.81,2506.21,2500.71,2505.57,18482
1724306400,2505.58,2510.64,2503.57,2507.47,23723
1724310000,2507.46,2509.83,2504.44,2507.18,19450
1724313600,2507.1,2507.58,2502.4,2503.6,19094
1724317200,2503.56,2508.07,2501.15,2507.23,18855
1724320800,2507.29,2509.1,2505.17,2505.28,13224
1724324400,2505.28,2506.06,2497.75,2499.49,18635
1724328000,2499.5,2504.13,2495.26,2500.61,31398
1724331600,2500.66,2501.59,2483,2487.93,44759
1724335200,2487.79,2487.85,2470.85,2480.01,49621
1724338800,2480.05,2484.27,2474.83,2481.88,28988
1724342400,2481.88,2486.05,2481.3,2484.29,20709
1724346000,2484.34,2484.46,2479.51,2482.29,18343
1724349600,2482.3,2484.86,2480.29,2482.21,13811
1724353200,2482.18,2483.5,2478.52,2482.97,12171
1724356800,2482.99,2484.9,2482.45,2484.6,7249
1724364000,2484.81,2485.63,2484.38,2485.15,2681
1724367600,2485.14,2487.5,2484.9,2487.5,4723
1724371200,2487.5,2492.18,2486.43,2490.03,14052
1724374800,2490.03,2491.45,2487.75,2490.84,25043
1724378400,2490.85,2491.63,2486.61,2489.92,18917
1724382000,2489.92,2493.63,2489.52,2493.15,15960
1724385600,2493.14,2494.53,2492.56,2493.47,12156
1724389200,2493.48,2495.76,2491.09,2491.77,17678
1724392800,2491.78,2494.62,2490.65,2492.95,19998
1724396400,2492.99,2494.09,2491.57,2493.51,18666
1724400000,2493.46,2499.96,2493.01,2498.93,17699
1724403600,2499,2501.91,2496.94,2498.99,16907
1724407200,2498.98,2499.29,2495.67,2498.98,13755
1724410800,2499,2502.4,2497.38,2501.52,13997
1724414400,2501.52,2502.35,2498.15,2501.34,24455
1724418000,2501.33,2503.92,2494.38,2498.55,32611
1724421600,2498.2,2517.91,2497.82,2509.12,72186
1724425200,2509.18,2518.39,2507.95,2509.78,42880
1724428800,2509.83,2510.5,2501.52,2510.22,33041
1724432400,2510.25,2513.25,2509.49,2510.91,21245
1724436000,2510.93,2511.92,2508.92,2509.67,13304
1724439600,2509.58,2512.78,2507.88,2510.83,12927
1724443200,2510.83,2512.27,2509.61,2511.9,6057
1724623200,2511.71,2514.64,2510.91,2512.92,6529
1724626800,2512.94,2516.65,2512.78,2515.99,10698
1724630400,2516,2516.96,2512.39,2513.74,17622
1724634000,2513.73,2515.42,2510.42,2513.37,29232
1724637600,2513.36,2515.38,2511.71,2511.83,16661
1724641200,2511.82,2513.02,2509.2,2509.9,15640
1724644800,2509.89,2510.9,2508.75,2509.62,12777
1724648400,2509.63,2511.32,2508.74,2510.54,16000
1724652000,2510.54,2515.28,2509.86,2514.99,21797
1724655600,2514.97,2521.81,2514.14,2521.54,21522
1724659200,2521.51,2525.81,2520.69,2524.17,17047
1724662800,2524.2,2525.56,2523.38,2524.99,14543
1724666400,2524.99,2526.68,2522.5,2524.94,14644
1724670000,2524.95,2526.88,2520.86,2526.46,18226
1724673600,2526.45,2526.83,2522.32,2523.89,24576
1724677200,2523.83,2526.41,2515.38,2515.99,39162
1724680800,2515.97,2519.01,2510.56,2516.88,36943
1724684400,2516.88,2517.41,2511.39,2515.88,25574
1724688000,2515.91,2520.41,2513.54,2520.14,17975
1724691600,2520.12,2523.33,2516.33,2518.13,17147
1724695200,2518.21,2519.57,2515.58,2516.89,10208
1724698800,2516.92,2521.02,2516.79,2518.2,11486
1724702400,2518.18,2519.05,2517.38,2517.88,5650
1724709600,2518.1,2518.1,2517.03,2517.28,2409
1724713200,2517.27,2517.72,2515.41,2515.42,3944
1724716800,2515.36,2516.8,2512.86,2513.16,10769
1724720400,2513.21,2514.14,2508.22,2509.76,22797
1724724000,2509.74,2510.43,2505.76,2508.72,18230
1724727600,2508.69,2509.2,2505.85,2508.99,12329
1724731200,2508.98,2509.55,2506.25,2507.27,9394
1724734800,2507.27,2513.82,2506.57,2513.52,18526
1724738400,2513.55,2517.5,2512.51,2514.96,23218
1724742000,2515.04,2517.47,2504.3,2504.77,24448
1724745600,2504.75,2512.54,2503.27,2510.97,18577
1724749200,2510.94,2513.83,2508.06,2508.85,18269
1724752800,2508.86,2510.43,2506.84,2508.98,18408
1724756400,2508.93,2512.54,2508.6,2511.46,16621
1724760000,2511.35,2514.29,2507.74,2509.91,23883
1724763600,2509.88,2514.93,2503.31,2511.82,35631
1724767200,2511.81,2518.05,2507.54,2514.69,38430
1724770800,2514.7,2520.24,2511.41,2512.2,26036
1724774400,2512.19,2514.5,2509.77,2514.48,16328
1724778000,2514.5,2521.76,2514.14,2519.99,18641
1724781600,2519.97,2525.97,2519.87,2524.39,14182
1724785200,2524.38,2525.73,2523.02,2525.08,11061
1724788800,2525.05,2525.95,2523.72,2524.6,6017
1724796000,2525.25,2526.01,2524.73,2525.53,3867
1724799600,2525.56,2528.96,2524.2,2525.21,7899
1724803200,2525.22,2525.91,2523.85,2524.45,8883
1724806800,2524.4,2524.4,2516.61,2517.18,19635
1724810400,2517.17,2518.48,2513.42,2516.28,17007
1724814000,2516.38,2517.12,2513.27,2515.96,11852
1724817600,2515.86,2516.13,2510.28,2511.59,12399
1724821200,2511.6,2511.76,2505.54,2505.87,22274
1724824800,2505.84,2508.97,2503.04,2508.48,25469
1724828400,2508.45,2511.32,2507.53,2509.93,23543
1724832000,2509.93,2509.93,2505.77,2508.15,17980
1724835600,2508.1,2511.39,2507.79,2510.19,15286
1724839200,2510.22,2510.54,2502.39,2505.4,17383
1724842800,2505.41,2505.52,2500.53,2501.36,18667
1724846400,2501.39,2501.57,2493.43,2500.68,28455
1724850000,2500.64,2510.43,2499.28,2506.58,35324
1724853600,2506.59,2509.13,2503.95,2507.56,29173
1724857200,2507.55,2510.23,2504.97,2506.18,24455
1724860800,2506.21,2506.5,2496.36,2501.87,20838
1724864400,2501.86,2506.42,2500.54,2505.41,16180
1724868000,2505.44,2508.26,2503.59,2508.06,11861
1724871600,2508.05,2509.64,2506.65,2507.54,12390
1724875200,2507.6,2508.59,2502.79,2504.56,9257
1724882400,2504.84,2508.73,2504.56,2507.24,7426
1724886000,2507.26,2508.12,2506.34,2508.05,5680
1724889600,2508.06,2515.34,2507.91,2512.35,13689
1724893200,2512.34,2514.77,2511.59,2513.23,19151
1724896800,2513.15,2515.1,2511.75,2512.79,13208
1724900400,2512.77,2516.89,2512.21,2516.61,12956
1724904000,2516.61,2518.21,2515.53,2515.96,12155
1724907600,2515.88,2519.98,2513.7,2518.81,17340
1724911200,2518.74,2521.25,2516.24,2516.87,21832
1724914800,2517.04,2519.11,2515.16,2519.09,16513
1724918400,2519.11,2520.09,2514.88,2517.21,23823
1724922000,2517.27,2524.34,2515.87,2523.01,18566
1724925600,2523.07,2524.33,2520.92,2523.03,17151
1724929200,2523.16,2523.37,2519.02,2519.98,15723
1724932800,2519.95,2519.95,2503.49,2509.13,36413
1724936400,2509.14,2519.09,2508.19,2516.78,41461
1724940000,2516.72,2522.34,2514.28,2522.16,38547
1724943600,2522.25,2525.69,2518.51,2522.64,23386
1724947200,2522.64,2526.72,2517.2,2525.29,18474
1724950800,2525.31,2528.67,2523.43,2525.81,17243
1724954400,2525.93,2526.38,2520.9,2523.01,16136
1724958000,2523.01,2524.77,2520.83,2521.12,12537
1724961600,2521.13,2522.26,2520.63,2521.03,4920
1724968800,2520.86,2521.73,2520.43,2520.94,3018
1724972400,2520.93,2520.93,2518.82,2519.6,5363
1724976000,2519.63,2519.73,2516.66,2517.68,9621
1724979600,2517.72,2520.07,2514.43,2516.13,19239
1724983200,2516.12,2517.9,2514.07,2516.16,15279
1724986800,2516.12,2517.07,2512.23,2513.55,11743
1724990400,2513.53,2514.63,2512.13,2513.35,10114
1724994000,2513.36,2516.24,2512.46,2513.8,15751
1724997600,2513.79,2524.05,2513.13,2517.9,28015
1725001200,2517.84,2521.43,2517.64,2519.42,15967
1725004800,2519.41,2526.78,2518.96,2522.97,16503
1725008400,2522.87,2526.9,2522.67,2524.22,14057
1725012000,2524.21,2524.81,2515.05,2515.39,17038
1725015600,2515.28,2521.71,2514.86,2519.44,16317
1725019200,2519.35,2524.87,2516.26,2519.73,32542
1725022800,2519.73,2519.93,2512.7,2515.3,39191
1725026400,2515.29,2518.45,2506.37,2509.12,43339
1725030000,2509.02,2509.58,2500.17,2502.52,36859
1725033600,2502.51,2505.99,2496.51,2497.77,28311
1725037200,2497.78,2500.51,2493.89,2499.65,23020
1725040800,2499.64,2504.77,2499.47,2502.42,14358
1725044400,2502.41,2504.07,2498.25,2502.26,14185
1725048000,2502.14,2503.48,2501.83,2503.44,6372
1725228000,2502.76,2504.72,2501.58,2503.44,4385
1725231600,2503.45,2503.68,2501.91,2502.9,6636
1725235200,2502.91,2505.02,2501.1,2501.42,8235
1725238800,2501.44,2504.62,2496.55,2497.91,22555
1725242400,2497.84,2498.23,2489.86,2492.02,21521
1725246000,2492,2496.47,2491.42,2496.31,12190
1725249600,2496.31,2499.35,2496.16,2497,9217
1725253200,2496.9,2498.56,2495.14,2496.42,15378
1725256800,2496.44,2501.45,2495.81,2497.64,20167
1725260400,2497.7,2499.57,2496.12,2498.16,14892
1725264000,2498.15,2507.33,2497.25,2506.26,18124
1725267600,2506.22,2506.64,2498.18,2499.04,15317
1725271200,2499.02,2502.1,2498.14,2499.27,11930
1725274800,2499.44,2500.26,2496.93,2499.77,11914
1725278400,2499.76,2503.19,2498.83,2501.34,13302
1725282000,2501.37,2502.38,2498.44,2499.97,19919
1725285600,2499.97,2502.4,2497.54,2501.99,15659
1725289200,2501.97,2502.46,2499.85,2501.64,10896
1725292800,2501.63,2501.94,2498.56,2500.47,6821
1725296400,2500.43,2501.26,2498.8,2499.52,4799
1725300000,2499.52,2500.23,2498.76,2499.56,2243
1725314400,2499.21,2499.9,2497.44,2497.72,2663
1725318000,2497.75,2498.52,2496.38,2497.25,5142
1725321600,2497.25,2497.69,2494.96,2495.82,11303
1725325200,2495.79,2495.81,2489.53,2493.81,26576
1725328800,2493.79,2496.47,2492.38,2495.34,19981
1725332400,2495.27,2495.91,2493.02,2494.79,16881
1725336000,2494.78,2497.03,2493.94,2495.98,10633
1725339600,2495.96,2496,2492.72,2495.06,16944
1725343200,2495.05,2498.91,2492.85,2497.82,23151
1725346800,2497.79,2501.99,2496.59,2500.82,20652
1725350400,2500.77,2506.12,2500.53,2503.91,20695
1725354000,2503.94,2505,2500.89,2500.98,17793
1725357600,2500.97,2501.08,2492.45,2497.3,22595
1725361200,2497.22,2501.63,2484.77,2489.64,25907
1725364800,2489.62,2502.08,2487.08,2493.18,36702
1725368400,2493.19,2497.69,2475.34,2479.88,50989
1725372000,2479.8,2485.65,2473.09,2478.32,53322
1725375600,2478.3,2489.54,2477.11,2488.34,30962
1725379200,2488.33,2488.99,2483.91,2485.96,20805
1725382800,2485.89,2492.08,2485.42,2489.52,17189
1725386400,2489.42,2489.97,2487.07,2489.36,11957
1725390000,2489.34,2494.4,2488.92,2491.98,12443
1725393600,2491.95,2493.21,2491.35,2492.87,5705
1725400800,2492.7,2494.46,2492.01,2493.15,4309
1725404400,2493.17,2494.74,2492.24,2493.17,5885
1725408000,2493.18,2494.99,2492.11,2492.29,16401
1725411600,2492.25,2494.51,2491.36,2493.4,20623
1725415200,2493.39,2496.91,2492.43,2495.26,16467
1725418800,2495.24,2496.53,2493.6,2495,12148
1725422400,2494.99,2496.82,2494.47,2495.96,8122
1725426000,2495.93,2496.51,2492.78,2493.17,14712
1725429600,2493.21,2493.44,2483.67,2484.31,23887
1725433200,2484.3,2488.29,2481.77,2481.97,20771
1725436800,2481.94,2483.36,2472.36,2473.33,23314
1725440400,2473.42,2483.33,2471.69,2481.58,22274
1725444000,2481.57,2490.04,2481.14,2489.1,18068
1725447600,2489.1,2491.27,2486.72,2489.2,18878
1725451200,2489.18,2491.16,2485.51,2486.59,26098
1725454800,2486.63,2490.07,2481.87,2485.12,33737
1725458400,2485.15,2500.2,2484.37,2496.3,52672
1725462000,2496.32,2498.4,2492.82,2494.13,27652
1725465600,2494.11,2497.94,2493.22,2496.73,17317
1725469200,2496.75,2497.31,2493.47,2493.97,13588
1725472800,2493.96,2495.56,2492.41,2494.73,12014
1725476400,2494.75,2494.84,2491.43,2493.34,10881
1725480000,2493.29,2496.99,2492.91,2495.33,5620
1725487200,2495.33,2495.76,2494.46,2495.37,2739
1725490800,2495.38,2496.91,2495.06,2495.88,6213
1725494400,2495.93,2496.62,2494.43,2495.26,10923
1725498000,2495.25,2499.25,2494.53,2496.35,22635
1725501600,2496.29,2498.94,2496.17,2498.05,13474
1725505200,2498.04,2498.54,2494.65,2494.89,13155
1725508800,2494.79,2495.1,2493.78,2494.34,8694
1725512400,2494.31,2502.35,2493.89,2501.9,16969
1725516000,2501.88,2506.99,2500.75,2504.42,24668
1725519600,2504.38,2507.56,2502.92,2506.47,18106
1725523200,2506.49,2516.64,2505.99,2514.66,26675
1725526800,2514.7,2517.31,2514.7,2515.45,18639
1725530400,2515.42,2517,2513.28,2516.34,15733
1725534000,2516.38,2518.4,2513.72,2515.27,19672
1725537600,2515.44,2523.38,2514.05,2517.78,38763
1725541200,2517.98,2519.46,2512.27,2514.79,41487
1725544800,2515.25,2520.59,2507.6,2508.78,50441
1725548400,2508.83,2510.97,2503.97,2507.19,33813
1725552000,2507.22,2511.6,2505.93,2510.39,18475
1725555600,2510.39,2515.47,2509.23,2515.07,15050
1725559200,2515.09,2516.84,2514.76,2515.63,10696
1725562800,2515.62,2516.11,2513.6,2514.93,9940
1725566400,2514.93,2516.91,2514.79,2516.59,5108
1725573600,2516.58,2516.86,2515.64,2516.14,2960
1725577200,2516.12,2517.99,2516.11,2517.3,6499
1725580800,2517.36,2517.63,2515.5,2515.98,11405
1725584400,2515.96,2516.64,2513.46,2513.86,19642
1725588000,2513.83,2518.01,2512.93,2517.71,15849
1725591600,2517.7,2518.38,2516.87,2518.29,11436
1725595200,2518.3,2519.48,2517.77,2518.48,9006
1725598800,2518.48,2521.76,2518.48,2520,15298
1725602400,2520.03,2521.35,2516.67,2519.27,20996
1725606000,2519.19,2519.97,2516.12,2516.56,17933
1725609600,2516.55,2518.24,2515.51,2517.91,14501
1725613200,2517.9,2519.95,2516.36,2519.19,11652
1725616800,2519.09,2519.89,2517.22,2518.99,12592
1725620400,2519.01,2520.35,2514.68,2516.38,17257
1725624000,2516.33,2529.24,2507.13,2522.31,49229
1725627600,2522.37,2523.07,2502,2509.31,65522
1725631200,2509.27,2515.58,2500.45,2506.83,60274
1725634800,2506.84,2518.55,2503.63,2505.47,59200
1725638400,2505.39,2505.86,2484.91,2489.02,47579
1725642000,2489.08,2497.01,2485.99,2495.48,30813
1725645600,2495.49,2497,2492.02,2494.66,18458
1725649200,2494.7,2496.9,2490.68,2495.99,17862
1725652800,2495.95,2497.82,2494.76,2497.09,6796
1725832800,2496.53,2498.08,2496.07,2497.89,5654
1725836400,2497.94,2498.33,2495.5,2496.85,8870
1725840000,2496.88,2498.23,2495.62,2495.91,16029
1725843600,2495.91,2498.63,2494.74,2497.78,31954
1725847200,2497.81,2499.17,2496.97,2497.24,17211
1725850800,2497.23,2500.55,2496.7,2499.24,14471
1725854400,2499.26,2499.46,2497.45,2498.16,10941
1725858000,2498.15,2498.35,2487.53,2487.96,22975
1725861600,2487.97,2493.57,2485.47,2489.77,29772
1725865200,2489.71,2496.67,2488.81,2494.22,30060
1725868800,2494.24,2495.44,2490.02,2492.15,24849
1725872400,2492.18,2497.59,2492.09,2496.39,17126
1725876000,2496.4,2499.14,2493.15,2494.46,17947
1725879600,2494.47,2498.87,2493.35,2497.16,16116
1725883200,2497.33,2504.17,2496.31,2500.95,28049
1725886800,2500.98,2505.29,2499.26,2499.77,34491
1725890400,2499.74,2501.25,2493.29,2496.81,36018
1725894000,2496.84,2499.57,2493.57,2499.1,25990
1725897600,2499.09,2505.19,2499.09,2504.32,17143
1725901200,2504.32,2506.51,2499.34,2499.92,16506
1725904800,2499.97,2505.25,2499.45,2504.78,12358
1725908400,2504.79,2506.08,2502.61,2505.92,11077
1725912000,2505.91,2507.22,2505.22,2506.21,6047
1725919200,2506.13,2507.16,2505.79,2506.97,2812
1725922800,2506.88,2507.68,2505.57,2506.76,5309
1725926400,2506.76,2507.52,2504.77,2505.45,13706
1725930000,2505.35,2506.83,2502.88,2503.79,23806
1725933600,2503.83,2504.08,2501.81,2503,16171
1725937200,2502.95,2504.39,2501.48,2502.49,13211
1725940800,2502.48,2502.9,2501.07,2501.84,7971
1725944400,2501.85,2505,2500.71,2503.92,16724
1725948000,2503.91,2506.55,2503.41,2505.04,22328
1725951600,2504.96,2507.76,2502.14,2502.73,19408
1725955200,2502.72,2503.13,2499.96,2502.36,18602
1725958800,2502.23,2505.98,2500.13,2505.86,19038
1725962400,2505.88,2509.69,2504.99,2505.72,19960
1725966000,2505.73,2507.2,2504.13,2504.62,17227
1725969600,2504.63,2514.09,2504.47,2513.88,25887
1725973200,2513.91,2515.4,2506.33,2506.85,39409
1725976800,2506.76,2509.34,2500.65,2509.13,42680
1725980400,2509.17,2518.31,2508.18,2512.64,29651
1725984000,2512.69,2515.49,2510.65,2514.34,18856
1725987600,2514.35,2515.73,2512.86,2513.09,14034
1725991200,2513.2,2516.68,2512.02,2516.29,13435
1725994800,2516.3,2517.42,2514.07,2517.2,13208
1725998400,2517.19,2517.41,2515.73,2516.6,5344
1726005600,2516.37,2517.11,2516.24,2516.4,2807
1726009200,2516.44,2518.85,2516.33,2518.66,6089
1726012800,2518.66,2519.06,2516.15,2516.49,13199
1726016400,2516.5,2522.55,2514.9,2518.78,31586
1726020000,2518.71,2520.3,2517.54,2518.8,19820
1726023600,2518.81,2519.94,2516.82,2519.39,18172
1726027200,2519.38,2520.17,2518.6,2519.56,13319
1726030800,2519.54,2522.48,2519.21,2521.24,23147
1726034400,2521.24,2528.9,2520.83,2526.68,30571
1726038000,2526.64,2527.76,2520.65,2521.52,21578
1726041600,2521.5,2527.17,2520.72,2524.23,20178
1726045200,2524.3,2524.76,2522.01,2523.29,13262
1726048800,2523.27,2523.29,2519.58,2521.72,17729
1726052400,2521.67,2524.26,2520.74,2522.2,18797
1726056000,2522.11,2523.68,2502.12,2508.12,51307
1726059600,2508.13,2512.95,2503.03,2509.56,54886
1726063200,2509.58,2510.48,2500.73,2509.46,52456
1726066800,2509.45,2514.94,2508.76,2514.76,32917
1726070400,2514.71,2520,2513.66,2515.23,23506
1726074000,2515.2,2516.88,2512.22,2514.57,19576
1726077600,2514.58,2516.4,2511.18,2511.54,15836
1726081200,2511.53,2513.26,2509.62,2513.02,12546
1726084800,2512.99,2513.84,2511.27,2511.55,6096
1726092000,2511.59,2513.93,2511.43,2512.86,3821
1726095600,2512.88,2513.06,2511.79,2512,4617
1726099200,2511.99,2512.44,2511.03,2512.1,11368
1726102800,2512.11,2515.22,2511.7,2513.19,24579
1726106400,2513.2,2514.1,2510.89,2512.3,18390
1726110000,2512.29,2516.04,2512.16,2515.8,12101
1726113600,2515.8,2517.79,2515.5,2516.98,9528
1726117200,2516.99,2519.77,2516.99,2519.4,15690
1726120800,2519.33,2522.2,2516.71,2516.96,18903
1726124400,2516.96,2517.8,2514.47,2515.99,19606
1726128000,2515.96,2519.28,2515.05,2517.43,18225
1726131600,2517.42,2519.23,2516.26,2518.73,12964
1726135200,2518.72,2521.04,2513.21,2513.25,17564
1726138800,2513.23,2520.41,2512.78,2519.46,20159
1726142400,2519.53,2535.32,2518.78,2528.57,44591
1726146000,2528.56,2551.7,2521.94,2545.36,37530
1726149600,2544.93,2554.78,2541.89,2553.28,18495
1726153200,2553.3,2555.15,2548.81,2553.17,14509
1726156800,2553.18,2553.72,2544.91,2550.74,12584
1726160400,2550.76,2554.72,2550.19,2554.09,10997
1726164000,2554,2558.87,2552,2555.81,10052
1726167600,2555.86,2559.15,2554.56,2557.85,9977
1726171200,2557.79,2560.06,2556.68,2558.6,5965
1726178400,2558.09,2559.43,2557.13,2557.38,3461
1726182000,2557.37,2558.52,2556.73,2558.42,5021
1726185600,2558.41,2562.79,2556.84,2561.62,8963
1726189200,2561.62,2568.02,2559.88,2563.23,14245
1726192800,2563.22,2565.65,2561.55,2565.3,10389
1726196400,2565.26,2570.04,2564.54,2567.89,9857
1726200000,2567.88,2570.13,2566.6,2568.77,6694
1726203600,2568.76,2570.31,2565.8,2566.63,9869
1726207200,2566.48,2568.85,2563.18,2567.08,12809
1726210800,2567.12,2571.1,2563.87,2569.82,12091
1726214400,2569.93,2570.98,2565.64,2569.92,10344
1726218000,2569.66,2572.97,2567.05,2568.64,10644
1726221600,2568.61,2569.37,2565.65,2567.03,9156
1726225200,2567.2,2568.35,2563.77,2567.38,9412
1726228800,2567.46,2575.94,2566.05,2575.88,12492
1726232400,2575.78,2583.44,2573.46,2577.6,17949
1726236000,2577.3,2580.21,2573.11,2578.39,16707
1726239600,2578.51,2582.5,2573.65,2582.21,12993
1726243200,2582.24,2585.17,2580.07,2584.35,10854
1726246800,2584.2,2586.09,2581.45,2582.67,8990
1726250400,2582.65,2583.85,2580.64,2582.3,8130
1726254000,2582.32,2582.99,2578.63,2582.68,6542
1726257600,2582.67,2582.93,2579.4,2579.41,3717
1726437600,2578.64,2580.66,2577.58,2579.97,4543
1726441200,2580.02,2580.36,2578.29,2579.23,4883
1726444800,2579.17,2582.39,2578.81,2581.41,5450
1726448400,2581.3,2582.84,2579.85,2581.76,5798
1726452000,2581.68,2585.98,2581.53,2585.36,6525
1726455600,2585.45,2588.96,2583.77,2586.39,7700
1726459200,2586.4,2586.8,2584.94,2585.86,5301
1726462800,2585.68,2589.44,2585.42,2588.69,5761
1726466400,2588.71,2589.68,2585.12,2585.29,9180
1726470000,2585.49,2585.68,2579.64,2582.09,11936
1726473600,2582.1,2588.56,2581.36,2586.82,10693
1726477200,2586.81,2588.38,2584.29,2585.56,9019
1726480800,2585.54,2586.45,2575.13,2579.87,9778
1726484400,2579.88,2583.15,2578.63,2582.91,8561
1726488000,2583.07,2583.49,2578.45,2583.46,12332
1726491600,2583.52,2589.35,2581.16,2588.17,14484
1726495200,2588.21,2588.43,2576.19,2580.16,15585
1726498800,2580.18,2581.91,2577.79,2579.93,11525
1726502400,2580.12,2584.02,2579.52,2583.65,8668
1726506000,2583.68,2584.12,2579.85,2582.56,7255
1726509600,2582.67,2582.89,2580.19,2581.02,5768
1726513200,2581.07,2583.19,2579.56,2582.55,5085
1726516800,2582.52,2583.5,2581.79,2582.43,3226
1726524000,2582.26,2583.63,2582.21,2582.91,1940
1726527600,2583.04,2583.91,2582.17,2583.71,3249
1726531200,2583.68,2584.45,2580.3,2580.3,5716
1726534800,2580.32,2582.77,2578.41,2582.52,7107
1726538400,2582.53,2586.28,2580.95,2581.48,7018
1726542000,2581.45,2581.47,2576.67,2577.26,7497
1726545600,2577.36,2579.07,2574.76,2576.97,5670
1726549200,2576.96,2579.6,2574.55,2579.29,6168
1726552800,2579.38,2586.96,2579.29,2584.39,9911
1726556400,2584.6,2585.71,2582.71,2583.78,9197
1726560000,2583.7,2584.17,2577.68,2580.09,10387
1726563600,2580.09,2580.17,2571.58,2573.55,10150
1726567200,2573.35,2576.09,2569.65,2573.06,8927
1726570800,2573.17,2581.6,2572.15,2579.74,10069
1726574400,2579.83,2581.66,2568.16,2577.83,15531
1726578000,2577.8,2579.46,2573.13,2573.77,16970
1726581600,2573.81,2582.24,2571.76,2576.51,15606
1726585200,2576.6,2577.07,2561.84,2565.68,13825
1726588800,2565.66,2566.71,2561.4,2563.18,10914
1726592400,2563.12,2570.48,2560.63,2569.87,10440
1726596000,2569.89,2571.68,2568.48,2570.09,7344
1726599600,2570.06,2571.18,2567.03,2568.64,7033
1726603200,2568.69,2570.3,2568.3,2569.49,3597
1726610400,2569.62,2571.43,2569.52,2570.75,2256
1726614000,2570.68,2574.41,2570.68,2573.98,4188
1726617600,2573.98,2574.8,2571.39,2572.98,6594
1726621200,2572.93,2576.43,2571.65,2572.3,13850
1726624800,2572.37,2574.15,2569.98,2573.79,8718
1726628400,2573.77,2576.47,2572.74,2575.86,7370
1726632000,2575.85,2576.52,2567.92,2568.61,6442
1726635600,2568.71,2569.25,2565.65,2567.66,9176
1726639200,2567.67,2570.03,2566.65,2569.2,9784
1726642800,2569.19,2571.94,2568.37,2571.48,9466
1726646400,2571.58,2571.95,2568.2,2569.74,8237
1726650000,2569.75,2571.96,2567.86,2571.9,8151
1726653600,2572,2578.09,2571.02,2576.19,8971
1726657200,2576.23,2580.78,2574.94,2577.42,8742
1726660800,2577.49,2578.9,2573.48,2576.19,10858
1726664400,2576.1,2578.57,2568.66,2571.86,15129
1726668000,2571.82,2574.89,2567.89,2571.73,14913
1726671600,2571.76,2574.45,2568.16,2569.78,11340
1726675200,2569.86,2575.15,2568.86,2574.84,7897
1726678800,2574.81,2574.81,2567.07,2567.22,9978
1726682400,2567.21,2600.16,2566.44,2575.82,24170
1726686000,2575.98,2576.16,2546.92,2549.11,22786
1726689600,2549.03,2560.94,2548.55,2559.31,9715
1726696800,2557.78,2561.64,2555.79,2559.35,5330
1726700400,2559.34,2559.71,2556.28,2559.23,5584
1726704000,2559.3,2559.52,2556.97,2558.81,9969
1726707600,2558.8,2558.8,2551.01,2555.33,15044
1726711200,2555.39,2566.73,2555.34,2564.12,12830
1726714800,2564.07,2565.27,2561.34,2564.07,9859
1726718400,2564.13,2564.21,2559.52,2564.15,7489
1726722000,2564.04,2574.5,2563.94,2574.44,11783
1726725600,2574.51,2578.7,2573.87,2575.79,14002
1726729200,2575.64,2584.68,2574.99,2584.33,13284
1726732800,2584.31,2586.56,2581.36,2584.91,10893
1726736400,2584.85,2594.88,2584.01,2591.78,12755
1726740000,2591.78,2591.9,2585.9,2588.7,10649
1726743600,2588.74,2589.78,2584.2,2589.47,11883
1726747200,2589.46,2591.31,2572.98,2576.82,16324
1726750800,2576.72,2582.59,2569.77,2575.19,18959
1726754400,2574.99,2584.65,2571.7,2581.3,18167
1726758000,2581.39,2589.37,2580.36,2589.02,13273
1726761600,2589.09,2592.63,2587.81,2591.79,10732
1726765200,2591.7,2592.73,2587.98,2590.57,8465
1726768800,2590.56,2590.84,2586.59,2588.22,8049
1726772400,2588.27,2588.9,2585.91,2588.41,6966
1726776000,2588.33,2589.77,2585.93,2586.72,4458
1726783200,2586.34,2587.82,2586.16,2587.74,2236
1726786800,2587.7,2587.77,2586.32,2587.23,3179
1726790400,2587.23,2588.53,2586.09,2588.08,6008
1726794000,2588.2,2589.55,2584.77,2588.26,11350
1726797600,2588.15,2592.55,2587.34,2591.53,8867
1726801200,2591.49,2593.64,2590.92,2591.46,9431
1726804800,2591.47,2594.37,2591.45,2593.76,5340
1726808400,2593.81,2595.16,2592.36,2594.49,7511
1726812000,2594.53,2607.06,2594.25,2605.44,12774
1726815600,2605.53,2609.77,2604.69,2607.11,12481
1726819200,2606.88,2612.75,2605.43,2609.83,11783
1726822800,2609.86,2610.56,2602.58,2606.28,8988
1726826400,2606.36,2614.21,2606.13,2613.27,9280
1726830000,2613.54,2615.49,2610.24,2613.75,10446
1726833600,2613.73,2619.39,2613.39,2615.54,13253
1726837200,2615.53,2616.57,2602.71,2606.61,19189
1726840800,2606.64,2617.18,2604.79,2614.06,17681
1726844400,2614.01,2623,2611.24,2622.83,17133
1726848000,2622.83,2625.8,2619.59,2624.92,12784
1726851600,2624.9,2625.38,2619.27,2619.5,10710
1726855200,2619.62,2622.24,2617.79,2621.65,9502
1726858800,2621.67,2623.43,2620.61,2621.18,7877
1726862400,2621.09,2622.44,2619.05,2622.19,4507
1727042400,2619.71,2621.98,2617.99,2620.46,4391
1727046000,2620.46,2621.52,2619.55,2620.27,3617
1727049600,2620.28,2620.34,2618.21,2618.21,4999
1727053200,2618.17,2621.53,2616.01,2620.08,10913
1727056800,2620.08,2626.25,2618.86,2625.44,8983
1727060400,2625.29,2631.06,2624.79,2628.53,7955
1727064000,2628.6,2631.07,2627.98,2629.45,4618
1727067600,2629.42,2631.35,2626.79,2629.95,7294
1727071200,2629.95,2630.08,2624.49,2624.49,11041
1727074800,2624.54,2625.06,2613.64,2615.11,14837
1727078400,2614.95,2619.64,2614.64,2616.79,11400
1727082000,2616.8,2622.09,2615.25,2621.55,8841
1727085600,2621.54,2623.66,2620.66,2621.57,8571
1727089200,2621.66,2625.8,2620.9,2624.04,8673
1727092800,2624.05,2627.98,2620.02,2626.99,11960
1727096400,2627.05,2634.34,2625.56,2631.99,16444
1727100000,2631.96,2634.81,2627.92,2630.44,16559
1727103600,2630.45,2631.96,2625.83,2629.34,13486
1727107200,2629.31,2630.88,2626.5,2628.28,11865
1727110800,2628.2,2629.16,2626.29,2627.98,8454
1727114400,2628.04,2628.76,2625.98,2627.36,6964
1727118000,2627.32,2627.98,2625.65,2626.31,6171
1727121600,2626.38,2628.56,2626.12,2628.37,3303
1727128800,2627.14,2628.43,2626.97,2627.46,2110
1727132400,2627.44,2627.47,2625.79,2626.32,3257
1727136000,2626.32,2626.67,2623.79,2625.21,6420
1727139600,2625.26,2630.13,2624.85,2629.13,12878
1727143200,2629.05,2629.35,2626.69,2628.88,9274
1727146800,2628.98,2636.13,2628.78,2634.06,10045
1727150400,2634.04,2638.28,2632.04,2638.14,7821
1727154000,2638.19,2640.01,2624.96,2625.23,12336
1727157600,2625.32,2629.94,2624.58,2628.71,14803
1727161200,2628.85,2630.23,2622.41,2628.89,12264
1727164800,2628.88,2629.59,2625.9,2629.06,9755
1727168400,2629.04,2630.9,2627.05,2630.83,8484
1727172000,2630.92,2636.07,2630.67,2633.42,9424
1727175600,2633.4,2633.41,2623.35,2626.43,12036
1727179200,2626.48,2633.25,2623.52,2633.11,13874
1727182800,2633.11,2637.22,2631,2635.5,17218
1727186400,2635.59,2647.09,2634.48,2643.51,18443
1727190000,2643.59,2648.23,2639.74,2643.06,16098
1727193600,2643.09,2655.03,2642.37,2653.56,14475
1727197200,2653.58,2654.44,2649.8,2654.03,10294
1727200800,2654.14,2657.75,2653.37,2657.24,9026
1727204400,2657.21,2664.4,2656.49,2662.68,10426
1727208000,2662.72,2663.7,2656.37,2657.14,5638
1727215200,2658.59,2659.85,2657.61,2659.11,3476
1727218800,2659.07,2659.3,2656.68,2658.14,4818
1727222400,2658.17,2660.94,2656.6,2660.75,6877
1727226000,2660.87,2662.85,2655.29,2660.14,15865
1727229600,2660.12,2670.39,2659.75,2670.02,11906
1727233200,2670.03,2670.14,2659.91,2661.46,9713
1727236800,2661.5,2661.72,2657.63,2658.89,7210
1727240400,2658.86,2659.85,2654.24,2657.16,10522
1727244000,2657.19,2659.83,2653.57,2654.69,12652
1727247600,2654.81,2657.68,2651.45,2656.99,11306
1727251200,2656.97,2658.55,2654.52,2655.95,9745
1727254800,2655.96,2657.74,2652.49,2656.91,8788
1727258400,2657.21,2658.22,2654.33,2655.54,8563
1727262000,2655.63,2658.09,2653.9,2657.5,8257
1727265600,2657.33,2660.82,2656.91,2659.51,12634
1727269200,2659.45,2665.81,2658.39,2664.47,16647
1727272800,2664.33,2667.52,2654.25,2658.98,17812
1727276400,2658.94,2660.75,2655.36,2657.8,15096
1727280000,2657.77,2658.77,2649.55,2653.68,12126
1727283600,2653.57,2663.01,2653.13,2660.56,10937
1727287200,2660.57,2661.66,2658.98,2660.41,6710
1727290800,2660.33,2661.54,2659.43,2659.65,5938
1727294400,2659.64,2660.21,2656.24,2657.04,4936
1727301600,2657.46,2659.61,2656.92,2658.33,3468
1727305200,2658.33,2659.48,2656.28,2656.38,3794
1727308800,2656.47,2660.38,2655.33,2659.06,7250
1727312400,2659.1,2661.44,2657.65,2660.86,11312
1727316000,2660.87,2661.57,2657.01,2658.2,9633
1727319600,2658.13,2662.6,2657.82,2662.49,7894
1727323200,2662.59,2662.94,2660.19,2660.62,4932
1727326800,2660.61,2663.4,2659.77,2661.49,10238
1727330400,2661.44,2662.54,2657.94,2661.77,11899
1727334000,2661.78,2666.85,2659.53,2664.66,11834
1727337600,2664.56,2670.45,2664.56,2668.98,11467
1727341200,2669.02,2669.87,2666.98,2668.83,9633
1727344800,2668.8,2675.65,2667.53,2672.68,11727
1727348400,2672.59,2685.51,2672.36,2682.86,13712
1727352000,2682.96,2684.19,2668.52,2677.33,17980
1727355600,2677.67,2679.65,2654.76,2660.9,21861
1727359200,2660.92,2669.53,2659.79,2665.79,19040
1727362800,2665.77,2673.06,2662.38,2671.41,15258
1727366400,2671.37,2672.47,2662.91,2668.14,13293
1727370000,2668.13,2672.17,2667.55,2670.9,10242
1727373600,2670.95,2677.1,2670.11,2675.95,8906
1727377200,2675.98,2677.94,2672.21,2673.67,7518
1727380800,2673.76,2674.03,2670.79,2672.25,4016
1727388000,2671.83,2673.26,2671.58,2672.33,2077
1727391600,2672.44,2673.23,2671.93,2672.73,3304
1727395200,2672.74,2672.75,2669.38,2669.83,7449
1727398800,2669.88,2672.62,2666.16,2669.49,14815
1727402400,2669.52,2670.97,2667.22,2668.96,10792
1727406000,2668.95,2673.93,2668.65,2673.61,9053
1727409600,2673.66,2673.94,2669.29,2670.42,6202
1727413200,2670.44,2671.31,2662.32,2664.84,13451
1727416800,2664.85,2669.5,2664.13,2665.88,15161
1727420400,2666,2668.26,2660.94,2664.69,13588
1727424000,2664.62,2665.47,2661.61,2662.61,11562
1727427600,2662.63,2664.92,2658.38,2663.69,10935
1727431200,2663.65,2665.64,2661.99,2664.38,8918
1727434800,2664.38,2669.19,2664.33,2666.08,9610
1727438400,2666.09,2674.2,2662.28,2670.04,15553
1727442000,2670.01,2671.08,2663.89,2666.29,17627
1727445600,2665.69,2666.92,2649.44,2649.53,18258
1727449200,2649.56,2654.64,2644.82,2649.89,17480
1727452800,2649.8,2656.33,2646.07,2651.82,13466
1727456400,2651.87,2652.42,2642.97,2645.2,11608
1727460000,2645.28,2648.96,2643.16,2648.04,9315
1727463600,2648.07,2652.83,2645.54,2652.12,8414
1727467200,2651.89,2659.08,2651.14,2658.69,4213
1727647200,2658.32,2663.52,2658.26,2662.69,6429
1727650800,2662.62,2665.09,2661.67,2663.54,6391
1727654400,2663.57,2665.99,2661.27,2661.6,9414
1727658000,2661.58,2664.31,2647.51,2652.68,16137
1727661600,2652.64,2656.45,2650.22,2652.69,11083
1727665200,2652.61,2655.61,2652.2,2653.53,7825
1727668800,2653.49,2655.89,2652.13,2655.8,5923
1727672400,2655.82,2659.26,2654.34,2657.87,9685
1727676000,2657.84,2660.07,2655.71,2657.89,11813
1727679600,2658.02,2660.66,2650.59,2650.98,10704
1727683200,2650.95,2656.62,2650.41,2653.53,10809
1727686800,2653.56,2653.68,2648.32,2649.77,10027
1727690400,2649.74,2650.11,2635.76,2637,11446
1727694000,2636.9,2642.89,2634.34,2641.59,11203
1727697600,2641.59,2644.21,2634.86,2639.01,12424
1727701200,2639.08,2642.16,2630.49,2635.74,16152
1727704800,2635.59,2636.17,2628.73,2633.18,17368
1727708400,2633.24,2636.5,2630.25,2633.85,13010
1727712000,2633.97,2639.48,2633.42,2639.04,10663
1727715600,2639.12,2641.86,2636.26,2637.78,9675
1727719200,2637.77,2638.34,2624.65,2631.57,14691
1727722800,2631.41,2631.79,2626.5,2631.06,9805
1727726400,2631.11,2635.13,2630.78,2634.53,4324
1727733600,2633.27,2635.04,2632.3,2635.02,2913
1727737200,2635.06,2636.21,2634.5,2635.66,3743
1727740800,2635.66,2637.25,2633.89,2636.56,6267
1727744400,2636.56,2639.78,2635.47,2639.78,6147
1727748000,2639.86,2639.91,2635.02,2636.43,5948
1727751600,2636.39,2638.56,2634.5,2638.02,5996
1727755200,2637.95,2640.43,2637.37,2639.58,5342
1727758800,2639.71,2644.28,2639.5,2643.13,7414
1727762400,2643.03,2645.59,2642.68,2645.19,8804
1727766000,2645.37,2647.34,2641.52,2645.56,12605
1727769600,2645.62,2646.84,2642.35,2646.49,9637
1727773200,2646.49,2649.28,2645.4,2648.73,9804
1727776800,2648.62,2650.58,2648.13,2650.4,8224
1727780400,2650.4,2652.15,2646.71,2650.18,10124
1727784000,2650.29,2656.59,2650.25,2651.56,12867
1727787600,2651.59,2671.82,2648.06,2667.84,17897
1727791200,2667.53,2669.89,2657.38,2659.25,19679
1727794800,2659.14,2665.46,2653.88,2663.51,15929
1727798400,2663.41,2673.17,2661.24,2666.42,13739
1727802000,2666.42,2671.78,2661.21,2662.53,14149
1727805600,2662.5,2664.86,2657.65,2661.09,9864
1727809200,2660.99,2664.36,2658.23,2658.72,7833
1727812800,2658.63,2663.91,2657.87,2663.28,4205
1727820000,2662,2662.91,2661.26,2662.13,2470
1727823600,2662.24,2662.27,2660.21,2660.44,3506
1727827200,2660.44,2660.69,2656.83,2657.34,7216
1727830800,2657.49,2661.98,2656.25,2660.54,8438
1727834400,2660.48,2661.16,2658.79,2660.08,7001
1727838000,2660.05,2661.6,2655.07,2655.42,7590
1727841600,2655.38,2656.52,2652.57,2654.19,6769
1727845200,2654.09,2656.15,2644.5,2647.98,10911
1727848800,2647.99,2650.59,2647.14,2649.74,9871
1727852400,2649.73,2655.48,2649.44,2655.38,11407
1727856000,2655.38,2655.77,2648.7,2652.4,9617
1727859600,2652.39,2655.48,2651.61,2652.85,8647
1727863200,2652.86,2654.36,2648.75,2649.22,8280
1727866800,2649.12,2652.56,2647.75,2649.59,9133
1727870400,2649.84,2652.91,2643.82,2649.55,13958
1727874000,2649.62,2660.81,2649.18,2659.59,16885
1727877600,2659.7,2663.17,2647.48,2648.14,17637
1727881200,2648.18,2650.66,2640.91,2649.84,14786
1727884800,2649.98,2652.26,2648.09,2649.74,9567
1727888400,2649.77,2652.8,2647.03,2652.23,7784
1727892000,2652.21,2655.94,2651.08,2654.01,7807
1727895600,2654.07,2658.99,2653.65,2658.57,7203
1727899200,2658.46,2659.87,2658.24,2658.61,4262
1727906400,2658.41,2660.38,2657.97,2659.53,3390
1727910000,2659.47,2661.28,2659.43,2660.28,4635
1727913600,2660.33,2662.73,2657.41,2657.74,7405
1727917200,2657.75,2658.94,2654.98,2658.17,9340
1727920800,2658.21,2658.69,2655.38,2655.8,7510
1727924400,2655.77,2657.95,2653.29,2656.09,7879
1727928000,2656.1,2656.58,2654.61,2654.98,5864
1727931600,2655.06,2656.57,2651.79,2653.32,9783
1727935200,2653.29,2657.48,2651.28,2655.94,10089
1727938800,2656.19,2656.2,2643.5,2645.32,13231
1727942400,2645.27,2647.47,2641.73,2645.1,11141
1727946000,2645.03,2647.62,2640.78,2644.82,10754
1727949600,2644.81,2648.04,2643.89,2646.82,9452
1727953200,2646.87,2648.94,2643.46,2647.94,9727
1727956800,2648.05,2653.9,2642.16,2642.48,15430
1727960400,2642.51,2651.29,2641.6,2647.02,16535
1727964000,2647.01,2654.37,2637.32,2650.12,19814
1727967600,2650.23,2654.61,2648.01,2648.87,12611
1727971200,2648.95,2661.16,2648.5,2659.97,10075
1727974800,2660.02,2662.15,2655.12,2656.78,9460
1727978400,2656.78,2659.71,2655.45,2657.55,6380
1727982000,2657.56,2659.46,2656.93,2658.01,6651
1727985600,2657.96,2657.99,2655.77,2655.94,3115
1727992800,2656.96,2656.98,2654.42,2656.07,2901
1727996400,2655.93,2656.66,2654.3,2655.86,2657
1728000000,2655.88,2657.47,2655.38,2657.21,6304
1728003600,2657.16,2659.19,2656.73,2658.33,7973
1728007200,2658.44,2663.44,2657.91,2662.12,7385
1728010800,2662.14,2663.62,2660.77,2661.05,6676
1728014400,2661.05,2665.83,2660.63,2664.06,5902
1728018000,2664.16,2667.89,2664.15,2667.39,6977
1728021600,2667.45,2667.55,2659.65,2660.3,8616
1728025200,2660.16,2663.16,2658.63,2661.1,11223
1728028800,2661.09,2661.57,2658.85,2659.02,9631
1728032400,2659.04,2660.23,2656.82,2657.52,8581
1728036000,2657.5,2660.71,2657.13,2658.35,8358
1728039600,2658.25,2662.52,2657.41,2661.39,9599
1728043200,2661.39,2661.53,2631.92,2638.73,21117
1728046800,2638.78,2655.2,2637.5,2651.94,22599
1728050400,2651.92,2661.07,2646.39,2658.44,21160
1728054000,2658.46,2670.22,2647.83,2653.22,22999
1728057600,2653.38,2653.88,2641.84,2645.3,14892
1728061200,2645.26,2650.49,2644.03,2650.1,12333
1728064800,2650.1,2650.71,2644.38,2645.6,10359
1728068400,2645.62,2652.13,2642.81,2651.62,8464
1728072000,2651.68,2653.21,2649.75,2652.7,4116
1728252000,2650.82,2652.8,2649.83,2650.83,5249
1728255600,2650.82,2652.42,2649.69,2650.18,4597
1728259200,2650.19,2651.13,2647.72,2649.23,6902
1728262800,2649.32,2651.94,2643.8,2646.23,11467
1728266400,2646.22,2648.68,2645.3,2645.32,8866
1728270000,2645.31,2647.49,2643.94,2647.47,7993
1728273600,2647.35,2648.62,2646.27,2646.79,5464
1728277200,2646.69,2646.77,2640.03,2640.74,8172
1728280800,2640.75,2643.91,2639.77,2643.28,11558
1728284400,2643.26,2652.81,2641.97,2651.95,14820
1728288000,2651.92,2656.32,2651.62,2652.28,13478
1728291600,2652.33,2657.28,2650.64,2656.52,10871
1728295200,2656.53,2658.53,2655.26,2655.43,10942
1728298800,2655.36,2659.67,2655.08,2656.89,10845
1728302400,2657,2659.29,2637.8,2640.04,18741
1728306000,2639.99,2653.59,2639.68,2642.68,21853
1728309600,2642.69,2647.71,2640.35,2640.87,18652
1728313200,2640.88,2650.08,2639.14,2645.64,14880
1728316800,2645.57,2646.96,2642.62,2646.87,10386
1728320400,2646.86,2648.74,2644.25,2648.03,8089
1728324000,2648.04,2648.14,2639.76,2640.87,9638
1728327600,2640.88,2644.66,2640.38,2643.3,8195
1728331200,2643.29,2643.7,2641.7,2642.6,4125
1728338400,2642.44,2649.07,2641.76,2644.14,4929
1728342000,2644.19,2644.85,2642.39,2643.07,5614
1728345600,2643.07,2645.16,2642.25,2643.49,7845
1728349200,2643.39,2647.88,2637.66,2647.22,18985
1728352800,2647.19,2648.22,2633.78,2635.77,19472
1728356400,2635.61,2645.65,2635.29,2643.02,14073
1728360000,2643,2643.82,2641.32,2643.03,6049
1728363600,2642.97,2646.34,2641.56,2644.94,12546
1728367200,2644.96,2646.42,2635.75,2636.48,16322
1728370800,2636.4,2638.56,2631.13,2634.07,16653
1728374400,2634.01,2640.27,2628.36,2637.83,15670
1728378000,2637.85,2641.96,2635.76,2641.46,11664
1728381600,2641.48,2647.33,2639.75,2646.13,12171
1728385200,2646.1,2651.9,2646.1,2650.65,13136
1728388800,2650.66,2652.96,2639.79,2645.91,16895
1728392400,2645.87,2647.59,2636.69,2639.62,21610
1728396000,2639.75,2640.38,2619.54,2620.99,23451
1728399600,2621.17,2621.17,2604.5,2612.98,21355
1728403200,2612.94,2616.27,2606.62,2609.01,14985
1728406800,2609.02,2618.17,2605.55,2614.53,13765
1728410400,2614.59,2617.05,2613.84,2615.81,9442
1728414000,2615.82,2623.59,2614.89,2623,9783
1728417600,2622.89,2623.1,2618.84,2621.88,5778
1728424800,2621.74,2622.4,2620.54,2621.93,2852
1728428400,2622.03,2623.77,2621.13,2621.93,4958
1728432000,2621.92,2623.26,2620.84,2621.08,6873
1728435600,2621.08,2624.26,2618.35,2620.06,16809
1728439200,2620.01,2620.4,2616.9,2618.4,11871
1728442800,2618.39,2618.83,2614.87,2617.1,9396
1728446400,2617.05,2618.62,2615.41,2615.92,4875
1728450000,2615.85,2624.21,2615.69,2619.74,15367
1728453600,2619.71,2619.71,2610.63,2612.8,14622
1728457200,2612.82,2615.57,2609.21,2611.6,13433
1728460800,2611.65,2617.38,2610.41,2616.22,12624
1728464400,2616.23,2618.54,2614.64,2618.11,9698
1728468000,2618.14,2621.49,2616.01,2621.06,9216
1728471600,2621.04,2622.45,2616.91,2618.97,10459
1728475200,2619.01,2622.31,2615.37,2618.82,14591
1728478800,2618.81,2620.63,2606.8,2609.7,21143
1728482400,2609.64,2611.92,2605.23,2609.9,19016
1728486000,2609.89,2617.91,2609.27,2614.86,15468
1728489600,2614.85,2615.87,2607.83,2608.72,12469
1728493200,2608.66,2609.95,2606.48,2609.75,10368
1728496800,2609.86,2611.1,2605.16,2606.36,9774
1728500400,2606.4,2610.19,2606.31,2609.2,7484
1728504000,2609.33,2609.46,2606.88,2607.67,4417
1728511200,2608.42,2609.01,2607.34,2608.88,3076
1728514800,2608.9,2609.44,2607.88,2608.44,3422
1728518400,2608.5,2610.24,2605.88,2609.26,7921
1728522000,2609.24,2612.43,2606.73,2609.18,15133
1728525600,2609.14,2615.65,2607.98,2615.21,12795
1728529200,2615.18,2616.9,2611.39,2611.71,11375
1728532800,2611.7,2614.73,2611.49,2613.86,5924
1728536400,2613.93,2615.54,2612.44,2613.25,10278
1728540000,2613.21,2616.37,2610.53,2612.56,12433
1728543600,2612.57,2617.02,2610.2,2616.75,13713
1728547200,2616.76,2617.27,2613.47,2615.45,10253
1728550800,2615.48,2618.36,2614.36,2617.15,8952
1728554400,2617.16,2618.45,2615.51,2617.92,7838
1728558000,2617.72,2618.93,2611.31,2613.01,10847
1728561600,2613.08,2627.34,2601.78,2625.14,20209
1728565200,2625.14,2627.9,2615.64,2626.74,24531
1728568800,2626.87,2629.86,2622.75,2625.51,21435
1728572400,2625.47,2626.21,2618.86,2623.54,16528
1728576000,2623.53,2629.07,2618.76,2619.34,15460
1728579600,2619.34,2626.28,2616.57,2623.82,14065
1728583200,2623.84,2629.13,2623.4,2626.51,10497
1728586800,2626.43,2631.42,2625.95,2629.09,9289
1728590400,2629.23,2631.47,2628.83,2630.01,4481
1728597600,2629.12,2629.18,2628.08,2628.24,2913
1728601200,2628.27,2635.78,2628.21,2633.23,6388
1728604800,2633.25,2634.42,2631.94,2633.85,9125
1728608400,2633.94,2638.03,2632.9,2637.79,13925
1728612000,2637.74,2644.02,2635.29,2642.34,13189
1728615600,2642.3,2646.06,2640.69,2645.42,9673
1728619200,2645.52,2646.04,2643.94,2645.63,5540
1728622800,2645.6,2645.96,2643.23,2644.78,7776
1728626400,2644.76,2647.09,2638.02,2639.44,14433
1728630000,2639.37,2645.51,2638.41,2645.3,10397
1728633600,2645.26,2646.23,2639.03,2639.2,9622
1728637200,2639.22,2641.7,2636.28,2637.84,9501
1728640800,2637.81,2642.26,2637.03,2641.56,7784
1728644400,2641.56,2644.87,2638.65,2644.78,8629
1728648000,2644.63,2650.13,2640.46,2643,17142
1728651600,2643.15,2653.3,2642.58,2649.9,18843
1728655200,2649.79,2655.32,2646.4,2653.12,18939
1728658800,2653.07,2659.18,2653.07,2658.83,14231
1728662400,2658.84,2661.43,2657.73,2660.46,11494
1728666000,2660.51,2661.16,2656.29,2659.61,10182
1728669600,2659.59,2659.64,2656.08,2658.58,7914
1728673200,2658.55,2658.86,2655.17,2656.14,6944
1728676800,2656.13,2657.23,2654.66,2657.03,3709
1728856800,2652.37,2653.71,2645.25,2650.36,6760
1728860400,2650.42,2650.75,2647.62,2648.1,5295
1728864000,2648.16,2648.41,2645.16,2646.7,7641
1728867600,2646.69,2648.49,2643.48,2646.1,15066
1728871200,2646.02,2655.37,2643.2,2654.97,12213
1728874800,2655.07,2657.38,2653.71,2655.58,8098
1728878400,2655.59,2660.27,2655.16,2659.16,4865
1728882000,2659.16,2660.73,2657.13,2658.89,7748
1728885600,2658.85,2666.56,2657.51,2664.01,13136
1728889200,2664.04,2665.17,2659.2,2660.48,11190
1728892800,2660.51,2662,2658.14,2659.35,8924
1728896400,2659.43,2663.05,2656.76,2658.48,8467
1728900000,2658.38,2660.9,2655.71,2655.88,8217
1728903600,2655.9,2656.89,2651.04,2652.12,10019
1728907200,2651.96,2654.59,2649.27,2651.45,12980
1728910800,2651.4,2661.14,2647.76,2655.52,19139
1728914400,2655.48,2657.05,2644.69,2645.72,18916
1728918000,2645.97,2649.09,2644.06,2646.82,12698
1728921600,2646.85,2649.79,2645.84,2648.57,8435
1728925200,2648.65,2649.93,2647.23,2648.56,7307
1728928800,2648.54,2650.94,2648.42,2649.16,5423
1728932400,2649.16,2652.64,2646.92,2652.38,8417
1728936000,2652.52,2653.36,2646.03,2648.48,4405
1728943200,2647.96,2650.32,2647.25,2649.99,2643
1728946800,2650.05,2650.96,2648.86,2649.33,3706
1728950400,2649.3,2650.2,2647.76,2648.09,7132
1728954000,2648.06,2651.25,2647.22,2648.4,11666
1728957600,2648.31,2652.75,2647.98,2651.55,11170
1728961200,2651.57,2651.57,2644.36,2645.72,9864
1728964800,2645.73,2645.73,2642.8,2644.36,8380
1728968400,2644.33,2644.35,2638.1,2641.94,13724
1728972000,2641.78,2649.2,2641.39,2648.67,15231
1728975600,2648.85,2653.97,2647.9,2650.72,12998
1728979200,2650.62,2655.64,2649.58,2653.88,11910
1728982800,2653.95,2655.62,2651.16,2653.5,9685
1728986400,2653.59,2656.8,2652.57,2652.95,9045
1728990000,2652.96,2654.51,2645.7,2647.67,11456
1728993600,2647.82,2657.38,2647.24,2648.38,16341
1728997200,2648.34,2653.34,2646.06,2648.72,20775
1729000800,2648.73,2664.21,2647.86,2659.79,21881
1729004400,2659.87,2665.14,2657.31,2664.56,16439
1729008000,2664.57,2668.95,2661.19,2661.9,13049
1729011600,2661.91,2664.19,2658.96,2663.64,11423
1729015200,2663.72,2665.84,2663.33,2665.03,7843
1729018800,2664.96,2666.39,2659.45,2661.58,9520
1729022400,2661.6,2663.13,2660.31,2662.6,4307
1729029600,2662.08,2662.89,2661.5,2662.05,2394
1729033200,2662.12,2662.58,2660.38,2660.42,3416
1729036800,2660.43,2660.53,2658.66,2660.25,7251
1729040400,2660.25,2668.05,2660.19,2668.03,16233
1729044000,2668.02,2670,2665.55,2668.02,12606
1729047600,2667.99,2669.05,2665.23,2667.11,10128
1729051200,2667.12,2668.27,2665.53,2666.79,6143
1729054800,2666.79,2670.57,2666.13,2669.43,10232
1729058400,2669.57,2677.71,2667.07,2677.27,17243
1729062000,2677.28,2677.43,2673.33,2676.09,12539
1729065600,2675.94,2680.19,2674.57,2679.45,10648
1729069200,2679.51,2682.7,2678.14,2680.22,11329
1729072800,2680.27,2680.99,2673.33,2674.29,10835
1729076400,2674.3,2680.55,2672.87,2678.38,10900
1729080000,2678.39,2681.9,2676.33,2681.72,14720
1729083600,2681.71,2685.19,2672.55,2675.16,22193
1729087200,2675.26,2681.33,2669.93,2672.26,21110
1729090800,2672.3,2675.77,2667.51,2670.06,15559
1729094400,2670,2674.18,2666.47,2674.12,11139
1729098000,2674.22,2676.35,2672.97,2675.27,8651
1729101600,2675.26,2676.74,2674.53,2674.88,6444
1729105200,2674.82,2675,2672.78,2674.77,6831
1729108800,2674.82,2674.95,2673.11,2673.64,3334
1729116000,2674,2674.96,2673.27,2673.75,2794
1729119600,2673.77,2674.72,2673.44,2674.14,2528
1729123200,2674.15,2678.02,2674.08,2677.84,7397
1729126800,2677.84,2682.96,2676.51,2682.96,14879
1729130400,2682.99,2684.9,2678.91,2682.05,16390
1729134000,2681.96,2682.21,2674.64,2676.64,12334
1729137600,2676.68,2679.7,2676.4,2679.05,7097
1729141200,2679.06,2684.37,2678.01,2683.52,12169
1729144800,2683.52,2685.74,2680.08,2681.16,16452
1729148400,2681.18,2683.79,2678.91,2682.05,12279
1729152000,2682.04,2683.94,2680.05,2681.93,9881
1729155600,2681.94,2682.12,2676.92,2679.52,10052
1729159200,2679.46,2688.82,2679.16,2687.35,11086
1729162800,2687.35,2688.49,2680.79,2681.35,10466
1729166400,2681.33,2682.29,2673.07,2680.6,18878
1729170000,2680.62,2689.94,2677.62,2688.64,21257
1729173600,2688.8,2696.44,2684.53,2695.6,21668
1729177200,2695.6,2696.77,2687.62,2693.36,17928
1729180800,2693.34,2693.34,2683.66,2692.17,14321
1729184400,2692.15,2694.24,2690.42,2691.93,9617
1729188000,2691.94,2692.18,2689.15,2689.52,7059
1729191600,2689.51,2692.66,2688.85,2691.98,5943
1729195200,2692.02,2692.92,2690.86,2692.78,3355
1729202400,2692.43,2693.34,2692.27,2692.65,2272
1729206000,2692.68,2694.36,2692.29,2693.67,3310
1729209600,2693.67,2695.75,2692.79,2692.98,8475
1729213200,2692.98,2706.83,2692.77,2704.65,17457
1729216800,2704.59,2711.91,2703.95,2708.19,16354
1729220400,2708.13,2710.9,2707.09,2709.97,11288
1729224000,2709.97,2711.38,2708.78,2710.12,5689
1729227600,2710.11,2714.07,2710.1,2711.51,12547
1729231200,2711.42,2711.63,2702.76,2707.41,18830
1729234800,2707.37,2709.24,2702.2,2702.29,12048
1729238400,2702.34,2706.36,2701.68,2706.29,10002
1729242000,2706.29,2713.11,2706.25,2711.14,11600
1729245600,2711.17,2713.11,2707.93,2712.49,11034
1729249200,2712.47,2713.18,2707.94,2709.79,11822
1729252800,2709.81,2716.99,2709.25,2709.61,15189
1729256400,2709.41,2715.68,2704.85,2713.67,22435
1729260000,2713.71,2720.12,2712.15,2717.48,19434
1729263600,2717.4,2719.27,2713.62,2714.88,14810
1729267200,2714.84,2718.96,2714.8,2717.59,11623
1729270800,2717.61,2719.9,2713.7,2715.82,11887
1729274400,2715.89,2721.26,2715.55,2720.3,9290
1729278000,2720.29,2720.48,2718.06,2719.61,8450
1729281600,2719.61,2722.54,2719.13,2722.2,5356
1729461600,2720.62,2723.89,2719.88,2723.5,5109
1729465200,2723.5,2725.18,2722.41,2723.49,5848
1729468800,2723.49,2725.86,2721.44,2721.71,10436
1729472400,2721.74,2729.35,2721.15,2726.29,19044
1729476000,2726.32,2731.32,2724.9,2730.8,14352
1729479600,2730.72,2732.84,2729.34,2731.54,10661
1729483200,2731.56,2732.02,2729.6,2730.42,6014
1729486800,2730.42,2730.43,2724.51,2724.93,12813
1729490400,2724.87,2730.62,2723.57,2730.26,14387
1729494000,2730.09,2732.44,2725.43,2730.37,12594
1729497600,2730.32,2733.12,2729.35,2731.33,11252
1729501200,2731.35,2736.9,2730.71,2734.58,12385
1729504800,2734.46,2734.89,2727.81,2733.27,12467
1729508400,2733.34,2738.11,2733.01,2734.52,13503
1729512000,2734.53,2739.7,2732.79,2738.58,18146
1729515600,2738.6,2740.53,2733.7,2738.93,21512
1729519200,2739.15,2739.47,2722.2,2725.22,23595
1729522800,2725.26,2727.15,2716.82,2720.35,19372
1729526400,2720.15,2724.05,2718.13,2723.55,12802
1729530000,2723.6,2725.56,2721.66,2722.78,10937
1729533600,2722.86,2723.23,2715.3,2716.37,9319
1729537200,2716.3,2721.02,2714.13,2719.89,11121
1729540800,2719.88,2721.03,2718.78,2719.56,4214
1729548000,2718.96,2721.74,2718.85,2720.76,2846
1729551600,2720.77,2722.61,2720.4,2721.42,4057
1729555200,2721.41,2725.09,2720.56,2724.78,9122
1729558800,2724.77,2730.17,2723.97,2728.2,15455
1729562400,2728.08,2730.6,2727.81,2728.79,11351
1729566000,2728.74,2733.05,2728.63,2730.96,10280
1729569600,2730.93,2735.95,2730.93,2734.72,8509
1729573200,2734.71,2735.16,2729.06,2730.4,11622
1729576800,2730.33,2737.05,2729.57,2735.21,13607
1729580400,2734.89,2736.26,2732.59,2733.69,10881
1729584000,2733.58,2738.29,2731.47,2734.96,10996
1729587600,2734.92,2736.13,2729.75,2731.54,10775
1729591200,2731.49,2739.36,2730.52,2738.91,12545
1729594800,2738.9,2739.33,2729.53,2732.06,12520
1729598400,2732.1,2738.08,2731.57,2736.19,16552
1729602000,2736.18,2742.07,2735.36,2735.96,21589
1729605600,2735.46,2743.2,2733.59,2741.83,20118
1729609200,2741.81,2744.22,2736.84,2737.66,15832
1729612800,2737.65,2745.54,2737.21,2745.27,12874
1729616400,2745.29,2748.32,2743.6,2746.73,13162
1729620000,2746.76,2747.3,2744.07,2744.62,8751
1729623600,2744.54,2748.89,2743.89,2748.3,8717
1729627200,2748.59,2748.83,2746.77,2748.8,5600
1729634400,2747.67,2748.1,2746.83,2747.4,2967
1729638000,2747.43,2748.11,2745.78,2746.47,3364
1729641600,2746.47,2747.03,2744.82,2745.25,6881
1729645200,2745.23,2747.11,2737.89,2738.66,15748
1729648800,2738.64,2741.15,2737.99,2738.98,12381
1729652400,2738.9,2747.03,2738.25,2746.09,12284
1729656000,2746.02,2750.63,2745.33,2749.93,9565
1729659600,2749.9,2753.21,2748.75,2751.59,13001
1729663200,2751.7,2753.23,2748.09,2750.49,13216
1729666800,2750.43,2755.57,2749.23,2754.87,11112
1729670400,2754.92,2758.45,2754.47,2756.94,10469
1729674000,2757.09,2757.56,2749.89,2750.65,13251
1729677600,2750.64,2752.57,2749.69,2750.71,9416
1729681200,2750.72,2752.93,2749.17,2749.99,10523
1729684800,2749.99,2750.51,2740.72,2743.28,17588
1729688400,2743.29,2744.11,2731.4,2737.55,24326
1729692000,2737.39,2738.76,2716.23,2717.81,24632
1729695600,2717.88,2722.53,2708.54,2721.74,19837
1729699200,2721.71,2723.33,2718.35,2719.38,13852
1729702800,2719.35,2720.7,2713.7,2716.64,12529
1729706400,2716.61,2716.61,2711.93,2714.05,12679
1729710000,2714.03,2718.3,2713.15,2716.15,9650
1729713600,2715.99,2716.63,2714.17,2715.46,4932
1729720800,2715.84,2718.31,2715.06,2717.97,3444
1729724400,2718.05,2721.86,2718.01,2721.31,5019
1729728000,2721.24,2721.42,2717.8,2721.29,10674
1729731600,2721.3,2726.75,2720.18,2723.72,16819
1729735200,2723.82,2724.53,2720.05,2723.4,13359
1729738800,2723.39,2724.06,2721.34,2722.91,8866
1729742400,2722.98,2727.11,2722.83,2726.45,7907
1729746000,2726.45,2729.8,2725.85,2728.86,11070
1729749600,2728.88,2736.45,2728.34,2735.14,14820
1729753200,2735.1,2737.13,2732.16,2733.68,12503
1729756800,2733.68,2737.9,2732.45,2736.77,11721
1729760400,2736.77,2739.11,2735.75,2736.57,9048
1729764000,2736.58,2739.15,2736.21,2736.74,8566
1729767600,2736.72,2739.6,2735.12,2738.49,11233
1729771200,2738.48,2741.57,2734.35,2739.08,15818
1729774800,2739.05,2743.28,2729.65,2733.59,20832
1729778400,2733.62,2736.23,2722.5,2732.36,22489
1729782000,2732.39,2734.42,2726.59,2731.08,17027
1729785600,2731.19,2735.43,2725.78,2733.68,14702
1729789200,2733.7,2737.08,2732.95,2735.45,11579
1729792800,2735.52,2737.83,2734.54,2735.57,9071
1729796400,2735.58,2736.9,2733.49,2736.9,7530
1729800000,2736.94,2736.98,2734.96,2735.84,4150
1729807200,2735.48,2736.03,2734.48,2734.62,2600
1729810800,2734.6,2735.48,2733.67,2733.87,3237
1729814400,2733.88,2734.95,2731.24,2732.5,6752
1729818000,2732.44,2735.14,2729.74,2730.07,13933
1729821600,2729.99,2730.26,2726.17,2728.39,11859
1729825200,2728.37,2728.41,2724.26,2726.08,8464
1729828800,2726.06,2727.81,2723.84,2725.97,7426
1729832400,2726.06,2729.85,2726,2728.48,11513
1729836000,2728.66,2732.55,2724.96,2732.15,12977
1729839600,2732.1,2732.1,2725.86,2726.4,10899
1729843200,2726.29,2727.08,2718.85,2719.37,11727
1729846800,2719.32,2721.35,2716.98,2721.25,11130
1729850400,2721.27,2722.61,2717.17,2722.23,9284
1729854000,2722.23,2729.36,2721.12,2724.11,11720
1729857600,2724.13,2732.44,2723.19,2731.44,13521
1729861200,2731.5,2732.2,2725.29,2727.67,19433
1729864800,2727.65,2740.59,2727.65,2738.56,20669
1729868400,2738.57,2742.08,2736.46,2737.18,15194
1729872000,2737.18,2739.38,2734.06,2739.27,12465
1729875600,2739.26,2745.05,2738.81,2744.39,10872
1729879200,2744.42,2744.77,2741.25,2742.07,9142
1729882800,2741.99,2744.35,2740.29,2742.51,8815
1729886400,2742.61,2747.59,2742.43,2746.27,5202
1730066400,2732.1,2736.15,2730.19,2734.59,8945
1730070000,2734.64,2740.13,2734.55,2735.84,7683
1730073600,2735.77,2736.31,2732.07,2732.41,8463
1730077200,2732.23,2732.97,2724.7,2732.43,16120
1730080800,2732.43,2735.51,2730.61,2734.11,10359
1730084400,2734.14,2734.76,2729.58,2729.75,8421
1730088000,2729.77,2733.38,2729.13,2732.86,6078
1730091600,2733.01,2738.84,2731.1,2738.35,10493
1730095200,2738.36,2744.57,2737.47,2740.6,13005
1730098800,2740.71,2743.61,2735.8,2738.96,11122
1730102400,2739.09,2740.9,2731.4,2731.97,12381
1730106000,2731.92,2734.01,2728.38,2729.32,10778
1730109600,2729.26,2733.33,2727.87,2732.2,8989
1730113200,2732.21,2732.87,2729.76,2732.31,8798
1730116800,2732.32,2734.79,2731.08,2734.36,12535
1730120400,2734.32,2743.34,2732.63,2740.86,18653
1730124000,2740.74,2745.97,2739.01,2744.25,16769
1730127600,2744.36,2744.51,2739.67,2740.79,15112
1730131200,2740.76,2744.98,2739.99,2742.8,11054
1730134800,2742.81,2744.96,2740.32,2743.4,9726
1730138400,2743.41,2743.46,2740.2,2741.85,7964
1730142000,2741.89,2743.5,2740.29,2742.53,7614
1730145600,2742.5,2743.02,2741.32,2742.21,4079
1730152800,2741.48,2742.32,2739.82,2742.06,3069
1730156400,2742.06,2744.5,2741.19,2744.5,3638
1730160000,2744.5,2746.83,2743.25,2745.77,6844
1730163600,2745.82,2752.3,2745.52,2752.02,14714
1730167200,2752.03,2757.62,2750.54,2752.95,14259
1730170800,2752.91,2753.34,2748.63,2751.69,10218
1730174400,2751.8,2755.28,2751.31,2754.68,6448
1730178000,2754.77,2756.72,2749.7,2750.03,10954
1730181600,2749.97,2756.46,2748.9,2755.8,10868
1730185200,2755.7,2756.37,2751.94,2752.52,8501
1730188800,2752.56,2754.99,2746.27,2754.57,13881
1730192400,2754.61,2756.69,2750.08,2752.35,11033
1730196000,2752.36,2753.19,2747.48,2749.88,10167
1730199600,2749.87,2753.24,2746.26,2751.79,11512
1730203200,2751.82,2753.59,2748.91,2748.91,13642
1730206800,2748.93,2764.04,2748.24,2760.87,20831
1730210400,2760.89,2771.74,2760.89,2769.55,22088
1730214000,2769.6,2770.56,2760.64,2764.32,19445
1730217600,2764.29,2770.14,2764.22,2769.44,14555
1730221200,2769.34,2772.56,2766.33,2769.74,13180
1730224800,2769.76,2773.53,2768.21,2772.91,10055
1730228400,2773.05,2774.8,2770.95,2772.23,8070
1730232000,2772.19,2774.77,2771.85,2774.38,5174
1730239200,2773.41,2775.27,2772.87,2774.58,3685
1730242800,2774.59,2775.18,2773.4,2774.96,3995
1730246400,2774.97,2779.15,2774.8,2778.11,7885
1730250000,2778.17,2782.17,2776.86,2781.57,14381
1730253600,2781.58,2781.88,2776.11,2780.42,13104
1730257200,2780.41,2781.2,2777.17,2778.91,11103
1730260800,2778.91,2781,2777.36,2780.1,5555
1730264400,2780.1,2784.93,2777.99,2783.16,10234
1730268000,2783.2,2789.68,2781.22,2787.11,13235
1730271600,2787.17,2788.15,2780.43,2782.29,11293
1730275200,2782.31,2784.67,2779.45,2781.91,11980
1730278800,2781.47,2784.72,2780.23,2784.52,9547
1730282400,2784.63,2786.46,2780.1,2780.25,9232
1730286000,2780.26,2781.95,2778.35,2778.63,10339
1730289600,2778.61,2783.5,2773.67,2782.44,16645
1730293200,2782.44,2787.53,2770.67,2777.6,23358
1730296800,2777.55,2781.71,2774.93,2780.3,20584
1730300400,2780.14,2785.9,2771.86,2784.75,17902
1730304000,2784.73,2787.49,2783.06,2785.32,13386
1730307600,2785.38,2789.62,2783.94,2788.62,10879
1730311200,2788.63,2790.02,2787.31,2787.7,8489
1730314800,2787.7,2788.14,2784.38,2787.3,9958
1730318400,2787.38,2788.03,2784.7,2787.2,5772
1730325600,2786.9,2788.17,2786.07,2787.46,3382
1730329200,2787.48,2788.11,2785.26,2785.34,3651
1730332800,2785.35,2788.2,2784.64,2787.62,6103
1730336400,2787.65,2790.12,2783.52,2784.67,12816
1730340000,2784.66,2789.09,2784.41,2787.11,11667
1730343600,2786.93,2788.37,2784.22,2784.64,7464
1730347200,2784.75,2785.41,2782.13,2784.38,6810
1730350800,2784.26,2786.56,2782.42,2785.11,10063
1730354400,2785.08,2786.05,2779.77,2779.87,11707
1730358000,2779.91,2784.08,2778.22,2782,10518
1730361600,2781.99,2783.15,2776.97,2779.06,11156
1730365200,2778.99,2780.21,2777.19,2778.16,10230
1730368800,2778.14,2781.13,2773.08,2780.98,10908
1730372400,2780.98,2782.57,2776.78,2779.59,10239
1730376000,2779.57,2781.99,2772.03,2773.69,16550
1730379600,2773.68,2773.98,2754.47,2755.36,23992
1730383200,2755.35,2756.88,2734.43,2734.5,24554
1730386800,2734.36,2740.9,2731.26,2740.59,20743
1730390400,2740.57,2743.62,2738.1,2740.72,15633
1730394000,2740.78,2743.87,2738.21,2739.64,11836
1730397600,2739.66,2748,2739.53,2746.91,12010
1730401200,2746.96,2749.73,2745.75,2746.49,10863
1730404800,2746.54,2748.15,2743.24,2743.86,6443
1730412000,2743.95,2747.71,2743.88,2746.16,3333
1730415600,2746.23,2747.99,2745.52,2746.77,4135
1730419200,2746.71,2747.3,2744.86,2744.98,6350
1730422800,2744.92,2750.02,2744.81,2749.68,15244
1730426400,2749.7,2750.99,2745.78,2748.69,13368
1730430000,2748.71,2751.89,2747.39,2751.8,10520
1730433600,2751.79,2752.99,2750.71,2752.25,5154
1730437200,2752.35,2755.23,2751.54,2755.01,10657
1730440800,2755.05,2757.64,2751.29,2752.06,13087
1730444400,2752.05,2753.2,2747.2,2749.72,9450
1730448000,2749.5,2755.05,2748.39,2753.43,12404
1730451600,2753.48,2755.48,2747.73,2751.34,10513
1730455200,2751.41,2751.89,2744.83,2749.56,10399
1730458800,2749.89,2754.02,2749.67,2753,9952
1730462400,2753.02,2759.9,2749.48,2753.88,20169
1730466000,2753.74,2762.25,2751.96,2756.23,22298
1730469600,2756.08,2758.89,2739.71,2747.17,24291
1730473200,2747.19,2750.29,2742.55,2744.76,18581
1730476800,2744.76,2746.12,2740.35,2743.17,15519
1730480400,2743.16,2743.93,2735.02,2736.24,13067
1730484000,2736.25,2738.02,2733.46,2736.21,11237
1730487600,2736.24,2737.04,2732.97,2734.2,9671
1730491200,2734.29,2735.52,2733.27,2735.04,5300
1730674800,2736.26,2740.33,2729.59,2738.32,7362
1730678400,2738.3,2740.97,2737.02,2740.37,7099
1730682000,2740.49,2741.24,2735.33,2739.86,15099
1730685600,2739.96,2741.03,2736.96,2739.84,11179
1730689200,2739.85,2742.37,2739.34,2740.99,9636
1730692800,2740.98,2742.28,2739.73,2741.08,5848
1730696400,2741.06,2743.64,2737.53,2741.51,10466
1730700000,2741.52,2741.6,2735.74,2741.39,11970
1730703600,2741.37,2744.72,2735.12,2735.87,10271
1730707200,2735.85,2738.45,2731.67,2733.33,11702
1730710800,2733.28,2744,2732.54,2743.27,13494
1730714400,2743.3,2745.2,2737.3,2738.65,10359
1730718000,2738.56,2741.05,2736.47,2740.54,9434
1730721600,2740.65,2744,2739.47,2743.32,10460
1730725200,2743.31,2746.82,2738.7,2746.81,17388
1730728800,2746.82,2748.12,2737.85,2743.4,18084
1730732400,2743.34,2745.56,2737.7,2738.5,18767
1730736000,2738.46,2738.93,2732.29,2734.27,15301
1730739600,2734.58,2738.49,2731.74,2738.31,11149
1730743200,2738.35,2739.32,2735.52,2738.22,10927
1730746800,2738.24,2739.7,2737.23,2738.37,7814
1730750400,2738.39,2738.65,2736.34,2737.4,7826
1730754000,2737.4,2737.67,2735.87,2736.52,3219
1730761200,2737.74,2737.76,2735.96,2736.08,3435
1730764800,2736.17,2736.72,2734.01,2735.12,5369
1730768400,2735.07,2736.15,2732.73,2734.26,12820
1730772000,2734.28,2735.32,2724.7,2728.45,14634
1730775600,2728.44,2736,2727.73,2735.25,10339
1730779200,2735.23,2736.39,2733.15,2734.36,6975
1730782800,2734.33,2737.19,2731.83,2732.62,10090
1730786400,2732.56,2738.75,2731.78,2737.72,12296
1730790000,2737.69,2741.34,2735.19,2736.42,9478
1730793600,2736.39,2743.15,2732.12,2742.42,11955
1730797200,2742.42,2744.96,2738.83,2739.97,10547
1730800800,2739.97,2740.28,2735.54,2737.95,10565
1730804400,2738.02,2742.94,2738.02,2741.66,10265
1730808000,2741.77,2743.16,2737.52,2737.99,9305
1730811600,2738.12,2746.64,2736.25,2744.47,16543
1730815200,2744.36,2750,2741.32,2746.74,17881
1730818800,2746.33,2746.33,2733.09,2741.96,20910
1730822400,2741.97,2744.55,2736.29,2738.99,14068
1730826000,2739,2743.63,2738.19,2741.9,10903
1730829600,2741.94,2743.94,2739.33,2741.24,10252
1730833200,2741.24,2742.29,2739.5,2740.48,7645
1730836800,2740.35,2743.51,2739.62,2742.93,7524
1730840400,2742.94,2744.91,2742.55,2743.78,4553
1730847600,2742.4,2746.25,2742.36,2745.58,4776
1730851200,2745.56,2745.64,2735.26,2737.96,14317
1730854800,2737.98,2749.73,2732.49,2747.15,21244
1730858400,2746.92,2748.34,2736.81,2737.39,22091
1730862000,2737.39,2743.44,2730.49,2734.22,20634
1730865600,2734.21,2742.94,2733.23,2741.81,16298
1730869200,2741.82,2743.57,2736.44,2738.94,17798
1730872800,2738.96,2739.32,2701.24,2707.06,24586
1730876400,2706.93,2733.04,2703.84,2725.9,21336
1730880000,2725.69,2733.75,2722.66,2724.53,18684
1730883600,2724.5,2728.51,2716.18,2724.63,15293
1730887200,2724.57,2727.22,2718.6,2720.19,12130
1730890800,2720.08,2722.8,2696.05,2699.07,17162
1730894400,2698.46,2707.97,2693.44,2695.19,18333
1730898000,2694.75,2694.75,2659.01,2664.24,27166
1730901600,2664.18,2670.47,2652.48,2659.86,25347
1730905200,2659.75,2675.87,2657.41,2675.81,24675
1730908800,2676.06,2678.22,2662.79,2666.13,19097
1730912400,2666.16,2669.3,2661.57,2663.38,14550
1730916000,2663.44,2669.54,2662.79,2665.6,14469
1730919600,2665.58,2668.55,2664.9,2667.06,11130
1730923200,2667.05,2667.82,2659.38,2660.63,10822
1730926800,2660.61,2662.42,2658.72,2658.75,4783
1730934000,2659.91,2664.32,2659.77,2663.95,5410
1730937600,2663.94,2664.29,2660.93,2661.54,7615
1730941200,2661.4,2664.01,2643.12,2649.49,21218
1730944800,2649.4,2657.57,2649.39,2657.45,15529
1730948400,2657.48,2661.2,2655.58,2659.12,11159
1730952000,2659.11,2659.63,2654.04,2654.64,7978
1730955600,2654.73,2660.73,2654.7,2659.14,10890
1730959200,2659.06,2659.46,2652.76,2657.15,13393
1730962800,2657.02,2667.54,2656.13,2663.2,13756
1730966400,2663.29,2666.73,2657.36,2657.69,13642
1730970000,2657.66,2665.98,2657.48,2661.67,11311
1730973600,2661.64,2668.43,2659.76,2666.62,10345
1730977200,2666.57,2668.04,2663.76,2666.35,8922
1730980800,2666.26,2674.08,2664.25,2673.69,12717
1730984400,2673.88,2685.03,2672.17,2684.54,22319
1730988000,2684.53,2695.03,2682.28,2691.84,20891
1730991600,2691.79,2700.16,2690.05,2698.73,20145
1730995200,2698.71,2699.48,2690.64,2695.86,16028
1730998800,2695.91,2700.38,2694.19,2699.35,11880
1731002400,2699.28,2699.44,2693.97,2695.18,11314
1731006000,2695.11,2698.08,2687.49,2694.24,20643
1731009600,2694.3,2710.19,2692.78,2704.36,16464
1731013200,2704.17,2708.42,2703.61,2706.37,5786
1731020400,2704.29,2708.03,2704.13,2706.95,5098
1731024000,2707.02,2710.42,2705.71,2706.26,6944
1731027600,2706.42,2707.5,2699.14,2699.96,15837
1731031200,2699.87,2701.04,2695.17,2697.49,13053
1731034800,2697.4,2700.52,2694.01,2695.22,10103
1731038400,2695.2,2696.09,2693.22,2693.62,6985
1731042000,2693.61,2696.23,2693.54,2695.2,10406
1731045600,2695.19,2695.85,2685.8,2686.48,14121
1731049200,2686.23,2687.85,2680.25,2687.43,11091
1731052800,2687.32,2691.81,2681.91,2688.67,18155
1731056400,2688.64,2690.96,2687.06,2689.23,11817
1731060000,2689.31,2689.38,2681.91,2688.63,11168
1731063600,2688.62,2694.93,2686.78,2691.83,10433
1731067200,2691.85,2693.16,2686.19,2691.98,11748
1731070800,2691.94,2701.02,2687.82,2697.52,20314
1731074400,2697.57,2703.98,2687.84,2691.62,20856
1731078000,2690.57,2692.8,2683.49,2687.59,20167
1731081600,2687.41,2689.35,2682.72,2683.12,15063
1731085200,2683.24,2688.58,2683.24,2687.95,12670
1731088800,2687.94,2688.84,2683.85,2685.05,11100
1731092400,2685.15,2687.56,2683.23,2687.17,8274
1731096000,2686.99,2688.55,2684.97,2685.15,8909
1731099600,2685.09,2685.84,2682.8,2684.45,3966
1731279600,2684.58,2685.64,2681.55,2685.54,6086
1731283200,2685.59,2686.18,2682.65,2684.05,5993
1731286800,2683.97,2684.95,2671.87,2673,16897
1731290400,2673.06,2675.17,2666.55,2671.91,12175
1731294000,2671.87,2671.98,2667.95,2670.32,7803
1731297600,2670.24,2672.33,2668.78,2672.07,7586
1731301200,2672.03,2674.34,2666.82,2669.28,9385
1731304800,2669.31,2674.14,2668.43,2673.26,9833
1731308400,2673.26,2674.08,2668.78,2669.63,11987
1731312000,2669.35,2671.69,2667.51,2669.54,11957
1731315600,2669.5,2670.75,2663.62,2666.91,12074
1731319200,2666.9,2675.2,2661,2661.91,11662
1731322800,2661.87,2667.07,2658.8,2662.55,11359
1731326400,2662.59,2663.17,2656.51,2657.27,11984
1731330000,2657.05,2657.66,2634.29,2635.54,21341
1731333600,2635.6,2635.68,2617.51,2622.48,22982
1731337200,2622.47,2626.3,2613.33,2614.53,19539
1731340800,2614.55,2618.09,2612.62,2615.21,15510
1731344400,2615.23,2616.95,2611.31,2612.51,11674
1731348000,2612.4,2619.28,2610.62,2618.94,10722
1731351600,2618.96,2620.65,2617.87,2619.31,7748
1731355200,2619.37,2626.19,2619.31,2621.98,8389
1731358800,2621.91,2623.14,2619.17,2619.38,3936
1731366000,2620.14,2624.07,2619.69,2623.89,3677
1731369600,2624,2625.05,2622.1,2623.88,6309
1731373200,2624.03,2626.91,2619.07,2624.14,15580
1731376800,2624.02,2625.54,2620.49,2621.96,12790
1731380400,2621.97,2623.76,2618.74,2618.92,9181
1731384000,2618.89,2619.06,2615.66,2617.66,8110
1731387600,2617.77,2618.16,2605.4,2606.93,13957
1731391200,2606.79,2610,2603.36,2607.93,15695
1731394800,2607.97,2609.13,2595.18,2598.23,15132
1731398400,2598.62,2606.58,2598.19,2600.63,13490
1731402000,2600.6,2600.73,2590.58,2593.38,13742
1731405600,2593.33,2598.66,2589.4,2596.67,12560
1731409200,2596.6,2599.13,2592.57,2597.86,12248
1731412800,2597.89,2607.02,2597.89,2605.22,15989
1731416400,2605.23,2616.06,2604.42,2611.53,19322
1731420000,2611.57,2617.03,2608.81,2610.32,19566
1731423600,2610.31,2611.78,2597.48,2598.56,19825
1731427200,2598.61,2604.21,2597.99,2600.72,16071
1731430800,2600.73,2601.13,2592.5,2597.42,14585
1731434400,2597.44,2602.09,2596.49,2599.15,11594
1731438000,2599.11,2601.47,2597.89,2598.17,8843
1731441600,2597.94,2601.3,2595.15,2599.79,8754
1731445200,2600.09,2600.75,2597.03,2598.05,4229
1731452400,2598.13,2599.87,2597.48,2598.93,3507
1731456000,2599.04,2599.96,2598,2599.39,5356
1731459600,2599.35,2611.08,2599.35,2608.19,16860
1731463200,2608.52,2612.58,2605.19,2612.16,11965
1731466800,2612.28,2613.31,2606.55,2611.59,10715
1731470400,2611.55,2612.39,2606.05,2606.26,7971
1731474000,2606.36,2607.9,2603.64,2605.84,10268
1731477600,2605.71,2607.43,2604.04,2605.49,11367
1731481200,2605.4,2607.48,2604.24,2606.27,9244
1731484800,2606.2,2610.67,2601,2607.67,13122
1731488400,2607.68,2611.74,2607.39,2608.62,10531
1731492000,2608.62,2610.5,2606.72,2609.14,8904
1731495600,2609.11,2611.69,2605.88,2610.76,9112
1731499200,2610.85,2612.65,2608.89,2609.72,10948
1731502800,2609.72,2618.54,2607.13,2612.36,21796
1731506400,2612.38,2616.29,2600.87,2602,23474
1731510000,2602.06,2606.83,2593.61,2605.44,23633
1731513600,2605.38,2605.97,2584.64,2585.86,19550
1731517200,2585.77,2586.83,2577.65,2583.27,17835
1731520800,2583.28,2585.46,2579.69,2582.82,13012
1731524400,2582.81,2584.89,2580.6,2581.04,9748
1731528000,2580.92,2581.14,2573.09,2573.83,11472
1731531600,2573.85,2577.14,2572.53,2572.81,5315
1731538800,2571.89,2581.37,2569.09,2571.02,8158
1731542400,2571.04,2574.64,2569.55,2572.56,7082
1731546000,2572.65,2572.94,2561.3,2562.64,16728
1731549600,2562.55,2564.58,2558.86,2560.54,13548
1731553200,2560.54,2564.97,2559.87,2560.73,10054
1731556800,2560.71,2565.28,2559.26,2565.09,7623
1731560400,2565.11,2565.19,2555.06,2558.58,12447
1731564000,2558.54,2560.5,2551.82,2555.11,14743
1731567600,2555.1,2558.91,2550.41,2557,13937
1731571200,2556.78,2559.85,2554.56,2556.18,13970
1731574800,2556.29,2558.31,2536.57,2543.61,16584
1731578400,2543.58,2548.03,2539.12,2547.15,13015
1731582000,2547.16,2554.95,2545.05,2553.73,14303
1731585600,2553.73,2556.91,2550.06,2552.29,13137
1731589200,2552.28,2560.25,2551.24,2557.21,21806
1731592800,2557.02,2565.94,2554.21,2559.67,21601
1731596400,2559.61,2572.99,2558.68,2570.32,21241
1731600000,2570.38,2577.45,2569.29,2573.96,15828
1731603600,2574.09,2575.95,2567.5,2572.94,13995
1731607200,2572.92,2573.5,2567.09,2569.87,12015
1731610800,2569.86,2576.9,2569.84,2576.03,9399
1731614400,2576.13,2576.36,2563.87,2567.34,18102
1731618000,2567.36,2569.62,2564.18,2564.49,6525
1731625200,2564.89,2567.41,2564.84,2566.96,4188
1731628800,2567,2567.56,2565.81,2566.85,6600
1731632400,2566.86,2571.7,2563,2565.09,14496
1731636000,2565.02,2571.02,2564.92,2570.11,11133
1731639600,2570.12,2571.2,2567.6,2567.8,7528
1731643200,2567.78,2569.55,2566.96,2567.08,4472
1731646800,2567.09,2567.26,2559.74,2559.95,9982
1731650400,2559.94,2563.6,2554.27,2561.4,12937
1731654000,2561.32,2564.84,2559.38,2563.84,9981
1731657600,2563.62,2568.99,2560.83,2566.9,12447
1731661200,2566.92,2568.87,2563.93,2564.09,10971
1731664800,2564,2570.5,2562.96,2567.97,12341
1731668400,2567.93,2573.35,2566.6,2570.78,11499
1731672000,2570.68,2570.98,2565.45,2569.23,11098
1731675600,2569.4,2575.7,2561.08,2565.36,22564
1731679200,2565.28,2575.6,2564.1,2572.7,21814
1731682800,2572.68,2576.03,2565.08,2570.9,21542
1731686400,2570.88,2573.34,2562,2562.2,17726
1731690000,2562.22,2564.75,2560.09,2562.98,12838
1731693600,2563.06,2567.75,2559.49,2567.56,13518
1731697200,2567.61,2568.08,2562.75,2563.87,9408
1731700800,2563.86,2563.98,2559.88,2562.22,10728
1731704400,2562.06,2562.43,2561.05,2561.71,3245
1731884400,2567.63,2575.48,2566.51,2571.42,7415
1731888000,2571.42,2577.14,2569.85,2576.45,8580
1731891600,2576.44,2597.21,2576.43,2587.12,19716
1731895200,2587.03,2594.93,2586.89,2591.02,13262
1731898800,2590.94,2592.61,2587.74,2589.95,9474
1731902400,2589.87,2593.09,2589.22,2592.19,6736
1731906000,2592.12,2592.33,2585.01,2585.56,11001
1731909600,2585.48,2587.77,2580.32,2585.94,13804
1731913200,2586.02,2587.11,2581.64,2582.83,11177
1731916800,2582.67,2590.08,2581.99,2585.67,14558
1731920400,2585.57,2597.3,2583.77,2595.66,14249
1731924000,2595.72,2596.67,2589.59,2594.08,11798
1731927600,2594.1,2595.35,2590.45,2594.3,11091
1731931200,2594.24,2597.18,2590.35,2595.2,11703
1731934800,2595.13,2605.07,2592.85,2603.92,17173
1731938400,2603.93,2610.19,2602.78,2608.07,18114
1731942000,2608.28,2613.33,2605.95,2613.01,15452
1731945600,2613.08,2615.01,2609.4,2611.51,13312
1731949200,2611.52,2612.02,2607.31,2610.37,10477
1731952800,2610.5,2612.1,2607.69,2611.18,8785
1731956400,2611.21,2612.66,2608.36,2609.8,7817
1731960000,2609.73,2611.61,2608.16,2610.22,6928
1731963600,2610.29,2612.34,2609.77,2611.63,3930
1731970800,2611.03,2613.11,2610.37,2612.61,3073
1731974400,2612.74,2613.75,2610.96,2613.24,5849
1731978000,2613.42,2617.79,2611.29,2615.7,14897
1731981600,2615.59,2624.15,2615.59,2622.47,13843
1731985200,2622.6,2625.57,2621.43,2624.52,12010
1731988800,2624.53,2625.25,2621.51,2623,8625
1731992400,2622.89,2623.49,2620.69,2622.53,11291
1731996000,2622.57,2626.71,2621.27,2625.01,13596
1731999600,2625.18,2625.32,2617.77,2619.13,11538
1732003200,2619.01,2627.01,2618.63,2626.27,15879
1732006800,2626.14,2634.52,2625.17,2630.22,17707
1732010400,2630.14,2636.55,2629.91,2635.13,12534
1732014000,2635.15,2636.1,2628.87,2629.6,11431
1732017600,2629.65,2639.38,2628.82,2639.26,14003
1732021200,2639.37,2639.39,2629.27,2635.23,19535
1732024800,2635.16,2636.89,2622.53,2623.49,21281
1732028400,2623.23,2628.64,2620.76,2624.51,17943
1732032000,2624.7,2628.51,2622.31,2626.52,14711
1732035600,2626.46,2633.14,2625.69,2628.08,11115
1732039200,2628.12,2630.43,2626.28,2630.24,9739
1732042800,2630.28,2631.65,2628.87,2630.71,8239
1732046400,2630.73,2634.56,2630.39,2633.67,6703
1732050000,2633.68,2633.96,2630.6,2632.12,4807
1732057200,2632.12,2635.55,2631.69,2635.1,4334
1732060800,2635.06,2639.08,2634.62,2637.9,6875
1732064400,2637.97,2641.52,2635.64,2639.56,14245
1732068000,2639.64,2641.82,2638.41,2640.24,11033
1732071600,2640.23,2641.23,2637.58,2637.9,8515
1732075200,2637.92,2638.82,2635.97,2636.7,5699
1732078800,2636.58,2638.5,2634.78,2636.88,10205
1732082400,2636.82,2637.1,2628.53,2629.55,14178
1732086000,2629.39,2630.25,2621.12,2621.53,12041
1732089600,2621.39,2624.56,2618.58,2624.15,12205
1732093200,2624.22,2625.72,2620.98,2621.98,11444
1732096800,2621.91,2626.26,2620.88,2625.07,10105
1732100400,2625.06,2628.11,2621.4,2628.02,10421
1732104000,2628.04,2632.37,2627,2631.85,11834
1732107600,2631.88,2640.41,2631.1,2636.12,16265
1732111200,2636.16,2646.33,2634.08,2643.12,17117
1732114800,2643.1,2648.92,2640.79,2648.9,16652
1732118400,2648.88,2650.85,2646.09,2650.58,14089
1732122000,2650.63,2655.44,2649.23,2651.75,12201
1732125600,2651.81,2652.1,2645.26,2648.67,11030
1732129200,2648.62,2653.17,2648.45,2650.91,9221
1732132800,2650.84,2651.28,2647.21,2648.94,8230
1732136400,2648.96,2650.47,2647.97,2649.97,5058
1732143600,2650.75,2652.92,2648.79,2652.2,4010
1732147200,2652.26,2658.77,2651.73,2658.4,7420
1732150800,2658.4,2660.35,2651.72,2653.49,14629
1732154400,2653.47,2658.09,2652.47,2653.76,9686
1732158000,2653.78,2657.27,2650.23,2656.98,9060
1732161600,2656.88,2658.97,2656.73,2656.9,6153
1732165200,2656.9,2658.16,2654.53,2656.97,10755
1732168800,2656.98,2662.27,2656.52,2661.35,12100
1732172400,2661.13,2664.56,2660.02,2663.1,10453
1732176000,2662.91,2670.21,2661.8,2668.9,12559
1732179600,2668.89,2671.72,2663.54,2668.82,13113
1732183200,2668.81,2670.38,2665.12,2669.88,9689
1732186800,2669.9,2673.55,2668.38,2671.53,10597
1732190400,2671.6,2671.81,2662.74,2663.34,11558
1732194000,2663.29,2667.76,2660.16,2665.39,19423
1732197600,2665.5,2671.62,2661.32,2665.07,20348
1732201200,2664.99,2670.51,2664.37,2667.76,18119
1732204800,2667.8,2669.69,2661.33,2664.69,16751
1732208400,2664.66,2672.77,2661.74,2671.78,12633
1732212000,2671.79,2673.14,2669.15,2672.49,10525
1732215600,2672.48,2673.44,2667.78,2669.69,9294
1732219200,2669.73,2671.86,2668.52,2671.46,7553
1732222800,2671.59,2671.86,2668,2669.38,4300
1732230000,2669.85,2670.05,2668.15,2669.12,3993
1732233600,2669.12,2673.63,2668.79,2673.17,7619
1732237200,2673.04,2679.37,2673.04,2677.86,14450
1732240800,2677.83,2686.43,2677.25,2685.99,13981
1732244400,2686,2690.51,2681.46,2686.12,14108
1732248000,2686.1,2692.24,2683.06,2688.81,8420
1732251600,2688.86,2689.2,2682.99,2686.6,12967
1732255200,2686.63,2693.17,2685.72,2692.92,13702
1732258800,2692.9,2698.95,2690.29,2696.38,12651
1732262400,2696.37,2700.42,2694.66,2697.34,15280
1732266000,2697.36,2707.29,2693.47,2703.4,17260
1732269600,2703.41,2708.59,2702.65,2707.64,13667
1732273200,2707.69,2710.19,2697,2698.79,14513
1732276800,2698.7,2704.89,2697.01,2703.02,13208
1732280400,2702.75,2704.17,2689.29,2692.98,20162
1732284000,2693.12,2696.26,2684.26,2694.77,20416
1732287600,2694.61,2705.12,2694.52,2703.71,20028
1732291200,2703.74,2706.56,2700.75,2705.22,15515
1732294800,2705.3,2707.29,2703.47,2706.88,11392
1732298400,2706.88,2711.48,2706.76,2710.94,10788
1732302000,2711.01,2711.48,2707.07,2708.16,8378
1732305600,2708.06,2708.8,2705,2705.78,8576
1732309200,2705.72,2715.27,2705.72,2714.41,5304
1732489200,2706.4,2721.38,2704.97,2719.77,9674
1732492800,2719.69,2720.19,2709.66,2710.5,11583
1732496400,2710.77,2711.04,2694.75,2701.28,19905
1732500000,2701.3,2704.39,2692.39,2695.35,14812
1732503600,2695.29,2697.42,2659.14,2672.24,16021
1732507200,2672.16,2676.35,2663.64,2672.43,10526
1732510800,2672.51,2674.02,2658.08,2664.84,15295
1732514400,2664.78,2670.04,2661.69,2666.91,15036
1732518000,2666.99,2672.52,2663.52,2667.89,14660
1732521600,2667.79,2673.62,2667.11,2671.98,14710
1732525200,2671.99,2675.24,2669.9,2673.96,13166
1732528800,2673.84,2678.09,2668.63,2677.82,11465
1732532400,2677.72,2688.7,2677.59,2686.79,11124
1732536000,2686.88,2686.88,2679.75,2680.94,12187
1732539600,2680.91,2687.97,2676.55,2678.31,20141
1732543200,2678.38,2678.79,2633.33,2641.36,26134
1732546800,2641.36,2641.68,2626.04,2628.4,20675
1732550400,2628.38,2639.43,2628.38,2632.09,16240
1732554000,2632,2634.22,2624.33,2627.89,12253
1732557600,2627.84,2628.43,2615.67,2618.92,14108
1732561200,2618.81,2626.21,2618.36,2625.8,9480
1732564800,2625.9,2628.78,2622.53,2626.04,9046
1732568400,2626.09,2628.28,2625.12,2625.47,4365
1732575600,2626.21,2628.53,2605.15,2610.57,9769
1732579200,2610.64,2624.65,2608.57,2619.8,13294
1732582800,2619.78,2632.2,2617.94,2628.21,17983
1732586400,2628.22,2630.54,2624.85,2625.45,13178
1732590000,2625.44,2631.1,2623.02,2630.34,11210
1732593600,2630.29,2631.48,2624.95,2626.41,7550
1732597200,2626.36,2626.53,2617.97,2624.39,12396
1732600800,2624.43,2625.93,2621.13,2622.01,12549
1732604400,2622,2622.92,2610.77,2614.02,12835
1732608000,2613.95,2618.31,2612.41,2613.43,13990
1732611600,2613.34,2627.08,2612.89,2626.05,14133
1732615200,2626.07,2633,2625.05,2631.28,12399
1732618800,2631.31,2633.29,2627.41,2633.29,11065
1732622400,2633.28,2634.75,2629.26,2630.98,13071
1732626000,2630.9,2641.95,2623.8,2629.96,20344
1732629600,2629.92,2633.84,2616.66,2622.82,19174
1732633200,2622.91,2632.81,2620.32,2629.46,18487
1732636800,2629.45,2631.45,2626.48,2628.62,12629
1732640400,2628.63,2628.64,2624.88,2624.88,11049
1732644000,2624.88,2624.97,2619.53,2623.46,11343
1732647600,2623.47,2629.06,2622.73,2628.11,10065
1732651200,2628.11,2632.76,2627.58,2631.67,8600
1732654800,2631.65,2633.51,2630.7,2632.94,4584
1732662000,2631.39,2634.17,2629.58,2632.18,3886
1732665600,2632.2,2633.12,2627.14,2627.84,5529
1732669200,2627.92,2632.74,2626.94,2631.32,14684
1732672800,2631.27,2640.49,2631.09,2637.5,12940
1732676400,2637.51,2639.4,2635.89,2637.76,9159
1732680000,2637.72,2640.64,2636.75,2638.92,6969
1732683600,2638.91,2645.81,2638.19,2642.08,10925
1732687200,2642.18,2648.03,2638.93,2647.68,12691
1732690800,2647.73,2648.46,2645.8,2646.55,10755
1732694400,2646.23,2653.69,2645.14,2653.47,14719
1732698000,2653.5,2653.77,2647.82,2648.37,10418
1732701600,2648.35,2649.94,2647.63,2648.54,10050
1732705200,2648.65,2652.31,2643.07,2651.06,10694
1732708800,2650.98,2655.07,2649.6,2651.2,11467
1732712400,2651.29,2658.14,2645.77,2656.33,18890
1732716000,2656.36,2656.91,2649.02,2651.34,18196
1732719600,2651.27,2651.54,2635.33,2642.79,21472
1732723200,2642.74,2644.36,2638.02,2638.99,15614
1732726800,2638.93,2642.88,2635.22,2637.2,12150
1732730400,2637.18,2640.84,2636.4,2638.96,9071
1732734000,2638.99,2639.46,2633.92,2634.8,7875
1732737600,2634.75,2639,2634.22,2637.03,7329
1732741200,2637,2637.54,2634.77,2635.85,3846
1732748400,2636.94,2637.93,2636.08,2637.14,3129
1732752000,2637.25,2638.47,2635.06,2635.77,5365
1732755600,2635.62,2636.39,2620.8,2628.64,18691
1732759200,2628.66,2630.21,2625.6,2628.22,10369
1732762800,2628.27,2632.18,2625.73,2630.38,8871
1732766400,2630.4,2634.03,2629.39,2631.3,6143
1732770000,2631.34,2633.98,2630.02,2633.41,9795
1732773600,2633.41,2639.47,2631.76,2636.72,11629
1732777200,2636.78,2639.22,2634.53,2637.3,8027
1732780800,2637.21,2646.27,2635.67,2644.04,10854
1732784400,2643.99,2647.86,2642.84,2646.21,9579
1732788000,2646.44,2649.61,2644.79,2647.55,7561
1732791600,2647.59,2649.55,2644.89,2646.82,6984
1732795200,2646.83,2647.25,2643.66,2646.01,7255
1732798800,2646.03,2647.84,2642.77,2646.97,15223
1732802400,2647.04,2647.99,2640.75,2641.25,10927
1732806000,2641.15,2643.13,2636.34,2638.22,11249
1732809600,2638.16,2642.52,2637.5,2642.12,7547
1732813200,2642.11,2642.39,2639.6,2640.93,4547
1732816800,2640.93,2641.41,2639.57,2640.11,2759
1732820400,2640.1,2640.15,2637.32,2637.66,1992
1732834800,2638.61,2639.3,2637,2638.82,3533
1732838400,2638.83,2639.21,2635.62,2636.18,6485
1732842000,2636.13,2647.23,2633.85,2644.94,17170
1732845600,2644.95,2662.6,2644.87,2657.38,15359
1732849200,2657.39,2660.56,2654.79,2659.99,10541
1732852800,2660.2,2664.3,2658.32,2659.88,8518
1732856400,2659.79,2664.1,2659.35,2662.46,10836
1732860000,2662.39,2666.24,2661.61,2665.31,12562
1732863600,2665.31,2665.6,2659.03,2660.64,11048
1732867200,2660.66,2662.64,2654.61,2657.32,11800
1732870800,2657.17,2664.74,2655.87,2664.13,11260
1732874400,2664.09,2665.84,2661.37,2662.72,9943
1732878000,2662.68,2664.28,2659.42,2659.64,9402
1732881600,2659.63,2664.99,2658.83,2659.9,11009
1732885200,2660.25,2663.31,2656.16,2657.99,17565
1732888800,2657.93,2662.71,2651.67,2653.5,17715
1732892400,2653.51,2658.96,2650.6,2658.96,17429
1732896000,2659.01,2662.31,2657.94,2662.24,15238
1732899600,2662.21,2662.23,2657.47,2660.63,12436
1732903200,2660.66,2660.66,2651.8,2652.68,9103
1732906800,2652.53,2653.13,2648.59,2650.44,5100
1733094000,2650.08,2650.99,2642.86,2645.7,7298
1733097600,2645.92,2647.71,2629.91,2637.44,10648
1733101200,2637.63,2639.05,2622.85,2635.96,19079
1733104800,2636,2638.07,2625.68,2626.71,15036
1733108400,2626.6,2631.05,2624.09,2629.42,11794
1733112000,2629.47,2630.6,2626.15,2628.68,7918
1733115600,2628.55,2628.8,2621.59,2623.16,13119
1733119200,2623.12,2627.76,2621.86,2625.87,13311
1733122800,2625.96,2633.59,2625.1,2629.82,12059
1733126400,2629.83,2632.82,2626.4,2629.62,13579
1733130000,2629.46,2636.89,2628.49,2633.58,12438
1733133600,2633.56,2637.68,2633.24,2635.82,10418
1733137200,2635.84,2646.22,2635.79,2641.82,13630
1733140800,2641.78,2645.06,2639.09,2640.96,12855
1733144400,2640.96,2648.66,2637.14,2646.96,19030
1733148000,2646.95,2651.52,2642.6,2645.73,19218
1733151600,2645.7,2649.35,2640.19,2642.27,21208
1733155200,2642.31,2644.39,2638.43,2641.35,15899
1733158800,2641.37,2642.08,2637.33,2638.86,10999
1733162400,2638.87,2638.96,2633.5,2637.09,10166
1733166000,2637.14,2640.14,2636.5,2637.6,8041
1733169600,2637.55,2644.22,2635.37,2637.2,10329
1733173200,2637.18,2639.13,2636.46,2638.66,3881
1733180400,2638.83,2642.91,2638.63,2642.29,3919
1733184000,2642.28,2644.41,2640.48,2641.2,6848
1733187600,2641.19,2645.31,2633.85,2636.47,18199
1733191200,2636.42,2639.13,2634.4,2637.02,14121
1733194800,2636.95,2640.69,2636.14,2640.47,10143
1733198400,2640.42,2643.02,2638.31,2639.89,7763
1733202000,2639.88,2641.96,2636.94,2641.14,10535
1733205600,2641.26,2650.12,2641.26,2646.93,15198
1733209200,2647.04,2647.74,2644.4,2644.59,10142
1733212800,2644.58,2645.44,2639.23,2645.01,14190
1733216400,2645.19,2648.12,2643.78,2644.09,12874
1733220000,2644.08,2645.55,2642.32,2642.78,9608
1733223600,2642.74,2645.7,2642.74,2643.69,8594
1733227200,2643.53,2644.24,2638.16,2639.89,10795
1733230800,2639.93,2653.76,2637.74,2652.88,18937
1733234400,2652.92,2655.64,2645.75,2646.7,20204
1733238000,2646.96,2647.36,2635.01,2640.52,20638
1733241600,2640.51,2648.68,2638.85,2648.41,15252
1733245200,2648.42,2648.79,2643.41,2647.05,11281
1733248800,2647.05,2649.19,2643.16,2645.75,9704
1733252400,2645.91,2646.26,2640.18,2640.89,8492
1733256000,2640.87,2644.26,2640.64,2642.15,6472
1733259600,2642.22,2644.03,2641.86,2643.49,3424
1733266800,2642.93,2643.21,2641.08,2642.86,4005
1733270400,2642.85,2643.62,2639.66,2640.59,6207
1733274000,2640.45,2643.3,2637.76,2642.18,15279
1733277600,2642.03,2648.1,2641.93,2645.89,13054
1733281200,2645.9,2647.8,2643.15,2644.52,10402
1733284800,2644.51,2648.59,2643.75,2648.37,7617
1733288400,2648.35,2651.22,2647.54,2649.68,10840
1733292000,2649.75,2651.41,2647.35,2649.33,12047
1733295600,2649.33,2649.4,2640.37,2641.58,11217
1733299200,2641.5,2642.26,2636.49,2641.38,12282
1733302800,2641.41,2642.8,2638.59,2640.93,11167
1733306400,2640.99,2644.56,2640.27,2644.33,10334
1733310000,2644.33,2647.68,2643.42,2646.12,10265
1733313600,2646.14,2646.58,2635.97,2637.1,11845
1733317200,2636.69,2649.23,2632.19,2648.35,19092
1733320800,2648.36,2653.46,2645.13,2649.25,17946
1733324400,2649.22,2657.18,2648.8,2655.01,19088
1733328000,2655.04,2655.49,2646.99,2649.69,14431
1733331600,2649.7,2652.97,2648.4,2651.49,9519
1733335200,2651.47,2653.07,2648.74,2648.78,9776
1733338800,2648.9,2655.51,2646.81,2651.68,10707
1733342400,2651.63,2651.89,2647.99,2650.09,8599
1733346000,2650.14,2651.2,2648.84,2649.71,3488
1733353200,2649.02,2651.65,2648.29,2650.41,3548
1733356800,2650.42,2650.42,2647.61,2648.43,5465
1733360400,2648.42,2650.6,2646.17,2647.07,12763
1733364000,2647.08,2649.74,2645.22,2646.51,9526
1733367600,2646.5,2649.28,2644.46,2648.88,7958
1733371200,2648.82,2649.64,2645.79,2646.2,5653
1733374800,2646.13,2655.55,2645.49,2653.19,10584
1733378400,2653.12,2654.05,2646.48,2646.88,11240
1733382000,2646.86,2650.89,2645.24,2648.75,10444
1733385600,2648.77,2650.17,2642.07,2643.13,11786
1733389200,2643.05,2646.13,2641.75,2644.87,9526
1733392800,2644.76,2650.4,2644.7,2648.67,9943
1733396400,2648.61,2652.68,2648.1,2651.4,7614
1733400000,2651.39,2653.46,2647.39,2653.25,10852
1733403600,2653.54,2654.47,2644.21,2649,17864
1733407200,2649.03,2650.26,2639.52,2640.37,18821
1733410800,2640.21,2641.99,2631.76,2640.27,18806
1733414400,2640.17,2643.3,2632.85,2635.08,14587
1733418000,2635.11,2635.93,2623.75,2627.99,14283
1733421600,2627.98,2629.72,2623.57,2629.65,10042
1733425200,2629.69,2631.75,2628.67,2629.76,7981
1733428800,2629.64,2631.69,2627.89,2631.26,7257
1733432400,2631.27,2632.45,2630.98,2631.76,3392
1733439600,2631.93,2633.86,2631.44,2633.75,3735
1733443200,2633.72,2633.73,2628.11,2628.58,5778
1733446800,2628.57,2630.57,2613.09,2617.61,17634
1733450400,2617.62,2625.55,2616.87,2625.42,11507
1733454000,2625.41,2642.61,2624.98,2640.89,12996
1733457600,2640.86,2644.48,2640.28,2642.21,6960
1733461200,2642.26,2642.75,2635.17,2637.96,9234
1733464800,2637.97,2642.24,2636.1,2639.4,10362
1733468400,2639.47,2640.13,2636.12,2639.66,9164
1733472000,2639.65,2645,2637.77,2644.23,11444
1733475600,2644.23,2645.71,2639.61,2640.77,11192
1733479200,2640.81,2640.95,2633.52,2634.2,10860
1733482800,2634.18,2639.31,2632.52,2638.48,8364
1733486400,2638.34,2641.53,2635.68,2638.59,12110
1733490000,2638.57,2643.37,2631.1,2635.78,20912
1733493600,2635.78,2638.99,2624.12,2635.61,23576
1733497200,2635.68,2640.48,2632.6,2637.55,19415
1733500800,2637.61,2641.69,2635.63,2640.2,13802
1733504400,2640.25,2640.58,2634.09,2635.01,11711
1733508000,2634.93,2639.05,2634.05,2637.26,9221
1733511600,2637.39,2637.41,2632.93,2634.79,8167
1733515200,2634.92,2636.42,2631.46,2631.94,6790
1733518800,2632,2633.8,2631.1,2632.93,3361
1733698800,2646.71,2648.56,2636.26,2640.17,7773
1733702400,2640.1,2640.1,2627.44,2631.03,9727
1733706000,2631.06,2650.32,2630.73,2646.74,17269
1733709600,2646.75,2648.6,2640.98,2646.05,11804
1733713200,2646.07,2646.59,2638.13,2638.73,10866
1733716800,2638.66,2639.32,2634.72,2636.01,9420
1733720400,2636.01,2640.45,2635.8,2638.45,9728
1733724000,2638.4,2644.52,2638.24,2643.82,11720
1733727600,2643.72,2651.11,2642.98,2650.61,12759
1733731200,2650.58,2651.06,2646.02,2649.43,12627
1733734800,2649.44,2657.45,2648.83,2655.55,11909
1733738400,2655.63,2658.37,2653.57,2657.55,10386
1733742000,2657.6,2660.45,2653.41,2656.29,11225
1733745600,2656.36,2658.26,2653.34,2656.15,10802
1733749200,2656.34,2666.32,2654.68,2665.41,18919
1733752800,2665.64,2675.21,2662.73,2674.1,19477
1733756400,2674.13,2676.42,2666.62,2668.42,19278
1733760000,2668.41,2670.62,2665.8,2667.71,14694
1733763600,2667.72,2669.36,2663.76,2664.45,10371
1733767200,2664.52,2664.64,2661.64,2662.99,9653
1733770800,2662.89,2663.31,2658.87,2660.16,8186
1733774400,2660.19,2660.22,2656.5,2657.82,7538
1733778000,2657.83,2661,2657.83,2660.01,4487
1733785200,2660.88,2661.66,2659.48,2660.57,3713
1733788800,2660.56,2665.52,2657.83,2664.92,6422
1733792400,2665.02,2668.69,2660.57,2667.31,15748
1733796000,2667.24,2671.51,2666.01,2669.1,13131
1733799600,2669.08,2671.8,2665.46,2669.98,11936
1733803200,2670.03,2673.84,2669.68,2670.34,7900
1733806800,2670.44,2671.66,2668.07,2668.79,11254
1733810400,2668.67,2670.93,2665.54,2669.98,10820
1733814000,2669.98,2670.74,2663.71,2664.74,9343
1733817600,2664.7,2665.71,2661.14,2663.27,11860
1733821200,2663.21,2667,2661.68,2665,11000
1733824800,2665.03,2676.86,2664.36,2675.6,11681
1733828400,2675.62,2675.63,2669.7,2674.61,12141
1733832000,2674.66,2679.4,2672.84,2677.68,13165
1733835600,2677.8,2682.06,2672.12,2680.4,16032
1733839200,2680.49,2691.73,2679.47,2688.89,18436
1733842800,2688.7,2690.48,2684.6,2687.47,16384
1733846400,2687.4,2692.55,2684.69,2692.37,13608
1733850000,2692.4,2695.52,2690.54,2694.32,9795
1733853600,2694.31,2695.22,2691.85,2692.46,9229
1733857200,2692.45,2694.58,2691.08,2691.87,7213
1733860800,2691.86,2693.09,2690.88,2691.8,7273
1733864400,2691.91,2694.47,2691.58,2693.8,3831
1733871600,2693.45,2698.45,2693.36,2695.94,5365
1733875200,2695.98,2701.84,2693.44,2700.99,8563
1733878800,2701.05,2703.4,2696.27,2699.87,16271
1733882400,2699.96,2704.46,2698.14,2699.08,13357
1733886000,2699.02,2702.08,2693.01,2695.37,12469
1733889600,2696.01,2696.23,2681.8,2684.7,11819
1733893200,2684.69,2695.27,2675.32,2687.35,16093
1733896800,2687.26,2697.76,2687.14,2696.51,13479
1733900400,2696.53,2696.65,2688.16,2690.33,13447
1733904000,2689.59,2696.28,2688.45,2690.85,15855
1733907600,2690.84,2695.94,2686.31,2695.68,16595
1733911200,2695.71,2699.83,2692.35,2694.39,12610
1733914800,2694.48,2697.63,2692.52,2696.39,14266
1733918400,2696.37,2697.47,2693.61,2695.67,12034
1733922000,2695.79,2702.13,2690.36,2700.91,19212
1733925600,2700.99,2706.77,2696.59,2706.19,20165
1733929200,2706.2,2715.98,2705.46,2713.25,22457
1733932800,2713.21,2718.57,2711.11,2715.29,16454
1733936400,2715.29,2720.04,2713.9,2717.97,12992
1733940000,2718.01,2721.17,2713.88,2714.12,12281
1733943600,2714.11,2719.71,2713.28,2718.05,13909
1733947200,2718.08,2720.08,2716.12,2717.19,8947
1733950800,2717.22,2718.76,2716,2717.79,3633
1733958000,2716.91,2720.41,2716.75,2720.13,4198
1733961600,2720.11,2724.52,2718.79,2724.31,6271
1733965200,2724.35,2726.05,2696.27,2710.92,15160
1733968800,2710.89,2711.58,2703.65,2706.03,9466
1733972400,2706.04,2711.09,2705.05,2710.11,9084
1733976000,2710.1,2715.16,2709.72,2712.69,8034
1733979600,2712.7,2716.26,2711.33,2713.39,9223
1733983200,2713.4,2718.5,2710.12,2718.37,9814
1733986800,2718.45,2720.49,2715.34,2716.3,8664
1733990400,2716.32,2719.41,2714.8,2718.11,12070
1733994000,2718.12,2718.92,2714.12,2714.92,13572
1733997600,2714.66,2715.64,2709.78,2711.44,11904
1734001200,2711.5,2713.55,2707.06,2710.73,12661
1734004800,2710.74,2712.5,2705.92,2706.59,11460
1734008400,2706.73,2711.24,2697.14,2697.38,20164
1734012000,2697.35,2699.58,2680.93,2686.61,25213
1734015600,2686.54,2688.28,2674.95,2679.58,23330
1734019200,2679.6,2683.87,2677.38,2683.56,15231
1734022800,2683.58,2686.6,2681.47,2686.45,13278
1734026400,2686.51,2687.21,2682.75,2684.22,11397
1734030000,2684.22,2686.81,2682.46,2683.07,8356
1734033600,2683.05,2683.58,2679.38,2679.81,9354
1734037200,2679.75,2682.94,2679.59,2680.53,4905
1734044400,2680.86,2681.74,2679.51,2680.7,2954
1734048000,2680.75,2685.49,2678.92,2685.36,6438
1734051600,2685.33,2692.79,2685.25,2689.8,16818
1734055200,2689.79,2691.29,2684.38,2686.73,13663
1734058800,2686.68,2691.41,2686.01,2688.26,10013
1734062400,2688.18,2688.76,2685.43,2687.45,8043
1734066000,2687.5,2689.52,2685.03,2688.21,10489
1734069600,2688.23,2690.59,2683.45,2689.57,12513
1734073200,2689.5,2690.2,2681.04,2683.35,11111
1734076800,2683.15,2684.83,2674.19,2674.87,13007
1734080400,2674.76,2676.86,2667.44,2669.07,13931
1734084000,2669.22,2670.17,2665.2,2666.7,11085
1734087600,2666.69,2669.29,2664.27,2665.05,10965
1734091200,2664.99,2672.76,2662.79,2672.49,12731
1734094800,2672.49,2673,2659.62,2662.15,18828
1734098400,2662.2,2664.01,2657.24,2660.21,17977
1734102000,2660.13,2662.76,2654.77,2659.99,18009
1734105600,2659.76,2664.54,2658.8,2662.06,14137
1734109200,2662.19,2662.4,2655.53,2656.16,12663
1734112800,2656.22,2657.14,2652.15,2654.22,11494
1734116400,2654.37,2655.3,2652.19,2652.95,9516
1734120000,2652.94,2653.55,2646.35,2647.76,11023
1734123600,2647.5,2649.94,2646.04,2648.46,5715
1734303600,2650,2653.03,2648.61,2651.57,4916
1734307200,2651.57,2651.77,2643.38,2647.16,7254
1734310800,2647.18,2655.6,2646.79,2653.32,13782
1734314400,2653.46,2654.81,2650.31,2652.02,10832
1734318000,2652.01,2655.69,2651.7,2653.84,8911
1734321600,2653.85,2654.57,2651.88,2652.77,5835
1734325200,2652.76,2653.51,2649.61,2652.93,10268
1734328800,2652.88,2654.87,2651.99,2653.64,8305
1734332400,2653.57,2655.89,2651.56,2653.63,8261
1734336000,2653.73,2662.1,2652.16,2658,11812
1734339600,2657.88,2660.01,2655.76,2658.23,9141
1734343200,2658.17,2661.09,2657.96,2658.75,8882
1734346800,2658.8,2664.09,2657.7,2663.46,9628
1734350400,2663.46,2664.43,2657.33,2660.13,9577
1734354000,2660.04,2664.14,2658.82,2661.96,14765
1734357600,2662.18,2662.96,2653.99,2654.79,17020
1734361200,2654.91,2656.95,2650.65,2654.48,17111
1734364800,2654.49,2655.81,2648.25,2652.06,13707
1734368400,2652,2655.38,2651.67,2652.21,10896
1734372000,2652.16,2655.66,2651.2,2655.34,9279
1734375600,2655.37,2655.82,2652.04,2653.21,7233
1734379200,2653.17,2653.62,2651.87,2652.73,8252
1734382800,2652.79,2653.06,2651.39,2652.58,3331
1734390000,2652.32,2653.01,2651.5,2651.67,2692
1734393600,2651.56,2655.49,2651,2655.08,5568
1734397200,2655.02,2658.68,2654.28,2658.07,11719
1734400800,2657.74,2658.59,2653.82,2654.99,9979
1734404400,2654.99,2656.09,2651.37,2653.62,8473
1734408000,2653.56,2655.36,2650.77,2651.69,6617
1734411600,2651.68,2654.66,2649.08,2653.73,10819
1734415200,2653.76,2654.66,2646.49,2648.79,11763
1734418800,2648.92,2657.12,2648.32,2653.78,10497
1734422400,2653.48,2653.69,2641.2,2644.18,12715
1734426000,2644.18,2646.14,2638.11,2639.75,13666
1734429600,2639.69,2643.27,2638.04,2638.17,10429
1734433200,2638.17,2642.47,2635.92,2642.15,9411
1734436800,2642.13,2645.55,2640.69,2642.75,11239
1734440400,2642.73,2646.68,2634.62,2637.1,17984
1734444000,2637.1,2642.01,2632.91,2636.77,18262
1734447600,2636.77,2642.98,2635.9,2640.08,16748
1734451200,2640.09,2641.51,2636.68,2638.92,13609
1734454800,2638.74,2647.03,2637.88,2645.88,11822
1734458400,2645.99,2649.1,2644.91,2647.29,10640
1734462000,2647.33,2648.25,2645.16,2645.4,7632
1734465600,2645.49,2646.98,2643.08,2643.55,8625
1734469200,2643.67,2646.48,2643.49,2646.45,3688
1734476400,2646.36,2647.67,2644.83,2647.5,3109
1734480000,2647.3,2650.41,2646.5,2649.92,5934
1734483600,2649.82,2651.75,2647.9,2650.98,12525
1734487200,2651.02,2651.09,2646.87,2647.46,10542
1734490800,2647.47,2648.94,2645.26,2645.64,9441
1734494400,2645.63,2645.81,2642.59,2645.17,8094
1734498000,2645.07,2649.37,2643.83,2647.37,9823
1734501600,2647.35,2647.99,2644.44,2646.61,10752
1734505200,2646.76,2647.43,2643.23,2644.62,9276
1734508800,2644.58,2649.65,2641.84,2648.03,11755
1734512400,2647.86,2649.24,2645.54,2646.76,9573
1734516000,2646.86,2649.46,2646.12,2648.52,7860
1734519600,2648.6,2649.4,2645.85,2646.22,8169
1734523200,2646.22,2647.75,2643.54,2644.12,8568
1734526800,2643.99,2647.41,2641.12,2643.96,15692
1734530400,2643.97,2644.72,2637.1,2637.84,17744
1734534000,2637.58,2638.42,2633.8,2638.15,15574
1734537600,2638.14,2639.55,2633.05,2634.69,13039
1734541200,2634.71,2640.01,2634.61,2636.05,11548
1734544800,2636.07,2638.9,2635.23,2636.19,9618
1734548400,2636.12,2636.14,2604.14,2604.54,25609
1734552000,2604.67,2609.25,2587.18,2592.54,23547
1734555600,2592.87,2595.41,2583.6,2585.26,10988
1734562800,2583.64,2592.26,2582.57,2588.01,6064
1734566400,2588.05,2597.16,2587.83,2595.35,8786
1734570000,2595.2,2618.07,2593.19,2611.96,17047
1734573600,2611.93,2614,2606.17,2612.14,11928
1734577200,2612.04,2613.37,2607.71,2610.23,8572
1734580800,2610.3,2611.47,2606.93,2609.23,6941
1734584400,2609.24,2610.52,2606.62,2607.31,8133
1734588000,2607.29,2614.2,2603.13,2612.85,11320
1734591600,2612.89,2622.68,2611.86,2616.43,12853
1734595200,2616.48,2619.12,2613.16,2618.4,11323
1734598800,2618.44,2622.87,2618.44,2620.48,13026
1734602400,2620.43,2626.45,2617.28,2619.47,12195
1734606000,2619.39,2621.99,2616.06,2616.88,10190
1734609600,2616.68,2616.73,2604.38,2606.28,14780
1734613200,2606.2,2606.23,2595.2,2596.44,21235
1734616800,2596.41,2600.86,2591.89,2592.58,20502
1734620400,2592.62,2595.96,2586.83,2588.39,20796
1734624000,2588.26,2596.39,2587.25,2591.82,16298
1734627600,2591.85,2594.24,2590.6,2592.66,12590
1734631200,2592.71,2599.99,2591.87,2599.8,13600
1734634800,2599.82,2601.1,2596.72,2596.84,9638
1734638400,2596.99,2600.34,2596.42,2596.73,10978
1734642000,2596.89,2596.96,2593.14,2594.57,4015
1734649200,2594.77,2595.88,2592.13,2593.53,3684
1734652800,2593.52,2595.4,2590.58,2590.88,6476
1734656400,2590.93,2603.9,2589.71,2603.84,16002
1734660000,2603.78,2604.03,2595.31,2597,12637
1734663600,2596.98,2599.12,2595.7,2598.55,7906
1734667200,2598.55,2601.08,2597.32,2598.01,6432
1734670800,2598.02,2601.35,2596.44,2600.4,8093
1734674400,2600.36,2605.42,2598.87,2604.89,9849
1734678000,2604.8,2607.54,2602.51,2606.38,9421
1734681600,2606.39,2607.75,2604.2,2605.52,11983
1734685200,2605.54,2606.67,2603.13,2605,11006
1734688800,2604.92,2606.98,2603.98,2604.19,8928
1734692400,2604.18,2604.83,2600.01,2603.6,10191
1734696000,2603.53,2606.21,2602.11,2603.66,10163
1734699600,2603.65,2614.1,2600.11,2609.61,17118
1734703200,2609.62,2618.41,2608.66,2617.16,19337
1734706800,2617.19,2631.18,2616.33,2630.3,20560
1734710400,2630.32,2631.98,2622.29,2625.02,16238
1734714000,2625.02,2627.38,2622.13,2625.57,13007
1734717600,2625.55,2627.37,2623.44,2626.24,12222
1734721200,2626.13,2629.38,2624.99,2627.95,9364
1734724800,2627.91,2628.05,2622.04,2622.69,10650
1734728400,2622.8,2624.15,2619.32,2622.14,4577
1734908400,2620.02,2636.64,2618.79,2624.14,5031
1734912000,2624.29,2625.24,2617.23,2621.54,6700
1734915600,2621.5,2624.12,2618.53,2620.7,13012
1734919200,2620.68,2627.5,2620.55,2625.94,9913
1734922800,2626.06,2627.03,2622.32,2624.16,8476
1734926400,2624.14,2626.34,2623.79,2625.39,5518
1734930000,2625.53,2629.26,2624.94,2626.73,7953
1734933600,2626.81,2633.03,2624.54,2631.7,9796
1734937200,2631.71,2633.35,2629.37,2630.26,8549
1734940800,2629.93,2632.17,2625.92,2629.91,9501
1734944400,2629.77,2630.82,2625.91,2626.4,8642
1734948000,2626.31,2626.98,2618.77,2619.52,10971
1734951600,2619.37,2620.13,2613.05,2616.33,9593
1734955200,2616.41,2618.74,2614.03,2615.14,9949
1734958800,2615.05,2619.88,2613.84,2617.46,13276
1734962400,2617.25,2619.93,2613.52,2615.57,13782
1734966000,2615.64,2616.49,2609.03,2609.73,17113
1734969600,2609.67,2616.16,2608.1,2615.8,13347
1734973200,2615.79,2616.7,2610.8,2611.22,11458
1734976800,2611.16,2612.81,2609.94,2610.44,9376
1734980400,2610.45,2612.6,2609.59,2611.29,6847
1734984000,2611.27,2612.73,2609.06,2610.84,6744
1734987600,2610.96,2613.71,2610.2,2612.52,2874
1734994800,2611.64,2617.03,2611.64,2615.57,3466
1734998400,2615.58,2617.47,2613.35,2616.74,4450
1735002000,2616.78,2618.05,2614.47,2617.53,10277
1735005600,2617.43,2619.89,2616.58,2616.95,8350
1735009200,2616.96,2618.77,2615.63,2618.77,6549
1735012800,2618.79,2620.47,2618.22,2620.29,5076
1735016400,2620.29,2621.53,2618.2,2619.18,7208
1735020000,2619.19,2619.78,2616.24,2619.03,7956
1735023600,2619.05,2621.41,2617.95,2618.32,6922
1735027200,2618.37,2619.8,2616.6,2617.26,7550
1735030800,2617.27,2618.3,2613.32,2613.69,7528
1735034400,2613.68,2617.94,2613.03,2615.59,6638
1735038000,2615.55,2616.27,2612.41,2615.04,6466
1735041600,2615.06,2616.4,2612.53,2613.87,7368
1735045200,2613.8,2614.83,2611.24,2614.23,10992
1735048800,2614.23,2617.23,2610.21,2610.95,11909
1735052400,2611.01,2613.58,2610.04,2611.79,11520
1735056000,2611.78,2617.79,2611.51,2615.87,9712
1735059600,2615.81,2619.37,2615.13,2616.99,10630
1735063200,2617.05,2617.91,2614.8,2616.49,4301
1735167600,2615.63,2620.18,2614.13,2618.55,3095
1735171200,2618.54,2622.87,2618.54,2621.57,4607
1735174800,2621.54,2627.8,2620.92,2626.79,10511
1735178400,2626.79,2627.92,2625.65,2627.47,6619
1735182000,2627.55,2629.07,2625.63,2626.95,6559
1735185600,2626.95,2629.23,2626.26,2627.24,5111
1735189200,2627.25,2628.25,2626.02,2626.44,6625
1735192800,2626.4,2627.35,2624.48,2625.87,6554
1735196400,2626,2629.39,2623.52,2625.32,6302
1735200000,2625.39,2629,2624.89,2627.34,6366
1735203600,2627.34,2628.17,2625.71,2627.32,4924
1735207200,2627.34,2629.39,2626.59,2628.76,5217
1735210800,2628.76,2630,2627.6,2627.85,5658
1735214400,2627.76,2628.47,2624.46,2626.74,7031
1735218000,2626.67,2631.04,2621.76,2622.99,13521
1735221600,2622.97,2630.24,2622.45,2630.03,12129
1735225200,2630.04,2639.11,2628.97,2636.49,14814
1735228800,2636.54,2636.58,2631.42,2632.03,10990
1735232400,2632.1,2632.1,2627.86,2629.24,10307
1735236000,2629.2,2635.99,2629.2,2634.66,9824
1735239600,2634.55,2635.97,2632.6,2634.9,8411
1735243200,2634.86,2636.2,2633.59,2634.33,7847
1735246800,2634.43,2634.44,2633.14,2633.45,2993
1735254000,2632.68,2634.48,2631.3,2632.55,3531
1735257600,2632.54,2634.01,2631.21,2631.43,3988
1735261200,2631.44,2633.87,2630.66,2632.26,9412
1735264800,2632.28,2633.61,2628.85,2632.99,8109
1735268400,2632.95,2635.5,2631.52,2633.87,7172
1735272000,2633.86,2634.13,2631.97,2633.61,4204
1735275600,2633.54,2634.31,2631.4,2631.52,6059
1735279200,2631.5,2637.03,2631.38,2634.65,8210
1735282800,2634.59,2638.24,2633.17,2633.6,7137
1735286400,2633.61,2633.61,2626.07,2626.19,8962
1735290000,2626.12,2627.72,2623.51,2624.12,6961
1735293600,2624.12,2628.14,2623.36,2626.56,6567
1735297200,2626.63,2628.96,2625.16,2628.74,7341
1735300800,2628.83,2631.64,2625.67,2626.37,8778
1735304400,2626.54,2627.25,2617.94,2618.77,14752
1735308000,2618.55,2619.43,2611.71,2615.71,16394
1735311600,2615.66,2619.41,2612.89,2618.12,16140
1735315200,2618.13,2619.71,2615.27,2617.89,11362
1735318800,2617.93,2618.32,2614.02,2615.82,10635
1735322400,2615.92,2620.18,2615.15,2618.54,8505
1735326000,2618.54,2621.45,2617.35,2620.59,6179
1735329600,2620.5,2620.83,2612.78,2615.4,7312
1735333200,2615.41,2621.21,2615.27,2620.97,3508
1735513200,2619.8,2626.02,2619.38,2624.06,4442
1735516800,2624.13,2625.23,2621.24,2622.34,3917
1735520400,2622.21,2626.8,2622.04,2624.03,10025
1735524000,2624.06,2625.36,2622.3,2623.92,7239
1735527600,2623.89,2628.08,2623.17,2626.41,6428
1735531200,2626.42,2626.43,2621.42,2622.11,5654
1735534800,2622.14,2624.25,2620.49,2623.62,7244
1735538400,2623.58,2624.56,2617.96,2619.16,8535
1735542000,2619.13,2619.98,2615.75,2617.02,7786
1735545600,2616.97,2617.52,2609.35,2612.05,9595
1735549200,2612.08,2617.51,2611.32,2612.85,7522
1735552800,2612.69,2615.27,2610.55,2610.71,8411
1735556400,2610.67,2618.77,2609.1,2616.26,10152
1735560000,2616.23,2622.5,2615.42,2621.39,8449
1735563600,2621.35,2622.56,2606.39,2606.69,17215
1735567200,2606.64,2613.84,2605.31,2611.52,16342
1735570800,2611.63,2611.75,2599.7,2601.54,18995
1735574400,2601.52,2602.87,2596.07,2599.85,13879
1735578000,2599.93,2605.46,2599.93,2605.18,11604
1735581600,2605.24,2606.72,2603.39,2606.12,10324
1735585200,2606.19,2608.4,2603.53,2607.1,9085
1735588800,2607.16,2609.55,2606.41,2607.72,9503
1735592400,2607.73,2608.07,2605.56,2605.9,2871
1735599600,2606.02,2607.22,2603.72,2606.76,2754
1735603200,2606.7,2608.6,2604.96,2607.6,3459
1735606800,2607.59,2611.59,2606.52,2608.84,10314
1735610400,2608.83,2609.62,2606.75,2607.04,6247
1735614000,2606.95,2607.68,2603.48,2604.7,6770
1735617600,2604.71,2607.07,2604.2,2606.38,4681
1735621200,2606.35,2608.14,2602.48,2604.27,6354
1735624800,2604.2,2608.51,2603.41,2607.74,9327
1735628400,2607.78,2614.18,2607.26,2613.72,7795
1735632000,2613.75,2617.64,2612.72,2616.61,8654
1735635600,2616.58,2616.8,2612.97,2615.33,7219
1735639200,2615.5,2615.83,2610.94,2611.82,7575
1735642800,2611.83,2614.25,2609.67,2611.1,6645
1735646400,2611.13,2612.78,2609.27,2611.25,8017
1735650000,2611.33,2616.13,2605.38,2613.08,12144
1735653600,2613.08,2617.89,2611.19,2613.82,13197
1735657200,2613.7,2626.63,2612.32,2625.72,16705
1735660800,2625.64,2627.17,2622.14,2625.31,12655
1735664400,2625.37,2627.6,2623.14,2624.37,9213
1735668000,2624.25,2627.16,2622.59,2625,9520
1735671600,2624.99,2627.19,2622.71,2623.8,7009
1735772400,2624.91,2625.71,2621.58,2623.76,4013
1735776000,2624.01,2627.88,2622.58,2625.29,5681
1735779600,2625.36,2634.45,2623.89,2632.84,14474
1735783200,2632.84,2636.54,2632.07,2634.8,10199
1735786800,2634.86,2635.4,2632.19,2633.68,7565
1735790400,2633.5,2634.24,2631.13,2634.05,5617
1735794000,2633.97,2636.54,2632.98,2634.07,8012
1735797600,2634.13,2635.44,2631.25,2634.24,9356
1735801200,2634.26,2636,2632.97,2635.83,8301
1735804800,2635.87,2637.7,2631.04,2636.42,10731
1735808400,2636.45,2639.94,2635.83,2636,10010
1735812000,2635.99,2646.21,2632.72,2642.67,13109
1735815600,2642.68,2644.56,2640.24,2641.93,9179
1735819200,2641.94,2646.47,2640.33,2643.47,10690
1735822800,2643.33,2647.3,2636.04,2642.99,18420
1735826400,2642.98,2651.06,2640.16,2647.47,18359
1735830000,2647.51,2655.77,2645.05,2654.03,19422
1735833600,2653.99,2660.48,2649.9,2659.27,16664
1735837200,2659.28,2660.51,2652.47,2656.61,12053
1735840800,2656.69,2658.86,2653.81,2655.42,11412
1735844400,2655.5,2657.14,2653.86,2654.73,10767
1735848000,2654.74,2660.48,2654.1,2659.63,9879
1735851600,2659.67,2660.15,2656.49,2657.96,3658
1735858800,2657.53,2659.64,2657.43,2658.39,3509
1735862400,2658.39,2661.11,2658.37,2660.82,5834
1735866000,2660.85,2662.58,2656.73,2659.45,9439
1735869600,2659.39,2664.06,2656.17,2662.59,10611
1735873200,2662.57,2665.12,2661.17,2662.33,8877
1735876800,2662.38,2664.38,2661.73,2662.74,5043
1735880400,2662.73,2662.83,2655.76,2658.67,7694
1735884000,2658.68,2660.35,2656.65,2659.68,7811
1735887600,2659.55,2659.55,2651.68,2654.4,9687
1735891200,2654.25,2655.84,2649.82,2653.03,10963
1735894800,2653.02,2655.91,2652.78,2653.64,8463
1735898400,2653.65,2658.03,2653.07,2657.72,8093
1735902000,2657.65,2659.36,2656.22,2657.61,8265
1735905600,2657.59,2658.34,2654.66,2655.14,7889
1735909200,2655.04,2656.29,2643.22,2649.97,15219
1735912800,2649.97,2652.68,2644.94,2647.89,16854
1735916400,2645.14,2648.3,2640.96,2643.91,18874
1735920000,2643.86,2647.3,2639.1,2639.9,13602
1735923600,2639.9,2642.59,2639.02,2641.69,10132
1735927200,2641.65,2642.33,2639.61,2641.96,10304
1735930800,2641.86,2643.01,2639.09,2639.56,7181
1735934400,2639.48,2640.18,2636.95,2638.34,7459
1735938000,2638.22,2640.8,2636.65,2639.44,3647
1736118000,2641.41,2642.44,2639.1,2640.88,4837
1736121600,2640.91,2643.36,2638.55,2643.25,6679
1736125200,2643.47,2647.45,2640.61,2641.44,13779
1736128800,2641.36,2645.32,2639.62,2644.43,9805
1736132400,2644.41,2645.33,2638.98,2640.11,8261
1736136000,2640.09,2640.83,2634.3,2635.32,7550
1736139600,2635.28,2636.25,2631.65,2633.79,10412
1736143200,2633.81,2635.36,2630.13,2631.57,10694
1736146800,2631.53,2633.73,2625.12,2626.92,9870
1736150400,2626.8,2632.48,2625.68,2631.55,10308
1736154000,2631.45,2635.78,2631.25,2632.74,9802
1736157600,2632.7,2634.98,2630.8,2633.71,7758
1736161200,2633.69,2649.4,2632.5,2645.51,18637
1736164800,2645.53,2647.89,2641.9,2645.3,13299
1736168400,2645.17,2648.91,2622.02,2624.26,21741
1736172000,2624.27,2634.72,2614.45,2631.68,23873
1736175600,2631.54,2639.61,2629.29,2634.27,21377
1736179200,2634.37,2641.2,2632.45,2640.71,15487
1736182800,2640.74,2641.08,2634.23,2636.76,11127
1736186400,2636.79,2638.64,2633.66,2634.66,11709
1736190000,2634.66,2635.47,2632.91,2634.31,9658
1736193600,2634.32,2635.52,2633.16,2634.63,7273
1736197200,2634.66,2637,2634.63,2635.93,3353
1736204400,2636.04,2636.27,2633.54,2634.47,3215
1736208000,2634.6,2635.25,2632.87,2634.99,5310
1736211600,2634.84,2641.18,2634.67,2639.07,13117
1736215200,2639.04,2640.15,2636.88,2638.44,8706
1736218800,2638.49,2640.32,2637.55,2639.59,5460
1736222400,2639.54,2639.76,2637.34,2638.24,5733
1736226000,2638.11,2645.82,2636.94,2644.51,9952
1736229600,2644.39,2646.82,2639.82,2640.28,10457
1736233200,2640.3,2642.17,2637.78,2640.58,10004
1736236800,2640.6,2644.87,2640.22,2642.64,10814
1736240400,2642.46,2644.19,2640.05,2641.45,8686
1736244000,2641.46,2644.78,2641.4,2643.97,7996
1736247600,2643.95,2648.71,2641.96,2648.42,8508
1736251200,2648.35,2652.75,2647.39,2651.6,10388
1736254800,2651.52,2664.26,2649.97,2662.39,19037
1736258400,2662.46,2663.06,2655.56,2658.34,17143
1736262000,2653.19,2655.02,2642.09,2647.63,23558
1736265600,2647.63,2655.69,2646.45,2651.88,17648
1736269200,2651.95,2656.1,2650.31,2652.53,14171
1736272800,2652.56,2652.67,2647.3,2649.1,13027
1736276400,2649.06,2650.47,2647.02,2649.42,10790
1736280000,2649.41,2651.45,2647.15,2650.4,10130
1736283600,2650.43,2650.43,2647.73,2648.49,2982
1736290800,2648.51,2650.27,2648.19,2649.69,3395
1736294400,2649.59,2651.6,2648.57,2650.61,4927
1736298000,2650.67,2650.82,2647.1,2648.79,11236
1736301600,2648.8,2650.31,2645.74,2648.93,7997
1736305200,2648.72,2648.8,2645.51,2646.78,6853
1736308800,2646.74,2648.66,2645.28,2646.89,5287
1736312400,2646.85,2650.75,2646.65,2650.04,7939
1736316000,2650,2653.07,2648.95,2652.13,9549
1736319600,2652.15,2654.47,2651.53,2652.56,8054
1736323200,2652.41,2653.84,2649.66,2651.9,9976
1736326800,2651.96,2655.08,2651.77,2653.56,9022
1736330400,2653.56,2655.14,2652.6,2653.16,8007
1736334000,2653.06,2653.13,2647.33,2650.84,12393
1736337600,2650.85,2652.51,2645.8,2652.08,11840
1736341200,2652.11,2660.28,2651.58,2660.06,18960
1736344800,2660.06,2667.61,2659.96,2661.35,20260
1736348400,2661.3,2667.85,2659.37,2665.72,17461
1736352000,2665.73,2669.96,2662.55,2669.63,13394
1736355600,2669.72,2669.77,2649.47,2655.68,15674
1736359200,2655.7,2659.22,2651.69,2653.28,12669
1736362800,2653.49,2660.58,2652.34,2658.34,12387
1736366400,2658.41,2664.14,2658.3,2663.48,9941
1736370000,2663.48,2664.03,2660.93,2661.53,4765
1736377200,2661.56,2663.18,2661.45,2662.61,2761
1736380800,2662.61,2662.78,2659.42,2659.9,4820
1736384400,2659.92,2661.47,2657.2,2658.56,10069
1736388000,2658.54,2660.13,2656.36,2658.9,7907
1736391600,2658.93,2662.25,2658.54,2659.46,6802
1736395200,2659.44,2659.79,2655.34,2658.97,5939
1736398800,2658.99,2660.96,2657.59,2658.37,7742
1736402400,2658.35,2666.95,2658.27,2666.59,9220
1736406000,2666.63,2666.63,2662.29,2662.41,8198
1736409600,2662.27,2666.99,2660.36,2664.43,11917
1736413200,2664.58,2666.44,2662.35,2664.9,9599
1736416800,2664.84,2668.61,2664.38,2667.53,8704
1736420400,2667.54,2673.2,2665.2,2670.34,10697
1736424000,2670.28,2675.08,2669.44,2674,9943
1736427600,2673.96,2678.15,2671.72,2672.7,16215
1736431200,2672.61,2675.69,2667.21,2672.33,13950
1736434800,2672.36,2675.4,2668.05,2668.35,11744
1736438400,2668.35,2671.03,2666.27,2667.68,9627
1736442000,2667.67,2668.68,2662.56,2665.98,9854
1736445600,2665.93,2672.51,2664.99,2671.4,9149
1736449200,2671.49,2671.73,2668.69,2670.19,7516
1736452800,2670.14,2670.84,2669.17,2669.55,5369
1736456400,2669.57,2671.33,2668.91,2670.23,2676
1736463600,2670.98,2671.29,2668.5,2670.1,3655
1736467200,2670.19,2671.16,2669.05,2670.59,6328
1736470800,2670.65,2672,2669.15,2671.02,10600
1736474400,2671.01,2674.8,2670.41,2673.49,8475
1736478000,2673.48,2674.85,2672.46,2673.73,6115
1736481600,2673.72,2674.06,2671.65,2671.84,5630
1736485200,2671.73,2675.99,2671.5,2675.04,8465
1736488800,2674.96,2678.4,2674.17,2678.21,9586
1736492400,2678.21,2678.72,2673.52,2676.14,9211
1736496000,2676.19,2680.32,2675.76,2680.01,12735
1736499600,2680.05,2682.16,2677.77,2678.62,12494
1736503200,2678.78,2682.73,2678.24,2680.99,11802
1736506800,2681,2683.12,2680.18,2681.37,9439
1736510400,2681.34,2681.45,2674.94,2678.33,12531
1736514000,2678.3,2683.64,2663.88,2682.7,21808
1736517600,2682.6,2693.29,2680.72,2688.02,26439
1736521200,2684.44,2697.75,2682.47,2692.74,24307
1736524800,2692.61,2697.17,2686.8,2696.35,21448
1736528400,2696.4,2697.9,2692.37,2696.1,16492
1736532000,2696.11,2697.23,2685.16,2687.32,15632
1736535600,2687.33,2687.9,2684.32,2685.97,12899
1736539200,2685.81,2690.93,2684.49,2690.53,11958
1736542800,2690.53,2693.36,2688.69,2689.04,4824
1736722800,2688.79,2691.3,2684.84,2690.96,5846
1736726400,2690.98,2693.35,2688.07,2689.57,5681
1736730000,2689.61,2689.76,2679.25,2685.63,18032
1736733600,2685.68,2690.57,2684.84,2688.63,11513
1736737200,2688.58,2688.72,2685.38,2687.94,8873
1736740800,2687.88,2690.82,2684.44,2685.86,9043
1736744400,2685.95,2687.01,2683.34,2687,10262
1736748000,2687.08,2691.18,2686.92,2689.81,9777
1736751600,2689.75,2690.26,2684.4,2685.21,12046
1736755200,2685.23,2689.66,2683.85,2686.98,14270
1736758800,2687.01,2688.39,2683.04,2684.76,14257
1736762400,2684.72,2684.91,2677.29,2679.37,13497
1736766000,2679.31,2680.6,2675.34,2676.05,11691
1736769600,2676.03,2677.27,2664.3,2671.24,17493
1736773200,2671.29,2672.28,2663.61,2669.18,20434
1736776800,2669.11,2674.19,2664.19,2671.76,19519
1736780400,2671.67,2672.97,2661.12,2661.94,17846
1736784000,2661.89,2667.93,2660.84,2661.45,14536
1736787600,2661.5,2664.2,2659.22,2660.78,12452
1736791200,2660.78,2662.43,2657.51,2659.21,10418
1736794800,2659.34,2660.68,2656.71,2658.85,8517
1736798400,2658.74,2662.87,2658.72,2662.22,7376
1736802000,2662.13,2664.15,2660.83,2662.9,3504
1736809200,2663.22,2669.43,2663.22,2667.88,5151
1736812800,2667.92,2671.09,2666.3,2670.49,5951
1736816400,2670.49,2672.21,2667.91,2670.64,13596
1736820000,2670.71,2672.13,2668.5,2670.48,11155
1736823600,2670.46,2672.24,2668.85,2669.71,9898
1736827200,2669.67,2674.05,2668.39,2673.47,6856
1736830800,2673.58,2675.31,2667.31,2668.65,10275
1736834400,2668.66,2669.66,2667.4,2668.94,9272
1736838000,2669.1,2671.01,2667.23,2669.29,10756
1736841600,2669.51,2674.5,2667.42,2671.06,13890
1736845200,2670.91,2671.64,2664.74,2667.2,12132
1736848800,2667.21,2668.91,2664.66,2666.58,10145
1736852400,2666.59,2669.86,2664.6,2669.26,10117
1736856000,2669.25,2671.59,2666.49,2668.3,10575
1736859600,2668.27,2674.31,2660.62,2662.99,20159
1736863200,2662.99,2666.04,2659.81,2665.1,20952
1736866800,2665.21,2672.77,2665.17,2671.64,19198
1736870400,2671.69,2674.02,2669.71,2671.49,16673
1736874000,2671.43,2671.93,2668.02,2669.11,11708
1736877600,2668.98,2672.57,2666.6,2672.31,10402
1736881200,2672.3,2676.35,2671.83,2674.33,9316
1736884800,2674.33,2676.48,2671.73,2676.48,8866
1736888400,2676.36,2678.18,2675.66,2677.15,3854
1736895600,2677.93,2678.25,2673.93,2675.5,2918
1736899200,2675.53,2675.93,2672.52,2672.75,4073
1736902800,2672.76,2674.31,2669.69,2669.91,7956
1736906400,2669.9,2674.95,2669.26,2673.45,8720
1736910000,2673.45,2676.36,2672.2,2676.08,7122
1736913600,2676.1,2676.8,2674.16,2675.55,5167
1736917200,2675.52,2679.34,2674.55,2679.29,9383
1736920800,2679.18,2683.3,2678.98,2681.01,9558
1736924400,2681.14,2684.16,2680.08,2681.23,9554
1736928000,2681.23,2685.26,2681.14,2683.93,10541
1736931600,2683.81,2688.46,2682.91,2685.91,10870
1736935200,2685.9,2688.96,2684.77,2688.34,10261
1736938800,2688.58,2688.96,2685.12,2686.77,11086
1736942400,2686.78,2687.43,2683.96,2684.71,11200
1736946000,2684.95,2694.15,2682.06,2693.74,21658
1736949600,2693.68,2695.98,2678.06,2682.1,23503
1736953200,2682.09,2683.01,2676.45,2678.55,19755
1736956800,2678.65,2689.96,2676.95,2689.3,16323
1736960400,2689.32,2692.99,2688.38,2692.78,11824
1736964000,2692.77,2694.9,2691,2694.04,11599
1736967600,2694.03,2695.09,2692.5,2694.07,7493
1736971200,2694.13,2696.5,2693.18,2696.44,7606
1736974800,2696.35,2697.32,2693.81,2696.18,4333
1736982000,2694.43,2697.3,2694.42,2694.97,3535
1736985600,2694.98,2698.24,2692.74,2695.15,8527
1736989200,2695.34,2702.15,2694.44,2696.18,15469
1736992800,2696.31,2698.14,2695.14,2697.4,10942
1736996400,2697.38,2698.36,2695.64,2697.1,8304
1737000000,2697.1,2697.98,2696.57,2697.25,5969
1737003600,2697.21,2697.47,2693.67,2694.66,9920
1737007200,2694.81,2695.61,2689.8,2694.01,10689
1737010800,2693.98,2700.02,2693.37,2698.26,12296
1737014400,2698.44,2703.28,2697.08,2698.96,13786
1737018000,2698.96,2706.15,2697.29,2705.28,13883
1737021600,2705.29,2708.57,2704.81,2707.64,10186
1737025200,2707.78,2711.11,2706.07,2706.43,9566
1737028800,2706.43,2707.23,2700.23,2703.58,15032
1737032400,2703.54,2718.18,2701.25,2715.34,19667
1737036000,2715.31,2719.13,2712.77,2718.23,19154
1737039600,2718.33,2719.55,2712.44,2716.93,21681
1737043200,2716.94,2722.45,2716.59,2720.44,17877
1737046800,2720.51,2724.81,2719.41,2721.64,12975
1737050400,2721.71,2723.19,2714.85,2715.27,11900
1737054000,2715.3,2717.3,2714.66,2715.2,9652
1737057600,2715.22,2716.93,2714.28,2715.82,7311
1737061200,2715.75,2715.89,2712.43,2714.34,5187
1737068400,2714.05,2715.05,2712.23,2714.53,3313
1737072000,2714.52,2716.1,2713.79,2714.77,5541
1737075600,2714.78,2714.85,2709.74,2714.75,13230
1737079200,2714.88,2717,2713.94,2715.85,9313
1737082800,2715.79,2717.4,2714.58,2715.38,7375
1737086400,2715.36,2716.48,2714.15,2714.81,5782
1737090000,2714.76,2715.43,2711.09,2711.45,9216
1737093600,2711.46,2713.3,2710.45,2712.64,10907
1737097200,2712.65,2714.63,2708.43,2710.45,9490
1737100800,2710.44,2713.01,2709.39,2711.65,10131
1737104400,2711.59,2712.11,2704.02,2704.96,12074
1737108000,2705,2706.18,2702.59,2704.05,9964
1737111600,2704.07,2708.58,2703.8,2708,8830
1737115200,2708.02,2711.72,2706.93,2710.76,12585
1737118800,2710.77,2712.08,2704.43,2705.12,19647
1737122400,2705.1,2712.55,2702.68,2711.74,19816
1737126000,2711.52,2715.18,2710.16,2714.21,15220
1737129600,2714.22,2717.34,2713.54,2715.98,13771
1737133200,2715.99,2716.33,2710.6,2712.57,11664
1737136800,2712.63,2713.34,2705.31,2705.6,11510
1737140400,2705.63,2707.27,2702.68,2703.1,9879
1737144000,2703.11,2704.27,2699.92,2701.01,11224
1737147600,2701,2702.6,2699.2,2702.37,4689
1737327600,2702.37,2703.46,2691.15,2696.38,7449
1737331200,2696.37,2696.39,2692.56,2694.52,6309
1737334800,2694.51,2696.02,2689.36,2693.92,15792
1737338400,2693.94,2697.98,2693.62,2697.36,11962
1737342000,2697.41,2703.99,2697.35,2703.38,9774
1737345600,2703.38,2706.63,2702.2,2705.95,8600
1737349200,2705.9,2707.53,2703.55,2707.34,11181
1737352800,2707.36,2713.6,2706.5,2711.68,12501
1737356400,2711.67,2711.87,2702.85,2703.54,9671
1737360000,2703.53,2708.09,2702.92,2706.95,10525
1737363600,2706.94,2708.7,2702.71,2706.03,11298
1737367200,2706.04,2709.9,2705.17,2708.52,10299
1737370800,2708.36,2712.44,2704.85,2708.55,11649
1737374400,2708.59,2710.01,2706.21,2708.23,11821
1737378000,2708.22,2710.22,2701.59,2704.89,19582
1737381600,2705.41,2712.19,2704.94,2710.46,20736
1737385200,2710.46,2710.75,2704.9,2707.07,14121
1737388800,2707.06,2709.33,2703.02,2707.54,12311
1737392400,2707.73,2710.12,2704.07,2707.45,10476
1737396000,2707.61,2711,2705.58,2710.61,6387
1737399600,2710.6,2711.01,2705.75,2706.2,3579
1737414000,2706.81,2711.31,2706.48,2710.42,5522
1737417600,2710.33,2711.48,2702.95,2705.64,10800
1737421200,2705.15,2719.37,2703.12,2718.02,18721
1737424800,2717.97,2725.8,2717.62,2724.59,15542
1737428400,2724.69,2726.95,2721.2,2724.21,13411
1737432000,2724.23,2727.97,2722.95,2727.33,9976
1737435600,2727.48,2729.11,2725.44,2726.21,11569
1737439200,2726.24,2729.4,2723.74,2724.37,12216
1737442800,2724.19,2732.78,2722.59,2729.87,14083
1737446400,2729.74,2729.81,2721.56,2723.27,15847
1737450000,2723.11,2724.15,2718.05,2721.32,16547
1737453600,2721.37,2724.04,2719,2719.9,13643
1737457200,2719.9,2724.59,2716.26,2724.01,12351
1737460800,2724.07,2727.28,2721.81,2726.82,14824
1737464400,2726.77,2730.11,2724.51,2726.37,18458
1737468000,2726.33,2738.47,2725.25,2738.17,19196
1737471600,2738.12,2740.41,2734.58,2738.87,19334
1737475200,2738.88,2744.86,2737.77,2743.29,15888
1737478800,2743.2,2745.64,2740.17,2740.28,12761
1737482400,2740.27,2745.9,2739.93,2744.53,11238
1737486000,2744.54,2745.43,2741.23,2742.64,9923
1737489600,2742.64,2743.26,2739.82,2742.54,8645
1737493200,2742.49,2745.72,2742.07,2744.66,3679
1737500400,2744.8,2745.36,2741.89,2744.35,6939
1737504000,2744.25,2749.03,2742.56,2748.28,7121
1737507600,2748.27,2749.89,2746.79,2748.04,14635
1737511200,2748.04,2749.71,2746.21,2749.1,12831
1737514800,2749.08,2751.18,2747.97,2750.29,10416
1737518400,2750.28,2752.92,2749.32,2752.14,7768
1737522000,2752.11,2758.59,2750.44,2757.94,12402
1737525600,2757.97,2758.24,2745.31,2747.05,17723
1737529200,2747.02,2754,2746.57,2748.77,12079
1737532800,2748.74,2753.82,2746.85,2753.3,14146
1737536400,2753.2,2762.34,2752.85,2758.42,14195
1737540000,2758.37,2763.41,2758.15,2760.03,11256
1737543600,2760.03,2760.47,2756.19,2756.37,10605
1737547200,2756.39,2758.77,2751.48,2758.34,12171
1737550800,2758.32,2761.61,2750.82,2757.59,18315
1737554400,2757.66,2758.34,2750.46,2754,19738
1737558000,2753.95,2760.32,2750.43,2759.27,17103
1737561600,2759.25,2760.22,2755.83,2758.27,13957
1737565200,2758.28,2758.53,2755.93,2756.46,11368
1737568800,2756.46,2759.38,2754.88,2757.85,11990
1737572400,2757.87,2757.89,2755.02,2755.33,8689
1737576000,2755.35,2757.07,2754.82,2756.58,8081
1737579600,2756.55,2757.21,2754.64,2756.04,3558
1737586800,2755.7,2756.54,2753.64,2755.25,4846
1737590400,2755.24,2756,2753.03,2755.35,5517
1737594000,2755.44,2756.3,2750.72,2752.66,14051
1737597600,2752.61,2754.82,2752.04,2752.7,11259
1737601200,2752.67,2753.26,2749.46,2750.07,9747
1737604800,2750.06,2753.63,2749.9,2751.73,6370
1737608400,2751.73,2753.53,2751.36,2751.9,9655
1737612000,2751.96,2755.48,2751.21,2753.2,11192
1737615600,2753.22,2754.72,2751.7,2752.75,9786
1737619200,2752.73,2754.84,2752.07,2752.74,12686
1737622800,2752.75,2753.79,2740.93,2745.89,14909
1737626400,2745.83,2752.42,2745.38,2751.26,12764
1737630000,2751.33,2754.42,2750.83,2752,11794
1737633600,2751.92,2753.31,2742.06,2744.86,16860
1737637200,2745.13,2745.97,2735.74,2741.57,20965
1737640800,2741.65,2747.38,2740.33,2746.11,19942
1737644400,2746.2,2749.5,2742.24,2746.43,16331
1737648000,2746.25,2757.45,2743.97,2753.93,17418
1737651600,2753.94,2758.87,2752.31,2757.75,15092
1737655200,2757.76,2758.27,2755.14,2755.78,12584
1737658800,2755.85,2758.06,2753.76,2754.1,11388
1737662400,2754.07,2754.7,2751.43,2753.85,13513
1737666000,2753.89,2754.57,2752.12,2754.48,4681
1737673200,2754.8,2755.56,2753.43,2754.53,3650
1737676800,2754.52,2760.96,2754.22,2759.68,7099
1737680400,2759.66,2762.58,2758.6,2762.23,14043
1737684000,2762.22,2775.32,2762.17,2774.2,17743
1737687600,2774.15,2777.39,2770.93,2772.39,14483
1737691200,2772.32,2774.96,2770.59,2772.07,11337
1737694800,2772.06,2776.49,2772.06,2775.32,13068
1737698400,2775.3,2778.28,2773.28,2773.89,15301
1737702000,2773.91,2775.46,2772.02,2772.64,12774
1737705600,2772.72,2775.43,2769.83,2774.04,13580
1737709200,2773.83,2777.85,2770.99,2772.84,13010
1737712800,2772.82,2776.26,2771.5,2775.72,12498
1737716400,2775.76,2779.94,2774.01,2776.71,12782
1737720000,2776.73,2779.21,2776.03,2778.54,11071
1737723600,2778.49,2784.61,2777.83,2782.48,17772
1737727200,2782.43,2784.41,2773.77,2778.42,20533
1737730800,2778.43,2786,2775.27,2775.75,18255
1737734400,2775.9,2777.57,2770.01,2771.99,17439
1737738000,2771.91,2776.17,2770.54,2773.27,11857
1737741600,2773.28,2774.18,2771.52,2773.41,10858
1737745200,2773.42,2775.39,2771.25,2774.69,9485
1737748800,2774.67,2774.88,2770.64,2770.86,9118
1737752400,2770.94,2772.2,2770.52,2771.6,4495
1737932400,2767.59,2769.49,2763.66,2767.55,7751
1737936000,2767.71,2770.88,2766.21,2769.71,8469
1737939600,2769.72,2772.62,2762.77,2763.04,14994
1737943200,2763.04,2763.73,2753.81,2756.33,15521
1737946800,2756.31,2762.65,2755.28,2761.11,11898
1737950400,2761.16,2761.16,2755.59,2758.11,10255
1737954000,2758,2758.11,2752.8,2753.31,11673
1737957600,2753.24,2755.09,2750.68,2754.59,13168
1737961200,2754.59,2755.1,2747.32,2749.42,15961
1737964800,2749.34,2759.73,2749.22,2757.13,18184
1737968400,2757.04,2765,2755.64,2763.34,17231
1737972000,2763.34,2770.98,2762.88,2768.08,16948
1737975600,2768.06,2772.03,2764.99,2771.33,15723
1737979200,2771.34,2771.77,2760.59,2761.29,15535
1737982800,2761.26,2762.53,2752.1,2757.3,16919
1737986400,2757.12,2757.95,2744.83,2751.43,18503
1737990000,2751.33,2751.42,2739.31,2742.13,18130
1737993600,2741.98,2743.15,2733.09,2734.51,17281
1737997200,2734.69,2736.97,2730.31,2733.7,15260
1738000800,2733.68,2737.87,2733.13,2736.98,13234
1738004400,2737.01,2740.57,2736.84,2739.37,11655
1738008000,2739.34,2742.57,2738.07,2741.37,10227
1738011600,2741.38,2743.93,2740.35,2740.62,4426
1738018800,2740.74,2745.28,2739.38,2741.89,7913
1738022400,2741.9,2744.53,2739.76,2740.58,7394
1738026000,2740.6,2745.15,2739.48,2741.37,8798
1738029600,2741.54,2741.66,2738.33,2739.35,11946
1738033200,2739.36,2741.82,2737.78,2738.84,9559
1738036800,2738.85,2742.64,2738.55,2742.3,8361
1738040400,2742.22,2744.75,2741.36,2741.69,8230
1738044000,2741.52,2742.95,2739.07,2739.49,7837
1738047600,2739.47,2743.06,2738.31,2738.69,10426
1738051200,2739.02,2741.84,2734.69,2741.15,13042
1738054800,2741.12,2745.08,2740.48,2743.44,12945
1738058400,2743.45,2745.24,2741.02,2743.21,11287
1738062000,2743.24,2744.68,2741.52,2742.67,10558
1738065600,2742.66,2745.58,2741.27,2745.58,11076
1738069200,2745.58,2749.56,2745.16,2748.81,13905
1738072800,2748.83,2756.32,2748.83,2753.64,17004
1738076400,2753.58,2757.32,2751.15,2755.32,17576
1738080000,2755.33,2759.66,2755.24,2758.72,15436
1738083600,2758.8,2760.09,2757.67,2759.74,12692
1738087200,2759.74,2763.58,2759.39,2762.11,12293
1738090800,2762.06,2764.97,2761.26,2764.73,8741
1738094400,2764.8,2764.98,2762.29,2764.15,11040
1738098000,2764.22,2764.23,2762.77,2763.26,4166
1738105200,2762.93,2764.44,2762.32,2762.65,3902
1738108800,2762.7,2764.77,2762.05,2763.96,6031
1738112400,2763.95,2766.22,2763.59,2763.84,10828
1738116000,2763.8,2765.69,2763.43,2764.24,8513
1738119600,2764.28,2764.49,2762.37,2762.65,9374
1738123200,2762.56,2764.15,2761.5,2762.49,9160
1738126800,2762.49,2762.91,2760.22,2760.58,8060
1738130400,2760.71,2762.26,2759.12,2759.28,10454
1738134000,2759.26,2760.6,2757.27,2759.07,11359
1738137600,2759.06,2765.95,2759.06,2764.05,13158
1738141200,2764.08,2764.38,2760.47,2762.67,12405
1738144800,2762.61,2763.28,2756.92,2758.17,14536
1738148400,2758.16,2759.84,2757.46,2759.09,10881
1738152000,2759.01,2759.19,2755.55,2756.44,14342
1738155600,2756.43,2759.5,2752.04,2758.63,18346
1738159200,2758.59,2761.15,2756.21,2759.24,18234
1738162800,2759.29,2759.63,2748.2,2754.17,17746
1738166400,2754.17,2756.13,2748.28,2751.52,15604
1738170000,2751.57,2754.46,2751.1,2752.79,10918
1738173600,2752.87,2753.89,2748.71,2750.39,11686
1738177200,2750.3,2757.76,2744.83,2755.12,19957
1738180800,2755.13,2759.04,2752.78,2754.89,14201
1738184400,2754.85,2759.79,2754.05,2759.72,7096
1738191600,2759.22,2760.74,2757.91,2760.25,4687
1738195200,2760.28,2762.67,2758.93,2762.07,5585
1738198800,2762.01,2762.01,2758.77,2760.09,8980
1738202400,2760.06,2761.37,2759.21,2760.36,9331
1738206000,2760.3,2762.35,2759.45,2761.77,7648
1738209600,2761.76,2763.38,2759.75,2760.45,8375
1738213200,2760.46,2761.23,2758.8,2760.62,8145
1738216800,2760.59,2766.52,2760.19,2765.45,9396
1738220400,2765.49,2769.47,2764.9,2769.04,12052
1738224000,2769.06,2776.5,2768.28,2776.09,12580
1738227600,2776.27,2776.36,2771.58,2774.26,13443
1738231200,2774.24,2779.38,2773.82,2778.42,11838
1738234800,2778.38,2779.53,2776.9,2777.65,11064
1738238400,2777.66,2781.25,2776.14,2780.24,12011
1738242000,2780.22,2786.02,2777.9,2785.68,18315
1738245600,2785.7,2788.99,2780.18,2787.63,21814
1738249200,2787.61,2796.79,2786.75,2795.48,20961
1738252800,2795.47,2798.32,2790.17,2790.5,20189
1738256400,2790.78,2795.86,2788.86,2795.64,16629
1738260000,2795.65,2797.13,2792.07,2795.04,14299
1738263600,2795.09,2795.24,2790.64,2793.42,11123
1738267200,2793.47,2798.15,2792.21,2795.49,14673
1738270800,2795.55,2798.36,2788.86,2794.1,9515
1738278000,2794.98,2796.66,2791.38,2796.25,6833
1738281600,2796.3,2799.4,2794.49,2795.86,8267
1738285200,2795.86,2796.69,2794.59,2796.37,9586
1738288800,2796.31,2798.05,2794.65,2796.05,9885
1738292400,2795.96,2798.14,2795.66,2796.4,9223
1738296000,2796.33,2796.5,2794.5,2795.77,8192
1738299600,2795.78,2796.5,2793.79,2795.52,9279
1738303200,2795.54,2795.75,2792.11,2792.82,9355
1738306800,2792.84,2800.93,2792.37,2798.43,12084
1738310400,2798.43,2799.44,2791.5,2793.16,13750
1738314000,2793.17,2796.43,2792.54,2793.79,12329
1738317600,2793.76,2795.18,2790.84,2794.31,12947
1738321200,2794.2,2800.67,2792.36,2800.32,13375
1738324800,2800.34,2807.91,2800.02,2805.46,13356
1738328400,2805.47,2808.38,2803.21,2806.42,16356
1738332000,2806.45,2812.48,2804.57,2812.15,17658
1738335600,2812.25,2817.21,2808.27,2809.3,19843
1738339200,2809.45,2810.26,2805.03,2807.44,15129
1738342800,2807.45,2816.07,2802.84,2808.56,21052
1738346400,2808.56,2808.83,2795.48,2798.94,20885
1738350000,2798.94,2802.99,2795.34,2796.25,16572
1738353600,2796.19,2802.11,2794.27,2800.77,17085
1738357200,2800.7,2802.55,2798.44,2800.57,8945
1738537200,2802.07,2813.7,2784,2793.18,14162
1738540800,2793.17,2796.54,2790.2,2792.31,14435
1738544400,2792.26,2792.38,2778.13,2782.15,16854
1738548000,2782.14,2782.64,2773.49,2778.09,18350
1738551600,2778.08,2778.37,2772.1,2774.53,13380
1738555200,2774.5,2783.06,2774.15,2780.79,13517
1738558800,2780.88,2785.15,2780.08,2783.15,12738
1738562400,2783.14,2788.15,2782.96,2786.84,12873
1738566000,2787.04,2789.93,2785.3,2789.28,14886
1738569600,2789.27,2800.23,2786.98,2796.77,16660
1738573200,2796.75,2800.69,2794.69,2796.35,15293
1738576800,2796.35,2800.02,2793.09,2798.05,14802
1738580400,2798.02,2804.15,2797.86,2801.25,13383
1738584000,2801.35,2810.81,2800.42,2810.36,14155
1738587600,2810.33,2811.9,2807.56,2811,16974
1738591200,2811.02,2830.64,2810.11,2830.5,20461
1738594800,2830.51,2830.51,2813.6,2817.43,24439
1738598400,2817.43,2825.1,2812.79,2814.1,19293
1738602000,2814.15,2822.18,2813.95,2817.02,15993
1738605600,2817.08,2821.77,2815.92,2820.99,16142
1738609200,2820.74,2823.01,2817.87,2818.27,14149
1738612800,2818.26,2819.51,2815.69,2816.5,13707
1738616400,2816.54,2817.56,2812.49,2814.56,10089
1738623600,2813.06,2815.26,2811.61,2813.98,6972
1738627200,2813.93,2817.54,2812.69,2817.21,6802
1738630800,2817.32,2824.35,2815.96,2823.44,12104
1738634400,2823.4,2824.59,2817.04,2821.28,12609
1738638000,2821.27,2824.24,2817.33,2821.35,11014
1738641600,2821.38,2821.59,2818.12,2819,9163
1738645200,2818.99,2819.26,2813.48,2815.96,16708
1738648800,2815.88,2816.06,2810.78,2813.29,12997
1738652400,2813.32,2814.49,2807.22,2812.7,15598
1738656000,2812.64,2819.08,2810.19,2815.01,18259
1738659600,2815.04,2821.81,2814.02,2820.44,15738
1738663200,2820.37,2820.37,2812.68,2814.78,14305
1738666800,2814.73,2816.91,2813.08,2815.33,13030
1738670400,2815.32,2823.03,2814.45,2821.93,14846
1738674000,2821.9,2837,2821.48,2831.66,19181
1738677600,2831.66,2841.41,2828.67,2838.45,21142
1738681200,2838.52,2845.4,2833.55,2836,21409
1738684800,2835.81,2842.41,2832.7,2840.33,17202
1738688400,2840.46,2844.76,2839.28,2844.04,15273
1738692000,2844,2845.08,2842.48,2842.73,12660
1738695600,2842.71,2844.13,2841.82,2843.13,11423
1738699200,2843.13,2844.87,2840.88,2844.37,9864
1738702800,2844.33,2844.8,2841.11,2841.89,6447
1738710000,2840.9,2842.52,2840.55,2841.4,4454
1738713600,2841.48,2848.17,2840.63,2845.31,9567
1738717200,2845.29,2849,2839.65,2844.39,19434
1738720800,2844.47,2853.84,2844.04,2851.11,14637
1738724400,2851.11,2854.6,2849.63,2852.4,10730
1738728000,2852.34,2858.13,2851.71,2855.29,8494
1738731600,2855.31,2860.59,2853.65,2859.22,9990
1738735200,2859.29,2861.89,2857.21,2859.31,9913
1738738800,2859.29,2864.21,2854.88,2864.07,13269
1738742400,2864.05,2869.61,2863.68,2867.6,13272
1738746000,2867.55,2872.16,2865.34,2870.24,11672
1738749600,2870.32,2876.95,2866.02,2867.81,13010
1738753200,2867.92,2870.43,2864.66,2868.66,13430
1738756800,2868.68,2870.96,2866.97,2870.25,11831
1738760400,2870.29,2870.72,2858.61,2861.93,20133
1738764000,2861.89,2872.65,2860.65,2870.74,19703
1738767600,2870.75,2882.3,2870.75,2880.09,20357
1738771200,2880.08,2881.05,2863.1,2874.97,18786
1738774800,2875.07,2876.62,2871.34,2873.11,13376
1738778400,2873.11,2873.54,2863.83,2865.66,13880
1738782000,2865.67,2869.04,2862.64,2863.64,12260
1738785600,2863.62,2866.08,2859.85,2862.63,12521
1738789200,2862.56,2867.25,2861.17,2867.08,5410
1738796400,2867.46,2870.89,2865.9,2869.42,5152
1738800000,2869.41,2870,2867.19,2869.86,6238
1738803600,2869.79,2871.73,2863.78,2871.65,13630
1738807200,2871.6,2873.25,2868.3,2870.56,11825
1738810800,2870.48,2870.63,2864.34,2869.36,11286
1738814400,2869.36,2872.27,2868.34,2868.52,6880
1738818000,2868.62,2870.04,2865.52,2868.39,11152
1738821600,2868.37,2871.27,2858.22,2859.25,13446
1738825200,2859.27,2861.88,2854.96,2855.74,13975
1738828800,2855.87,2858.6,2848.77,2856.16,15313
1738832400,2856.18,2860.01,2855.65,2859.41,12281
1738836000,2859.38,2861.76,2855.59,2859.21,11815
1738839600,2858.77,2867.48,2858.12,2865.89,12655
1738843200,2865.87,2870.31,2863.5,2864.37,14097
1738846800,2864.4,2864.96,2855.57,2856.84,19036
1738850400,2856.81,2859.83,2841.27,2842.05,20119
1738854000,2842,2853.19,2833.96,2850.62,20257
1738857600,2850.64,2854.71,2848.81,2848.81,14556
1738861200,2848.82,2852.6,2848.01,2852.35,12010
1738864800,2852.37,2853.69,2849.74,2852.64,12788
1738868400,2852.66,2854.19,2850.32,2853.88,11340
1738872000,2853.9,2857.25,2853.72,2856.4,12099
1738875600,2856.37,2857.09,2854.88,2855.66,5435
1738882800,2855.86,2858.67,2855.57,2858.13,5035
1738886400,2858.01,2860.49,2857.89,2858.49,6331
1738890000,2858.57,2868.06,2857.71,2866.12,13526
1738893600,2866.1,2869.12,2865.31,2868.76,11921
1738897200,2868.73,2870.39,2865.72,2867.33,11159
1738900800,2867.3,2869.72,2866.17,2866.61,8721
1738904400,2866.66,2867.05,2862.15,2862.29,11617
1738908000,2862.26,2866.09,2858.78,2860.71,13656
1738911600,2860.71,2865.65,2860.09,2864.1,10676
1738915200,2864.11,2866.66,2863.14,2866.39,11787
1738918800,2866.34,2870.74,2865.45,2868.97,13165
1738922400,2868.97,2869.16,2863.46,2867.51,12450
1738926000,2867.48,2868.32,2865.04,2867.66,11797
1738929600,2867.65,2867.99,2863.54,2863.58,12526
1738933200,2863.62,2870.31,2852.17,2862.52,20745
1738936800,2862.59,2878.22,2856.19,2876.31,22376
1738940400,2875.94,2886.86,2873.6,2880.36,19903
1738944000,2880.42,2881.58,2860.3,2860.61,19699
1738947600,2860.69,2862.75,2853.41,2859.92,17704
1738951200,2859.92,2865.18,2859.58,2861.16,11328
1738954800,2861.35,2863.13,2858.92,2860.22,8752
1738958400,2860.18,2863.86,2859.33,2860.59,11366
1738962000,2860.6,2863.34,2860.44,2861.82,6944
1739142000,2855.81,2870.23,2855.7,2867.5,8416
1739145600,2867.54,2869.24,2865.45,2867.89,8353
1739149200,2867.87,2876.64,2866.12,2871.89,15694
1739152800,2871.87,2875.14,2871.36,2873.91,12423
1739156400,2873.9,2875.86,2871.23,2875.54,9755
1739160000,2875.53,2879.51,2874.32,2879.04,9502
1739163600,2879.18,2879.97,2875.9,2879.08,11036
1739167200,2879.1,2892.13,2878.77,2888.4,13222
1739170800,2888.42,2896.64,2886.56,2895.54,13990
1739174400,2895.61,2898.82,2892.19,2896.62,14080
1739178000,2896.58,2903.26,2896.18,2902.9,13330
1739181600,2902.91,2906.21,2898.3,2902.35,13984
1739185200,2902.47,2905.85,2898.27,2904.63,12504
1739188800,2904.66,2906.97,2902.66,2902.89,14889
1739192400,2902.9,2910.78,2899.66,2901.1,20274
1739196000,2901.1,2909.21,2896.42,2908.6,19776
1739199600,2908.59,2911.47,2904.35,2908.92,16346
1739203200,2908.93,2910.25,2899.07,2901.09,14136
1739206800,2901.1,2904.35,2896.45,2903.29,13400
1739210400,2903.33,2906.95,2900.85,2905.16,11962
1739214000,2905.16,2906.63,2902.59,2904.33,10094
1739217600,2904.27,2907.72,2902.89,2907.4,10085
1739221200,2907.13,2908.18,2905.28,2907.79,5782
1739228400,2907.56,2921.56,2907.33,2917.78,8133
1739232000,2917.88,2924.98,2916.43,2922.52,8649
1739235600,2922.51,2935.85,2919.66,2933.97,17078
1739239200,2933.85,2942.65,2905.34,2918.54,19794
1739242800,2918.82,2925.76,2911.3,2919.35,15646
1739246400,2919.28,2920.91,2914.88,2916.35,11017
1739250000,2916.44,2923.81,2915.44,2922.93,12578
1739253600,2922.82,2929.38,2915.27,2917.86,15874
1739257200,2917.91,2918.38,2907.21,2913.43,15618
1739260800,2913.21,2915.24,2906.83,2907.44,13949
1739264400,2907.38,2912.33,2902.89,2903.16,15883
1739268000,2903.15,2907.08,2901.76,2902.62,14455
1739271600,2902.61,2906.68,2902.16,2903.79,12920
1739275200,2903.78,2904.3,2886.6,2889.25,18607
1739278800,2889.24,2898.27,2881.34,2896.59,23333
1739282400,2896.58,2904.26,2894.93,2896.48,21560
1739286000,2896.49,2906.6,2890.61,2904.79,19520
1739289600,2904.77,2908.67,2902.23,2902.42,16407
1739293200,2902.4,2907.17,2899.58,2905.55,14469
1739296800,2905.53,2907.25,2903.26,2905.93,13700
1739300400,2905.93,2906.52,2899.72,2900.2,12469
1739304000,2900.19,2900.52,2894.02,2897.57,13580
1739307600,2897.56,2899.57,2897.34,2897.37,5757
1739314800,2897.08,2900.76,2897.08,2898.68,4340
1739318400,2898.89,2898.89,2889.09,2892.25,8032
1739322000,2892.24,2897.64,2883.3,2893.19,16713
1739325600,2893.13,2897.87,2891.68,2892.34,12974
1739329200,2892.33,2893.06,2886.81,2888.99,12312
1739332800,2888.86,2890.45,2884.03,2885.38,9407
1739336400,2885.62,2887.99,2883.8,2886.37,11005
1739340000,2886.35,2894.54,2885.59,2892.5,12530
1739343600,2892.51,2895.82,2890.81,2892.79,12855
1739347200,2892.89,2894.11,2887.72,2891.63,13562
1739350800,2891.6,2893.37,2886.27,2886.74,12206
1739354400,2886.86,2889.78,2878.99,2882.75,12636
1739358000,2882.74,2885.85,2879.19,2879.73,10844
1739361600,2879.74,2885.93,2878.66,2885.24,12532
1739365200,2885.24,2885.69,2864.23,2884.69,22920
1739368800,2884.76,2898,2882.03,2894.55,22307
1739372400,2894.61,2895.93,2886.78,2894.64,18863
1739376000,2894.73,2904.49,2891.85,2902.56,16766
1739379600,2902.5,2909.16,2901.99,2902.79,15731
1739383200,2902.91,2903.89,2900.4,2900.96,13954
1739386800,2901.02,2901.62,2893.44,2897.82,12075
1739390400,2897.84,2901.45,2895.43,2901.01,10221
1739394000,2900.97,2904.25,2900.13,2903.81,8870
1739401200,2904.35,2906.58,2900.52,2905.83,4847
1739404800,2905.81,2909,2904.44,2906.25,7697
1739408400,2906.27,2907.41,2901.41,2905.93,12486
1739412000,2905.95,2909.05,2905.24,2908.8,11692
1739415600,2908.79,2918.05,2907.2,2916.6,10653
1739419200,2916.58,2919.17,2916.08,2918.39,10381
1739422800,2918.39,2922.85,2916.25,2917.93,9781
1739426400,2917.92,2918.87,2912.68,2916.06,12832
1739430000,2916.1,2920.56,2913.2,2914.49,12411
1739433600,2914.59,2918.09,2909.32,2911.74,13398
1739437200,2911.9,2918.23,2909.94,2915.29,10850
1739440800,2915.27,2919.49,2913.89,2917.97,8210
1739444400,2917.9,2918.21,2915.45,2917.99,11013
1739448000,2917.96,2921.36,2915.72,2917.76,11128
1739451600,2917.81,2917.86,2905.73,2908.46,19509
1739455200,2908.47,2917.32,2906.53,2915.07,18890
1739458800,2915.14,2920.93,2914.64,2920.23,16553
1739462400,2920.24,2920.82,2912.83,2913.91,13977
1739466000,2913.91,2919.16,2913.58,2918.88,12976
1739469600,2918.88,2925.36,2914.27,2924.2,14669
1739473200,2924.18,2927.24,2923.85,2926.75,10775
1739476800,2926.79,2928.96,2924.78,2928.4,12664
1739480400,2928.43,2929.35,2928.01,2928.29,5993
1739487600,2928.13,2932.4,2927.32,2931.07,5836
1739491200,2931.03,2931.4,2927.54,2927.76,7175
1739494800,2928.04,2933.89,2927.79,2929.84,13202
1739498400,2929.65,2930.57,2925.83,2927.41,12092
1739502000,2927.45,2930.42,2923.17,2924.5,9990
1739505600,2924.5,2929.14,2923.85,2928.46,8989
1739509200,2928.64,2932.43,2926.84,2930.98,11338
1739512800,2931,2936.86,2929.86,2934.23,14482
1739516400,2934.26,2935.19,2930.64,2931.87,11948
1739520000,2931.87,2938.54,2930.77,2935.23,13497
1739523600,2935.19,2938.69,2934.1,2935.2,12637
1739527200,2935.21,2939.94,2934.4,2935.89,13162
1739530800,2935.88,2937.54,2929.24,2931.05,11257
1739534400,2931.04,2933.04,2927.84,2930.85,13325
1739538000,2930.87,2933.17,2917.46,2920.68,22394
1739541600,2920.67,2928.43,2914.11,2920.96,22633
1739545200,2920.95,2921.71,2892.97,2901.87,24221
1739548800,2901.56,2903.91,2888.28,2896.07,21342
1739552400,2896.15,2897.63,2885.46,2886.99,17734
1739556000,2887.25,2887.94,2882.09,2883.79,15133
1739559600,2883.85,2886.01,2878.76,2880.54,12660
1739563200,2880.53,2886.22,2876.73,2885.27,13970
1739566800,2885.2,2885.58,2882.06,2882.9,7102
1739746800,2885.9,2893.73,2878.53,2879.26,11062
1739750400,2879.6,2887.99,2879.33,2883.64,8804
1739754000,2883.8,2896.75,2882.39,2895.65,16150
1739757600,2895.6,2899.81,2893.98,2899.16,11953
1739761200,2899.18,2904.73,2897.73,2903.57,10534
1739764800,2903.49,2905.02,2898.42,2899.3,9133
1739768400,2899.27,2905.2,2895.97,2896.13,11652
1739772000,2896.09,2897.87,2888.06,2896.68,13902
1739775600,2896.72,2903.71,2896.49,2902.38,10184
1739779200,2902.63,2902.63,2895.05,2900.32,11399
1739782800,2900.36,2906.44,2900.36,2902.5,10971
1739786400,2902.49,2902.98,2895.55,2902.83,11321
1739790000,2902.87,2903.9,2897.8,2901.01,11250
1739793600,2901.01,2901.66,2895.31,2897.81,12727
1739797200,2897.69,2899.09,2895.51,2896.73,14772
1739800800,2896.71,2903.75,2896.4,2902.9,14304
1739804400,2902.9,2904.13,2897.86,2899.14,12038
1739808000,2899.1,2901.2,2896.58,2899.18,9492
1739811600,2899.22,2899.84,2897.97,2898.39,7618
1739815200,2898.42,2899.18,2897.02,2898.24,5343
1739818800,2898.23,2899.09,2896.88,2899.05,3606
1739833200,2898.6,2899.51,2897.18,2899.1,2920
1739836800,2899.13,2900.22,2898.24,2899.26,4509
1739840400,2899.31,2899.84,2891.78,2895.74,11629
1739844000,2895.71,2905.19,2895.28,2903.19,11422
1739847600,2903.25,2910.79,2902.82,2908.95,11953
1739851200,2909.05,2911.04,2907.18,2910.95,6891
1739854800,2910.96,2915.6,2909.81,2910.7,11380
1739858400,2910.62,2914.43,2910.06,2913.6,9063
1739862000,2913.61,2915.47,2908.41,2911.53,9201
1739865600,2911.53,2913.34,2908.13,2912.38,10886
1739869200,2912.42,2913.37,2909.96,2912.72,10281
1739872800,2912.69,2913.48,2907.05,2911.19,10122
1739876400,2911.21,2914.89,2909.72,2914.17,10040
1739880000,2914.23,2918.87,2912.17,2918.22,12314
1739883600,2918.1,2921.32,2913.34,2918.84,16387
1739887200,2918.87,2928.63,2917.84,2927.85,17929
1739890800,2927.94,2929.54,2923.52,2927.24,16911
1739894400,2926.98,2933.76,2924.26,2932.75,15566
1739898000,2932.89,2933.58,2929.68,2931.27,12866
1739901600,2931.29,2933.68,2928.42,2933.29,11373
1739905200,2933.26,2936.97,2931.95,2935.8,9838
1739908800,2935.79,2936.74,2932.5,2933.39,8901
1739912400,2933.37,2936.56,2933.22,2935.11,5818
1739919600,2934.34,2935.62,2933.07,2934.01,2973
1739923200,2933.94,2934.32,2928.57,2929.27,5889
1739926800,2929.17,2939.71,2927.87,2938.39,11961
1739930400,2938.6,2939.7,2923.98,2929.2,12601
1739934000,2929.24,2930.51,2924.72,2928.84,10312
1739937600,2928.82,2929.55,2926.47,2929.1,7699
1739941200,2929.39,2934.47,2927.85,2932.81,9332
1739944800,2932.79,2935.85,2930.7,2931.62,9942
1739948400,2931.4,2935.78,2930.38,2934.18,11211
1739952000,2934.21,2940.05,2933.58,2938.71,12879
1739955600,2938.71,2946.63,2938.14,2945.46,12104
1739959200,2945.56,2946.97,2942.68,2944.89,10797
1739962800,2944.88,2946.08,2933.91,2935.06,11593
1739966400,2935.03,2936.8,2931.04,2933.54,13383
1739970000,2933.38,2941.58,2932.26,2936.24,17585
1739973600,2936.22,2940.64,2929.85,2938.05,19945
1739977200,2938.06,2939.15,2925.66,2925.75,18094
1739980800,2925.7,2931.04,2922.68,2928.01,17462
1739984400,2927.9,2929.89,2921.41,2923.82,13636
1739988000,2923.77,2926.68,2918.48,2924.77,15060
1739991600,2924.82,2932.26,2923.5,2931.65,13528
1739995200,2931.64,2936.6,2931.42,2935.9,13247
1739998800,2935.89,2937.31,2932.19,2932.99,5906
1740006000,2933.25,2936.16,2933.25,2935.57,3453
1740009600,2935.56,2941.29,2935.56,2941.07,5918
1740013200,2941.06,2942.45,2934.67,2937.06,13345
1740016800,2937.07,2941.62,2933.87,2941.01,13397
1740020400,2940.9,2944.03,2940.47,2941.78,8306
1740024000,2941.76,2942.43,2939.28,2939.92,7009
1740027600,2940.21,2946.83,2939.3,2946.8,9100
1740031200,2946.68,2948.91,2943.7,2947.88,9967
1740034800,2947.9,2954.23,2946.39,2948.88,10421
1740038400,2949.2,2954.88,2948.85,2954.5,11979
1740042000,2954.47,2954.96,2949.91,2951.61,10769
1740045600,2951.61,2954.77,2949.17,2952.31,12688
1740049200,2952.34,2952.95,2947.22,2948.79,11323
1740052800,2948.89,2950.89,2938.59,2945.31,14118
1740056400,2945.35,2947.76,2933.9,2933.95,19098
1740060000,2933.92,2939.97,2924.02,2935.09,22018
1740063600,2935.07,2939.63,2931.73,2938.41,18427
1740067200,2938.41,2945.65,2935.87,2943.04,15400
1740070800,2942.83,2946.98,2939.85,2940.55,13905
1740074400,2940.47,2942.52,2937.23,2941.62,13354
1740078000,2941.74,2941.89,2933.59,2937.9,12071
1740081600,2937.88,2938.69,2935.41,2937.69,10746
1740085200,2937.74,2940.26,2937.51,2939.06,6153
1740092400,2938.17,2943.31,2938.17,2941.53,3998
1740096000,2941.59,2942.7,2937.31,2939.93,6549
1740099600,2939.92,2949.68,2926.93,2928.75,16452
1740103200,2928.79,2941.12,2926.17,2939.12,14181
1740106800,2939.06,2939.8,2927.02,2931.21,13222
1740110400,2931.2,2932.37,2926.29,2928.37,8867
1740114000,2928.45,2934.04,2924.24,2930.29,12286
1740117600,2930.25,2931.52,2925.63,2929.74,11956
1740121200,2929.73,2933,2929.04,2929.9,8834
1740124800,2929.84,2931.27,2916.64,2923.23,14227
1740128400,2923.26,2929.58,2923.14,2929.32,10417
1740132000,2929.36,2931.06,2928.89,2930.46,8478
1740135600,2930.49,2936.12,2928.02,2928.42,9694
1740139200,2928.44,2935.09,2927.55,2930.03,11747
1740142800,2930.04,2934.64,2926.85,2930.9,16104
1740146400,2930.87,2938.98,2928.22,2933.78,17762
1740150000,2933.53,2935.53,2921.64,2928.6,19328
1740153600,2928.6,2938.42,2927.29,2936.64,14446
1740157200,2936.64,2941.72,2935.99,2939.7,12402
1740160800,2939.7,2942.8,2937.55,2941.82,13323
1740164400,2941.9,2942.64,2932.93,2933.53,12099
1740168000,2933.28,2937.2,2932.46,2934.68,12522
1740171600,2934.62,2938.24,2932.04,2935.98,7025
1740351600,2934.27,2940.57,2934.08,2936.72,8301
1740355200,2936.73,2938.03,2929.54,2930.15,8466
1740358800,2930.18,2931.16,2921.07,2928.16,17824
1740362400,2927.93,2940.9,2924.98,2940.79,15592
1740366000,2940.61,2944.52,2939.81,2941.26,15022
1740369600,2941.3,2942.99,2938.01,2940.87,11142
1740373200,2940.88,2942.13,2935.6,2936.19,10986
1740376800,2936.18,2941.93,2935.19,2938.67,9315
1740380400,2938.66,2944.94,2938.26,2943.91,8716
1740384000,2943.96,2948.84,2938.08,2946.4,12302
1740387600,2946.39,2948.13,2942.79,2944.37,11069
1740391200,2944.31,2944.76,2934.76,2938.36,10039
1740394800,2938.42,2948.14,2937.67,2947.59,10423
1740398400,2947.63,2951.01,2945.47,2946.56,10940
1740402000,2946.58,2954.46,2946.21,2954.32,16062
1740405600,2954.33,2956.18,2934.7,2938.54,19868
1740409200,2938.38,2940.55,2930.64,2936.48,19377
1740412800,2936.47,2943.56,2936.44,2943.35,15257
1740416400,2943.33,2944.78,2941.02,2943.42,15115
1740420000,2943.2,2947.97,2942.78,2947.43,12707
1740423600,2947.42,2949.99,2946.76,2949.19,10832
1740427200,2949.14,2951.51,2946.92,2950.48,9501
1740430800,2950.43,2953.05,2950.23,2952.43,5552
1740438000,2952.94,2953.67,2948.15,2950.07,6424
1740441600,2950.06,2952.37,2948.34,2949.59,6229
1740445200,2949.69,2952.37,2945.09,2949.54,14671
1740448800,2949.48,2952.1,2947.27,2948.68,10447
1740452400,2948.49,2949.47,2937.49,2939.57,11955
1740456000,2939.56,2939.85,2934.81,2936.8,8416
1740459600,2936.73,2940.93,2936.73,2937.93,9188
1740463200,2937.84,2938.48,2933.28,2935.92,9758
1740466800,2935.95,2940.48,2930.39,2931.71,13369
1740470400,2931.74,2942.29,2929.36,2941.47,14803
1740474000,2941.49,2942.38,2937.39,2938.92,11834
1740477600,2938.86,2941.65,2937.27,2937.37,11796
1740481200,2937.45,2940.72,2937.02,2938.73,10881
1740484800,2938.77,2941.39,2923.98,2928.53,17977
1740488400,2928.55,2937.98,2926.14,2937.43,20074
1740492000,2937.44,2944.78,2931.83,2932.77,19862
1740495600,2932.83,2934.61,2900.39,2905.88,24946
1740499200,2905.87,2906.87,2887.94,2896.45,21140
1740502800,2896.44,2908.94,2893.59,2907.65,16466
1740506400,2907.66,2912.23,2905.3,2909.47,14246
1740510000,2909.48,2913.88,2905.63,2912.11,11821
1740513600,2911.96,2913.33,2910.78,2912.8,11741
1740517200,2912.71,2917.23,2912.56,2914.85,8506
1740524400,2915.2,2918.92,2913.56,2918.6,6564
1740528000,2918.59,2926.18,2918.53,2923.32,9049
1740531600,2923.5,2929.91,2915.02,2918,14279
1740535200,2918.02,2923.08,2914.75,2921.09,11697
1740538800,2921.06,2921.78,2916.39,2917.25,6423
1740542400,2917.18,2918.92,2912.43,2914.92,6946
1740546000,2914.89,2921.1,2914.6,2915.48,8192
1740549600,2915.41,2916.24,2906.6,2906.71,10733
1740553200,2906.74,2917.6,2905.78,2915.36,12366
1740556800,2915.34,2918.35,2909.59,2917.89,12015
1740560400,2917.88,2919.11,2912.12,2913.15,10089
1740564000,2913.14,2916.87,2910.9,2912.74,9236
1740567600,2912.74,2915.51,2912.06,2913.71,8112
1740571200,2913.73,2915.57,2910.19,2913.83,9694
1740574800,2913.9,2915.11,2905.61,2905.98,15487
1740578400,2905.98,2906.18,2890.76,2901.59,22224
1740582000,2901.63,2914.37,2898.56,2913.27,17855
1740585600,2913.27,2916.72,2909.81,2913.15,14892
1740589200,2913.1,2916.15,2910.27,2913.78,14221
1740592800,2913.77,2916.11,2912.35,2914.84,11634
1740596400,2914.85,2916.13,2913.25,2913.78,8429
1740600000,2913.78,2916.61,2911.87,2916.29,9478
1740603600,2916.23,2918.79,2915.93,2916.3,7237
1740610800,2916.74,2920.75,2915.86,2919.24,4542
1740614400,2919.19,2919.29,2915.87,2917.03,5212
1740618000,2917.01,2918.42,2911.06,2912.67,13926
1740621600,2912.68,2914.81,2904.39,2906.63,11210
1740625200,2906.74,2909.09,2905.21,2905.69,8250
1740628800,2905.71,2906.37,2896.01,2897.52,9689
1740632400,2897.55,2898.65,2888.34,2890.86,14515
1740636000,2890.78,2898.42,2890.56,2894.27,12796
1740639600,2894.2,2896.55,2887.68,2892,12894
1740643200,2891.99,2892.11,2880.37,2881.33,17161
1740646800,2881.14,2893.54,2876.85,2887.37,15179
1740650400,2887.38,2895.09,2886.57,2892.2,11110
1740654000,2892.21,2894.79,2883.3,2884.12,12949
1740657600,2884.14,2888.73,2883.08,2885.1,14280
1740661200,2885.04,2892.08,2881.21,2888.97,20934
1740664800,2888.96,2892.41,2867.72,2872.4,22069
1740668400,2872.34,2882.51,2870.39,2872.29,22059
1740672000,2872.35,2878.16,2871.8,2877.47,16913
1740675600,2877.49,2883.78,2876.05,2883.23,14585
1740679200,2883.23,2887.38,2882.81,2887.38,11722
1740682800,2887.39,2887.73,2877.16,2879.21,13294
1740686400,2879.31,2879.35,2872.66,2873.92,15776
1740690000,2873.96,2878.01,2871.22,2876.86,6627
1740697200,2877.32,2878.4,2874.78,2875.86,4639
1740700800,2875.87,2880.24,2874.87,2876.88,7098
1740704400,2876.89,2885.01,2873.81,2874.75,15918
1740708000,2874.7,2877.83,2870.27,2873.36,14851
1740711600,2873.35,2876.37,2863.67,2865.69,13450
1740715200,2865.79,2866.01,2856.68,2863.35,12957
1740718800,2863.32,2867.06,2861.76,2864.16,12218
1740722400,2864.28,2866.58,2861.91,2863.58,11947
1740726000,2863.51,2865.29,2857.5,2858.66,12773
1740729600,2858.63,2860.35,2851.1,2856.08,14443
1740733200,2856.07,2864.31,2855.97,2862.33,13049
1740736800,2862.32,2864.96,2860.66,2862.79,10439
1740740400,2862.85,2863.79,2858.97,2862.34,10170
1740744000,2862.35,2864.98,2854.14,2856.31,13503
1740747600,2856.31,2862.2,2848.18,2848.58,19450
1740751200,2848.57,2851.77,2833.51,2833.98,22175
1740754800,2833.94,2850.77,2832.47,2850.05,22235
1740758400,2850.12,2853.94,2846.18,2848.57,17685
1740762000,2848.62,2851.64,2844.55,2845.15,14102
1740765600,2845.14,2847.84,2838.01,2845.35,16252
1740769200,2845.43,2850.96,2844.2,2849.53,12494
1740772800,2849.5,2854.97,2847.78,2854.59,12817
1740776400,2854.62,2859.11,2853.19,2858.82,6170
1740956400,2860.06,2876.77,2860.02,2871,11224
1740960000,2870.99,2871.29,2865,2865.85,10597
1740963600,2865.78,2872.06,2864.26,2870.78,13489
1740967200,2870.77,2872.05,2867.75,2868.08,8919
1740970800,2868.05,2868.05,2859.32,2864.75,12642
1740974400,2864.74,2868.47,2863.02,2867.41,7860
1740978000,2867.2,2867.31,2861.21,2863.93,10017
1740981600,2863.92,2865.92,2861.73,2865.47,9615
1740985200,2865.47,2866.25,2860.24,2863.16,10776
1740988800,2863.26,2868.83,2858.66,2868.61,14573
1740992400,2868.65,2871.52,2864.35,2867.51,13947
1740996000,2867.53,2873.65,2867.32,2871.92,10867
1740999600,2871.94,2875.47,2871.2,2874.28,9373
1741003200,2874.17,2877.69,2874.01,2875.52,10243
1741006800,2875.55,2876.28,2868.68,2872.68,15846
1741010400,2872.48,2882.9,2871.17,2877.35,17311
1741014000,2877.07,2890.38,2873.78,2887.92,20081
1741017600,2887.92,2893.11,2886.03,2891.58,14101
1741021200,2891.58,2892.93,2887.3,2890.85,13017
1741024800,2890.88,2892.47,2886.58,2890.02,14233
1741028400,2890.04,2891.23,2879.84,2881.6,12927
1741032000,2881.6,2891.49,2878.37,2890.43,15336
1741035600,2890.56,2895.19,2890.18,2892.95,7078
1741042800,2891.94,2893.28,2890.63,2890.94,4654
1741046400,2890.87,2893.71,2889.92,2891.92,7202
1741050000,2891.97,2893.1,2881.87,2888.17,13444
1741053600,2888.05,2889.31,2884.7,2885.5,10090
1741057200,2885.51,2892.97,2884.87,2888.63,9825
1741060800,2888.61,2892.67,2886.52,2891.41,8234
1741064400,2891.2,2894.3,2888.24,2889.63,9393
1741068000,2889.64,2889.9,2884.23,2887.27,9982
1741071600,2887.34,2900.95,2886.95,2899.9,12291
1741075200,2899.79,2918.7,2896.66,2914.01,17508
1741078800,2914.22,2921.14,2912.44,2918.13,13451
1741082400,2918.08,2918.22,2911.94,2914.7,13075
1741086000,2914.66,2921.72,2912.89,2919.83,11748
1741089600,2919.86,2925.53,2918.53,2924.74,14064
1741093200,2924.76,2927.85,2919.89,2922.56,19311
1741096800,2922.62,2922.99,2903.45,2903.53,21031
1741100400,2903.1,2912.26,2900.13,2906.03,21453
1741104000,2906.04,2915.94,2903.68,2915.06,18104
1741107600,2915.15,2916.36,2911.09,2911.53,13440
1741111200,2911.52,2915.22,2908.17,2911.3,12251
1741114800,2911.3,2916.52,2911.21,2916.09,11876
1741118400,2916.03,2920.38,2914.29,2917.19,14407
1741122000,2917.32,2918.42,2913.26,2917.81,8191
1741129200,2917.82,2918.12,2914.3,2914.47,4246
1741132800,2914.5,2917.16,2912.23,2914.21,7173
1741136400,2914.22,2915.17,2903.44,2907.13,14946
1741140000,2907.2,2914.45,2901.75,2904.36,14112
1741143600,2904.35,2913.36,2903.54,2908.78,12878
1741147200,2908.76,2912.65,2908.57,2910.38,5382
1741150800,2910.34,2918.77,2909.95,2918.7,8426
1741154400,2918.68,2921.71,2913.6,2916.89,11643
1741158000,2916.97,2919.81,2912.89,2918.16,13467
1741161600,2918.1,2921.96,2916.72,2920,16599
1741165200,2920.02,2922.48,2913.36,2918.87,15851
1741168800,2918.87,2919.21,2908.84,2913.01,15516
1741172400,2912.98,2917.27,2911.91,2913.31,13800
1741176000,2913.32,2919.19,2912.39,2916.27,14912
1741179600,2916.35,2916.53,2894.29,2899.87,21405
1741183200,2899.9,2917.15,2897.5,2911.88,22351
1741186800,2911.78,2923.88,2908.16,2917.06,22891
1741190400,2917.12,2929.97,2915.2,2923.73,18531
1741194000,2923.81,2925.3,2913.49,2916.03,16428
1741197600,2916,2920.65,2911.14,2917.44,14719
1741201200,2917.5,2921.39,2916.24,2920.56,11957
1741204800,2920.57,2923.04,2919.43,2921.9,11556
1741208400,2922.08,2922.32,2917.75,2918.85,5177
1741215600,2918.78,2919.2,2916.78,2918.2,4030
1741219200,2918.11,2920.28,2916.46,2916.74,6019
1741222800,2916.73,2925.74,2915.73,2924.72,12790
1741226400,2924.74,2926.6,2922.98,2925.63,10647
1741230000,2925.61,2925.65,2920.09,2921.3,8210
1741233600,2921.27,2921.58,2916.25,2917.32,7157
1741237200,2917.32,2920.6,2914.33,2919.87,10035
1741240800,2919.85,2923.06,2919.81,2920.54,10343
1741244400,2920.55,2922.53,2909.8,2910.07,15447
1741248000,2910.06,2911.4,2901.08,2904.73,17316
1741251600,2904.66,2905.48,2891.01,2894.24,17809
1741255200,2894.23,2904.98,2891.89,2899.21,17206
1741258800,2899.24,2907.61,2898.53,2905.75,14420
1741262400,2905.67,2906.96,2899.32,2903.27,15240
1741266000,2903.24,2909.38,2900.58,2904.46,20605
1741269600,2904.44,2916.64,2903.36,2915.24,20604
1741273200,2915.2,2922.66,2909.09,2914.54,21548
1741276800,2914.56,2918.48,2912.63,2917.12,16505
1741280400,2917.13,2921.49,2914.36,2915.52,15008
1741284000,2915.5,2920.7,2913.87,2916.17,14079
1741287600,2916.27,2917.79,2911.98,2914.05,14202
1741291200,2913.88,2916.55,2908.38,2908.84,12137
1741294800,2908.83,2911.9,2908.36,2910.86,5148
1741302000,2911.6,2913.55,2909.83,2910.48,4568
1741305600,2910.47,2910.47,2896.93,2904.65,11062
1741309200,2904.82,2910.14,2901.53,2906.84,14556
1741312800,2906.84,2909.03,2901.24,2908.02,13265
1741316400,2907.89,2909.06,2903.94,2905.43,9351
1741320000,2905.42,2908.2,2904.79,2906.62,8716
1741323600,2906.67,2912.53,2906.38,2909.54,11371
1741327200,2909.54,2914.79,2907.67,2913.56,10035
1741330800,2913.57,2917.38,2911.7,2917.01,12213
1741334400,2917.04,2922.91,2915.26,2922.25,14269
1741338000,2922.33,2922.96,2920.23,2921.55,12562
1741341600,2921.53,2921.96,2917,2917.96,13288
1741345200,2917.97,2921.94,2916.81,2918.71,13196
1741348800,2918.72,2922.76,2918.02,2918.46,14357
1741352400,2918.46,2926.34,2910.43,2913.81,21966
1741356000,2913.8,2928.68,2903.65,2926.89,22125
1741359600,2926.62,2930.27,2908.35,2915.83,21683
1741363200,2915.81,2919.32,2911.51,2914.12,17581
1741366800,2914.26,2916.24,2905.14,2908.23,17479
1741370400,2908.05,2908.71,2902.12,2906.56,15870
1741374000,2906.55,2909.51,2904.57,2905.34,13061
1741377600,2905.27,2911.14,2904.74,2909.64,11556
1741381200,2909.63,2912.51,2908.42,2912.13,4224
1741557600,2911.56,2915.15,2909.82,2911.82,6529
1741561200,2911.77,2917.02,2911.33,2916.34,7332
1741564800,2916.32,2917.96,2913.1,2913.88,8861
1741568400,2913.94,2918.11,2911.4,2912.12,12013
1741572000,2912.13,2914.47,2909.39,2911.37,10508
1741575600,2911.36,2913.56,2908.07,2911.01,8769
1741579200,2911.02,2912.72,2910.18,2910.97,6438
1741582800,2911.04,2911.94,2906.89,2909.91,9074
1741586400,2909.91,2914.58,2909.43,2914.35,10686
1741590000,2914.51,2915.42,2904.14,2908.47,13277
1741593600,2908.47,2910.54,2897.65,2897.95,15864
1741597200,2897.94,2915.36,2896.56,2911.36,15186
1741600800,2911.31,2911.42,2898.41,2903.05,14422
1741604400,2902.84,2904.68,2895.27,2904.05,14914
1741608000,2904.06,2907.76,2900.42,2906.58,17123
1741611600,2906.73,2908.6,2897.56,2903.7,20680
1741615200,2903.62,2909.04,2900.99,2908.01,21285
1741618800,2908,2910.48,2900.35,2904.49,18282
1741622400,2904.66,2906.91,2895.81,2895.82,15742
1741626000,2896,2896.16,2882.85,2886.12,18747
1741629600,2886.16,2889.56,2880.4,2885.51,15818
1741633200,2885.3,2890.96,2880.15,2885.23,15536
1741636800,2885.38,2889.31,2884.32,2889.14,6451
1741644000,2888.09,2890.17,2884.07,2884.57,4660
1741647600,2884.55,2885.88,2882.47,2884.78,6219
1741651200,2884.78,2888.57,2884.11,2887.2,9590
1741654800,2887.38,2890.91,2879.84,2890.64,14966
1741658400,2890.61,2900.48,2889.78,2899.09,13444
1741662000,2898.98,2899.37,2895.1,2896.76,10162
1741665600,2896.77,2898.57,2895.37,2897.71,5677
1741669200,2897.74,2899.05,2892.79,2895.91,8701
1741672800,2896.15,2902.76,2893.51,2902.39,11585
1741676400,2902.33,2903.62,2897.43,2901.02,11277
1741680000,2901.03,2910.47,2900.45,2909.96,12136
1741683600,2910.01,2912.41,2908.77,2911.82,10964
1741687200,2911.72,2914.52,2910.84,2912.05,8982
1741690800,2912.04,2915.34,2910.63,2913.57,9935
1741694400,2913.51,2916.06,2910.48,2913.01,13253
1741698000,2913.07,2922.02,2906.67,2918.11,18003
1741701600,2918.13,2920.72,2911.72,2914.24,18812
1741705200,2914.19,2919.92,2914.08,2916.87,15542
1741708800,2916.81,2918.11,2915.03,2917.19,12406
1741712400,2917.2,2920.6,2914.21,2917.68,13214
1741716000,2917.7,2919.49,2915.1,2918.15,10901
1741719600,2918.13,2921.33,2917.43,2918.53,11880
1741723200,2918.46,2919.07,2915.15,2915.61,6081
1741730400,2915.62,2918.09,2914.33,2917.68,5050
1741734000,2917.69,2919.77,2915.35,2915.47,4362
1741737600,2915.49,2915.5,2911.95,2914.23,5849
1741741200,2914.18,2917.37,2910.78,2914.88,9635
1741744800,2914.83,2918.12,2913.8,2916.32,8826
1741748400,2916.3,2920.06,2914.71,2915.05,7863
1741752000,2914.96,2916.14,2912.69,2914.88,6337
1741755600,2914.84,2916.53,2912.02,2916.07,9858
1741759200,2916.08,2921.13,2911.37,2911.96,12662
1741762800,2911.89,2915.59,2908.84,2914.57,12890
1741766400,2914.52,2922.18,2913.98,2922.01,13322
1741770000,2922.02,2925.23,2913.76,2914.76,12648
1741773600,2914.57,2916.98,2912.82,2914.38,10134
1741777200,2914.37,2916.8,2912.62,2915.32,10186
1741780800,2915.29,2923.08,2912.04,2917.52,17300
1741784400,2917.46,2918.83,2905.92,2915.65,21617
1741788000,2915.63,2922.46,2914.21,2921.85,18002
1741791600,2921.77,2929.3,2921.38,2928.41,17413
1741795200,2928.67,2939.03,2927.82,2936.27,17574
1741798800,2936.26,2940.49,2935.97,2936.16,14315
1741802400,2936.16,2937.47,2933.82,2935.13,11771
1741806000,2935.1,2935.64,2930.9,2931.29,11613
1741809600,2931.25,2934.2,2930.83,2933.29,5633
1741816800,2933.5,2938.96,2933.37,2938.01,5655
1741820400,2938,2939.43,2934.67,2938.05,5895
1741824000,2938.26,2939.41,2937.66,2938.77,5845
1741827600,2938.78,2941.33,2936.35,2937.96,10826
1741831200,2938.01,2946.01,2937.59,2944.28,10250
1741834800,2944.29,2947.02,2942.95,2945.69,8098
1741838400,2945.61,2946.32,2943.47,2944.75,6690
1741842000,2944.69,2945.04,2938.25,2940.03,9919
1741845600,2940,2940.34,2935.24,2937.05,10998
1741849200,2936.73,2938.15,2932.66,2935.18,10636
1741852800,2935.31,2944.94,2934.83,2941.51,12698
1741856400,2941.44,2948.84,2941.05,2947.66,11305
1741860000,2947.69,2948.67,2942.13,2944.09,11042
1741863600,2944.13,2948.57,2944.1,2946.13,11981
1741867200,2946.15,2949.19,2941.24,2942.55,17044
1741870800,2942.51,2952.5,2938.87,2950.49,18595
1741874400,2950.52,2971.17,2949.9,2970,20636
1741878000,2970.06,2978.38,2966.42,2977.78,22189
1741881600,2978.05,2985.23,2976.59,2980.13,18703
1741885200,2980.12,2982.27,2976.41,2979.36,15312
1741888800,2979.29,2984.38,2978.97,2983.2,13011
1741892400,2983.18,2985.49,2980.56,2982.87,13452
1741896000,2982.9,2989.19,2981.23,2988.76,6358
1741903200,2988.26,2989.85,2983.1,2987.1,5603
1741906800,2987.08,2989.28,2985.14,2986.44,5264
1741910400,2986.43,2988.65,2984.37,2986.55,8517
1741914000,2986.54,2990.12,2981.82,2987.78,16090
1741917600,2987.74,2988.47,2983.78,2984.05,10260
1741921200,2984.03,2992.74,2983.83,2992.61,9529
1741924800,2992.61,2993.94,2984.5,2985.53,9072
1741928400,2985.67,2986.71,2981.84,2986.43,11927
1741932000,2986.45,2987.61,2981.14,2985.64,12833
1741935600,2985.62,2987.12,2980.76,2986.92,11361
1741939200,2986.9,2993.27,2985.13,2992.9,12334
1741942800,2992.79,2999.47,2992.61,2998.7,13521
1741946400,2998.67,3004.83,2986.58,2993.37,15265
1741950000,2993.4,2999.23,2993.24,2993.47,13514
1741953600,2993.46,2999.55,2993.24,2993.8,14719
1741957200,2993.8,2996.19,2982.98,2985.74,19920
1741960800,2985.39,2993.37,2981.76,2985.46,20196
1741964400,2985.48,2986.5,2978.25,2984.63,17326
1741968000,2984.64,2989.94,2982.86,2989.67,14021
1741971600,2989.79,2990.42,2986.34,2986.51,11118
1741975200,2986.67,2987.05,2983.07,2983.27,9066
1741978800,2983.21,2986.06,2982.21,2983.99,9141
1741982400,2983.96,2988.69,2981.71,2988.31,4887
1742162400,2984.59,2990.57,2983.87,2989.01,6306
1742166000,2989.03,2994.14,2988.14,2990.03,5591
1742169600,2990.05,2991,2986.28,2990.77,6189
1742173200,2990.8,2993.12,2988.65,2990.75,11536
1742176800,2990.8,2991.94,2986.79,2988.1,8981
1742180400,2988.06,2988.69,2985.44,2986.95,8360
1742184000,2986.95,2987.94,2982.27,2982.66,7019
1742187600,2982.92,2986.23,2982.27,2986.18,8389
1742191200,2986.16,2990.73,2985.37,2989.85,10282
1742194800,2989.48,2989.96,2984.15,2985.57,9156
1742198400,2985.52,2988.48,2983.11,2988.31,9439
1742202000,2988.38,2996.88,2987.63,2995.63,10186
1742205600,2995.65,2999.55,2994.84,2998.97,8709
1742209200,2999.01,3001.22,2996.49,2997.47,9671
1742212800,2997.53,2997.83,2984.67,2987.07,16965
1742216400,2987.12,2991.36,2986.03,2988.38,17432
1742220000,2987.98,3000.48,2987.26,2998.56,17394
1742223600,2998.6,2999.24,2992.85,2997.18,13682
1742227200,2997.18,2997.83,2992.94,2994.48,12388
1742230800,2994.54,2999.49,2994.47,2997.78,11181
1742234400,2997.79,3000.31,2996.71,2999.38,10477
1742238000,2999.39,3000.88,2997.63,3000.11,9109
1742241600,3000.08,3001.89,2999.97,3000.86,5843
1742248800,3001.38,3001.84,2999.89,3000.1,2518
1742252400,3000.1,3002.78,2999.39,2999.72,3945
1742256000,2999.61,3003.55,2999.49,3001.51,7216
1742259600,3001.49,3008.35,2999.43,3005.75,11778
1742263200,3005.77,3012.2,3002.93,3010.79,11134
1742266800,3010.81,3014.88,3009.66,3011.29,9477
1742270400,3011.37,3017.2,3011.22,3014.22,6914
1742274000,3014.21,3014.91,3006.19,3011.96,11413
1742277600,3011.96,3017.63,3010.38,3015.83,10471
1742281200,3015.82,3018.95,3014.47,3016.49,10781
1742284800,3016.52,3027.24,3016.4,3026.5,13729
1742288400,3026.67,3028.47,3018.21,3020.3,12305
1742292000,3020.06,3025.78,3019.66,3024.12,12543
1742295600,3024.05,3029.6,3022.53,3026.89,10557
1742299200,3026.86,3035.91,3026.77,3034.3,15439
1742302800,3034.28,3038.1,3026.2,3033.29,19852
1742306400,3033.11,3033.11,3024.41,3027.9,19324
1742310000,3027.93,3032.63,3025.2,3031.64,15824
1742313600,3031.62,3036.87,3030.34,3036.01,13083
1742317200,3036.01,3036.23,3029.75,3032.6,13941
1742320800,3032.61,3036.28,3032.32,3035.85,8355
1742324400,3035.77,3038.03,3035.13,3035.44,9883
1742328000,3035.53,3035.96,3033.21,3033.83,4795
1742335200,3033.92,3034.6,3032.63,3034.41,2915
1742338800,3034.5,3034.99,3031.33,3031.58,4001
1742342400,3031.59,3033.95,3030.41,3031.5,5292
1742346000,3031.4,3032.74,3027.32,3029.53,8940
1742349600,3029.42,3033.67,3029.13,3033.46,9321
1742353200,3033.48,3039.04,3032.07,3036.2,8836
1742356800,3036.22,3037.65,3034.35,3036.35,6168
1742360400,3036.44,3045.31,3036.29,3044.38,10153
1742364000,3044.39,3044.79,3034.16,3042.3,14578
1742367600,3042.34,3042.89,3035.57,3035.97,11755
1742371200,3035.99,3037.17,3024.3,3024.94,13245
1742374800,3024.89,3031.4,3022.48,3030.3,11039
1742378400,3030.29,3037.86,3028.18,3034.64,11104
1742382000,3034.63,3039.92,3033.73,3039,8945
1742385600,3038.97,3041.09,3036.45,3037.13,13017
1742389200,3037.12,3038.24,3027.64,3033.22,17874
1742392800,3033.18,3033.18,3025.69,3027.69,15945
1742396400,3027.57,3033.05,3026.83,3031.46,12113
1742400000,3031.47,3038.41,3031.32,3033.16,11268
1742403600,3033.16,3034.2,3029.53,3029.92,11548
1742407200,3029.89,3048.48,3029.25,3046.74,18571
1742410800,3046.76,3051.72,3040.82,3047.91,16008
1742414400,3047.93,3048.17,3044.27,3047.16,6007
1742421600,3048.55,3050.57,3046.85,3050.09,3953
1742425200,3050.1,3051,3048.58,3050.1,3421
1742428800,3050.16,3055.43,3050.07,3053.09,8244
1742432400,3053.12,3056.16,3049.16,3049.68,14325
1742436000,3049.65,3052.25,3044.93,3045.75,11561
1742439600,3045.76,3050.53,3045.32,3049.9,8498
1742443200,3049.91,3057.42,3048.19,3052.4,8620
1742446800,3052.45,3053.36,3044.9,3046.99,13513
1742450400,3047,3051.43,3045.51,3049.05,12221
1742454000,3049.03,3049.03,3041.86,3042.3,11296
1742457600,3042.31,3043.88,3038.69,3041.86,12677
1742461200,3041.87,3046.35,3040.59,3041.46,12275
1742464800,3041.45,3041.46,3025.77,3034.31,16950
1742468400,3034.3,3035.21,3029.13,3034.41,13075
1742472000,3034.51,3042.29,3033.38,3040.92,15670
1742475600,3040.92,3041.08,3029.77,3032.9,18564
1742479200,3032.87,3040.72,3030.63,3040.17,17186
1742482800,3040.11,3041.9,3037.56,3040.62,13729
1742486400,3040.63,3043.17,3033.84,3038.13,13401
1742490000,3038.15,3042.01,3034.85,3041.67,9822
1742493600,3041.77,3045.27,3040.8,3043.28,10069
1742497200,3043.29,3045.97,3043.28,3044.67,9603
1742500800,3044.63,3045.81,3044.12,3044.61,4595
1742508000,3044.78,3045.91,3043.42,3045.7,2706
1742511600,3045.7,3046.67,3044.47,3046.35,4080
1742515200,3046.34,3047.51,3042.28,3042.69,5950
1742518800,3042.78,3044.47,3035.71,3035.82,11684
1742522400,3035.84,3037.01,3033.6,3034.7,10551
1742526000,3034.69,3034.69,3030,3030.44,10017
1742529600,3030.45,3032.08,3027.68,3029.89,7551
1742533200,3029.76,3030.34,3021.57,3028.14,10047
1742536800,3028.19,3033.78,3027.46,3029.68,10758
1742540400,3029.1,3033.41,3028.11,3032.04,10473
1742544000,3032.09,3034.82,3027.18,3032.9,11760
1742547600,3032.88,3032.94,3027.75,3029.54,10420
1742551200,3029.5,3033.4,3029.5,3030.81,8591
1742554800,3030.81,3037.61,3028.78,3034.29,11223
1742558400,3034.26,3038.24,3033.36,3034.1,13332
1742562000,3033.99,3036.92,3004.26,3006.65,20072
1742565600,3006.45,3016.65,2999.11,3015.65,21676
1742569200,3015.7,3017.86,3009.86,3011,16331
1742572800,3010.97,3016.89,3010.46,3015.07,12926
1742576400,3015.07,3018.23,3012.87,3013.79,12017
1742580000,3013.78,3021.52,3013.49,3017.45,10828
1742583600,3017.5,3022.02,3015.92,3019.87,10185
1742587200,3019.99,3024.11,3019.87,3023.03,5201
1742767200,3023.82,3026.12,3022.33,3025.45,6141
1742770800,3025.44,3026.44,3023.39,3024.65,5377
1742774400,3024.66,3025.43,3017.02,3018.58,10432
1742778000,3018.53,3025.56,3018.28,3020.94,16196
1742781600,3021.13,3024.31,3013.77,3016.31,11767
1742785200,3016.38,3019.73,3015.58,3016.87,9290
1742788800,3016.87,3020.11,3016.5,3019.31,7626
1742792400,3019.21,3023.13,3018.86,3021.99,10246
1742796000,3022.06,3025.75,3017.19,3024.96,11571
1742799600,3025.02,3028.9,3020.87,3022.41,12852
1742803200,3022.28,3029,3021.76,3028.76,14217
1742806800,3028.96,3030.95,3022.47,3023.63,13261
1742810400,3023.67,3033.33,3023.56,3028.1,14687
1742814000,3028.1,3029.26,3024.43,3024.62,11288
1742817600,3024.64,3028.56,3022.38,3024.24,13570
1742821200,3024.05,3028.28,3019.06,3022.45,18240
1742824800,3022.26,3024.09,3008.02,3012.17,18633
1742828400,3012.1,3015.21,3005.78,3014.1,15814
1742832000,3014.09,3015.65,3007.97,3009.83,13124
1742835600,3009.81,3010,3005.78,3007.06,12150
1742839200,3007.06,3008.13,3002.45,3006.69,11518
1742842800,3006.73,3008.15,3005.03,3006.15,8219
1742846400,3006.12,3014.27,3005.65,3011.88,5998
1742853600,3011.05,3012.37,3008.9,3011.47,4200
1742857200,3011.43,3012.36,3009.43,3010.02,4133
1742860800,3010.43,3014.91,3009.07,3014.22,5908
1742864400,3014.19,3014.54,3010.45,3011.76,11406
1742868000,3011.76,3012.37,3007.41,3009.02,10409
1742871600,3009.11,3016.24,3008.56,3015.23,9677
1742875200,3015.25,3016.34,3014.52,3015.25,6994
1742878800,3015.15,3021,3014.23,3018.23,9383
1742882400,3018.3,3018.71,3014.62,3017.79,9520
1742886000,3017.74,3018.08,3010.5,3011.2,10475
1742889600,3011.3,3021.81,3010.61,3021.19,11604
1742893200,3021.22,3023.42,3018.77,3023.26,9305
1742896800,3023.18,3024.64,3020.64,3023.66,9766
1742900400,3023.65,3026.51,3020.37,3020.66,10205
1742904000,3020.66,3023.12,3014.25,3021.64,14643
1742907600,3021.71,3030.51,3020.76,3028.77,16561
1742911200,3028.79,3035.96,3024.9,3024.9,18130
1742914800,3024.85,3028.06,3017.65,3021.49,14661
1742918400,3021.5,3025.61,3021.34,3023.19,11350
1742922000,3023.31,3023.43,3019.63,3022.7,10598
1742925600,3022.64,3022.81,3017.72,3018.65,9257
1742929200,3018.64,3020.69,3017.7,3019.5,7526
1742932800,3019.56,3020.77,3018.74,3019.81,3779
1742940000,3019.47,3022.32,3019.47,3021.35,2815
1742943600,3021.46,3021.92,3020.53,3020.96,3069
1742947200,3020.87,3022.23,3017.7,3018.28,6139
1742950800,3018.27,3025.48,3016.34,3024.75,12756
1742954400,3024.78,3027.13,3022.66,3024.32,10817
1742958000,3024.24,3024.24,3016.47,3017.64,10027
1742961600,3017.68,3017.75,3014.16,3015.17,6894
1742965200,3015.25,3023.83,3013.06,3022.59,10671
1742968800,3022.48,3026.34,3021.91,3026.11,13320
1742972400,3026.27,3030.71,3024.83,3030.33,11315
1742976000,3030.36,3032.01,3023.53,3024.05,11054
1742979600,3024.05,3024.17,3017.56,3018.7,11955
1742983200,3018.71,3024.97,3016.96,3023.24,11393
1742986800,3023.36,3030.35,3023.21,3027.54,11689
1742990400,3027.55,3030.12,3025.27,3027,13948
1742994000,3027.07,3027.31,3015.98,3016.66,16716
1742997600,3016.54,3021.71,3014.85,3017.51,16014
1743001200,3017.37,3018.9,3012,3015.95,13784
1743004800,3015.84,3020.07,3015.19,3015.73,11996
1743008400,3015.72,3018.94,3015.3,3018.61,10688
1743012000,3018.6,3020.8,3018.04,3018.29,8524
1743015600,3018.35,3019.1,3015.75,3017.31,8317
1743019200,3017.33,3021.81,3017.18,3019.14,5173
1743026400,3019.31,3021,3017.93,3019.33,5009
1743030000,3019.4,3021.83,3017.53,3021.59,6437
1743033600,3021.6,3025.66,3021.6,3025.29,7196
1743037200,3025.43,3028.21,3022.93,3023.65,12587
1743040800,3023.66,3032.85,3023.29,3031.74,11718
1743044400,3031.74,3034.18,3029.64,3033.5,8581
1743048000,3033.44,3038.54,3031.7,3033.99,9778
1743051600,3034.04,3035.92,3029.39,3029.76,11790
1743055200,3029.75,3033.38,3026.68,3029.93,11738
1743058800,3029.74,3036.66,3029.06,3035.92,13874
1743062400,3035.93,3037.98,3033.65,3036.15,13087
1743066000,3036.19,3041.06,3034.57,3039.9,11227
1743069600,3039.9,3055.82,3039.8,3051.39,16263
1743073200,3051.46,3055.65,3048.8,3054.62,13101
1743076800,3054.65,3055.93,3046.84,3050.02,15987
1743080400,3050.11,3052.17,3033.3,3040.62,21726
1743084000,3040.59,3059.62,3040.59,3057.52,20429
1743087600,3057.59,3059.13,3051.16,3052.2,19160
1743091200,3052.21,3054.3,3047.62,3048.03,16654
1743094800,3048.05,3053.18,3047.79,3052.8,13824
1743098400,3052.77,3057.57,3052.68,3055.74,12075
1743102000,3055.73,3057.84,3054.8,3057.39,10368
1743105600,3057.41,3057.65,3054.99,3056.72,5457
1743112800,3055.9,3057.8,3054.55,3055.17,4379
1743116400,3055.16,3056.19,3054.15,3055.66,4477
1743120000,3055.55,3063.39,3054.95,3061.83,8988
1743123600,3061.85,3074.08,3061.71,3073.92,13657
1743127200,3073.8,3077.62,3069.85,3071.82,12322
1743130800,3071.85,3076.64,3069.56,3075.24,9994
1743134400,3075.13,3075.32,3072.55,3073.78,6139
1743138000,3073.87,3082.11,3072.46,3077.87,9850
1743141600,3077.88,3084.99,3076.54,3084.6,12601
1743145200,3084.5,3085.98,3077.77,3079.39,13456
1743148800,3079.39,3081.27,3065.81,3072.86,15353
1743152400,3073.13,3076.21,3069.56,3072.84,12126
1743156000,3072.88,3074.71,3067.43,3074.35,11931
1743159600,3074.33,3079.82,3074.05,3076.23,11974
1743163200,3076.32,3081.95,3072.18,3077.37,15569
1743166800,3077.14,3083.98,3070.8,3083.28,20346
1743170400,3083.05,3086.74,3068.02,3070.08,23019
1743174000,3069.93,3085.6,3067.39,3083.77,17887
1743177600,3083.78,3086.65,3080.35,3083.87,13985
1743181200,3083.81,3085.98,3076.13,3077.4,13470
1743184800,3077.43,3080.5,3073.51,3079.72,11653
1743188400,3079.71,3081.84,3079.36,3080.71,10874
1743192000,3080.71,3085.88,3080.71,3083.97,6034
1743372000,3087.9,3097.55,3087.9,3090.09,8524
1743375600,3090.06,3090.92,3087.87,3089.18,6778
1743379200,3089.22,3089.71,3077.08,3079.14,9846
1743382800,3079.03,3095.16,3076.68,3094.8,16641
1743386400,3094.79,3107.17,3093.9,3106.62,16125
1743390000,3106.63,3111.72,3105.22,3107.14,11081
1743393600,3107.21,3115.77,3105.8,3113.35,7931
1743397200,3113.47,3119.69,3107.47,3116.49,11649
1743400800,3116.16,3127.71,3113.39,3119.4,17511
1743404400,3119.44,3125.36,3118.52,3124.46,15073
1743408000,3124.59,3127.11,3120.89,3122.16,13369
1743411600,3122.32,3123.3,3111.83,3114.93,13312
1743415200,3115.02,3123.65,3111.62,3118.39,13878
1743418800,3118.39,3119.75,3113.45,3119.52,12563
1743422400,3119.56,3126.39,3118.04,3124.47,16900
1743426000,3124.25,3124.71,3099.75,3113.57,23700
1743429600,3113.5,3123.51,3110.88,3123.23,21813
1743433200,3123.24,3127.09,3112.79,3113.76,18400
1743436800,3113.82,3120.58,3111.59,3117.62,15448
1743440400,3117.46,3120.31,3115.88,3117.9,13245
1743444000,3117.89,3123.42,3117.27,3121.49,12188
1743447600,3121.49,3124.64,3120.84,3124.33,9786
1743451200,3124.33,3124.76,3122.89,3123.99,5628
1743458400,3124.73,3125.79,3121.58,3122.82,3679
1743462000,3122.78,3126.51,3119.9,3120.51,6580
1743465600,3120.51,3128.04,3120.28,3127.25,8742
1743469200,3127.21,3138,3126.59,3135.45,16558
1743472800,3135.49,3145.6,3132.81,3145.05,14809
1743476400,3144.95,3147.4,3142.59,3145.82,10466
1743480000,3145.83,3147.91,3142.72,3144.74,8641
1743483600,3144.75,3148.94,3130.6,3131.97,14625
1743487200,3132.16,3138.16,3126.74,3133.6,20120
1743490800,3133.66,3137.6,3123.99,3127.61,16863
1743494400,3127.58,3135.67,3126.33,3130.95,13390
1743498000,3131.01,3134.12,3130.04,3132.25,11104
1743501600,3132.39,3138.97,3130.7,3132.39,14583
1743505200,3132.42,3135.84,3128.63,3130.32,14610
1743508800,3130.43,3134.61,3127.52,3133.27,15232
1743512400,3133.27,3137.09,3128.12,3134.02,19148
1743516000,3133.93,3135.38,3123.9,3128.68,21408
1743519600,3128.71,3133.05,3113.48,3113.76,19992
1743523200,3113.7,3116.79,3100.78,3106.68,20413
1743526800,3106.67,3114.62,3105.65,3113.65,13730
1743530400,3113.69,3118.61,3113.22,3114.09,11935
1743534000,3114.06,3118.97,3113.66,3118.62,9788
1743537600,3118.65,3120.73,3113.17,3114.06,5673
1743544800,3114.01,3114.84,3107.68,3111.41,5294
1743548400,3111.38,3116.08,3111.21,3115.16,5803
1743552000,3115.15,3123.79,3112.88,3122.98,9496
1743555600,3122.97,3135.19,3121.27,3133,15142
1743559200,3133.06,3135.6,3128.51,3128.58,11519
1743562800,3128.27,3132.13,3124.62,3125.62,8289
1743566400,3125.69,3126.81,3115.27,3116.02,8259
1743570000,3116.22,3119.13,3109.79,3118.12,12441
1743573600,3118.1,3119.59,3113.97,3116.45,12705
1743577200,3116.76,3126.12,3111.85,3125.06,12531
1743580800,3125.06,3133.83,3123.14,3131.19,13411
1743584400,3131.24,3131.61,3126.88,3131.11,11165
1743588000,3131.12,3131.34,3110.13,3114.46,12779
1743591600,3114.48,3123.82,3114.37,3121.35,12822
1743595200,3121.26,3127.26,3117.05,3122.35,14311
1743598800,3122.33,3132.15,3116.67,3121.94,20339
1743602400,3121.9,3129.44,3119.25,3124.96,16334
1743606000,3124.95,3128.16,3120.97,3125.81,13734
1743609600,3125.82,3134.34,3125.82,3131.5,15593
1743613200,3131.45,3131.48,3120.65,3123.63,15512
1743616800,3123.59,3126.23,3118.81,3121.96,12882
1743620400,3122.06,3127.25,3121.62,3124.07,9852
1743624000,3124.2,3141.91,3105.1,3130.97,19887
1743631200,3131.52,3147.59,3123.34,3145.84,17684
1743634800,3145.82,3167.68,3145.82,3162.26,16807
1743638400,3162.32,3164.86,3140.67,3151.4,19524
1743642000,3151.75,3162.78,3147.71,3153.5,20753
1743645600,3153.31,3155.42,3142.4,3145.06,14731
1743649200,3145.15,3152.25,3144.74,3147.93,14176
1743652800,3147.94,3149.63,3138.79,3140.45,9916
1743656400,3140.51,3141,3123.87,3131.87,16592
1743660000,3131.89,3134.04,3116.69,3127.74,18877
1743663600,3127.65,3130.19,3119.83,3129.07,15917
1743667200,3129.14,3132.05,3125.97,3129.15,15420
1743670800,3129.15,3129.63,3121.44,3121.44,17244
1743674400,3121.54,3123.06,3089.14,3095.38,22776
1743678000,3095.36,3099.97,3085.19,3093.08,20372
1743681600,3093.01,3094.75,3061.86,3076.21,23872
1743685200,3076.09,3093.38,3054.07,3085.82,26298
1743688800,3086.96,3135.6,3086.96,3129.06,26331
1743692400,3128.89,3129.48,3103.86,3110.62,22685
1743696000,3110.68,3114.22,3101.7,3107.52,17292
1743699600,3107.4,3109.89,3099.86,3109.56,16029
1743703200,3109.46,3111.67,3102.07,3111.64,12418
1743706800,3111.62,3113.28,3101.49,3107.53,13409
1743710400,3107.54,3119.29,3107.35,3114.27,7627
1743717600,3114.01,3116.72,3112.4,3115.37,5287
1743721200,3115.36,3116.34,3109.78,3112.92,7827
1743724800,3112.82,3115.14,3105.84,3110.6,11996
1743728400,3110.55,3115.79,3109.12,3109.84,12260
1743732000,3109.83,3112.94,3091.29,3096.84,15118
1743735600,3096.86,3099.11,3086.82,3098.44,14580
1743739200,3098.44,3104.93,3095.97,3100.19,12032
1743742800,3100.02,3108.86,3098.72,3108.86,11720
1743746400,3108.89,3109.9,3100.46,3101,14374
1743750000,3100.99,3103.46,3091.87,3092.8,19253
1743753600,3092.76,3094.13,3078.36,3084.25,19326
1743757200,3084.21,3096.02,3083.96,3090.64,16028
1743760800,3090.66,3116.15,3090.55,3110.23,22072
1743764400,3110.22,3136.35,3095.62,3110.32,24666
1743768000,3110.41,3111.88,3069.46,3071.23,24930
1743771600,3071.22,3087.36,3059.71,3061.73,24248
1743775200,3061.73,3061.73,3027.23,3038.39,25493
1743778800,3038.37,3049.85,3016.96,3021.92,25230
1743782400,3021.95,3036.82,3017.49,3030.97,20726
1743786000,3030.9,3032.9,3015.69,3025.74,20049
1743789600,3025.73,3027.8,3017.85,3025.42,16665
1743793200,3025.41,3040.76,3021.94,3036.35,18301
1743796800,3036.36,3041.01,3033.79,3036.78,9165
1743976800,3028.8,3032.13,2979.65,3009.79,14857
1743980400,3009.66,3016.98,2976.95,2999.77,15657
1743984000,2999.82,3009.45,2970.65,2979.06,18923
1743987600,2978.55,3054.63,2972.01,3038.37,26706
1743991200,3038.42,3055.42,3024.2,3025.94,18846
1743994800,3025.87,3034.03,3017.06,3018.9,15035
1743998400,3018.93,3035.77,3018.93,3035.54,10485
1744002000,3035.52,3044.52,3024.48,3031.73,15109
1744005600,3031.64,3033.43,3016.74,3029.71,20375
1744009200,3029.72,3030.75,3013.27,3018.58,23553
1744012800,3018.65,3035.44,3017.87,3031.04,20373
1744016400,3031.55,3033.42,3019.35,3024.9,18575
1744020000,3024.93,3036.42,3024.08,3031.41,18684
1744023600,3031.39,3046.03,3029.92,3031.07,20349
1744027200,3031.3,3032.79,3014.79,3031.35,23878
1744030800,3031.2,3033.98,3001.95,3015.39,24654
1744034400,3015.3,3037.86,2996.27,2999.38,27121
1744038000,2999.35,3004.68,2980.03,2987.61,25694
1744041600,2987.61,2987.87,2969.96,2970.7,22939
1744045200,2970.73,2975.29,2956.57,2970.1,23164
1744048800,2970.08,2976.69,2964.02,2965.88,17706
1744052400,2965.85,2982.28,2965.29,2976.61,16809
1744056000,2976.7,2986.15,2970.04,2981.85,9706
1744063200,2982.28,2988.63,2980.34,2986.84,6795
1744066800,2986.81,2987.43,2978.42,2981.24,7803
1744070400,2981.24,2992.74,2980.36,2985.46,14419
1744074000,2985.47,3003.14,2983.53,2999.8,17766
1744077600,2999.76,3004.89,2998.18,3000.88,12697
1744081200,3000.91,3000.97,2992.84,2994.76,10975
1744084800,2994.75,3002.97,2990.53,3002.33,10109
1744088400,3002.04,3008.43,2999.39,3005.63,12585
1744092000,3005.32,3015.72,3002.31,3013.36,17059
1744095600,3013.37,3013.97,3001.73,3003.67,18996
1744099200,3003.49,3009.43,3001.39,3007.39,12036
1744102800,3007.38,3007.83,2994.9,3006.82,13614
1744106400,3006.78,3010.31,3003.83,3008.86,12419
1744110000,3008.93,3019.44,3008.5,3017.39,14551
1744113600,3017.42,3019.45,3002.21,3002.52,20512
1744117200,3002.46,3022.7,3002.46,3010.18,24826
1744120800,3010.01,3018.26,3005.72,3006.19,24260
1744124400,3006.19,3012.24,3001.09,3001.51,21139
1744128000,3001.53,3001.54,2984.24,2985.98,21812
1744131600,2985.96,2987.38,2974.83,2985.14,23026
1744135200,2985.14,2992,2979.23,2983.35,18080
1744138800,2983.3,2987.57,2976.63,2984.87,17206
1744142400,2984.76,2986.58,2977.07,2982.02,8462
1744149600,2983.85,2985.55,2980.12,2981.9,6775
1744153200,2981.87,2990.82,2970.1,2978.42,11462
1744156800,2978.56,2987.1,2974.65,2980.28,17646
1744160400,2980.25,3009.82,2972.13,3008.58,23038
1744164000,3008.58,3011.19,2999.9,3003,17172
1744167600,3002.92,3009.61,3002.5,3004.36,14359
1744171200,3004.37,3014.11,2999.44,3012.23,15025
1744174800,3012.33,3020.35,3005.49,3015.62,18324
1744178400,3015.53,3040.71,3014.84,3039,22013
1744182000,3039.08,3052.21,3034.39,3041.13,22423
1744185600,3039.93,3051.03,3038.07,3044.07,17807
1744189200,3043.94,3049.67,3038.68,3045.04,15812
1744192800,3045.02,3047.09,3038.33,3042.92,17504
1744196400,3042.93,3068.01,3035.99,3066.42,22899
1744200000,3066.51,3073.09,3042.5,3047.45,23786
1744203600,3047.54,3078.04,3047.21,3075.04,25869
1744207200,3074.98,3084.68,3068.35,3070.52,22851
1744210800,3070.56,3087.8,3065.34,3086.25,20298
1744214400,3086.24,3094.87,3082.72,3092.3,16835
1744218000,3092.38,3098.9,3050.93,3059.69,25091
1744221600,3059.7,3073.37,3048.56,3067.26,23338
1744225200,3067.25,3099.53,3064.28,3093.77,21727
1744228800,3093.65,3095.47,3077.97,3082.77,10610
1744236000,3080.68,3089.77,3071.4,3079.98,8351
1744239600,3079.96,3088.72,3079.65,3086.64,9704
1744243200,3086.98,3101.27,3081.33,3097.25,16477
1744246800,3097.61,3100.28,3078.59,3094.15,19785
1744250400,3094.19,3120.41,3094,3119.22,18257
1744254000,3119.18,3131.8,3115.4,3125.38,14410
1744257600,3125.34,3129.03,3120.9,3125.28,10313
1744261200,3125.29,3132.52,3112.66,3122.27,12912
1744264800,3122.05,3126.54,3118.56,3122.19,17766
1744268400,3122.07,3123.59,3106.56,3108.7,20207
1744272000,3108.67,3115.67,3104.32,3105,17810
1744275600,3104.94,3118.13,3103.16,3116.5,16864
1744279200,3116.63,3122.44,3114.26,3120.26,17243
1744282800,3120.26,3125.78,3113.19,3124.65,18184
1744286400,3124.46,3134,3116.17,3123.13,21648
1744290000,3123.14,3136.45,3116.02,3117.08,23891
1744293600,3117.23,3154.99,3116.9,3154.6,24411
1744297200,3154.52,3175.05,3154.38,3158.09,23113
1744300800,3158.11,3167.11,3154.09,3158.29,21920
1744304400,3158.28,3165.55,3151.57,3162.68,18131
1744308000,3162.81,3175.58,3158,3173.1,19064
1744311600,3173.26,3176.3,3167.96,3170.94,17160
1744315200,3170.85,3176.43,3168.18,3175.38,7282
1744322400,3176.87,3189.94,3175.95,3189,9883
1744326000,3189.2,3191.4,3183.17,3188.95,10110
1744329600,3188.96,3218.06,3184.96,3205.66,20455
1744333200,3205.34,3219.61,3201,3207.15,22883
1744336800,3207.2,3219.67,3205.93,3217.37,16647
1744340400,3217.29,3220.04,3214.01,3217.69,14166
1744344000,3217.68,3218.07,3208.37,3208.54,11637
1744347600,3208.53,3219.11,3187.39,3195.9,19429
1744351200,3195.92,3209.63,3190.19,3197.1,21709
1744354800,3197.25,3213.04,3194.01,3212.29,19315
1744358400,3212.31,3227.15,3208.43,3216.02,21113
1744362000,3216.01,3230.18,3211.59,3227.69,17150
1744365600,3227.79,3237.62,3210.03,3212.6,18464
1744369200,3212.4,3224.82,3211.32,3213.78,17583
1744372800,3213.77,3234.01,3211.18,3233.67,21225
1744376400,3233.62,3244.2,3219.56,3223.66,25458
1744380000,3223.85,3237.82,3222.93,3230.1,25011
1744383600,3230.1,3241.88,3229.49,3240.5,19997
1744387200,3240.53,3245.13,3219.67,3223.34,20382
1744390800,3223.33,3235.59,3223.33,3233.95,20020
1744394400,3234,3238.3,3231.15,3235.72,14070
1744398000,3235.62,3235.72,3227.48,3231.02,14617
1744401600,3230.95,3237.95,3230.7,3237.94,6466
1744581600,3219.1,3224.45,3209.81,3221.17,11646
1744585200,3221.2,3224.4,3216.77,3223.67,9076
1744588800,3223.69,3227.31,3219.21,3220.94,10937
1744592400,3220.92,3243.56,3214.99,3239.76,19728
1744596000,3239.75,3245.67,3229.56,3232.08,14711
1744599600,3232.08,3234.59,3227.07,3232.36,10231
1744603200,3232.41,3235.69,3226.07,3227.41,8909
1744606800,3227.36,3236.14,3221.25,3234.55,12222
1744610400,3234.5,3238.02,3228.68,3231.06,15814
1744614000,3231,3233.75,3224.77,3227.87,15083
1744617600,3227.84,3230.11,3216.48,3226.83,15887
1744621200,3227.02,3231.56,3220.63,3223.89,13653
1744624800,3223.88,3224.71,3206.21,3215.25,16866
1744628400,3215.1,3225.86,3214.01,3223.42,15099
1744632000,3223.53,3227.8,3200.81,3206.76,20177
1744635600,3206.79,3210.72,3193.65,3204.7,25194
1744639200,3204.69,3215.6,3195.45,3211.06,19725
1744642800,3211.05,3211.1,3196.45,3198.18,19294
1744646400,3198.13,3208.28,3197.63,3207.61,15095
1744650000,3207.62,3216.38,3207.05,3214.07,13930
1744653600,3214.11,3214.82,3201.42,3208.02,11757
1744657200,3208.14,3213.08,3207.64,3212.72,9488
1744660800,3212.64,3213.79,3207.27,3210.66,5369
1744668000,3211.92,3215.25,3210.79,3212.18,3927
1744671600,3212.15,3214.13,3210.38,3212.56,4777
1744675200,3212.56,3215.24,3210.72,3211.83,7217
1744678800,3211.75,3225.99,3209.77,3223.62,14069
1744682400,3223.64,3225.01,3218.79,3224.47,9748
1744686000,3224.31,3229.12,3223.04,3228.33,10453
1744689600,3228.37,3232.62,3226.78,3231.95,7392
1744693200,3231.91,3232.17,3220.76,3224.65,11135
1744696800,3224.66,3228.73,3223.12,3225.15,11241
1744700400,3225.16,3226.46,3217.24,3225.51,13550
1744704000,3225.59,3232.15,3224.37,3227.73,14761
1744707600,3227.77,3230.09,3221.19,3222.59,10546
1744711200,3222.61,3226.95,3219.37,3220.15,10215
1744714800,3220.19,3224.08,3216.53,3220.17,11975
1744718400,3220.23,3226.11,3213.98,3221.42,16519
1744722000,3221.41,3226.24,3211.66,3212.98,19633
1744725600,3212.95,3226.89,3212.95,3222.68,19129
1744729200,3222.67,3224.1,3216.91,3221.29,14452
1744732800,3221.3,3223.43,3219.42,3221.44,11291
1744736400,3221.47,3230.64,3220.38,3227.86,12077
1744740000,3227.91,3229.74,3225.58,3229.06,10833
1744743600,3229.07,3231.93,3226.18,3229.74,9966
1744747200,3229.77,3233.66,3226.45,3229.43,6459
1744754400,3230.45,3242.19,3229.68,3241.44,6068
1744758000,3241.42,3251.9,3238.38,3251.9,9914
1744761600,3251.85,3267.95,3251.58,3264.61,15836
1744765200,3264.62,3274.99,3256.05,3269.99,19315
1744768800,3270.01,3275.44,3266.89,3267.77,12976
1744772400,3267.78,3281.79,3266.23,3281.43,11936
1744776000,3281.44,3287.67,3269.41,3283.66,13066
1744779600,3283.65,3291.81,3283.62,3289.74,13700
1744783200,3289.88,3295.11,3286.13,3291.71,15305
1744786800,3292.09,3300.34,3291.29,3300.34,17230
1744790400,3300.32,3317.78,3288.8,3306.91,22614
1744794000,3307.02,3310.96,3299.82,3303.47,14623
1744797600,3303.52,3306.81,3299.65,3304.05,11717
1744801200,3304.06,3313.46,3292.91,3306.91,16035
1744804800,3306.84,3313.36,3302.44,3307.31,17274
1744808400,3307.37,3316.49,3296.76,3311.52,21512
1744812000,3311.62,3319.43,3305.96,3308.61,20400
1744815600,3308.58,3328.1,3305.19,3325.32,19122
1744819200,3325.18,3332.99,3321.5,3327.2,16816
1744822800,3327.21,3332.73,3324.45,3327.55,16790
1744826400,3328,3340.75,3326.34,3338.35,15713
1744830000,3338.38,3342.46,3335.89,3336.73,12946
1744833600,3336.7,3342.85,3334.38,3342.79,8280
1744840800,3343.17,3357.78,3342.91,3351.01,8557
1744844400,3351.06,3353.46,3346.95,3350.05,8685
1744848000,3350.11,3351.15,3341.69,3345.32,13417
1744851600,3345.16,3356.17,3320.47,3324.04,21886
1744855200,3324.01,3340.59,3321.01,3340.4,17556
1744858800,3340.39,3344.61,3337.47,3344.59,11720
1744862400,3344.56,3344.56,3337.73,3341.5,9496
1744866000,3341.54,3345.5,3328.53,3329.48,12824
1744869600,3329.48,3332.96,3325.14,3329.01,16641
1744873200,3328.99,3330.24,3314.15,3323.5,17241
1744876800,3323.42,3324.95,3312.5,3324.16,13342
1744880400,3324.11,3326.98,3320.62,3321.66,11623
1744884000,3321.54,3333.7,3321.09,3327.68,12100
1744887600,3327.74,3332.52,3322.31,3327.31,13341
1744891200,3327.29,3341.67,3322.05,3328.12,18827
1744894800,3328.33,3331.97,3312.04,3315.18,23414
1744898400,3315,3315,3283.79,3291.35,25238
1744902000,3291.43,3304.85,3290.7,3296.38,19601
1744905600,3296.45,3318.75,3294.8,3316.01,19623
1744909200,3316.1,3322.51,3314.12,3319.05,15969
1744912800,3319.07,3320.94,3314.17,3316.37,11295
1744916400,3316.3,3321.9,3310.84,3320.56,11163
1744920000,3320.68,3328.7,3317.93,3327.12,7209
1745186400,3331.29,3352.86,3328.96,3345.87,11482
1745190000,3345.95,3351.83,3343.3,3348.02,9436
1745193600,3348.01,3370.47,3347.42,3368.84,15921
1745197200,3368.92,3378.61,3367.33,3377.59,18598
1745200800,3377.6,3384.91,3374.23,3384.68,14778
1745204400,3384.71,3385.15,3378.28,3382.52,11727
1745208000,3382.46,3382.47,3369.27,3376.4,11301
1745211600,3376.4,3385.97,3375.49,3385.52,12271
1745215200,3385.55,3393.18,3382.34,3392.49,16511
1745218800,3392.25,3396.05,3381.79,3384.96,16499
1745222400,3384.97,3394.25,3383.77,3392.67,14187
1745226000,3392.72,3397.14,3390.69,3394.74,13814
1745229600,3394.81,3397.8,3391.81,3395.04,13587
1745233200,3394.68,3405.98,3386.55,3404.36,16931
1745236800,3404.45,3415.71,3398.12,3414.92,19140
1745240400,3414.76,3426.81,3405.2,3420.42,23659
1745244000,3420.39,3430.36,3408.89,3416.74,21160
1745247600,3416.87,3426.03,3407.58,3422.92,18135
1745251200,3422.92,3424.13,3410.12,3414.62,15664
1745254800,3414.67,3422.91,3406.01,3422.31,17312
1745258400,3422.43,3426.66,3417.55,3426.46,15039
1745262000,3426.42,3430.39,3417.54,3423.53,13894
1745265600,3423.55,3427.15,3419.72,3424.13,6885
1745272800,3423.85,3436.05,3423.85,3431.04,8837
1745276400,3431.11,3444.41,3429.22,3434.59,12155
1745280000,3434.52,3435.19,3412.23,3425.61,17014
1745283600,3425.58,3455.04,3421.81,3452.95,20655
1745287200,3452.99,3475.99,3442.29,3472.99,19062
1745290800,3472.85,3494.73,3472.16,3487.91,16376
1745294400,3487.85,3488.5,3479.42,3484.47,11734
1745298000,3484.49,3495.53,3473.15,3494.12,15756
1745301600,3494.34,3499.97,3475.1,3479.69,22960
1745305200,3479.23,3480.6,3460.61,3468.52,21353
1745308800,3468.63,3472.74,3443.15,3443.87,19549
1745312400,3443.85,3458.84,3443.82,3454.54,17765
1745316000,3454.49,3468.28,3451.2,3452.53,16719
1745319600,3452.53,3461.27,3448.18,3456.69,14681
1745323200,3456.8,3464.85,3424.31,3431.46,22375
1745326800,3431.36,3449.78,3408.56,3418.63,26667
1745330400,3418.62,3438.83,3418.04,3429.86,21993
1745334000,3429.92,3433.24,3410.1,3417.7,20720
1745337600,3417.72,3421.07,3372.09,3392.97,26639
1745341200,3393.35,3410.34,3386.01,3401.87,22596
1745344800,3401.88,3402.55,3373.33,3381.5,18537
1745348400,3381.52,3385.89,3366.71,3374.84,18273
1745352000,3374.84,3382.89,3373.5,3381,9556
1745359200,3321.96,3346.85,3315.54,3327.86,17221
1745362800,3328.01,3350.03,3326.89,3336.75,13180
1745366400,3336.7,3370.87,3334.6,3367.71,16391
1745370000,3367.77,3386.56,3358.79,3379.11,23313
1745373600,3378.9,3379.89,3348.29,3354.11,17977
1745377200,3354.15,3355.53,3329.3,3339.02,18081
1745380800,3338.86,3347.29,3335.58,3346.7,9500
1745384400,3346.73,3349.51,3316,3319.23,17827
1745388000,3319.26,3325.98,3291.75,3301,24406
1745391600,3301.49,3320.53,3301.49,3318.94,17740
1745395200,3319.13,3321.52,3305.8,3321.52,15138
1745398800,3321.5,3340.5,3317.26,3317.61,16276
1745402400,3317.48,3336.2,3316.67,3329.94,14075
1745406000,3329.46,3339.31,3321.96,3324.51,15286
1745409600,3324.6,3333.36,3310.6,3310.78,20894
1745413200,3310.81,3313.76,3271.22,3277.18,26145
1745416800,3277.19,3296.36,3259.96,3287.49,27463
1745420400,3287.36,3294.49,3269,3280.29,23833
1745424000,3280.28,3305.61,3279.14,3295.11,20561
1745427600,3295.09,3301.57,3277.86,3281.26,17885
1745431200,3281.35,3286.96,3277.8,3282.76,12389
1745434800,3282.81,3297.18,3282.68,3293.9,12813
1745438400,3294.13,3295.83,3283.92,3288.35,8350
1745445600,3290.74,3315.93,3290.74,3309.15,10197
1745449200,3309.2,3316.9,3308.22,3316.37,7247
1745452800,3316.4,3338.93,3313.35,3331.79,15476
1745456400,3331.71,3367.23,3330.69,3357.24,24147
1745460000,3357.16,3363.35,3335.69,3342.16,18361
1745463600,3342.19,3342.61,3320.53,3326.88,14563
1745467200,3326.89,3331.8,3325.47,3326.09,8833
1745470800,3326.19,3335.36,3320.4,3323.7,12750
1745474400,3323.62,3328.1,3314.68,3324.74,20868
1745478000,3324.71,3339.86,3322.92,3333.76,17401
1745481600,3333.72,3341.59,3327.22,3336.07,14636
1745485200,3336.05,3342.68,3325.28,3335.65,14047
1745488800,3335.66,3336.63,3325.6,3329.83,12299
1745492400,3329.83,3343.96,3329.68,3336.88,13430
1745496000,3337.43,3344.69,3335.44,3335.87,17258
1745499600,3335.84,3336.27,3312.28,3315.34,23000
1745503200,3315.37,3330.29,3306.33,3327.55,23708
1745506800,3327.54,3330.48,3319.24,3329.38,18546
1745510400,3329.38,3335.44,3322.34,3331.54,16787
1745514000,3331.57,3338.68,3329.95,3336.81,14830
1745517600,3336.77,3340.17,3333.57,3334.72,11353
1745521200,3334.68,3347,3333.34,3342.26,11285
1745524800,3342.39,3350.01,3338.16,3348.68,7326
1745532000,3354.47,3370.97,3340.56,3366.98,9359
1745535600,3366.92,3368.19,3346.95,3348.85,10767
1745539200,3348.79,3361.31,3347.09,3357.86,13947
1745542800,3357.7,3363.07,3342.8,3345.67,16766
1745546400,3345.7,3353.22,3344.45,3348.87,13042
1745550000,3348.83,3354.33,3322.26,3323.72,13598
1745553600,3323.75,3327.81,3316.12,3324.74,14764
1745557200,3324.95,3327.12,3286.5,3294.55,17719
1745560800,3294.24,3306.28,3287.59,3304.46,21369
1745564400,3304.37,3314.39,3303.18,3307.49,14394
1745568000,3307.41,3307.97,3291.99,3303.66,15765
1745571600,3303.87,3308.82,3291.88,3292.15,15115
1745575200,3292.08,3306.41,3292.08,3298.06,15344
1745578800,3298.07,3300.99,3288,3293.54,13863
1745582400,3293.5,3303.15,3290.98,3292.62,17005
1745586000,3292.61,3292.91,3265.05,3280.88,24958
1745589600,3280.52,3287.24,3274.51,3277.92,22466
1745593200,3277.94,3285.42,3270.17,3282.87,17854
1745596800,3282.85,3287.56,3280.2,3285.35,13149
1745600400,3285.42,3295.19,3281.74,3293.18,15400
1745604000,3293.23,3296.98,3288.3,3288.33,9292
1745607600,3288.37,3312.48,3287.85,3304.86,11732
1745611200,3304.89,3316.43,3304.81,3316.31,7106
1745791200,3329.58,3331.25,3309.11,3310.59,9016
1745794800,3310.67,3318.07,3298.65,3302.69,11096
1745798400,3302.78,3315.81,3301.47,3314.19,12128
1745802000,3314.17,3315.07,3279.13,3280.92,19036
1745805600,3281.28,3286.38,3267.98,3280.64,14834
1745809200,3280.7,3295.17,3280.24,3290.92,9149
1745812800,3290.83,3299.06,3288.63,3298.84,6965
1745816400,3299.04,3300.99,3287.58,3294.89,9992
1745820000,3294.98,3296.6,3281.85,3283.11,17261
1745823600,3283.09,3292.48,3277.67,3287.37,17575
1745827200,3286.99,3288.61,3279.17,3282.75,13640
1745830800,3282.76,3287.39,3274.53,3274.57,13553
1745834400,3274.58,3291.82,3273.09,3289.53,13983
1745838000,3289.57,3297.25,3284.95,3294.24,14090
1745841600,3294.34,3302.33,3292.74,3296.02,16990
1745845200,3295.99,3301.16,3286.91,3293.21,21873
1745848800,3293.34,3332.99,3293.34,3328.62,23217
1745852400,3328.63,3335.9,3318.88,3324.99,18859
1745856000,3325.08,3339.24,3324.47,3336.57,16261
1745859600,3336.65,3340.04,3333.28,3335.4,14007
1745863200,3335.41,3349.89,3333.91,3348.92,13935
1745866800,3348.91,3353.06,3345.55,3352.11,11617
1745870400,3352.15,3352.31,3342.24,3344.13,6280
1745877600,3345.19,3348.61,3332.27,3337.93,7647
1745881200,3337.88,3342.87,3333.63,3337.64,8067
1745884800,3337.62,3339.02,3327.77,3329.82,10678
1745888400,3329.62,3340.02,3322.64,3326.54,15054
1745892000,3326.44,3333.88,3319.11,3320.7,12890
1745895600,3320.56,3321.67,3307.68,3315.87,13428
1745899200,3315.89,3318.11,3306.57,3309.23,8530
1745902800,3309.2,3316.56,3305.23,3310.35,10829
1745906400,3310.3,3323.94,3308.92,3318.83,14828
1745910000,3318.86,3323.21,3312.39,3322.93,12299
1745913600,3323.09,3324.89,3311.46,3311.91,11713
1745917200,3311.73,3315.92,3308.53,3309.25,12689
1745920800,3309.12,3315.6,3306.16,3312.9,12941
1745924400,3312.89,3315.99,3307.81,3309.41,12167
1745928000,3309.33,3314.61,3300.13,3312.94,17599
1745931600,3312.95,3321.35,3299.42,3306.67,22637
1745935200,3306.92,3317.78,3299.57,3314.62,19967
1745938800,3314.61,3315.65,3305.19,3312.5,16104
1745942400,3312.49,3330.01,3312.32,3328.8,14372
1745946000,3328.79,3329.65,3314.28,3314.43,12388
1745949600,3314.41,3320.1,3313.14,3319.87,10982
1745953200,3319.86,3325.05,3317.94,3320.39,9948
1745956800,3319.98,3323.56,3316.5,3316.93,5978
1745964000,3315.82,3322.89,3315.76,3319.08,5004
1745967600,3319.08,3319.46,3310.88,3317.1,5805
1745971200,3317.17,3328.01,3311.39,3313.16,10762
1745974800,3313.16,3322.85,3307.66,3307.98,14272
1745978400,3307.73,3313.17,3304.99,3306.61,11551
1745982000,3306.59,3311.34,3303.47,3304.56,9518
1745985600,3304.57,3308.84,3301.22,3307.89,9487
1745989200,3307.92,3314.61,3307.57,3309.48,11264
1745992800,3309.57,3311.32,3304.98,3305.85,13455
1745996400,3305.77,3314.72,3303.01,3307.21,13185
1746000000,3307.11,3307.52,3280.35,3284.53,17108
1746003600,3284.51,3286.89,3275.11,3275.87,14635
1746007200,3275.86,3280.78,3271.82,3272.61,12829
1746010800,3272.67,3281.57,3268.23,3272.17,13221
1746014400,3272.22,3304.84,3266.58,3298.61,21912
1746018000,3298.55,3319.72,3296.2,3309.13,22403
1746021600,3308.95,3313.71,3292.86,3309.98,23479
1746025200,3309.9,3314.71,3299.09,3307.94,19230
1746028800,3307.97,3314.3,3307.19,3310.72,14635
1746032400,3310.79,3313.5,3304.89,3305.11,12805
1746036000,3305.14,3307.8,3300.41,3301.6,11913
1746039600,3301.75,3305.71,3292.04,3295.93,10820
1746043200,3295.87,3298.01,3283.2,3288.61,10033
1746050400,3287.66,3290.04,3271.11,3274.06,10511
1746054000,3274.3,3284.98,3269.5,3273.04,10287
1746057600,3273.06,3276.35,3240.69,3246.51,16241
1746061200,3246.5,3251.36,3234.4,3238.89,13892
1746064800,3238.92,3251.77,3235.03,3241.57,10573
1746068400,3241.5,3242.62,3228.68,3229.4,12647
1746072000,3229.45,3232,3221.34,3226.48,11415
1746075600,3226.48,3238.87,3223.5,3236.66,12541
1746079200,3236.68,3243.21,3233.68,3235.63,13998
1746082800,3235.67,3236.85,3226.09,3230.01,13405
1746086400,3230.03,3236.62,3229.88,3235.28,10471
1746090000,3235.27,3236.15,3215.61,3218.52,13002
1746093600,3218.58,3225.37,3213.47,3222.96,13850
1746097200,3223,3227.11,3203.48,3205.54,14965
1746100800,3205.48,3232.65,3201.67,3226.78,20519
1746104400,3226.72,3233.33,3218.5,3224.92,19880
1746108000,3223.98,3231.54,3214.31,3219.17,21893
1746111600,3219.34,3221.86,3204.67,3216.34,17133
1746115200,3216.18,3220.73,3208.87,3219.52,14744
1746118800,3219.56,3220.98,3209.77,3214.55,13658
1746122400,3214.56,3226.91,3212.77,3223.92,11668
1746126000,3223.86,3229.84,3223.83,3228.07,9904
1746129600,3228.53,3239.61,3228.05,3237.61,8556
1746136800,3240.73,3243.34,3232.65,3237.93,6884
1746140400,3237.93,3241.58,3234.64,3237.25,6405
1746144000,3237.24,3244.3,3227.48,3231.41,12424
1746147600,3231.31,3237.47,3231.3,3236.52,12032
1746151200,3236.56,3249.26,3235.82,3248.09,11235
1746154800,3248.08,3258.66,3245.64,3255.02,11156
1746158400,3255.01,3257.52,3250.42,3251.8,9282
1746162000,3251.62,3256.93,3249.66,3251.67,9424
1746165600,3251.73,3262.26,3246.28,3252.74,13233
1746169200,3252.73,3263.37,3251.43,3258.97,12627
1746172800,3259.25,3261.6,3255.28,3258.18,11408
1746176400,3258.2,3266.99,3255.07,3265.33,13018
1746180000,3265.38,3265.63,3257.34,3259.42,12659
1746183600,3259.42,3269.17,3258.08,3262.62,12872
1746187200,3262.67,3264.83,3250.31,3250.39,20392
1746190800,3250.35,3259.67,3239.32,3250.37,24460
1746194400,3250.31,3264.51,3242.13,3262.78,22050
1746198000,3262.8,3264.27,3230.17,3231.59,20407
1746201600,3231.63,3236.23,3222.64,3225.02,20996
1746205200,3225.04,3239.85,3223.41,3231.42,17146
1746208800,3231.43,3232.47,3224.33,3226.36,13272
1746212400,3226.36,3234.44,3226.36,3233.48,12380
1746216000,3233.63,3241.2,3232.67,3240.62,6762
1746396000,3241.79,3244.5,3237.67,3239.49,8807
1746399600,3239.75,3252.37,3238.87,3248.12,10213
1746403200,3248.23,3248.41,3241.02,3246.76,9632
1746406800,3246.79,3270.97,3246.49,3264.68,15184
1746410400,3264.79,3272.37,3259.53,3270.09,13922
1746414000,3269.94,3271.41,3253.14,3254.57,11541
1746417600,3254.6,3259.54,3253.56,3256.6,8423
1746421200,3256.42,3262,3254.16,3259.7,10289
1746424800,3259.73,3265.69,3256.73,3262.09,13469
1746428400,3262.26,3267.73,3258.67,3264.74,13461
1746432000,3264.7,3282.98,3263.09,3282.64,15564
1746435600,3282.64,3308.89,3282.22,3308.71,18716
1746439200,3308.81,3318.67,3308.5,3313.21,17655
1746442800,3313.04,3318.97,3311.34,3312.91,14248
1746446400,3312.9,3322.55,3312.83,3319.57,17586
1746450000,3319.57,3321.07,3311.93,3315.57,17920
1746453600,3313.21,3328.47,3309.94,3312.73,20736
1746457200,3312.76,3317.86,3308.89,3311.97,17065
1746460800,3311.96,3313.63,3305.57,3309.86,15656
1746464400,3309.89,3318.23,3309.1,3317.05,13484
1746468000,3316.98,3323.46,3313.98,3323.24,12065
1746471600,3323.23,3337.52,3322.88,3328.52,14897
1746475200,3328.71,3334.58,3328.71,3333.56,7615
1746482400,3335.68,3338.04,3327.53,3330.77,7173
1746486000,3330.77,3334.93,3328.79,3334.13,7206
1746489600,3334.16,3334.37,3323.09,3329.55,13343
1746493200,3329.61,3381.44,3329.61,3379.54,23588
1746496800,3380.09,3387,3356.42,3358.46,19384
1746500400,3358.54,3372.33,3352.17,3360.36,16010
1746504000,3360.25,3366.21,3356.13,3363.01,11839
1746507600,3363.02,3363.9,3350.09,3361.95,13644
1746511200,3361.18,3367.8,3358.65,3364.77,15798
1746514800,3365.4,3379.53,3365.05,3371.12,16707
1746518400,3371.25,3383.17,3368.52,3377.23,15297
1746522000,3377.23,3383.12,3371.34,3383.12,14288
1746525600,3383.14,3383.79,3376.59,3383.58,14286
1746529200,3383.57,3385.05,3373.76,3379.04,15349
1746532800,3379.11,3392.39,3373.09,3390.99,18623
1746536400,3391.19,3397.62,3387.77,3391.78,22590
1746540000,3391.79,3398.01,3377.95,3386.39,22063
1746543600,3386.37,3399.83,3385.36,3395.07,16338
1746547200,3395.2,3411.57,3394.83,3408.94,18300
1746550800,3408.95,3417.78,3407.4,3414.07,16794
1746554400,3413.94,3417.45,3410.14,3415.53,12806
1746558000,3415.55,3424.13,3412.64,3423.13,12874
1746561600,3423,3434.68,3419.15,3430.51,11843
1746568800,3425.84,3430.24,3380.38,3381.5,19004
1746572400,3381.55,3404.85,3376.93,3400.59,14092
1746576000,3400.67,3401.51,3360.79,3379.81,21093
1746579600,3379.43,3385.1,3360,3374.65,20487
1746583200,3374.63,3393.81,3371.99,3390.6,16572
1746586800,3390.63,3392.54,3369.61,3375.51,12614
1746590400,3375.44,3387.34,3375.01,3382.02,10799
1746594000,3382.09,3389.41,3378.47,3387.8,11960
1746597600,3387.83,3395.88,3387.29,3392.37,13371
1746601200,3392.35,3397.48,3383.75,3387.95,14850
1746604800,3388,3388.67,3378.31,3382.81,14058
1746608400,3382.82,3385.17,3369.68,3370.16,14224
1746612000,3370.04,3393.49,3369.32,3391.3,15642
1746615600,3391.29,3391.53,3383.63,3387.13,13579
1746619200,3387.02,3393.74,3384.02,3390.79,16822
1746622800,3390.8,3398.05,3381.13,3394.37,21301
1746626400,3394.4,3394.7,3375.36,3385.81,20614
1746630000,3386.25,3389.58,3381.89,3385.15,16082
1746633600,3385.08,3389.8,3378.59,3386.94,13367
1746637200,3386.9,3389.8,3383.69,3384.4,12565
1746640800,3384.65,3397.87,3376.1,3384.52,21903
1746644400,3384.69,3386.9,3363.78,3372,20275
1746648000,3372.32,3374.54,3363.42,3364.24,9640
1746655200,3366.96,3373.77,3366.74,3369.98,7276
1746658800,3369.92,3377.17,3369.58,3376.51,6479
1746662400,3376.6,3387.03,3373.82,3380.51,12201
1746666000,3380.59,3409.68,3379.17,3408.73,18814
1746669600,3408.44,3414.7,3401.96,3401.96,15675
1746673200,3401.94,3408.46,3395.6,3396.76,12956
1746676800,3396.74,3399.34,3381.94,3382.15,11929
1746680400,3382.13,3384.23,3354.38,3354.91,17460
1746684000,3355.1,3361.82,3319.97,3329.96,22875
1746687600,3329.64,3349.18,3327.17,3343.02,17837
1746691200,3343.19,3344.27,3337.18,3339.22,13844
1746694800,3339.18,3344.35,3331.23,3332.02,15161
1746698400,3332,3346.68,3330.35,3342.32,16448
1746702000,3342.39,3345.45,3339.18,3344.32,12803
1746705600,3344.28,3358.42,3343.13,3356.06,18456
1746709200,3356.16,3369.5,3354.6,3356.07,21584
1746712800,3356.11,3362.89,3350.75,3356.39,20859
1746716400,3356.53,3360.06,3326.52,3330.62,22668
1746720000,3330.14,3330.27,3304.27,3310.28,21848
1746723600,3310.29,3311.14,3297.55,3308.35,18834
1746727200,3308.33,3310.96,3305.59,3308.33,13399
1746730800,3308.41,3310.05,3288.76,3306.34,15482
1746734400,3306.59,3310.81,3303.71,3305.78,8601
1746741600,3307.84,3324.01,3306.3,3323.73,10146
1746745200,3323.63,3323.84,3311.68,3316.43,9390
1746748800,3316.54,3323,3308.66,3322.27,13917
1746752400,3322.08,3322.27,3286.66,3291.25,20790
1746756000,3291.27,3308.6,3274.81,3308.42,20542
1746759600,3308.32,3313.51,3299.45,3308.19,15348
1746763200,3308.25,3327.31,3308.19,3324.66,12115
1746766800,3324.67,3330.34,3312.82,3321.6,14917
1746770400,3321.6,3326.78,3315.35,3325.35,16190
1746774000,3325.2,3332.32,3322.37,3327.36,16864
1746777600,3327.48,3328.98,3320.19,3328.46,14968
1746781200,3328.48,3329.38,3323.53,3325.1,12242
1746784800,3324.97,3329.86,3321.89,3323.49,10929
1746788400,3323.49,3338.34,3323.22,3333.1,15559
1746792000,3333.11,3335.67,3328.99,3333.53,16698
1746795600,3333.49,3340.44,3328.5,3330.79,21119
1746799200,3330.76,3341.08,3320.26,3337.04,21643
1746802800,3337.09,3346.27,3336.09,3344.95,17763
1746806400,3344.98,3347.48,3336.27,3336.74,15551
1746810000,3336.73,3342.65,3335.97,3340.84,12902
1746813600,3340.86,3342.99,3336.17,3338.65,11081
1746817200,3338.59,3339.84,3325.55,3328.85,13853
1746820800,3328.78,3330.33,3325.17,3325.42,7373
1747000800,3287.71,3291.71,3266.66,3272.59,13051
1747004400,3272.53,3289.06,3265.9,3287.65,14888
1747008000,3287.57,3289.87,3272.23,3279.19,15177
1747011600,3279.21,3282.22,3258.72,3271.92,21587
1747015200,3271.91,3279.8,3269.35,3272.16,16521
1747018800,3272.18,3284.74,3270.43,3283.28,13226
1747022400,3283.35,3283.58,3275.61,3278.69,10336
1747026000,3278.77,3279.52,3268.43,3276.09,13487
1747029600,3276.09,3281.57,3272.88,3277.58,17596
1747033200,3277.42,3277.89,3216.15,3222.67,26642
1747036800,3222.69,3234.34,3220.52,3231.42,22028
1747040400,3231.48,3231.48,3212.96,3215.25,17285
1747044000,3215.22,3219.55,3207.71,3208.22,18109
1747047600,3208.04,3229.19,3207.98,3224.88,18866
1747051200,3224.7,3234,3220.33,3233.59,19399
1747054800,3233.87,3248.6,3231.65,3240.61,25057
1747058400,3240.3,3247.81,3233.41,3237.54,23499
1747062000,3237.62,3243.96,3232.7,3239.19,18022
1747065600,3239.12,3240.1,3222.96,3224.26,17616
1747069200,3224.25,3227.6,3221.12,3223.26,15126
1747072800,3223.26,3230.08,3220.28,3229.56,12430
1747076400,3229.57,3238.84,3228.85,3235.43,14421
1747080000,3235.42,3238.39,3232.63,3234.72,6443
1747087200,3238.96,3241.8,3229.83,3233.8,7830
1747090800,3233.7,3240.12,3233.4,3236.88,7482
1747094400,3236.9,3243.2,3233.83,3239.93,13200
1747098000,3239.89,3243.37,3215.51,3225.11,19583
1747101600,3225.17,3241.08,3223.14,3228.84,16409
1747105200,3228.86,3238.33,3228.16,3236.63,12742
1747108800,3236.55,3253.55,3234.83,3252.63,11287
1747112400,3252.71,3260.62,3251.27,3256.56,14353
1747116000,3256.86,3265.43,3247.25,3262.25,16472
1747119600,3262.19,3264.87,3254.01,3258.95,15138
1747123200,3259.12,3260.89,3250.01,3255.46,13797
1747126800,3255.43,3256.5,3250.59,3253.41,12721
1747130400,3253.4,3256.29,3251.06,3252.87,11399
1747134000,3252.86,3258.58,3248.75,3249.1,13847
1747137600,3249.16,3249.8,3237.26,3241.84,21119
1747141200,3241.56,3246.94,3227.14,3227.42,22466
1747144800,3227.35,3248.74,3225.26,3242.75,21392
1747148400,3242.77,3255.82,3241.98,3253.43,17677
1747152000,3253.44,3257.87,3248.74,3251.01,14250
1747155600,3250.91,3252.73,3242.02,3247.13,13215
1747159200,3247.13,3250.87,3245.74,3248.63,11465
1747162800,3248.8,3251.19,3246.31,3249.37,10599
1747166400,3249.29,3254.88,3248.11,3250.12,6390
1747173600,3252.02,3254.64,3249.54,3254.52,4921
1747177200,3254.48,3257.01,3252.01,3254.34,6049
1747180800,3254.33,3254.5,3240.36,3243.87,14402
1747184400,3243.9,3251.58,3237.04,3238.72,18544
1747188000,3238.63,3241.51,3229.12,3232.69,16482
1747191600,3232.67,3233.54,3226.08,3228.49,14069
1747195200,3228.53,3230.37,3222.33,3223.98,12810
1747198800,3223.97,3234.46,3221.33,3233.86,13995
1747202400,3233.93,3236.65,3227.64,3228.73,15549
1747206000,3228.8,3238.84,3224.2,3237.88,17456
1747209600,3237.98,3243.7,3230.6,3232.51,17771
1747213200,3232.52,3236.56,3229.11,3232.3,16382
1747216800,3232.28,3236.43,3229.6,3235.66,13727
1747220400,3235.73,3239.13,3219.25,3220.15,15674
1747224000,3220.61,3222.55,3183.78,3184.69,24277
1747227600,3184.97,3198.25,3174.89,3191.46,25728
1747231200,3191.44,3194.23,3179.47,3181.76,22249
1747234800,3181.74,3186.67,3178.99,3182.55,19495
1747238400,3182.67,3190.91,3173.48,3188.43,17801
1747242000,3188.41,3190.38,3180.96,3181.82,15751
1747245600,3181.83,3183.07,3171.64,3171.95,13720
1747249200,3171.93,3181.51,3167.67,3180.6,14948
1747252800,3180.69,3183.26,3176.76,3177.43,7503
1747260000,3178.06,3183.9,3177.61,3182.66,6187
1747263600,3182.66,3187.28,3181.1,3186.06,7354
1747267200,3186.03,3187.83,3180.06,3187.72,12057
1747270800,3187.79,3192.69,3171.07,3172.43,17928
1747274400,3172.46,3175.59,3150.09,3154.3,18510
1747278000,3154.34,3157.13,3148.08,3150.56,13920
1747281600,3150.46,3152.68,3135.31,3138.45,12869
1747285200,3138.69,3142.95,3123.65,3128.92,15591
1747288800,3128.96,3153.81,3120.44,3149.75,21463
1747292400,3149.74,3152,3130.6,3142.23,19420
1747296000,3142.16,3163.94,3139.23,3162.49,17651
1747299600,3162.48,3171.7,3159.2,3165.35,15988
1747303200,3165.21,3179.01,3164.04,3178.24,15173
1747306800,3178.25,3180.1,3172.51,3179.21,14441
1747310400,3179.05,3189.86,3177.43,3188.74,19241
1747314000,3188.75,3199.64,3185.21,3192.18,23430
1747317600,3192.23,3207.01,3190.46,3205.44,22249
1747321200,3205.39,3220.16,3204.52,3219.72,18357
1747324800,3219.73,3222.72,3215.85,3222.26,13952
1747328400,3222.34,3229.09,3216.5,3221.11,13939
1747332000,3221.2,3225.93,3219.7,3223.24,11248
1747335600,3223.38,3232.74,3222.24,3232.03,12867
1747339200,3231.97,3240.62,3231.06,3239.9,8241
1747346400,3239.29,3252.27,3237.02,3251.18,9540
1747350000,3251.16,3251.19,3236.43,3237.19,11466
1747353600,3237.22,3244.05,3231.84,3243.2,15117
1747357200,3243.23,3244.55,3215.12,3222.24,18634
1747360800,3222.04,3227.34,3212.83,3215.54,14435
1747364400,3215.32,3217.47,3206.57,3211.94,14823
1747368000,3211.74,3222.47,3211.69,3219.65,11338
1747371600,3219.64,3222.32,3211.73,3218.51,12425
1747375200,3218.67,3231.23,3212.71,3214.78,16240
1747378800,3214.77,3218.06,3205.21,3207.66,16382
1747382400,3207.67,3209.13,3195.57,3207.43,14961
1747386000,3207.39,3212.94,3203.72,3209.26,13463
1747389600,3209.29,3211.07,3168.93,3176.07,17515
1747393200,3176.21,3179.23,3154.11,3163.15,18176
1747396800,3163.16,3182.06,3154.95,3177.49,20848
1747400400,3177.5,3186.7,3169.35,3180.25,22335
1747404000,3180.35,3188.09,3165.55,3173.33,21341
1747407600,3173.36,3185.11,3172.78,3183.47,15510
1747411200,3183.37,3189.8,3180.35,3189.26,13358
1747414800,3189.38,3192.25,3183.35,3189.47,12022
1747418400,3189.59,3191.16,3184.78,3187.44,9135
1747422000,3187.46,3195.79,3187.46,3192.68,9658
1747425600,3192.66,3202.85,3192.21,3201.36,8701
1747605600,3212.17,3240.76,3206.23,3238.99,13969
1747609200,3238.87,3245.31,3226.5,3234.86,11729
1747612800,3234.85,3249.79,3233.49,3246.52,14129
1747616400,3246.4,3246.55,3214.37,3218.39,19183
1747620000,3218.27,3230.1,3217.11,3228.54,14218
1747623600,3228.54,3230.58,3208.02,3212.11,11748
1747627200,3212.03,3218.16,3206.58,3215.91,9000
1747630800,3215.92,3224.26,3214.95,3224.09,11270
1747634400,3224.15,3231.66,3220.37,3224.18,15991
1747638000,3224.18,3234.58,3224.18,3232.31,16021
1747641600,3232.29,3244.8,3229.92,3244.39,13830
1747645200,3244.57,3247.5,3233.73,3241.93,14128
1747648800,3241.94,3245.19,3233.91,3241.77,11467
1747652400,3241.77,3248.4,3239.05,3243.82,11361
1747656000,3243.84,3244.47,3228.71,3229.17,16854
1747659600,3229.27,3241.59,3224.43,3230.07,21809
1747663200,3230.1,3236.05,3217.06,3233.96,19829
1747666800,3234.01,3239.78,3229.36,3231.76,15228
1747670400,3231.76,3234.24,3228.07,3231.71,13479
1747674000,3231.7,3233.08,3225.47,3226.34,12738
1747677600,3226.32,3235.14,3225.32,3233.44,10597
1747681200,3233.49,3235.84,3231.56,3233.04,8427
1747684800,3233.11,3233.75,3227.99,3230.17,5599
1747692000,3228.87,3230.35,3224.56,3226.88,5261
1747695600,3226.91,3227.52,3218.95,3222.52,7434
1747699200,3222.55,3224.19,3214.1,3222.82,12276
1747702800,3222.85,3232.75,3220.29,3221.11,17356
1747706400,3221.33,3223.08,3206.51,3206.72,15527
1747710000,3206.73,3214.26,3204.57,3211.37,12428
1747713600,3211.35,3218.02,3211.18,3217.03,9759
1747717200,3216.99,3219.87,3209.8,3213.9,12965
1747720800,3213.5,3219.19,3208.64,3209.85,14938
1747724400,3209.84,3225.47,3207.8,3222.82,14799
1747728000,3222.83,3236.17,3218.16,3235.7,14403
1747731600,3235.78,3239.41,3230.56,3236.33,14649
1747735200,3236.31,3238.46,3231.87,3235.35,10290
1747738800,3235.36,3241.74,3235.15,3241.28,12145
1747742400,3241.12,3250.37,3234.4,3242.76,16784
1747746000,3242.77,3261.71,3232.7,3261.09,21774
1747749600,3261.37,3285.81,3260.38,3282.45,24744
1747753200,3282.47,3283.5,3273.46,3277.34,18058
1747756800,3277.3,3282.57,3275.24,3278.81,13537
1747760400,3278.8,3287.93,3278.3,3286.42,13715
1747764000,3286.47,3289.66,3284.12,3287.78,13623
1747767600,3287.69,3295.04,3287.23,3294.1,11440
1747771200,3294.27,3295.7,3289.2,3289.89,8086
1747778400,3291.3,3304.04,3290.96,3296.75,10251
1747782000,3296.81,3296.81,3288.23,3290.75,8939
1747785600,3290.72,3304.19,3288.9,3303.5,12514
1747789200,3303.49,3314.24,3285.4,3294.55,19727
1747792800,3294.52,3305.17,3289.49,3301.75,15110
1747796400,3301.73,3309.78,3298.91,3307.61,12374
1747800000,3307.58,3308.15,3301.18,3302.04,9792
1747803600,3302.08,3319.72,3298.37,3316.35,13460
1747807200,3316.59,3320.64,3310.68,3319.95,16094
1747810800,3319.96,3319.96,3307.8,3309.86,15496
1747814400,3310.25,3312.38,3303.91,3308.36,13788
1747818000,3308.47,3313.61,3306.97,3313.61,12566
1747821600,3313.69,3318.29,3308.56,3311.73,13778
1747825200,3311.91,3316.4,3306.59,3311.18,13600
1747828800,3311.15,3312.77,3290.39,3302.57,20411
1747832400,3302.85,3309.53,3295.51,3303.65,21518
1747836000,3303.36,3307.73,3295.27,3304.35,19984
1747839600,3304.55,3315.29,3303.59,3312,16860
1747843200,3312.02,3314.68,3302.71,3303.21,14929
1747846800,3303.2,3316.35,3302.73,3316.29,17662
1747850400,3316.3,3316.45,3311.86,3314.32,12559
1747854000,3314.3,3324.89,3314.3,3318.3,14051
1747857600,3318.46,3319.85,3313.07,3315.09,7976
1747864800,3319.25,3321.08,3315.58,3318,7208
1747868400,3317.93,3324.24,3317.14,3320.13,9408
1747872000,3320.42,3326.1,3319.39,3323.84,12210
1747875600,3323.81,3342.94,3320.15,3338.02,19266
1747879200,3337.67,3344.71,3336.48,3341.2,14910
1747882800,3341.18,3345.35,3334.9,3335.36,13058
1747886400,3335.34,3339.11,3332.71,3338.46,11005
1747890000,3338.44,3339.46,3326.25,3332.28,11897
1747893600,3332.27,3335.7,3325.28,3326.54,16417
1747897200,3326.51,3331.24,3322.42,3327.68,16224
1747900800,3327.81,3329.95,3310.05,3311.3,18578
1747904400,3311.31,3313.97,3304,3304.75,16394
1747908000,3304.69,3307.52,3288.44,3289.74,17612
1747911600,3289.67,3314.77,3282.96,3314.46,19417
1747915200,3314.19,3314.43,3300.99,3304.18,20935
1747918800,3304.48,3315.82,3286.85,3287.75,23443
1747922400,3287.74,3304.63,3279.18,3296.99,23195
1747926000,3297.19,3298.91,3281.18,3294.74,20352
1747929600,3294.92,3305.01,3291.09,3301.59,15869
1747933200,3301.58,3301.81,3290.02,3296.53,16001
1747936800,3296.51,3298.9,3292.38,3293.83,12162
1747940400,3293.84,3297.2,3289.05,3290.19,12174
1747944000,3290.2,3295.72,3289.61,3294.81,7684
1747951200,3295.46,3299.43,3295.16,3297.81,5255
1747954800,3297.78,3302.19,3297.34,3300.15,6546
1747958400,3300.22,3308.89,3286.92,3301.01,15531
1747962000,3300.97,3306.49,3295.71,3305.25,16743
1747965600,3305.37,3305.37,3290.96,3296.93,13078
1747969200,3296.87,3303.45,3296.41,3302.03,10018
1747972800,3302.01,3316.23,3301.92,3313.58,11567
1747976400,3313.59,3325.66,3312.47,3323.87,14203
1747980000,3323.89,3332.07,3322.99,3331.12,16526
1747983600,3331.13,3334.49,3326.82,3329.24,14137
1747987200,3329.15,3329.46,3322.62,3326.47,13369
1747990800,3326.46,3334.06,3324.84,3328.69,13651
1747994400,3328.67,3331.94,3323.57,3328.58,12916
1747998000,3328.55,3349.81,3324.46,3348.06,17942
1748001600,3347.75,3360.23,3344.77,3357.01,25409
1748005200,3357.37,3364.71,3337.06,3340.08,25335
1748008800,3340.1,3359.7,3336.52,3359.33,22719
1748012400,3359.4,3362.28,3352.13,3361.66,18130
1748016000,3361.65,3364.55,3357.18,3359.04,16467
1748019600,3359.05,3365.88,3356.43,3362.78,13986
1748023200,3362.77,3365.85,3361.11,3361.96,11321
1748026800,3362.01,3365.83,3358.28,3360.76,12040
1748030400,3360.75,3361.72,3356.75,3360.07,6720
1748210400,3352.87,3356.25,3341.32,3344.36,10955
1748214000,3344.53,3350.75,3341.38,3342.64,7662
1748217600,3342.64,3346.19,3331.55,3342.11,11855
1748221200,3342.26,3347.65,3335.52,3345.11,15121
1748224800,3345.06,3356.59,3343.35,3348.17,12935
1748228400,3348.1,3349.99,3344.26,3347.65,9687
1748232000,3347.69,3351.06,3346.27,3349.81,7874
1748235600,3349.9,3351.63,3344.02,3347.47,9785
1748239200,3347.46,3347.61,3337.22,3337.27,13149
1748242800,3337.3,3338.83,3331.96,3337.48,14151
1748246400,3337.49,3339.68,3330.78,3334.53,12683
1748250000,3334.74,3336.25,3323.56,3328.72,12894
1748253600,3328.71,3333.51,3328.71,3331.58,8991
1748257200,3331.58,3334.54,3329.2,3333.14,7520
1748260800,3333.08,3335.08,3326.3,3334.39,11379
1748264400,3334.47,3339.07,3331.25,3338.33,13512
1748268000,3338.34,3341.61,3335.56,3337.39,13764
1748271600,3337.39,3339.76,3336.91,3337.91,8922
1748275200,3337.91,3343.69,3337.52,3342.18,7873
1748278800,3342.19,3343.19,3340.48,3341.28,5587
1748282400,3341.31,3343.22,3341.01,3342.19,2832
1748296800,3343.45,3348.8,3342.75,3347.71,6862
1748300400,3347.68,3348.59,3344.5,3346.08,6930
1748304000,3346.28,3349.87,3342.21,3345.04,10212
1748307600,3345.15,3347.3,3331.95,3335.88,15337
1748311200,3335.91,3344.48,3335.04,3342.91,13160
1748314800,3342.97,3347.32,3340.78,3341.23,10593
1748318400,3341.22,3341.6,3330.31,3330.7,10897
1748322000,3330.77,3332.61,3315.57,3323.46,17495
1748325600,3323.49,3328.35,3305.22,3308.76,19433
1748329200,3308.52,3312.63,3292.27,3296.32,19047
1748332800,3296.23,3310.44,3296.17,3298.61,17960
1748336400,3298.63,3309.69,3294.57,3296.38,16977
1748340000,3296.28,3299.43,3290.33,3293.29,14985
1748343600,3293.44,3298.01,3287.69,3288.41,14986
1748347200,3288.39,3297.79,3287.97,3293.77,17346
1748350800,3294.19,3304.63,3292.02,3295.27,20905
1748354400,3295.14,3303.27,3285.13,3299.94,20375
1748358000,3299.86,3303.09,3289.42,3293.6,16228
1748361600,3293.64,3298.85,3293.15,3297.82,11329
1748365200,3297.71,3304.37,3296.73,3301.32,11833
1748368800,3301.35,3303.9,3299.12,3303.09,9168
1748372400,3303.04,3308.06,3302.96,3304.46,8785
1748376000,3304.49,3305.08,3299.62,3300.51,5319
1748383200,3301.67,3305.73,3301.61,3303.27,6363
1748386800,3303.55,3310.94,3297.06,3309.27,8480
1748390400,3309.33,3315.88,3308.36,3308.69,9532
1748394000,3308.6,3310.86,3298.38,3301.85,14367
1748397600,3301.86,3313.55,3300.39,3302.55,14938
1748401200,3302.59,3304.21,3291.42,3297.83,14054
1748404800,3297.82,3298.94,3294.34,3296.48,9270
1748408400,3296.39,3310.3,3296.07,3307.35,13112
1748412000,3307.39,3308.74,3298.46,3308.22,13870
1748415600,3308.23,3322.48,3307.06,3319.09,16838
1748419200,3319.2,3323.83,3315.11,3321.62,15412
1748422800,3321.64,3325.51,3319.85,3324.11,10696
1748426400,3324.12,3324.68,3311.71,3313.31,12850
1748430000,3313.31,3315.01,3307.27,3311.17,13213
1748433600,3311.21,3314.55,3305.13,3312.34,15765
1748437200,3312.39,3316.2,3297.51,3305.18,20951
1748440800,3305.19,3309.11,3300.44,3302.71,18929
1748444400,3302.61,3302.72,3292.58,3296,17408
1748448000,3296.12,3299.21,3288.62,3293.41,14345
1748451600,3293.4,3299.11,3291.36,3296.75,12232
1748455200,3296.64,3302.94,3296.56,3302.08,12815
1748458800,3302.14,3302.97,3293.95,3296.94,12713
1748462400,3297.07,3297.35,3276.55,3288.45,7942
1748469600,3286.59,3294.76,3281.92,3286.66,8699
1748473200,3286.75,3287.84,3250.04,3259.61,19862
1748476800,3259.44,3269.16,3253.79,3264.97,18968
1748480400,3265.11,3265.92,3245.46,3263.66,20213
1748484000,3263.75,3275.45,3261.16,3270.07,15915
1748487600,3270.07,3279.95,3267.99,3274.77,14179
1748491200,3274.67,3275.44,3269.14,3269.23,11041
1748494800,3269.31,3272.77,3266.15,3272.61,12908
1748498400,3272.61,3276.44,3268.04,3271.7,14897
1748502000,3271.82,3287.36,3271.69,3286.41,14811
1748505600,3286.4,3289.39,3278.32,3281.66,12810
1748509200,3281.59,3283.25,3276.32,3282.17,11579
1748512800,3282.18,3300.78,3282.02,3296.68,14967
1748516400,3296.58,3305.5,3295.37,3299.73,14275
1748520000,3299.85,3317.61,3298.53,3316.41,20070
1748523600,3316.44,3321.97,3310.24,3312.35,22292
1748527200,3312.6,3319.35,3304.88,3310.35,20198
1748530800,3310.38,3322.04,3309.74,3321.5,14523
1748534400,3321.58,3330.96,3319.87,3322.21,15166
1748538000,3322.13,3324.53,3318.01,3324.32,13358
1748541600,3324.14,3325.71,3317.44,3321.32,11960
1748545200,3321.29,3321.55,3315.49,3316.66,11154
1748548800,3316.6,3318.4,3315.27,3317.65,5807
1748556000,3319.51,3321.02,3313.61,3314.3,5830
1748559600,3314.26,3317.44,3312.87,3315.57,7505
1748563200,3315.54,3318.94,3309.38,3312.58,11189
1748566800,3312.6,3322.77,3308.07,3309.98,16496
1748570400,3309.76,3312.25,3294.92,3297.22,15808
1748574000,3297.03,3302.38,3291.41,3294.46,12169
1748577600,3294.25,3296.37,3291.43,3296.28,9316
1748581200,3296.14,3305.01,3289.93,3303.93,12516
1748584800,3303.8,3304.24,3290.23,3301.77,15036
1748588400,3301.61,3301.61,3287.16,3294.93,15258
1748592000,3294.42,3299.2,3291.53,3295.81,13689
1748595600,3295.74,3299.27,3292.65,3295.69,11927
1748599200,3295.7,3300.67,3292.51,3295.3,11636
1748602800,3295.27,3297.28,3288.5,3293.94,12738
1748606400,3293.94,3306.88,3282.56,3304.06,21766
1748610000,3304.03,3308.16,3274.98,3276.78,21937
1748613600,3277.16,3287.35,3271.18,3282.67,22349
1748617200,3282.7,3292.76,3275.97,3288.58,18897
1748620800,3288.55,3295.67,3283.86,3293.33,16154
1748624400,3293.28,3294.66,3289.83,3291.05,11951
1748628000,3291.06,3295.07,3291.06,3293.92,9145
1748631600,3293.78,3295.07,3291.67,3294.97,9074
1748635200,3295.07,3295.79,3289.81,3291.15,5621
1748815200,3298.03,3315.05,3298.03,3313.12,10987
1748818800,3313.11,3316.57,3309.17,3310.26,8711
1748822400,3310.1,3314.99,3303.25,3311.27,12929
1748826000,3311.41,3313.63,3301.4,3303.72,13947
1748829600,3303.74,3311.51,3303.52,3307.29,10648
1748833200,3307.25,3308.97,3303.24,3308.72,9561
1748836800,3308.81,3318.26,3308.77,3313.82,10861
1748840400,3313.83,3325.6,3313.75,3323.59,11601
1748844000,3323.61,3345.22,3323.61,3344.49,16734
1748847600,3344.5,3359.13,3342.85,3352.63,18811
1748851200,3352.6,3356.45,3350.1,3351.99,13082
1748854800,3351.99,3352.58,3344.55,3348.4,13401
1748858400,3348.41,3351.35,3344.64,3348.68,13584
1748862000,3348.69,3360.15,3346.06,3356.35,14511
1748865600,3356.27,3363.59,3354.02,3355.39,17228
1748869200,3355.58,3376.25,3350.58,3371.03,21189
1748872800,3374.53,3378.86,3367.51,3376.14,22168
1748876400,3376.06,3378.84,3369.61,3374.42,16621
1748880000,3374.38,3379.36,3369.29,3371.88,14779
1748883600,3371.84,3375.99,3371.33,3374.34,13077
1748887200,3374.34,3380.07,3370.86,3379.27,11704
1748890800,3379.2,3382.37,3377.87,3381.6,10915
1748894400,3381.72,3382.95,3378.41,3381.68,6869
1748901600,3383.66,3391.4,3383.06,3389.91,8222
1748905200,3389.98,3392.18,3383.13,3387.45,8182
1748908800,3387.47,3388.69,3373.69,3375.78,13544
1748912400,3375.81,3375.89,3363.32,3372.83,20097
1748916000,3372.78,3378.11,3364.42,3368.89,16243
1748919600,3368.68,3369.67,3359.51,3361.03,12435
1748923200,3361.04,3365.25,3359.12,3362.75,10577
1748926800,3362.86,3367.81,3356.15,3365.02,13116
1748930400,3365.26,3367.39,3351.09,3358.8,16222
1748934000,3358.67,3361.35,3352.49,3359.58,15643
1748937600,3359.64,3364.92,3359.64,3361.26,12616
1748941200,3361.26,3362.74,3354.8,3356.92,12494
1748944800,3356.91,3358.61,3354.87,3355.4,11671
1748948400,3355.4,3360.51,3353.52,3359.33,11286
1748952000,3359.37,3363.04,3348.76,3359.34,17755
1748955600,3359.36,3363.17,3340.84,3345.73,20423
1748959200,3345.92,3350.13,3333.18,3346.43,20519
1748962800,3346.4,3351.58,3344.07,3350.1,15381
1748966400,3350.32,3353.58,3344.7,3348.49,12894
1748970000,3348.49,3354.6,3347.23,3353.22,10708
1748973600,3353.25,3353.88,3350.37,3353.5,7828
1748977200,3353.51,3355.53,3351.27,3352.49,8455
1748980800,3352.55,3355.31,3352.54,3353.41,4517
1748988000,3355.56,3358.55,3354.61,3357.24,4751
1748991600,3357.27,3361.64,3355.16,3359.98,7076
1748995200,3360,3360.23,3349.72,3350.14,13770
1748998800,3350.18,3372.44,3346.26,3370.65,17603
1749002400,3370.83,3372.64,3363.01,3365.62,13152
1749006000,3365.6,3367.52,3358.27,3359.09,10643
1749009600,3359.2,3361.49,3352.2,3354.86,11285
1749013200,3354.97,3356.54,3347.84,3350.98,13477
1749016800,3351.1,3358.37,3349.11,3355.68,14733
1749020400,3355.73,3365.1,3353.28,3354.59,14258
1749024000,3354.49,3364.26,3351.78,3362.74,13900
1749027600,3362.85,3365,3359.39,3362.9,12539
1749031200,3362.91,3363.99,3347.21,3350.88,13578
1749034800,3350.86,3352.07,3343.43,3346.71,14544
1749038400,3346.57,3360.7,3344.22,3358.91,20017
1749042000,3358.95,3362.65,3350.74,3352.76,18847
1749045600,3352.62,3384.58,3351.08,3377.44,21767
1749049200,3377.42,3378.96,3369.74,3371.69,16064
1749052800,3371.68,3376.35,3370.77,3375.03,11744
1749056400,3374.85,3380.9,3373.05,3379.17,10139
1749060000,3379.19,3382.2,3374.94,3376.22,9019
1749063600,3376.14,3376.23,3371.8,3373.63,9147
1749067200,3373.52,3374.94,3370.65,3372.32,6049
1749074400,3373.13,3376,3372.36,3373.59,4410
1749078000,3373.7,3379.09,3372.37,3378.04,6558
1749081600,3378.21,3381.75,3372.23,3380.2,11990
1749085200,3380.17,3384.2,3370.41,3373.81,15504
1749088800,3373.71,3375.14,3368.16,3370.83,11578
1749092400,3370.82,3377.27,3369.22,3369.69,10479
1749096000,3369.72,3372.55,3363.72,3368.35,11298
1749099600,3368.48,3369.61,3361.12,3364.25,11847
1749103200,3364.26,3369.93,3363.78,3366.09,13140
1749106800,3365.9,3374.47,3365.4,3371.32,12939
1749110400,3371.31,3376.96,3369.72,3375.27,12059
1749114000,3375.31,3391.27,3374.15,3389.55,18813
1749117600,3389.47,3400.45,3388.3,3399.89,16537
1749121200,3399.95,3403.57,3391.61,3392.25,17658
1749124800,3392.7,3400.01,3377.82,3383.12,21066
1749128400,3383.13,3388.61,3370.99,3378.23,26434
1749132000,3378.55,3383.31,3363.97,3367.58,25078
1749135600,3367.63,3373.17,3339.27,3344.72,24461
1749139200,3344.27,3356.65,3340.02,3353.97,19328
1749142800,3354.31,3354.68,3348.84,3354.01,13619
1749146400,3354.03,3356,3350.44,3353.53,12137
1749150000,3353.5,3361.29,3352.51,3356.82,14568
1749153600,3356.61,3357.58,3351.83,3352.61,6936
1749160800,3354.47,3363.45,3353.13,3359.1,8972
1749164400,3359.15,3362.66,3357.37,3361.94,7512
1749168000,3361.72,3364.09,3357.31,3359.37,11056
1749171600,3359.26,3368.66,3356.21,3363.92,15979
1749175200,3363.93,3366.55,3362.07,3363.99,12020
1749178800,3363.97,3371.89,3359.27,3369.61,11729
1749182400,3369.7,3374.66,3369.11,3373.7,10495
1749186000,3373.63,3375.49,3362.2,3366.22,14341
1749189600,3366.12,3367.08,3356.05,3360.82,17751
1749193200,3360.86,3362.42,3352.74,3359.5,15773
1749196800,3359.72,3367.8,3358.38,3365.3,14130
1749200400,3365.32,3365.36,3352.88,3356.82,13608
1749204000,3356.74,3360.93,3355.84,3360.57,11926
1749207600,3360.72,3364.36,3358.14,3358.42,13163
1749211200,3358.48,3364.16,3343.21,3353.26,22230
1749214800,3353.4,3360.96,3342.46,3343.22,25710
1749218400,3343.2,3345,3316.32,3326.1,25559
1749222000,3326.2,3336.76,3323.31,3332.14,19151
1749225600,3331.95,3332.77,3320.83,3322.83,16271
1749229200,3322.83,3326.82,3321.47,3323.51,12972
1749232800,3323.52,3323.91,3313.65,3317.45,12517
1749236400,3317.49,3318.95,3311.31,3312.4,10980
1749240000,3312.44,3312.87,3307.12,3311.93,6735
1749420000,3315.33,3321.11,3309.17,3314.9,9044
1749423600,3314.93,3318.57,3313.36,3317.97,8188
1749427200,3318.07,3318.73,3298.26,3305.49,15834
1749430800,3305.74,3309.44,3294.63,3295.82,17192
1749434400,3295.91,3307.58,3293.22,3305.5,14246
1749438000,3305.51,3312.06,3304.2,3310.83,11799
1749441600,3310.96,3313.51,3309.21,3311.64,9097
1749445200,3311.81,3316.61,3309.52,3314.72,11442
1749448800,3314.71,3324.91,3312.35,3324.28,14298
1749452400,3324.22,3328.58,3321.64,3324.07,14334
1749456000,3324.39,3325.71,3319.69,3319.75,13531
1749459600,3319.77,3323.54,3316.77,3318.59,12739
1749463200,3318.6,3319.77,3312.09,3314.74,11553
1749466800,3314.75,3321.34,3313.65,3317.42,13337
1749470400,3317.46,3322.49,3312.8,3320.01,15910
1749474000,3320,3321.74,3310.63,3319.31,20699
1749477600,3319.24,3326.89,3316.03,3320.89,19021
1749481200,3320.9,3332.07,3320.39,3328.71,14140
1749484800,3328.71,3337.84,3327.45,3337.65,13308
1749488400,3337.82,3338.29,3332.86,3333.58,10529
1749492000,3333.57,3337.02,3332.65,3333.25,9797
1749495600,3333.23,3335.49,3325.85,3327.08,10324
1749499200,3327.18,3329.53,3325,3325.58,6140
1749506400,3326.92,3327.17,3321.6,3323.56,6669
1749510000,3323.5,3328,3323.5,3326.83,6220
1749513600,3326.88,3326.88,3314.68,3316.69,13964
1749517200,3317,3319.94,3302.88,3306.21,18937
1749520800,3306.09,3310.33,3301.74,3309.41,14790
1749524400,3309.39,3310.37,3305.1,3307.59,11211
1749528000,3307.66,3308.76,3302.66,3307.34,9800
1749531600,3307.35,3319.19,3306.81,3317.57,16026
1749535200,3317.81,3331.1,3315.34,3325.39,17735
1749538800,3325.32,3332.1,3324.1,3330.05,15609
1749542400,3330.05,3335.01,3326.03,3329.27,13696
1749546000,3329.3,3331.92,3327.08,3329.79,10579
1749549600,3329.79,3336.26,3328.31,3335.44,11415
1749553200,3335.39,3342.57,3332.31,3333.82,14149
1749556800,3333.83,3340.27,3328.27,3337.26,16699
1749560400,3337.27,3349.11,3335.38,3343.58,19578
1749564000,3343.56,3343.76,3325.39,3328.49,20453
1749567600,3328.14,3329.38,3323.12,3326.71,16629
1749571200,3326.7,3327.78,3319.68,3321.41,13578
1749574800,3321.37,3325.96,3320.39,3324.84,11105
1749578400,3324.86,3325.37,3319.19,3321.52,10514
1749582000,3321.53,3334.55,3321.38,3328.81,11845
1749585600,3328.9,3328.94,3322.37,3322.52,7658
1749592800,3321.42,3327.4,3320.53,3324.42,6776
1749596400,3324.47,3328.09,3315.56,3327.92,10825
1749600000,3328.05,3335.19,3324.92,3332.49,13343
1749603600,3332.4,3337.5,3327.59,3328.41,13698
1749607200,3328.54,3339.61,3327.08,3338.19,12182
1749610800,3338.24,3341.71,3336.41,3339.38,9461
1749614400,3339.28,3342.91,3336.87,3341.79,9561
1749618000,3341.77,3343.18,3335.42,3339.61,12155
1749621600,3339.68,3340.23,3332.55,3337.18,14261
1749625200,3337.36,3348.54,3335.04,3345.67,13997
1749628800,3345.66,3346.67,3342.52,3344.47,11492
1749632400,3344.58,3344.65,3330.94,3333.73,15548
1749636000,3333.91,3336.69,3328.49,3329.82,11981
1749639600,3329.77,3335.21,3326.19,3333.06,13184
1749643200,3333.14,3360.73,3326.91,3336.68,23269
1749646800,3336.78,3344.6,3327.85,3329.9,24446
1749650400,3329.41,3341.21,3328.56,3337.57,19567
1749654000,3337.57,3342.73,3329.51,3333.04,16664
1749657600,3333.09,3334.45,3328.13,3330.19,13616
1749661200,3330.17,3331.44,3319.35,3324.31,14835
1749664800,3324.37,3347.23,3323.8,3343.83,18630
1749668400,3343.99,3349.37,3342.43,3346.92,13032
1749672000,3346.89,3355.69,3346.67,3355.14,7809
1749679200,3358.36,3369.77,3356.06,3369.12,9584
1749682800,3369.09,3373.47,3357.87,3365.58,12378
1749686400,3365.52,3371.3,3362.18,3365.93,16105
1749690000,3365.96,3376.99,3362.39,3371.16,17908
1749693600,3371.01,3377.79,3368.86,3374.7,15112
1749697200,3374.67,3376.75,3371.75,3373.51,12270
1749700800,3373.54,3373.82,3369.58,3370.52,7856
1749704400,3370.41,3375.76,3367.54,3374.55,11434
1749708000,3374.52,3375.67,3365.39,3374.95,15027
1749711600,3374.92,3375.31,3338.78,3346.28,19218
1749715200,3346.51,3361.19,3346.51,3356.93,19428
1749718800,3356.72,3367.8,3355.36,3365.46,15164
1749722400,3365.48,3385.8,3362.55,3382.59,18338
1749726000,3382.66,3388.5,3373.27,3379.2,17084
1749729600,3379.07,3390.52,3376.27,3388.13,19010
1749733200,3388.32,3398.88,3379.38,3392.2,23671
1749736800,3392.09,3392.99,3382.99,3383.8,21728
1749740400,3383.81,3390.32,3377.8,3385.78,19253
1749744000,3385.83,3391.4,3380.9,3383.72,15671
1749747600,3383.71,3385.07,3377.89,3382.51,12773
1749751200,3382.51,3386.41,3381.94,3385.9,10889
1749754800,3385.76,3389.25,3384.68,3388.13,11170
1749758400,3388.12,3388.99,3384.82,3386.97,5788
1749765600,3386.13,3386.24,3379.71,3383.51,6014
1749769200,3383.52,3395.89,3382.51,3395.64,8467
1749772800,3395.58,3419.84,3391.8,3416.61,25023
1749776400,3415.18,3433.26,3414.02,3427.66,21414
1749780000,3427.4,3444.17,3424.69,3441.21,19087
1749783600,3441.17,3444.51,3423.74,3425.64,17737
1749787200,3425.55,3430.35,3422.76,3425.42,11547
1749790800,3425.39,3428.81,3418.07,3426.1,14907
1749794400,3426.07,3428.68,3408.45,3416.3,18165
1749798000,3416.33,3419.05,3407.84,3414.96,17192
1749801600,3414.95,3426.02,3414.26,3424.35,14150
1749805200,3424.39,3427.36,3420.06,3424.39,14998
1749808800,3424.39,3427.76,3411.66,3415.92,17246
1749812400,3416.02,3422.99,3412.65,3422.27,15122
1749816000,3422.33,3438.18,3421.7,3436.75,17205
1749819600,3436.38,3446.76,3433.74,3436.94,22649
1749823200,3436.5,3440,3423.56,3428,22091
1749826800,3427.92,3430.5,3420.77,3426.3,18181
1749830400,3426.46,3431.1,3419.26,3430.12,14249
1749834000,3430.12,3433.56,3427.18,3430.32,13193
1749837600,3430.39,3439.44,3428.6,3436.56,15066
1749841200,3436.57,3438.12,3431.68,3432.47,13332
1749844800,3432.49,3434.73,3429.15,3432.55,7963
1750024800,3442.76,3451.04,3437,3448.22,14598
1750028400,3448.36,3450.08,3439.64,3444.06,11477
1750032000,3444.19,3451.34,3434.19,3436.19,16187
1750035600,3436.29,3443.24,3433.09,3441.53,16306
1750039200,3441.58,3446.29,3437.79,3438.53,13339
1750042800,3438.33,3439.68,3429.17,3431.62,12384
1750046400,3431.72,3433.31,3426.83,3427.58,9611
1750050000,3427.72,3430.36,3417.51,3421.46,15763
1750053600,3421.47,3421.48,3412.72,3418.29,17670
1750057200,3418.24,3419.87,3409.16,3412.69,15734
1750060800,3412.68,3418.63,3409.61,3413.94,14478
1750064400,3414.02,3419.55,3411.82,3412.09,12864
1750068000,3412.09,3421.35,3410.54,3421.13,12285
1750071600,3421.16,3422.69,3410.63,3414.92,13771
1750075200,3415.05,3417.82,3411.03,3415.66,16215
1750078800,3415.66,3418.01,3382.61,3387.76,22095
1750082400,3388.09,3399.27,3387.51,3396.94,21783
1750086000,3397.08,3405.82,3397.06,3404.6,16080
1750089600,3404.6,3404.82,3397.28,3399.4,12007
1750093200,3399.36,3400.24,3390.86,3392.8,11315
1750096800,3392.72,3394.05,3384.03,3385.43,10374
1750100400,3385.41,3388.52,3382.9,3384.06,12122
1750104000,3384.21,3386.03,3383.38,3385.38,5837
1750111200,3386.4,3398.45,3386.25,3395.44,8586
1750114800,3395.45,3402.91,3392.91,3402.69,11199
1750118400,3402.75,3403.35,3391.19,3394.27,13548
1750122000,3394.36,3402.69,3393.37,3393.73,13625
1750125600,3393.76,3400.48,3388.58,3390.1,13055
1750129200,3389.93,3392.68,3373.68,3387.71,15947
1750132800,3387.7,3396.17,3387.04,3394.09,9699
1750136400,3394.09,3395.53,3390.59,3392.69,10481
1750140000,3392.59,3392.59,3380.95,3385.5,14954
1750143600,3385.38,3391.81,3383.26,3387.73,14636
1750147200,3387.59,3388.64,3377.77,3378.96,13550
1750150800,3378.94,3386.03,3375.61,3385.54,15697
1750154400,3385.53,3398.82,3385.42,3398.2,15849
1750158000,3398.21,3400.19,3388.35,3388.53,15311
1750161600,3388.52,3391.56,3383.4,3386.81,18909
1750165200,3386.86,3397.47,3385.94,3390.72,21487
1750168800,3390.24,3391.91,3366.28,3384.97,22945
1750172400,3384.99,3388.39,3372.49,3379.37,17366
1750176000,3379.39,3385.88,3376.64,3382.89,14521
1750179600,3382.88,3391.2,3381.06,3390.3,14425
1750183200,3390.42,3392.52,3382.44,3382.81,13047
1750186800,3382.98,3386.46,3382.33,3385.66,10348
1750190400,3385.72,3390.35,3383.66,3388.63,6475
1750197600,3392.22,3396.16,3388.73,3388.9,7293
1750201200,3389.08,3390.39,3384.84,3387.29,7417
1750204800,3387.28,3388.83,3382.94,3385.65,11913
1750208400,3385.72,3388.69,3378.48,3379.02,13103
1750212000,3379.01,3379.75,3370.42,3379.44,12797
1750215600,3379.45,3391.45,3379.32,3391.04,12719
1750219200,3391.04,3400.01,3389.33,3395.2,11027
1750222800,3395.37,3395.74,3384.28,3386.51,13721
1750226400,3386.58,3386.88,3379.57,3382.47,15200
1750230000,3382.48,3386.1,3377.15,3385.99,13291
1750233600,3385.9,3388.46,3382.48,3383.59,11908
1750237200,3383.6,3385.6,3375.19,3378.22,11316
1750240800,3378.21,3382.51,3375.68,3380.22,13166
1750244400,3380.32,3387.08,3378.97,3382.03,14026
1750248000,3381.91,3389.83,3381.59,3386.55,15417
1750251600,3386.58,3396.7,3385.53,3392.32,17884
1750255200,3392.19,3392.43,3373.67,3386.82,22769
1750258800,3387.03,3392.83,3381.39,3392.61,14268
1750262400,3392.6,3394.6,3389.89,3390.92,12002
1750266000,3390.83,3391.32,3384.41,3385.2,11602
1750269600,3384.96,3395.6,3378.39,3379.07,21904
1750273200,3379.13,3379.13,3362.79,3366.83,20157
1750276800,3366.72,3369.7,3362.41,3369.42,9734
1750284000,3370.71,3379.77,3369.85,3375.16,8144
1750287600,3375.19,3377.1,3370.63,3375.17,8935
1750291200,3375.21,3383.22,3374.71,3379.58,11302
1750294800,3379.52,3387.8,3374.53,3374.87,14525
1750298400,3374.88,3379.52,3374.17,3376.69,10431
1750302000,3376.71,3377.38,3369.44,3373.54,10697
1750305600,3373.54,3375.26,3371.92,3374.62,7002
1750309200,3374.61,3375.32,3360.35,3364.7,12684
1750312800,3364.69,3364.78,3347.34,3357.44,21318
1750316400,3357.23,3369.12,3350.48,3365.83,17492
1750320000,3365.82,3371.73,3362.26,3368.64,15540
1750323600,3368.6,3373.67,3363.54,3370.33,13831
1750327200,3370.38,3379.02,3369.14,3374.91,12644
1750330800,3375.01,3375.36,3370.27,3371.94,11304
1750334400,3371.92,3372.65,3363.81,3368.02,14966
1750338000,3368.05,3373.01,3361.28,3369.58,16945
1750341600,3369.49,3371,3361.55,3364.75,15342
1750345200,3364.75,3371.91,3362.14,3369.3,13671
1750348800,3369.22,3371.69,3366.02,3370.94,10101
1750352400,3370.8,3375.43,3365.85,3368.28,9788
1750356000,3368.22,3371.43,3366.72,3370.35,4511
1750370400,3369.16,3370.48,3361.92,3365.76,7600
1750374000,3365.72,3370.51,3363.55,3368.73,7842
1750377600,3368.7,3370.42,3364.56,3367.91,10069
1750381200,3367.98,3368.35,3356.18,3356.44,14256
1750384800,3356.42,3360.6,3351.73,3352.45,13675
1750388400,3352.55,3356.07,3344.47,3355.38,14289
1750392000,3355.4,3357.78,3352.47,3354.35,9106
1750395600,3354.4,3355.21,3342.47,3344.68,13006
1750399200,3344.57,3348.79,3340.04,3345.23,14832
1750402800,3345.17,3355.32,3343.33,3347.72,13936
1750406400,3347.6,3352.54,3346.61,3351.01,11655
1750410000,3351.04,3359.25,3349.22,3355.34,13137
1750413600,3355.43,3358,3354.94,3355.34,10134
1750417200,3355.32,3356,3346.6,3347.1,12844
1750420800,3347.18,3350.84,3341.85,3344.42,16136
1750424400,3344.49,3373.86,3342.93,3370.35,20583
1750428000,3370.35,3374.49,3365.23,3369.37,19201
1750431600,3369.38,3371.73,3365.92,3369.87,13172
1750435200,3369.88,3373.33,3367.71,3371.52,11265
1750438800,3371.53,3371.74,3366.65,3367.51,10524
1750442400,3367.55,3367.96,3364.49,3366.49,10395
1750446000,3366.5,3370.75,3364.78,3365.64,9442
1750449600,3365.69,3369.31,3364.78,3368.99,6837
1750629600,3391.29,3394.68,3372.07,3379.18,15611
1750633200,3379.12,3380.63,3371.25,3372.83,10343
1750636800,3372.85,3373.67,3358.44,3365.71,15086
1750640400,3365.87,3368.16,3351.84,3355.29,16878
1750644000,3355.36,3364.79,3354.84,3361.39,12456
1750647600,3361.35,3366.2,3360.36,3363.44,10833
1750651200,3363.45,3364.92,3356.6,3358.58,8129
1750654800,3359.08,3360.72,3347.13,3356.75,13337
1750658400,3356.75,3359.82,3352.61,3357.68,13769
1750662000,3357.67,3358.82,3351.52,3357.65,12658
1750665600,3357.95,3362.37,3357.94,3361.79,12694
1750669200,3361.78,3369.06,3361.5,3366.64,13569
1750672800,3366.63,3368.36,3363.94,3367.76,10929
1750676400,3367.77,3381.92,3367.77,3380.65,16056
1750680000,3380.68,3380.94,3355.72,3360.47,17526
1750683600,3360.48,3387.68,3359.97,3380.73,20197
1750687200,3380.6,3386.63,3369.83,3386.42,20484
1750690800,3386.45,3389.88,3384.45,3387.13,15522
1750694400,3387.11,3393.42,3380.64,3389.78,17354
1750698000,3389.75,3391.48,3375.73,3382.46,17356
1750701600,3382.51,3387.6,3376.81,3378.54,13042
1750705200,3378.51,3382.17,3375.52,3376.51,10909
1750708800,3376.32,3377.31,3367.27,3369.24,8194
1750716000,3368.31,3368.81,3350.39,3355.45,11843
1750719600,3355.51,3357.31,3341.43,3344.2,14236
1750723200,3344.33,3355.19,3333.18,3351.18,16038
1750726800,3351.3,3354.26,3342.18,3347.7,16864
1750730400,3347.77,3352.82,3345.9,3351.97,12344
1750734000,3352.05,3357.81,3351.52,3352.46,11372
1750737600,3352.31,3353.39,3346.89,3348.54,8990
1750741200,3348.5,3348.85,3326.8,3332.16,15877
1750744800,3332.29,3333.14,3315.94,3322.72,19860
1750748400,3322.72,3331.46,3316.54,3329.65,17822
1750752000,3329.71,3332.39,3324.54,3327.4,14645
1750755600,3327.41,3328.8,3317.92,3318.45,13278
1750759200,3318.47,3327.71,3318.47,3325.58,10337
1750762800,3325.57,3328.99,3317.76,3321.2,13686
1750766400,3321.2,3321.2,3304.42,3314.76,19877
1750770000,3314.57,3317.85,3295.41,3302.16,21828
1750773600,3302.12,3310.09,3298.77,3304.55,20373
1750777200,3304.55,3316.98,3299.89,3313.26,17306
1750780800,3313.23,3320.42,3311.27,3318.45,12695
1750784400,3318.46,3321.25,3317.92,3318.05,11544
1750788000,3318.05,3319.08,3315.76,3317.13,10787
1750791600,3317.16,3325.16,3316.01,3323.52,10756
1750795200,3323.54,3324.55,3321.51,3323.13,5985
1750802400,3324.06,3324.45,3320.9,3321.51,4817
1750806000,3321.49,3324.88,3321.45,3324.22,5467
1750809600,3324.08,3330.09,3323.69,3326.87,10310
1750813200,3326.91,3334.9,3326.33,3334.54,13030
1750816800,3334.59,3335.25,3327.81,3329.49,10779
1750820400,3329.32,3332.12,3326.97,3328.4,8943
1750824000,3328.41,3329.3,3325.71,3327.52,6779
1750827600,3327.49,3333.76,3326.7,3331.66,9313
1750831200,3331.69,3333.45,3329.13,3331.72,11262
1750834800,3331.76,3336.99,3326.77,3330.63,13469
1750838400,3330.74,3332.45,3326.46,3327.22,12829
1750842000,3327.23,3327.29,3321.45,3325.27,12073
1750845600,3325.18,3329.54,3324.25,3324.56,10990
1750849200,3324.54,3329.54,3322.13,3322.59,12499
1750852800,3322.58,3329.46,3318.21,3320.69,14431
1750856400,3320.81,3321.63,3311.8,3314.58,17525
1750860000,3314.56,3326.29,3312.03,3323.42,17297
1750863600,3323.45,3327.2,3321.4,3325.67,12811
1750867200,3325.86,3335.09,3324.04,3334.73,13218
1750870800,3334.77,3335.35,3324.56,3327.95,14102
1750874400,3327.95,3331.81,3326.18,3331.58,10078
1750878000,3331.54,3336.09,3330.31,3333.76,10195
1750881600,3333.76,3335.58,3331.37,3332.18,6458
1750888800,3334.67,3335.34,3331.33,3333.21,5719
1750892400,3333.24,3340.03,3332.84,3339.04,8254
1750896000,3339.2,3339.36,3332.02,3333.97,9521
1750899600,3334.13,3336.77,3329.23,3330.12,13162
1750903200,3330.39,3341.75,3329.36,3339.47,11798
1750906800,3339.46,3343.27,3336.44,3338.1,10239
1750910400,3338.1,3338.2,3333.42,3334.05,8241
1750914000,3334.03,3338.29,3332.34,3334.06,10601
1750917600,3334.23,3340.39,3330.85,3339.79,13483
1750921200,3339.66,3347.21,3339.66,3346.14,13582
1750924800,3346.12,3350.28,3344.42,3348.25,13249
1750928400,3348.12,3348.83,3338.77,3340.65,14754
1750932000,3340.66,3343.56,3337.71,3343.22,10784
1750935600,3343.2,3344.07,3331.61,3333.03,12628
1750939200,3333.31,3344.03,3321.56,3322.05,18090
1750942800,3322.02,3328.68,3309.54,3319.82,23170
1750946400,3319.73,3323.88,3311.63,3318.38,20257
1750950000,3318.5,3324.96,3318.5,3324.8,14144
1750953600,3324.94,3333.32,3323.86,3331.36,13362
1750957200,3331.37,3336.32,3331.2,3332.61,12883
1750960800,3332.79,3334.9,3331.19,3334.08,11287
1750964400,3334.09,3334.31,3328.28,3331.41,10192
1750968000,3331.4,3332.31,3327.51,3327.89,5611
1750975200,3327.17,3327.57,3318.87,3321.47,6622
1750978800,3321.64,3323.65,3316.34,3318.81,7747
1750982400,3318.79,3320,3313.12,3318.93,11447
1750986000,3318.79,3322.07,3314.73,3316.43,13787
1750989600,3316.41,3320.45,3308.44,3308.87,13754
1750993200,3308.91,3310.95,3292.55,3294.43,16293
1750996800,3294.42,3297.59,3290.87,3294.05,11428
1751000400,3294.08,3300.99,3289.41,3297.41,13859
1751004000,3297.4,3299.76,3286.57,3294.92,16381
1751007600,3295.13,3295.24,3283.41,3284.4,16736
1751011200,3284.43,3291.15,3281.96,3289.27,15355
1751014800,3289.31,3289.85,3282.06,3282.77,14480
1751018400,3282.79,3290.94,3279.41,3285.59,13329
1751022000,3285.82,3287.94,3275.82,3281.37,14448
1751025600,3281.23,3282.38,3269.68,3270.19,20039
1751029200,3270.2,3274.45,3255.55,3274.35,23789
1751032800,3274.39,3278.07,3263.43,3272.38,21551
1751036400,3272.33,3277.54,3270.86,3274.49,16748
1751040000,3274.54,3278.69,3273.32,3277.64,12605
1751043600,3277.62,3282.87,3272.76,3277.37,14174
1751047200,3277.38,3278.45,3270.5,3275.78,13834
1751050800,3275.78,3276.56,3268.44,3270.47,11920
1751054400,3270.51,3275.51,3270.38,3274.65,6387
1751234400,3280.46,3280.69,3246.35,3263.76,13914
1751238000,3263.76,3270.86,3262.95,3264.01,9876
1751241600,3263.86,3269.59,3262.73,3264.57,10086
1751245200,3264.51,3275.98,3259.38,3273.9,15558
1751248800,3273.91,3283.31,3273.72,3280.37,12664
1751252400,3280.34,3282.84,3278.02,3278.85,9906
1751256000,3278.87,3286.38,3276.94,3285.56,8791
1751259600,3285.53,3291.49,3284.81,3288.99,11063
1751263200,3288.98,3295.56,3287.82,3292.1,13602
1751266800,3292.01,3296.86,3290.65,3293.03,12357
1751270400,3292.85,3296.57,3288.19,3289.23,12719
1751274000,3289.02,3289.02,3277.41,3287.82,14291
1751277600,3287.84,3288.87,3282.58,3283.45,9940
1751281200,3283.46,3283.74,3274.62,3277.99,13306
1751284800,3278.13,3289.01,3278.13,3282.02,14832
1751288400,3282.04,3287.07,3277.89,3284.86,18297
1751292000,3285.14,3289.6,3279.27,3287.65,17363
1751295600,3287.66,3290.75,3283.62,3289.6,14564
1751299200,3289.77,3297.36,3289.05,3297.21,12843
1751302800,3297.92,3298.46,3291.87,3294.05,12696
1751306400,3294.07,3299.52,3292.54,3298.4,10195
1751310000,3298.39,3309.44,3297.98,3308.65,11940
1751313600,3308.65,3309.12,3302.22,3302.95,6913
1751320800,3303.12,3314.5,3302.36,3311.47,8130
1751324400,3311.57,3312.56,3308.39,3312.55,7841
1751328000,3312.78,3314.94,3309.97,3314.67,9113
1751331600,3314.68,3321.01,3314.07,3317.87,14847
1751335200,3317.73,3319.32,3314.34,3316.19,11781
1751338800,3316.17,3322.7,3315.94,3321.22,9859
1751342400,3321.25,3323.13,3318.89,3323.01,7781
1751346000,3323.01,3332.35,3322.94,3328.54,12664
1751349600,3328.63,3334.5,3325.13,3331.32,13978
1751353200,3331.35,3339.94,3330.77,3339.51,15764
1751356800,3339.43,3342.51,3336.74,3339.56,12974
1751360400,3339.65,3348,3338.21,3345.76,15890
1751364000,3345.77,3349.72,3344.41,3348.6,12473
1751367600,3348.59,3353.03,3347.03,3349.04,13954
1751371200,3349.02,3358.05,3348.43,3354.38,17277
1751374800,3354.53,3355.71,3344.12,3351.79,20016
1751378400,3350.89,3354.36,3343.63,3345.65,20060
1751382000,3345.6,3346.71,3336.95,3340.21,18101
1751385600,3340.19,3343.53,3337.5,3341.8,14157
1751389200,3341.81,3342.22,3336.95,3339.8,12419
1751392800,3339.66,3339.9,3336.9,3338.03,9443
1751396400,3338.04,3339.99,3336.89,3337.94,10630
1751400000,3338.02,3340.39,3336.92,3339.02,5580
1751407200,3337.59,3343.7,3336.95,3341.51,7332
1751410800,3341.54,3341.87,3336.66,3338.02,7252
1751414400,3338.09,3345.04,3334.32,3338.91,12733
1751418000,3338.99,3342.91,3330.86,3332.3,14091
1751421600,3332.14,3338.23,3328.31,3336.59,11981
1751425200,3336.63,3342.04,3334.86,3340,10620
1751428800,3340.01,3342.06,3339.53,3340.1,7820
1751432400,3340.13,3343.89,3336.51,3338.73,11290
1751436000,3338.76,3339.35,3329.83,3333.46,12689
1751439600,3333.39,3336.67,3327.56,3334.76,13869
1751443200,3334.72,3338.06,3332.82,3333.63,11216
1751446800,3333.62,3342.39,3333.1,3341.72,11839
1751450400,3341.67,3345.74,3340.55,3344.45,9670
1751454000,3344.44,3347.7,3339.68,3342.19,12349
1751457600,3342.19,3351.19,3337.77,3346.73,17600
1751461200,3346.75,3346.75,3334.73,3337.45,19051
1751464800,3337.59,3343.47,3333.92,3343.04,15915
1751468400,3342.9,3343.82,3338.63,3340.98,13907
1751472000,3340.97,3349.23,3340.97,3348.61,13338
1751475600,3348.52,3350.51,3347.31,3349.65,10147
1751479200,3349.64,3355.18,3348.47,3354.89,8291
1751482800,3354.9,3359.59,3354.47,3358.27,10181
1751486400,3358.38,3360.04,3355.46,3356.98,5353
1751493600,3358.87,3365.77,3357.46,3361.89,7036
1751497200,3361.88,3362.15,3348.59,3349.3,10481
1751500800,3349.49,3349.8,3343.6,3344.82,10692
1751504400,3344.86,3348.21,3341.89,3346.11,12412
1751508000,3346.11,3351.4,3345.75,3350.95,9438
1751511600,3350.95,3351.51,3345.39,3347.43,8042
1751515200,3347.44,3351.82,3347.37,3350.65,6766
1751518800,3350.82,3360.38,3350.15,3359.3,11565
1751522400,3359.42,3363.65,3356.54,3361.89,12733
1751526000,3361.99,3363.03,3352.44,3353.01,12039
1751529600,3353.16,3358.37,3351.72,3356.09,10496
1751533200,3355.93,3356.39,3343.83,3345.64,12669
1751536800,3345.65,3355.54,3344.73,3353.21,11121
1751540400,3353.22,3353.82,3342.97,3346.09,11819
1751544000,3346.06,3352.33,3311.42,3324.55,21158
1751547600,3324.5,3338.46,3322.1,3332.23,21253
1751551200,3332.2,3334.7,3323.45,3324.65,18805
1751554800,3324.55,3331.49,3323.1,3327.96,14051
1751558400,3328.05,3334.72,3325.62,3333.88,12195
1751562000,3333.9,3334.92,3328.89,3329.14,7504
1751565600,3329.12,3330.26,3327.93,3329.14,4795
1751569200,3329.13,3329.53,3326.93,3328.83,4300
1751572800,3328.77,3329,3325.18,3326.11,3680
1751580000,3326.22,3329.6,3323.61,3329.18,4109
1751583600,3329.18,3332.03,3328.33,3330.74,6908
1751587200,3330.72,3331.19,3325.79,3329.03,8186
1751590800,3328.92,3334.35,3326.47,3330.01,11008
1751594400,3329.9,3332.43,3327.12,3327.31,9718
1751598000,3327.28,3338.94,3326.1,3338.4,10151
1751601600,3338.37,3342.24,3337.95,3340.85,8871
1751605200,3340.83,3342.22,3338.58,3339.61,8788
1751608800,3339.72,3345.13,3339.23,3342.5,12587
1751612400,3342.72,3343.74,3336.4,3342.85,12864
1751616000,3342.84,3344.18,3340.96,3342.88,10412
1751619600,3342.87,3343.06,3333.02,3334.59,11106
1751623200,3334.58,3338.21,3331.49,3336.79,10409
1751626800,3336.73,3337.93,3334.42,3334.63,8536
1751630400,3334.64,3337.88,3331.54,3333.98,11218
1751634000,3333.89,3338,3332.2,3333.78,12265
1751637600,3333.72,3334.25,3330.83,3333.21,10567
1751641200,3333.29,3333.98,3330.84,3332.51,6978
1751644800,3332.49,3337.41,3332.23,3337.13,6529
1751839200,3337.36,3342.68,3332.4,3333.4,7799
1751842800,3333.56,3334.53,3326.26,3328.96,8732
1751846400,3328.94,3329.71,3321.49,3326.4,12302
1751850000,3326.42,3327.43,3306.62,3316.66,17747
1751853600,3316.69,3317.78,3305.87,3308.82,13025
1751857200,3308.78,3315.18,3307.08,3310.97,11963
1751860800,3310.95,3312.37,3305.04,3307.87,11557
1751864400,3307.93,3315.19,3307.03,3313.39,13191
1751868000,3313.24,3315.31,3308.31,3310.06,13808
1751871600,3309.81,3313.33,3300.68,3302.19,14010
1751875200,3302.14,3312.84,3301.34,3310.26,13877
1751878800,3310.18,3312.02,3306.23,3309,12973
1751882400,3309.06,3310.78,3296.5,3302,14481
1751886000,3302.11,3307.49,3299.43,3301.98,15773
1751889600,3302.04,3312.61,3300.43,3309.64,17660
1751893200,3309.65,3317.13,3306.04,3316.52,17814
1751896800,3316.73,3321.28,3313.36,3318.04,16493
1751900400,3318.02,3321.94,3315.99,3320.86,11411
1751904000,3320.86,3328.07,3320.07,3327.41,15132
1751907600,3327.46,3335.88,3327.37,3332.15,14428
1751911200,3332.07,3335.69,3328.4,3334.46,11896
1751914800,3334.47,3340.33,3334.42,3337.1,10529
1751918400,3337.23,3338.06,3335.4,3336.32,5942
1751925600,3339.55,3345.83,3338.92,3339.87,6805
1751929200,3339.9,3340.21,3333.8,3334.63,7067
1751932800,3334.75,3337.33,3331.04,3334.19,11763
1751936400,3334.18,3337.01,3329.59,3334.85,14146
1751940000,3334.85,3338.12,3332.79,3334.56,11145
1751943600,3334.48,3335.62,3329.68,3331.43,8268
1751947200,3331.32,3332.71,3327.21,3329.56,8134
1751950800,3329.53,3336.63,3329.47,3334,9999
1751954400,3334,3336.02,3330.84,3335.71,10512
1751958000,3335.75,3339.43,3330.47,3333.98,12070
1751961600,3333.91,3333.91,3323.16,3323.63,14304
1751965200,3323.62,3326.81,3320.97,3322.13,11302
1751968800,3322.12,3327.01,3320.5,3324.64,9750
1751972400,3324.63,3327.55,3319.76,3324.95,11511
1751976000,3324.92,3329.9,3324.68,3328.25,13626
1751979600,3328.2,3328.77,3314.79,3315.21,19235
1751983200,3315.08,3315.81,3294.42,3296.64,22694
1751986800,3296.73,3300.26,3286.69,3298.09,18504
1751990400,3298.04,3301.52,3295.86,3300.55,14964
1751994000,3300.52,3310.26,3299.42,3306.09,17401
1751997600,3306.05,3308.12,3300.6,3305.35,11403
1752001200,3305.4,3306.07,3302.4,3302.98,9151
1752004800,3303,3303.83,3299.46,3301.71,6111
1752012000,3302.93,3304.1,3300.33,3301.58,5859
1752015600,3301.54,3303.99,3297.08,3302.33,8094
1752019200,3302.44,3307.91,3301.73,3306.85,8980
1752022800,3306.83,3307.18,3299.11,3301.66,13076
1752026400,3301.61,3302.91,3286.3,3288.6,13992
1752030000,3288.56,3294.8,3284.59,3293.41,11075
1752033600,3293.61,3296.42,3291.18,3294.05,7234
1752037200,3294.05,3297.9,3288.96,3289.46,11348
1752040800,3289.51,3292.82,3285.39,3292.4,13173
1752044400,3292.41,3295.94,3288.34,3291.77,12643
1752048000,3291.78,3292.6,3282.41,3284.97,13597
1752051600,3284.96,3290.39,3284.34,3289.23,10277
1752055200,3289.09,3295.93,3288.16,3295.43,9420
1752058800,3295.44,3296.06,3283.19,3284.89,11997
1752062400,3284.96,3297.57,3284.96,3296.36,15079
1752066000,3296.39,3305.14,3291.88,3300.34,18755
1752069600,3300.27,3312.91,3299.88,3312.28,17598
1752073200,3312.46,3312.84,3306.24,3309.62,13603
1752076800,3309.55,3313.31,3307.91,3311.8,10064
1752080400,3311.82,3314.71,3308.24,3309.37,11386
1752084000,3309.48,3313.8,3308.12,3311.5,10283
1752087600,3311.49,3316.88,3311.07,3315.6,10436
1752091200,3315.81,3315.83,3311.53,3313.65,5610
1752098400,3314.02,3321.06,3313.9,3319.56,6128
1752102000,3319.54,3319.66,3315.84,3317.52,7123
1752105600,3317.52,3321.91,3316.7,3317.75,10669
1752109200,3317.69,3326.24,3316.47,3322.2,12361
1752112800,3322.15,3323.64,3318.04,3319.28,8571
1752116400,3319.25,3320.26,3315.37,3315.67,8110
1752120000,3315.67,3322.49,3314.82,3322.27,6989
1752123600,3322.28,3325.02,3320.53,3321.09,9202
1752127200,3321.08,3328.28,3320.85,3325.31,10281
1752130800,3325.23,3329.4,3319.63,3320.8,10925
1752134400,3320.86,3330.17,3319.95,3328.57,10209
1752138000,3328.53,3330.31,3323.19,3326.41,10358
1752141600,3326.54,3328.82,3322.25,3325.31,10307
1752145200,3325.39,3330.26,3318.3,3320.39,12942
1752148800,3320.4,3326.11,3317.87,3323.93,14882
1752152400,3323.97,3329.26,3311.77,3312.93,19476
1752156000,3312.84,3321.53,3310.23,3314.99,18226
1752159600,3314.92,3321.44,3314.55,3319.59,12137
1752163200,3319.59,3319.9,3312.23,3315.02,11610
1752166800,3314.94,3318.62,3314.73,3317.4,9717
1752170400,3317.39,3321.91,3316.42,3321.57,8896
1752174000,3321.55,3326.03,3321.33,3324.88,10624
1752177600,3324.84,3325.35,3323.41,3323.86,4930
1752184800,3325.14,3326.49,3321.92,3323.31,6511
1752188400,3322.93,3326.45,3322.72,3323.71,4997
1752192000,3323.61,3336.17,3323.52,3330.76,12831
1752195600,3330.69,3331.58,3325.35,3329.65,13963
1752199200,3329.57,3335.07,3327.04,3332.46,10737
1752202800,3332.49,3336.04,3332.04,3333.58,7851
1752206400,3333.61,3335.39,3329.57,3331.96,7835
1752210000,3331.92,3341.69,3331.92,3334.09,13547
1752213600,3334.12,3343.86,3332.07,3332.51,14531
1752217200,3332.33,3342.2,3330.79,3342.06,14042
1752220800,3342,3343.8,3332.76,3333.04,14704
1752224400,3333.2,3340.03,3332.84,3339.38,11530
1752228000,3339.4,3348.22,3339.39,3344.89,13124
1752231600,3344.9,3350.27,3342.11,3347.53,13163
1752235200,3347.54,3357.1,3344.17,3355.24,17597
1752238800,3355.45,3359.31,3350.19,3351.82,21087
1752242400,3351.92,3363.83,3350.28,3361.22,20341
1752246000,3361.2,3368.73,3356.8,3358.98,18059
1752249600,3358.98,3359.77,3352.73,3353.96,14937
1752253200,3353.94,3354.12,3349.2,3353.48,13270
1752256800,3353.49,3358.4,3353.39,3356.16,11176
1752260400,3356.16,3359.79,3355.62,3356.39,11682
1752264000,3356.39,3358.58,3353.36,3357.32,5782
1752444000,3362.93,3371.1,3359.38,3369.41,11097
1752447600,3369.51,3374.06,3366.16,3367.85,9087
1752451200,3367.64,3373.21,3364.67,3367.54,11933
1752454800,3367.54,3370.24,3356.87,3358.64,15186
1752458400,3358.57,3359.5,3353.73,3357.41,12304
1752462000,3357.35,3359.74,3355.38,3357.07,8950
1752465600,3356.99,3361.71,3353.95,3359.84,10149
1752469200,3359.83,3360.48,3353.59,3357.65,11013
1752472800,3357.72,3369.43,3356.54,3368.83,13152
1752476400,3368.62,3374.99,3366.56,3372,13686
1752480000,3372.08,3372.7,3365.38,3365.88,10846
1752483600,3366.01,3370.32,3364.09,3370.16,8752
1752487200,3370.17,3374.63,3369.82,3371.97,11435
1752490800,3371.99,3373.12,3363.67,3364,11098
1752494400,3363.98,3366.56,3349.18,3350,17818
1752498000,3350.23,3359.04,3346.99,3355.21,17848
1752501600,3355.23,3356.22,3341.1,3343.14,19583
1752505200,3343.15,3349.72,3342.52,3345,15272
1752508800,3345,3349.28,3343.16,3347.71,12075
1752512400,3347.73,3351.77,3347.46,3350.95,10315
1752516000,3350.98,3351.27,3347.87,3349.01,8671
1752519600,3349.01,3350.5,3343.03,3344.18,11279
1752523200,3344.28,3345.57,3341.18,3343.34,6929
1752530400,3342.78,3345.78,3341.14,3345.78,4124
1752534000,3345.64,3346.58,3343.78,3345.28,5101
1752537600,3345.37,3349.34,3344.66,3347.68,7877
1752541200,3347.7,3350.7,3345.9,3346.44,10033
1752544800,3346.46,3352.11,3345.51,3350.97,10266
1752548400,3351.02,3358.37,3350.83,3357.87,9762
1752552000,3357.98,3361.38,3357.61,3360.13,8023
1752555600,3360.22,3365.2,3360.2,3362.21,9145
1752559200,3362.07,3364.23,3357.53,3358.23,12264
1752562800,3358.32,3365.2,3357.42,3364.35,10938
1752566400,3364.3,3365.65,3356.49,3361.14,12728
1752570000,3361.12,3364.78,3358.57,3363.4,10472
1752573600,3363.39,3366.35,3361.19,3361.36,9090
1752577200,3361.38,3361.96,3353.97,3354.96,12313
1752580800,3354.87,3360.21,3346.41,3348.73,17778
1752584400,3348.79,3352.53,3334.53,3346.51,22024
1752588000,3346.88,3352.17,3342.29,3347.94,18235
1752591600,3347.9,3349.89,3325.19,3328.99,18792
1752595200,3328.95,3330.34,3320.31,3329.39,15154
1752598800,3329.51,3331.39,3325.75,3328.22,11362
1752602400,3328.14,3331.86,3325.75,3328.95,10101
1752606000,3328.9,3331.24,3326.5,3330.36,8692
1752609600,3330.41,3331.06,3324.89,3324.99,5457
1752616800,3324.02,3327.69,3324.02,3326.67,3804
1752620400,3326.66,3331.81,3326.19,3331.14,4812
1752624000,3331.19,3332.69,3328.79,3330.57,8524
1752627600,3330.59,3335.1,3328.66,3330.98,11865
1752631200,3331.15,3331.6,3324.93,3326.14,9378
1752634800,3326.12,3335.07,3325.96,3334.42,9837
1752638400,3334.42,3338.72,3332.73,3338.41,7992
1752642000,3338.39,3339.92,3335.57,3338.09,8692
1752645600,3338.04,3342.08,3337.67,3339.19,10719
1752649200,3339.19,3340.14,3336.03,3337.78,9630
1752652800,3337.83,3342.71,3337.68,3342.06,9612
1752656400,3341.89,3343.08,3339.02,3340.06,9511
1752660000,3340,3340.28,3334.07,3335.06,9750
1752663600,3334.9,3340.2,3333.58,3339.24,11128
1752667200,3339.14,3340.66,3330.96,3334.51,16403
1752670800,3334.57,3339.49,3322.09,3326.92,19364
1752674400,3326.88,3342.19,3319.4,3338.22,20526
1752678000,3338.17,3376.98,3331.69,3344.03,27473
1752681600,3343.7,3355.13,3339.18,3349.17,19837
1752685200,3349.17,3357.32,3348.8,3354.88,13120
1752688800,3354.89,3357.55,3349.18,3350.23,10716
1752692400,3350.23,3350.54,3346.08,3347.12,11457
1752696000,3347.18,3349.4,3346.31,3347.56,6659
1752703200,3349.52,3352.23,3348.39,3349.68,5099
1752706800,3349.69,3350.31,3345.31,3346.42,5033
1752710400,3346.43,3347.27,3339.72,3340.72,9118
1752714000,3340.7,3344.47,3336.85,3344.1,12354
1752717600,3344.09,3344.77,3337.62,3341.46,9683
1752721200,3341.45,3342.4,3336.06,3341.53,8898
1752724800,3341.56,3344.73,3338.4,3342.75,7216
1752728400,3342.7,3342.97,3335.58,3339.49,9180
1752732000,3339.46,3339.79,3328.01,3335.37,15124
1752735600,3335.36,3336.23,3325.07,3325.85,12922
1752739200,3325.84,3332.03,3325.52,3328.85,10771
1752742800,3328.84,3332.54,3324.73,3325.72,10559
1752746400,3325.57,3331.2,3324.82,3325.88,10694
1752750000,3325.91,3328.49,3322.05,3324.31,11192
1752753600,3324.32,3328.47,3309.67,3313.06,19012
1752757200,3313.02,3321.84,3311.12,3319.14,20472
1752760800,3318.97,3335.2,3318.13,3334.13,18540
1752764400,3334.14,3338.41,3331.27,3336.69,15220
1752768000,3336.7,3339.94,3335.44,3338.87,12199
1752771600,3338.9,3341.13,3336.31,3337.51,10425
1752775200,3337.54,3339.03,3335.64,3338.53,8759
1752778800,3338.56,3340.86,3338.24,3339.85,8935
1752782400,3339.85,3340.35,3337.33,3339.18,4840
1752789600,3339.57,3344,3338.22,3343.35,6849
1752793200,3343.32,3343.48,3339.58,3340.34,5109
1752796800,3340.35,3341.49,3337.78,3339.98,6850
1752800400,3340.29,3343.03,3335.23,3337.75,10917
1752804000,3337.75,3344.27,3336.89,3337.84,10684
1752807600,3337.86,3338.53,3334.07,3334.71,8005
1752811200,3334.65,3337.08,3333.46,3337.07,7136
1752814800,3337.07,3340.24,3333.4,3333.44,10266
1752818400,3333.45,3342.69,3331.75,3342.06,12750
1752822000,3342.01,3350.1,3340.66,3349.86,11662
1752825600,3349.75,3350.46,3346.25,3347.5,10525
1752829200,3347.72,3354.93,3347.48,3352.38,10524
1752832800,3352.38,3352.82,3347.94,3351.34,9994
1752836400,3351.25,3357.59,3350.8,3354.3,10556
1752840000,3354.26,3361.26,3354.19,3359.93,14009
1752843600,3359.92,3360.33,3352.2,3355.49,17656
1752847200,3356.32,3359.07,3350.99,3354.77,17104
1752850800,3354.78,3356.42,3352.38,3353.72,13337
1752854400,3353.71,3357.53,3350.91,3353.58,12290
1752858000,3353.58,3353.84,3350.56,3352.18,9829
1752861600,3352.28,3353.32,3349.93,3351.4,8147
1752865200,3351.4,3352.81,3347.63,3348.38,9158
1752868800,3348.34,3352,3347.85,3350.68,4826
1753048800,3348.84,3350.29,3344.97,3347.86,6449
1753052400,3347.64,3349.56,3345.5,3349.08,5545
1753056000,3349.18,3354.51,3347.59,3352.37,8586
1753059600,3352.22,3358.58,3352,3356.41,11728
1753063200,3356.51,3357.44,3352.27,3354.12,9330
1753066800,3354.13,3356.97,3351.09,3351.37,7359
1753070400,3351.36,3358.79,3350.68,3357.83,6587
1753074000,3357.81,3369.69,3357.63,3366.68,12833
1753077600,3366.68,3370.76,3365.25,3368.37,11963
1753081200,3368.23,3370.51,3363.75,3364.77,11202
1753084800,3364.8,3366.87,3363.13,3366.02,10239
1753088400,3366.03,3366.43,3362.64,3366.22,8835
1753092000,3366.23,3368.1,3362.92,3366.07,9038
1753095600,3366.09,3375.64,3365.34,3375.45,12745
1753099200,3375.43,3388.57,3374.53,3387.15,16738
1753102800,3387.28,3395.08,3383.67,3388.53,19654
1753106400,3388.44,3401.57,3386.34,3400.32,21009
1753110000,3400.25,3400.96,3395.45,3397.91,17092
1753113600,3397.89,3399.12,3393.85,3395.61,12440
1753117200,3395.57,3395.8,3391.37,3393.25,10736
1753120800,3393.25,3395.94,3393.1,3395.49,9543
1753124400,3395.52,3399.83,3395.07,3398.85,11937
1753128000,3398.87,3399.35,3396.37,3397.16,6134
1753135200,3398.33,3401.21,3398.16,3399.33,4136
1753138800,3399.6,3402.65,3393.14,3396.54,6580
1753142400,3396.52,3397.67,3390.17,3394.45,10219
1753146000,3394.46,3395.92,3385.2,3385.86,12727
1753149600,3385.92,3392.04,3385.4,3391.52,10121
1753153200,3391.53,3393.72,3388.77,3392.63,8068
1753156800,3392.56,3392.61,3388.01,3391.06,6878
1753160400,3391.19,3391.98,3384.64,3385.49,10512
1753164000,3385.48,3387.87,3384.47,3384.82,11388
1753167600,3385.22,3387.57,3383.37,3387.48,9711
1753171200,3387.47,3390.25,3386.06,3388.97,11409
1753174800,3388.89,3390.65,3384.61,3386.22,10464
1753178400,3386.18,3388.76,3385.91,3387.09,7877
1753182000,3387.09,3391.59,3386.46,3391.31,10401
1753185600,3391.28,3407.86,3391.05,3407.65,16631
1753189200,3407.53,3420.13,3406.38,3412.33,21613
1753192800,3412.3,3427.7,3404.97,3426.16,22479
1753196400,3426.09,3430.62,3423.6,3426.55,17306
1753200000,3426.56,3432.94,3426.24,3432.17,14104
1753203600,3432.16,3433.53,3426.47,3429.3,14822
1753207200,3429.29,3431.05,3427.88,3429.73,11414
1753210800,3429.63,3432.56,3428.98,3431.48,11351
1753214400,3431.61,3432.78,3427.8,3431.66,8041
1753221600,3431.25,3431.85,3427.55,3428.02,4658
1753225200,3428,3433.26,3426.42,3427.41,8820
1753228800,3427.28,3438.98,3427.07,3428.82,13990
1753232400,3428.87,3430.63,3420.99,3421.06,16288
1753236000,3421.01,3424.96,3419.09,3423.05,13700
1753239600,3423.04,3428.71,3422.84,3423.1,12420
1753243200,3423.17,3425.35,3421.97,3423.56,10266
1753246800,3423.57,3423.69,3416.35,3420.35,13309
1753250400,3420.43,3425.21,3419.35,3425.16,14422
1753254000,3425.1,3429.74,3419.97,3420.66,13996
1753257600,3420.77,3428.79,3420.52,3428.52,11424
1753261200,3428.52,3433.76,3428.28,3431.21,11068
1753264800,3431.18,3431.39,3421.1,3422.72,12689
1753268400,3422.67,3429.81,3420.18,3428.13,12390
1753272000,3428.14,3429.82,3419.82,3420.09,15541
1753275600,3420.06,3420.41,3405.37,3413.49,21305
1753279200,3413.42,3419.82,3410.7,3413.46,18237
1753282800,3413.48,3415.93,3398.19,3398.28,16943
1753286400,3398.24,3398.24,3381.32,3387.52,22816
1753290000,3387.44,3394.79,3385.49,3393.31,15232
1753293600,3393.36,3396.01,3392.02,3393.56,10648
1753297200,3393.71,3395.91,3388.56,3390.17,10770
1753300800,3390.25,3390.42,3386.21,3387.22,6575
1753308000,3389.65,3392.47,3386.76,3386.82,4917
1753311600,3386.76,3391.62,3386.41,3390,5736
1753315200,3390.09,3393.33,3388.67,3391.38,7526
1753318800,3391.37,3393.32,3383.71,3387.59,14991
1753322400,3387.58,3389.01,3380.43,3383.92,14126
1753326000,3383.86,3386.06,3374.33,3383.68,12902
1753329600,3383.67,3385.28,3381.1,3382.63,7850
1753333200,3382.63,3382.99,3374.33,3379.27,11986
1753336800,3379.27,3379.74,3369.65,3376,14600
1753340400,3375.92,3377.58,3365.93,3367.71,13714
1753344000,3367.71,3374.55,3365.74,3369.68,13997
1753347600,3369.51,3370.16,3361.82,3363.74,13369
1753351200,3363.71,3367.3,3362.07,3364.4,10597
1753354800,3364.42,3366.53,3361.04,3362.24,11042
1753358400,3362.21,3365.59,3352.39,3353.51,17815
1753362000,3353.57,3372.09,3351,3366.75,20786
1753365600,3366.69,3377.47,3365.76,3373.73,19463
1753369200,3373.67,3375.36,3370.31,3372.51,15999
1753372800,3372.56,3373.86,3366.75,3367,12933
1753376400,3367,3371.73,3366.25,3369.96,11305
1753380000,3370.07,3373.48,3367.43,3372.1,10382
1753383600,3372.09,3373.19,3370.08,3370.5,11391
1753387200,3370.52,3371.27,3367.35,3368.56,6704
1753394400,3368.42,3370.02,3365.09,3368.86,6577
1753398000,3368.75,3371.46,3366.76,3369.52,6314
1753401600,3369.46,3373.55,3368.45,3372.14,6982
1753405200,3372.19,3372.76,3366.33,3370.39,11162
1753408800,3370.44,3370.55,3362.15,3363.16,10147
1753412400,3363.07,3363.51,3358.55,3359.19,7816
1753416000,3359.11,3363.5,3357.76,3360.97,7943
1753419600,3360.91,3362.4,3355.12,3358.75,9091
1753423200,3358.72,3359.74,3354.53,3359.23,11213
1753426800,3359.23,3360.14,3352.42,3354.1,10404
1753430400,3354.09,3355.32,3344.27,3345.51,11203
1753434000,3345.56,3348.86,3343.02,3345.95,9760
1753437600,3345.95,3348.07,3340.93,3342.85,9459
1753441200,3342.88,3345.18,3338.57,3340.99,11647
1753444800,3341.05,3344.21,3336.37,3340.8,14212
1753448400,3340.82,3347.6,3336.76,3343.99,19450
1753452000,3343.85,3344.94,3330.23,3331.87,20789
1753455600,3331.85,3335.97,3325.06,3327.82,19187
1753459200,3327.75,3331.38,3326.12,3329.79,12550
1753462800,3329.85,3336.8,3329.6,3336.03,11151
1753466400,3336,3339.45,3335.84,3338.72,8931
1753470000,3338.7,3340.32,3337.17,3337.56,9617
1753473600,3337.64,3339.13,3336.07,3336.63,5411
1753653600,3329.34,3335.4,3323.38,3329.63,10693
1753657200,3329.53,3337.49,3329.42,3333.63,9157
1753660800,3333.74,3336.07,3327.43,3333.38,10506
1753664400,3333.39,3338.76,3329.77,3332.03,14234
1753668000,3332.03,3336.61,3330.45,3335.55,10528
1753671600,3335.19,3343.32,3334.37,3343.26,9177
1753675200,3343.21,3344.08,3339.45,3339.58,8165
1753678800,3339.59,3344.22,3337.87,3343.34,10108
1753682400,3343.35,3345.33,3335.59,3340.13,12687
1753686000,3340.1,3342.03,3333.9,3335.03,12168
1753689600,3335.05,3338.84,3332.13,3336.12,11856
1753693200,3336.24,3340.83,3335.86,3337.74,11024
1753696800,3337.79,3338.79,3334.16,3335.86,10985
1753700400,3335.85,3338.41,3334.51,3336.59,9837
1753704000,3336.68,3338.4,3325.31,3328.42,16438
1753707600,3328.31,3330.66,3301.35,3301.95,19363
1753711200,3301.83,3314.74,3301.55,3307.98,21036
1753714800,3308.04,3317.14,3306.49,3314.7,15972
1753718400,3314.65,3314.92,3311.31,3312.12,12108
1753722000,3312.13,3313.22,3308.74,3310.78,11389
1753725600,3310.8,3315.6,3310.2,3313.69,9682
1753729200,3313.71,3318.78,3313,3317.18,11135
1753732800,3317.2,3318.52,3314.18,3314.6,6464
1753740000,3313.86,3315.47,3311.89,3314.7,7043
1753743600,3314.62,3314.64,3310.52,3312.55,5889
1753747200,3312.61,3315.89,3307.7,3311.59,10652
1753750800,3311.5,3320.87,3308.45,3319.05,12961
1753754400,3319.07,3320.33,3317.48,3318.83,10618
1753758000,3318.54,3318.94,3311.14,3312.54,9882
1753761600,3312.54,3317.41,3308.89,3316.56,9013
1753765200,3316.56,3320.12,3314.34,3320.01,10362
1753768800,3320.01,3322.34,3316.09,3317.11,15692
1753772400,3317.27,3318.76,3310.99,3317.17,14563
1753776000,3317.17,3329.9,3316.65,3326.43,14063
1753779600,3326.32,3328.17,3320.76,3324.53,13900
1753783200,3324.52,3326.42,3322.01,3322.18,10395
1753786800,3322.2,3322.33,3314.72,3315.31,13495
1753790400,3315.31,3324.55,3315.3,3323.3,15207
1753794000,3323.31,3324.33,3312.46,3317.94,19553
1753797600,3317.26,3329.58,3311.89,3328.98,19537
1753801200,3328.99,3334.13,3319.44,3320.7,17658
1753804800,3320.7,3324.74,3319.02,3323.22,11777
1753808400,3323.18,3329.3,3322.85,3328.32,11890
1753812000,3328.31,3330.85,3325.36,3325.79,9848
1753815600,3325.8,3328.81,3322.65,3325.02,10744
1753819200,3325.12,3326.82,3324.71,3326.62,6332
1753826400,3326.82,3329.17,3326,3327.79,3554
1753830000,3327.83,3328.31,3326.12,3327.56,3956
1753833600,3327.56,3333.67,3327.26,3330.17,8969
1753837200,3330.15,3333.21,3321.9,3323.41,12077
1753840800,3323.27,3332.34,3323.27,3329.24,11665
1753844400,3329.22,3329.92,3326.15,3328.44,7368
1753848000,3328.33,3329.85,3325.66,3327.12,6950
1753851600,3326.85,3330.57,3324.39,3324.94,9310
1753855200,3324.93,3327.49,3323.19,3327.17,11035
1753858800,3327.15,3332.12,3325.59,3327.8,11469
1753862400,3327.95,3333.45,3327.64,3332.16,9857
1753866000,3332.02,3334.02,3329.39,3331.13,9428
1753869600,3331.03,3333.05,3326.7,3328.56,11294
1753873200,3328.61,3331.56,3323.8,3330.77,12306
1753876800,3330.79,3331.96,3310.36,3313.34,17447
1753880400,3313.43,3316.19,3298.17,3302.76,22034
1753884000,3302.9,3308.32,3301.3,3302.23,16451
1753887600,3302.22,3303.44,3288.5,3290.44,16728
1753891200,3290.48,3298.48,3289.89,3298.03,12294
1753894800,3298.04,3301.89,3297.67,3301.34,11690
1753898400,3301.53,3305.01,3279.45,3280.31,23168
1753902000,3280.34,3282.64,3267.95,3269.39,21629
1753905600,3269.42,3276.18,3268.85,3275.02,11481
1753912800,3275.29,3280.07,3273.9,3278.9,6904
1753916400,3278.96,3285.84,3277.49,3285.37,7053
1753920000,3285.36,3288.47,3282.84,3286.58,11062
1753923600,3286.54,3294.04,3284.95,3293.82,14428
1753927200,3293.84,3297.47,3290.25,3297.14,11472
1753930800,3297.17,3298.6,3293.46,3294.87,10384
1753934400,3294.83,3298.4,3293.77,3298.15,8074
1753938000,3298.15,3301.63,3294.67,3299.68,9433
1753941600,3299.66,3304.65,3298.15,3299.04,13242
1753945200,3299.07,3309.59,3297.78,3304.61,12372
1753948800,3304.65,3314.87,3303.58,3309.91,12621
1753952400,3309.91,3312.9,3304.85,3306.71,11781
1753956000,3306.7,3308.14,3293.64,3296.22,13072
1753959600,3296.19,3307.68,3295.25,3306.27,14127
1753963200,3306.22,3311.12,3303.51,3307.59,15479
1753966800,3307.65,3310.49,3300.28,3301.25,19684
1753970400,3300.96,3303.11,3291.45,3296.32,19610
1753974000,3296.31,3299.05,3291.33,3295.44,15876
1753977600,3295.44,3297.36,3289.63,3294.96,15085
1753981200,3294.95,3298.45,3293.75,3295,12711
1753984800,3294.94,3297.08,3292.54,3295.79,9805
1753988400,3295.8,3296.43,3290.47,3290.88,10930
1753992000,3291.04,3293.69,3289.85,3290.03,7062
1753999200,3289.89,3295.17,3288.89,3294.91,4889
1754002800,3294.95,3295.1,3287.87,3288.54,8348
1754006400,3288.51,3293.86,3286.38,3290.33,11504
1754010000,3290.23,3293.66,3281.43,3283.49,13250
1754013600,3283.43,3292.47,3283.09,3291.83,12498
1754017200,3291.8,3297.01,3290.54,3291.51,10020
1754020800,3291.35,3295.57,3290.03,3292.23,9433
1754024400,3292.25,3300.18,3291.83,3296.69,10274
1754028000,3296.7,3297.43,3290.54,3292.27,12348
1754031600,3292.37,3293.45,3285.02,3286.79,13060
1754035200,3286.72,3294.4,3285.36,3294.23,11536
1754038800,3294.22,3296.44,3292.69,3294.38,11208
1754042400,3294.47,3303.04,3293.4,3298.29,10387
1754046000,3298.43,3301.47,3296.82,3300.42,11321
1754049600,3300.41,3345.21,3297.48,3341.28,20948
1754053200,3341.29,3354.79,3338.66,3342.13,25391
1754056800,3342.5,3355.03,3341.34,3345.91,23222
1754060400,3346.03,3351.2,3341.52,3348.63,17984
1754064000,3348.64,3349.51,3340.47,3347.27,15695
1754067600,3347.16,3349.44,3345.67,3348.15,13548
1754071200,3348.14,3351.31,3345.96,3347.67,12930
1754074800,3347.68,3361.35,3347.65,3357.26,14797
1754078400,3357.25,3363.47,3357.09,3363.21,8459
1754258400,3364.55,3365.67,3357.69,3359.17,9187
1754262000,3359.22,3362.13,3354.44,3362.01,7805
1754265600,3361.96,3362.39,3350.28,3352.12,11986
1754269200,3351.94,3353.65,3344.95,3352.17,14938
1754272800,3352.24,3355.14,3350.15,3354.4,10767
1754276400,3354.38,3360.88,3354.24,3360.26,10427
1754280000,3360.16,3362.18,3358.52,3358.99,7893
1754283600,3359.01,3361.05,3355.55,3357.6,9413
1754287200,3357.63,3362.63,3353.46,3362.62,13187
1754290800,3362.64,3362.64,3351.64,3355.93,13676
1754294400,3355.92,3359.94,3354,3358.54,11435
1754298000,3358.41,3361.89,3356.89,3358.08,11053
1754301600,3358.08,3358.91,3353.02,3357.92,10556
1754305200,3357.95,3370.75,3357.64,3370.27,13287
1754308800,3370.29,3371.59,3361.14,3367.74,15256
1754312400,3367.85,3385.45,3367.16,3383.44,19609
1754316000,3383.48,3384.69,3371.88,3374.01,18674
1754319600,3373.92,3376.2,3370.71,3374.28,15220
1754323200,3374.32,3378.11,3370.42,3371.04,12807
1754326800,3371.04,3374.36,3370.6,3374.08,10838
1754330400,3374.1,3376.94,3373.18,3375.89,8961
1754334000,3375.83,3377.2,3374.57,3375.96,9453
1754337600,3375.88,3376.99,3373.38,3373.69,5512
1754344800,3374.31,3376.57,3373.78,3374.79,4077
1754348400,3374.71,3379.71,3374.71,3377.47,6663
1754352000,3377.49,3381.19,3375.98,3379.77,8881
1754355600,3379.81,3382.45,3377.79,3378.94,10893
1754359200,3378.95,3381.45,3373.64,3373.64,10200
1754362800,3373.64,3375.46,3371.94,3372.21,8074
1754366400,3372.11,3373.2,3370.98,3371.2,7074
1754370000,3371.13,3374.04,3367.61,3373.95,10020
1754373600,3373.97,3374.15,3365.43,3366.33,10955
1754377200,3366.35,3375.57,3366.23,3373.73,13089
1754380800,3373.73,3374.69,3365.99,3366.07,11743
1754384400,3366.06,3366.39,3358.68,3359.72,11589
1754388000,3359.61,3361.81,3352.86,3353.16,12625
1754391600,3353.18,3354.26,3349.86,3351.38,12078
1754395200,3351.36,3367.07,3349.91,3366.15,16085
1754398800,3366.34,3379.69,3365.8,3373.39,17917
1754402400,3373.94,3386.54,3370.4,3385.26,21046
1754406000,3385.26,3390.13,3382.18,3389.58,15416
1754409600,3389.59,3390.46,3376.75,3382.02,13538
1754413200,3382.04,3382.87,3378.92,3379.99,10432
1754416800,3379.99,3381.22,3378.38,3380.01,9793
1754420400,3380,3381.42,3378.15,3379.12,8576
1754424000,3379.09,3380.95,3378.47,3380.74,4769
1754431200,3380.97,3381.92,3378.14,3379.79,4178
1754434800,3379.72,3384.02,3379,3383.31,6297
1754438400,3383.3,3385.38,3380.81,3383.41,9246
1754442000,3383.26,3383.63,3373.11,3376.01,12452
1754445600,3375.9,3377.87,3374.19,3376.3,9557
1754449200,3376.29,3378.34,3373.33,3374.61,7975
1754452800,3374.69,3376.57,3372.24,3372.4,6154
1754456400,3372.51,3374.73,3370.49,3374.25,8862
1754460000,3374.23,3378.58,3373.06,3375.2,10022
1754463600,3375.21,3377.19,3368.91,3373.43,11607
1754467200,3373.25,3374.62,3364.81,3365.2,11823
1754470800,3365.19,3367.85,3358.34,3358.9,12119
1754474400,3358.77,3365.42,3358.07,3363.74,12526
1754478000,3363.69,3367.08,3360.62,3365.2,9983
1754481600,3365.22,3369.29,3360.2,3367.41,14836
1754485200,3367.43,3373.6,3365.17,3371.77,18438
1754488800,3371.73,3379.24,3369.46,3379.24,15848
1754492400,3379.25,3379.91,3370.01,3377.53,16073
1754496000,3377.56,3379.28,3372.68,3376.17,13057
1754499600,3376.2,3377.68,3370.75,3374.46,13156
1754503200,3374.48,3374.63,3368.98,3371.64,11188
1754506800,3371.61,3373.06,3370.42,3371.71,10805
1754510400,3371.68,3372.15,3367.09,3369.28,7635
1754517600,3370.56,3374.79,3369.88,3372.04,7058
1754521200,3372.09,3372.09,3367.66,3370.11,8217
1754524800,3370.11,3374.96,3365.23,3372.1,15093
1754528400,3372.15,3382.51,3369.89,3382.27,16209
1754532000,3382.27,3384.02,3378.18,3379.58,12068
1754535600,3379.59,3380.33,3376.56,3379.79,10253
1754539200,3379.78,3380.79,3376.75,3377.71,9835
1754542800,3377.75,3381.03,3371.51,3375.42,14480
1754546400,3375.56,3387.81,3375.07,3387.81,16326
1754550000,3388.08,3397.28,3386.23,3395.97,16502
1754553600,3395.98,3396.44,3372.47,3378.11,21487
1754557200,3378.17,3381.26,3373.45,3376.75,16837
1754560800,3376.83,3378.91,3371.68,3373.06,14122
1754564400,3373.03,3383.11,3371.72,3378.36,17675
1754568000,3378.33,3389.84,3375.16,3380.89,18550
1754571600,3380.87,3393.77,3380.14,3385,21945
1754575200,3384.77,3390.37,3374.44,3387.76,24149
1754578800,3387.78,3390.85,3384.34,3390.23,16207
1754582400,3390.22,3392.62,3387.1,3388.84,13205
1754586000,3388.82,3393.02,3384.29,3392.16,14108
1754589600,3392.28,3393.96,3387.41,3388.22,11472
1754593200,3388.21,3400.84,3387.34,3399.84,15227
1754596800,3399.81,3401.79,3392.87,3396.16,15012
1754604000,3401.26,3407.86,3388.5,3404.79,16521
1754607600,3404.88,3407.36,3396.03,3400.48,9753
1754611200,3400.53,3402.54,3387.22,3389.28,22558
1754614800,3389.26,3391.13,3381.19,3383.52,23665
1754618400,3383.55,3389.99,3383.15,3388.51,19266
1754622000,3388.4,3397.75,3383.44,3395.74,20360
1754625600,3395.78,3399.34,3393.17,3394.46,15498
1754629200,3394.43,3396.01,3389.79,3392.22,17557
1754632800,3392.16,3397.94,3388.68,3393.58,20119
1754636400,3393.72,3404.26,3390.8,3402.04,22734
1754640000,3402.08,3402.71,3394.03,3394.43,20355
1754643600,3394.44,3401.53,3393.95,3400.61,20391
1754647200,3400.55,3401.16,3384.56,3385.12,21533
1754650800,3385.13,3388.54,3380.44,3386.22,22635
1754654400,3386.24,3401.66,3384.8,3391.71,25773
1754658000,3391.66,3401.63,3387.23,3400.28,24807
1754661600,3400.31,3401.42,3380.95,3390.58,21696
1754665200,3390.58,3395.24,3388.73,3395.01,18946
1754668800,3395.25,3400.61,3393.28,3397.53,17047
1754672400,3397.52,3399.34,3381.24,3381.24,14855
1754676000,3381.24,3404.24,3376.25,3395.58,23782
1754679600,3395.43,3400.94,3392.24,3398.54,19077
1754683200,3398.48,3399.06,3392.12,3397.02,10783
1754863200,3403.61,3405.07,3390.65,3395.17,8803
1754866800,3395.19,3396.91,3390.35,3391.52,7130
1754870400,3391.69,3391.73,3381.56,3381.8,15397
1754874000,3381.83,3384.01,3367.44,3377.46,18675
1754877600,3377.46,3379.88,3369.84,3377.05,15371
1754881200,3377.02,3380.15,3373.98,3378.36,12786
1754884800,3378.47,3379.73,3375.4,3375.94,10365
1754888400,3375.9,3380.14,3373.77,3376.97,12311
1754892000,3377.01,3377.01,3363.79,3365.53,16991
1754895600,3365.61,3366.65,3356.8,3360.27,18998
1754899200,3360.17,3365.97,3358.8,3361.9,15742
1754902800,3361.87,3363.87,3352.91,3353.35,16856
1754906400,3353.38,3363.89,3353.21,3358.39,15315
1754910000,3358.9,3358.99,3349.6,3355.35,17841
1754913600,3355.12,3357.6,3344.25,3356.83,20089
1754917200,3356.56,3362.95,3348.15,3358.53,21358
1754920800,3358.51,3359.33,3341.45,3346.39,20591
1754924400,3346.63,3352.23,3344.79,3349.55,16804
1754928000,3349.5,3350.39,3342.65,3344.07,15300
1754931600,3344.08,3358.74,3341.03,3357.45,17079
1754935200,3357.68,3358.64,3352.28,3356.04,12283
1754938800,3356.05,3356.93,3350.38,3351.43,10558
1754942400,3351.52,3351.86,3342.22,3342.93,8596
1754949600,3342.83,3347.23,3342.51,3347.08,6104
1754953200,3347.06,3349.59,3346.27,3348.93,6461
1754956800,3348.9,3355.79,3347.34,3354.62,12238
1754960400,3354.64,3357.55,3346.07,3349.87,15593
1754964000,3349.66,3354.37,3349.62,3352.88,11122
1754967600,3352.89,3355.42,3348.09,3349.34,10717
1754971200,3349.37,3355.77,3348.4,3354.56,10417
1754974800,3354.57,3355.58,3350.6,3354.48,11324
1754978400,3354.52,3355.01,3342.04,3345.51,16120
1754982000,3345.52,3357.98,3343.66,3355.73,13790
1754985600,3355.72,3355.84,3345.66,3348.03,12663
1754989200,3348.05,3351.95,3344.33,3345.64,10966
1754992800,3345.6,3350.53,3344.07,3344.75,12336
1754996400,3344.88,3348.39,3335.96,3347.54,14896
1755000000,3347.66,3357.78,3338.61,3350,21022
1755003600,3349.97,3356.86,3339.79,3345.39,23572
1755007200,3345.38,3346.45,3330.81,3337.53,22633
1755010800,3337.48,3358.96,3336.85,3349.77,20907
1755014400,3349.83,3351.32,3345.71,3349.37,15476
1755018000,3349.38,3350.71,3346.32,3348.88,12689
1755021600,3348.89,3350.76,3347.59,3348.95,10355
1755025200,3348.93,3349.39,3345.53,3347.46,10314
1755028800,3347.53,3350.08,3345.95,3348.2,6543
1755036000,3349.76,3353.8,3349.16,3350.6,5270
1755039600,3350.6,3352.15,3349.63,3350.49,6599
1755043200,3350.47,3350.79,3342.51,3343.73,11864
1755046800,3343.55,3351.97,3342.83,3350.96,14475
1755050400,3350.99,3354.3,3346.75,3351.67,12967
1755054000,3351.65,3353,3348.47,3349.71,10642
1755057600,3349.71,3352.16,3348.32,3351.65,7545
1755061200,3351.63,3352.13,3345.67,3349.19,10931
1755064800,3349.23,3357.58,3348.91,3356.92,14830
1755068400,3357.08,3361.03,3353.8,3354.65,13654
1755072000,3354.59,3363.53,3352.58,3360.18,14384
1755075600,3360.33,3366.69,3358.71,3364.57,13669
1755079200,3364.58,3366.93,3363.27,3366.03,11869
1755082800,3366.26,3366.91,3358.81,3362.33,14793
1755086400,3362.39,3363.6,3355.22,3358.18,17532
1755090000,3357.85,3365.89,3353.94,3364.91,18085
1755093600,3365.01,3370.47,3361.04,3363.23,17939
1755097200,3363.28,3363.81,3354.39,3357.91,15911
1755100800,3358.03,3360.96,3356.91,3357.94,11312
1755104400,3357.93,3359.32,3352.73,3353.59,10355
1755108000,3353.58,3354.51,3349.76,3353.85,10146
1755111600,3353.84,3358.76,3352.62,3357.75,9050
1755115200,3357.8,3358.12,3355.47,3356.02,5074
1755122400,3357.18,3358.98,3356.71,3357.46,5636
1755126000,3357.63,3363.52,3357.44,3362.94,7225
1755129600,3362.91,3374.82,3362.86,3369.73,14461
1755133200,3369.56,3370.98,3365.21,3367.37,16231
1755136800,3367.38,3369.35,3362.77,3362.99,12958
1755140400,3363,3364.23,3355.64,3360.36,14160
1755144000,3360.37,3361.9,3358.49,3360.45,9604
1755147600,3360.6,3361.97,3356.08,3359.02,11456
1755151200,3358.96,3362.51,3355.78,3361.91,14642
1755154800,3361.92,3366.35,3343.45,3345.92,16618
1755158400,3345.89,3350.48,3341.29,3346.3,15532
1755162000,3346.3,3359.17,3345.03,3356.4,15533
1755165600,3356.37,3359.16,3351.97,3355.04,12200
1755169200,3355.14,3357.22,3352.41,3355.6,12393
1755172800,3355.62,3358.52,3341.95,3350.65,19468
1755176400,3350.38,3356.1,3343.59,3344.05,22674
1755180000,3344,3346.55,3334.29,3340.55,21966
1755183600,3340.7,3342.94,3335.5,3341.72,17064
1755187200,3341.7,3342.13,3329.74,3334.5,16372
1755190800,3334.49,3338.53,3331.65,3337.65,12389
1755194400,3337.79,3339.28,3335.98,3338.15,9201
1755198000,3337.85,3341.06,3337.85,3338.07,9210
1755201600,3338,3338.57,3334.46,3335.38,5971
1755208800,3337.02,3337.83,3332.45,3333.48,5316
1755212400,3333.48,3336.68,3332.36,3335.69,5453
1755216000,3335.72,3338.79,3332.43,3337.18,11029
1755219600,3337.24,3340.36,3333.45,3339.5,14199
1755223200,3339.48,3340.95,3336.6,3340.39,12060
1755226800,3340.46,3344.89,3339.98,3343.5,9310
1755230400,3343.44,3346.73,3343.33,3345.38,10197
1755234000,3345.39,3348.79,3341.95,3343.72,12393
1755237600,3343.75,3344.04,3340.17,3340.45,12744
1755241200,3340.68,3346.48,3340.01,3346.19,15389
1755244800,3346.21,3348.15,3338.45,3341.33,15758
1755248400,3341.31,3344.93,3338.33,3342.8,14174
1755252000,3342.82,3342.82,3336.39,3337.61,13716
1755255600,3337.7,3344.05,3337.07,3342.29,15159
1755259200,3342.31,3343.93,3333.53,3342.74,19537
1755262800,3342.85,3345.93,3332.82,3335.52,21194
1755266400,3335.53,3343.55,3335.06,3341.74,18818
1755270000,3341.76,3345.02,3341.37,3342.29,15515
1755273600,3342.3,3342.5,3335.81,3338.07,13911
1755277200,3338.06,3338.97,3335.1,3336.05,12437
1755280800,3336.13,3338.26,3334.59,3336.03,12276
1755284400,3336.04,3339.66,3334.25,3339.05,11835
1755288000,3339.04,3339.42,3335.53,3335.94,6733
1755468000,3336.39,3337.17,3332.94,3334.28,6962
1755471600,3334.3,3334.46,3323.5,3327.12,11947
1755475200,3327.16,3342.76,3326.79,3340.56,16030
1755478800,3340.55,3347.45,3339.52,3346.77,16409
1755482400,3346.68,3347.64,3342.36,3343.42,12368
1755486000,3343.25,3351.7,3343.25,3347.1,12654
1755489600,3347.09,3358.07,3346.82,3357.42,14241
1755493200,3357.42,3358.45,3346.54,3349.39,16706
1755496800,3349.31,3351.18,3346.01,3349.49,14408
1755500400,3349.54,3355.6,3347.2,3348.98,15689
1755504000,3348.97,3349.93,3344.6,3348.64,14406
1755507600,3348.63,3351.65,3347.54,3348.15,12846
1755511200,3348.02,3351.3,3346.55,3346.68,10494
1755514800,3346.58,3348.8,3344.4,3345.4,11273
1755518400,3345.45,3348.79,3343.11,3344.83,15098
1755522000,3344.76,3344.99,3335.81,3336.66,19379
1755525600,3336.76,3338.78,3332.19,3334.27,18624
1755529200,3334.29,3336.8,3332.33,3335.69,15122
1755532800,3335.78,3335.8,3331.63,3334.29,13564
1755536400,3334.24,3334.85,3331.66,3333.59,11818
1755540000,3333.57,3333.85,3331.33,3332.02,8276
1755543600,3332.01,3334.21,3330.28,3333.52,9316
1755547200,3333.53,3334.31,3332.63,3332.88,4410
1755554400,3333.86,3334.72,3332.9,3334.48,4303
1755558000,3334.47,3334.75,3330.46,3330.98,7574
1755561600,3330.98,3338.9,3325.87,3335.12,15268
1755565200,3335.13,3335.77,3330.08,3332.88,16841
1755568800,3332.87,3338.13,3329.28,3338.03,14627
1755572400,3338.12,3341.62,3337,3337.71,14040
1755576000,3337.71,3338.22,3334.31,3337.61,10570
1755579600,3337.53,3340.65,3335.86,3336.15,12226
1755583200,3336.14,3338.85,3334.45,3336.01,12950
1755586800,3335.9,3341.7,3334.99,3340.76,14525
1755590400,3340.63,3340.84,3336.53,3338.03,11640
1755594000,3338.04,3339.72,3336.86,3339.26,10133
1755597600,3339.36,3345.31,3339.11,3343.52,11742
1755601200,3343.5,3344.7,3339.15,3339.8,11652
1755604800,3339.83,3340.62,3334.39,3334.82,16097
1755608400,3334.74,3339.24,3325.71,3333.98,20649
1755612000,3334.17,3337.01,3320.83,3325.25,20864
1755615600,3325.55,3326.7,3321.58,3322.63,17807
1755619200,3322.64,3324.43,3316.79,3317.5,14964
1755622800,3317.51,3320.06,3315.03,3317.47,15613
1755626400,3317.42,3320.11,3316.8,3318.41,12406
1755630000,3318.61,3318.92,3315.51,3315.81,12159
1755633600,3315.8,3317.46,3314.84,3315.57,6278
1755640800,3316.5,3317.61,3315.6,3316.74,5310
1755644400,3316.72,3316.9,3312.69,3314.3,9371
1755648000,3314.22,3316.91,3312.92,3316.07,13595
1755651600,3316.08,3317.85,3311.42,3315.3,17379
1755655200,3315.29,3317.04,3312.3,3314.13,15386
1755658800,3314.1,3318.51,3313.97,3317.63,12114
1755662400,3317.69,3321,3317.12,3318.72,9825
1755666000,3318.71,3323.69,3318.09,3323.32,11926
1755669600,3323.33,3325.97,3322.21,3323.12,14263
1755673200,3323.04,3327.51,3321.64,3324.76,13536
1755676800,3324.71,3325.77,3320.9,3324.82,12760
1755680400,3324.83,3327.42,3323.58,3326.18,12098
1755684000,3326.17,3327.92,3323.83,3326.7,11937
1755687600,3326.52,3332.94,3325.74,3332.26,15264
1755691200,3332.25,3344.75,3332.03,3342.92,19791
1755694800,3342.87,3348.22,3338.77,3344.92,20228
1755698400,3345,3350.21,3339.99,3346.9,19474
1755702000,3332.25,3343.06,3332.03,3340.67,9781
1755705600,3340.75,3346.07,3340.74,3345.15,11787
1755709200,3345.15,3348.14,3344.03,3346.75,12864
1755712800,3346.76,3347.09,3343.89,3345.67,11503
1755716400,3345.68,3349.35,3345.08,3348.83,11080
1755720000,3348.77,3349.31,3347.43,3348.16,6094
1755727200,3350.09,3352.27,3348.61,3349.66,6539
1755730800,3349.52,3349.67,3346.31,3346.9,8144
1755734400,3346.88,3346.88,3341.41,3342.24,11592
1755738000,3342.24,3346.43,3340.72,3342.88,13515
1755741600,3342.78,3344.97,3340.26,3344.46,11139
1755745200,3344.51,3344.89,3339.71,3339.89,10049
1755748800,3339.81,3341.07,3337.81,3338.37,7845
1755752400,3338.38,3340.75,3336.82,3338.84,10656
1755756000,3338.85,3339.83,3334.31,3336.68,14133
1755759600,3336.61,3341.5,3335.37,3339.65,13534
1755763200,3339.64,3341.43,3337.63,3339.57,11677
1755766800,3339.67,3342.23,3338,3340.74,11522
1755770400,3340.83,3341.58,3327.47,3328.44,14058
1755774000,3328.96,3334.4,3325.16,3333.56,15946
1755777600,3333.58,3345.07,3333.58,3341.8,19614
1755781200,3341.83,3347.65,3335.8,3339.44,20075
1755784800,3339.5,3348.09,3338.05,3344.25,20468
1755788400,3344.2,3346.01,3337.59,3343.68,17337
1755792000,3343.69,3343.96,3338.21,3339.66,13120
1755795600,3339.7,3342.04,3336.93,3337.11,10526
1755799200,3337.17,3339.62,3336.49,3339.35,9884
1755802800,3339.36,3341.98,3338.04,3338.87,9523
1755806400,3338.97,3339.15,3337.84,3338.52,4161
1755813600,3339.07,3340.68,3338.37,3338.94,5168
1755817200,3338.86,3339.62,3337.32,3338.49,5939
1755820800,3338.44,3339.85,3335.02,3339.53,11502
1755824400,3339.61,3340.24,3333.54,3334.15,12978
1755828000,3334.25,3336.21,3332.85,3334.1,13169
1755831600,3334.06,3335.32,3331.54,3331.99,11178
1755835200,3332.06,3332.73,3327.9,3328.5,10287
1755838800,3328.46,3331.35,3326.93,3330.07,11619
1755842400,3330.11,3330.5,3325.77,3329.45,13315
1755846000,3329.29,3334.98,3325.85,3327.42,15386
1755849600,3327.42,3330.56,3325.11,3328.88,14603
1755853200,3328.87,3331.67,3328.2,3330.19,11089
1755856800,3330.21,3331.71,3328.84,3330.92,10125
1755860400,3330.96,3331.13,3327.79,3329.29,11677
1755864000,3329.34,3329.97,3321.29,3323.54,18097
1755867600,3323.5,3335.75,3323.39,3333.68,18792
1755871200,3333.66,3376.75,3333.66,3373.84,26601
1755874800,3374.14,3378.85,3367.42,3367.99,21019
1755878400,3367.95,3374.31,3367.94,3370.52,14996
1755882000,3370.53,3375.51,3370.38,3374.18,12606
1755885600,3374.25,3375.02,3370.92,3372.77,10634
1755889200,3372.76,3373.57,3368.88,3373.24,12095
1755892800,3373.23,3373.66,3370.12,3371.95,6164
1756072800,3371.25,3371.29,3365.98,3367.22,6569
1756076400,3367.22,3371.01,3366.37,3369.18,7843
1756080000,3369.19,3369.63,3363.33,3364.8,11400
1756083600,3364.83,3367.72,3360.74,3362.91,15298
1756087200,3362.81,3365.22,3359.51,3364.49,11831
1756090800,3364.29,3368.12,3364.23,3367.33,10841
1756094400,3367.34,3367.68,3363.75,3366.08,8770
1756098000,3366.06,3366.09,3363,3364.69,8391
1756101600,3364.61,3369.59,3364.61,3368.93,12195
1756105200,3368.92,3369.77,3366.07,3366.23,10515
1756108800,3366.24,3366.85,3363.35,3363.99,11287
1756112400,3363.99,3367.93,3361.95,3367.41,11426
1756116000,3367.56,3368.56,3365.08,3366.04,10895
1756119600,3366.07,3371.57,3365.71,3370.51,11732
1756123200,3370.52,3371.15,3364.18,3364.58,13490
1756126800,3364.56,3371.24,3362.11,3370.79,18003
1756130400,3370.81,3375.49,3369.35,3374.41,19122
1756134000,3374.41,3376.22,3371.79,3374.12,16167
1756137600,3374.13,3374.41,3371.59,3373.9,11322
1756141200,3373.92,3374.9,3370.85,3371.19,11655
1756144800,3371.16,3373.24,3369.78,3370.49,10101
1756148400,3370.58,3370.93,3365.24,3365.52,11373
1756152000,3365.51,3366.06,3364.17,3365.55,7160
1756159200,3365.83,3367.18,3363.62,3364.34,5646
1756162800,3364.35,3364.35,3351.74,3354.91,13083
1756166400,3354.96,3386.35,3351.37,3383.14,22716
1756170000,3383.09,3385.18,3371.95,3376.78,19490
1756173600,3376.71,3379.12,3372.86,3375.35,14067
1756177200,3375.35,3375.53,3369.85,3372.15,12079
1756180800,3372.12,3378.96,3372.06,3377.42,11848
1756184400,3377.42,3378.97,3372.27,3376.63,13460
1756188000,3376.56,3377.75,3372.54,3376.11,13994
1756191600,3376.09,3379.1,3367.15,3376.67,17419
1756195200,3376.64,3379.91,3375.38,3376.78,15353
1756198800,3376.79,3378.55,3369.46,3372.12,15365
1756202400,3372.11,3375.09,3367.27,3372.09,12224
1756206000,3372.09,3380.06,3370.65,3377.46,16436
1756209600,3377.52,3379.85,3371.08,3372.11,17375
1756213200,3372.1,3378.12,3370.39,3375.81,20844
1756216800,3375.51,3379.59,3370.4,3379.28,20282
1756220400,3379.27,3389.14,3378.59,3386.75,18168
1756224000,3386.76,3387.56,3382.54,3383.12,16334
1756227600,3383.14,3385.91,3381.54,3381.8,12350
1756231200,3381.82,3385.62,3380.32,3385.55,11331
1756234800,3385.58,3390.9,3385.09,3389.73,12808
1756238400,3389.76,3393.67,3389.19,3393.62,6722
1756245600,3394.1,3394.13,3388.82,3391.02,6767
1756249200,3390.98,3392.99,3390,3390.78,7548
1756252800,3390.81,3393.33,3388.83,3389.64,12245
1756256400,3389.65,3390.09,3383.37,3386.18,17060
1756260000,3386.18,3387.14,3382.23,3384.19,12032
1756263600,3384.17,3384.58,3380.53,3380.7,10832
1756267200,3380.54,3381.34,3373.86,3375.02,13327
1756270800,3375.05,3378.89,3374.16,3377.16,13935
1756274400,3377.29,3381.89,3376.17,3377.5,14664
1756278000,3377.5,3381.56,3373.51,3381.52,14555
1756281600,3381.46,3385.05,3380.9,3384.48,14928
1756285200,3384.48,3385.5,3377.39,3378.21,12751
1756288800,3378.27,3379.17,3374.88,3375.55,17231
1756292400,3375.57,3378.06,3373.86,3376.82,14282
1756296000,3376.78,3382.83,3374.36,3381.2,17394
1756299600,3381.24,3384.72,3375.45,3377.83,20503
1756303200,3377.81,3386.79,3376.14,3386.36,19616
1756306800,3386.34,3390.36,3385.16,3387.98,17483
1756310400,3388.04,3398.54,3387.53,3395.48,18086
1756314000,3395.48,3397.38,3394.96,3395.25,15414
1756317600,3395.24,3396.24,3392.18,3394.59,12277
1756321200,3394.52,3396.39,3393.71,3396.31,11916
1756324800,3396.29,3398.05,3394.08,3397.45,8302
1756332000,3398.31,3398.89,3394.84,3395.82,6647
1756335600,3395.78,3399.25,3395.15,3395.78,9456
1756339200,3395.78,3398.09,3391.09,3392.09,12236
1756342800,3392.05,3392.75,3385.47,3386.01,18270
1756346400,3385.9,3391.44,3384.37,3391.36,15756
1756350000,3391.35,3392.49,3388.83,3390.06,12303
1756353600,3390.07,3392.25,3388.77,3390.37,9813
1756357200,3390.38,3390.94,3387.79,3389.08,12578
1756360800,3389.32,3395.67,3388.65,3395.36,16284
1756364400,3395.35,3397.75,3393.73,3395.87,14552
1756368000,3395.88,3401.1,3393.95,3400.65,15380
1756371600,3400.72,3401.73,3398.47,3399.26,11993
1756375200,3399.3,3399.3,3393.88,3397.09,14690
1756378800,3397.09,3407.36,3396.23,3404.02,16358
1756382400,3404.01,3408.82,3396.69,3397.06,21118
1756386000,3397.07,3410.37,3394.09,3407.24,22953
1756389600,3407.28,3413.59,3406.37,3412.29,21329
1756393200,3412.28,3413.16,3404.37,3410.91,18401
1756396800,3410.98,3417.74,3409.91,3415.47,17747
1756400400,3415.39,3418.8,3414.51,3417.91,16496
1756404000,3417.96,3420.39,3417.35,3420.03,13438
1756407600,3420.06,3423.15,3417.99,3422.09,17453
1756411200,3422.23,3422.35,3416.23,3416.89,8848
1756418400,3416.67,3418.14,3415.51,3416.82,6779
1756422000,3416.78,3416.87,3414.71,3414.77,6971
1756425600,3414.82,3417.96,3412.86,3413.57,12070
1756429200,3413.56,3413.62,3407.8,3409.94,17251
1756432800,3409.91,3414.03,3409.88,3411.34,13528
1756436400,3411.3,3413.61,3409.81,3410.71,11713
1756440000,3410.72,3411.43,3407.27,3408.95,11518
1756443600,3409.04,3410.86,3406.86,3410.49,11625
1756447200,3410.5,3412.77,3407.94,3410.19,12431
1756450800,3410.1,3412.61,3406.6,3412.21,15588
1756454400,3412.18,3414.86,3409.79,3410.24,15533
1756458000,3410.39,3411.08,3406.88,3407.51,15630
1756461600,3407.52,3408.94,3404.63,3405.54,13282
1756465200,3405.58,3411.23,3404.16,3410.69,14234
1756468800,3410.69,3416.79,3406.73,3416.4,19452
1756472400,3416.35,3429.04,3413.49,3428.56,21874
1756476000,3429.05,3441.17,3428.97,3441.13,24687
1756479600,3441.19,3447.72,3438.79,3445.64,22845
1756483200,3445.45,3449.44,3442.15,3449.26,19885
1756486800,3449.14,3450.1,3441.08,3443.67,18504
1756490400,3443.66,3445.67,3440.94,3442.99,17208
1756494000,3442.93,3453.99,3441.65,3452.52,18516
1756497600,3452.58,3452.58,3445.83,3448.12,11850
1756677600,3444.29,3452.56,3442.55,3450.31,10298
1756681200,3450.27,3450.9,3444.72,3447.99,9532
1756684800,3447.91,3447.91,3442.55,3444.05,12832
1756688400,3444.1,3459.27,3437.04,3457.1,20343
1756692000,3457.12,3484.45,3454.96,3483.51,26041
1756695600,3483.7,3486.11,3469.51,3474.56,20024
1756699200,3474.71,3479.38,3471.9,3475.09,15291
1756702800,3475.07,3482.91,3474.16,3477.34,19819
1756706400,3477.1,3489.89,3476.88,3479.29,20779
1756710000,3479.51,3480.91,3467.57,3477.78,20641
1756713600,3477.79,3479.9,3474.37,3476.97,16756
1756717200,3476.97,3477.11,3467.1,3469.4,17649
1756720800,3469.43,3473.99,3466.18,3470.51,17565
1756724400,3470.52,3473.57,3467.71,3470.09,17503
1756728000,3470.08,3471.75,3467.08,3469.49,16491
1756731600,3469.41,3479.09,3468.75,3475.37,18727
1756735200,3475.34,3481.44,3473.41,3475.77,17344
1756738800,3475.7,3478.96,3473.45,3474.14,13798
1756742400,3474.15,3477.66,3472.19,3477.34,10495
1756746000,3477.33,3478.91,3476.02,3477.94,8932
1756749600,3477.93,3478.06,3476.13,3476.39,4486
1756764000,3474.73,3480.09,3474.06,3475.27,9188
1756767600,3475.49,3481.49,3474.44,3479.37,10345
1756771200,3479.21,3485.12,3478.04,3479.24,18357
1756774800,3479.22,3508.53,3476.71,3497.53,24498
1756778400,3497.57,3500.6,3491.2,3496.3,21285
1756782000,3496.16,3496.16,3490.02,3495.06,16591
1756785600,3495.04,3498.32,3493.35,3496.81,13775
1756789200,3496.78,3497.76,3492.07,3493.12,16329
1756792800,3493.1,3495.73,3483.09,3485.58,20763
1756796400,3485.5,3488.23,3472.03,3477.01,21410
1756800000,3476.92,3481.44,3470.04,3477.63,21106
1756803600,3477.61,3480.46,3476.05,3476.83,17607
1756807200,3476.77,3485.79,3475.66,3485.68,18707
1756810800,3485.61,3489.97,3478.39,3489.89,19494
1756814400,3489.9,3494.1,3474.1,3481.95,24377
1756818000,3481.98,3493.49,3478.14,3489.65,25424
1756821600,3489.6,3513.49,3488.99,3511.26,26634
1756825200,3511.27,3520.24,3509.51,3520.24,23702
1756828800,3520.27,3528.86,3518.22,3527.81,21549
1756832400,3527.83,3530.11,3521.85,3529.41,18847
1756836000,3529.4,3532.19,3525.2,3528.45,19408
1756839600,3528.46,3539.96,3528.46,3537.04,18853
1756843200,3537.54,3537.7,3533.31,3533.33,9413
1756850400,3530.61,3534.98,3529.18,3529.41,7421
1756854000,3529.37,3533.07,3526.35,3530.16,11021
1756857600,3530.12,3546.51,3527.96,3536.12,19360
1756861200,3536.15,3541.77,3531.71,3538.63,21076
1756864800,3538.67,3545.85,3531.23,3531.67,19921
1756868400,3531.74,3533.41,3529.36,3530.85,16867
1756872000,3530.85,3538.26,3530.8,3536.76,15014
1756875600,3536.81,3537.87,3526.63,3530.03,17384
1756879200,3530.07,3537.47,3529.96,3535.4,18192
1756882800,3535.29,3536.89,3529.17,3533.83,18676
1756886400,3533.8,3541.15,3533.69,3540.12,17857
1756890000,3540.08,3541.91,3533.79,3534.4,17193
1756893600,3534.32,3541.87,3532.22,3540.1,16764
1756897200,3540.05,3549.52,3539.96,3547.56,19215
1756900800,3547.55,3551.57,3541.44,3550.58,22290
1756904400,3550.47,3561.5,3549.26,3553.77,20622
1756908000,3554.06,3565.7,3551.34,3558.37,26216
1756911600,3558.42,3567.33,3557.56,3563.99,21330
1756915200,3564,3572.68,3562.26,3572.53,18361
1756918800,3572.62,3575.96,3570.3,3574.37,18116
1756922400,3574.65,3578.54,3565.57,3570.42,21389
1756926000,3570.39,3571.71,3561.31,3563.76,19894
1756929600,3563.77,3566.05,3558.89,3559.2,10818
1756936800,3559.97,3564.14,3558.86,3561.83,11856
1756940400,3561.84,3561.84,3554.36,3560.43,15196
1756944000,3560.53,3562.38,3551.91,3561.59,16629
1756947600,3561.57,3563.25,3543.76,3546.4,22997
1756951200,3546.39,3550.65,3526.13,3530.9,23196
1756954800,3530.75,3531.95,3511.22,3529.14,20959
1756958400,3528.86,3534.35,3528.64,3532.95,13192
1756962000,3533,3534.18,3525.21,3527.16,18281
1756965600,3527.25,3541.78,3524.29,3536.09,20067
1756969200,3536.13,3541.29,3532.76,3541.17,17197
1756972800,3541.14,3545.64,3537.35,3541.32,17763
1756976400,3541.26,3544.94,3536.7,3538.65,16405
1756980000,3538.62,3547.07,3538.33,3540.99,17103
1756983600,3541,3549.94,3536.56,3545.57,17930
1756987200,3545.34,3552.02,3541.02,3548.45,21564
1756990800,3548.4,3558.75,3540.1,3546.88,24497
1756994400,3546.97,3546.97,3535.01,3545.92,25187
1756998000,3545.92,3553.32,3542.38,3552.64,19813
1757001600,3552.65,3556.14,3549.28,3552.77,18753
1757005200,3552.51,3555.55,3542.54,3542.91,17934
1757008800,3542.9,3548.3,3542.71,3546.27,15756
1757012400,3546.26,3551.17,3545.53,3549.96,14406
1757016000,3550.01,3550.64,3544.52,3545.75,7210
1757023200,3543.92,3545.88,3540.14,3540.92,6932
1757026800,3540.88,3554.56,3540.88,3552.7,15551
1757030400,3552.69,3556.57,3549.04,3552.27,18782
1757034000,3552.27,3556.56,3550.13,3552.61,19888
1757037600,3552.58,3555.3,3545.92,3550.78,17849
1757041200,3550.78,3559.07,3548.67,3558.43,15700
1757044800,3558.43,3559.19,3556.27,3558.5,12874
1757048400,3558.51,3561,3555.6,3557.72,16227
1757052000,3557.77,3558.05,3548.21,3552.52,18961
1757055600,3552.69,3554.34,3546.58,3548.21,17912
1757059200,3547.98,3549.93,3544.7,3545.97,16982
1757062800,3545.98,3553.85,3545.89,3552.48,15740
1757066400,3552.47,3552.96,3549.41,3551.9,15002
1757070000,3551.91,3555.14,3547.82,3553.26,18159
1757073600,3553.24,3586.55,3548.74,3580.3,25470
1757077200,3581.06,3595.33,3573.3,3594.36,27582
1757080800,3594.34,3598.02,3573.05,3590.4,27158
1757084400,3590.23,3595.44,3581.77,3591.82,24187
1757088000,3591.79,3599.99,3591.03,3595.17,22007
1757091600,3595.1,3597.5,3590.45,3596.36,20632
1757095200,3596.4,3597.32,3592.61,3595.53,17697
1757098800,3595.46,3596.07,3592.64,3594.64,18454
1757102400,3594.62,3595.34,3586.16,3587.32,11748
1757282400,3583.72,3596.71,3583.72,3592.14,18943
1757286000,3592.35,3594.06,3588.13,3591.25,16422
1757289600,3591.25,3594.46,3587.04,3594.41,19412
1757293200,3594.3,3597.17,3584.93,3589.6,23273
1757296800,3589.59,3594.37,3586.51,3590.7,20111
1757300400,3590.72,3592.24,3582.81,3583.56,17511
1757304000,3583.66,3584.87,3579.47,3581.62,14162
1757307600,3581.59,3591.59,3581.19,3591.2,16803
1757311200,3591.25,3598.7,3589.27,3598.01,19495
1757314800,3597.99,3613.52,3596.19,3609.49,20342
1757318400,3609.42,3616.92,3607.14,3611.14,18888
1757322000,3611.14,3615.01,3608.59,3613.84,17512
1757325600,3613.9,3622.27,3613.28,3616.98,16903
1757329200,3617.02,3620,3612.64,3619.84,16314
1757332800,3619.83,3626.06,3614.82,3624.04,19733
1757336400,3624.19,3636.92,3620.33,3633.32,25745
1757340000,3633.42,3640.95,3628.99,3640.75,24550
1757343600,3640.9,3646.5,3633.22,3639.25,23068
1757347200,3639.26,3641.82,3636,3640.79,19058
1757350800,3640.81,3641.14,3632.51,3633.36,18278
1757354400,3633.4,3636.64,3631.81,3635.98,17382
1757358000,3636.07,3637.65,3632.61,3636.62,17259
1757361600,3636.77,3637.95,3634.52,3636.01,8321
1757368800,3634.8,3637,3628.89,3629.47,7806
1757372400,3629.55,3636.14,3628.14,3634.86,12318
1757376000,3634.92,3640.92,3633.5,3638.51,17777
1757379600,3638.52,3647.61,3635.98,3646.36,21962
1757383200,3646.34,3654.57,3644.79,3647.68,21627
1757386800,3647.61,3651.99,3642.71,3645.96,18824
1757390400,3645.97,3657.06,3645.73,3655.01,14505
1757394000,3654.83,3659.08,3652.61,3655.13,17808
1757397600,3655.22,3656.38,3636.79,3647.53,23063
1757401200,3647.52,3650.99,3641.62,3644.36,17375
1757404800,3644.31,3651.1,3641.9,3647.99,19050
1757408400,3648.11,3656.69,3647.71,3653.66,16420
1757412000,3653.81,3655.98,3648.68,3651.88,15107
1757415600,3651.88,3654.28,3646.77,3648.08,14877
1757419200,3648.14,3655.42,3643.76,3647.54,21826
1757422800,3647.56,3668.19,3646.42,3666.19,25487
1757426400,3666.02,3674.63,3636.22,3645.16,28230
1757430000,3645.19,3646.56,3626.73,3645.66,24784
1757433600,3645.66,3649.43,3644.13,3645.04,20355
1757437200,3644.91,3646.5,3641.29,3642.83,17950
1757440800,3642.86,3645.1,3639.71,3640.46,16787
1757444400,3640.39,3641.32,3628.45,3629.31,20674
1757448000,3629.24,3632.91,3625.84,3626.21,10659
1757455200,3625.04,3635.82,3623.05,3635.39,13343
1757458800,3635.41,3640.66,3633.41,3633.58,13460
1757462400,3633.62,3634.48,3621.44,3623.89,17826
1757466000,3623.89,3632.77,3620.13,3630.68,22129
1757469600,3630.69,3638.32,3630.09,3636.24,16575
1757473200,3636.23,3637.13,3633.19,3636.63,12882
1757476800,3636.59,3643.27,3636.57,3642.84,13012
1757480400,3642.83,3645.41,3639.74,3642.99,14759
1757484000,3643.02,3647.57,3640.57,3643.82,17730
1757487600,3644.21,3648.3,3641.29,3644.04,18072
1757491200,3644.13,3647.66,3642.01,3645.92,16598
1757494800,3645.92,3656.03,3644.92,3655.26,15922
1757498400,3655.25,3657.55,3651.51,3655.27,17004
1757502000,3655.26,3656.41,3648.43,3649.34,17722
1757505600,3649.32,3657.31,3640.33,3644.07,22100
1757509200,3644.02,3654.08,3642.11,3651.14,23974
1757512800,3651.18,3655.43,3643.86,3647.63,23629
1757516400,3647.68,3648.68,3638.39,3644.5,21125
1757520000,3644.5,3646.87,3639.89,3642.89,18295
1757523600,3642.86,3647.65,3641.71,3647.54,16116
1757527200,3647.54,3649.67,3644.54,3645.43,15124
1757530800,3645.44,3646.21,3635.27,3641.99,17624
1757534400,3641.99,3642.82,3638.12,3640.5,8205
1757541600,3642.71,3644.51,3637.99,3639.82,6617
1757545200,3640.07,3645.53,3638.54,3644.96,9775
1757548800,3644.97,3647.1,3642.58,3643.97,14588
1757552400,3643.99,3649.19,3639.83,3641.02,16828
1757556000,3641.01,3643.43,3634.06,3637.19,15809
1757559600,3637.22,3637.41,3629.75,3632.01,15295
1757563200,3632.01,3634.43,3630.11,3630.73,10938
1757566800,3630.74,3633.4,3623.15,3625.18,18619
1757570400,3625.18,3638.07,3622.71,3633.22,18328
1757574000,3633.2,3633.36,3623.86,3629.9,18910
1757577600,3629.9,3631.66,3625.49,3626.28,15560
1757581200,3626.27,3626.27,3614.08,3621.94,18574
1757584800,3621.95,3624.73,3619.71,3621.96,15492
1757588400,3621.95,3622.26,3615.43,3616.8,16337
1757592000,3616.77,3643.98,3613.13,3628.88,23864
1757595600,3628.9,3637.02,3618.3,3630.15,26482
1757599200,3630.15,3637.8,3626.05,3629.57,23526
1757602800,3629.67,3639.03,3629.67,3633.17,20593
1757606400,3633.19,3641.99,3633.03,3636.13,19315
1757610000,3636.24,3636.61,3631.78,3635.1,16470
1757613600,3635.18,3637.13,3630.3,3632.27,16150
1757617200,3632.25,3637.54,3632.23,3636.95,14333
1757620800,3636.94,3637.72,3632.99,3633.81,6726
1757628000,3634.55,3638.32,3633.16,3634.91,4403
1757631600,3634.9,3636.18,3631.6,3631.94,8480
1757635200,3631.74,3637.93,3630.46,3636.44,15368
1757638800,3636.44,3647.52,3636.43,3646.46,22435
1757642400,3646.4,3650.88,3644.84,3649.02,17347
1757646000,3649.04,3653.28,3646.63,3652.77,14539
1757649600,3652.75,3656.09,3651.54,3654.87,11739
1757653200,3654.86,3656.7,3651.93,3653.18,14228
1757656800,3653.18,3654.18,3648.27,3650.57,17039
1757660400,3650.71,3653.78,3647.71,3648.44,15678
1757664000,3648.19,3651.28,3639.56,3641.11,18570
1757667600,3641.02,3646.98,3637.63,3646.45,16829
1757671200,3646.49,3652.05,3646.25,3651.19,15841
1757674800,3651.23,3651.97,3646.83,3646.97,15612
1757678400,3647,3648.97,3638.23,3645.35,21515
1757682000,3645.35,3652.61,3643.25,3650.53,22850
1757685600,3650.12,3654.23,3647.45,3648.08,21183
1757689200,3648.13,3648.32,3641.85,3644.58,19536
1757692800,3644.59,3649.65,3642.64,3649.13,15578
1757696400,3649.14,3650.67,3647.49,3648.71,16375
1757700000,3648.72,3649.56,3647.04,3648.42,13192
1757703600,3648.39,3648.45,3643.52,3644.28,15498
1757707200,3644.23,3645.51,3641.35,3643.41,8853
1757887200,3644.67,3646.4,3639.77,3642.13,8778
1757890800,3642.09,3642.13,3636.74,3638.22,8942
1757894400,3638.2,3642.66,3632.02,3633.43,16031
1757898000,3633.32,3634.86,3626.51,3634.37,21459
1757901600,3634.38,3645.42,3634.28,3641.08,19422
1757905200,3641.09,3646.51,3640.16,3646.07,13759
1757908800,3646.05,3646.98,3643.6,3645.68,12342
1757912400,3645.57,3646.06,3642.24,3643.71,14474
1757916000,3643.51,3643.89,3636.68,3636.68,18240
1757919600,3636.31,3645.01,3633.65,3643.82,19397
1757923200,3643.84,3645.72,3640.83,3645.56,14502
1757926800,3645.53,3645.93,3635.71,3641.2,16190
1757930400,3641.24,3646.41,3639.13,3640.01,17111
1757934000,3640.1,3646.73,3639,3642.54,17813
1757937600,3642.56,3650.91,3636.88,3650.09,21525
1757941200,3650.1,3664.2,3646.81,3657.19,22949
1757944800,3657.17,3663.82,3653.98,3663.55,21918
1757948400,3663.61,3681.95,3663.01,3680.61,20691
1757952000,3680.59,3685.52,3674.69,3679.18,21889
1757955600,3679.16,3682.59,3678.59,3681.8,18464
1757959200,3681.8,3682.06,3675.81,3676.86,16264
1757962800,3676.99,3682.8,3676.75,3680.94,16396
1757966400,3680.9,3681.96,3678.67,3678.89,8493
1757973600,3680.72,3681.43,3676.39,3678.87,8102
1757977200,3678.88,3680.49,3676.24,3677,8181
1757980800,3676.98,3687.03,3676.18,3686.48,16629
1757984400,3686.46,3689.61,3677,3679.47,19449
1757988000,3679.35,3682.75,3674.45,3677.76,18686
1757991600,3677.68,3683.16,3677,3681,14983
1757995200,3681.01,3685.48,3680.1,3684.24,12672
1757998800,3684.14,3684.58,3680.11,3682.67,13497
1758002400,3682.68,3694.2,3681.68,3693.38,19077
1758006000,3693.23,3694.19,3686.22,3686.54,18368
1758009600,3686.53,3696.88,3686.27,3694.32,18408
1758013200,3694.32,3698.98,3693,3698.3,17357
1758016800,3698.23,3698.81,3692.83,3693.23,14915
1758020400,3693.35,3699.34,3690.58,3697.13,17666
1758024000,3697.08,3697.47,3686.29,3689.28,21219
1758027600,3689.3,3698.44,3684.92,3695.65,23516
1758031200,3695.55,3702.99,3685.78,3686.38,25310
1758034800,3686.48,3688.99,3678.69,3686.22,23417
1758038400,3686.24,3691.17,3684.64,3689.67,21192
1758042000,3689.7,3690.92,3686.3,3687.81,19150
1758045600,3687.81,3690.98,3686.48,3690.6,15247
1758049200,3690.6,3691.16,3687.8,3689.52,12629
1758052800,3689.63,3693.71,3689.53,3689.89,7051
1758060000,3689.58,3692.82,3689.58,3692,5396
1758063600,3692.04,3695.11,3691.62,3694.18,8331
1758067200,3694.16,3695.24,3691.04,3691.2,12009
1758070800,3691.13,3692.06,3675.89,3679.56,22068
1758074400,3679.54,3683.85,3674.3,3682.21,20153
1758078000,3682.2,3683.4,3679.9,3681.79,13626
1758081600,3681.69,3682.5,3680.41,3680.8,9058
1758085200,3680.83,3685.92,3675.95,3679.23,17385
1758088800,3679.31,3680.1,3670.2,3675.09,18717
1758092400,3675.1,3677.23,3666.41,3667.18,18182
1758096000,3667.15,3667.97,3662.57,3664.92,18315
1758099600,3664.88,3671.03,3663.84,3667.85,16454
1758103200,3667.8,3669.85,3660.4,3661.39,18534
1758106800,3661.36,3669.81,3659.84,3666,18952
1758110400,3665.99,3679.22,3665.7,3678.62,19478
1758114000,3678.68,3682.55,3672.81,3678.77,22908
1758117600,3678.65,3686.16,3676.84,3684.38,21153
1758121200,3684.37,3687.23,3682.92,3684.26,17697
1758124800,3684.25,3688.52,3684.05,3684.79,15895
1758128400,3684.83,3687.82,3678.72,3686.5,18198
1758132000,3686.53,3707.42,3646.25,3650.28,29653
1758135600,3650.68,3666.94,3646.39,3661.77,26866
1758139200,3661.8,3661.8,3656.37,3659.92,11335
1758146400,3661.25,3665.32,3654.88,3662.96,9640
1758150000,3662.95,3671.9,3662.13,3669.1,12627
1758153600,3669.1,3670.01,3658.13,3665.18,16942
1758157200,3665.18,3668.81,3651.89,3657.23,23909
1758160800,3657.17,3665.8,3655.42,3664.73,16862
1758164400,3664.83,3666.13,3657.78,3658.52,13763
1758168000,3658.64,3659.34,3653.55,3653.58,13281
1758171600,3653.72,3659.24,3649.45,3651.62,18500
1758175200,3651.67,3651.87,3633.88,3637.45,22955
1758178800,3637.45,3659.79,3635.76,3658.88,21195
1758182400,3658.96,3665.78,3653.79,3665.55,17627
1758186000,3665.53,3672.99,3664.54,3671.7,18392
1758189600,3671.67,3672.53,3665.6,3667.1,16086
1758193200,3667.09,3670.99,3664.33,3667.11,16409
1758196800,3667.23,3672.34,3662.78,3663.22,20419
1758200400,3663.22,3664.2,3627.74,3642.26,26210
1758204000,3642.02,3646.51,3634.44,3638.33,26426
1758207600,3638.36,3642.35,3636.82,3641.31,20799
1758211200,3641.3,3647.23,3640.82,3646.17,18367
1758214800,3646.16,3646.71,3643.28,3643.6,15639
1758218400,3643.61,3643.62,3640.43,3641.49,14883
1758222000,3641.33,3647.12,3640.62,3646.62,15354
1758225600,3646.68,3647.18,3643.87,3644.39,6817
1758232800,3643.29,3644.13,3639.27,3640.28,5148
1758236400,3640.29,3641.91,3637.76,3640.24,9442
1758240000,3640.25,3642.79,3636.18,3640.09,14337
1758243600,3640.01,3651,3632.18,3639.92,21039
1758247200,3639.89,3650.11,3638.87,3647.38,18313
1758250800,3647.33,3656.23,3645.36,3653.61,17513
1758254400,3653.59,3659.99,3653.59,3658.86,14422
1758258000,3658.87,3661.28,3651.58,3652.45,17316
1758261600,3652.43,3654.26,3643.42,3647.06,20538
1758265200,3647.16,3657.51,3644.39,3653.96,17579
1758268800,3653.88,3656.64,3649.56,3655.58,16717
1758272400,3655.69,3658.8,3655.11,3658.58,14868
1758276000,3658.6,3659.18,3654.87,3655.91,13114
1758279600,3655.97,3655.97,3645.64,3648.5,17019
1758283200,3648.5,3651.83,3644.54,3649.22,19305
1758286800,3649.24,3664.4,3643.51,3663.27,23646
1758290400,3663.26,3669.33,3656.35,3666.91,24446
1758294000,3666.91,3675.81,3665.2,3670.84,22437
1758297600,3670.87,3673.29,3666.47,3668.21,17991
1758301200,3668.24,3679.51,3668,3678.54,17494
1758304800,3678.64,3684.15,3678.1,3683.68,17068
1758308400,3683.69,3685.25,3681.3,3684.43,16721
1758312000,3684.38,3685.11,3680.72,3685.11,8124
1758492000,3684.78,3692.11,3683.66,3688.4,11682
1758495600,3688.42,3690.5,3685.74,3686.23,12799
1758499200,3686.01,3691.07,3685.76,3690.94,15051
1758502800,3690.92,3696.72,3686.69,3689.47,22172
1758506400,3689.38,3693.41,3685.51,3686.53,16273
1758510000,3686.52,3697.42,3686,3695.43,16226
1758513600,3695.41,3695.95,3690.01,3692.17,10195
1758517200,3692.19,3700.23,3691.97,3697,16548
1758520800,3697,3719.96,3695.6,3714.37,22161
1758524400,3714.24,3716.43,3708.67,3713.25,18703
1758528000,3712.91,3722.45,3712.35,3720.33,18259
1758531600,3720.38,3726.59,3719.17,3723.23,17179
1758535200,3723.25,3728.41,3721.03,3727.52,16326
1758538800,3726.99,3728.37,3721.12,3724.7,17528
1758542400,3724.7,3725.53,3712.21,3721.6,21718
1758546000,3721.62,3725.53,3713.64,3722.37,25054
1758549600,3722.36,3726.43,3716.83,3725.91,24383
1758553200,3726.02,3736.42,3723.52,3736.18,21759
1758556800,3736.18,3739.59,3735.11,3737.15,20040
1758560400,3737.14,3747.19,3737.14,3746.62,19092
1758564000,3746.55,3748.08,3744.63,3747.6,14989
1758567600,3747.71,3748.85,3742.45,3747.67,17066
1758571200,3747.84,3748.62,3745.36,3746.87,8587
1758578400,3745.46,3747.72,3738.24,3740.02,8002
1758582000,3739.98,3749.19,3739.01,3747.87,12757
1758585600,3748.06,3750.73,3744.71,3747.07,15951
1758589200,3747.12,3759.26,3745.7,3754.64,22663
1758592800,3754.68,3755.49,3736.45,3742,22253
1758596400,3741.9,3747.33,3739.08,3746.7,16148
1758600000,3746.71,3747.59,3743.26,3744.76,12670
1758603600,3744.77,3758.76,3743.19,3753.01,17500
1758607200,3752.93,3757.37,3751.28,3753.83,19072
1758610800,3753.79,3757.38,3748.87,3753.46,18917
1758614400,3753.4,3775.21,3753.13,3774.43,21097
1758618000,3774.42,3791.14,3774.07,3784.87,22175
1758621600,3785.01,3787.92,3780.8,3782.9,17798
1758625200,3782.89,3788.9,3779.64,3783.5,19421
1758628800,3783.64,3785.42,3777.45,3784.29,20745
1758632400,3784.1,3788.54,3774.16,3783.9,25406
1758636000,3783.86,3784.84,3767.7,3774.01,25144
1758639600,3773.97,3782.1,3772.79,3779.2,20969
1758643200,3779.17,3782.07,3765.18,3779.26,22728
1758646800,3779.29,3785.76,3775.82,3777.47,20289
1758650400,3777.6,3781.46,3756.21,3756.83,19046
1758654000,3756.71,3768.26,3751.96,3764.43,22930
1758657600,3764.55,3767.42,3762.47,3764.04,10210
1758664800,3766.03,3767.53,3761.59,3765.49,5450
1758668400,3765.45,3770.1,3761.84,3763.84,12308
1758672000,3763.82,3765.61,3758.94,3765.22,15283
1758675600,3765.23,3771.75,3755.09,3756.44,22079
1758679200,3756.42,3759.35,3750.57,3757.02,18088
1758682800,3757.03,3766.57,3752.27,3765.23,17816
1758686400,3765.3,3768.31,3763.13,3768.14,12427
1758690000,3768.16,3776.9,3767.93,3774.93,17891
1758693600,3774.96,3776.09,3769.08,3771.14,17704
1758697200,3771.37,3779.23,3770.6,3777.39,16196
1758700800,3777.54,3777.85,3767.08,3770.12,16600
1758704400,3770.13,3771.69,3762.97,3768.5,16415
1758708000,3768.47,3768.69,3759.62,3762.25,16078
1758711600,3762.22,3769.66,3759.57,3768.96,17205
1758715200,3769,3771.56,3764.03,3768.13,20759
1758718800,3768,3772.92,3758.87,3761.47,23685
1758722400,3761.21,3765.07,3749.55,3752.81,25209
1758726000,3752.8,3756.65,3739.64,3741.04,23123
1758729600,3741.05,3745.24,3732.33,3735.7,22985
1758733200,3735.65,3738.87,3732.33,3733.11,19448
1758736800,3733.07,3734.09,3722.57,3724.28,20008
1758740400,3724.27,3731.78,3717.39,3730.13,20241
1758744000,3730.1,3737.45,3729.87,3736.08,8802
1758751200,3738.94,3745.19,3738.94,3741.06,8491
1758754800,3741.02,3745.4,3739.04,3742.92,10530
1758758400,3742.87,3751.55,3741.52,3749.01,16694
1758762000,3748.99,3750.51,3733.11,3735.95,20941
1758765600,3735.81,3742.46,3729.68,3739.72,19657
1758769200,3739.6,3739.71,3734.43,3736.55,15065
1758772800,3736.56,3740.77,3731.76,3738.21,12461
1758776400,3738.01,3741.35,3734.06,3738.58,16257
1758780000,3738.58,3748.3,3737.66,3740.97,18939
1758783600,3741.14,3754.97,3739.95,3752.34,19895
1758787200,3752.31,3761.61,3751.09,3756.41,20880
1758790800,3756.42,3761.1,3750.24,3757.04,18441
1758794400,3757.08,3760.87,3755.63,3757.1,16200
1758798000,3757.1,3757.63,3741.21,3752.96,20156
1758801600,3752.6,3755.86,3730.61,3738.69,24394
1758805200,3738.7,3745.65,3722.09,3733.61,27394
1758808800,3733.72,3736.41,3723.61,3731.44,25458
1758812400,3731.49,3738.84,3728.04,3735.96,22610
1758816000,3736.12,3742.75,3732.64,3733.76,19296
1758819600,3733.74,3744.29,3732.15,3741.72,19171
1758823200,3741.75,3758.28,3736.59,3755.33,22016
1758826800,3755.36,3756.81,3744.63,3746.69,19709
1758830400,3746.77,3752.6,3746.12,3749.4,9260
1758837600,3748.66,3751.6,3746.28,3748.85,6851
1758841200,3748.81,3749.95,3737.96,3744.72,13663
1758844800,3744.61,3749.66,3740.2,3749.65,17473
1758848400,3749.67,3753.23,3737.69,3739.11,21678
1758852000,3739.09,3742.85,3737.75,3738.41,17091
1758855600,3738.4,3746.1,3734.45,3745.57,15068
1758859200,3745.6,3747.79,3744.47,3747.62,11707
1758862800,3747.59,3749.65,3741.75,3742,13429
1758866400,3741.99,3754.06,3741.44,3743.67,21413
1758870000,3743.11,3749.63,3739.13,3748,17862
1758873600,3748,3755.21,3747.11,3753,17098
1758877200,3752.99,3754.52,3747.18,3751.57,16081
1758880800,3751.56,3755.08,3742.88,3744.67,16252
1758884400,3744.75,3752.95,3744.44,3748.56,17493
1758888000,3748.59,3757.42,3746.44,3752.15,21234
1758891600,3752.28,3766.22,3751.18,3761.74,26440
1758895200,3761.77,3783.78,3761.71,3778.96,26638
1758898800,3778.78,3781.03,3773.08,3780.5,22187
1758902400,3780.41,3781.23,3771.34,3774.32,21863
1758906000,3774.24,3783.03,3774.19,3782.93,18852
1758909600,3783.05,3783.24,3774.66,3778.46,15066
1758913200,3778.56,3778.57,3764.52,3766.7,19583
1758916800,3766.73,3769.53,3760.63,3761.24,10869
1759096800,3760.57,3771,3760.57,3770.47,11755
1759100400,3770.4,3772.51,3766.39,3766.99,13492
1759104000,3766.9,3787.46,3764.01,3787.04,20047
1759107600,3787.03,3788.85,3768.04,3778.67,26940
1759111200,3778.67,3798.51,3777.6,3792.9,23677
1759114800,3792.92,3799.44,3792.28,3794.49,20740
1759118400,3794.47,3809.1,3792.42,3805.08,20265
1759122000,3805.09,3814.64,3801.17,3813.69,22122
1759125600,3813.73,3819.85,3810.82,3817.35,23650
1759129200,3817.31,3819.19,3805.09,3806.17,21798
1759132800,3806.54,3819.44,3806.54,3818.66,19982
1759136400,3818.65,3819.79,3806.83,3807.5,18421
1759140000,3807.49,3818.48,3806.35,3817.88,19298
1759143600,3817.84,3831.44,3816.41,3828.94,20038
1759147200,3828.96,3830.49,3811.49,3813.59,24364
1759150800,3813.77,3828.01,3809.22,3821.34,25894
1759154400,3821.24,3830.45,3816.5,3828.17,25056
1759158000,3828.13,3833.26,3821.43,3830.43,23184
1759161600,3830.42,3833.57,3828.16,3830.3,17303
1759165200,3830.48,3832.93,3824.03,3828.97,20642
1759168800,3829.04,3830.64,3823.4,3824.46,17326
1759172400,3824.45,3829.82,3822.61,3828.73,20087
1759176000,3828.65,3834.17,3827.71,3833.78,10199
1759183200,3830.94,3833.06,3825.59,3830.63,7135
1759186800,3830.53,3833.31,3828.11,3832.94,10201
1759190400,3832.93,3840.66,3831.15,3838.97,19242
1759194000,3838.98,3850.77,3838.06,3848.09,21368
1759197600,3848.18,3852.05,3842.69,3848.09,19268
1759201200,3848.28,3867.16,3845.82,3864.73,19407
1759204800,3864.71,3867.05,3862.02,3867.03,14906
1759208400,3867.01,3870.46,3862.74,3869.73,20135
1759212000,3869.85,3871.74,3854.8,3855.78,22399
1759215600,3855.95,3859.32,3839.24,3843.83,23159
1759219200,3843.86,3847.12,3807.49,3816.42,26116
1759222800,3816.42,3821.4,3793.11,3798.68,23457
1759226400,3798.48,3814.67,3798.14,3812.14,20365
1759230000,3812.05,3817.69,3804.4,3815.25,20269
1759233600,3815,3821.67,3808.93,3819.34,21482
1759237200,3819.43,3829.9,3811.67,3823.81,24059
1759240800,3823.3,3854.51,3820.16,3853.99,26050
1759244400,3853.9,3854.01,3831.3,3839.16,25104
1759248000,3839.04,3848,3837.98,3845.95,19171
1759251600,3846.01,3849.3,3842.75,3844.07,17915
1759255200,3844.06,3848.92,3839.72,3847.91,16840
1759258800,3847.98,3860.83,3847.04,3859.06,18724
1759262400,3859.06,3859.98,3850.71,3858.25,12391
1759269600,3857.44,3861.58,3854.79,3859.91,10143
1759273200,3860.16,3863.14,3860.05,3862.99,10537
1759276800,3863.03,3865.39,3858.63,3860.84,16608
1759280400,3860.24,3868.98,3859.08,3868.88,17173
1759284000,3868.84,3875.4,3858.06,3863.38,21161
1759287600,3863.38,3866.56,3855.51,3862.06,21057
1759291200,3862.07,3865,3857.39,3864.84,16480
1759294800,3865.02,3869.93,3862.11,3863.34,16715
1759298400,3863.33,3864.79,3853.28,3859.26,20349
1759302000,3859.22,3879.68,3858.99,3879.13,22622
1759305600,3879.12,3895.28,3879.1,3893.02,23026
1759309200,3893.03,3895.08,3883.53,3888.86,20364
1759312800,3888.95,3889.6,3885.19,3887.64,18810
1759316400,3887.74,3888.57,3877.94,3883.69,19203
1759320000,3883.69,3891.06,3864.5,3870.33,25242
1759323600,3870.23,3876.99,3863.51,3872.95,25030
1759327200,3872.94,3878.65,3856.02,3873.09,25774
1759330800,3873.09,3876.82,3858.02,3868.6,25304
1759334400,3868.48,3871.54,3860.5,3870.84,20488
1759338000,3870.86,3871.94,3860.57,3860.79,18509
1759341600,3860.7,3866.34,3854.99,3862.2,21175
1759345200,3862.23,3870.95,3861.36,3867.86,19099
1759348800,3867.85,3867.86,3860.25,3865.49,11294
1759356000,3869.01,3869.49,3858.51,3862.1,9342
1759359600,3861.98,3866.63,3857.72,3863.53,13916
1759363200,3863.29,3863.83,3855.97,3856.16,17713
1759366800,3856.14,3865.22,3852.87,3865.16,18854
1759370400,3865.14,3869.91,3861.37,3866.21,15657
1759374000,3866.19,3869.44,3863.93,3866.55,14667
1759377600,3866.56,3867.65,3861.8,3864.35,12364
1759381200,3864.33,3871.24,3864.24,3867.78,14469
1759384800,3867.77,3874.31,3862.06,3864.28,18967
1759388400,3863.87,3874.86,3861.67,3868.66,21367
1759392000,3868.52,3878.75,3864.7,3874.59,18271
1759395600,3874.56,3879.65,3873.29,3879.17,18761
1759399200,3879.21,3883.72,3875.74,3881.74,18111
1759402800,3881.71,3886.7,3879.72,3886.37,18671
1759406400,3886.45,3892.09,3880.28,3884.53,23591
1759410000,3884.53,3896.91,3873.47,3874.94,25922
1759413600,3874.96,3876.86,3825.08,3840.01,28679
1759417200,3839.92,3844.93,3819.08,3828.38,27369
1759420800,3828.1,3845.39,3827.22,3845.03,23519
1759424400,3844.92,3847.81,3840.57,3844.29,21943
1759428000,3844.32,3851.46,3843.44,3850.82,15922
1759431600,3850.89,3859.14,3850.64,3855.6,18125
1759435200,3855.63,3859.3,3853.55,3856.14,9370
1759442400,3857.48,3858.5,3852,3857.15,8462
1759446000,3857.16,3863.8,3856.72,3862.42,11838
1759449600,3862.41,3862.55,3856.46,3857.03,16102
1759453200,3857.02,3862.65,3847.32,3858.52,20390
1759456800,3858.51,3859.25,3847.71,3848.11,17007
1759460400,3848.1,3851.09,3838,3842.87,19445
1759464000,3842.66,3848.35,3841.74,3843.92,15173
1759467600,3843.94,3859.16,3843.86,3855,17858
1759471200,3854.58,3861.01,3850.87,3859.29,17682
1759474800,3859.31,3865.28,3856.85,3864.2,16916
1759478400,3864.44,3865.73,3860.15,3864.74,16749
1759482000,3864.87,3864.95,3856.94,3864.37,17373
1759485600,3864.39,3867.72,3862.1,3865.71,17706
1759489200,3865.71,3867.03,3854.65,3862.07,20575
1759492800,3862.11,3875,3860.38,3873.89,21588
1759496400,3874.26,3890.45,3870.07,3882.64,25868
1759500000,3883.04,3885.43,3866.44,3879.74,27251
1759503600,3879.77,3891.64,3873.83,3889.37,24453
1759507200,3889.49,3889.73,3880.62,3883.82,22295
1759510800,3883.84,3886.08,3876.65,3882,22757
1759514400,3881.99,3889.37,3880.03,3886.18,19508
1759518000,3886.16,3889.22,3883.3,3885.76,20702
1759521600,3885.69,3887.15,3882.68,3886.75,10438
1759701600,3887.05,3900.82,3884.24,3898.82,15246
1759705200,3898.87,3920.68,3897.81,3909.53,22888
1759708800,3909.54,3909.95,3899.1,3900.57,22334
1759712400,3900.67,3918.3,3899.61,3917.93,19998
1759716000,3918.03,3924.57,3917.5,3921.1,19317
1759719600,3921.02,3932.1,3919.86,3929.45,19557
1759723200,3929.44,3940.23,3928.77,3938.76,19315
1759726800,3938.72,3944.85,3927.35,3932.49,21010
1759730400,3932.53,3934.89,3922.39,3934.45,21630
1759734000,3933.72,3943.97,3929.39,3941.66,22806
1759737600,3941.79,3949.63,3935.47,3942.45,22435
1759741200,3942.46,3944.97,3936.77,3942.51,18223
1759744800,3942.47,3946.65,3932.39,3942.09,19593
1759748400,3941.97,3942.77,3931.21,3938.24,21586
1759752000,3938.11,3941.27,3926.21,3934.1,24650
1759755600,3934.46,3946.92,3927.29,3944.6,25514
1759759200,3944.28,3958.87,3940.03,3955.01,26448
1759762800,3955.15,3964.09,3948.17,3962.49,24942
1759766400,3962.48,3969.9,3945.82,3954.15,24226
1759770000,3954.22,3959.08,3951.24,3957.82,20572
1759773600,3957.99,3960.66,3955.85,3958.12,16924
1759777200,3958.37,3965.02,3958.28,3959.5,18236
1759780800,3959.46,3962.26,3957.31,3961.04,9634
1759788000,3958.39,3976.11,3958.39,3963.46,16724
1759791600,3963.47,3972.77,3961.63,3969.52,16578
1759795200,3969.55,3977.43,3961.64,3962.86,22484
1759798800,3962.85,3963.82,3955.65,3958.13,19847
1759802400,3958.06,3967.07,3957.31,3965.02,16058
1759806000,3964.79,3974.68,3960.81,3973.49,18717
1759809600,3973.58,3977.04,3971.45,3975.88,16045
1759813200,3975.71,3976.87,3959.83,3964.77,20972
1759816800,3964.82,3966.22,3953.53,3955.13,20295
1759820400,3955.2,3956.24,3943.37,3945.89,25100
1759824000,3945.93,3953.82,3940.64,3951.26,21161
1759827600,3951.39,3963.55,3951.08,3955.19,20303
1759831200,3955.18,3962.76,3954.05,3959.99,18073
1759834800,3960.17,3969.04,3956.39,3966.98,19591
1759838400,3966.89,3980.03,3964.33,3979.54,23707
1759842000,3979.42,3985.69,3970.46,3979.3,26242
1759845600,3979.35,3986.74,3968.96,3985.46,26418
1759849200,3985.49,3991.11,3961.88,3966.16,27140
1759852800,3966.5,3979.6,3963.07,3976.6,25990
1759856400,3976.64,3987.8,3976.54,3980.91,23052
1759860000,3980.8,3983.79,3974.06,3981.13,23548
1759863600,3981.16,3983.36,3978.57,3980.25,19505
1759867200,3980.3,3986.53,3980.23,3984.49,9435
1759874400,3985.08,3990.69,3983.52,3989.52,9546
1759878000,3989.52,3996.13,3988.28,3994.42,14213
1759881600,3994.43,3999.18,3989.36,3992.36,19250
1759885200,3992.28,4000.33,3984.28,4000.26,21915
1759888800,4000.32,4012,3995.47,4011.87,19388
1759892400,4011.8,4016.57,4008.93,4014.72,18482
1759896000,4014.81,4027.28,4014.61,4026.65,19146
1759899600,4026.46,4037,4024.58,4029.03,21028
1759903200,4029.24,4033.16,4021.14,4031.55,22579
1759906800,4031.2,4039.05,4030.09,4034.18,22499
1759910400,4034.21,4040.53,4033.16,4036.38,19307
1759914000,4036.39,4049.64,4030.69,4049.16,19944
1759917600,4049.21,4049.61,4033.55,4037.17,21184
1759921200,4037.18,4038.25,4031.99,4038.16,20054
1759924800,4038.11,4046.47,4031.19,4039.89,23548
1759928400,4039.75,4049.29,4026.22,4038,26214
1759932000,4037.83,4049.06,4035.52,4048.04,25446
1759935600,4048.05,4050.59,4037.33,4045.75,24717
1759939200,4045.93,4059.15,4044.11,4056.49,22905
1759942800,4056.5,4057.91,4042.86,4051.25,20847
1759946400,4051.35,4053.35,4038.72,4050.02,22711
1759950000,4050.01,4054.7,4032.15,4045.11,25175
1759953600,4044.98,4046.54,4038.57,4041.67,13935
1759960800,4040.39,4040.96,4015.15,4021.38,14188
1759964400,4021.33,4021.89,4001.41,4011.83,22407
1759968000,4011.64,4028.19,4008.73,4023.07,22147
1759971600,4023.06,4036.28,4008.15,4019.84,26953
1759975200,4019.83,4021.29,4002.45,4018.55,24132
1759978800,4018.54,4029.52,4017.16,4026.98,20276
1759982400,4026.93,4041.01,4026.91,4038.85,17606
1759986000,4038.62,4043.8,4034.29,4039.83,20636
1759989600,4039.82,4040.92,4022.52,4026.02,23745
1759993200,4026.16,4032.83,4024.74,4031.56,22731
1759996800,4031.56,4040.32,4030.13,4038.11,19670
1760000400,4038.08,4042.15,4034.28,4037.57,19702
1760004000,4037.8,4044.28,4036.19,4044.26,16280
1760007600,4044.31,4046.76,4033.37,4044.44,20451
1760011200,4044.45,4053.62,4037.32,4053.35,23450
1760014800,4053.43,4057.94,4017.33,4017.33,28603
1760018400,4017.78,4029.27,4003.95,4024.1,29344
1760022000,4023.19,4028.6,4006.45,4014.61,27892
1760025600,4014.54,4021.59,3964.18,3968.48,27822
1760029200,3969.13,3974.34,3944.49,3950.48,28934
1760032800,3950.41,3968.64,3949.52,3957.31,25294
1760036400,3957.45,3982.09,3955.14,3973.16,24867
1760040000,3973.05,3979.02,3972.95,3976.03,12084
1760047200,3979.47,3981.44,3958.49,3975.4,11935
1760050800,3975.43,3990.81,3974.31,3989.79,17429
1760054400,3989.72,3994.36,3985.43,3991.08,20492
1760058000,3991.11,3992.23,3969.82,3973.4,25048
1760061600,3973.26,3986.8,3973.23,3978.51,21418
1760065200,3978.51,3979.35,3960.75,3962,22362
1760068800,3962,3966.88,3946.65,3966.34,21137
1760072400,3966.22,3977.87,3965.49,3974.86,23101
1760076000,3974.81,3976.12,3962.41,3968.21,24017
1760079600,3968.3,3976.1,3952.51,3972,24739
1760083200,3972.05,3994.69,3970.15,3991.94,22667
1760086800,3992.03,4006.74,3990.26,3995.61,24676
1760090400,3995.55,4000.24,3990.74,3993.69,21369
1760094000,3993.73,3999.84,3983.18,3987.24,21553
1760097600,3987.26,3993.59,3980.02,3985.68,23951
1760101200,3985.66,3998.1,3975.81,3980.73,27651
1760104800,3980.73,3994.21,3970.62,3989.99,27676
1760108400,3990.13,4022.89,3988.13,3997.98,29777
1760112000,3997.98,3998.93,3977.46,3983.5,28489
1760115600,3982.69,3991.93,3975.16,3990,26433
1760119200,3990.1,4009.15,3984.11,3999.27,25220
1760122800,3999.09,4021.41,3996.16,4011.35,27056
1760126400,4011.3,4019.66,4005.84,4018.46,15858
1760306400,4012.06,4045.2,4007.39,4042.41,18419
1760310000,4042.38,4059.82,4032.07,4035.06,22036
1760313600,4035.07,4059.63,4024.69,4043.99,25444
1760317200,4043.82,4055.08,4035.98,4053.21,24761
1760320800,4053.22,4055.94,4041.58,4048.02,20354
1760324400,4047.95,4056.38,4046.22,4052.01,20017
1760328000,4051.98,4059.43,4051.06,4056.33,16900
1760331600,4056.34,4078.21,4055.31,4063.2,23382
1760335200,4063.64,4073.77,4059.4,4069.37,24416
1760338800,4068.95,4077.46,4066.33,4071.33,21863
1760342400,4071.2,4079.15,4069.06,4077.67,21129
1760346000,4077.7,4079.81,4070.28,4077.17,18216
1760349600,4077.16,4085.01,4071.42,4081.06,20551
1760353200,4081.01,4084.79,4073.58,4074.03,20054
1760356800,4074.02,4086.04,4073.26,4079.68,22455
1760360400,4079.94,4095.67,4078.39,4094.02,25556
1760364000,4093.89,4103.83,4090.74,4097.31,25606
1760367600,4097.29,4107.27,4091.62,4104.86,23314
1760371200,4104.85,4116.9,4103.64,4105.75,24170
1760374800,4105.75,4115.27,4100.24,4103.75,23134
1760378400,4103.76,4107.65,4099.24,4101.64,22360
1760382000,4101.63,4111.03,4090.89,4108.68,22964
1760385600,4108.66,4112.78,4106.04,4110.6,11153
1760392800,4110.64,4115.78,4106.5,4114.81,10889
1760396400,4114.61,4131.94,4112.82,4128.01,20646
1760400000,4128.02,4130.1,4119.34,4124.63,22937
1760403600,4124.5,4149.88,4123.22,4137.16,27486
1760407200,4137.36,4149.8,4136.94,4146.08,23890
1760410800,4146.05,4166.49,4145.15,4163.44,23385
1760414400,4163.33,4170.04,4155.83,4168.07,23001
1760418000,4168.15,4179.72,4111.22,4121.35,26859
1760421600,4121.42,4134.04,4090.5,4112.31,29400
1760425200,4111.66,4128.15,4102.56,4126.4,26743
1760428800,4126.06,4145,4124.75,4143.85,25188
1760432400,4143.82,4144.09,4121.68,4127.43,24708
1760436000,4127.46,4144.2,4124.91,4131.81,24615
1760439600,4131.96,4138.01,4125.79,4130.51,21395
1760443200,4130.6,4134.53,4103.58,4106.43,25422
1760446800,4106.51,4129.59,4097.64,4124.18,29115
1760450400,4123.98,4137.54,4121.31,4129.34,27952
1760454000,4129.26,4142.63,4126.15,4137.87,26278
1760457600,4137.86,4155.19,4127.86,4140.23,27316
1760461200,4139.72,4153.01,4137.18,4148.14,25354
1760464800,4148.23,4152.47,4143.02,4148.21,22662
1760468400,4148.21,4150.45,4134.37,4141.63,22656
1760472000,4141.56,4146.15,4139.43,4142.15,12521
1760479200,4143.01,4163.55,4140.75,4158.28,14197
1760482800,4158.52,4167.23,4157.02,4161.72,18010
1760486400,4161.72,4169.71,4153.69,4162.5,21493
1760490000,4162.27,4186.74,4162.1,4181.58,25916
1760493600,4181.65,4184.51,4167.03,4176.49,23229
1760497200,4176.54,4191,4176.37,4187.02,20923
1760500800,4187.02,4187.54,4173.09,4179.76,18294
1760504400,4179.73,4193.55,4176.52,4185.99,21384
1760508000,4185.88,4200.39,4184.36,4199.39,23187
1760511600,4199.3,4209.79,4194.6,4207.62,21205
1760515200,4207.78,4218.32,4207.09,4208.08,22357
1760518800,4208.15,4212.17,4164.04,4192.6,24868
1760522400,4192.53,4205.98,4190.12,4202.86,21703
1760526000,4202.78,4204.17,4193.38,4198.75,20082
1760529600,4198.84,4202.78,4176.32,4190.64,23828
1760533200,4190.51,4198.91,4183.01,4192.07,26620
1760536800,4192.06,4212.41,4191.63,4200.01,26478
1760540400,4199.84,4203.05,4179.84,4190.51,26795
1760544000,4190.46,4199.71,4186.41,4198.92,24311
1760547600,4199.09,4199.67,4182.53,4197.51,24668
1760551200,4197.54,4204.55,4195.06,4200.76,23093
1760554800,4200.75,4213.5,4200.4,4210.37,23059
1760558400,4210.23,4212.84,4206.12,4208.27,12950
1760565600,4209.54,4215.63,4199.93,4213.47,14425
1760569200,4213.46,4215.84,4206.3,4209.45,17196
1760572800,4209.08,4227.41,4204.81,4210.7,22705
1760576400,4210.65,4233.03,4210.65,4230.27,25265
1760580000,4230.31,4239.77,4226.19,4239.44,22667
1760583600,4239.45,4242.13,4228.92,4233.88,21865
1760587200,4233.87,4239.46,4228.02,4233.5,18851
1760590800,4233.68,4234.86,4203.61,4204.94,25409
1760594400,4204.77,4227.29,4203.76,4222.7,24901
1760598000,4222.32,4233.98,4222.15,4230.74,21055
1760601600,4230.75,4235.92,4228.62,4232.98,19536
1760605200,4233,4241.77,4221.97,4239.43,21101
1760608800,4239.16,4246.33,4234.41,4242.79,20454
1760612400,4242.79,4247.51,4239.55,4240.47,21303
1760616000,4240.59,4251.11,4227.66,4236.04,23852
1760619600,4236.07,4258.69,4235,4246.25,26727
1760623200,4245.51,4267.74,4245.43,4263.25,26926
1760626800,4263.22,4276.07,4260.98,4273.52,24999
1760630400,4273.52,4292.08,4261.21,4282.73,27447
1760634000,4282.88,4298.68,4280.1,4293.93,25562
1760637600,4294,4294.9,4273.56,4291.07,24989
1760641200,4291.05,4313.03,4287.89,4307.27,24822
1760644800,4308.09,4330.75,4307.71,4326.26,16295
1760652000,4335.41,4378.86,4332.54,4346.93,22078
1760655600,4346.94,4379.22,4341.55,4365.68,22328
1760659200,4365.44,4371.61,4353.37,4358.32,23567
1760662800,4357.79,4362.21,4278.84,4314.39,29115
1760666400,4314.24,4348.59,4312.57,4342.43,26202
1760670000,4342.42,4367.02,4338.62,4366.92,23863
1760673600,4366.93,4377.04,4355.51,4376.33,22240
1760677200,4376.29,4378.67,4342.36,4365.5,24830
1760680800,4365.96,4369.64,4346.5,4360.04,25667
1760684400,4359.73,4361.84,4312.04,4341,27109
1760688000,4342.28,4349.77,4321.24,4347.85,25434
1760691600,4347.8,4348.5,4332.27,4340.04,23695
1760695200,4340.08,4342.21,4319.48,4327.67,24197
1760698800,4328.4,4335.8,4286.74,4287.28,27232
1760702400,4287.49,4320.12,4283.43,4314.59,27419
1760706000,4314.36,4317.78,4258.66,4273.91,28722
1760709600,4273.81,4274.37,4217.13,4248.99,30109
1760713200,4248.91,4259.51,4230.84,4237.58,27963
1760716800,4237.59,4244.97,4200.69,4204.63,29028
1760720400,4204.92,4228.47,4186.44,4221.05,28336
1760724000,4221.04,4244.64,4218.03,4235.7,25853
1760727600,4235.82,4237.95,4212.76,4225.99,26288
1760731200,4225.95,4250.58,4219.76,4246.86,17812
1760911200,4243.5,4274.08,4243.22,4255.67,20348
1760914800,4255.76,4256.14,4233.79,4237.79,21347
1760918400,4237.82,4250.87,4218.95,4250.07,25613
1760922000,4249.83,4268.91,4229.05,4262.38,26246
1760925600,4262.42,4271.05,4253.22,4255.69,23079
1760929200,4255.38,4265.26,4248.53,4264.77,21396
1760932800,4264.75,4268.28,4260.29,4266.35,15151
1760936400,4265.93,4266.85,4239.64,4239.87,23709
1760940000,4240.04,4245.85,4221.23,4236.42,25340
1760943600,4236.19,4260.86,4234.81,4255.18,22922
1760947200,4255.23,4266.1,4252.23,4258.62,21012
1760950800,4258.8,4263.71,4250.34,4260.79,20067
1760954400,4260.82,4261,4245.68,4254.8,21670
1760958000,4254.57,4279.23,4250.75,4279.08,21031
1760961600,4278.47,4327.08,4272.58,4323.49,28049
1760965200,4323.98,4324.89,4299.28,4300.89,28644
1760968800,4300.69,4334.71,4292.6,4332.42,27863
1760972400,4332.48,4355.66,4332.48,4349.08,26882
1760976000,4349.04,4350.87,4342.64,4347.88,23361
1760979600,4347.93,4351.18,4337.29,4347.41,23957
1760983200,4347.72,4364.7,4344.51,4359.51,21687
1760986800,4359.52,4381.38,4359.24,4378.14,24597
1760990400,4377.99,4380.04,4346.51,4356.45,19905
1760997600,4358.7,4375.26,4357.4,4367.49,17200
1761001200,4367.52,4371.75,4356.65,4360.46,17941
1761004800,4360.36,4371.18,4356.25,4368.84,22163
1761008400,4368.81,4372.29,4332.43,4350.83,27260
1761012000,4350.86,4355.4,4335.3,4338.83,24719
1761015600,4338.72,4350.96,4337.88,4346.5,20286
1761019200,4346.61,4347.13,4336.91,4341.91,19829
1761022800,4341.88,4344.2,4317.48,4323.32,24420
1761026400,4323.21,4344.25,4317.03,4343.21,24179
1761030000,4343.09,4343.26,4293.43,4298.53,26371
1761033600,4298.31,4301.83,4244.23,4273.97,27525
1761037200,4273.62,4277.99,4254.36,4265.11,24385
1761040800,4265.59,4266.36,4249.23,4253.72,22430
1761044400,4253.7,4272.4,4245.3,4253.27,23858
1761048000,4253.21,4257.49,4205.96,4211.16,28137
1761051600,4211.25,4225.48,4167.53,4174.24,29809
1761055200,4173.58,4188.07,4081.34,4138.88,30458
1761058800,4138.84,4150.35,4119.79,4138.66,29640
1761062400,4138.52,4143.87,4102.09,4113.4,28887
1761066000,4113.45,4120.22,4094.03,4111.19,28276
1761069600,4111.36,4125.83,4106.37,4114.9,26434
1761073200,4115.05,4122.16,4100.83,4108.95,26330
1761076800,4109.19,4131.04,4106.13,4124.93,18113
1761084000,4125.52,4132.28,4113.96,4123.23,16736
1761087600,4122.82,4128.07,4090.11,4093.15,21453
1761091200,4093.25,4093.91,4004.06,4074.82,28670
1761094800,4074.81,4120.68,4064.51,4087.25,27282
1761098400,4087.81,4117.88,4087.46,4115.01,22167
1761102000,4114.96,4143.4,4107.24,4128.72,20909
1761105600,4128.5,4133.44,4107.24,4128.41,21818
1761109200,4128.52,4147.07,4126.42,4134.87,23029
1761112800,4134.91,4161.5,4127.68,4155.73,25286
1761116400,4155.74,4156.39,4129.21,4132.93,25947
1761120000,4132.4,4135.91,4056.36,4070.47,28952
1761123600,4070.4,4101.54,4061.49,4069.76,27824
1761127200,4069.62,4090.92,4023.94,4035.04,26793
1761130800,4035.12,4045.06,4015.04,4027.93,28147
1761134400,4027.99,4053.59,4023.15,4033.85,28043
1761138000,4033.94,4084.98,4033.94,4075.69,29864
1761141600,4075.55,4078.45,4011.34,4015.2,29710
1761145200,4014.98,4047.05,4014.76,4037.12,28932
1761148800,4036.97,4064.17,4023.33,4059.27,27764
1761152400,4059.24,4070.99,4043.99,4070.07,27171
1761156000,4070.22,4081.61,4066.74,4076.69,24142
1761159600,4077.14,4113.52,4076.71,4102.34,26350
1761163200,4101.93,4107.15,4088.54,4098.22,17288
1761170400,4104.99,4115.88,4092.55,4102.09,17776
1761174000,4102.16,4105.15,4080.44,4087.72,22187
1761177600,4087.53,4096.93,4066.18,4081.76,25076
1761181200,4081.97,4092.84,4071.82,4073.19,26981
1761184800,4072.96,4085.55,4071.88,4082.54,23857
1761188400,4082.66,4100.66,4078.05,4091.17,20954
1761192000,4091.21,4092.95,4079.65,4089.49,19048
1761195600,4089.7,4110.41,4083.9,4110.14,21882
1761199200,4110.41,4137.87,4110.41,4113.65,28423
1761202800,4113.66,4121.02,4091.81,4094.36,25379
1761206400,4095.06,4118.76,4094.65,4116.25,23289
1761210000,4116.25,4125.51,4110.98,4124.24,22318
1761213600,4124.34,4125.47,4101.77,4108.99,23743
1761217200,4109,4121.07,4107.66,4109.68,23404
1761220800,4109.11,4129.25,4099.98,4127.17,25238
1761224400,4126.95,4151.04,4125.75,4144.85,28525
1761228000,4144.53,4154.89,4135.93,4148.24,27906
1761231600,4148.47,4151.62,4137.26,4141.94,24722
1761235200,4141.55,4148.6,4125.68,4132.91,23766
1761238800,4132.74,4139.4,4124.74,4137.7,24270
1761242400,4137.75,4143.48,4133.1,4135.86,19522
1761246000,4135.86,4138.18,4116.39,4118.18,21829
1761249600,4118.17,4126,4107.3,4126,15994
1761256800,4128.98,4132.99,4111.41,4115.94,12781
1761260400,4115.89,4122.88,4105.74,4121.51,15994
1761264000,4121.51,4133.7,4117.79,4132.55,19842
1761267600,4132.54,4144.39,4112.1,4118.64,24418
1761271200,4118.59,4119.06,4109.22,4109.52,21393
1761274800,4109.51,4123.61,4107.43,4122.15,19477
1761278400,4122.18,4123.47,4102.79,4111.53,20111
1761282000,4111.78,4117.99,4102.9,4104.51,19463
1761285600,4104.65,4104.99,4081.41,4092.25,24871
1761289200,4092.24,4096.03,4069.58,4074.42,23859
1761292800,4074.3,4077.66,4047.32,4065.13,25693
1761296400,4065.09,4073.78,4054.33,4060.75,21521
1761300000,4060.84,4070.92,4053.51,4054.64,19748
1761303600,4054.53,4065.49,4044.19,4061.49,22534
1761307200,4061.48,4092.87,4059.89,4082.12,25080
1761310800,4082.18,4121.62,4079.19,4106.52,28920
1761314400,4106.39,4134.91,4102.33,4117.35,27914
1761318000,4117.4,4131.91,4113.37,4130.56,24761
1761321600,4130.69,4138.67,4121.74,4129.16,24502
1761325200,4129.36,4134.43,4105.7,4107.6,23112
1761328800,4107.72,4113.78,4101.79,4110.16,23736
1761332400,4110.47,4117.59,4102.02,4104.06,20362
1761336000,4104.35,4114.04,4096.54,4112.84,11345
1761516000,4076.86,4109.12,4063.69,4081.81,20943
1761519600,4081.85,4088.53,4061.74,4064.57,21233
1761523200,4064.76,4084.26,4058.15,4081.42,21386
1761526800,4081.34,4097.7,4075.14,4081.97,25502
1761530400,4081.83,4082.12,4070.18,4071.59,22072
1761534000,4071.57,4081.88,4065.21,4069.48,21055
1761537600,4069.36,4071.66,4053.46,4068.73,23719
1761541200,4068.83,4084.42,4068.7,4079.67,21328
1761544800,4079.52,4084.83,4073.96,4078.31,24163
1761548400,4078.17,4079.88,4063.91,4068.64,21445
1761552000,4068.62,4070.54,4022.83,4043.17,25595
1761555600,4043.08,4050.1,4030.14,4039.67,24803
1761559200,4039.68,4047.84,4028.73,4037.39,23276
1761562800,4037.49,4041.37,4015.59,4024.09,24440
1761566400,4024.13,4046.47,4022.4,4045.89,25703
1761570000,4045.9,4050.27,4013.3,4021.82,27812
1761573600,4021.78,4023.15,3983.17,3988.01,29504
1761577200,3988.09,3993.57,3971.27,3989.9,27862
1761580800,3989.87,4000.34,3984.02,3999.24,24197
1761584400,3999.38,4009.02,3990.82,4006.43,23282
1761588000,4006.56,4010.29,3997.82,3998.97,21056
1761591600,3999.18,4005.67,3985.71,3989.93,23575
1761595200,3989.96,4000.33,3978.99,3981.35,16719
1761602400,3980.96,3996.58,3980.96,3989.97,13127
1761606000,3990.05,4004.63,3982.9,3998.29,21314
1761609600,3998.27,4009.59,3973.12,4006.76,22692
1761613200,4006.75,4019.69,4004.4,4010.93,25198
1761616800,4011.09,4013.95,3980.82,3983.84,24489
1761620400,3983.76,3994.57,3983.06,3992.77,20803
1761624000,3992.81,3994.11,3963.46,3973.31,22623
1761627600,3974.13,3980.24,3959.27,3966.69,24746
1761631200,3966.8,3968.59,3938.47,3942.58,25904
1761634800,3942.56,3948.4,3921.8,3932.44,24881
1761638400,3932.54,3935.94,3896.32,3897.21,27442
1761642000,3897.06,3911.19,3886.62,3904.71,25595
1761645600,3904.72,3930.85,3899.82,3926.4,23621
1761649200,3926.67,3930.01,3910.84,3923.27,25069
1761652800,3923.55,3929.88,3905.37,3912.88,24891
1761656400,3912.98,3940.39,3912.5,3938.71,27878
1761660000,3938.88,3953.87,3934.74,3949.72,27134
1761663600,3949.49,3969.65,3947.25,3964.75,25228
1761667200,3964.99,3965.51,3951.12,3958.6,24305
1761670800,3958.27,3970.41,3955.29,3962.39,22533
1761674400,3962.38,3964.15,3945.11,3956.4,21495
1761678000,3956.6,3962.83,3950.77,3960.23,20685
1761681600,3960.21,3961.01,3949.35,3952.47,11687
1761688800,3955.53,3960.61,3915.66,3933.85,17604
1761692400,3933.79,3967.94,3933.79,3964.91,20310
1761696000,3964.53,3982.43,3959.18,3975.11,22970
1761699600,3975.32,3979.5,3965.87,3973.57,23965
1761703200,3973.44,3974.48,3944.04,3960.85,22652
1761706800,3960.96,3972.16,3958.39,3963.39,21422
1761710400,3963.45,3964.92,3951.01,3951.94,19826
1761714000,3952.05,3966.19,3950.95,3962.59,20291
1761717600,3962.44,3984.7,3959.71,3978.22,23842
1761721200,3976.89,4001.51,3974.97,4001.4,24227
1761724800,4001.68,4018.46,4000.31,4016.71,23968
1761728400,4016.71,4029.68,4013.45,4024.09,22517
1761732000,4024.2,4029.66,4017.17,4023.37,22301
1761735600,4023.5,4028.54,4013.17,4016.16,22429
1761739200,4016.66,4030.32,4013.57,4025.4,23853
1761742800,4025.62,4025.62,4002.47,4012.29,27078
1761746400,4012.27,4022.48,4007.39,4008.47,25595
1761750000,4008.46,4012.03,3989.5,3992.94,25904
1761753600,3992.97,4001.02,3991.39,3992.74,20038
1761757200,3992.44,3997.83,3985.92,3994.74,19969
1761760800,3994.76,4007.02,3942.97,3969.34,29527
1761764400,3968.98,3979.93,3927.93,3945.46,28796
1761768000,3945.47,3953.89,3927.9,3930.47,19378
1761775200,3926.48,3948.44,3917.11,3941.53,17389
1761778800,3941.55,3954.05,3939.64,3952.67,16593
1761782400,3952.62,3964.38,3937.66,3950.16,21952
1761786000,3950.85,3966.59,3945.01,3947.94,25844
1761789600,3947.94,3948.12,3921.82,3922.1,24475
1761793200,3922.09,3938.17,3915.33,3938.02,21690
1761796800,3938.04,3982.47,3934.81,3972.5,25770
1761800400,3972.59,3978.43,3947.02,3963.56,26315
1761804000,3963.58,3977.42,3956.45,3977.06,25563
1761807600,3976.61,3977.57,3955.8,3961.36,24032
1761811200,3961.39,3976.72,3960.4,3976.48,23354
1761814800,3976.37,4011.8,3975.97,3998.9,26264
1761818400,3998.4,4001.16,3973.79,3984.18,23368
1761822000,3983.95,3984.98,3964.1,3974.24,22458
1761825600,3973.51,3985.38,3961.07,3961.38,25210
1761829200,3961.26,3995.51,3960.3,3995.51,26725
1761832800,3995.53,4014.82,3987.05,3996.42,29051
1761836400,3996.44,4008.67,3988.25,4001.83,24484
1761840000,4001.84,4004.17,3991.42,4001.58,22587
1761843600,4001.61,4017.99,3994.7,4004.69,20890
1761847200,4004.75,4017.69,4000.05,4016.21,20997
1761850800,4016.51,4025.98,4015.38,4023.33,24387
1761854400,4023.32,4027.14,4016.26,4024.17,12905
1761861600,4022.54,4046.2,4015.98,4037.71,14973
1761865200,4037.73,4042.97,4019.13,4036.37,21411
1761868800,4036.53,4036.94,4023.9,4025.14,23352
1761872400,4025.15,4039.28,4012.81,4018.7,25741
1761876000,4018.38,4019.22,4001.25,4011.09,25676
1761879600,4011.07,4013.94,3991.24,3996.27,22856
1761883200,3996.32,4010.53,3988.94,4005.75,18642
1761886800,4005.51,4011.05,3994.02,4005.11,22512
1761890400,4005.3,4015.14,4002.34,4013.24,22556
1761894000,4013.25,4025.46,4007.6,4021.16,22617
1761897600,4021.12,4026.71,4006.72,4010.41,21435
1761901200,4010.56,4014.32,3998.42,4008.5,20782
1761904800,4008.74,4016.83,4003.53,4007.43,19092
1761908400,4007.44,4011.15,4001.71,4010.4,17888
1761912000,4010.44,4036.26,4009.13,4023.16,22739
1761915600,4023.14,4035.4,4010.23,4016.58,26352
1761919200,4016.79,4027.34,4010.76,4020.44,26073
1761922800,4020.75,4023.04,4009.64,4012.99,25615
1761926400,4012.74,4015.2,3972.24,3980.82,27459
1761930000,3980.85,4003.68,3980.29,3997.75,25383
1761933600,3997.71,4009.94,3995.29,3999.92,20976
1761937200,3999.96,4005.6,3991.32,4001.03,23823
1761940800,4000.97,4006.68,3996.05,4003.18,11002
1762124400,3983.73,3998.92,3977.63,3979.94,18728
1762128000,3979.55,3987.79,3962.52,3970.59,20961
1762131600,3970.72,4001.85,3965.79,3995.87,24900
1762135200,3995.74,4006.58,3990.23,4003.98,21092
1762138800,4004.07,4015.39,4002.16,4011.19,20176
1762142400,4011.19,4014.31,4001.8,4003.77,18230
1762146000,4003.77,4018.53,3997.83,4014.02,19336
1762149600,4014.07,4018.61,4010.07,4017.44,18239
1762153200,4017.31,4025.99,4013.52,4025.35,20697
1762156800,4025.37,4028.05,4011.12,4019.6,21235
1762160400,4019.59,4025.92,3992.99,4000.45,23283
1762164000,4000.57,4004.66,3994.32,3998.71,19721
1762167600,3998.71,4008.59,3994.58,4007.51,19451
1762171200,4007.54,4013.63,4001.61,4013.26,18571
1762174800,4013.36,4020.38,4010.71,4015.99,24184
1762178400,4015.97,4026.03,4001.52,4022.74,25802
1762182000,4022.7,4030.55,4003.33,4008.43,27582
1762185600,4007.63,4013.53,3995.24,4008.18,24804
1762189200,4008.2,4012.19,4003.41,4006.25,19779
1762192800,4006.33,4009.59,3999.48,4006.46,18329
1762196400,4006.44,4008.07,3995.22,4004.89,18303
1762200000,4004.86,4014.98,4004.81,4010.1,17474
1762203600,4010.1,4010.1,3999.76,4001.2,9885
1762210800,4002.42,4005.74,3982.4,3997.29,17657
1762214400,3997.52,3999.17,3978.39,3986.42,21598
1762218000,3986.85,3994.51,3979.47,3987.22,24012
1762221600,3987.23,3987.23,3975.9,3986.67,22881
1762225200,3986.81,3999.16,3981.63,3994.48,20217
1762228800,3994.43,3995.27,3983.96,3985.65,17075
1762232400,3985.29,3987.14,3972.41,3973.01,22718
1762236000,3973,3988.09,3966.61,3985.1,23446
1762239600,3985.18,3996.35,3982.16,3993.89,19954
1762243200,3993.9,4000.82,3990.7,3996.15,20743
1762246800,3996,3999.57,3990.4,3991.2,19438
1762250400,3991.23,3997.59,3985.91,3993.89,18119
1762254000,3994.01,4000.14,3991.57,3995.12,15625
1762257600,3995.16,3997.6,3983.48,3984.64,19822
1762261200,3984.55,3996,3971.68,3975.73,25368
1762264800,3975.67,3977.65,3928.52,3957.07,27558
1762268400,3957.49,3968.05,3941.18,3956.87,25936
1762272000,3956.97,3975.44,3956.73,3969.08,23687
1762275600,3968.95,3970.98,3952.5,3954.97,21469
1762279200,3954.7,3956.76,3932.22,3937.87,22661
1762282800,3937.87,3944.2,3934.6,3937.36,18981
1762286400,3937.47,3942.26,3931.41,3938.66,18658
1762290000,3938.93,3938.93,3930.32,3931.74,10512
1762297200,3933.71,3940.71,3930.93,3934.86,14641
1762300800,3934.86,3942.97,3929.71,3939.77,20575
1762304400,3939.99,3949.44,3934.44,3936.98,23245
1762308000,3936.96,3951,3935.53,3948.4,21647
1762311600,3948.32,3965.08,3947.47,3960.77,17170
1762315200,3960.47,3973.8,3959.8,3970.21,18570
1762318800,3970.22,3978.65,3962.2,3964.81,20771
1762322400,3964.8,3973.67,3961.74,3966.45,19883
1762326000,3966.5,3974.91,3963.78,3972.73,18707
1762329600,3972.76,3987.19,3972.68,3980.03,20290
1762333200,3980.04,3981.27,3963.65,3971.94,17913
1762336800,3971.91,3971.93,3955.89,3964.51,17044
1762340400,3964.57,3968.87,3957.5,3966.99,16632
1762344000,3966.96,3969.99,3962.07,3969.57,16912
1762347600,3969.7,3979.49,3964.73,3976.03,22212
1762351200,3976.04,3985.65,3969.25,3973.22,24146
1762354800,3967.24,3984.35,3963.92,3978.36,26739
1762358400,3978.46,3990.48,3974.91,3986.79,22761
1762362000,3986.8,3989.61,3978.57,3982.02,17810
1762365600,3982.04,3986.08,3978.96,3982.44,15675
1762369200,3982.45,3988.87,3979.24,3987.74,15450
1762372800,3987.86,3990.21,3981.52,3984.33,16330
1762376400,3984.33,3985,3977.76,3979.24,9946
1762383600,3977.21,3979.85,3966.8,3973.57,17316
1762387200,3973.55,3976.29,3969.47,3976.29,15410
1762390800,3976.07,3977.41,3964.48,3976.73,19349
1762394400,3976.71,3985.14,3974.13,3983.33,17525
1762398000,3983.37,3990.37,3979.46,3987.62,16516
1762401600,3987.48,3989.78,3984.4,3988.65,12653
1762405200,3988.39,3990.83,3985.65,3987.6,16780
1762408800,3987.67,3992.85,3982.38,3991.88,17843
1762412400,3991.68,4009.29,3991.29,4005.7,20704
1762416000,4005.6,4016.74,4004.62,4014.98,20898
1762419600,4014.97,4015.29,4009.02,4010.77,17762
1762423200,4010.75,4011.19,4004.27,4008.23,18228
1762426800,4008.35,4019.57,4007.1,4018.06,18483
1762430400,4018.03,4019.63,4002.92,4005.33,18191
1762434000,4005.32,4016.11,4003.77,4012.19,20327
1762437600,4012.29,4013.68,3989.14,3993.41,26131
1762441200,3993.1,3993.75,3975.12,3980.26,27531
1762444800,3980.31,3986.36,3976.23,3980.89,25610
1762448400,3980.79,3988.16,3965.82,3986.12,25047
1762452000,3986.13,3990.91,3980.15,3987.88,20868
1762455600,3987.79,3995.29,3983.07,3985.27,17616
1762459200,3985.02,3987.22,3979.19,3980.7,18973
1762462800,3981.03,3982.34,3976.54,3976.79,9509
1762470000,3975.12,3989.82,3974.85,3989.1,12120
1762473600,3989.05,3994.28,3984.42,3988.73,14441
1762477200,3988.73,4002.78,3987.03,4001.65,19124
1762480800,4001.7,4003.3,3991.59,3995.52,18974
1762484400,3995.48,3996.65,3988.29,3990.54,15415
1762488000,3990.54,3998.64,3985.56,3998.37,13509
1762491600,3998.42,3998.92,3991.99,3995.15,15158
1762495200,3995.14,4008.54,3992.18,4006.86,17848
1762498800,4006.96,4009.83,4002.79,4007.66,16647
1762502400,4008.49,4010.52,4003.51,4009.87,16643
1762506000,4009.88,4014.12,4004.2,4006.6,17677
1762509600,4006.61,4009.58,4003.02,4007.94,15204
1762513200,4007.96,4011.98,3993.74,4002.95,19947
1762516800,4003.09,4008.44,3991.45,3995.82,19561
1762520400,3995.97,4001.97,3991.64,3997.72,20329
1762524000,3997.63,4007.38,3984.25,3993.27,23398
1762527600,3993.44,3999.1,3983.87,3990.9,24272
1762531200,3991.18,4027.48,3989.94,4007.85,25038
1762534800,4007.44,4009.92,3992.38,4005.47,23382
1762538400,4005.45,4009.04,3999.7,4005.57,20619
1762542000,4005.63,4009.09,4001.69,4006.87,18867
1762545600,4006.57,4007.05,3994.54,4003.87,20875
1762549200,4003.38,4005.34,3998.35,4001.15,8286
1762729200,3999.21,4012.22,3999.11,4011.94,16258
1762732800,4011.78,4023.7,4011.08,4020.47,17129
1762736400,4020.4,4053.16,4019.25,4044.31,26114
1762740000,4044.29,4049.22,4037.76,4048.3,21776
1762743600,4048.28,4052.84,4044.92,4050.13,15700
1762747200,4050.04,4056.93,4049.81,4054.23,16275
1762750800,4054.23,4069.98,4050.11,4069.44,18146
1762754400,4069.44,4078.46,4066.99,4074.98,20161
1762758000,4074.76,4078.89,4072.11,4075.18,17671
1762761600,4075.21,4085.12,4075.06,4082.04,20556
1762765200,4082.07,4086.45,4071.44,4076.68,20300
1762768800,4076.69,4083.45,4075.98,4080.83,15480
1762772400,4080.86,4085.44,4075.62,4085.21,15200
1762776000,4085.44,4100.01,4084.22,4097.66,19920
1762779600,4097.72,4106.03,4090.42,4091.81,24150
1762783200,4091.64,4094.09,4074.15,4083.33,25900
1762786800,4083.56,4094.41,4077.74,4084.26,25785
1762790400,4084.32,4095.76,4081.84,4094.89,22511
1762794000,4094.98,4102.59,4093.29,4102.49,22167
1762797600,4102.47,4115.91,4101.51,4110.14,23164
1762801200,4110.22,4115.51,4107.83,4113.32,18087
1762804800,4113.33,4114.67,4106.66,4111.79,21311
1762808400,4111.81,4116.67,4110.44,4115.96,9748
1762815600,4116.61,4122.83,4115.29,4120.01,18499
1762819200,4120.21,4133.77,4116.2,4131.06,19296
1762822800,4131.04,4141.03,4127.84,4136.33,23903
1762826400,4136.4,4139.6,4129.21,4138.13,20775
1762830000,4138.04,4148.14,4136.99,4146.82,18850
1762833600,4146.79,4148.98,4141.85,4143.02,17428
1762837200,4143.17,4144.54,4124.53,4130.89,22879
1762840800,4130.99,4137.86,4126.81,4129.98,21476
1762844400,4130.06,4133.13,4124.79,4129.61,20124
1762848000,4129.17,4137.73,4128.82,4135.6,20645
1762851600,4135.64,4145.92,4134.36,4141.82,17452
1762855200,4141.85,4144.2,4136.92,4141.71,18169
1762858800,4141.73,4144.52,4139.03,4142.87,17643
1762862400,4143.08,4144,4133.13,4134.43,19596
1762866000,4134.55,4146.75,4133.99,4142.68,22576
1762869600,4142.63,4143.21,4119.87,4125.1,26228
1762873200,4124.91,4126.17,4096.95,4106.58,27105
1762876800,4106.56,4115.82,4105.19,4113.31,23175
1762880400,4113.02,4117.73,4110.55,4114.42,20097
1762884000,4114.45,4116.34,4106.56,4113.79,19650
1762887600,4113.77,4126.18,4112.03,4122.99,17941
1762891200,4123.05,4131.88,4122.39,4129.64,19452
1762894800,4129.63,4131.5,4125.49,4126.97,9861
1762902000,4129.54,4144.8,4128.82,4142.66,19809
1762905600,4142.66,4145.53,4132.22,4133.05,18805
1762909200,4133.07,4137.42,4126.15,4131.6,24329
1762912800,4131.64,4135.53,4118.74,4123.95,20863
1762916400,4124.02,4125.4,4111.79,4112.04,19892
1762920000,4111.99,4113.09,4103.49,4110.49,20249
1762923600,4110.6,4111.05,4098.71,4104.58,19759
1762927200,4104.55,4118.95,4103.05,4118.4,21642
1762930800,4118.45,4125.25,4113.2,4117.09,20291
1762934400,4117.14,4132.87,4112.11,4131.29,21702
1762938000,4131.19,4133.67,4120.54,4124.74,20800
1762941600,4124.76,4129.33,4117.81,4127.73,19869
1762945200,4127.71,4131.27,4122.98,4126.14,20660
1762948800,4126.15,4139.51,4124.95,4130.28,22633
1762952400,4130.43,4132.72,4122.64,4126.96,23925
1762956000,4127.01,4140.1,4124.98,4136.74,26305
1762959600,4136.44,4185.43,4134.6,4181.47,28515
1762963200,4181.45,4197.85,4179.96,4196.49,27495
1762966800,4196.49,4206.59,4192.52,4199.25,26886
1762970400,4199.52,4211.77,4190.55,4206.79,25490
1762974000,4206.79,4210.22,4192.16,4197.46,25962
1762977600,4197.38,4199.61,4190.59,4196.02,23957
1762981200,4195.8,4202.11,4190.92,4195.61,12673
1762988400,4203.15,4207.33,4187.49,4190.92,19760
1762992000,4190.93,4208.9,4185.99,4205.75,23446
1762995600,4206.04,4209.25,4179.8,4192.28,26878
1762999200,4192.26,4195.99,4183.54,4190.23,23229
1763002800,4190.25,4213.27,4190.2,4213.01,23074
1763006400,4213.02,4219.56,4203.07,4209.27,22368
1763010000,4209.19,4217.77,4207.3,4212.12,23368
1763013600,4212.06,4212.14,4203.17,4210.49,21484
1763017200,4210.51,4220.16,4208.23,4220.12,20058
1763020800,4220.06,4239.45,4219.01,4232.81,22793
1763024400,4232.49,4239.53,4224.86,4233.04,21003
1763028000,4233.13,4240.05,4221.65,4225.24,20380
1763031600,4225.53,4232.3,4219.06,4230.57,21285
1763035200,4230.31,4245.12,4230.04,4242.59,19919
1763038800,4242.47,4243.74,4220.39,4231.9,25779
1763042400,4231.91,4232.46,4184.41,4195.6,28248
1763046000,4195.35,4205.1,4186.47,4202.69,28099
1763049600,4202.68,4210.84,4195.67,4206.77,26396
1763053200,4206.78,4208.33,4193.11,4201.64,26051
1763056800,4201.71,4203.24,4145.33,4157.97,26500
1763060400,4157.94,4170.61,4145.77,4163.79,25228
1763064000,4163.8,4170.75,4160.21,4163.86,23654
1763067600,4163.95,4181.34,4161.14,4171.32,14512
1763074800,4172.25,4186.61,4171.87,4185.98,16605
1763078400,4186.33,4189.89,4178.15,4183.93,19910
1763082000,4183.4,4194.05,4173.55,4190.03,25335
1763085600,4190.07,4210.37,4188.37,4206.96,23423
1763089200,4207.02,4211.27,4201.43,4204.48,20264
1763092800,4204.49,4205.81,4196.94,4203.21,17536
1763096400,4203.35,4203.71,4184.04,4189.83,23100
1763100000,4189.17,4193.45,4169.73,4174.77,23037
1763103600,4175.07,4182.38,4158.83,4181.15,24020
1763107200,4181,4186.99,4169.97,4175.95,23845
1763110800,4175.91,4180.47,4166.35,4169.21,22372
1763114400,4169.18,4171.06,4159.45,4168.02,21944
1763118000,4168.05,4170.02,4130.82,4132.88,24003
1763121600,4132.76,4140.5,4107.77,4116.11,27116
1763125200,4115.35,4118.95,4040.96,4055.9,29273
1763128800,4055.91,4084,4032.27,4082.64,29078
1763132400,4082.62,4096.44,4068.6,4093.45,29016
1763136000,4093.44,4111.14,4081.04,4105.06,26689
1763139600,4105.01,4110.6,4094.02,4099.82,25077
1763143200,4099.93,4103.7,4080.8,4098.18,24208
1763146800,4098.1,4099.98,4087.6,4090.08,21154
1763150400,4090.28,4092.44,4075.41,4087.22,22297
1763154000,4086.56,4086.68,4077.73,4084.73,11806
1763334000,4082.52,4106.61,4070.32,4096.21,19229
1763337600,4096.29,4098.25,4080.41,4083.32,22588
1763341200,4083.3,4101.92,4082.8,4091.25,25163
1763344800,4091.26,4093.71,4080.49,4081.89,23159
1763348400,4081.89,4085.73,4069.82,4082.99,22794
1763352000,4082.95,4088.13,4076.95,4078.66,17348
1763355600,4078.48,4078.51,4049.64,4058.26,22935
1763359200,4058.13,4072.12,4054.67,4066.04,22182
1763362800,4066.05,4089.14,4065.17,4088.24,19859
1763366400,4088.23,4095.89,4071.91,4077.45,23037
1763370000,4077.33,4088.59,4072.03,4082.23,21023
1763373600,4082.16,4089.49,4068.6,4070.34,20172
1763377200,4070.31,4085.9,4061.02,4078.55,20623
1763380800,4078.54,4085.23,4074.58,4077.04,19061
1763384400,4077.05,4092.29,4060.67,4065.25,24680
1763388000,4064.55,4082.08,4060.69,4076.13,25619
1763391600,4076.22,4077.53,4060.62,4064.37,27563
1763395200,4064.2,4073.71,4052.27,4069.93,24124
1763398800,4070.11,4080.88,4069.73,4073.32,22203
1763402400,4073.46,4076.02,4062.17,4062.67,21693
1763406000,4062.73,4065.09,4010.89,4011.15,25519
1763409600,4011.16,4044.18,4006.91,4040.8,24795
1763413200,4040.94,4046.25,4038.85,4045.52,11200
1763420400,4051.34,4055.22,4028.5,4036.74,19957
1763424000,4036.88,4041.39,4027.3,4040.12,21022
1763427600,4040.22,4045.14,4022.35,4024.86,24728
1763431200,4024.5,4035.83,4015.1,4017.63,22013
1763434800,4017.49,4026.46,4008.29,4013.29,22717
1763438400,4013.28,4018.01,4004.95,4010.52,22092
1763442000,4010.53,4025.18,4008.23,4018.99,21458
1763445600,4018.98,4020.46,4007.42,4009.04,21608
1763449200,4009.01,4017.58,3997.7,4013.72,22796
1763452800,4014.03,4042.73,4010.5,4036.84,22634
1763456400,4036.51,4047.29,4030.12,4040.08,21024
1763460000,4039.76,4050.45,4037.33,4044.26,20054
1763463600,4044.35,4050.32,4037.01,4039.31,17859
1763467200,4039.27,4044.96,4029,4032.27,21845
1763470800,4032.45,4070.28,4031.53,4065.13,25508
1763474400,4065.22,4081.99,4058.2,4065.89,27499
1763478000,4065.89,4072.4,4049.02,4052.87,28094
1763481600,4052.93,4069.29,4040.07,4066.75,25393
1763485200,4066.91,4075.9,4059.36,4071.4,23274
1763488800,4071.33,4074.75,4063.09,4072.68,21059
1763492400,4072.7,4082.01,4072.7,4081.05,21204
1763496000,4081.25,4082.22,4067.38,4069.46,21303
1763499600,4069.39,4072.34,4064.86,4067.63,9902
1763506800,4068.81,4077.91,4066.04,4076.58,12808
1763510400,4076.86,4078.27,4067.55,4069.47,16412
1763514000,4069.4,4070.27,4056.57,4059.14,22099
1763517600,4059.01,4080.66,4055.57,4075.52,22791
1763521200,4075.54,4078.7,4066.01,4066.83,19026
1763524800,4066.86,4076.94,4064.44,4075.25,18810
1763528400,4075.35,4097.4,4074.27,4095.37,23282
1763532000,4095.43,4098.65,4089.04,4090.86,21797
1763535600,4090.78,4097,4084.84,4086.86,19808
1763539200,4086.86,4088.78,4078.19,4083.36,21164
1763542800,4083.16,4116.02,4080.92,4113.47,22530
1763546400,4113.52,4118.92,4106.96,4108.86,22274
1763550000,4109.01,4117.6,4106.5,4112.78,18767
1763553600,4112.76,4119.88,4112.03,4114.37,19075
1763557200,4114.38,4117.73,4100.68,4110.54,25115
1763560800,4110.62,4128.88,4101.88,4128.05,25924
1763564400,4128.03,4132.81,4089.96,4096.43,27418
1763568000,4096.53,4098.63,4067.68,4074.66,28264
1763571600,4074.65,4081.25,4055.67,4078.95,27315
1763575200,4078.95,4091.28,4075.71,4087.24,25121
1763578800,4087.2,4087.34,4069.05,4073.69,24389
1763582400,4073.48,4082.12,4072.18,4076.45,21434
1763586000,4076.37,4084.82,4065.64,4077.97,14049
1763593200,4080.02,4108.37,4078.81,4104.53,18485
1763596800,4104.6,4110.06,4100.41,4102.92,19234
1763600400,4102.91,4109.16,4081.12,4081.55,24666
1763604000,4081.38,4081.72,4041.34,4067.1,26118
1763607600,4067.04,4085.6,4064.72,4072.07,22121
1763611200,4072.14,4080.45,4068.26,4075.69,17576
1763614800,4075.68,4075.88,4064.32,4066.7,21123
1763618400,4066.7,4077.54,4058.56,4068.4,22001
1763622000,4068.13,4076.7,4054.57,4060.09,21081
1763625600,4059.94,4069.5,4038.76,4063.35,25217
1763629200,4063.5,4072.82,4055.59,4064.19,21958
1763632800,4064.57,4068.36,4057.97,4060.04,17751
1763636400,4060.05,4068.27,4050.97,4060.38,19880
1763640000,4060.8,4081.91,4060.09,4081.67,20386
1763643600,4081.77,4096.33,4066.53,4080.38,27808
1763647200,4080.19,4107.19,4072.1,4093.12,27985
1763650800,4092.99,4098.86,4070.01,4070.01,27853
1763654400,4070.02,4082.74,4044.69,4049.25,28834
1763658000,4049.08,4068.52,4043.65,4066.17,28963
1763661600,4066.13,4072.59,4056.22,4060.53,26299
1763665200,4060.52,4087.15,4058.98,4084.6,25399
1763668800,4084.71,4085.15,4073.3,4077.11,22583
1763672400,4077.48,4080.81,4074.24,4077.26,10611
1763679600,4074.6,4088.66,4072.69,4078.96,14668
1763683200,4079.21,4081.25,4071.53,4073.97,15997
1763686800,4073.37,4074.62,4060.47,4068.61,24033
1763690400,4068.59,4079.74,4056.71,4057.37,22291
1763694000,4057.03,4059.49,4049.24,4056.16,21451
1763697600,4056.12,4062.48,4047.81,4051.98,19051
1763701200,4052.13,4059.7,4039.88,4058.4,21863
1763704800,4058.4,4064.96,4029.69,4032.75,24897
1763708400,4032.76,4039.81,4024.93,4031.68,22701
1763712000,4031.75,4048.11,4022.39,4040.96,23611
1763715600,4040.88,4063.5,4040.19,4050.5,23041
1763719200,4050.57,4052.82,4032.08,4037.13,24533
1763722800,4037.14,4046.74,4030.94,4036.62,19957
1763726400,4036.61,4071.52,4034.75,4065.85,25909
1763730000,4065.93,4081.15,4059.25,4079.49,25729
1763733600,4079.48,4083.99,4061.7,4071.83,27291
1763737200,4071.71,4076.9,4055.2,4069.67,28847
1763740800,4069.49,4100.8,4062.92,4099.86,27222
1763744400,4099.51,4101.16,4078.82,4085.45,26513
1763748000,4085.44,4088.36,4076.35,4082.83,25553
1763751600,4082.86,4092.21,4082.69,4087.69,23387
1763755200,4087.69,4088.65,4055.18,4067.27,25201
1763758800,4067.06,4069.05,4054.5,4065.8,12853
1763938800,4068.96,4077.74,4065.61,4075.24,17092
1763942400,4074.99,4076.16,4058.35,4067.41,16269
1763946000,4067.82,4073.07,4042.63,4044.35,23926
1763949600,4044.06,4051.68,4040.59,4043.71,19361
1763953200,4043.85,4058.04,4043.85,4050.12,20686
1763956800,4050.43,4061.21,4042.11,4044.09,19966
1763960400,4044.14,4049.29,4039.91,4046.32,21069
1763964000,4046.33,4058.16,4045.49,4053.32,19940
1763967600,4053.31,4067.51,4051.39,4060.04,19368
1763971200,4059.68,4066.93,4059.56,4063.42,19329
1763974800,4063.04,4074.01,4063.04,4071.65,20904
1763978400,4071.72,4077.15,4063.38,4063.85,19369
1763982000,4063.98,4071.65,4062.95,4069.96,16599
1763985600,4069.96,4083.98,4065.8,4080.18,20270
1763989200,4080.3,4085.96,4073.68,4077.9,23479
1763992800,4077.8,4085.79,4068.42,4081.37,25619
1763996400,4081.29,4093.86,4081.29,4091.68,26005
1764000000,4091.89,4098.91,4089.66,4097.22,22555
1764003600,4097.19,4100.53,4089.1,4093.22,21312
1764007200,4092.94,4125.84,4087.96,4120.45,22427
1764010800,4120.53,4124.09,4113.9,4118.43,20472
1764014400,4118.49,4133.52,4117.98,4132.57,21368
1764018000,4132.62,4139.99,4130.06,4134.78,11275
1764025200,4133.73,4144.31,4125.22,4143.87,17000
1764028800,4143.85,4144.34,4127.38,4129.5,19452
1764032400,4129.78,4139.14,4122.77,4134.8,24334
1764036000,4134.71,4155.91,4132.88,4150.83,22675
1764039600,4150.79,4150.87,4139.36,4143.19,20469
1764043200,4143.04,4148.34,4139.64,4140.66,17435
1764046800,4140.65,4152.01,4140.65,4150.76,18938
1764050400,4151.17,4152.07,4138.47,4141.75,22157
1764054000,4141.62,4146,4129.97,4132.35,22854
1764057600,4132.57,4139.33,4109.49,4116.16,21904
1764061200,4116.15,4131.41,4114,4128.35,21073
1764064800,4128.49,4138.73,4127.36,4131.31,17898
1764068400,4131.3,4137.38,4127.67,4133.39,17923
1764072000,4133.55,4138.78,4115.62,4129.77,20873
1764075600,4129.8,4150.83,4129.34,4147.79,25176
1764079200,4147.76,4148.78,4110.92,4125.36,25948
1764082800,4125.45,4133.83,4117.87,4123.03,25660
1764086400,4122.88,4141.48,4121.94,4136.23,23650
1764090000,4136.32,4159.25,4136.06,4146.03,25529
1764093600,4146,4150.68,4132.44,4134.37,22039
1764097200,4134.33,4140.3,4128.38,4133.79,22080
1764100800,4133.93,4138.38,4130.67,4132.24,20180
1764104400,4132.24,4132.53,4127.55,4130.59,11146
1764111600,4132.59,4137.19,4129.66,4133.66,11503
1764115200,4133.8,4144.26,4132.56,4142.86,16923
1764118800,4142.9,4152.98,4138.43,4148.35,20998
1764122400,4148.29,4166.64,4147.35,4161.61,22653
1764126000,4161.62,4169.36,4160.4,4166.2,18804
1764129600,4166.08,4167.04,4156.67,4161.86,16917
1764133200,4162.01,4168.75,4160.2,4162.45,19781
1764136800,4162.28,4162.92,4146.93,4149.98,21948
1764140400,4149.98,4161.51,4149.13,4157.6,18746
1764144000,4157.32,4168.52,4154.64,4161.14,21174
1764147600,4160.93,4164.57,4156.57,4162.66,18166
1764151200,4162.69,4164.99,4156.08,4160.03,19195
1764154800,4160.02,4172.88,4157.79,4171.47,18974
1764158400,4171.64,4173.45,4148.85,4155.22,21653
1764162000,4155.21,4166.71,4149.12,4153.4,24026
1764165600,4153.48,4156.9,4140.01,4142.17,25359
1764169200,4141.32,4165.77,4136.84,4165.31,25650
1764172800,4165.34,4168.48,4160.74,4167.07,22243
1764176400,4167.08,4169.77,4164.95,4167.23,19196
1764180000,4167.29,4171.66,4158.05,4164.81,21105
1764183600,4164.84,4169.78,4162.4,4163.35,19026
1764187200,4163.24,4167.49,4161.4,4164.05,20336
1764190800,4164.04,4167.59,4162.26,4163.9,11176
1764198000,4165.09,4168.78,4162.65,4164.61,14379
1764201600,4164.7,4167.04,4161.77,4164.46,14319
1764205200,4164.35,4165.25,4148.53,4154.29,23423
1764208800,4154.29,4156.32,4144.39,4145.47,21039
1764212400,4145.3,4150.68,4144.12,4147.46,18027
1764216000,4147.46,4154.63,4142.53,4150.73,18251
1764219600,4150.69,4154.74,4144.91,4147.05,18514
1764223200,4147.09,4159.27,4146.86,4157.48,21589
1764226800,4157.46,4162.21,4155.39,4160,20142
1764230400,4160.03,4167.22,4159.74,4165.71,20222
1764234000,4165.72,4165.88,4148.3,4158.65,20126
1764237600,4158.71,4160.5,4152.23,4156.42,17614
1764241200,4156.41,4162.48,4155.85,4157.26,15402
1764244800,4157.27,4159.23,4153.67,4154.07,13719
1764248400,4154.06,4158.09,4149.23,4154.81,20653
1764252000,4154.95,4160.76,4152.78,4153.22,19446
1764255600,4153.18,4161.77,4153.05,4158.04,15861
1764259200,4158.04,4158.44,4151.31,4156.27,14556
1764262800,4156.3,4159.26,4154.75,4157.84,11614
1764266400,4157.9,4159.93,4155.7,4159.29,9743
1764270000,4159.31,4160.43,4157.02,4157.35,4499
1764284400,4159.71,4163.99,4158.22,4163.47,9521
1764288000,4163.46,4182.9,4162.93,4180.69,17858
1764291600,4180.69,4193.15,4180.68,4191.14,21716
1764295200,4190.98,4192.27,4185.89,4189.58,18023
1764298800,4189.45,4191.93,4182.62,4184.28,12904
1764302400,4184.08,4188.79,4178.51,4188.7,13738
1764306000,4188.58,4188.88,4166.68,4182.64,13452
1764309600,4182.49,4188.81,4181.74,4187.53,10913
1764313200,4187.52,4187.87,4174.25,4174.86,9277
1764316800,4174.65,4176.68,4152.58,4170.33,16883
1764320400,4166.28,4168.33,4157.94,4165.8,15130
1764324000,4166.04,4178.43,4160.22,4163.55,9731
1764327600,4163.53,4179.8,4162.31,4171.58,13636
1764331200,4170.72,4177.15,4167.48,4175.8,6671
1764334800,4175.91,4183.03,4168.15,4182.45,12577
1764338400,4182.48,4208.85,4182.4,4198.02,26017
1764342000,4197.91,4203.96,4185.61,4203.65,24560
1764345600,4203.7,4210.79,4197.72,4206.14,23046
1764349200,4206.32,4216.86,4204.49,4216.76,22808
1764352800,4216.85,4226.82,4210.95,4220.46,19901
1764356400,4220.44,4222.02,4216.18,4219.29,12600
1764543600,4229.15,4230.95,4205.56,4222.15,22592
1764547200,4222.13,4233.76,4218.15,4230.87,21513
1764550800,4230.74,4256.06,4219.77,4255.45,26821
1764554400,4255.52,4256.4,4234.55,4242.85,24614
1764558000,4242.86,4243.9,4232.55,4239.34,22357
1764561600,4239.39,4246.99,4236.36,4245.58,18191
1764565200,4245.97,4246.56,4215.18,4229.54,23815
1764568800,4229.59,4240.51,4226.15,4236.77,22274
1764572400,4236.79,4246.65,4231.55,4245.14,21491
1764576000,4245.32,4253.62,4238.39,4244.59,21846
1764579600,4244.87,4251.83,4243.73,4250.11,21140
1764583200,4250.13,4262.32,4249.04,4255.68,21162
1764586800,4255.77,4258.55,4248.09,4254.63,19431
1764590400,4254.59,4256.61,4244.3,4246.58,22720
1764594000,4246.57,4264.59,4245.69,4247.43,24904
1764597600,4247.46,4249.3,4219.77,4240.06,27358
1764601200,4240.05,4245.1,4219.3,4232.44,28068
1764604800,4232.5,4242.4,4225.12,4226.06,27794
1764608400,4226.05,4239.99,4223.31,4232.29,25452
1764612000,4232.28,4244.55,4232.28,4240.33,22981
1764615600,4240.37,4243.77,4229.37,4236.84,22311
1764619200,4237.09,4241.59,4234.41,4237.36,21418
1764622800,4237.37,4240.44,4229.92,4232.16,11678
1764630000,4228.59,4236,4224.68,4227.56,15788
1764633600,4227.58,4229.74,4221.5,4226.86,18806
1764637200,4226.68,4227.04,4198.85,4219.43,26153
1764640800,4219.48,4224.49,4214.55,4221.62,20821
1764644400,4221.38,4226.24,4215.87,4216.89,19184
1764648000,4216.85,4220.49,4213.83,4218.81,16281
1764651600,4218.81,4225.45,4215.37,4225.02,19921
1764655200,4225.01,4226.31,4203.26,4212.89,22545
1764658800,4213.02,4219.2,4209.73,4213.15,17936
1764662400,4213.29,4217.15,4207.07,4210.26,19595
1764666000,4209.93,4213.2,4180.97,4192.04,22563
1764669600,4192,4192.45,4182.1,4185.57,19901
1764673200,4185.56,4205.76,4184.82,4205.29,18833
1764676800,4205.27,4209.66,4201.01,4208.53,17752
1764680400,4208.81,4215.16,4202.09,4212.53,24086
1764684000,4212.48,4230.55,4212.28,4219.18,27789
1764687600,4219,4219.62,4163.42,4169.54,28712
1764691200,4169.9,4190.14,4166.86,4184.86,26591
1764694800,4184.85,4196.86,4184.74,4193.74,22410
1764698400,4193.52,4196.72,4183.34,4190.76,22489
1764702000,4191.08,4200.59,4190.95,4196.69,21306
1764705600,4196.71,4212.38,4194.92,4210.16,19734
1764709200,4210.04,4211.81,4205.01,4205.42,10296
1764716400,4205.93,4216.07,4202.3,4212.79,16942
1764720000,4212.81,4212.95,4204.33,4211.85,18701
1764723600,4212.94,4221.1,4211.57,4214.41,23968
1764727200,4214.41,4228.86,4214.18,4226.48,21642
1764730800,4226.68,4227.64,4220.12,4220.99,18528
1764734400,4221,4225.28,4217.09,4222.4,15858
1764738000,4222.38,4223.87,4203.67,4207.89,22275
1764741600,4207.72,4211.83,4204.75,4208.02,21912
1764745200,4208.2,4210.42,4200.29,4206.44,20109
1764748800,4206.44,4210.22,4203.71,4206.51,20149
1764752400,4206.52,4207.63,4197,4202.06,19286
1764756000,4202.07,4204.92,4194.63,4200.54,21412
1764759600,4200.58,4209.25,4197.11,4208.69,18925
1764763200,4208.82,4214.4,4205.14,4213.52,20584
1764766800,4213.61,4238.36,4211.3,4237.17,25383
1764770400,4237.75,4241.49,4204.92,4212.39,28536
1764774000,4212.26,4229.43,4206.02,4216.44,26434
1764777600,4216.39,4225.22,4195.93,4200.74,25579
1764781200,4200.71,4215.41,4200.17,4211.06,23642
1764784800,4211.41,4211.63,4195.1,4197.01,23454
1764788400,4197,4209.95,4196.72,4207.81,20096
1764792000,4207.75,4212.8,4203.62,4206.34,21467
1764795600,4206.33,4210.08,4202.62,4203.08,13009
1764802800,4204.52,4209.05,4202.6,4207.44,14989
1764806400,4207.36,4215.76,4204.56,4211.78,17658
1764810000,4211.73,4216.81,4205.64,4209.29,24690
1764813600,4209.3,4209.34,4198.8,4200.35,21659
1764817200,4200.47,4201.66,4187.3,4195.69,20481
1764820800,4195.65,4199.15,4192.7,4197.02,17041
1764824400,4196.81,4199.12,4175.07,4181.2,21994
1764828000,4181.19,4190.31,4178.59,4190.28,23883
1764831600,4190.38,4194.99,4186.59,4193.69,20397
1764835200,4193.58,4196.42,4184.91,4184.97,22773
1764838800,4184.96,4202.33,4183.59,4199.79,21277
1764842400,4199.79,4202.72,4196.71,4197.28,18205
1764846000,4197.32,4206.58,4197.12,4198.69,18427
1764849600,4198.61,4201.85,4188.62,4190.59,20615
1764853200,4190.61,4198.42,4185.61,4198.16,25522
1764856800,4198.16,4213.06,4193.62,4201.45,27177
1764860400,4201.46,4210.21,4191.51,4207.54,27597
1764864000,4207.57,4219.29,4206.64,4215.79,24852
1764867600,4215.8,4217.59,4208.94,4216.43,21613
1764871200,4216.35,4217.53,4207.22,4207.92,21121
1764874800,4207.98,4210.26,4199.44,4208.85,21275
1764878400,4208.88,4210.43,4205.46,4210.03,19240
1764882000,4209.94,4210.25,4207.86,4208.59,9782
1764889200,4207.1,4209.74,4203.64,4205.92,12500
1764892800,4205.98,4210.53,4201.24,4201.7,17209
1764896400,4201.65,4204.29,4194.71,4202.92,23870
1764900000,4202.92,4208.39,4196.68,4207.23,20343
1764903600,4207.27,4210.97,4201.77,4209.37,18303
1764907200,4209.4,4217.28,4207.93,4216.84,17047
1764910800,4216.83,4221.17,4214.38,4220.45,19176
1764914400,4220.12,4229.28,4218.43,4224.35,21941
1764918000,4224.41,4230.83,4222.46,4224.55,18748
1764921600,4224.67,4227.02,4220.5,4220.64,19126
1764925200,4220.37,4225.13,4215.7,4223.45,17902
1764928800,4223.44,4227.62,4222.37,4222.91,14858
1764932400,4222.92,4225.78,4220.06,4223.63,15868
1764936000,4223.62,4229.66,4222.87,4228.66,20502
1764939600,4228.69,4238.99,4221.31,4234.48,24980
1764943200,4234.45,4245.5,4228.21,4242.1,25957
1764946800,4242.04,4259.32,4234.02,4243.5,27098
1764950400,4243.82,4245.63,4198.5,4214.07,28102
1764954000,4212.86,4219.56,4206.3,4217.65,23628
1764957600,4217.68,4219.16,4206.57,4208.76,22092
1764961200,4208.78,4210.78,4202.31,4207.55,19895
1764964800,4207.68,4207.69,4199.31,4202.15,22582
1764968400,4202.17,4202.49,4191.87,4196.32,13966
1765148400,4196.08,4205.97,4193.94,4201.37,11328
1765152000,4201.71,4211.63,4199.48,4210.66,20914
1765155600,4210.64,4211.55,4197.41,4201.28,25720
1765159200,4201.08,4212.46,4198.64,4208.28,22517
1765162800,4208.38,4213.09,4206.56,4210.13,19079
1765166400,4210.2,4213.25,4206.95,4208.59,14555
1765170000,4208.61,4217.19,4204.59,4216.9,19317
1765173600,4216.91,4219.02,4212.17,4216.91,21216
1765177200,4217.25,4217.47,4206.16,4206.96,19555
1765180800,4207.2,4216.64,4203.2,4209.63,19914
1765184400,4209.16,4212.84,4204.11,4207.98,19209
1765188000,4208,4210.36,4200.8,4203.64,16459
1765191600,4203.63,4214.28,4199.7,4208.47,19676
1765195200,4208.69,4215.51,4208.49,4213.72,17961
1765198800,4213.62,4214.76,4197.75,4201.76,24883
1765202400,4201.55,4211.56,4195.3,4196.6,25835
1765206000,4196.53,4196.75,4176.3,4183,26964
1765209600,4182.94,4197.64,4176.9,4191.63,24160
1765213200,4191.7,4195.68,4185.56,4194.98,20998
1765216800,4195.5,4195.63,4184.37,4187.17,20313
1765220400,4187.12,4188.92,4184.14,4187.02,18326
1765224000,4186.91,4195.5,4184.9,4191.65,19018
1765227600,4191.7,4193.3,4188.2,4190.46,8815
1765234800,4191.09,4195.47,4190.54,4194.62,12005
1765238400,4194.78,4195.72,4189.86,4190.53,13198
1765242000,4190.52,4197.36,4188.88,4196.18,20055
1765245600,4196.18,4197.3,4186.07,4189.77,20845
1765249200,4189.87,4198.87,4189.87,4194.61,19422
1765252800,4194.61,4195.71,4184.54,4186.96,18029
1765256400,4186.95,4187.42,4177.91,4179.96,21796
1765260000,4179.87,4183.95,4169.77,4181.94,23160
1765263600,4181.92,4185.67,4176.02,4182.46,21400
1765267200,4182.45,4191.92,4182.45,4191.78,20105
1765270800,4191.82,4212.51,4190.75,4202.44,24101
1765274400,4202.95,4208.47,4201.27,4203.82,20514
1765278000,4203.83,4206.57,4201.29,4203.17,16555
1765281600,4203.21,4207.48,4198.46,4204.23,17731
1765285200,4204.17,4208.3,4195.49,4201.29,24416
1765288800,4201.27,4210.44,4189.51,4205.14,26561
1765292400,4204.4,4216.06,4190.03,4212.51,27826
1765296000,4212.75,4221.31,4210.14,4212.13,27076
1765299600,4212.11,4216.29,4201.7,4203.12,24005
1765303200,4203.02,4209.66,4201.27,4208.93,21315
1765306800,4208.92,4214.48,4207.1,4212.5,19389
1765310400,4212.47,4216.12,4208.93,4212.22,20044
1765314000,4212.29,4212.91,4207.3,4208.32,13646
1765321200,4209.56,4212.93,4207.73,4210.94,11942
1765324800,4210.91,4212.68,4206.93,4208.5,13869
1765328400,4208.38,4217.97,4206.89,4213.91,22496
1765332000,4213.92,4218.9,4211.53,4217.04,18852
1765335600,4216.97,4217.11,4203.73,4206.42,19078
1765339200,4206.24,4209.63,4205.43,4207.06,13887
1765342800,4207.07,4214.34,4201.82,4211.45,18667
1765346400,4211.44,4211.77,4203.16,4207.35,20789
1765350000,4207.33,4209.34,4203.1,4203.2,16555
1765353600,4203.13,4206.44,4197.17,4198.04,19910
1765357200,4198.1,4200.65,4192.7,4194.34,20425
1765360800,4194.39,4196.28,4187.59,4193.32,20047
1765364400,4193.37,4197.78,4192.51,4197.12,18319
1765368000,4197.38,4202.05,4195.45,4196.44,17554
1765371600,4196.38,4204.93,4192.79,4200.83,24348
1765375200,4200.82,4206.91,4191.38,4192.43,25169
1765378800,4192.4,4201.12,4188.81,4193.8,25274
1765382400,4193.91,4205.06,4192.97,4204.81,21749
1765386000,4204.76,4204.84,4196.89,4199.68,20900
1765389600,4199.74,4200.73,4191.98,4194.33,19181
1765393200,4194.43,4219.77,4181.8,4216.53,29042
1765396800,4216.29,4238.77,4211.09,4230,28097
1765400400,4229.73,4232.5,4221.41,4228.56,14548
1765407600,4229.64,4234.15,4224.1,4232.37,17099
1765411200,4232.33,4245.23,4231.23,4237.06,19804
1765414800,4236.32,4247.8,4233.03,4238.21,24350
1765418400,4238.16,4240.83,4220.59,4222.45,22483
1765422000,4222.44,4224.97,4209.2,4216.7,23063
1765425600,4216.69,4218.37,4208.28,4213.46,18370
1765429200,4213.45,4216.33,4206.04,4207.63,19852
1765432800,4207.68,4215.5,4204.48,4214.44,20977
1765436400,4214.43,4218.45,4210.61,4215.84,17378
1765440000,4215.88,4219.61,4212.94,4216.66,19035
1765443600,4216.69,4221.61,4210.46,4218.52,18937
1765447200,4218.39,4225.94,4211.78,4217.02,19742
1765450800,4217.02,4219.18,4209.76,4211.34,16608
1765454400,4211.24,4220.57,4208.63,4220.56,19024
1765458000,4220.71,4223.26,4205.1,4220.92,25123
1765461600,4221.09,4244.26,4218.05,4230.02,26950
1765465200,4230.23,4261.49,4225.95,4255.99,27840
1765468800,4255.98,4278.91,4250.18,4273.58,26387
1765472400,4273.7,4281.83,4272.17,4278.79,24928
1765476000,4278.66,4285.94,4266.69,4268.24,23396
1765479600,4268.27,4277.56,4262.97,4273.45,21886
1765483200,4273.52,4276.49,4264.43,4276.34,22805
1765486800,4276.33,4283.77,4272.69,4279.79,11829
1765494000,4281.49,4283.75,4272.56,4276.2,16655
1765497600,4276.14,4280.19,4268.56,4269.52,17942
1765501200,4269.61,4276.18,4264.48,4270.9,25597
1765504800,4270.83,4276.92,4269.33,4270.52,21156
1765508400,4270.53,4274.59,4268.75,4270.53,18351
1765512000,4270.66,4271.08,4266.25,4266.32,15699
1765515600,4266.32,4280.52,4266.15,4278.9,20007
1765519200,4279.03,4283.32,4276.59,4282.71,20186
1765522800,4282.89,4290.22,4281.32,4287.22,19218
1765526400,4287.18,4309.23,4287,4307.99,23022
1765530000,4308.15,4320.16,4306.76,4318.2,23453
1765533600,4318.39,4331.08,4314.57,4329.86,22819
1765537200,4330.06,4339.23,4326.98,4336.38,22311
1765540800,4336.45,4339.21,4324.67,4325.73,23066
1765544400,4325.86,4346.19,4321.1,4341.11,26331
1765548000,4341.11,4353.54,4330.87,4347.12,27549
1765551600,4347.19,4351.34,4283.2,4290.56,29966
1765555200,4290.55,4296.37,4257.28,4281.79,30083
1765558800,4281.81,4298.33,4271.04,4294.14,27503
1765562400,4295.17,4303.71,4290.51,4294.79,25279
1765566000,4294.82,4299.82,4289.86,4296.59,22157
1765569600,4296.54,4303.01,4288.56,4299.37,22628
1765573200,4299.39,4304.16,4298.19,4300.22,11450
1765753200,4295.98,4308.6,4295.32,4302.19,18545
1765756800,4302.17,4308.07,4300.1,4307.52,16301
1765760400,4307.95,4325.76,4305.62,4322.42,24251
1765764000,4322.44,4329.28,4320.68,4326.33,21462
1765767600,4326.42,4329.73,4319.56,4327.25,20872
1765771200,4327.24,4330.02,4323.18,4325.99,17139
1765774800,4325.98,4344.46,4324.66,4343.52,21567
1765778400,4343.48,4347.41,4339.52,4343.63,21435
1765782000,4343.64,4344.91,4333.55,4339.28,19594
1765785600,4339.27,4349.05,4338.8,4346.95,19349
1765789200,4346.82,4350.43,4342.21,4342.51,19907
1765792800,4342.47,4348.29,4337.62,4339.74,17500
1765796400,4339.51,4343.63,4335.27,4342.64,16261
1765800000,4342.72,4348.31,4342.55,4345.84,17550
1765803600,4345.75,4346.36,4330.66,4332.21,25173
1765807200,4332.3,4336.8,4317.48,4323.83,27668
1765810800,4323.56,4327.9,4311.49,4318.28,27901
1765814400,4318.37,4318.67,4285.32,4297.59,28244
1765818000,4297.5,4306.54,4290.7,4304.51,25049
1765821600,4304.56,4313.77,4299.87,4313.23,22391
1765825200,4313.22,4317.87,4307.89,4314.2,22807
1765828800,4314.24,4314.43,4299.22,4304.48,21820
1765832400,4304.48,4305.9,4300.66,4305.04,9663
1765839600,4306.8,4309.85,4303.33,4304.2,13571
1765843200,4304.35,4313.29,4302.63,4307.92,19312
1765846800,4307.69,4317.81,4299.08,4308.86,24366
1765850400,4308.78,4312.33,4286.53,4289.88,22937
1765854000,4289.91,4294.48,4280.85,4290.82,23866
1765857600,4290.71,4292.36,4286.52,4289.11,16675
1765861200,4288.92,4292.3,4271.56,4283.86,22633
1765864800,4284.13,4292.2,4282.57,4289.08,21137
1765868400,4289.12,4289.9,4279.78,4287.57,18150
1765872000,4287.61,4289.43,4275.41,4284.78,21038
1765875600,4285.3,4285.79,4276.51,4280.32,18203
1765879200,4280.38,4284.14,4274.73,4277.19,20028
1765882800,4277.02,4279.51,4273.74,4278.52,17445
1765886400,4278.63,4294.98,4276.84,4294.4,20481
1765890000,4294.66,4313.23,4290.64,4313.07,26133
1765893600,4313.16,4332.14,4311.39,4324.5,27875
1765897200,4324.47,4335.01,4312.32,4319.76,28086
1765900800,4319.76,4323.13,4291.14,4300.67,26915
1765904400,4300.8,4310.89,4300.09,4303.55,23754
1765908000,4303.13,4313.57,4297.99,4311.25,23195
1765911600,4311.23,4315.96,4296.8,4310.6,22747
1765915200,4310.21,4314.44,4302.72,4304.81,19245
1765918800,4304.81,4305.55,4300.72,4302.16,10226
1765926000,4301.01,4309.18,4301.01,4307.88,12215
1765929600,4307.9,4315,4307.51,4313.15,14134
1765933200,4313.16,4326.83,4311.32,4326.72,25675
1765936800,4326.72,4327.86,4311.24,4314.32,22986
1765940400,4314.44,4325.25,4312.49,4323.61,21637
1765944000,4323.66,4331.55,4320.37,4329.68,18386
1765947600,4329.69,4342.48,4327.96,4333.99,23056
1765951200,4333.98,4337.75,4324.56,4328.75,21460
1765954800,4328.78,4328.83,4315.36,4317.83,20013
1765958400,4317.25,4321.01,4308.48,4319.06,21090
1765962000,4318.88,4323.2,4315.94,4317,17679
1765965600,4316.98,4322.18,4306.52,4317.57,17573
1765969200,4317.56,4320.55,4314.9,4316.44,17266
1765972800,4316.43,4323.19,4314.79,4317.64,17666
1765976400,4317.59,4344.19,4314.83,4342.1,26164
1765980000,4342.22,4345.97,4322.8,4338.43,28892
1765983600,4338.34,4349.16,4324.09,4330.26,28971
1765987200,4330.36,4337.66,4320.5,4333.59,27383
1765990800,4333.7,4342.37,4328.31,4342.37,25327
1765994400,4342.58,4346.44,4328.9,4336.05,25831
1765998000,4336.04,4341.03,4330.31,4336.98,21795
1766001600,4336.98,4346.03,4335.18,4341.3,20907
1766005200,4341.22,4346.23,4337.49,4338.31,11830
1766012400,4337.77,4343.3,4335.66,4339.25,16350
1766016000,4339.31,4343,4333.04,4334.68,17309
1766019600,4334.72,4337.04,4324.56,4331.6,24332
1766023200,4331.4,4337.83,4329.84,4333.26,21023
1766026800,4333.21,4336.77,4330.86,4333.24,19457
1766030400,4333.22,4333.59,4328.6,4331.8,16861
1766034000,4331.99,4337.51,4330.97,4333.28,19898
1766037600,4333.37,4336.23,4330.59,4334.03,19298
1766041200,4334,4337.79,4329.95,4331.42,17632
1766044800,4331.09,4332.71,4321.86,4326.6,18909
1766048400,4326.14,4328.64,4320.7,4323.6,19413
1766052000,4323.58,4327.64,4322.05,4325.33,17629
1766055600,4325.32,4328.57,4324.32,4325.66,15707
1766059200,4325.64,4326.67,4317.13,4320.7,19134
1766062800,4320.04,4343.01,4314.68,4336.51,26162
1766066400,4335.6,4341.33,4308.51,4328.45,28185
1766070000,4328.86,4341.49,4324.96,4338.09,28253
1766073600,4338.01,4374.63,4337.79,4360.41,27697
1766077200,4360.42,4363.45,4321.95,4333.09,28350
1766080800,4333.2,4341.33,4325.58,4331.78,24877
1766084400,4331.62,4334.86,4322.81,4325.07,23291
1766088000,4324.9,4338.15,4324.38,4335.03,22431
1766091600,4334.81,4334.81,4328.55,4332.51,10236
1766098800,4334.04,4336.92,4333.57,4335.15,12233
1766102400,4335.12,4335.83,4325.59,4326.11,16209
1766106000,4326.04,4328.43,4309.38,4323.3,25531
1766109600,4323.33,4328.03,4314.18,4316.55,20551
1766113200,4316.51,4322.51,4312.73,4318.1,19046
1766116800,4318.11,4323.05,4316.79,4322.87,15488
1766120400,4323.06,4328.92,4317.58,4325.91,19189
1766124000,4326.08,4329.59,4321.54,4326.52,20544
1766127600,4326.45,4329.7,4321.74,4322.78,17847
1766131200,4322.85,4330.94,4320.92,4325.93,18507
1766134800,4325.93,4333.57,4324.37,4329.57,16788
1766138400,4329.43,4331.79,4322.29,4327.81,18074
1766142000,4327.82,4329.56,4325.25,4327.18,16594
1766145600,4327.46,4328.8,4320.74,4326.72,19179
1766149200,4326.76,4335.35,4326.12,4328.35,23759
1766152800,4328.35,4337.79,4319.63,4332.59,26791
1766156400,4332.45,4349.24,4332.22,4347.83,26868
1766160000,4347.74,4354.63,4341.78,4349.72,24913
1766163600,4349.53,4356.12,4346.97,4353.55,22218
1766167200,4353.45,4356.47,4343.03,4348.58,21360
1766170800,4348.6,4350.78,4345.14,4345.21,17904
1766174400,4345.17,4346.46,4336.71,4339.61,19684
1766178000,4339.62,4340.12,4336.67,4338.6,8159
1766358000,4338.52,4356.4,4338.06,4355.1,16273
1766361600,4355.05,4366.29,4355.05,4364.86,18906
1766365200,4364.88,4384.87,4361.33,4382.86,25913
1766368800,4382.89,4388.75,4378.43,4385.95,21240
1766372400,4386.05,4394.97,4383.96,4392.54,18518
1766376000,4392.58,4400.77,4391.38,4398.36,16257
1766379600,4398.01,4409.53,4396.59,4400.09,22128
1766383200,4400.14,4420.04,4398.77,4419.45,22037
1766386800,4419.37,4420.41,4410.53,4414.5,17991
1766390400,4414.23,4415.04,4406.09,4408.42,18689
1766394000,4408.44,4414.75,4408.18,4411.17,13621
1766397600,4411.22,4415.93,4406.17,4408.75,15359
1766401200,4408.73,4411.73,4406.25,4410.42,15351
1766404800,4410.43,4415.91,4406.33,4415.55,18239
1766408400,4415.87,4427.4,4413.25,4423.71,24594
1766412000,4423.7,4429.17,4414.84,4419.13,25187
1766415600,4419.16,4435.66,4412.11,4431.75,26349
1766419200,4431.71,4442.1,4428.17,4438.74,23858
1766422800,4438.6,4442.07,4431.98,4438.44,20512
1766426400,4438.84,4438.84,4429.47,4435.16,19448
1766430000,4435.17,4435.98,4428.85,4433.5,16969
1766433600,4433.49,4439.35,4431.86,4438.75,18264
1766437200,4438.71,4449.01,4438.54,4443.68,12837
1766444400,4447.56,4461.76,4447.16,4460.24,18607
1766448000,4460.15,4470.65,4457.92,4470.4,18109
1766451600,4470.62,4490.77,4469.44,4486.66,25972
1766455200,4486.64,4497.91,4481.15,4493.43,23364
1766458800,4493.47,4496.47,4482.9,4486.85,21913
1766462400,4487.06,4488.45,4478.71,4482.59,18093
1766466000,4482.52,4485.59,4474.81,4475.13,22226
1766469600,4475.06,4481.43,4469.57,4481.35,21863
1766473200,4481.31,4489.59,4478.36,4486.54,18638
1766476800,4486.56,4493.32,4484.8,4490.02,19060
1766480400,4490.02,4491.16,4477.97,4480.34,18512
1766484000,4480.29,4487.66,4479.5,4484.19,17621
1766487600,4484.2,4494.34,4483.11,4493.6,16821
1766491200,4493.58,4493.74,4483.47,4486.45,18142
1766494800,4486.31,4497.35,4473.25,4479.23,26532
1766498400,4479.22,4479.63,4441.51,4446.55,28869
1766502000,4446.08,4459.2,4430.48,4458.55,28892
1766505600,4458.57,4476.51,4455.73,4474.29,25755
1766509200,4474.28,4479.89,4469.66,4472.73,24821
1766512800,4472.73,4484.99,4472.72,4484.3,22647
1766516400,4484.04,4496.31,4484.04,4490.89,22218
1766520000,4490.82,4499.75,4489.53,4497.49,20961
1766523600,4497.53,4498.86,4483.32,4484.74,13299
1766530800,4486.01,4510.23,4486.01,4503.26,19029
1766534400,4503.41,4518.25,4500.78,4511.87,23511
1766538000,4511.65,4525.76,4506.86,4518.67,26739
1766541600,4518.67,4519.32,4474.85,4477.26,25661
1766545200,4478.39,4498.33,4470.81,4493.17,25266
1766548800,4493.22,4501.51,4491.1,4499.33,20126
1766552400,4499.19,4500.6,4485.39,4488.33,23967
1766556000,4488.36,4498.19,4485.28,4493.63,23997
1766559600,4493.99,4495.06,4483.32,4483.79,19896
1766563200,4483.75,4492.83,4478.05,4482.21,23337
1766566800,4483.15,4495.91,4482.13,4494.83,19949
1766570400,4494.81,4499.9,4482.26,4489.34,17589
1766574000,4489.35,4491.94,4482.84,4491.52,18015
1766577600,4491.34,4496.09,4489.85,4490.71,19265
1766581200,4490.91,4493.38,4474.46,4487.98,25703
1766584800,4488.02,4489.57,4460.33,4465,27250
1766588400,4464.69,4476.63,4448.1,4458.47,28633
1766592000,4458.49,4478.26,4456.08,4476.94,24996
1766595600,4476.87,4487.76,4475.5,4480.57,23875
1766599200,4480.62,4482.49,4477.3,4479.37,11823
1766703600,4498.82,4504.9,4479.87,4494.92,20116
1766707200,4494.88,4518.02,4492.37,4517.6,21589
1766710800,4517.65,4531.15,4497.43,4503.91,27801
1766714400,4503.89,4509.98,4492.25,4508.8,25844
1766718000,4508.81,4513.39,4497.45,4501.77,23901
1766721600,4501.68,4511.63,4500.54,4508.94,17913
1766725200,4508.95,4514.82,4505.91,4510.1,21073
1766728800,4509.99,4519.54,4507.84,4511.82,23739
1766732400,4511.8,4515.76,4507.21,4511.12,18675
1766736000,4511.16,4519.43,4509.54,4518.63,18854
1766739600,4518.75,4520.51,4511.95,4512.67,16841
1766743200,4512.65,4523.71,4511.19,4514.59,19689
1766746800,4514.59,4515.26,4502.88,4509.74,21458
1766750400,4509.7,4514.82,4506.64,4508.66,18365
1766754000,4508.72,4528.34,4503.82,4525.14,26089
1766757600,4525.1,4533.46,4513.11,4521.16,27917
1766761200,4521.21,4547.26,4519.45,4546.44,27927
1766764800,4546.63,4549.86,4531.3,4536.18,27431
1766768400,4536.26,4537.59,4509.79,4519.12,27246
1766772000,4518.78,4532.7,4514.76,4531.08,24347
1766775600,4531.14,4535.75,4520.14,4523.83,22577
1766779200,4523.84,4535.63,4521.78,4531.27,25155
1766782800,4531.14,4534.62,4526.9,4531.68,15453
1766962800,4548.84,4549.09,4523.12,4527.02,25719
1766966400,4527.34,4527.9,4472.25,4497.27,27483
1766970000,4497.28,4517.49,4492.14,4497.35,27985
1766973600,4497.22,4515.85,4496.35,4512.51,25053
1766977200,4512.39,4520.04,4509.43,4516.6,22911
1766980800,4516.52,4519.64,4507.94,4515.75,18931
1766984400,4515.59,4519.36,4505.36,4506.42,21639
1766988000,4506.6,4510.61,4471.05,4475.05,27374
1766991600,4474.92,4481.72,4444.99,4474.51,25718
1766995200,4474.42,4488.62,4452.52,4461.08,25767
1766998800,4460.96,4476.08,4459.14,4472.13,23610
1767002400,4472.08,4474.69,4457.03,4460.88,21480
1767006000,4460.88,4467.74,4434.43,4446.83,22688
1767009600,4446.83,4464.74,4445.68,4464.45,22848
1767013200,4464.43,4467.55,4406.85,4421.69,28703
1767016800,4421.62,4421.62,4356.63,4360.33,29778
1767020400,4360.28,4360.66,4302.49,4325.35,29449
1767024000,4325.3,4347.59,4323.32,4341.8,27344
1767027600,4342.24,4343.2,4314.75,4328.21,27279
1767031200,4328.25,4334.44,4322.95,4331.35,26109
1767034800,4331.57,4338.08,4327.75,4336.9,20637
1767038400,4336.94,4344.46,4325.94,4334.68,22750
1767042000,4334.57,4339.32,4327.46,4331.77,14214
1767049200,4336.51,4347.29,4323.23,4345.64,17651
1767052800,4346.01,4350.97,4334.53,4339.75,21353
1767056400,4339.75,4360.22,4324.45,4360.22,26564
1767060000,4360.21,4364.9,4348.82,4362.5,24530
1767063600,4362.64,4369.22,4356.15,4359.21,21811
1767067200,4359.18,4369.67,4357.45,4363.43,15138
1767070800,4363.65,4380.15,4358.72,4377.83,22715
1767074400,4377.62,4378.61,4359.77,4364.73,24861
1767078000,4364.66,4383.12,4359.23,4372.3,23510
1767081600,4372.3,4373.87,4349.89,4365.08,22568
1767085200,4365.09,4376.38,4364.12,4371.98,20973
1767088800,4372.01,4391.56,4367.65,4384.83,20861
1767092400,4384.97,4390.29,4381.26,4384.17,19719
1767096000,4384.26,4402.9,4383.53,4401.14,23647
1767099600,4401.22,4404.26,4376.2,4388.41,27579
1767103200,4388.41,4392.14,4355.7,4366.49,27936
1767106800,4365.88,4377.37,4359.18,4365.17,28166
1767110400,4365.18,4379.86,4354.55,4377.72,25963
1767114000,4377.77,4381.85,4364.25,4370.17,24200
1767117600,4369.79,4378.74,4362.5,4364.84,22329
1767121200,4364.72,4368.12,4337.7,4348.56,21458
1767124800,4348.66,4355.55,4337.71,4341.42,24027
1767128400,4341.72,4350.56,4334.74,4338.48,15404
1767135600,4342.55,4346.4,4328.94,4339.03,19382
1767139200,4339.03,4346.81,4332.82,4342.43,19317
1767142800,4342.47,4373.42,4336.7,4366.04,26178
1767146400,4366.14,4371.36,4346.81,4348.84,26521
1767150000,4348.96,4359.85,4341.01,4348.57,26032
1767153600,4348.54,4351.35,4330.76,4333.08,21027
1767157200,4333.18,4343.06,4276.22,4285.83,25703
1767160800,4285.89,4329.09,4273.96,4327.84,26481
1767164400,4328.09,4334.94,4323.69,4331.22,20574
1767168000,4331.14,4332.9,4303.52,4307.43,20659
1767171600,4307.49,4337.16,4307.16,4325.81,22150
1767175200,4325.84,4331.51,4303.33,4306.43,19995
1767178800,4306.31,4316.16,4303.98,4310.91,19026
1767182400,4310.8,4318.17,4302.97,4313.76,19976
1767186000,4313.86,4348.44,4307.88,4345.96,24410
1767189600,4346.01,4353.4,4332.74,4346.15,27502
1767193200,4346.1,4346.46,4327.06,4337.44,27185
1767196800,4337.5,4339.87,4317.21,4323.09,25858
1767200400,4323.17,4329.68,4318.24,4321.97,22889
1767204000,4322.04,4331.55,4315.78,4319.78,22234
1767207600,4319.87,4322.95,4307.75,4311.63,19170
1767308400,4328.78,4351.52,4324.4,4348.35,17708
1767312000,4348.88,4356.05,4341.53,4354.02,17749
1767315600,4354.01,4356.16,4344.52,4348.1,23135
1767319200,4348.14,4363.08,4344.97,4362.99,21267
1767322800,4363.04,4375.54,4362.04,4375.2,20434
1767326400,4375.19,4378.43,4371.14,4373.12,18186
1767330000,4373.26,4381.74,4371.02,4380.64,17118
1767333600,4380.64,4381.08,4373.25,4374.58,18188
1767337200,4374.7,4383.43,4371.95,4382.91,20694
1767340800,4382.68,4397.27,4380.92,4387.04,20186
1767344400,4386.97,4391.64,4383.19,4385.39,17713
1767348000,4385.39,4398.61,4384.58,4396,18012
1767351600,4396.01,4399.38,4390.61,4393.08,16761
1767355200,4393.08,4398.26,4385.14,4394.47,19363
1767358800,4394.59,4402.33,4361.74,4366,24895
1767362400,4365.32,4373.71,4348.15,4353.5,26383
1767366000,4352.93,4356.9,4330.41,4335.32,28201
1767369600,4335.29,4337.4,4314.87,4326.6,27746
1767373200,4325.68,4333.77,4322.59,4323.12,24890
1767376800,4322.47,4323.72,4309.72,4315.12,24500
1767380400,4315.68,4326.23,4315.68,4318.21,23056
1767384000,4318.23,4331.58,4316.99,4331.4,20059
1767387600,4331.36,4333.35,4327.02,4332.7,9645
1767567600,4353.22,4375.93,4345.29,4372.47,21419
1767571200,4372.46,4396.5,4370.17,4395.01,21926
1767574800,4395.07,4420.67,4391.45,4401.97,28410
1767578400,4402.1,4409.74,4388.47,4405.55,24950
1767582000,4405.49,4414.1,4399.73,4399.95,23043
1767585600,4399.99,4408.34,4397.25,4404.39,17784
1767589200,4404.1,4414.56,4400.86,4412.45,21519
1767592800,4412.22,4426.39,4411.18,4420.14,24131
1767596400,4420.17,4425.1,4416.55,4421.79,21037
1767600000,4421.55,4433.75,4419.43,4430.19,20983
1767603600,4430.11,4438.08,4426.23,4434.95,20321
1767607200,4434.97,4439.8,4430.74,4436.17,18747
1767610800,4436.13,4437.17,4410.88,4419.36,22758
1767614400,4419.29,4421.47,4405.42,4409.9,22423
1767618000,4409.76,4418.85,4396.27,4416.8,27112
1767621600,4416.89,4442.98,4416.89,4436.61,28190
1767625200,4437.48,4455.78,4435.61,4448.76,28258
1767628800,4448.71,4454.48,4438.37,4441.8,24644
1767632400,4441.82,4449.17,4432.42,4443.46,24309
1767636000,4444.11,4448.67,4439.69,4447.68,20823
1767639600,4448.44,4449.46,4435.18,4439.85,21769
1767643200,4439.84,4447.05,4438.06,4444.99,21024
1767646800,4444.95,4449.31,4443.43,4448.98,10972
1767654000,4451.02,4460.08,4436.57,4440.72,15210
1767657600,4440.68,4444.84,4430.32,4436.29,20020
1767661200,4436.72,4452.26,4427.65,4450.52,25659
1767664800,4450.45,4460.99,4448.43,4454.93,24451
1767668400,4454.9,4468.18,4454.09,4467.77,20471
1767672000,4467.73,4468.68,4461.62,4467.48,15145
1767675600,4467.23,4474.01,4449.39,4452.02,22128
1767679200,4452.53,4467.14,4451.48,4465.65,24571
1767682800,4465.64,4470.53,4457.32,4459.31,19955
1767686400,4458.76,4475.84,4457.31,4468.31,21702
1767690000,4468.5,4468.65,4444.66,4446.2,22015
1767693600,4446.21,4455.94,4442.38,4451.68,19270
1767697200,4451.66,4464.66,4448.7,4463.18,19101
1767700800,4463.23,4465.99,4458.8,4463.72,19649
1767704400,4463.55,4470.33,4453.97,4467.91,26421
1767708000,4468.13,4489.81,4464.46,4486.97,27249
1767711600,4486.98,4490.87,4462.8,4478.49,28407
1767715200,4478.33,4488.98,4471.69,4488.28,25458
1767718800,4488.6,4491.33,4481.71,4489.31,22888
1767722400,4489.21,4494.19,4482.18,4488.49,23039
1767726000,4488.49,4489.35,4477.15,4481.42,22061
1767729600,4481.38,4497.12,4480.31,4493.7,20926
1767733200,4493.68,4497.26,4491.81,4494.79,11407
1767740400,4496.24,4500.68,4491.94,4493.37,16610
1767744000,4493.8,4494.89,4482.41,4492.2,19490
1767747600,4492.1,4495.56,4461.01,4465.59,27533
1767751200,4465.57,4478.69,4459.5,4474.84,23522
1767754800,4474.71,4480.37,4471.78,4474.73,20260
1767758400,4474.59,4476.22,4463.56,4464.78,19445
1767762000,4464.77,4470.45,4443.23,4454.26,23817
1767765600,4454.27,4460.39,4441.15,4444.29,24729
1767769200,4444.3,4464.88,4441.58,4461.09,20772
1767772800,4460.97,4474.69,4459.17,4468.34,18952
1767776400,4467.69,4468.71,4459.39,4463.52,18669
1767780000,4463.12,4467.83,4458.61,4464.39,16732
1767783600,4464.48,4464.97,4446.54,4447.54,19388
1767787200,4447.51,4455.21,4439.1,4445.03,23094
1767790800,4445.03,4452.99,4427.57,4452.8,27786
1767794400,4452.52,4454.3,4435.58,4445.48,27750
1767798000,4442.54,4452.14,4423.17,4446.23,27662
1767801600,4446.04,4468.4,4443.8,4464.28,25297
1767805200,4464.28,4465.47,4449.75,4451.94,22455
1767808800,4451.79,4458.87,4447.17,4452.17,22615
1767812400,4452.18,4458,4445.27,4456.85,20294
1767816000,4456.84,4461.55,4450.58,4451.99,22806
1767819600,4452.14,4456.6,4449.72,4456.51,10823
1767826800,4459.46,4464.01,4458.42,4463.55,13488
1767830400,4463.54,4466.47,4446.87,4450.19,18829
1767834000,4449.98,4460.44,4441.66,4448.32,25776
1767837600,4448.34,4449.7,4433.31,4441.23,23027
1767841200,4441.19,4446.55,4437.23,4440.36,19010
1767844800,4440.39,4440.52,4430.19,4431.51,17018
1767848400,4431.4,4432.38,4415.56,4425.67,25458
1767852000,4425.52,4437.86,4415.85,4433.4,26049
1767855600,4433.39,4439.75,4428.34,4430.98,21256
1767859200,4430.92,4433.13,4419.78,4431.61,22533
1767862800,4431.61,4435.5,4426,4432.59,19836
1767866400,4432.52,4434.68,4422.95,4433.29,19416
1767870000,4433.3,4433.3,4422.28,4422.92,18435
1767873600,4422.94,4431.28,4407.47,4427.64,23749
1767877200,4427.8,4436.14,4417.21,4423.69,26815
1767880800,4423.83,4439.14,4418.98,4433.19,28039
1767884400,4432.54,4456.33,4427.88,4454.08,28145
1767888000,4454.21,4464.54,4446.84,4463.2,25460
1767891600,4463.19,4465.27,4457.49,4463.38,21562
1767895200,4463.16,4463.16,4447.93,4449.65,22852
1767898800,4449.65,4452.94,4444.71,4452.21,19464
1767902400,4452.22,4478.16,4451.38,4476.03,22528
1767906000,4475.99,4479.45,4472.66,4477.36,12958
1767913200,4482.65,4483.99,4472.78,4475.59,16515
1767916800,4475.58,4476.7,4459.87,4462.35,17963
1767920400,4463.52,4470,4452.67,4468.93,25989
1767924000,4468.85,4476.42,4465.75,4469.42,21284
1767927600,4469.43,4470.05,4460.42,4464.12,19254
1767931200,4464.11,4467,4460.73,4464.81,16385
1767934800,4464.7,4471.76,4458.22,4468.17,20218
1767938400,4468.18,4477.39,4466.05,4474.07,21322
1767942000,4474.09,4475.48,4468.64,4470.17,17091
1767945600,4470.39,4476.81,4463.84,4468.44,18735
1767949200,4468.38,4477.65,4468.29,4471.11,18708
1767952800,4471.04,4474.13,4467.22,4472.68,15914
1767956400,4472.77,4476.28,4468.84,4475.41,17239
1767960000,4475.42,4480.29,4460.94,4465.93,20381
1767963600,4466.01,4491.91,4458.12,4482.81,27600
1767967200,4482.91,4498.06,4479.39,4494.56,28693
1767970800,4494.69,4517.2,4490.29,4512.23,28310
1767974400,4512.97,4514.18,4499.77,4506.52,25308
1767978000,4506.36,4511.59,4481.98,4484.75,24734
1767981600,4483.76,4504.47,4483.21,4496.2,23257
1767985200,4496.22,4501.97,4492.75,4499.33,18261
1767988800,4499.23,4510.04,4497.82,4507.47,19960
1767992400,4507.45,4511.11,4504.98,4510.04,11191
1768172400,4521.41,4544.88,4512.67,4540.03,22334
1768176000,4540.16,4600.77,4536.11,4588.91,26224
1768179600,4589.1,4594.79,4570.55,4570.63,28365
1768183200,4570.25,4582.19,4561.88,4577.45,26177
1768186800,4577.37,4581.46,4567.85,4570.67,21217
1768190400,4570.71,4572.21,4563.26,4568.53,19466
1768194000,4568.55,4585.06,4566.13,4580.97,22120
1768197600,4580.96,4581.07,4569.87,4578.62,22297
1768201200,4578.88,4589.57,4574.49,4587.66,21178
1768204800,4587.76,4598.28,4579.58,4596.93,21648
1768208400,4596.94,4599.35,4587.71,4589.23,21078
1768212000,4589.22,4595.45,4586,4594.17,18398
1768215600,4594.14,4594.92,4581.62,4585.15,19518
1768219200,4584.96,4590.7,4578.33,4590.54,21433
1768222800,4590.56,4620.08,4588.6,4615.87,26407
1768226400,4615.86,4617.21,4584.89,4602.25,29101
1768230000,4602.06,4627.58,4602.06,4621.28,27203
1768233600,4620.82,4630.01,4607.73,4616.86,23706
1768237200,4616.88,4620.5,4610.59,4616.31,21636
1768240800,4616.35,4618.54,4600.52,4610.77,21610
1768244400,4610.9,4618.83,4608.69,4611.21,18772
1768248000,4611.25,4611.67,4591.44,4593.6,22604
1768251600,4593.53,4597.83,4589.07,4597.54,13092
1768258800,4607.78,4607.78,4578.02,4599.12,19372
1768262400,4599.24,4599.39,4584.35,4587.38,17911
1768266000,4587.51,4595.71,4575.48,4577.69,25373
1768269600,4577.78,4595.12,4576.48,4594.16,21876
1768273200,4594.01,4599.68,4592.48,4594.11,18021
1768276800,4594.25,4599.93,4594.02,4596.56,14503
1768280400,4596.33,4602.03,4585.88,4592.11,19228
1768284000,4592.06,4592.43,4573.59,4581.35,23446
1768287600,4581.64,4587.16,4577.4,4580.64,18072
1768291200,4580.32,4596.95,4579.5,4592.71,19341
1768294800,4592.67,4595.72,4585.68,4586.2,16740
1768298400,4586.24,4588.36,4580.33,4586.18,17469
1768302000,4586.22,4592.12,4582.17,4588.5,16563
1768305600,4588.53,4595.21,4577.83,4593.1,17621
1768309200,4593.11,4620.9,4590.7,4611.44,26556
1768312800,4611.41,4634.65,4608.97,4630.01,27135
1768316400,4629.77,4630.33,4600.93,4619.25,27427
1768320000,4619.09,4620.84,4592.87,4613.56,24030
1768323600,4613.49,4616.01,4586.8,4590.51,22864
1768327200,4590.43,4602,4581.17,4594.21,24733
1768330800,4594.35,4598.86,4584.15,4597.47,22661
1768334400,4597.46,4597.82,4569.65,4585.92,22128
1768338000,4586.34,4589.84,4582.75,4586.62,12368
1768345200,4591.56,4598.91,4589.32,4596.9,15867
1768348800,4597.55,4610.75,4597.26,4609.03,18235
1768352400,4609.27,4620.03,4606.34,4619.25,22895
1768356000,4619.26,4623.76,4614.23,4620.49,20484
1768359600,4620.52,4629.84,4613.43,4628.24,20171
1768363200,4628.26,4630.48,4625.19,4629.18,17438
1768366800,4629.57,4639.61,4617.96,4619.85,22486
1768370400,4619.88,4637.31,4618.39,4637.31,24347
1768374000,4637.41,4639.68,4631.47,4632.56,18129
1768377600,4632.55,4637.98,4621.83,4634.93,21533
1768381200,4634.82,4639.63,4627.04,4630.43,19647
1768384800,4630.47,4638.08,4627.86,4633.1,17687
1768388400,4633.05,4637.48,4625.96,4630.23,18418
1768392000,4630.22,4641.7,4630.09,4638.87,19644
1768395600,4638.72,4641.63,4624.11,4635.76,25404
1768399200,4635.94,4638.93,4606.9,4617.76,26085
1768402800,4617.08,4626.38,4599.21,4617.97,27106
1768406400,4618.93,4624.88,4608.45,4616.97,25428
1768410000,4617,4619,4601.34,4614.26,24869
1768413600,4614.39,4637.29,4612.71,4634.89,23593
1768417200,4635.11,4642.9,4633.48,4639.31,22970
1768420800,4639.36,4641.7,4625.99,4632.57,24461
1768424400,4632.57,4633.02,4617.83,4626.4,15440
1768431600,4631.75,4632.45,4602.86,4615.35,22107
1768435200,4615.35,4618.1,4610.06,4615.2,17934
1768438800,4615.2,4617.42,4583.78,4600.07,26750
1768442400,4600.12,4614.8,4595.43,4602.86,24180
1768446000,4602.9,4604.34,4581.19,4592.31,24284
1768449600,4592.12,4597.56,4586.84,4592.3,19024
1768453200,4592.13,4599.01,4581.02,4595.07,22293
1768456800,4595.06,4611.94,4593.59,4610.02,23483
1768460400,4610.27,4613.63,4599.11,4601.64,18686
1768464000,4601.37,4607.04,4597.76,4604.3,19838
1768467600,4604.27,4612.98,4600.61,4612.47,18610
1768471200,4612.63,4620.34,4609.23,4619.76,19240
1768474800,4619.78,4623.11,4615.43,4619.11,18670
1768478400,4619.06,4620.85,4611.48,4613.8,18165
1768482000,4613.79,4616.18,4582.48,4588.26,26695
1768485600,4588.37,4615.23,4583.37,4611.12,26915
1768489200,4611.06,4617.98,4603.81,4615.55,25869
1768492800,4615.37,4624.55,4601.3,4605.51,25345
1768496400,4605.54,4616.79,4605.53,4616.61,20651
1768500000,4616.61,4621.23,4613.53,4617.46,20456
1768503600,4617.42,4621.54,4612.75,4615.76,18848
1768507200,4615.7,4616.12,4600.84,4605.74,22092
1768510800,4605.71,4616.29,4604.54,4615.6,11577
1768518000,4617.52,4620.82,4606.34,4610.22,17924
1768521600,4610.17,4611.41,4598.28,4599.97,18022
1768525200,4599.66,4608.59,4593.71,4600.61,24259
1768528800,4600.57,4604.22,4591.43,4594.88,23408
1768532400,4594.89,4599.9,4592.74,4596.47,18822
1768536000,4596.44,4601.92,4595.98,4601.04,14320
1768539600,4601.05,4615.95,4595.3,4611.63,19610
1768543200,4611.62,4612.35,4594,4598.32,22767
1768546800,4598.16,4611.99,4597.01,4607.67,20163
1768550400,4607.06,4610.59,4601.38,4603.3,17748
1768554000,4602.68,4608.4,4599.05,4600.78,16453
1768557600,4600.68,4611.12,4599.73,4600.03,16211
1768561200,4600.31,4615.98,4598.46,4612.6,17972
1768564800,4612.68,4613.03,4597.45,4601.75,18867
1768568400,4601.77,4605.32,4582.42,4601.75,26165
1768572000,4601.83,4614.58,4596.04,4607.77,25807
1768575600,4607.69,4620.26,4536.56,4571.29,28482
1768579200,4571.13,4599.04,4567.72,4591.12,27151
1768582800,4591.22,4593.18,4576.85,4581.51,23127
1768586400,4581.22,4596.17,4580.04,4582.7,22430
1768590000,4582.67,4592.47,4580.81,4590.6,20703
1768593600,4590.56,4595.94,4580.82,4582.01,20254
1768597200,4582.14,4598.13,4582.1,4595.4,12142
1768777200,4633.93,4690.66,4629.29,4672.56,26633
1768780800,4672.53,4681.99,4661.34,4675.18,22331
1768784400,4675.39,4678.41,4656.06,4657.36,25955
1768788000,4657.29,4664.92,4653.21,4662.6,21582
1768791600,4662.53,4669.79,4662.53,4666.55,7641
1768795200,4658.55,4665.82,4658.11,4663.08,15006
1768798800,4663.07,4674.32,4662.95,4669.96,17242
1768802400,4669.95,4678.93,4666.8,4677.86,18116
1768806000,4677.85,4678.52,4661.87,4665.22,18046
1768809600,4665.14,4673.78,4661.84,4663.76,18155
1768813200,4663.75,4672.78,4662.18,4668.47,16689
1768816800,4668.33,4671.07,4661.15,4663.82,15061
1768820400,4663.85,4667.6,4659.69,4660.77,16187
1768824000,4660.74,4673.54,4660.15,4672.03,17376
1768827600,4672.08,4673.65,4664.31,4666.23,18861
1768831200,4666.17,4670.31,4661.72,4666.48,18633
1768834800,4666.5,4676.11,4664.45,4674.21,18506
1768838400,4674.32,4675.65,4670.45,4672.28,15148
1768842000,4672.3,4678.7,4669.13,4676.35,14361
1768845600,4676.31,4680.29,4673.93,4676.77,12853
1768849200,4676.79,4676.87,4667.18,4670.95,7272
1768863600,4675.1,4676.96,4664.35,4665.48,13499
1768867200,4665.42,4668.07,4659.46,4660.61,14871
1768870800,4660.52,4675.94,4659.88,4669.56,21950
1768874400,4669.55,4674.82,4665.47,4668.61,20009
1768878000,4668.8,4681.46,4665.97,4680.23,18556
1768881600,4680.2,4697.07,4679.48,4695.14,19125
1768885200,4695.17,4716.45,4694.44,4714.37,22201
1768888800,4714.42,4717.12,4705.56,4712.59,23024
1768892400,4712.56,4722.82,4711.69,4715.91,19745
1768896000,4716.23,4731.57,4714.92,4729.47,21261
1768899600,4729.45,4737.47,4721.41,4732.36,20907
1768903200,4732.35,4734.89,4723.04,4726.64,18781
1768906800,4726.7,4735.08,4721.67,4733.15,17230
1768910400,4732.08,4732.58,4724.08,4727.77,19017
1768914000,4727.53,4738.27,4715.37,4737.23,25348
1768917600,4737.12,4750.57,4728.34,4741,27709
1768921200,4740.49,4748.29,4722.52,4737.46,27252
1768924800,4737.46,4757.73,4729.07,4753.51,24622
1768928400,4752.53,4762.51,4746.18,4759.27,22356
1768932000,4759.28,4766.31,4752.83,4759.47,22014
1768935600,4759.47,4766.25,4756.52,4760.72,19990
1768939200,4760.68,4761.32,4747.44,4756.78,21134
1768942800,4756.94,4763.83,4756.37,4763.55,11682
1768950000,4760.68,4781.17,4757.71,4775.78,16430
1768953600,4775.78,4787.52,4770.69,4784.53,18129
1768957200,4784.47,4844.14,4783.35,4835.22,26578
1768960800,4835.11,4842.11,4817.3,4836.72,23011
1768964400,4836.67,4849.65,4827.14,4845.06,21840
1768968000,4845.04,4870.87,4837.78,4865.96,20919
1768971600,4866,4878.27,4858.91,4869.77,22619
1768975200,4870.03,4888.52,4845.46,4847.61,24832
1768978800,4847.57,4857.3,4832.34,4855.32,23327
1768982400,4855.27,4869.64,4851.5,4854.53,20752
1768986000,4854.62,4877.09,4852.41,4860.47,20538
1768989600,4860.41,4866.81,4859.54,4861.98,18565
1768993200,4862.12,4871.49,4855.04,4866.75,17461
1768996800,4866.73,4870.7,4855.69,4865.14,19355
1769000400,4865.45,4880.37,4858.48,4879.52,23387
1769004000,4879.52,4881.01,4839.66,4852.08,27681
1769007600,4852.14,4868.69,4812.84,4847.77,27567
1769011200,4848.36,4855.75,4819.67,4833.28,26483
1769014800,4833.38,4834.17,4802.47,4826.24,26460
1769018400,4825.81,4850.65,4819.83,4850.27,24079
1769022000,4850.44,4853.94,4755.55,4781.37,26083
1769025600,4781.12,4827.79,4772.21,4826.73,26774
1769029200,4826.52,4839.78,4813.15,4831.25,17709
1769036400,4832,4833.05,4777.5,4778.52,21243
1769040000,4778.28,4798.85,4778.16,4797.98,20320
1769043600,4797.51,4809.74,4772.49,4797.77,24847
1769047200,4797.41,4798.39,4774.52,4789.21,22854
1769050800,4789.19,4796.81,4784.18,4796.71,19887
1769054400,4796.68,4800.4,4793.76,4797.51,15945
1769058000,4797.13,4821.73,4793.54,4821.16,19166
1769061600,4821.17,4829.12,4816.47,4826.41,21289
1769065200,4826.87,4838.58,4825.6,4832.75,18072
1769068800,4832.68,4835.65,4822.15,4830.74,18777
1769072400,4830.72,4837.99,4813.94,4823.03,19168
1769076000,4823.04,4831.85,4819.3,4828.91,17153
1769079600,4828.91,4836.41,4824.38,4831.26,17346
1769083200,4831.18,4832.64,4818.74,4819.73,18010
1769086800,4819.93,4835.34,4810.55,4822.5,23469
1769090400,4822.41,4847.86,4820.37,4835.02,23392
1769094000,4835.05,4873.81,4827.21,4871.76,25843
1769097600,4871.59,4885.32,4868.1,4877.88,24156
1769101200,4877.88,4906.24,4869.9,4904.63,23984
1769104800,4904.61,4919.51,4901.34,4916.14,22430
1769108400,4916.1,4924.41,4905.86,4911.82,20380
1769112000,4911.92,4928.49,4911.44,4917.13,21112
1769115600,4916.97,4940.83,4914.62,4936.3,14248
1769122800,4944.43,4960.55,4930.66,4958.79,19821
1769126400,4958.8,4965.8,4947.36,4965.13,18071
1769130000,4965.21,4967.26,4936.5,4953.67,24705
1769133600,4953.41,4962.22,4946.81,4955.65,18642
1769137200,4955.63,4959.03,4938.2,4952.06,19014
1769140800,4952.03,4958.45,4950.08,4956.31,12935
1769144400,4956.21,4967.29,4954.33,4960.64,15865
1769148000,4960.65,4962.99,4945.65,4953.73,20923
1769151600,4953.74,4959.65,4943.18,4944.5,19377
1769155200,4943.5,4947.61,4901.22,4913.83,23119
1769158800,4912.92,4921.65,4899.76,4918.57,22000
1769162400,4918.55,4932.47,4915.62,4929.77,18545
1769166000,4929.75,4929.95,4912.11,4922.72,18004
1769169600,4922.96,4942.56,4918.33,4939.21,19702
1769173200,4939.37,4947.97,4923.51,4939.06,25244
1769176800,4939.09,4956.6,4932.71,4943.33,25080
1769180400,4943.13,4963.19,4938.17,4960.48,25889
1769184000,4960.48,4988.24,4959.11,4980.46,25530
1769187600,4980.6,4988.21,4962.08,4965.83,23352
1769191200,4966.08,4984.1,4958.46,4966.53,23564
1769194800,4966.75,4989.84,4966.75,4984.52,20960
1769198400,4984.51,4985.69,4970.64,4981.63,22500
1769202000,4981.11,4986.52,4978.09,4985.91,11039
1769382000,5008.85,5039.92,5003.58,5039.6,24643
1769385600,5039.65,5052.14,5030.47,5041.54,22380
1769389200,5041.59,5085.57,5028.91,5070.88,27333
1769392800,5070.94,5093.18,5066.8,5080.87,25501
1769396400,5080.88,5087.88,5069.85,5076.55,22688
1769400000,5076.63,5077.9,5058.17,5070.32,18626
1769403600,5070.29,5076.46,5052.36,5074.23,23518
1769407200,5074.23,5111.23,5065.37,5077.62,25288
1769410800,5078.11,5095.73,5073.7,5089.26,21149
1769414400,5088.66,5098.41,5080.12,5083.39,21364
1769418000,5083.34,5098.43,5075.23,5083.93,21381
1769421600,5084.03,5095,5078.51,5091.62,19152
1769425200,5091.62,5092.82,5078.26,5091.47,19290
1769428800,5091.46,5096.9,5077.15,5078.86,21526
1769432400,5079.21,5083.09,5054.83,5068.54,25931
1769436000,5068.59,5096.9,5058.32,5096.31,26334
1769439600,5096.38,5097.32,5073.98,5090.94,26930
1769443200,5091.01,5105.06,5065.23,5089.41,27098
1769446800,5089.45,5104.96,5080.88,5100.8,25971
1769450400,5101.03,5103.09,5058.11,5068.74,28233
1769454000,5069.18,5069.76,5008.32,5028.41,29562
1769457600,5028.54,5062.19,5026.21,5054.95,28399
1769461200,5055.17,5059.12,4989.92,5008.22,26027
1769468400,5022.86,5061.72,5018.78,5043.6,22190
1769472000,5043.56,5054.27,5013.76,5032.56,22918
1769475600,5032.57,5076.13,5018.87,5060.11,27583
1769479200,5060.05,5080.03,5049.52,5072.41,24208
1769482800,5072.58,5079.04,5060.38,5077.04,21718
1769486400,5076.3,5078.69,5061.64,5067.97,19671
1769490000,5067.78,5085.13,5057.04,5083.09,22552
1769493600,5083.07,5093.79,5076.32,5085.71,23030
1769497200,5085.76,5100.93,5081.25,5085.9,23297
1769500800,5085.91,5088.37,5073.26,5079.42,21474
1769504400,5079.43,5099.42,5077.96,5098.68,20559
1769508000,5098.29,5098.31,5081.77,5086.26,20139
1769511600,5086.25,5090.83,5067.3,5076.89,19287
1769515200,5076.95,5091.21,5073.38,5085.16,23623
1769518800,5085.1,5092.83,5069.42,5077.35,25966
1769522400,5077.36,5082.17,5046.67,5054.33,29258
1769526000,5052.36,5091.42,5047.89,5091.19,28341
1769529600,5090.93,5103.01,5083.25,5087.5,26663
1769533200,5088.21,5094.16,5076.74,5081.22,26154
1769536800,5081.48,5095.29,5076.17,5088.07,24430
1769540400,5088.06,5100.04,5080.96,5099.07,22018
1769544000,5098.93,5182.04,5098.08,5176.73,28641
1769547600,5177.03,5190.21,5169.2,5181.14,23714
1769554800,5172.51,5184.69,5159.01,5172.37,23860
1769558400,5172.52,5180.2,5157.15,5171.9,23313
1769562000,5172.32,5225.38,5168.72,5204.43,28943
1769565600,5204.6,5234.64,5201.61,5232.01,26946
1769569200,5231.85,5247.5,5224.55,5234.99,26671
1769572800,5234.77,5248.98,5232.13,5245.36,20899
1769576400,5245.38,5266.27,5241.35,5261.42,25106
1769580000,5261.41,5271.25,5251.95,5269.97,24744
1769583600,5270.27,5292.75,5262.7,5290.33,23882
1769587200,5290.3,5311.52,5280.72,5293.73,25161
1769590800,5293.73,5297.51,5262.91,5277.96,23334
1769594400,5277.97,5285.81,5269.19,5270.13,20575
1769598000,5270.59,5270.93,5238.64,5261.66,23611
1769601600,5261.99,5279.06,5251.65,5279.01,23420
1769605200,5279.04,5289.48,5256.81,5266.45,26521
1769608800,5266.38,5288.41,5248.46,5286.08,27079
1769612400,5285.77,5297.88,5236.54,5278.26,28617
1769616000,5278.41,5299.91,5274.65,5299.86,26985
1769619600,5299.86,5307.05,5282.96,5298.03,26521
1769623200,5298.22,5326.18,5268.67,5282.87,28140
1769626800,5282.94,5331.81,5269.59,5325.35,28729
1769630400,5325.25,5391.36,5321.4,5376.6,29205
1769634000,5377.29,5419.1,5377.29,5417.51,23266
1769641200,5422.61,5597.91,5422.61,5512.11,28933
1769644800,5513.19,5527.15,5453.85,5520.49,28643
1769648400,5520.64,5551.42,5444.91,5545.9,29833
1769652000,5545.86,5550.13,5503.8,5535.81,28550
1769655600,5535.4,5548.94,5508.2,5545.85,26469
1769659200,5545.72,5564.57,5533.37,5558.33,23675
1769662800,5557.66,5564.48,5515.99,5562.49,25874
1769666400,5562.44,5595.18,5554.69,5561.43,27910
1769670000,5561.51,5574.95,5536.93,5548.99,25655
1769673600,5549.05,5554.86,5474.36,5509.65,27666
1769677200,5510.13,5529.4,5498.02,5514.13,24800
1769680800,5514.16,5525.36,5482.39,5483.5,23507
1769684400,5483.82,5528.85,5470.75,5522.69,23820
1769688000,5522.71,5543.15,5518.4,5534.24,24667
1769691600,5534.57,5541.07,5500.33,5510.25,28255
1769695200,5510.41,5549.67,5491.03,5496.96,29686
1769698800,5495.74,5495.74,5098.65,5182.36,28813
1769702400,5182.62,5310.99,5172.07,5263.89,30168
1769706000,5264.26,5375.4,5264.26,5335.15,30526
1769709600,5335.1,5362.21,5308.38,5339.05,30030
1769713200,5339.07,5345.28,5290.36,5305.75,30051
1769716800,5305.81,5406.82,5282.83,5394.53,28810
1769720400,5394.01,5425.95,5369.35,5370.5,24135
1769727600,5400.04,5448.42,5388.11,5438.43,25025
1769731200,5438.73,5450.96,5389.68,5406.86,26665
1769734800,5407.11,5409.53,5290.61,5301.26,30184
1769738400,5300.89,5313.04,5112.49,5224.64,30583
1769742000,5224.53,5228.49,5150.82,5196.55,29283
1769745600,5196.28,5230.36,5193.17,5214.96,26657
1769749200,5213.22,5240.91,5179.51,5185.06,26938
1769752800,5184.73,5205.3,5145.17,5155.74,29463
1769756400,5156.2,5186.33,5117.98,5181.37,28095
1769760000,5179.89,5179.89,5057.55,5117.17,28575
1769763600,5116.86,5131.81,4942.52,5014.67,30071
1769767200,5013.8,5122.41,5000.48,5119.61,28492
1769770800,5119.19,5144.83,5089.16,5136.03,26670
1769774400,5136.04,5145.85,5055.39,5064.7,27892
1769778000,5065.32,5099.99,4992.35,5019.53,29972
1769781600,5019.87,5113.48,5014.73,5032.77,30116
1769785200,5031.72,5073.86,4980.74,5050.27,30272
1769788800,5050.66,5051.8,4944.01,4985.62,30186
1769792400,4984.78,4985.97,4800.92,4849.83,30686
1769796000,4849.56,4893.15,4681.35,4879.04,30490
1769799600,4879.41,4947.98,4834.03,4932.92,30220
1769803200,4932.96,4933.13,4809.6,4847.73,30324
1769806800,4847.84,4891.61,4831.47,4882.54,23635
1769986800,4781.13,4868.56,4698.45,4740.59,25493
1769990400,4741.3,4884.79,4740.87,4766.64,29929
1769994000,4766.72,4784.84,4584.1,4737.16,29963
1769997600,4736.93,4772.99,4697.8,4710.57,30023
1770001200,4710.84,4729.24,4630.34,4646.41,30082
1770004800,4646.53,4713.56,4603.48,4679.56,29448
1770008400,4679.14,4695.7,4497.93,4549.57,29777
1770012000,4549.78,4573.81,4402.72,4504.8,30052
1770015600,4504.68,4619.19,4488.49,4586.93,28502
1770019200,4587.06,4650.9,4562.52,4640.69,27553
1770022800,4640.71,4731.27,4603.44,4719.33,28348
1770026400,4718.54,4733.76,4657.08,4705.34,26733
1770030000,4705.37,4778.9,4703.44,4766,26761
1770033600,4765.98,4812.62,4743.26,4794.09,27761
1770037200,4794.38,4803.41,4669.44,4705.93,30173
1770040800,4705.97,4793.45,4679.86,4719.6,29914
1770044400,4719.5,4745.58,4617.32,4620.1,30042
1770048000,4620.04,4708.57,4596.79,4665.82,30071
1770051600,4665.84,4713.96,4656.43,4674.12,29132
1770055200,4673.78,4674,4618.87,4657.59,28404
1770058800,4657.53,4712.6,4631.16,4684.97,28316
1770062400,4684.95,4700.71,4647.55,4652.24,28552
1770066000,4653.01,4686.97,4643.66,4660.02,22168
1770073200,4677.34,4775.69,4677.32,4774.23,24292
1770076800,4774.22,4830.06,4765.87,4780.07,26118
1770080400,4779.71,4857,4766.15,4841.67,29809
1770084000,4841.27,4841.8,4745.52,4783.59,29093
1770087600,4783.64,4813.42,4751.75,4809.66,27197
1770091200,4809.01,4825.32,4801.08,4809.15,23303
1770094800,4809.56,4841.69,4809.26,4825.21,26094
1770098400,4824.99,4894.03,4816.57,4881.24,28210
1770102000,4881.04,4933.53,4871.77,4917.05,24723
1770105600,4917.59,4948.31,4898.28,4912.24,25039
1770109200,4912.83,4926.05,4884.68,4916.16,24392
1770112800,4916.43,4929.44,4901.52,4902.38,21409
1770116400,4902.33,4919.26,4883.91,4916.64,22910
1770120000,4916.96,4935.47,4892.19,4913.54,23615
1770123600,4913.63,4950.92,4902.41,4932.68,29107
1770127200,4933.04,4936.33,4893.83,4917.08,29388
1770130800,4917.06,4948.67,4904.48,4935.54,28597
1770134400,4935.52,4993.7,4930.06,4955.64,28433
1770138000,4955.35,4969.8,4907.84,4928.8,29795
1770141600,4928.1,4954,4885.18,4908.33,29170
1770145200,4908.42,4948.63,4880.71,4927.29,28370
1770148800,4926.98,4956.84,4902.82,4944.45,27248
1770152400,4942.71,4963.81,4933.67,4946.65,18235
1770159600,4962.55,4972.28,4910.15,4947.27,22564
1770163200,4946.75,5015.9,4946.49,5015.38,25230
1770166800,5016.3,5053.39,4984.63,5046.26,27899
1770170400,5046.25,5065.46,5035.31,5040.37,24314
1770174000,5040.22,5073.54,5036.23,5068.49,22053
1770177600,5068.35,5081.12,5056.16,5080.52,17450
1770181200,5080.49,5090.3,5069.05,5079.31,19892
1770184800,5079.36,5082.78,5051.05,5076.59,24537
1770188400,5076.6,5091.45,5061.96,5084.77,21691
1770192000,5084.76,5091.93,5068.66,5083.56,19236
1770195600,5083.06,5086.74,5042.92,5059.95,23158
1770199200,5059.84,5064.43,5041.76,5048.75,21113
1770202800,5048.76,5053.45,5013.49,5047.62,21826
1770206400,5047.61,5063.22,5036.95,5040.74,20117
1770210000,5040.7,5063.29,5023.17,5053.97,26937
1770213600,5053.96,5058.67,4967.02,4986.74,28276
1770217200,4986.31,5007.85,4887.53,4920.52,30141
1770220800,4920.23,4940.08,4853.42,4906.16,29454
1770224400,4904.01,4930.34,4888.25,4897.95,28861
1770228000,4897.84,4935.15,4872.73,4927.43,26308
1770231600,4927.53,4957.78,4914.66,4941.93,25421
1770235200,4941.45,4951.21,4914.69,4938.43,24566
1770238800,4938.34,4970.8,4937.64,4964.5,16866
1770246000,4980.35,5023.76,4968.08,5012.07,21090
1770249600,5011.75,5020.52,4996.97,5006.8,20783
1770253200,5008.21,5012.1,4935.95,4958.68,29330
1770256800,4958.71,4961.82,4804.72,4811.61,30108
1770260400,4811.97,4887.78,4789.21,4880.43,28939
1770264000,4880.5,4891.22,4863.31,4863.82,24701
1770267600,4863.58,4906.68,4826.69,4896.24,26646
1770271200,4896.33,4934.16,4878.28,4920.55,27334
1770274800,4920.47,4940.61,4895.79,4914.91,25654
1770278400,4915.02,4943.56,4901.77,4912.34,24430
1770282000,4912.39,4914.15,4849.39,4854.71,26559
1770285600,4854.72,4886.59,4848.07,4877.01,23780
1770289200,4877.12,4894.42,4864.24,4867.99,21530
1770292800,4867.2,4877.81,4810.65,4854.03,28177
1770296400,4853.97,4867.92,4802.3,4835.49,27979
1770300000,4835.28,4869.94,4805.94,4846.4,29470
1770303600,4845.65,4864.92,4800.28,4817.71,29736
1770307200,4817.3,4906.54,4812.51,4888.98,28692
1770310800,4888.81,4890.22,4859.04,4868.97,26877
1770314400,4869.13,4875.23,4851.11,4858.2,25635
1770318000,4858.18,4865.17,4823.44,4829.28,24354
1770321600,4830.06,4843.1,4792.85,4811.06,25324
1770325200,4810.51,4826.04,4759.82,4779.25,20671
1770332400,4761.51,4781.96,4703.47,4703.72,24271
1770336000,4703.5,4764.51,4654.86,4762.91,28842
1770339600,4762.88,4784.69,4693.53,4773.91,29805
1770343200,4773.94,4846.16,4761,4816.4,28614
1770346800,4816.51,4839.33,4801.1,4824.35,24728
1770350400,4824.32,4831.73,4806.96,4813.72,19309
1770354000,4814.57,4898.03,4807.63,4897.7,23678
1770357600,4897.69,4902.98,4825.55,4846.43,26690
1770361200,4846.24,4861.77,4838.42,4841.01,21065
1770364800,4840.93,4882.33,4829.37,4861.87,22129
1770368400,4860.76,4872.64,4839.04,4866.73,20423
1770372000,4866.71,4879.89,4851.63,4878.46,18425
1770375600,4878.14,4895.68,4863.77,4886.95,19132
1770379200,4886.53,4903.42,4871.83,4900.33,20376
1770382800,4901.32,4938.47,4896.98,4928.97,26220
1770386400,4929.18,4949.57,4894.34,4948.32,26476
1770390000,4947.65,4964.62,4928.28,4943.66,27764
1770393600,4943.75,4953.36,4921.54,4951.4,25617
1770397200,4951.65,4968.63,4948.17,4960.68,21629
1770400800,4960.67,4971.43,4943.72,4962.35,19974
1770404400,4962.62,4963.3,4948.52,4957.27,16069
1770408000,4957.29,4958.84,4936.52,4953.45,19991
1770411600,4953.35,4964.17,4946.38,4960.75,10399
1770591600,4990.56,5046.89,4964.97,5036.24,22504
1770595200,5036.23,5044.8,5012.03,5019.92,21575
1770598800,5019.9,5041.99,4976.02,4982.41,26317
1770602400,4982.4,5017.48,4969.13,5007.15,22421
1770606000,5006.68,5031.26,5005.47,5016.13,20961
1770609600,5016.23,5024.87,5007.51,5012.1,17236
1770613200,5011.86,5041.33,5011.14,5037.1,20059
1770616800,5036.61,5045.39,5013.85,5031.36,24130
1770620400,5031.35,5031.35,4997.66,5006.31,20955
1770624000,5006.24,5035.45,5002.71,5027.33,19117
1770627600,5027.39,5040.81,5002.61,5007.73,18056
1770631200,5007.74,5015.36,4982.1,4990.98,21001
1770634800,4990.96,5017.36,4988.53,5010.61,17554
1770638400,5010.58,5021.2,5007.2,5013.14,17502
1770642000,5013.62,5024.5,4994.9,5007.12,23998
1770645600,5007.11,5040.55,5002.38,5038.07,24854
1770649200,5037.56,5060.38,5023.73,5058.71,24549
1770652800,5058.72,5080.46,5056.9,5073.46,22980
1770656400,5073.9,5075.58,5040.69,5046.27,21314
1770660000,5046.26,5063.99,5044.02,5062.86,20838
1770663600,5062.83,5080.11,5062.43,5074.61,18719
1770667200,5074.67,5086.28,5072.08,5079.48,21444
1770670800,5079.63,5083.08,5048.59,5058.18,13594
1770678000,5067.96,5075.61,4987.25,5031.78,23237
1770681600,5031.77,5048.34,5008.77,5018.84,21108
1770685200,5018.69,5037.64,5012.35,5032.97,26253
1770688800,5033.23,5056.34,5031.69,5038.25,23150
1770692400,5038.12,5038.12,5016.59,5030.1,21418
1770696000,5030.03,5033.96,5017.36,5031.65,16711
1770699600,5031.65,5040.45,5011.12,5039.65,19941
1770703200,5039.54,5045.48,5019.23,5024.66,22240
1770706800,5024.6,5035.98,5018.67,5033.8,18040
1770710400,5033.14,5055.05,5028.8,5041.79,19396
1770714000,5041.77,5063.29,5040.61,5046.57,17830
1770717600,5046.59,5058.23,5036.92,5046.94,17233
1770721200,5046.88,5057.39,5044.3,5056.16,14954
1770724800,5056.17,5057.19,5019.54,5032.15,19321
1770728400,5032.26,5058.4,5026.84,5051.01,22426
1770732000,5051.51,5078.54,5020.69,5039.65,24741
1770735600,5037.96,5047.81,4999.04,5019.63,25813
1770739200,5019.63,5026.63,5005.51,5023.69,24147
1770742800,5023.71,5040.14,5020.74,5026.35,19557
1770746400,5025.6,5027.96,5004.81,5013.28,21223
1770750000,5013.31,5030.32,5008.71,5028.04,18312
1770753600,5027.55,5045.53,5020.28,5030.58,19099
1770757200,5030.53,5032.92,5020.36,5025.21,10221
1770764400,5027.37,5054.7,5027.37,5041.89,15379
1770768000,5042.12,5049.61,5028.06,5037.69,16090
1770771600,5038.12,5053.01,5030.77,5052.64,19716
1770775200,5052.63,5057.88,5032.48,5055.77,19270
1770778800,5055.16,5060.75,5044.9,5054.66,15786
1770782400,5054.55,5059.78,5045.75,5046.58,12644
1770786000,5046.45,5063.97,5043.53,5052.71,16141
1770789600,5052.78,5064.56,5049.32,5064.18,18273
1770793200,5064.18,5069.15,5049.06,5055.69,20099
1770796800,5055.1,5060.45,5045.58,5053.8,14888
1770800400,5053.81,5071.94,5047.22,5062.81,16353
1770804000,5062.81,5101.35,5062.6,5093.25,20017
1770807600,5093.18,5116.94,5082.57,5111.77,19439
1770811200,5111.81,5118.92,5050.28,5083.59,23047
1770814800,5083.62,5089.98,5017.79,5065.99,25944
1770818400,5065.98,5082.74,5035.79,5059.61,26803
1770822000,5059.07,5081.81,5039.16,5060.41,27499
1770825600,5059.9,5078.2,5042.93,5075.37,24957
1770829200,5075.13,5098.87,5068.68,5091.76,22680
1770832800,5091.6,5093.04,5067.1,5082.35,21785
1770836400,5082.28,5094.36,5077.13,5082.18,19929
1770840000,5082.15,5089.99,5078.28,5086.85,19867
1770843600,5086.7,5092.81,5069.78,5084.42,12490
1770850800,5096.67,5099.96,5052.5,5061.06,18048
1770854400,5060.9,5067.69,5049.91,5063.07,21363
1770858000,5062.46,5064.15,5045.05,5063.14,21977
1770861600,5063.8,5072.54,5055.17,5065.83,19225
1770865200,5065.86,5074.51,5054.95,5057.11,15332
1770868800,5057.13,5069.94,5050.82,5069.24,13313
1770872400,5069.22,5078.37,5064.52,5075.7,16349
1770876000,5075.86,5076.45,5047.22,5059.76,20113
1770879600,5059.74,5066.29,5051.72,5063.84,14594
1770883200,5063.78,5073.57,5052.51,5068.47,15757
1770886800,5068.35,5080.76,5066.22,5073.14,15001
1770890400,5073.26,5077.05,5055.96,5061.99,15194
1770894000,5062.12,5068.48,5059.38,5063.8,13380
1770897600,5064.19,5068.73,5048.95,5052.89,15104
1770901200,5052.7,5083.81,5051.64,5075.58,19560
1770904800,5075.53,5077.87,5039.3,5044.35,23354
1770908400,5044.3,5074.81,5040.09,5060.68,23013
1770912000,5060.52,5068.39,4878.61,4954.47,29304
1770915600,4954.48,4982.57,4939.28,4940.94,28432
1770919200,4940.81,4952.26,4906.37,4935.72,27845
1770922800,4935.74,4958.14,4928.63,4945.58,24950
1770926400,4945.41,4948.44,4911,4915.14,25453
1770930000,4915.24,4926.44,4911.87,4921.8,14096
1770937200,4889.84,4928.65,4887.12,4920.3,19705
1770940800,4920.29,4948.45,4913.53,4927.92,20271
1770944400,4928.44,4988.62,4927.3,4980.86,24127
1770948000,4980.79,4991.34,4972.1,4988.16,18806
1770951600,4988.17,4989.33,4973.89,4981.5,15775
1770955200,4981.22,4997.14,4972.8,4976.52,14741
1770958800,4976.52,4986.43,4945.03,4946.25,19399
1770962400,4946.5,4968.81,4946.02,4967.44,21468
1770966000,4967.43,4982.79,4951.18,4974.78,18621
1770969600,4974.94,4989.56,4971.53,4982.53,18998
1770973200,4982.52,4982.74,4961.61,4970.42,16489
1770976800,4970.06,4980.7,4947.37,4950.18,15229
1770980400,4950.28,4954.94,4934.04,4953.84,18442
1770984000,4953.32,4973.94,4952.25,4969.58,17185
1770987600,4969.34,4999.62,4957.78,4987.2,21820
1770991200,4987.24,5010.91,4965.32,4995.69,25686
1770994800,4996.93,5020.55,4973.92,4976.66,27780
1770998400,4976.71,5033.49,4975.63,5007.93,24776
1771002000,5007.96,5029.12,5006.09,5020.89,20533
1771005600,5020.9,5035.45,5015.38,5031.08,20552
1771009200,5031.1,5046.09,5024.28,5024.28,19347
1771012800,5023.47,5034.9,5021.46,5032.42,21036
1771016400,5032.39,5046.04,5029.58,5042.83,9794
1771196400,5035.13,5035.41,5007.89,5020.23,18739
1771200000,5020.25,5022.31,5000.26,5015.7,15848
1771203600,5015.66,5031.14,5007.11,5028.74,15212
1771207200,5028.76,5031.37,4992.15,4994.87,15840
1771210800,4994.62,5000.07,4976.82,4987.42,15562
1771214400,4987.39,4992.02,4973.15,4977.73,14870
1771218000,4977.67,4990.62,4965.21,4990.49,13950
1771221600,4990.44,5003.11,4985.2,4994.97,12525
1771225200,4994.98,5010.11,4988.75,5007.14,13856
1771228800,5007.17,5013.44,4995.68,5008.17,14526
1771232400,5007.93,5017.22,5007.93,5013.41,12321
1771236000,5013.43,5017.35,5000.38,5005.98,13166
1771239600,5006.01,5008.21,4998.93,5004.49,11436
1771243200,5004.51,5007.93,4992.98,5002.3,13373
1771246800,5002.12,5003.74,4989.8,4997.15,12997
1771250400,4997.12,4999.61,4981.66,4988.2,15296
1771254000,4988.44,4988.44,4968.93,4979.59,15285
1771257600,4979.61,4990.48,4973.04,4988.23,14534
1771261200,4987.98,4996.12,4987.98,4991.53,10666
1771264800,4991.69,4997.64,4988.88,4994.51,11106
1771268400,4994.7,4996.46,4990.46,4993.63,6139
1771282800,4991.65,5000.87,4985.28,4989.86,12596
1771286400,4989.61,4991.43,4932.23,4935.81,17448
1771290000,4935.88,4964.04,4923.08,4957.74,18943
1771293600,4956.72,4971.05,4954.34,4966.98,14162
1771297200,4967.08,4970.18,4949.89,4956.94,15050
1771300800,4956.58,4960.29,4946.57,4952.66,13095
1771304400,4952.65,4954.3,4858.61,4888.74,23088
1771308000,4888.71,4914.29,4886.5,4910.48,17789
1771311600,4909.31,4922.11,4903.83,4916.96,16233
1771315200,4916.96,4930.26,4916.49,4920.88,16068
1771318800,4920.87,4932.45,4913.18,4925.88,15296
1771322400,4925.43,4939.5,4907.47,4913.05,14812
1771326000,4913.06,4930.99,4913.06,4929.53,14202
1771329600,4929.48,4944.1,4928.3,4932.16,15715
1771333200,4931.99,4933.44,4869.89,4870.6,20836
1771336800,4870.52,4907.18,4841.9,4862.64,26830
1771340400,4863.25,4882.6,4849.24,4878.6,27102
1771344000,4878.73,4893.65,4868.7,4869.32,23943
1771347600,4868.81,4871.34,4850.35,4865.19,22738
1771351200,4865.2,4910.47,4862.4,4899,22508
1771354800,4899.08,4901.13,4876.63,4880.15,20642
1771358400,4880.24,4884.15,4873.29,4877.84,20766
1771362000,4877.78,4886.63,4875.03,4877.36,9972
1771369200,4869.58,4884.46,4854.08,4859,17145
1771372800,4858.86,4882.59,4858.24,4874.77,17060
1771376400,4874.72,4892.6,4874.38,4889.86,16426
1771380000,4890.06,4907.46,4886.63,4905.24,12861
1771383600,4905.36,4922.23,4904.32,4920.6,13201
1771387200,4920.84,4939.55,4918.17,4934.06,14381
1771390800,4934.09,4939.87,4929.86,4933.37,12750
1771394400,4933.36,4936.16,4925.14,4930.86,13901
1771398000,4930.88,4941.91,4929.16,4930.45,13166
1771401600,4930.44,4932.45,4916.66,4917.22,14204
1771405200,4917.23,4923.22,4912.9,4917.41,13787
1771408800,4917.42,4924.58,4909.16,4914.64,15776
1771412400,4914.4,4917.75,4906.31,4913.05,12693
1771416000,4912.86,4947.22,4911.94,4943.09,15196
1771419600,4943.09,4969.1,4942.93,4954.49,18493
1771423200,4954.67,4994.4,4952.25,4991.84,21108
1771426800,4991.74,5009.05,4991.74,4997.81,21257
1771430400,4997.77,5010.89,4991.47,5000.32,19784
1771434000,5000.33,5001.66,4993.39,4999.36,16862
1771437600,4999.32,5003.06,4980.6,4987.28,19285
1771441200,4987.3,4995.33,4972.87,4980.54,20281
1771444800,4980.47,4987.69,4975.35,4985.09,19709
1771448400,4984.98,4986.31,4975.41,4977.2,8844
1771455600,4977.11,4988.88,4960.07,4975.84,15685
1771459200,4975.85,4976.34,4960.67,4961.46,15704
1771462800,4961.21,4975.56,4960.73,4973.16,13752
1771466400,4973.1,4977.54,4965.7,4968.3,12161
1771470000,4968.07,4983.36,4966.25,4981.67,12330
1771473600,4981.66,4985.5,4976.75,4984.13,11286
1771477200,4984.37,4998.78,4984.32,4996.92,11707
1771480800,4997.16,5019.94,4996.51,5018.16,13037
1771484400,5018.15,5021.76,5009.07,5010.21,12570
1771488000,5010.15,5022.03,5006.35,5017,14094
1771491600,5017.27,5020.32,4993.11,4995.88,14326
1771495200,4995.87,4996.25,4981.54,4993.24,15621
1771498800,4993.18,4996.47,4978,4984.53,14317
1771502400,4985.1,4992.9,4980.32,4984.95,13963
1771506000,4985.03,4998.51,4973.44,4997.18,17816
1771509600,4997.17,5010.48,4963.54,5005.49,23051
1771513200,5005.6,5022.28,4995.96,5013.89,24147
1771516800,5013.88,5014.36,4990.23,4995.07,20549
1771520400,4994.98,5001.79,4982.78,4985.06,18144
1771524000,4985.16,4989.42,4975.34,4981.57,18041
1771527600,4981.58,4990.37,4978.23,4988.02,16028
1771531200,4987.98,5003.25,4987.75,5001.93,17421
1771534800,5001.82,5004.12,4991.98,4996.14,9941
1771542000,5003.18,5008.18,4985.72,4987.85,13765
1771545600,4987.83,5006.84,4985.4,5006.32,13514
1771549200,5006.31,5014.81,4995.26,4997.12,15241
1771552800,4997.11,5007.29,4992.64,4996.27,13329
1771556400,4996.21,4999.29,4981.58,4987.39,12637
1771560000,4988.19,5003.16,4986.56,4999.83,9797
1771563600,4999.83,5011.99,4997.89,5011.99,12221
1771567200,5012.11,5030.01,5011.72,5020.52,14790
1771570800,5020.52,5028.24,5005.99,5006.1,14431
1771574400,5006.59,5030.55,5004.86,5029.05,14949
1771578000,5029,5042.37,5027.37,5027.53,15276
1771581600,5027.65,5038.5,5019.61,5034.6,14580
1771585200,5034.55,5034.9,5015.39,5017.29,13623
1771588800,5017.25,5026.59,5007.17,5025.08,15617
1771592400,5025.15,5048.62,5018.14,5043.66,18269
1771596000,5043.8,5060.5,5037.09,5054.61,21431
1771599600,5054.81,5064.1,4989.4,5042.76,28024
1771603200,5042.58,5069.13,5038.73,5066.45,23953
1771606800,5066.28,5076.36,5054.71,5072.87,22749
1771610400,5072.8,5075.02,5054.26,5071.04,22881
1771614000,5071.05,5079.87,5068.83,5079.52,17090
1771617600,5079.51,5098.13,5076.87,5096.95,20259
1771621200,5096.9,5106.88,5091.72,5103.76,12636
1771801200,5109.06,5172.02,5107.83,5165.19,20818
1771804800,5165.18,5166.72,5129.35,5144.66,21851
1771808400,5145.33,5167.75,5140.25,5157.38,19855
1771812000,5157.4,5176.67,5156.53,5173.44,17704
1771815600,5173.42,5175.95,5152.71,5166.65,15889
1771819200,5166.64,5168.85,5155.34,5160.68,13829
1771822800,5160.82,5161.83,5152.32,5158.38,13620
1771826400,5158.38,5161.33,5144.94,5145.6,14400
1771830000,5145.54,5154.45,5124.96,5136.84,17291
1771833600,5136.72,5142.16,5122.42,5140.21,16685
1771837200,5140.18,5150.15,5139.44,5149.42,13574
1771840800,5149.49,5163.56,5144.97,5162.71,14644
1771844400,5162.73,5163.51,5146.82,5149.59,14047
1771848000,5149.58,5165.48,5145.48,5163.92,15269
1771851600,5163.95,5165.21,5143.44,5146.18,17034
1771855200,5146.17,5200.38,5141.23,5192.46,21832
1771858800,5192.27,5205.05,5180.81,5196.32,24525
1771862400,5196.21,5219.04,5175.63,5209.92,23686
1771866000,5209.93,5213.48,5191.28,5207.84,21238
1771869600,5207.98,5215.88,5201.05,5209.69,19010
1771873200,5209.61,5218.31,5206.63,5215.75,17984
1771876800,5215.73,5237.62,5215.25,5236.26,20457
1771880400,5236.2,5237.39,5226.35,5227.61,11943
1771887600,5230.95,5249.73,5230.95,5235.75,16255
1771891200,5235.71,5238.25,5217.67,5223.93,18557
1771894800,5223.95,5223.95,5145.2,5177.13,27296
1771898400,5177.23,5190.95,5165.49,5190.05,19471
1771902000,5190.03,5191.83,5170.96,5171.93,15806
1771905600,5171.9,5175.09,5161,5168.32,13874
1771909200,5167.69,5185.68,5164.11,5182.72,16475
1771912800,5182.74,5184.77,5156.5,5173.41,17057
1771916400,5173.37,5183.8,5163.96,5179.46,16224
1771920000,5179.44,5181.9,5165.07,5173.7,14760
1771923600,5173.64,5180.33,5166.53,5171.52,12489
1771927200,5171.51,5181.24,5163.2,5172.94,13402
1771930800,5172.93,5178.45,5170.88,5172.73,11404
1771934400,5172.49,5173.5,5145.13,5150.72,17279
1771938000,5150.72,5161.27,5110.98,5114.9,21642
1771941600,5114.85,5139.15,5093.44,5128.5,25953
1771945200,5128.47,5155.39,5118.06,5150.22,23496
1771948800,5150.5,5152.32,5130.96,5141.91,21845
1771952400,5141.76,5163.99,5141.61,5163.68,18921
1771956000,5163.77,5170.14,5153.73,5160.21,19001
1771959600,5160.19,5160.49,5146.46,5153.87,17561
1771963200,5154.11,5173.21,5146.77,5164.2,19361
1771966800,5163.84,5165.73,5141,5143.69,11273
1771974000,5141.52,5152.2,5120.74,5146.65,15469
1771977600,5146.66,5156.17,5137.24,5152.19,15761
1771981200,5152.18,5190.02,5144.2,5176.88,21853
1771984800,5176.86,5193.96,5166.31,5180.73,18839
1771988400,5180.83,5190,5178.47,5182.07,16738
1771992000,5182.06,5185.28,5172.9,5182.76,12302
1771995600,5182.87,5210.59,5182.87,5201.63,16185
1771999200,5201.89,5201.89,5182.17,5194.88,17815
1772002800,5194.86,5195.19,5180.35,5184.79,13473
1772006400,5184.81,5197.35,5184,5185.2,14872
1772010000,5185.44,5194.6,5176.56,5193.2,15709
1772013600,5193.4,5195.13,5170.15,5175.22,15081
1772017200,5175.19,5182.59,5155.07,5181.42,15773
1772020800,5181.35,5187.42,5177.29,5182.91,14196
1772024400,5182.84,5191.5,5181,5185.33,18209
1772028000,5185.32,5193.47,5159.21,5191.15,21945
1772031600,5191.03,5202.71,5172.82,5194.68,22984
1772035200,5194.74,5213.68,5189.59,5212.2,19841
1772038800,5212.19,5217.55,5203.66,5207.06,19058
1772042400,5207.05,5207.79,5200.69,5201.8,14874
1772046000,5201.81,5208.52,5191.7,5205.12,18248
1772049600,5205.11,5206.4,5145.86,5152.02,22867
1772053200,5152.47,5173.53,5150.42,5164.94,17555
1772060400,5165.12,5181.9,5161.06,5162.86,17229
1772064000,5162.95,5191.86,5155.11,5188.19,18751
1772067600,5188.6,5198.45,5178.43,5191.6,22140
1772071200,5191.57,5195.63,5174.26,5184.19,19058
1772074800,5184.16,5193.82,5182.83,5192.68,15133
1772078400,5192.68,5198.98,5190.34,5192.76,12452
1772082000,5192.75,5205.51,5190.31,5198.11,16613
1772085600,5198.35,5199.64,5190.43,5193.35,15919
1772089200,5193.35,5194.64,5179.53,5185.88,14651
1772092800,5186.18,5190.87,5167.49,5179.46,18014
1772096400,5178.83,5189.51,5173.79,5186.49,14435
1772100000,5186.29,5190.16,5165.71,5171.17,14247
1772103600,5171.19,5178.4,5161.01,5164.56,13534
1772107200,5164.69,5187.85,5157.41,5183.79,16384
1772110800,5183.69,5185.5,5164.44,5166.39,20635
1772114400,5166.33,5176.14,5139.88,5165.27,23363
1772118000,5165.07,5192.74,5130.3,5185.85,26456
1772121600,5185.88,5187.41,5172.73,5179.78,22685
1772125200,5180.23,5190.45,5161.93,5167.35,20816
1772128800,5167.37,5185.81,5160.39,5180.32,20423
1772132400,5180.54,5194.03,5179.64,5186.91,17162
1772136000,5186.93,5200.87,5186.91,5196.53,18555
1772139600,5196.48,5200.55,5183.02,5184.9,11003
1772146800,5188.23,5189.17,5176.33,5184.69,12351
1772150400,5184.65,5194.92,5170.11,5174.89,15808
1772154000,5175.13,5194.39,5166.99,5194.09,20466
1772157600,5194.11,5199.65,5173.4,5183.72,19955
1772161200,5183.65,5190.49,5181.06,5184.21,16409
1772164800,5183.94,5188.83,5180.71,5181.52,11631
1772168400,5181.51,5200.47,5181.27,5197.95,15285
1772172000,5197.94,5199.17,5185.01,5185.59,18173
1772175600,5185.58,5189.73,5175.56,5175.86,15508
1772179200,5175.89,5182.38,5174.22,5178.73,14128
1772182800,5178.76,5182.77,5172.11,5175.5,13611
1772186400,5175.43,5180.78,5168.72,5177.71,13358
1772190000,5177.66,5185.56,5172.55,5185.52,12323
1772193600,5185.59,5190.35,5182.94,5187.6,13522
1772197200,5187.54,5240.27,5186.94,5222.89,25914
1772200800,5222.71,5235.98,5213.9,5223.91,25085
1772204400,5223.89,5246.49,5214.69,5239.51,25173
1772208000,5239.34,5257.56,5221.94,5229.24,24639
1772211600,5229.27,5236.99,5221.33,5234.53,22548
1772215200,5234.73,5246.71,5222.47,5245.4,20799
1772218800,5245.39,5252.42,5240.39,5249.97,18254
1772222400,5249.96,5265.5,5248.46,5263.21,20404
1772226000,5263.22,5280.78,5257.05,5279.95,12990
1772406000,5351.8,5393.03,5331.53,5386.75,24450
1772409600,5386.81,5388,5340.8,5347.23,25328
1772413200,5346.02,5346.9,5303.28,5324.74,27757
1772416800,5324.64,5351.49,5317.11,5346.58,23126
1772420400,5346.67,5366.76,5344.48,5366.18,19945
1772424000,5366.17,5367.12,5345.99,5356.03,16921
1772427600,5356.02,5366.08,5340.91,5365.86,18932
1772431200,5366.09,5389.73,5363.48,5387.58,21610
1772434800,5387.62,5419.15,5384.85,5408.48,22693
1772438400,5408.47,5416.81,5391.12,5394.1,22661
1772442000,5394.29,5402.58,5385.9,5391.92,19785
1772445600,5392,5400.91,5378.86,5389.35,19017
1772449200,5389.34,5399.92,5374.95,5385.27,18424
1772452800,5385.32,5398.67,5378.84,5396.82,19634
1772456400,5396.84,5416.74,5382.06,5394,26090
1772460000,5394.04,5395.17,5306.36,5333.52,29027
1772463600,5328.85,5348.91,5308.07,5315.94,29265
1772467200,5315.27,5315.27,5260.7,5290.05,29090
1772470800,5289.41,5320.42,5286.91,5306.8,26601
1772474400,5307.27,5316.61,5289.37,5315.58,23948
1772478000,5315.57,5334.24,5313.67,5330.22,20574
1772481600,5330.23,5346.45,5328.33,5332.11,24977
1772485200,5332.75,5340.43,5321.54,5321.97,14799
1772492400,5334.19,5347.24,5329.2,5346,14340
1772496000,5345.98,5362.09,5336.75,5350.36,16926
1772499600,5350.35,5379.73,5337.86,5339.31,24642
1772503200,5339.56,5367.99,5333.08,5366.91,23625
1772506800,5366.92,5373.47,5359.37,5366.95,17947
1772510400,5367.37,5375.62,5359.17,5361.05,16106
1772514000,5361.39,5367.14,5305.41,5319.2,23268
1772517600,5319.43,5323.04,5279.35,5310.43,25938
1772521200,5310.24,5331.06,5305.93,5327.77,19955
1772524800,5327.58,5335.99,5290.33,5295.51,23615
1772528400,5295.52,5303.77,5226.34,5274.87,25651
1772532000,5274.43,5287.88,5237.83,5248.22,24836
1772535600,5247.93,5264.02,5073.83,5144.79,29394
1772539200,5145.33,5226.7,5138.32,5224.43,27162
1772542800,5224.4,5224.4,5127.49,5156.79,29034
1772546400,5156.69,5175.5,5016.44,5038.75,29497
1772550000,5038.45,5096.94,4996.22,5095.52,29861
1772553600,5095.35,5134.56,5090.5,5106.6,29585
1772557200,5106.85,5109.88,5065.26,5079.31,28852
1772560800,5079.31,5138.1,5079.17,5136.05,27779
1772564400,5135.95,5148.81,5099.22,5113.34,27702
1772568000,5114.11,5130.23,5085.59,5097.17,27385
1772571600,5095.56,5110.47,5083.15,5088.16,17240
1772578800,5109.8,5129.91,5084.03,5125.13,19774
1772582400,5125.12,5140.42,5105.78,5138.76,21971
1772586000,5138.53,5178.69,5138.53,5175.11,27724
1772589600,5175.12,5190.71,5153.94,5156.08,25651
1772593200,5156.07,5177.51,5141.39,5174.4,23970
1772596800,5174.37,5180.87,5152.11,5156.72,20497
1772600400,5156.77,5168.09,5151.94,5159.8,24046
1772604000,5159.77,5160.66,5120.72,5160.66,25324
1772607600,5160.58,5176.02,5158.56,5168.17,20253
1772611200,5169.08,5182.16,5147.66,5167.65,21699
1772614800,5167.63,5185.05,5159.09,5182.33,19405
1772618400,5182.36,5202.49,5179.5,5189.65,20405
1772622000,5189.69,5200.79,5187.54,5192.22,16360
1772625600,5192.25,5206.1,5156.43,5170.98,22681
1772629200,5171.13,5196.36,5167.2,5168.01,25050
1772632800,5167.95,5185.07,5138.37,5146.75,27784
1772636400,5144.77,5166.88,5131.22,5151.41,28406
1772640000,5151.51,5162.71,5138.25,5149.55,26516
1772643600,5149.54,5153.12,5120.44,5140.85,24412
1772647200,5140.8,5143.46,5108.8,5133.38,24847
1772650800,5133.72,5139.67,5123.13,5138.01,19421
1772654400,5137.34,5146.7,5123.47,5134.8,20561
1772658000,5134.95,5144.05,5129.47,5141,13232
1772665200,5150.07,5165.99,5144.71,5165.1,13464
1772668800,5165.07,5179.75,5159.3,5172.33,15093
1772672400,5172.78,5186.24,5167.16,5172.32,23800
1772676000,5172.34,5192.45,5171.41,5192.08,21141
1772679600,5192.16,5194.93,5178.21,5180.02,17800
1772683200,5179.91,5186.69,5166.22,5171.67,14231
1772686800,5171.74,5176.76,5148.16,5148.56,18388
1772690400,5148.62,5168.68,5120.76,5167.48,24160
1772694000,5167.36,5172.73,5158.82,5162.31,19631
1772697600,5161.73,5170.08,5137.39,5165.72,21875
1772701200,5165.82,5180.64,5153.7,5160.92,21907
1772704800,5160.9,5167.5,5146.41,5164.4,18145
1772708400,5164.43,5168.08,5156.82,5164.02,15378
1772712000,5164.01,5171.62,5160.86,5162.3,15602
1772715600,5162.42,5164.08,5083.95,5117.79,26252
1772719200,5117.54,5129.79,5090.61,5102.3,27894
1772722800,5101.37,5120,5061.75,5102.36,29122
1772726400,5102.51,5104.57,5054.05,5077.52,27745
1772730000,5077.75,5089.49,5055.14,5062.76,27430
1772733600,5062.74,5085.38,5050.68,5069.47,26761
1772737200,5069.42,5081.28,5056.43,5065.93,25913
1772740800,5065.79,5094.68,5061.52,5076.71,26278
1772744400,5076.61,5085.04,5071.91,5080.88,13946
1772751600,5083.76,5101.65,5082.11,5086.33,13726
1772755200,5086.05,5092.3,5074.14,5084.29,16929
1772758800,5083.69,5143.64,5066.34,5134.78,24662
1772762400,5134.48,5138.51,5121.96,5126.38,19483
1772766000,5126.37,5141.42,5124.17,5130.94,15804
1772769600,5130.94,5136.17,5126.32,5127.61,12160
1772773200,5127.56,5130.04,5114.41,5117.25,17124
1772776800,5117.46,5122.96,5109.22,5115.71,17475
1772780400,5115.56,5120.75,5105.52,5119.49,15632
1772784000,5119.5,5123.16,5096.25,5108.41,16805
1772787600,5108.99,5108.99,5083.33,5085.71,19557
1772791200,5085.77,5092.97,5075.55,5091.07,18057
1772794800,5091.28,5099.56,5062.44,5076.95,18828
1772798400,5077.49,5096.69,5076.18,5083.31,19905
1772802000,5082.57,5131.1,5065.47,5084.84,26649
1772805600,5085.06,5132.24,5081.07,5130.49,27983
1772809200,5130.5,5171.54,5128.5,5141.63,28877
1772812800,5141.58,5153.14,5125.95,5140.03,25989
1772816400,5139.81,5152.44,5128.83,5140.92,24388
1772820000,5140.69,5167.5,5138.53,5161.03,22370
1772823600,5161.04,5174.61,5156.56,5159.62,19239
1772827200,5159.66,5162.52,5149.87,5153.31,20973
1772830800,5152.8,5172.48,5150.92,5171.06,11806
1773007200,5190.43,5192.04,5104.07,5130.07,25695
1773010800,5130.03,5135.74,5044.44,5076.08,24652
1773014400,5076.26,5080.07,5028.56,5049.93,25566
1773018000,5049.89,5087.48,5014.58,5070.12,27352
1773021600,5070.35,5099.31,5055.35,5094.8,25143
1773025200,5094.73,5102.25,5081.42,5091.21,19993
1773028800,5091.24,5097.32,5085.12,5090.25,14765
1773032400,5090.01,5140.49,5080.86,5124.37,24227
1773036000,5124.36,5134.09,5096.91,5097.44,24352
1773039600,5097.59,5107.96,5088.51,5098.86,20205
1773043200,5099.05,5110.55,5087.08,5096.38,21839
1773046800,5095.86,5132.61,5095.03,5105.2,21246
1773050400,5105.21,5111.2,5084.1,5087.05,18649
1773054000,5087.93,5097.41,5079.66,5088.1,18416
1773057600,5088.27,5112.24,5088.27,5094.88,18468
1773061200,5094.86,5111.4,5067.15,5073.88,26491
1773064800,5073.09,5116.13,5061.42,5094.03,28077
1773068400,5093.94,5103.55,5079.43,5099.77,24135
1773072000,5099.68,5110.61,5094.66,5104.84,21491
1773075600,5104.83,5106.84,5089.19,5095.88,22064
1773079200,5095.43,5126.42,5092.43,5123.32,19862
1773082800,5123.3,5144.24,5118.32,5140.93,24401
1773086400,5141.38,5147.98,5134.3,5136.6,14438
1773093600,5148.47,5153.13,5117.51,5152.91,15757
1773097200,5153.23,5156.1,5135.69,5139.74,15626
1773100800,5139.76,5141.31,5124.95,5130.86,18100
1773104400,5130.02,5186.19,5124.7,5184.03,25328
1773108000,5184.02,5186.39,5163.92,5166.07,21155
1773111600,5166.19,5173.4,5155.68,5157.42,19272
1773115200,5157.31,5166.46,5154.34,5163.9,11948
1773118800,5163.88,5179.11,5163.88,5177.93,14910
1773122400,5178.05,5180.83,5171.86,5175.29,16456
1773126000,5175.28,5181.43,5158.47,5181.06,16947
1773129600,5181.09,5195.18,5174.97,5183.15,18104
1773133200,5183.21,5189.37,5180.53,5182.48,15154
1773136800,5182.45,5183.83,5156.43,5177.07,18824
1773140400,5177.3,5191.95,5171.81,5175.24,19303
1773144000,5175.35,5189.29,5162.55,5187.08,19637
1773147600,5187.07,5228.95,5186.17,5205.79,26300
1773151200,5206.27,5214.46,5185.51,5206.69,24660
1773154800,5206.66,5238.6,5203.14,5228.79,22096
1773158400,5228.78,5235.58,5222.59,5227.76,18966
1773162000,5227.75,5235.51,5223.52,5227.64,20606
1773165600,5227.76,5228.12,5160.73,5191.84,25427
1773169200,5191.81,5207.48,5179.8,5198.81,24022
1773172800,5198.6,5199.05,5191.7,5192.66,11743
1773180000,5190.1,5197.75,5183.66,5189.3,12602
1773183600,5189.34,5197.48,5187.61,5197.32,8891
1773187200,5197.08,5219.25,5186.72,5215.65,15216
1773190800,5215.43,5223.02,5208.57,5208.57,19657
1773194400,5208.37,5220.28,5193.97,5217.44,17681
1773198000,5217.38,5220.25,5199.45,5203.18,13466
1773201600,5203.26,5208.65,5199.32,5204.3,8975
1773205200,5204.34,5208.23,5190.87,5199.54,14684
1773208800,5199.77,5210.51,5191.5,5197.63,16782
1773212400,5197.26,5201.88,5184.44,5195.8,16853
1773216000,5195.88,5198.73,5175.43,5187.44,17117
1773219600,5187.39,5197,5179.56,5187.83,15398
1773223200,5187.95,5195.23,5177.12,5186.19,14872
1773226800,5186.94,5193.71,5175.61,5181.32,16710
1773230400,5181,5196.6,5166.52,5167.64,21685
1773234000,5167.23,5183.26,5149.32,5176.77,25548
1773237600,5176.54,5196.34,5174.2,5183.33,25775
1773241200,5183.55,5185.82,5164.16,5166.2,24017
1773244800,5166.16,5178.08,5163.7,5175.77,21879
1773248400,5175.75,5181.06,5155.03,5169.71,20893
1773252000,5169.56,5178.29,5169.22,5172.4,17164
1773255600,5172.43,5183.64,5169.28,5183.13,15229
1773259200,5183.02,5183.63,5175.08,5176.09,9093
1773266400,5182.09,5182.52,5129.65,5139.1,13806
1773270000,5136.94,5158.06,5132.98,5134.39,14479
1773273600,5134.15,5161.46,5125.4,5153.08,17314
1773277200,5152.12,5172.8,5151.48,5168.48,20328
1773280800,5168.76,5175.26,5145.86,5150.75,18625
1773284400,5150.82,5155.59,5147.14,5153.24,14004
1773288000,5153.41,5154.02,5140.3,5142.66,9818
1773291600,5142.72,5157.49,5137.05,5154.31,14808
1773295200,5154.55,5170.19,5147.13,5166.1,16555
1773298800,5166.36,5185.08,5164.59,5181.86,14433
1773302400,5182.28,5189.81,5175.72,5178.03,15549
1773306000,5178.04,5190.39,5174.39,5188.29,15322
1773309600,5188.08,5191.68,5176.59,5182.24,14525
1773313200,5182.23,5184,5172.58,5179.15,13518
1773316800,5179.67,5185.56,5163.66,5181.27,19508
1773320400,5180.4,5186.15,5145.91,5151.34,25933
1773324000,5151.21,5163.52,5138.46,5142.87,25812
1773327600,5142.5,5144.77,5109.73,5132.51,25230
1773331200,5132.27,5138.04,5121.15,5123.54,22748
1773334800,5123.03,5129.74,5102.57,5105.08,23295
1773338400,5105.18,5112.65,5090.75,5094.41,22091
1773342000,5094.13,5096.85,5079.33,5085.01,21747
1773345600,5084.59,5090.53,5054.86,5079.24,16591
1773352800,5074.8,5095.88,5072.68,5095.87,13743
1773356400,5095.9,5101.17,5088.77,5097.9,12877
1773360000,5097.84,5115.23,5097.29,5113.87,13984
1773363600,5113.86,5124.34,5108.77,5124.15,19565
1773367200,5124.48,5128.47,5110.45,5111.89,16346
1773370800,5111.82,5116.74,5106.1,5115.75,14293
1773374400,5115.75,5117.99,5102.54,5104.4,12775
1773378000,5104.75,5111,5098.2,5103.02,16129
1773381600,5103.04,5107.91,5085.9,5088.48,20845
1773385200,5088.1,5094.3,5071.64,5085.08,17398
1773388800,5084.54,5088.06,5061.32,5087.6,18824
1773392400,5087.53,5096.92,5083.34,5089.6,16410
1773396000,5089.55,5098.45,5079.92,5094.78,15516
1773399600,5095.15,5107.85,5086.29,5107.85,15816
1773403200,5107.65,5121.89,5104.33,5118.39,20235
1773406800,5118.4,5121.36,5096.65,5101.88,22914
1773410400,5101.92,5107.95,5035.65,5041.92,26293
1773414000,5041.29,5071.23,5031.95,5034.83,25932
1773417600,5034.42,5053.03,5018.81,5045.9,25119
1773421200,5045.84,5063.89,5043.41,5046.45,23606
1773424800,5046.46,5051.79,5035.99,5046.29,21019
1773428400,5046.32,5049.9,5009.59,5016.36,21559
1773432000,5016.95,5025.08,5012.28,5021.27,14594
1773612000,5010.84,5030.63,5000.63,5024.78,19054
1773615600,5024.52,5026.17,4967.24,4997.45,23613
1773619200,4997.48,5031.02,4996.91,5025.8,20978
1773622800,5025.97,5026.45,4982.57,5016.04,26844
1773626400,5016.02,5018.59,4997.86,5003.4,22047
1773630000,5003.39,5020.78,4997.96,5019.21,17416
1773633600,5019.21,5026.35,5012.34,5012.88,13472
1773637200,5012.37,5020.08,5003.07,5017.46,16782
1773640800,5017.48,5035.99,5005.47,5012.31,20398
1773644400,5012.68,5016.48,4991.88,4995.38,18785
1773648000,4995.35,5003.54,4984.9,4991.22,19844
1773651600,4991.11,4991.79,4972.54,4975.42,18745
1773655200,4975.39,4999.52,4970.08,4998.53,20291
1773658800,4998.59,5022.69,4993.29,4997.09,19688
1773662400,4997.07,5024.84,4994.51,5020.03,20618
1773666000,5020.01,5034.38,5013.96,5029.88,23729
1773669600,5029.87,5038.02,4987.86,4996.08,25022
1773673200,4996.07,5005.73,4983.72,4987.13,22130
1773676800,4987.25,4998.89,4973.8,4990.3,22107
1773680400,4990.52,5003.91,4983.99,4991.26,21721
1773684000,4991.57,5017.74,4989.94,5012.71,20531
1773687600,5012.68,5020.31,5008.03,5013.04,21263
1773691200,5012.89,5021.54,5004.61,5006.19,12129
1773698400,5010.94,5016.22,4998.42,5002.31,12586
1773702000,5002.38,5015.68,5002.07,5012.79,11921
1773705600,5012.76,5014.17,4998.15,5002.98,16666
1773709200,5002.63,5028.05,4994.66,5027.66,20528
1773712800,5027.83,5029.63,5020.08,5022.39,17373
1773716400,5022.24,5033.51,5020.55,5027.63,15126
1773720000,5027.38,5041.79,5026.17,5038.09,14153
1773723600,5038.07,5044.27,5020.2,5020.72,17576
1773727200,5020.82,5022.77,5005.09,5010,19354
1773730800,5009.98,5028.03,5008.86,5021.13,15032
1773734400,5021.16,5029.6,5018.37,5024.64,16246
1773738000,5024.65,5025.89,5009.84,5010.47,16751
1773741600,5009.79,5016.39,4991.81,5000.3,17617
1773745200,5000.07,5011.33,4996.64,5003.38,15074
1773748800,5003.31,5023.98,4999.23,5011.67,18897
1773752400,5011.75,5031.58,5005.34,5016.79,23150
1773756000,5016.7,5020.53,5002.86,5007.57,23849
1773759600,5007.36,5017.65,4973.75,4997.76,24223
1773763200,4998.28,5005.88,4991.46,5001.85,22197
1773766800,5001.65,5008.54,4996.38,5002.51,19285
1773770400,5002.5,5009.09,4999.66,5003.86,17472
1773774000,5003.78,5005.68,4996.33,5000.22,18739
1773777600,5000.35,5006.4,4999.87,5005.45,10055
1773784800,5005.02,5005.64,4993.27,4999.94,10191
1773788400,4999.69,5003.95,4998.76,5002.96,9120
1773792000,5002.97,5012.55,5000.11,5004.17,14946
1773795600,5004.11,5015.86,4991.18,4998.75,19484
1773799200,4999.27,5006.98,4990.36,4991.8,16905
1773802800,4991.74,4997.51,4986.27,4991.3,15555
1773806400,4991.26,4993.54,4981.99,4986.89,12951
1773810000,4986.9,5002.43,4984.67,4997.32,16827
1773813600,4997.52,5016.2,4996.28,5009.36,17647
1773817200,5009.34,5014.84,4990.52,4995.02,14200
1773820800,4994.47,4996.99,4977.21,4987.67,16636
1773824400,4987.69,4995.74,4984.81,4992.06,14231
1773828000,4992.07,4992.28,4958.77,4967.79,16908
1773831600,4967.8,4973.86,4924.95,4930.19,23187
1773835200,4930.18,4932.37,4870.53,4881.65,26938
1773838800,4881.56,4885.36,4834.38,4878.16,28629
1773842400,4878.27,4894.64,4856.51,4869.69,26474
1773846000,4869.87,4880.02,4861.13,4862.54,23223
1773849600,4862.56,4890.41,4860.79,4886.76,22033
1773853200,4886.68,4899,4883.83,4890.73,21306
1773856800,4890.82,4899.31,4852.4,4853.05,26198
1773860400,4853,4865.36,4838.65,4843.18,25384
1773864000,4842.7,4848.64,4807,4818.83,19722
1773871200,4829.45,4839,4804.25,4834.46,19965
1773874800,4834.47,4842.58,4828.29,4836.78,16327
1773878400,4836.75,4848.6,4835.31,4841.07,17689
1773882000,4841.3,4867.02,4832.78,4850.05,22711
1773885600,4850.06,4862.09,4841.52,4858.56,19233
1773889200,4858.53,4866.11,4850.71,4850.74,15893
1773892800,4850.73,4853.72,4845.69,4849.94,13137
1773896400,4849.92,4853.96,4826.82,4827.62,18984
1773900000,4827.63,4841.94,4747.84,4763.71,25797
1773903600,4763.77,4784.25,4726.99,4727.94,23472
1773907200,4727.97,4740.4,4686.82,4709.39,27198
1773910800,4709.45,4725.98,4687.68,4698.89,27225
1773914400,4698.73,4720.03,4666.44,4679.2,25266
1773918000,4679.07,4699.65,4650.75,4652.76,25011
1773921600,4651.83,4653.99,4531.44,4574.48,28583
1773925200,4573.67,4620.9,4502.69,4620.35,29007
1773928800,4621.28,4649.02,4581.26,4601.94,28679
1773932400,4601.64,4638.74,4566.22,4596.32,27542
1773936000,4596.33,4626.62,4576.69,4584.7,27090
1773939600,4584.97,4629.73,4574.12,4616.21,27689
1773943200,4615.66,4623.18,4595.98,4622.9,25352
1773946800,4623.39,4663.34,4623.39,4643.84,28257
1773950400,4643.63,4662.03,4642.93,4650.3,16356
1773957600,4659.03,4677.13,4636.13,4636.29,17680
1773961200,4636.27,4647.85,4634.13,4643.53,15685
1773964800,4643.45,4664.9,4642.07,4648.48,18276
1773968400,4647.86,4699.29,4639.3,4677.21,25945
1773972000,4678.28,4703.69,4670.2,4697.97,21403
1773975600,4698.42,4735.93,4693.13,4725.56,21474
1773979200,4725.95,4727.67,4715.31,4721.78,14102
1773982800,4721.71,4723.41,4685.61,4688.51,20538
1773986400,4688.53,4701.09,4661.31,4669.28,24350
1773990000,4669.29,4708.09,4668.01,4706.2,19013
1773993600,4706.44,4734.8,4684.64,4693.66,21387
1773997200,4693.56,4700.48,4659.63,4667.47,20979
1774000800,4667.3,4670.16,4638.14,4645.23,23167
1774004400,4645.26,4674.22,4636.99,4671.62,21658
1774008000,4671.75,4695.32,4661.85,4678.4,24256
1774011600,4678.45,4679.36,4612.96,4616.32,28370
1774015200,4616.1,4622.54,4548.06,4564.1,29925
1774018800,4564.21,4580.27,4540.55,4553.56,29091
1774022400,4552.61,4613.62,4552.15,4583.13,28263
1774026000,4583.19,4600.39,4554.5,4573.46,27811
1774029600,4573.55,4578.52,4477.38,4499.75,27611
1774033200,4499.83,4516.79,4485.49,4501.63,29058
1774036800,4501.66,4514.83,4493.75,4496.99,19648
1774216800,4487.05,4536.14,4449.54,4498.2,22621
1774220400,4498.52,4510.86,4453.01,4464.9,22457
1774224000,4465.33,4473.41,4319.53,4354.06,28093
1774227600,4353.99,4454.12,4330.46,4387.53,29921
1774231200,4388.24,4422.11,4354.94,4360.68,28033
1774234800,4360.74,4377.95,4334.84,4352.92,25298
1774238400,4352.9,4381.91,4349.93,4367.68,21331
1774242000,4367.61,4380.2,4302.34,4310.16,25712
1774245600,4309.79,4310.46,4163.33,4220.39,29963
1774249200,4220.36,4232.66,4099.02,4204.28,30372
1774252800,4202.86,4270.55,4202.86,4251.2,29597
1774256400,4251.23,4308.45,4223.63,4253.48,28115
1774260000,4254.06,4281.89,4241.43,4269.13,26422
1774263600,4269.44,4463.18,4269.44,4379.14,26176
1774267200,4378.53,4492.6,4336.99,4478.48,28607
1774270800,4478.51,4485.29,4401.42,4454.36,28061
1774274400,4454.34,4512.34,4453.46,4461.75,29044
1774278000,4462.2,4486.72,4351.17,4363.75,28994
1774281600,4363.56,4391.68,4352.6,4375.62,29711
1774285200,4375.56,4438.94,4370.96,4426.23,28846
1774288800,4426.94,4467.07,4402.61,4449.17,27896
1774292400,4448.86,4450.68,4393.16,4398.39,27744
1774296000,4399.09,4413.17,4382.89,4406.64,17960
1774303200,4419.92,4431.42,4360.91,4426.85,20761
1774306800,4426.83,4448.33,4421.81,4441.01,19424
1774310400,4441.03,4446.72,4330.65,4364.77,27192
1774314000,4363.29,4374.29,4308.28,4322.23,29836
1774317600,4322.65,4379.34,4305.94,4366.16,28796
1774321200,4366.15,4368.24,4334.98,4347.25,24701
1774324800,4346.9,4357.25,4326.63,4333.52,21530
1774328400,4333.47,4374.25,4319.77,4347.16,25533
1774332000,4347.22,4405.21,4342.91,4402.16,15797
1774335600,4401.69,4432.25,4400.38,4418.55,12419
1774339200,4418.37,4421.03,4390.93,4413.01,9379
1774342800,4413.97,4431.08,4395.93,4426.54,20594
1774346400,4426.42,4441.67,4414.74,4438.31,13451
1774350000,4438.45,4441.96,4376.37,4408.02,12680
1774353600,4408.25,4427.51,4362.1,4379.09,23397
1774357200,4379.17,4389.98,4351.61,4381.46,29812
1774360800,4381.08,4433.91,4380.67,4415.74,29939
1774364400,4415.84,4430.91,4396.14,4411.56,28987
1774368000,4411.97,4427.57,4402.89,4421.32,27435
1774371600,4421.33,4426.55,4372.21,4388.5,28942
1774375200,4388.56,4423.23,4384.01,4389.58,27518
1774378800,4389.11,4411.52,4388.71,4400.29,24681
1774382400,4399.68,4484.42,4397.28,4474.53,22886
1774389600,4476.62,4485.27,4456.13,4484.45,19600
1774393200,4484.54,4551.68,4472.32,4546.89,23108
1774396800,4546.92,4572.05,4537.38,4563.57,23498
1774400400,4563.48,4601.14,4552.32,4594.94,25332
1774404000,4595.05,4602.42,4579.95,4583.57,22510
1774407600,4583.56,4586.28,4567.64,4570.21,19464
1774411200,4570.19,4574.6,4565.66,4572.6,13975
1774414800,4572.98,4573.38,4549.59,4555.81,20419
1774418400,4555.83,4556.9,4532.98,4545.58,21819
1774422000,4545.57,4563.24,4536.95,4539.53,19844
1774425600,4539.2,4567.91,4535.77,4556.26,21949
1774429200,4556.22,4567.4,4527.56,4552.04,20367
1774432800,4551.94,4562.5,4551.1,4558.94,17759
1774436400,4558.9,4585.59,4555.98,4578.99,18342
1774440000,4578.75,4583.84,4521.81,4544.11,25069
1774443600,4544.79,4576.2,4540.97,4544.74,27412
1774447200,4544.98,4579.34,4533.03,4567.24,27762
1774450800,4567.59,4568.74,4525.19,4558.91,26563
1774454400,4558.96,4564.94,4545.15,4555.22,25481
1774458000,4555.11,4564.06,4542.74,4550.71,23089
1774461600,4550.57,4568.92,4530.99,4538.42,23441
1774465200,4538.34,4539.7,4487.09,4531.05,25141
1774468800,4531.08,4542.23,4494.95,4506.27,16588
1774476000,4517.37,4534.71,4505.52,4517.42,17809
1774479600,4517.63,4518.34,4488.98,4498.38,16805
1774483200,4498.35,4539.33,4498.14,4535.82,20445
1774486800,4535.8,4544.36,4522.29,4535.62,23077
1774490400,4535.68,4535.91,4505.63,4508.72,20528
1774494000,4508.63,4518.74,4499.91,4516.79,18352
1774497600,4516.95,4524.28,4511.43,4520.61,13452
1774501200,4520.79,4522.33,4439.16,4439.2,23027
1774504800,4439.26,4459.54,4415.69,4456.46,25811
1774508400,4456.47,4463.75,4438.76,4452.57,21660
1774512000,4452.39,4459.16,4412.82,4427.82,26144
1774515600,4427.77,4437.06,4414.4,4423.53,24400
1774519200,4423.59,4448.23,4417.16,4443.11,22515
1774522800,4443.68,4456.64,4418.85,4422.89,22836
1774526400,4422.97,4445.67,4416.46,4430.1,24872
1774530000,4429.36,4460.49,4420.2,4452.69,28263
1774533600,4453.24,4479.27,4437.48,4464.95,29070
1774537200,4464.91,4469.02,4434.06,4438.4,27368
1774540800,4438.16,4442.7,4367.22,4389.36,28329
1774544400,4389.17,4402.36,4377.12,4381.49,26510
1774548000,4381.39,4397.96,4367.83,4394.37,24951
1774551600,4394.88,4399.3,4358.96,4364.31,24247
1774555200,4363.83,4420.63,4351.28,4378.37,25453
1774562400,4384.38,4415.32,4379.5,4411.31,15657
1774566000,4411.08,4414.5,4389.92,4404.92,13480
1774569600,4405.03,4410.92,4375.43,4378.78,17839
1774573200,4378.47,4420.53,4377.25,4417.46,21024
1774576800,4417.73,4440.61,4417.13,4431.89,19606
1774580400,4431.74,4445.8,4421.27,4437.4,17152
1774584000,4437.78,4449.59,4431.32,4445.82,12357
1774587600,4445.47,4474.92,4440.27,4454.59,18936
1774591200,4454.13,4472.97,4451.68,4459.32,19272
1774594800,4459.52,4463.11,4442.87,4447.57,17166
1774598400,4447.63,4450.68,4423.65,4424.26,20607
1774602000,4424.25,4438.15,4420.72,4428.72,19120
1774605600,4428.73,4433,4411.06,4414.64,19005
1774609200,4414.74,4426.4,4404.2,4420.13,19563
1774612800,4419.28,4445.21,4412.54,4437.67,21525
1774616400,4437.79,4443.9,4413.65,4431.14,26572
1774620000,4430.87,4514.68,4430.69,4509.79,28795
1774623600,4509.74,4555.29,4501.59,4524.05,29052
1774627200,4524.27,4533.8,4505.61,4516.01,25262
1774630800,4516.07,4522.02,4486.38,4486.53,25264
1774634400,4486.76,4528.82,4486.69,4516.95,23658
1774638000,4516.83,4526.18,4500.75,4514.31,22718
1774641600,4514.53,4519.81,4490.89,4495.29,14609
1774821600,4486.25,4514.9,4475.43,4484.65,22264
1774825200,4484.59,4492.81,4443.83,4448.11,20953
1774828800,4448.65,4466.5,4420.07,4432.13,25339
1774832400,4431.89,4475.74,4431.89,4469.64,26505
1774836000,4469.61,4499.1,4458.71,4481.35,22140
1774839600,4481.22,4517.52,4478.73,4496.15,20806
1774843200,4496.16,4498.8,4486.33,4497,15918
1774846800,4496.84,4528.8,4496.77,4522.25,20522
1774850400,4522.19,4550.65,4516.89,4532.29,21956
1774854000,4532.11,4534.75,4515.81,4527.46,20704
1774857600,4527.38,4540.35,4525.14,4538.19,18592
1774861200,4538.2,4540.68,4523.49,4532.48,18977
1774864800,4533.42,4540.14,4527.66,4532.3,16323
1774868400,4532.56,4580.57,4525.47,4559.5,22304
1774872000,4559.72,4577.76,4545.36,4569.47,21928
1774875600,4569.48,4578.51,4516.81,4523.24,26309
1774879200,4523.1,4541.14,4512.67,4538.59,27771
1774882800,4538.83,4556.86,4524.66,4548.2,24658
1774886400,4548.04,4549.71,4532.51,4539.81,23212
1774890000,4539.77,4542.36,4511.44,4515.17,24109
1774893600,4515.11,4523.25,4498.16,4499.09,21509
1774897200,4498.68,4518.51,4492.98,4513.68,24113
1774900800,4513.37,4516.55,4500.9,4511.01,12210
1774908000,4514.19,4524,4502.06,4510.72,11054
1774911600,4510.19,4521.26,4492.38,4513.74,14459
1774915200,4511.93,4548.19,4482.59,4547.51,23885
1774918800,4547.61,4619.46,4532.21,4604.94,27198
1774922400,4605.08,4607.37,4565.57,4568.36,23688
1774926000,4567.97,4577.01,4550.39,4557.03,19463
1774929600,4557.02,4569.32,4557,4564.86,15860
1774933200,4564.49,4581.85,4547.51,4568.93,20418
1774936800,4568.66,4568.83,4553.16,4557.06,21549
1774940400,4557.26,4565.81,4543.47,4564.6,19494
1774944000,4564.7,4575.4,4560.58,4568.78,19673
1774947600,4568.77,4572.31,4550.43,4555.48,19065
1774951200,4555.4,4562.05,4529.42,4547.15,18282
1774954800,4547.12,4593.3,4541.02,4582.45,24865
1774958400,4582.88,4597.71,4569.16,4574.93,24308
1774962000,4575.48,4609.9,4567.88,4607.51,25351
1774965600,4607.34,4630.4,4595.04,4599.22,28489
1774969200,4599.02,4625.21,4599.02,4609.42,26047
1774972800,4608.93,4651.8,4606.71,4638.33,26016
1774976400,4638.2,4667.42,4636.3,4655.01,28333
1774980000,4654.52,4671.2,4653.58,4667.61,24649
1774983600,4667.55,4685.7,4661.75,4682.61,24692
1774987200,4682.89,4687.28,4664.61,4667.07,15190
1774994400,4681.82,4696.2,4661.61,4680.6,16798
1774998000,4681.05,4700.07,4671.52,4696.23,16235
1775001600,4696.21,4722.52,4693.33,4710.75,21685
1775005200,4712.09,4724.15,4681.43,4692.59,25394
1775008800,4693.38,4700.44,4677.91,4684.55,19871
1775012400,4684.54,4694.15,4679.55,4681.75,16601
1775016000,4681.73,4682.03,4666.89,4676.43,14719
1775019600,4676.21,4703.54,4674.75,4684.17,19029
1775023200,4684.36,4733.21,4682.56,4730.46,22541
1775026800,4730.74,4747.77,4709.5,4712.93,22780
1775030400,4712.91,4740.15,4710.58,4728.75,20479
1775034000,4728.78,4730.31,4713,4723.32,18704
1775037600,4723.33,4738.81,4715.29,4731.2,17074
1775041200,4731.19,4763.04,4728.15,4752.27,19625
1775044800,4751.97,4753.8,4724.31,4724.67,23201
1775048400,4724.6,4749.65,4716.46,4738.07,26555
1775052000,4734.2,4768.8,4724.2,4760.85,27585
1775055600,4761.49,4788.32,4758.46,4786.79,24274
1775059200,4786.63,4790.83,4774.45,4787.11,21193
1775062800,4787.07,4793.04,4773.82,4774.24,20618
1775066400,4774.25,4775.36,4741.97,4753.13,25970
1775070000,4753.21,4778.35,4751.03,4766.22,23056
1775073600,4766.06,4771.16,4754.31,4758.07,13173
1775080800,4759.38,4782.36,4751.64,4776.31,13942
1775084400,4776.32,4800.25,4773.51,4783.99,15432
1775088000,4783.92,4798.72,4775.15,4784.5,20139
1775091600,4784.33,4786.5,4651.06,4696.87,29441
1775095200,4695.99,4704.32,4655.59,4686.73,26383
1775098800,4686.7,4699.42,4675.63,4676.29,19618
1775102400,4676.36,4681.48,4657.27,4672.7,15839
1775106000,4672.87,4680.41,4585.94,4594.06,22033
1775109600,4594.61,4608.71,4554.19,4599.14,25474
1775113200,4598.65,4651.17,4597.25,4642.76,19751
1775116800,4642.75,4648.82,4616.92,4620.65,19382
1775120400,4620.64,4631.97,4613.37,4621.71,17839
1775124000,4621.91,4634.94,4603.81,4620.59,18499
1775127600,4620.72,4630.48,4592.88,4600.03,20664
1775131200,4600.19,4630.4,4594.54,4601.74,22699
1775134800,4601.93,4651.56,4580.77,4646.25,28992
1775138400,4646.45,4699.72,4631.96,4681.58,29625
1775142000,4681.97,4683.89,4652.56,4661.18,28520
1775145600,4661.02,4670.67,4642.89,4659.34,25726
1775149200,4659.22,4668.3,4645.61,4648.7,24066
1775152800,4648.71,4672.18,4647.29,4668.69,21688
1775156400,4668.72,4682,4661.53,4672.04,21986
1775160000,4672.01,4677.91,4664.36,4676.12,13618
1775426400,4631.66,4665.57,4608.74,4645.7,20693
1775430000,4646.36,4651.31,4605.1,4610.97,18662
1775433600,4611.01,4629.21,4600.63,4622.14,20763
1775437200,4622.42,4643.25,4620.38,4625.8,19509
1775440800,4626.11,4671.95,4623.48,4647.82,20962
1775444400,4647.78,4648.09,4625.34,4640.53,18472
1775448000,4640.54,4659.79,4639.84,4658.88,13680
1775451600,4659.13,4678.57,4651.15,4652.6,14805
1775455200,4652.63,4667.88,4643.44,4665.93,16305
1775458800,4665.77,4688.32,4644.86,4684.9,18203
1775462400,4684.51,4698.22,4681.31,4695.79,16575
1775466000,4696.04,4706.29,4690.83,4693.49,16318
1775469600,4693.94,4697.64,4684.84,4689.84,16046
1775473200,4689.61,4696.82,4677.06,4678.08,15404
1775476800,4678.06,4686.89,4659.53,4675.75,18777
1775480400,4676.67,4681.66,4660.08,4680.02,23759
1775484000,4681.61,4697.68,4660.32,4682.79,27301
1775487600,4682.82,4684.11,4651.97,4668.19,22322
1775491200,4668.21,4672.62,4657.9,4660.24,19045
1775494800,4660.44,4661.13,4645.67,4653.52,21091
1775498400,4653.82,4666.15,4648.73,4658.27,20870
1775502000,4658.29,4659.61,4645.54,4655.5,16854
1775505600,4655.68,4658.46,4649.1,4650.64,10333
1775512800,4658.51,4668,4656.68,4658.25,11269
1775516400,4658.57,4661.18,4651.41,4658.91,9993
1775520000,4658.68,4661.3,4649.06,4655.02,15479
1775523600,4654.93,4664.27,4616.13,4626.78,26681
1775527200,4626.82,4654.01,4619.8,4650.38,20407
1775530800,4650.34,4654.14,4639.4,4649.44,15945
1775534400,4649.74,4663.6,4645.51,4659.53,13587
1775538000,4659.95,4661.47,4623.38,4642.99,19117
1775541600,4643.12,4656.59,4637.84,4653.38,21580
1775545200,4653.41,4656.97,4636.41,4645.95,17926
1775548800,4645.96,4690.95,4644.12,4683.04,23604
1775552400,4683.21,4694.55,4658.91,4670.89,20723
1775556000,4671.19,4680.77,4649.15,4651.96,22440
1775559600,4652.01,4663.92,4628.81,4659.65,20804
1775563200,4660.26,4670.82,4647.12,4651.5,21856
1775566800,4651.72,4663.28,4635.46,4644.26,26533
1775570400,4644.02,4661.36,4607.68,4633.43,28469
1775574000,4633.4,4659.43,4624.97,4655.72,26092
1775577600,4655.74,4668.41,4652.5,4657.19,24249
1775581200,4657.33,4686.74,4654.07,4676.01,23074
1775584800,4675.96,4686.37,4657.62,4662.32,21524
1775588400,4662.34,4718.39,4660.59,4700.47,26809
1775592000,4700.68,4716.78,4697.23,4705.59,20098
1775599200,4747.06,4819.51,4712.93,4818.34,23165
1775602800,4818.49,4836.28,4801.15,4833.32,23675
1775606400,4832.82,4857.02,4808.77,4817.73,24175
1775610000,4817.75,4825.25,4788.16,4810.14,25112
1775613600,4810.09,4825.28,4798.64,4803.92,18320
1775617200,4804.22,4805.72,4795.11,4797.51,15917
1775620800,4797.49,4806.52,4790.28,4803.59,14643
1775624400,4803.49,4843.52,4800.26,4827.66,18236
1775628000,4827.56,4839.97,4819.95,4820.64,20807
1775631600,4820.18,4820.97,4805.27,4813.57,19712
1775635200,4813.63,4819.96,4790.56,4793.9,19878
1775638800,4793.88,4806.74,4776.43,4783.16,18787
1775642400,4783.19,4796.09,4771.35,4782.69,17939
1775646000,4782.5,4802.88,4778.03,4798.32,19782
1775649600,4798.5,4807.07,4767.85,4799.81,22328
1775653200,4799.8,4806.54,4768.37,4778.08,26399
1775656800,4777.25,4792.19,4732.34,4736.46,28406
1775660400,4736.14,4763.16,4734.18,4756.45,25126
1775664000,4756.14,4765.71,4745.45,4760.65,21515
1775667600,4760.56,4764.5,4731.44,4734.04,21805
1775671200,4734.42,4744.48,4703.68,4705.49,24641
1775674800,4705.08,4731.86,4699.63,4730.64,22767
1775678400,4730.63,4732.13,4717.1,4719.07,12654
1775685600,4727.87,4732.41,4704.72,4717.54,12362
1775689200,4717.45,4719.99,4705.34,4715.59,11211
1775692800,4715.82,4719.08,4698.47,4706.71,16568
1775696400,4706.61,4728.33,4699.49,4727.5,21351
1775700000,4727.53,4733.04,4717.57,4719.16,15685
1775703600,4719.05,4720.33,4705.37,4711.7,16007
1775707200,4711.76,4725.61,4709.7,4720.72,12320
1775710800,4720.76,4726.71,4705.77,4713.09,16869
1775714400,4712.98,4725.45,4703.44,4712.32,20692
1775718000,4712.43,4731.42,4705.82,4724.28,20869
1775721600,4724.25,4733.29,4719.83,4726.44,16766
1775725200,4726.31,4733.24,4722.85,4729.34,15951
1775728800,4729.32,4746.79,4723.73,4741.29,16484
1775732400,4741.21,4757.37,4738.57,4756.5,15737
1775736000,4756.51,4759.61,4734.84,4746.06,20148
1775739600,4746.08,4777,4738.87,4764.39,25542
1775743200,4764.49,4776.39,4747.16,4768.56,25980
1775746800,4768.73,4798,4761.1,4792.77,25821
1775750400,4792.96,4801.12,4784.64,4788.83,22017
1775754000,4788.95,4801.2,4786.79,4797.77,19620
1775757600,4797.84,4798.26,4767.88,4772.01,22007
1775761200,4771.96,4782.77,4767.08,4768.94,18690
1775764800,4769.18,4773.51,4760.98,4765.5,10008
1775772000,4775.64,4779.51,4758.62,4764.32,10564
1775775600,4764.31,4764.38,4756.91,4763.59,10200
1775779200,4763.39,4763.41,4750.81,4762.92,14991
1775782800,4762.91,4776.97,4757.95,4764.73,20083
1775786400,4764.68,4765.49,4737.9,4752.79,19657
1775790000,4752.84,4769.5,4752.76,4766.47,16032
1775793600,4766.7,4770.87,4757.78,4758.44,10973
1775797200,4758.44,4769.22,4757.23,4765.74,14442
1775800800,4765.75,4765.75,4742.74,4746.37,17579
1775804400,4746,4757.57,4741.09,4749.68,14786
1775808000,4749.62,4753.36,4730.84,4740.81,15900
1775811600,4740.77,4760.46,4740.71,4751.52,16631
1775815200,4751.47,4760.72,4742.26,4757.34,15070
1775818800,4757.33,4768.85,4753.18,4768.26,14173
1775822400,4768.81,4782.55,4759.77,4772.04,20489
1775826000,4771.95,4780.12,4765.24,4775.03,23834
1775829600,4776.51,4795.16,4767.56,4774.94,25806
1775833200,4774.64,4787.54,4755.39,4762.19,23592
1775836800,4761.83,4766.15,4747.54,4763.76,21397
1775840400,4763.96,4768.77,4758.07,4760.15,18468
1775844000,4760.48,4773.3,4751.13,4765.25,17711
1775847600,4765.27,4770.52,4758.15,4759.73,17282
1775851200,4760.04,4760.05,4740.92,4748.66,12479
1776031200,4661.08,4692.11,4644.8,4659.1,20636
1776034800,4659.18,4671.66,4644.34,4671.35,14891
1776038400,4671.81,4698.57,4664.62,4695.77,17326
1776042000,4694.52,4728.16,4693.9,4721.14,21917
1776045600,4721.08,4727.88,4711.11,4720.43,17745
1776049200,4720.35,4723.98,4712.25,4718,12519
1776052800,4718.23,4724.76,4708.68,4723.11,11499
1776056400,4723.17,4730.75,4716.31,4729.47,15354
1776060000,4729.46,4732.61,4720.74,4725.6,17984
1776063600,4726.02,4740.11,4724.74,4733.83,16756
1776067200,4733.64,4738.65,4720.4,4723.27,15700
1776070800,4723.32,4728.64,4710.62,4714.6,15434
1776074400,4714.58,4723.87,4708.32,4722.16,14167
1776078000,4722.5,4729.21,4703.63,4706.54,17039
1776081600,4706.81,4725.29,4703.84,4723.46,20112
1776085200,4723.48,4744.38,4721,4730.49,25445
1776088800,4730.31,4731.31,4708.92,4719.23,25747
1776092400,4719.22,4719.73,4700.26,4714.48,23124
1776096000,4714.47,4746.37,4709.19,4732.96,24418
1776099600,4733,4750.29,4725.52,4729.95,20205
1776103200,4730.11,4740.6,4723.26,4738.55,17901
1776106800,4738.47,4747.55,4730.52,4741.35,18386
1776110400,4741.36,4744.14,4738.09,4740.48,10232
1776117600,4751.47,4759.62,4745.66,4757.9,10933
1776121200,4757.86,4765.66,4754.39,4757.75,11382
1776124800,4757.5,4776.02,4751.46,4769.96,15915
1776128400,4769.94,4776.9,4761.77,4765.07,19741
1776132000,4764.84,4777.09,4761.96,4775.31,14840
1776135600,4775.28,4775.73,4765.6,4767.64,12352
1776139200,4768.05,4776.74,4767.04,4774.19,9436
1776142800,4774.2,4774.34,4757.88,4759.96,15698
1776146400,4760.07,4783.08,4760.01,4782.18,15534
1776150000,4782.33,4796.17,4767.45,4777.12,19476
1776153600,4777.31,4790.06,4774.28,4786.68,15946
1776157200,4786.81,4789.39,4771.72,4778.31,14305
1776160800,4778.35,4788.19,4751.96,4768.54,14506
1776164400,4768.31,4783.01,4766.81,4774.84,14877
1776168000,4774.9,4777.72,4762.18,4771.46,20368
1776171600,4771.42,4803.2,4771.23,4794.74,24364
1776175200,4795.12,4818.04,4793.01,4803.83,24711
1776178800,4803.84,4816.22,4791.13,4808.28,22394
1776182400,4808.32,4820.41,4805.01,4810.41,19658
1776186000,4810.3,4841.31,4809.51,4835.08,19983
1776189600,4835.1,4843.46,4830.86,4835.84,18479
1776193200,4835.87,4846.21,4835.87,4845.08,17148
1776196800,4845.31,4846.37,4839.53,4841.92,10064
1776204000,4840.14,4850.71,4833.18,4835.2,11914
1776207600,4835.28,4844.48,4833.66,4837.04,12606
1776211200,4837.13,4840.11,4827.3,4835.29,14632
1776214800,4835.21,4871.31,4828.08,4847.22,22345
1776218400,4847.02,4853.38,4820.81,4824.08,20516
1776222000,4824.06,4829.71,4816.63,4824.08,15698
1776225600,4824.14,4827.79,4820.42,4824.97,11600
1776229200,4824.86,4830.62,4812.51,4819.88,17802
1776232800,4819.9,4825.09,4811.16,4811.64,17927
1776236400,4811.66,4816.85,4803.94,4811.11,17474
1776240000,4811.09,4820.77,4804.54,4818.59,16457
1776243600,4818.6,4819.61,4786.19,4798.27,18513
1776247200,4798.18,4805.28,4790.61,4800.17,18103
1776250800,4800.18,4814.97,4795.64,4812.51,17657
1776254400,4812.23,4816.23,4806.9,4811.72,17636
1776258000,4811.7,4830.04,4808.45,4829.03,24471
1776261600,4829.3,4830.5,4813.4,4815.68,22923
1776265200,4815.69,4816.29,4786.75,4801.73,22284
1776268800,4801.77,4812.69,4800.13,4803.94,18847
1776272400,4803.86,4808.79,4790.65,4792.51,18322
1776276000,4792.63,4802.04,4790.14,4799.95,18026
1776279600,4799.87,4803.45,4794.46,4795.7,16779
1776283200,4795.68,4796.7,4787.89,4790.67,10574
1776290400,4797.42,4812.09,4790.83,4807.5,12132
1776294000,4807.46,4826.78,4807.4,4823.54,12302
1776297600,4823.5,4837.61,4820.62,4833.25,14940
1776301200,4833.19,4836.41,4811.43,4817.81,19810
1776304800,4817.89,4825.04,4812.35,4819.59,16943
1776308400,4819.35,4827.23,4818.71,4824.26,11921
1776312000,4824.14,4833.47,4822.7,4833.19,9857
1776315600,4833.22,4838.31,4820.96,4821.41,16288
1776319200,4821.39,4830.5,4814.74,4826.16,18787
1776322800,4826.47,4831.07,4817.07,4821.11,16050
1776326400,4821.29,4822.08,4806.78,4813.71,16392
1776330000,4813.67,4818.09,4806.91,4813,14499
1776333600,4812.99,4817.23,4805.03,4817.14,14335
1776337200,4817.27,4822.56,4815.5,4822.12,14456
1776340800,4822.25,4823.22,4811.74,4816.09,16557
1776344400,4816.76,4823.81,4784.8,4795.31,22619
1776348000,4794.81,4805.51,4772.95,4788.67,25588
1776351600,4788.68,4812.99,4788.31,4807.1,21748
1776355200,4807.09,4810.17,4785.21,4792.14,20254
1776358800,4792.21,4795.52,4781.2,4789.33,20017
1776362400,4789.34,4794.16,4785.66,4789.77,19249
1776366000,4789.85,4798.7,4789.51,4793.79,16470
1776369600,4793.62,4793.91,4786.52,4790.97,9305
1776376800,4794.55,4797.85,4790.47,4795.2,10113
1776380400,4794.56,4797.93,4791.55,4791.98,9081
1776384000,4791.5,4801.19,4785.68,4794.96,13500
1776387600,4794.64,4795.26,4767.52,4789.42,21187
1776391200,4789.37,4794.73,4784.37,4784.72,14385
1776394800,4784.65,4798.07,4784.65,4793.45,13919
1776398400,4793.32,4804.57,4792.56,4803.2,10470
1776402000,4803.07,4806.26,4793.65,4794.13,15676
1776405600,4794.04,4795.34,4779.19,4785.15,17288
1776409200,4785.21,4794.79,4778.63,4784.51,15268
1776412800,4784.52,4797.02,4780.96,4796.08,14328
1776416400,4796.09,4801,4789.81,4790.25,13960
1776420000,4790.42,4794.14,4782.3,4787.24,13513
1776423600,4787.39,4811.52,4783.46,4799.29,14625
1776427200,4799.12,4847.7,4797.54,4846.57,21050
1776430800,4846.46,4889.44,4834.84,4880.49,28314
1776434400,4881.22,4885.35,4860.85,4873.11,25220
1776438000,4873.18,4880.45,4854.7,4867.39,23542
1776441600,4867.38,4873.45,4863.47,4867.15,18605
1776445200,4867.2,4869.5,4854.02,4862.55,20807
1776448800,4862.65,4867.87,4855.86,4858.22,19214
1776452400,4858.29,4861.35,4852.7,4854.56,18580
1776456000,4854.7,4855.22,4831.33,4834.06,16386
1776636000,4763.04,4794.95,4759.24,4779.12,20465
1776639600,4779.13,4779.59,4737.07,4755.05,21095
1776643200,4755.12,4774.27,4744.67,4772.41,22397
1776646800,4772.39,4814.2,4770.98,4807.96,25637
1776650400,4807.87,4809.07,4792.98,4797.1,20784
1776654000,4797.03,4798.36,4788.7,4791,16616
1776657600,4791.27,4795.87,4787.05,4788.77,14998
1776661200,4788.79,4796.04,4779.47,4790.99,21080
1776664800,4790.97,4795.35,4783.72,4795.29,24319
1776668400,4795.37,4805.69,4786.9,4789.86,24168
1776672000,4789.75,4796.23,4785.96,4796.14,21991
1776675600,4795.98,4797.75,4783.31,4791.44,21456
1776679200,4791.43,4801.06,4789.83,4795.7,19178
1776682800,4796.07,4810.9,4786.49,4810.34,22935
1776686400,4810.43,4822.3,4798.99,4803.53,25700
1776690000,4803.61,4826.36,4799.52,4817.97,29911
1776693600,4818.01,4827.76,4792.44,4805.48,30095
1776697200,4805.73,4809.48,4792.75,4799.56,28929
1776700800,4799.59,4806.47,4792.72,4805.68,23168
1776704400,4805.83,4812.16,4803.77,4806.69,22312
1776708000,4806.82,4816.57,4806.82,4814.03,20680
1776711600,4814.17,4821.51,4810.37,4814.1,20676
1776715200,4814.09,4821.98,4812.07,4820.62,12531
1776722400,4823.94,4832.9,4820.79,4827.55,15559
1776726000,4827.37,4831.91,4819.77,4821.71,11332
1776729600,4822.2,4830.74,4816.75,4824.17,18581
1776733200,4824.18,4824.78,4805.91,4810.36,21601
1776736800,4810.37,4810.61,4802.38,4806.96,18780
1776740400,4806.99,4807.7,4792.47,4797.27,18857
1776744000,4797.28,4797.96,4788.56,4788.84,14657
1776747600,4789.16,4797,4783.08,4784.2,19787
1776751200,4784.21,4790.79,4774.51,4778.68,25070
1776754800,4778.43,4792.53,4772.63,4785.96,21390
1776758400,4786.01,4792.88,4774.76,4785.88,21356
1776762000,4786.2,4789.66,4781.12,4783.6,19224
1776765600,4783.63,4790.41,4780.7,4789.9,16843
1776769200,4789.95,4797.9,4775.3,4794.5,21884
1776772800,4794.6,4796.97,4766.67,4778.91,25957
1776776400,4778.82,4794.37,4761.54,4779.19,30118
1776780000,4779.08,4782.38,4723.65,4739,30111
1776783600,4738.94,4757.51,4727.6,4741.54,31169
1776787200,4741.64,4746.46,4708.15,4710.92,28119
1776790800,4711.16,4721.95,4696.85,4711.26,28572
1776794400,4711.43,4714.89,4692.49,4709.18,26646
1776798000,4709.2,4715.18,4668.52,4679.39,28244
1776801600,4679.37,4720.25,4668.96,4720.25,23178
1776808800,4722.01,4729.63,4715.53,4719.47,13402
1776812400,4719.46,4740.64,4718.11,4737.88,14322
1776816000,4738.05,4747.32,4738.05,4739.68,17647
1776819600,4739.64,4754.72,4735.76,4752.32,23083
1776823200,4752.63,4758.79,4750.07,4755.58,17480
1776826800,4755.51,4765.06,4752.89,4758.23,15869
1776830400,4758.24,4759.72,4752.01,4754.66,13436
1776834000,4754.42,4772.06,4751.97,4767.73,19620
1776837600,4767.72,4767.91,4758.73,4767.56,19462
1776841200,4767.55,4772.39,4759.45,4760.7,19576
1776844800,4760.74,4762.37,4751.75,4756.95,20362
1776848400,4756.97,4762.54,4752.35,4755.29,19054
1776852000,4755.4,4760.21,4745.77,4759.33,19373
1776855600,4759.39,4760.87,4747.81,4750.48,21285
1776859200,4750.95,4759.67,4742.8,4744.35,23950
1776862800,4744.39,4760.8,4736.32,4752.8,29786
1776866400,4752.37,4757.5,4729.99,4735.76,29015
1776870000,4735.86,4740.23,4724.94,4727.73,27917
1776873600,4727.74,4734.98,4723.84,4728.75,23718
1776877200,4728.92,4739.65,4728.49,4737.31,22441
1776880800,4737.36,4749.46,4729.77,4741.64,18896
1776884400,4741.69,4745.41,4736.89,4740.26,20886
1776888000,4740.32,4740.77,4734.26,4740.11,13374
1776895200,4745.51,4745.72,4725.46,4725.78,13105
1776898800,4725.89,4729.85,4723.37,4727.83,12688
1776902400,4727.96,4753.46,4694.07,4748.03,26870
1776906000,4747.6,4750.05,4722.38,4723.09,25403
1776909600,4723.08,4724.59,4698.11,4698.93,27173
1776913200,4698.92,4708.67,4698.07,4703.74,24226
1776916800,4703.98,4707.1,4698.66,4704.27,16594
1776920400,4704.3,4715.15,4692.25,4713.43,23093
1776924000,4713.5,4721.01,4708.48,4712.77,24529
1776927600,4712.88,4720.53,4702.96,4719.05,24857
1776931200,4718.86,4724.84,4701.89,4703.42,23676
1776934800,4703.23,4703.75,4694.47,4697.66,23987
1776938400,4697.11,4701.79,4684.12,4696.73,24138
1776942000,4696.5,4720.77,4695.31,4720.68,24558
1776945600,4720.77,4743.33,4719.7,4739.97,28361
1776949200,4740.02,4741.21,4723.84,4724.4,28666
1776952800,4724.39,4736.67,4716.94,4733.4,29778
1776956400,4733.43,4741.13,4716.62,4720.41,27822
1776960000,4720.42,4737.24,4715.48,4732.92,24744
1776963600,4732.97,4734.64,4664.11,4709.26,30814
1776967200,4709.41,4720.9,4699.36,4701.17,27876
1776970800,4701.32,4704.55,4689.55,4696.08,27014
1776974400,4696.07,4698.29,4686.38,4694.31,16755
1776981600,4699.29,4699.98,4689.97,4693.35,12052
1776985200,4693.02,4700.8,4686.76,4695.22,14236
1776988800,4695.23,4708,4690.79,4704.65,22690
1776992400,4704.6,4711.1,4690.21,4699.27,25792
1776996000,4699.65,4700.76,4672.91,4676.6,24190
1776999600,4676.62,4678.27,4668.51,4672,20802
1777003200,4671.99,4676.9,4657.63,4674.34,19491
1777006800,4674.36,4687.36,4669.82,4686.27,20553
1777010400,4686.61,4687.95,4666.61,4672.06,24569
1777014000,4671.75,4695.33,4670.85,4694.32,21186
1777017600,4694.47,4697.42,4684.96,4690.88,22825
1777021200,4690.92,4696.76,4679.28,4682.16,22248
1777024800,4682.07,4686.32,4674.49,4677.69,20097
1777028400,4677.75,4717.22,4677.75,4706.74,27326
1777032000,4707.05,4711.94,4690.31,4700.87,26614
1777035600,4701.22,4717.39,4689.59,4711.07,29496
1777039200,4711.27,4740.49,4706.87,4726.23,30266
1777042800,4726.26,4733.35,4715.09,4727.36,28218
1777046400,4727.15,4729.62,4719.03,4726.95,25003
1777050000,4727.01,4730.13,4719.03,4723.56,23183
1777053600,4723.43,4724.97,4716.76,4722.59,20280
1777057200,4722.65,4726.15,4713.57,4717.3,20048
1777060800,4716.34,4717.55,4705.19,4708.01,14233
1777240800,4692.78,4699.83,4679.89,4684.65,16354
1777244400,4684.17,4684.72,4674.88,4679.88,14211
1777248000,4679.86,4698.25,4672.11,4697.7,19191
1777251600,4697.88,4709.49,4690.9,4702.73,25546
1777255200,4702.75,4723.51,4696.05,4718.04,21524
1777258800,4717.97,4729.45,4714.36,4724.31,19011
1777262400,4724.29,4730.08,4722.6,4724.69,15068
1777266000,4724.92,4725.55,4708.77,4710.19,19494
1777269600,4710.17,4715.81,4709.18,4712.64,22596
1777273200,4712.65,4718.26,4709.92,4713.25,21308
1777276800,4713.29,4714.81,4705.3,4706.68,22856
1777280400,4706.73,4708.37,4699.24,4703.5,19583
1777284000,4703.52,4710.82,4699.42,4708.94,18878
1777287600,4708.93,4709.15,4699.88,4704.93,21277
1777291200,4705.12,4712.7,4696.88,4699.15,25424
1777294800,4699.09,4703.24,4689.16,4696.11,29139
1777298400,4695.77,4696.71,4676.46,4678.01,29367
1777302000,4678.54,4682.54,4667.18,4670.12,27843
1777305600,4670.1,4679.42,4667.26,4676.58,22327
1777309200,4676.6,4686.24,4668.11,4682.12,23004
1777312800,4682.09,4685.44,4678.84,4680.8,19537
1777316400,4680.78,4682.74,4676.69,4680.52,18624
1777320000,4680.63,4681.69,4677.48,4681.69,10122
1777327200,4684.09,4691.22,4682.31,4688,11389
1777330800,4687.76,4695.12,4687.15,4692.12,11018
1777334400,4692.22,4701.34,4690.32,4690.43,17938
1777338000,4690.45,4691.49,4669.26,4670.72,23145
1777341600,4670.71,4679.93,4666.36,4669.21,22336
1777345200,4669.2,4676.06,4668.33,4671.05,17991
1777348800,4670.73,4671.36,4666.66,4667.53,14695
1777352400,4667.67,4668.05,4623.77,4632.11,25610
1777356000,4631.95,4642.97,4623.1,4628.81,27050
1777359600,4628.87,4639.35,4620.36,4633.29,25024
1777363200,4633.24,4635.34,4614.55,4629.78,25223
1777366800,4629.74,4630.14,4604.53,4604.89,24909
1777370400,4604.62,4616.32,4603.07,4603.08,22659
1777374000,4602.97,4608.88,4555.28,4562.9,27999
1777377600,4562.79,4600.06,4554.76,4593.86,29830
1777381200,4593.69,4594.44,4570.76,4580.51,30924
1777384800,4580.42,4580.72,4557.29,4574.4,30906
1777388400,4574.35,4586.57,4567.06,4586.35,29800
1777392000,4586.56,4595.01,4577.55,4592.2,26273
1777395600,4592.28,4601.73,4587.2,4594.6,25049
1777399200,4594.62,4600.64,4592.03,4594.2,22418
1777402800,4594.41,4600.11,4593.36,4595.77,22141
1777406400,4595.69,4598.75,4591.1,4597.3,13873
1777413600,4598.72,4599.74,4592.35,4594.24,9697
1777417200,4594.26,4596.22,4587.81,4595.77,10762
1777420800,4594.81,4610.34,4594.81,4600.36,19090
1777424400,4600.14,4600.14,4576.1,4584.7,24769
1777428000,4584.72,4604.22,4584.72,4593.74,22022
1777431600,4593.8,4603.35,4592.01,4595.51,17554
1777435200,4595.72,4605.69,4595.15,4604.89,13942
1777438800,4604.84,4607.66,4590.6,4590.82,18644
1777442400,4590.79,4598.65,4580.77,4584.64,23544
1777446000,4584.66,4588.9,4567.18,4567.68,24559
1777449600,4569.19,4576.77,4557.34,4573.32,24998
1777453200,4573.31,4580.84,4551.46,4555.88,24507
1777456800,4555.71,4576.53,4554.8,4569.97,23309
1777460400,4569.91,4571.99,4559.15,4561.79,24342
1777464000,4561.74,4569.03,4542.15,4545.04,26283
1777467600,4545.14,4553.14,4510.31,4521.68,29907
1777471200,4521.69,4542.55,4517.85,4539.25,29829
1777474800,4539.37,4558.96,4536.16,4547.8,29106
1777478400,4547.8,4564.98,4543.33,4545.33,26910
1777482000,4545.36,4554.55,4541.42,4547.39,25250
1777485600,4547.62,4553.06,4518.73,4538.22,29367
1777489200,4538.33,4550.79,4533.27,4546.83,26924
1777492800,4547.18,4553.59,4541.38,4543.66,22339
1777500000,4543.71,4552.84,4539.21,4552.19,13344
1777503600,4552,4562.05,4549.57,4561.83,12080
1777507200,4561.85,4574.2,4556.29,4570.07,22744
1777510800,4569.8,4582.56,4564.76,4578.99,24574
1777514400,4579.11,4581.9,4560.02,4564.77,22438
1777518000,4564.57,4569.09,4555.61,4556.02,19463
1777521600,4556.09,4557.1,4540.79,4541.97,21395
1777525200,4541.79,4569.75,4541.79,4562.68,22315
1777528800,4562.69,4591.66,4560.06,4589.59,26396
1777532400,4589.4,4605.54,4585.11,4598.38,25228
1777536000,4598.41,4629.43,4597.24,4616.21,25180
1777539600,4616.32,4631.59,4614.09,4625.32,24796
1777543200,4625.28,4646.73,4623.62,4639.66,24629
1777546800,4640.07,4644.99,4626.66,4630.31,25662
1777550400,4630.56,4640,4624.7,4639.5,25395
1777554000,4639.63,4645.85,4610.68,4610.93,28581
1777557600,4610.95,4626.02,4609.47,4619.58,29489
1777561200,4619.5,4625.44,4611.16,4615.52,27664
1777564800,4615.45,4617.86,4605.31,4607.54,24250
1777568400,4607.55,4621.65,4607.55,4616.92,24057
1777572000,4617.13,4625.33,4616.89,4622.6,23005
1777575600,4622.59,4627.22,4614.5,4617.18,23162
1777579200,4617.14,4622.11,4615.39,4621.7,16211
1777586400,4628.14,4632.91,4625.46,4630.44,12185
1777590000,4630.47,4634.18,4626.29,4626.34,12209
1777593600,4626.52,4631.13,4618.53,4619.81,19557
1777597200,4619.84,4622.33,4613.82,4620.78,16261
1777600800,4620.46,4635.98,4616.36,4618.97,17212
1777604400,4618.85,4632.15,4617.66,4626.78,15070
1777608000,4626.9,4628.79,4609.08,4609.08,15962
1777611600,4609.3,4616.17,4602.78,4605.01,16210
1777615200,4604.77,4607.93,4590.74,4594.79,21082
1777618800,4594.63,4598.23,4575.84,4578.37,21907
1777622400,4578.27,4582.68,4565.06,4568.82,21216
1777626000,4569.06,4573.11,4560.08,4562.99,18712
1777629600,4562.8,4576.04,4561.51,4566.95,17622
1777633200,4566.96,4579.68,4562.3,4578.79,21107
1777636800,4578.47,4607.78,4574.77,4591.04,25353
1777640400,4590.83,4628.82,4586.52,4625.82,26792
1777644000,4626.03,4660.27,4625.95,4632.16,29025
1777647600,4632.18,4648.2,4618.95,4643.14,26646
1777651200,4643.09,4650.11,4633.92,4638.97,24847
1777654800,4639.09,4642.84,4626.7,4629.47,21146
1777658400,4629.46,4630.79,4613.6,4624.12,23027
1777662000,4624.25,4627.79,4608.74,4610.89,21912
1777665600,4610.62,4617.39,4606.83,4616.19,13537
1777845600,4619.77,4629.43,4612.32,4618.95,15036
1777849200,4618.64,4620.88,4611.18,4613.76,14215
1777852800,4613.75,4616.57,4601.88,4613.16,20161
1777856400,4613.15,4614.11,4592.48,4612.83,19713
1777860000,4612.87,4618.57,4591.03,4605.63,19366
1777863600,4605.65,4617.16,4598.37,4615.15,18872
1777867200,4615.11,4615.46,4605.07,4605.99,16682
1777870800,4606.06,4613.13,4592.17,4598.89,20190
1777874400,4598.93,4600.88,4583.66,4588.37,22893
1777878000,4588.54,4593.43,4577.81,4578.77,21780
1777881600,4578.76,4581.77,4573.63,4576.88,21994
1777885200,4576.89,4584.35,4572.31,4575.21,17926
1777888800,4575.18,4575.68,4525.95,4562.53,28435
1777892400,4562.96,4570.64,4551.31,4560.49,24258
1777896000,4560.37,4579.2,4559.22,4568.49,24514
1777899600,4568.06,4575.56,4555.5,4564.13,27936
1777903200,4563.93,4583.31,4553.48,4561.33,28487
1777906800,4561.58,4566.13,4513.09,4521.59,30079
1777910400,4521.41,4526.95,4500.57,4510.67,28257
1777914000,4510.81,4531.43,4510.81,4522.16,25742
1777917600,4522.49,4525.35,4509.91,4516.36,22276
1777921200,4516.37,4527.26,4511.32,4517.64,23124
1777924800,4517.57,4523.88,4511.61,4523.66,13273
1777932000,4523.31,4524.79,4515.52,4517.29,10170
1777935600,4517.21,4521.65,4516.06,4519.06,9720
1777939200,4519.03,4530.45,4513.42,4530.18,18124
1777942800,4529.82,4542.25,4525.22,4540.79,19587
1777946400,4541.46,4546.73,4534.58,4538.92,16462
1777950000,4538.91,4542.76,4532.12,4534.72,15171
1777953600,4534.73,4536.67,4527.74,4533.51,14701
1777957200,4533.48,4551.71,4531.34,4545.52,18601
1777960800,4545.54,4552.18,4533.89,4547.97,20981
1777964400,4547.99,4558.2,4543.27,4545.63,22579
1777968000,4545.46,4559.59,4545.39,4558.33,22077
1777971600,4558.63,4560.53,4551.22,4556.16,19599
1777975200,4556.39,4556.97,4540.15,4543.67,19220
1777978800,4543.68,4564.98,4539.84,4562.66,23526
1777982400,4562.78,4574.69,4554.15,4564.56,23153
1777986000,4564.51,4584.7,4564.3,4579.26,23476
1777989600,4579.28,4586.69,4565.81,4582.21,22901
1777993200,4582.3,4583.93,4568.56,4568.66,20176
1777996800,4568.59,4569.1,4553.75,4561.12,19276
1778000400,4561.13,4562.9,4553.16,4560.06,18059
1778004000,4560.04,4565.7,4557.55,4561.15,15835
1778007600,4561.12,4561.59,4551.47,4554.58,14616
1778011200,4554.93,4560.06,4553.88,4557.63,10854
1778018400,4557.95,4577.23,4546.19,4572.92,13218
1778022000,4573.27,4595.8,4569.32,4593.87,17783
1778025600,4593.95,4619.74,4588.76,4618.64,19372
1778029200,4618.62,4628.62,4609.42,4626.13,20445
1778032800,4625.88,4641.91,4625.18,4640.58,17525
1778036400,4640.64,4651.71,4638.48,4643.84,15411
1778040000,4643.85,4653.76,4643.33,4649.11,16809
1778043600,4649.14,4663.88,4644.52,4662.95,17637
1778047200,4663,4669.66,4657.19,4669.12,19089
1778050800,4669.28,4681.75,4657.36,4681.39,18582
1778054400,4681.02,4702.4,4671.75,4700.13,19944
1778058000,4700.25,4708.58,4689.35,4701.58,22921
1778061600,4701.95,4722.8,4695.56,4718.19,21937
1778065200,4718.12,4721.19,4690.69,4692.06,23201
1778068800,4692.16,4693.16,4660.61,4683.42,25237
1778072400,4682.81,4707.75,4668.7,4701.98,26097
1778076000,4701.62,4716.92,4697.38,4702.91,25292
1778079600,4702.85,4705.9,4687.83,4687.83,22999
1778083200,4687.33,4692.17,4679.42,4683.22,21973
1778086800,4683.29,4688.17,4678.8,4684,19701
1778090400,4684.19,4690.56,4681.75,4685.98,17248
1778094000,4686.02,4700.25,4686.02,4692.34,17888
1778097600,4692.35,4699.66,4685.06,4691.02,13571
1778104800,4696.2,4699.88,4689.31,4694.73,11546
1778108400,4694.76,4699.62,4690.32,4698.84,11753
1778112000,4698.75,4701.25,4685.4,4688.46,19799
1778115600,4688.56,4721.43,4685.15,4714.82,22055
1778119200,4714.58,4718.67,4699.86,4707.37,17628
1778122800,4707.13,4709.92,4698.79,4699.04,13349
1778126400,4699,4700.63,4692.17,4696.52,13953
1778130000,4696.41,4706.53,4694.51,4701.11,15498
1778133600,4701.11,4749.89,4700.95,4739.26,21573
1778137200,4738.83,4750.77,4731.74,4743.22,22278
1778140800,4742.76,4753.54,4730.81,4731.13,20444
1778144400,4731.27,4739.62,4721.92,4729.18,20021
1778148000,4729.2,4740.05,4726.46,4735.86,17762
1778151600,4736.51,4743.74,4727.19,4742.92,19210
1778155200,4742.93,4752.64,4733.23,4750.23,21748
1778158800,4750.25,4758.03,4731.25,4746.31,24564
1778162400,4745.8,4763.48,4741.27,4762.92,23801
1778166000,4762.93,4764.87,4726.29,4729.36,25055
1778169600,4729.38,4729.87,4704.26,4714.9,26413
1778173200,4715.55,4719.55,4688.12,4711.48,26484
1778176800,4712.08,4716.02,4695.49,4709.62,24410
1778180400,4709.63,4713.07,4697.93,4703.07,23592
1778184000,4703.16,4719.33,4686.07,4687.28,18994
1778191200,4687.13,4699.52,4681.66,4685.73,15600
1778194800,4685.75,4705.65,4684.48,4704.13,13077
1778198400,4704.76,4709.57,4693.89,4701.23,19080
1778202000,4701.09,4725.49,4700.55,4722.98,21667
1778205600,4722.96,4732.72,4706.88,4713.3,20432
1778209200,4713.4,4731.02,4711.02,4719.53,16101
1778212800,4719.52,4723.41,4708.91,4711.15,14390
1778216400,4711.03,4731.39,4709.81,4727.64,17415
1778220000,4727.65,4734.67,4712.78,4725.58,21515
1778223600,4725.42,4726.26,4696.85,4708.11,21722
1778227200,4708.29,4723.58,4706.69,4715.88,19300
1778230800,4715.99,4722.94,4707.38,4711.8,17691
1778234400,4711.81,4727.79,4711.31,4719.69,16517
1778238000,4719.85,4727.42,4713.6,4717.83,18485
1778241600,4717.82,4732.1,4702.69,4724.34,23591
1778245200,4724.29,4748.14,4716.65,4748.14,25466
1778248800,4748.12,4749.4,4713.2,4716.06,25549
1778252400,4716.04,4720.95,4701.89,4707.14,23832
1778256000,4707.31,4720.32,4705.41,4712.29,19436
1778259600,4712.31,4722.8,4712.07,4720.82,16629
1778263200,4720.83,4729.02,4719.75,4722.04,16633
1778266800,4721.98,4726.86,4720.94,4723.77,15578
1778270400,4724.18,4724.26,4714.46,4715.2,12117
1778450400,4698.59,4701.53,4678.71,4691.82,18093
1778454000,4691.58,4698.58,4688.7,4691.71,14273
1778457600,4691.67,4693.38,4670.1,4683.64,20450
1778461200,4684.33,4705.58,4674.54,4685.82,24840
1778464800,4685.78,4700.21,4676.33,4681.56,20860
1778468400,4681.42,4690.42,4674.91,4678.48,17612
1778472000,4678.46,4679.92,4668.35,4671.9,15536
1778475600,4671.89,4680.79,4647.91,4652.16,19220
1778479200,4652.09,4680.22,4649.2,4678.52,21618
1778482800,4678.58,4680.2,4664.17,4667.87,17881
1778486400,4667.83,4678.72,4664.29,4667.69,17765
1778490000,4667.56,4670.08,4650.68,4656.87,16884
1778493600,4656.79,4667.42,4656.26,4663.94,15933
1778497200,4664.03,4677.33,4664.03,4674.58,17855
1778500800,4674.59,4700.9,4667.45,4699.83,23068
1778504400,4699.97,4748.64,4698.68,4736.05,27136
1778508000,4736.05,4738.55,4715.53,4725.43,24896
1778511600,4725.38,4738.22,4722.84,4732.06,20983
1778515200,4732.23,4733.62,4708.23,4716.64,20313
1778518800,4716.59,4724.8,4715.85,4723.6,18478
1778522400,4723.91,4729.48,4720.72,4725.05,16847
1778526000,4725.21,4736.28,4722.33,4733.46,16843
1778529600,4733.57,4738.46,4730.27,4734.8,11695
1778536800,4740.33,4755.21,4737.41,4751.01,11887
1778540400,4751.95,4769.51,4746.03,4767.31,15065
1778544000,4767.26,4773.53,4748.97,4749.15,20646
1778547600,4749.39,4755.57,4720.31,4727.08,24628
1778551200,4727.09,4733.91,4722.09,4730.08,21356
1778554800,4730.16,4733.28,4717.98,4720.05,17098
1778558400,4720.28,4730.31,4711.24,4714.08,15620
1778562000,4713.89,4722.32,4708.77,4714.16,20713
1778565600,4714.11,4714.13,4694.37,4697.14,22924
1778569200,4697.05,4703.97,4687.2,4699.97,20349
1778572800,4701.01,4706.82,4696.96,4703.22,19105
1778576400,4703.23,4705.14,4694.19,4699.61,18629
1778580000,4699.62,4708.49,4685.1,4694.49,18397
1778583600,4694.48,4709.3,4687.02,4706.44,21102
1778587200,4706.54,4711.63,4689.69,4705.61,23401
1778590800,4705.44,4708.96,4676.86,4679.24,26763
1778594400,4679.92,4695.01,4669.28,4672.78,26318
1778598000,4672.92,4675.96,4638.17,4666.18,26094
1778601600,4666.33,4675.22,4664.09,4671.31,22588
1778605200,4671.55,4682.46,4671.45,4678.77,21018
1778608800,4678.79,4698.2,4676.18,4695.9,21894
1778612400,4696.25,4715.79,4696.22,4715.79,20870
1778616000,4715.46,4719.09,4712.09,4715.34,13522
1778623200,4715.37,4722.57,4712.24,4716.88,13454
1778626800,4717.15,4723.97,4715.14,4717.03,15722
1778630400,4716.47,4726.76,4714.12,4714.44,20699
1778634000,4714.68,4716.7,4701,4702.69,21853
1778637600,4702.62,4707.6,4687.64,4691.81,18687
1778641200,4691.63,4706.02,4688.87,4695.91,16643
1778644800,4696.16,4703.43,4695.47,4699.73,13691
1778648400,4699.46,4707.43,4693.58,4703.88,19060
1778652000,4703.95,4715.39,4699.11,4701.43,20397
1778655600,4701.72,4708.89,4696.84,4703,18252
1778659200,4702.99,4704.41,4694.57,4700.6,17837
1778662800,4700.79,4701.9,4685.85,4700.82,17652
1778666400,4700.81,4710.48,4693.66,4694.09,18545
1778670000,4694.08,4705.39,4691.52,4697.29,18745
1778673600,4697.24,4701.38,4676.37,4683.71,23249
1778677200,4683.72,4694.68,4669.34,4679.47,24977
1778680800,4679.44,4691.05,4672.94,4679.7,24817
1778684400,4679.98,4699.94,4678.91,4695.34,22687
1778688000,4695.31,4709.93,4695.02,4695.63,22079
1778691600,4695.81,4701.32,4684.63,4685.47,20146
1778695200,4685.56,4694.07,4677.62,4685.07,18844
1778698800,4685.18,4690.64,4683.33,4688.19,18024
1778702400,4688.06,4693.54,4685.86,4688.95,11700
1778709600,4692.72,4700.66,4689.16,4699.98,11421
1778713200,4700.01,4702.31,4693.13,4696.48,11322
1778716800,4696.47,4706.88,4689.42,4705.17,17930
1778720400,4705.27,4706.97,4683.51,4688.86,24127
1778724000,4688.91,4699.7,4679.96,4686.4,20355
1778727600,4686.23,4693.25,4673.78,4674.87,19657
1778731200,4674.67,4712.57,4668.48,4702.34,18039
1778734800,4702.34,4704.27,4688.86,4689.79,19530
1778738400,4688.72,4702.36,4686.02,4700.35,20665
1778742000,4699.48,4718.84,4691.12,4693.02,20641
1778745600,4692.84,4706.67,4692.23,4693.43,19247
1778749200,4693.48,4702.42,4688.39,4699.7,18722
1778752800,4699.75,4705.5,4691.13,4697.24,18289
1778756400,4696.98,4704.75,4689.45,4694.51,19391
1778760000,4694.15,4710.17,4692.51,4704.98,21644
1778763600,4705.17,4707.92,4666.77,4679.67,26694
1778767200,4678.9,4700.95,4677.79,4679.44,26161
1778770800,4679.56,4689.46,4676.98,4685.65,22010
1778774400,4685.89,4686.86,4670.45,4678.39,22175
1778778000,4678.41,4683.16,4676.31,4678.09,20085
1778781600,4678.22,4678.47,4666.92,4671.52,18428
1778785200,4671.58,4671.89,4653.15,4654.35,18733
1778788800,4654.3,4656.98,4644.24,4652.5,14772
1778796000,4649.38,4662.78,4647.32,4662.08,13599
1778799600,4662.24,4665.29,4647.08,4652.26,15521
1778803200,4652.02,4658.34,4613.85,4629.99,24466
1778806800,4629.79,4631.51,4607.33,4614.05,27845
1778810400,4613.97,4623.4,4609.2,4618.1,23280
1778814000,4617.97,4622.3,4607.29,4615.33,20048
1778817600,4615.42,4621.58,4604.2,4606.27,17972
1778821200,4606.03,4606.35,4558.2,4558.83,26263
1778824800,4558.77,4580.47,4556.2,4570.12,26627
1778828400,4569.96,4588.73,4565.87,4570.66,23382
1778832000,4571.67,4572.05,4549.82,4554.02,23818
1778835600,4554.25,4563.77,4531.89,4545.81,24831
1778839200,4545.85,4572.64,4544.04,4566.24,26593
1778842800,4565.9,4570.27,4549.75,4552.1,22838
1778846400,4550.86,4558.5,4543.63,4546.02,25373
1778850000,4546.42,4557.43,4511.86,4533.54,28033
1778853600,4533.28,4566.57,4525.46,4562.68,28108
1778857200,4562.95,4563.77,4533.83,4539.82,26055
1778860800,4540.83,4548.06,4529.37,4544.48,23545
1778864400,4544.3,4564.51,4543.12,4559.48,20879
1778868000,4559.69,4563.11,4552.44,4559.13,20362
1778871600,4559.35,4560.16,4544.84,4545.71,20029
1778875200,4546.19,4546.38,4533.24,4538.28,15802
1779055200,4531.32,4555.12,4528.37,4546.24,17718
1779058800,4546,4548.12,4531.94,4537.25,19229
1779062400,4537.26,4542.38,4480.54,4515.92,27421
1779066000,4514.82,4535.66,4489.42,4525.24,28755
1779069600,4525.02,4542.62,4521.93,4533.76,24023
1779073200,4533.78,4548.02,4525.45,4541.2,22713
1779076800,4541.18,4549.5,4530.26,4540.51,19368
1779080400,4540.65,4552.06,4529.87,4531.03,21985
1779084000,4530.25,4547.94,4529.88,4546.72,23576
1779087600,4546.9,4560.07,4538.39,4546.35,22072
1779091200,4546.46,4557.05,4542.6,4549.9,20261
1779094800,4549.94,4552.04,4540.19,4543.12,18680
1779098400,4542.92,4547.63,4532.02,4540.16,18976
1779102000,4540.17,4566.91,4529.91,4550.6,22995
1779105600,4550.25,4574.65,4545.2,4571.31,24641
1779109200,4571.31,4584.32,4561.8,4575.56,25625
1779112800,4574.9,4575.29,4537.86,4546.5,27261
1779116400,4547.07,4547.88,4532.65,4543.4,25032
1779120000,4543.65,4554.43,4534.02,4550.31,23940
1779123600,4549.98,4558.25,4545.6,4547.11,20329
1779127200,4547.16,4547.88,4534.11,4535.41,20216
1779130800,4535.64,4565.12,4535.18,4558.44,24034
1779134400,4559.21,4566.74,4557.75,4566.31,12935
1779141600,4568.99,4578.46,4567.42,4574.06,10673
1779145200,4574.07,4588.9,4573.76,4581.88,12667
1779148800,4582.24,4588.91,4561.14,4563,20447
1779152400,4562.68,4572.32,4554.04,4563.97,22584
1779156000,4563.83,4563.83,4545.94,4547.23,21242
1779159600,4547.22,4555.07,4543.57,4545.16,16717
1779163200,4545.21,4545.63,4538.06,4542.33,15133
1779166800,4542.73,4546.6,4531.07,4540.87,20815
1779170400,4540.9,4553.81,4533.59,4547.98,22348
1779174000,4546.76,4559.17,4541.33,4557.14,20484
1779177600,4557.41,4558.96,4536.17,4542.89,19883
1779181200,4542.83,4546.9,4535.99,4541.68,19778
1779184800,4541.69,4544.77,4525.5,4544.77,19311
1779188400,4544.8,4547.98,4529.82,4530.9,20382
1779192000,4530.91,4547.12,4527.59,4537.31,21608
1779195600,4537.19,4537.43,4464.82,4503.99,28030
1779199200,4503.7,4514.15,4484.48,4494.06,27970
1779202800,4494.05,4509.39,4489.84,4508.27,24756
1779206400,4508.24,4512.44,4496.38,4507.65,22100
1779210000,4507.5,4511.01,4499.12,4501.02,20687
1779213600,4501.27,4503.78,4490.5,4493.48,20762
1779217200,4493.31,4497.65,4481.15,4483.3,20924
1779220800,4483.55,4488.25,4480.92,4481.89,13398
1779228000,4481.68,4485.95,4477.44,4484.38,12143
1779231600,4484.4,4496.55,4479.77,4489.47,13201
1779235200,4489.46,4509.03,4479.58,4501.07,23297
1779238800,4500.6,4505.74,4456.2,4481.18,25859
1779242400,4481.42,4486.98,4458.55,4465.38,23215
1779246000,4465.07,4467.25,4453.53,4463.83,19849
1779249600,4463.82,4470.76,4456.64,4461.94,16565
1779253200,4461.88,4479.19,4461.67,4472.73,20001
1779256800,4472.73,4478.43,4461.55,4474.33,23300
1779260400,4473.77,4486.05,4471.99,4478.67,20244
1779264000,4478.72,4490.21,4476.77,4484.19,21098
1779267600,4483.64,4491.09,4472.7,4485.07,17904
1779271200,4485.01,4497.02,4484.73,4494.8,16711
1779274800,4494.76,4500.92,4490.9,4499.23,18289
1779278400,4499.17,4505.29,4492.91,4496.06,21432
1779282000,4496,4506.2,4481.96,4483.15,26006
1779285600,4483.84,4537.24,4467.07,4531.3,27681
1779289200,4531.16,4552.54,4523.05,4529.08,26758
1779292800,4529.09,4535.59,4524.07,4534.43,23733
1779296400,4534.91,4538.21,4529.81,4531.55,20880
1779300000,4531.75,4545.13,4529.5,4542.28,20194
1779303600,4542.49,4550.16,4541.77,4545.83,18735
1779307200,4545.81,4550.39,4541.92,4543.85,15447
1779314400,4546.66,4547,4535.13,4539.77,13989
1779318000,4540.06,4547.34,4534.47,4546.71,11627
1779321600,4546.7,4553.3,4537.47,4545.38,18787
1779325200,4545.38,4570.79,4539.77,4560.97,22843
1779328800,4561.5,4564.95,4531.44,4533.13,20518
1779332400,4533.04,4540.37,4527.02,4528.58,17366
1779336000,4528.13,4540.38,4527.4,4538.33,14055
1779339600,4538.57,4540.28,4518.36,4528.02,20275
1779343200,4527.88,4539.93,4518.85,4521.47,22739
1779346800,4521.71,4524.19,4511.75,4519.81,20639
1779350400,4519.91,4536.86,4518.42,4532.44,21424
1779354000,4532.2,4542.86,4527.67,4530.78,19531
1779357600,4530.74,4535.04,4504.74,4511.63,23431
1779361200,4511.17,4521.32,4508.07,4514.07,21303
1779364800,4514.18,4519.41,4502.49,4504.03,23327
1779368400,4503.95,4520.96,4488.66,4513.24,27973
1779372000,4513.06,4515.24,4498.14,4508.96,27318
1779375600,4509.15,4515.37,4496.65,4512.05,24356
1779379200,4512.04,4520.65,4512.04,4519.53,23305
1779382800,4519.61,4559.36,4514.07,4551.59,27136
1779386400,4550.97,4556.21,4527.34,4531.91,24814
1779390000,4531.66,4543.75,4530.21,4542.9,21879
1779393600,4543.2,4544.86,4539.71,4543,11645
1779400800,4542.07,4546.07,4539.52,4543.1,9609
1779404400,4543.5,4545.06,4532.59,4535.58,11065
1779408000,4535.58,4541.14,4525.42,4526.53,18896
1779411600,4526.33,4536.23,4521.04,4526.48,22048
1779415200,4526.43,4529.47,4518.72,4523.29,18360
1779418800,4523.3,4530.11,4519.27,4529.55,15312
1779422400,4529.56,4533.09,4525.36,4527.06,13084
1779426000,4526.96,4534.3,4507.49,4511.1,17260
1779429600,4511.08,4528.76,4510.27,4526.74,23143
1779433200,4526.72,4527.47,4516.14,4521.86,19847
1779436800,4522.11,4531.28,4517.13,4522,22002
1779440400,4521.97,4535.97,4514.71,4532.1,18810
1779444000,4532.11,4536.88,4510.01,4514.85,19413
1779447600,4514.83,4524.89,4511.46,4520.77,19388
1779451200,4520.49,4535.82,4515.17,4528.08,23843
1779454800,4528.48,4534.33,4510.25,4514,25736
1779458400,4513.91,4513.91,4491.89,4500.47,26608
1779462000,4500.55,4522.37,4500.36,4520.21,24031
1779465600,4520.15,4526.9,4512.28,4514.8,19453
1779469200,4515.07,4527.9,4513.02,4519.31,19918
1779472800,4519.12,4520,4511.72,4514.94,17192
1779476400,4515.03,4515.93,4504.2,4508.18,17372
1779480000,4508.31,4510.45,4504.04,4506.96,11947
1779660000,4542.04,4565.62,4541.56,4565.03,18756
1779663600,4565.11,4579.71,4565.11,4567.07,15606
1779667200,4567.4,4579.44,4566.03,4569.38,18070
1779670800,4569.26,4576.24,4560.13,4562.97,22536
1779674400,4562.93,4570.26,4558.67,4561.39,17880
1779678000,4561.41,4564.34,4556.63,4559.58,16166
1779681600,4559.54,4565.89,4559.44,4564.87,13103
1779685200,4564.9,4565.82,4551.98,4553.28,15591
1779688800,4553.22,4563.23,4550.35,4562.28,20335
1779692400,4562.46,4565.1,4552.4,4564.83,19838
1779696000,4564.67,4565.03,4553.29,4555.95,17569
1779699600,4555.93,4569.08,4554.81,4567.38,14793
1779703200,4567.42,4573.73,4567.34,4568.77,16310
1779706800,4568.76,4577.03,4567.57,4569.59,15904
1779710400,4569.17,4570.03,4552.85,4567.69,18963
1779714000,4567.7,4571.58,4560.1,4562.91,20945
1779717600,4562.92,4570.73,4562.16,4566.67,17669
1779721200,4566.65,4574.6,4565.63,4570.73,17431
1779724800,4570.78,4574.72,4567.87,4573.57,13656
1779728400,4573.3,4577.66,4563.28,4565.3,11314
1779732000,4565.3,4571.5,4564.54,4570.75,4770
1779746400,4571.71,4576.66,4569.51,4574.99,11799
1779750000,4575.01,4580.28,4555.17,4559.53,15361
1779753600,4559.88,4559.88,4539.67,4549.43,20363
1779757200,4549.59,4550.11,4527.95,4537.1,22924
1779760800,4536.86,4539.66,4529.88,4532.14,16371
1779764400,4532.08,4545.36,4532.01,4542.15,13950
1779768000,4542.38,4543.24,4523.35,4525.53,13475
1779771600,4525.17,4535.16,4522.97,4527.11,17835
1779775200,4527.12,4536.25,4526.97,4531.13,19954
1779778800,4531.18,4539.01,4521.63,4538.15,21462
1779782400,4538.53,4538.54,4520.14,4523.9,20178
1779786000,4524.18,4526.53,4512.24,4522.54,20084
1779789600,4523.1,4540.66,4519.3,4534.32,20779
1779793200,4534.34,4536.22,4503.82,4507.35,21676
1779796800,4507.34,4523.56,4500.53,4520.5,23127
1779800400,4519.95,4531.41,4512.42,4513.93,24820
1779804000,4514.8,4525.04,4508.05,4515.13,24798
1779807600,4515.59,4515.59,4502.41,4506.58,24465
1779811200,4507.21,4511.27,4499.66,4505.02,21901
1779814800,4505.06,4507.57,4489.95,4491.16,20507
1779818400,4490.85,4499.63,4482.6,4499.16,20295
1779822000,4499.15,4510.06,4497.47,4508.82,18074
1779825600,4509.05,4510.51,4503.55,4507.7,11291
1779832800,4515.43,4516.23,4496.24,4511.09,12671
1779836400,4511.11,4527.83,4504.36,4519.48,13750
1779840000,4519.21,4525.92,4514.19,4514.96,15263
1779843600,4514.73,4521.15,4506.86,4507.84,18073
1779847200,4507.85,4509.49,4498.12,4505.63,15204
1779850800,4505.6,4512.1,4496.54,4497.25,12873
1779854400,4497.27,4517.24,4495.82,4510.25,14352
1779858000,4510.26,4513.79,4491.61,4497.42,19700
1779861600,4497.64,4499.23,4479.77,4485.3,22513
1779865200,4485.9,4489.24,4475.73,4482.11,19203
1779868800,4481.62,4498.75,4481.62,4497.7,20205
1779872400,4497.53,4497.53,4486.77,4490.04,16644
1779876000,4490.03,4490.64,4442.95,4445.87,21802
1779879600,4446.23,4453.34,4424.86,4428.72,23386
1779883200,4428.96,4466.38,4427.4,4438.97,25467
1779886800,4438.96,4439.03,4401.51,4427.18,28756
1779890400,4427.14,4455.38,4425.88,4433.81,27287
1779894000,4433.7,4441.58,4428.09,4436.65,23600
1779897600,4436.64,4453.42,4434.1,4450.9,20440
1779901200,4450.66,4454.45,4441.31,4450.25,20672
1779904800,4450.08,4458.4,4447.61,4454.27,16915
1779908400,4454.53,4454.9,4448.87,4450.66,15846
1779912000,4450.75,4458.93,4450,4456.43,10765
1779919200,4463.03,4465.93,4455.15,4457.52,9105
1779922800,4457.52,4457.85,4443.7,4446.94,13266
1779926400,4446.39,4457.54,4443.77,4457.17,17588
1779930000,4457.15,4458.77,4407.05,4410.12,23983
1779933600,4410.21,4412.75,4392.47,4394.31,20909
1779937200,4394.24,4397.92,4368.63,4374.65,21796
1779940800,4374.64,4382.1,4366.29,4373.11,19898
1779944400,4373,4395.71,4367.28,4387.8,21118
1779948000,4388.06,4390.56,4374.06,4383.35,21764
1779951600,4384.27,4396.17,4382.84,4387.41,20524
1779955200,4388.16,4394.97,4385.83,4386.84,19074
1779958800,4386.8,4398.9,4386.44,4393.44,20208
1779962400,4393.71,4404.35,4375.33,4383.12,21157
1779966000,4382.72,4390.58,4381.05,4387.8,20670
1779969600,4387.81,4433.52,4379.55,4431.98,24053
1779973200,4432.09,4439.06,4418.23,4430.55,26726
1779976800,4430.25,4480.38,4420.73,4469.42,28632
1779980400,4469.92,4484.82,4468.76,4482.17,25193
1779984000,4482.27,4511.18,4477.95,4511.14,23577
1779987600,4511.33,4514.59,4501.24,4508.84,21581
1779991200,4508.85,4516.63,4498.48,4501.1,20337
1779994800,4501.13,4503.73,4496.94,4498.06,17130
1779998400,4497.98,4500.76,4494.76,4495.58,11760
1780005600,4499.08,4499.08,4490.81,4491.38,9391
1780009200,4491.19,4497.13,4488.94,4495.27,11027
1780012800,4494.98,4500.49,4492.11,4495.93,16829
1780016400,4496.1,4520.72,4492.31,4506.33,21185
1780020000,4506.04,4511.25,4498.33,4501.65,16261
1780023600,4501.48,4502.01,4494.63,4501.39,16440
1780027200,4501.15,4514.78,4500.92,4514.23,14366
1780030800,4514.19,4515.82,4502.57,4514.98,15830
1780034400,4515.47,4524.11,4509.96,4523.74,21565
1780038000,4523.27,4526.19,4510.61,4524.65,19230
1780041600,4524.41,4524.92,4509.94,4514.99,18186
1780045200,4515.08,4539.37,4513.12,4531.18,19986
1780048800,4531,4543.3,4525.42,4538.65,18310
1780052400,4538.37,4540.46,4525.99,4538.22,18869
1780056000,4538.23,4538.62,4512.6,4523.14,21907
1780059600,4523.64,4540.8,4517,4536.7,24165
1780063200,4536.62,4570.35,4525.4,4564.13,27660
1780066800,4564.56,4595,4557.58,4571.11,27126
1780070400,4571.17,4573.42,4559.95,4567.04,20337
1780074000,4567.01,4568.64,4551.55,4553.34,18867
1780077600,4553.35,4561.78,4550.98,4553.44,16589
1780081200,4553.37,4560.1,4542.83,4545.43,16363
1780084800,4545.28,4549.18,4539.62,4539.83,11871
1780264800,4522.08,4540.49,4517.93,4535.14,14027
1780268400,4535.25,4545.81,4535.18,4539.66,12387
1780272000,4540.23,4545.98,4535.31,4540.54,16315
1780275600,4540.68,4541.11,4523.67,4525.55,20758
1780279200,4525.52,4534.7,4521.04,4521.28,17554
1780282800,4521.37,4525.48,4509.73,4516.41,15057
1780286400,4516.13,4519.67,4508.49,4514.24,13474
1780290000,4514.26,4525.03,4512.57,4518.3,17148
1780293600,4518.29,4518.84,4500.33,4501.79,19867
1780297200,4501.61,4510.03,4492.41,4502.92,18503
1780300800,4503.65,4504.35,4490.5,4498.18,15977
1780304400,4498.05,4506.26,4489.32,4495.89,17523
1780308000,4495.91,4511.02,4495.91,4504.06,15161
1780311600,4504.02,4512.97,4499.89,4505.78,15388
1780315200,4505.84,4510.19,4497.28,4502.36,18693
1780318800,4502.1,4503.92,4448.86,4450.42,26929
1780322400,4449.38,4464.56,4447.55,4458.48,25066
1780326000,4458.78,4479.63,4455.49,4474.24,22285
1780329600,4474.23,4482.23,4463.14,4479.98,19979
1780333200,4480.39,4495.4,4471.41,4487.42,19934
1780336800,4487.46,4490.28,4484.73,4486.73,15452
1780340400,4486.41,4488.22,4479.03,4481.26,16266
1780344000,4481.26,4485.82,4480.05,4484.86,10373
1780351200,4485.52,4486.54,4479.64,4485.39,11208
1780354800,4485.25,4488.25,4479.26,4484.3,9843
1780358400,4484.36,4497.24,4476.66,4481.55,17466
1780362000,4481.08,4492.44,4462.83,4473.97,22911
1780365600,4473.85,4486.53,4472.18,4485.75,17916
1780369200,4485.78,4499.39,4485.54,4499.31,16085
1780372800,4499.16,4518.3,4497.61,4517.42,14647
1780376400,4517.47,4528.02,4515.01,4517.13,17184
1780380000,4517.14,4538.14,4517.03,4535.88,18616
1780383600,4535.96,4541.57,4527.81,4535.2,16965
1780387200,4535.18,4539.32,4525.91,4526.59,17371
1780390800,4526.76,4535.75,4521.83,4529.89,17675
1780394400,4529.74,4534.03,4524.52,4533.27,13833
1780398000,4533.28,4534.7,4525.6,4527.58,14620
1780401600,4527.65,4534.21,4513.39,4514.27,18472
1780405200,4514.68,4524.9,4502.92,4502.92,24606
1780408800,4502.51,4507.13,4490.19,4503.92,23758
1780412400,4503.99,4508.65,4500.01,4502.21,19049
1780416000,4502.37,4502.82,4486.16,4491.8,18321
1780419600,4491.84,4493.13,4481.98,4484.72,18191
1780423200,4484.74,4490.83,4478.67,4487.51,15538
1780426800,4487.52,4490.4,4483.33,4487.99,14336
1780430400,4487.96,4491.11,4486.17,4488.06,8837
1780437600,4491.79,4493.32,4483.76,4484.77,11708
1780441200,4484.74,4488.59,4461.88,4474.33,18042
1780444800,4474.24,4496.66,4473.8,4486.28,16038
1780448400,4486.11,4487.43,4463.63,4475.86,21222
1780452000,4476.08,4485.24,4472.75,4482.01,16314
1780455600,4482.04,4487.53,4481.96,4484.4,11992
1780459200,4484.53,4488.17,4468.22,4469.3,11187
1780462800,4469.28,4474.28,4456.52,4456.9,16777
1780466400,4456.91,4470.75,4455.18,4462.87,21305
1780470000,4462.77,4472.26,4452.71,4453.18,19071
1780473600,4453.2,4459.06,4440.23,4444.09,18700
1780477200,4443.65,4459.01,4438.86,4443.21,18276
1780480800,4443.27,4467.17,4440.81,4459.11,19813
1780484400,4459.57,4468.17,4458.41,4462.52,18387
1780488000,4462.72,4467.2,4448.11,4460.31,20187
1780491600,4460.17,4465.83,4426.36,4445.75,24848
1780495200,4445.06,4459.6,4442.47,4457.26,25177
1780498800,4457.43,4458.43,4436.92,4442.31,22297
1780502400,4442.47,4443.98,4433.68,4441.72,20064
1780506000,4442.25,4448.09,4435.54,4438.89,17239
1780509600,4438.88,4442.77,4435.38,4442.18,15437
1780513200,4442.14,4452.32,4441.3,4443.85,16276
1780516800,4443.76,4445.44,4430.39,4434.29,13469
1780524000,4436.94,4452.92,4423.85,4448.94,14589
1780527600,4449.23,4464.79,4445.29,4457.14,13862
1780531200,4456.82,4465.16,4444.03,4448.27,19217
1780534800,4447.95,4473.76,4443.32,4465.73,22035
1780538400,4465.52,4476.36,4455.73,4474.87,18479
1780542000,4474.95,4477.33,4458.21,4463.77,15964
1780545600,4463.84,4483.96,4462.14,4481.09,13781
1780549200,4481.14,4482.42,4466.87,4468.99,14979
1780552800,4469.35,4477.28,4462.84,4467.86,17180
1780556400,4468.19,4470.81,4459.71,4461.72,16066
1780560000,4461.65,4469.45,4458.38,4463.13,17918
1780563600,4463.37,4475.64,4461.09,4470.17,18405
1780567200,4470.27,4473.9,4464.25,4473.72,14428
1780570800,4473.76,4514.44,4468.8,4511.39,20203
1780574400,4511.58,4513.59,4491.23,4504.16,20526
1780578000,4503.28,4515.48,4495.29,4495.62,22339
1780581600,4495.66,4499.89,4457.25,4465.98,24478
1780585200,4466.11,4478.86,4463.75,4477.31,20576
1780588800,4477.32,4485.2,4475.32,4482.8,17851
1780592400,4482.67,4482.67,4474.07,4478.2,15976
1780596000,4478,4480.88,4472.66,4478.23,13725
1780599600,4478.22,4483.51,4476.05,4480.63,13080
1780603200,4480.72,4481.73,4474.24,4475.41,10096
1780610400,4473.69,4481.54,4468.74,4469.69,10938
1780614000,4469.88,4474.14,4460.38,4461.89,12154
1780617600,4461.83,4466.99,4450.56,4459.66,18790
1780621200,4459.44,4470.04,4444.21,4446.92,22577
1780624800,4446.87,4455.11,4438.34,4440.4,20043
1780628400,4440.44,4443.92,4435.12,4442.48,16624
1780632000,4442.51,4446.5,4437.48,4444.84,14021
1780635600,4444.86,4450.03,4438.76,4440.11,16660
1780639200,4440.55,4456.22,4428.55,4452.91,20244
1780642800,4452.5,4467.46,4451.93,4460.78,17385
1780646400,4460.65,4468.28,4458.63,4462.86,14135
1780650000,4462.64,4469.31,4458.8,4465.03,15073
1780653600,4464.77,4468.02,4461.97,4466.79,10888
1780657200,4466.52,4475.47,4458.18,4470.05,14124
1780660800,4470.66,4475.75,4404.78,4406.1,22259
1780664400,4406.22,4421.19,4365.47,4365.56,28446
1780668000,4365.83,4379.1,4344.49,4369.75,28739
1780671600,4370.07,4372.51,4333.97,4335.36,25650
1780675200,4335.33,4345.03,4323.34,4344.44,25859
1780678800,4344.43,4347.25,4335.65,4341.89,24383
1780682400,4342.18,4342.25,4315.19,4322.21,25078
1780686000,4322.28,4325.18,4313.82,4318.33,25333
1780689600,4318.49,4329.97,4311.65,4327.73,18922
1780869600,4328.03,4330.67,4310.06,4317.4,21112
1780873200,4317.6,4347.01,4317.58,4343.83,18464
1780876800,4343.32,4353.38,4339.71,4342.03,20220
1780880400,4342.05,4345.78,4300.33,4325.7,27979
1780884000,4326.2,4330.75,4307.15,4310.61,24009
1780887600,4310.6,4317.24,4303.59,4316.97,18925
1780891200,4316.99,4321.89,4307.66,4312.52,16291
1780894800,4312.51,4316.18,4268.53,4291.88,23063
1780898400,4291.87,4311.35,4291.87,4299.87,24492
1780902000,4299.95,4316.96,4294.35,4294.57,22189
1780905600,4295.17,4297.18,4285.37,4288.92,20498
1780909200,4288.99,4302.08,4272.97,4294.11,19494
1780912800,4294.89,4305.47,4286.02,4301.88,18003
1780916400,4302.23,4333.27,4297.03,4331.16,21809
1780920000,4330.99,4339.38,4320.14,4332.93,21073
1780923600,4332.98,4346.55,4321.62,4326.59,25241
1780927200,4326.92,4331.64,4314.93,4331.1,25201
1780930800,4331.38,4345.6,4322.66,4341.66,23128
1780934400,4341.68,4346.25,4337.87,4340.78,21596
1780938000,4340.74,4342.31,4331.96,4339.22,21608
1780941600,4339.28,4346.01,4332.95,4334.73,17107
1780945200,4334.58,4338.14,4323.24,4326.76,19244
1780948800,4326.78,4330.55,4324.34,4329.9,9429
1780956000,4330.49,4331.25,4322.74,4327.8,8671
1780959600,4327.81,4328.93,4312.83,4317.57,10464
1780963200,4317.51,4323.7,4314.9,4319.97,19816
1780966800,4319.83,4338.91,4318.67,4336.62,21856
1780970400,4336.61,4340.91,4328.17,4336.16,18901
1780974000,4335.76,4342.2,4331.31,4336.47,14960
1780977600,4336.46,4339.21,4324.32,4332.47,12773
1780981200,4332.61,4351.48,4330.81,4343.35,16415
1780984800,4343.31,4348.95,4330.2,4330.53,17009
1780988400,4330.5,4334.62,4322.16,4326.72,17030
1780992000,4326.74,4336.89,4321.14,4326.49,16542
1780995600,4326.73,4335.92,4324.08,4332.04,14350
1780999200,4332.07,4340.69,4325.34,4339.3,14059
1781002800,4339.22,4343.83,4335.54,4340.01,13561
1781006400,4340.14,4344.21,4334.86,4341.52,17129
1781010000,4341.96,4363.54,4325.19,4329.01,23990
1781013600,4328.83,4336.12,4278.54,4300.45,29375
1781017200,4300.75,4301.97,4263.02,4272.46,28886
1781020800,4272.43,4280.96,4236.65,4251.98,29149
1781024400,4252.24,4268.11,4251.31,4262.95,26525
1781028000,4263.15,4274.44,4259.47,4269.81,23792
1781031600,4269.88,4271.71,4249.87,4258.88,24396
1781035200,4258.4,4262.19,4255.75,4259.62,12581
1781042400,4255.91,4257.49,4232.3,4237.13,14749
1781046000,4237.08,4247.33,4210.35,4222.03,18064
1781049600,4222.06,4228.45,4198.86,4218.38,23680
1781053200,4218.28,4218.61,4183.91,4188.64,26131
1781056800,4189.27,4192.66,4173.33,4174.16,21751
1781060400,4174.12,4186.46,4172.93,4184.71,19354
1781064000,4184.72,4187.27,4172.31,4174.91,16241
1781067600,4175.17,4209.13,4173.33,4205.05,21078
1781071200,4205.08,4221.86,4201.92,4203.96,21043
1781074800,4203.23,4207.63,4181.45,4186.02,19672
1781078400,4186.41,4187.46,4161.48,4168.92,23669
1781082000,4169.12,4179.56,4162.93,4168.79,20841
1781085600,4168.8,4178.68,4155.65,4174.71,19747
1781089200,4175.1,4175.97,4145.7,4147.71,25590
1781092800,4147.7,4173.73,4130.49,4146.88,27181
1781096400,4146.9,4186.25,4132.93,4179.62,28670
1781100000,4179.72,4180.81,4118.03,4124.93,28473
1781103600,4124.97,4137,4106.68,4128.9,28865
1781107200,4129.77,4135.33,4115.85,4122.07,26912
1781110800,4122.28,4135.07,4100.8,4111.78,26144
1781114400,4112.03,4120.59,4096.88,4101.67,24328
1781118000,4101.92,4102.22,4081.55,4082.9,25175
1781121600,4082.45,4083.12,4067,4071.52,16062
1781128800,4070.87,4071.9,4036.06,4046.35,20482
1781132400,4046.59,4064.67,4023.76,4047.32,22529
1781136000,4048.1,4078.14,4036.22,4076.06,26835
1781139600,4075.96,4118.03,4066.18,4101.96,27305
1781143200,4101.72,4102.64,4052.12,4067.83,25247
1781146800,4067.82,4078.17,4056.85,4072.63,20765
1781150400,4072.64,4085.99,4069.99,4082.85,17501
1781154000,4082.79,4106.12,4072.55,4094.15,22043
1781157600,4094.11,4097.64,4076.32,4094.77,21456
1781161200,4094.27,4110.62,4091.79,4104.82,19453
1781164800,4104.79,4112.67,4084.38,4084.42,20047
1781168400,4084.43,4096.26,4077.42,4091.69,18740
1781172000,4091.37,4094.32,4086.44,4090.04,15565
1781175600,4090.03,4095.98,4079.85,4080.45,19811
1781179200,4080.76,4087.22,4057.5,4081.67,24612
1781182800,4082.06,4092.68,4066.94,4083.08,27683
1781186400,4083.26,4085.54,4053.05,4073.22,29062
1781190000,4073.43,4095.51,4070.29,4088.68,27624
1781193600,4088.99,4107.66,4077.91,4080.34,25345
1781197200,4080.13,4169.67,4072.07,4151.92,27812
1781200800,4152,4171.65,4131.16,4161.94,27539
1781204400,4162.18,4219.94,4162.18,4209.02,27728
1781208000,4208.73,4218.52,4208.05,4210.97,15633
1781215200,4218.09,4246.39,4205.22,4243.38,16668
1781218800,4243.31,4245.86,4214.15,4220.04,19305
1781222400,4220.23,4230.48,4200.71,4208.32,23368
1781226000,4208.4,4210.8,4171.48,4186.93,26062
1781229600,4186.34,4199.95,4182.71,4191.73,21996
1781233200,4191.65,4205.01,4189.5,4196.84,19118
1781236800,4197.54,4201.13,4189.33,4189.8,14406
1781240400,4189.93,4193.12,4170.57,4173.18,20501
1781244000,4173.52,4185.78,4172.31,4184.01,20316
1781247600,4184.73,4194.38,4170.12,4194.38,19841
1781251200,4194.35,4226.13,4191.75,4219.48,24070
1781254800,4219.78,4228.02,4217.26,4221.74,19613
1781258400,4221.83,4225.71,4202.89,4211.1,18966
1781262000,4211.96,4215.45,4197.48,4206.71,18067
1781265600,4206.6,4215.41,4188.29,4191.94,21318
1781269200,4191.81,4210.34,4182.74,4186.05,25786
1781272800,4186.67,4208.63,4176.85,4204.14,27880
1781276400,4204.64,4235.7,4200.35,4211.9,27388
1781280000,4210.96,4233.05,4208.09,4215.87,25298
1781283600,4215.82,4226.42,4213.74,4221.2,22190
1781287200,4221.51,4235.52,4214.12,4215.72,19892
1781290800,4215.68,4219.38,4201.73,4210.58,20269
1781294400,4210.46,4218.19,4209.27,4216.98,9882
1781474400,4268.16,4309.08,4265.22,4285.4,19724
1781478000,4285.79,4295.15,4280.9,4294.2,14279
1781481600,4293.92,4308.27,4291.55,4292.71,19849
1781485200,4292.81,4319.65,4285.3,4316.6,24095
1781488800,4316.5,4335.58,4316.23,4329.71,18100
1781492400,4329.65,4331.14,4321.25,4325.15,14712
1781496000,4325.1,4330.29,4321.05,4328.39,11475
1781499600,4328.13,4332.81,4307.38,4310.29,16592
1781503200,4309.94,4313.47,4300.78,4308.01,19474
1781506800,4308.24,4325.41,4305.1,4322.96,17979
1781510400,4322.64,4345.24,4321.53,4334.36,18997
1781514000,4334.4,4343.49,4334.36,4336.81,17719
1781517600,4336.88,4341.66,4335.2,4338,15178
1781521200,4338.27,4347.53,4331.79,4335.15,17343
1781524800,4335.18,4349.5,4324.54,4349.18,20181
1781528400,4348.97,4368.89,4341.13,4355.45,24647
1781532000,4355.26,4369.24,4353.84,4356.96,25355
1781535600,4356.66,4360.82,4349.42,4356.4,21991
1781539200,4356.35,4358.88,4334.4,4339.36,19750
1781542800,4339.29,4339.29,4320.6,4324.9,20174
1781546400,4324.94,4328.11,4317.98,4325.55,17495
1781550000,4325.54,4326.53,4316.52,4320.6,17387
1781553600,4320.47,4322.24,4306.29,4309.28,10770
1781560800,4311.23,4315.48,4306.05,4311.77,11062
1781564400,4311.76,4319.34,4311.27,4315.76,12152
1781568000,4315.39,4320.91,4306.78,4319.38,17271
1781571600,4319.45,4325.93,4311.96,4313.35,21953
1781575200,4313.36,4320.78,4307.38,4318.51,17013
1781578800,4318.33,4333.23,4315.2,4330.38,16285
1781582400,4330.31,4332.28,4321.06,4322.67,14447
1781586000,4322.79,4330.92,4314.34,4315.7,17424
1781589600,4315.88,4324.45,4313.49,4324.07,18443
1781593200,4324.09,4335.78,4322.71,4335.33,17747
1781596800,4335,4348.03,4332.67,4347.13,17934
1781600400,4347.16,4348.39,4338.32,4345.12,16298
1781604000,4345.2,4349,4342.1,4348.74,13910
1781607600,4348.75,4349.42,4335.08,4341.13,16761
1781611200,4341.05,4355.04,4337.54,4354.57,19698
1781614800,4354.69,4354.92,4331.57,4331.63,24836
1781618400,4331.9,4338.78,4313.07,4323.81,25550
1781622000,4323.8,4343.36,4320.9,4335.38,23419
1781625600,4335.37,4347.02,4334.76,4340.47,20331
1781629200,4340.55,4341.21,4324.99,4340.34,20254
1781632800,4340.22,4342.93,4336.06,4338.59,15783
1781636400,4338.59,4343.01,4330.5,4334.25,17934
1781640000,4333.75,4334.98,4329.42,4331.39,8959
1781647200,4334.52,4336.15,4328.81,4335.22,7009
1781650800,4335.15,4338.31,4329.39,4330.78,7849
1781654400,4331.08,4341.76,4328.25,4337.24,15449
1781658000,4337.04,4349.75,4334.56,4341.06,19652
1781661600,4340.69,4344.41,4329.8,4331.36,16817
1781665200,4331.26,4334.18,4328.48,4332.05,14395
1781668800,4332.01,4334.27,4317.75,4326.89,14027
1781672400,4326.37,4334.34,4321.06,4326.63,16363
1781676000,4327.78,4331.89,4320.3,4331.54,17650
1781679600,4331.46,4333.01,4324.61,4325.34,16483
1781683200,4325.17,4327.77,4317.66,4324.86,18116
1781686800,4324.63,4335.72,4321.51,4329.71,15634
1781690400,4329.72,4334.99,4326.62,4331.35,16836
1781694000,4331.68,4332.04,4320.73,4323.33,16451
1781697600,4323.36,4335.25,4319.85,4333.53,17956
1781701200,4333.52,4345.06,4324.1,4339.96,22619
1781704800,4340.03,4363.92,4330.92,4344.57,25362
1781708400,4344.34,4364.85,4343.81,4363.61,22377
1781712000,4363.6,4366.56,4355.15,4359.4,17750
1781715600,4359.4,4382.15,4355.29,4379.84,20731
1781719200,4379.33,4379.99,4269.68,4285.96,27343
1781722800,4285.52,4295.15,4219,4235.64,29485
1781726400,4235.04,4269.54,4234.9,4257.98,20708
1781733600,4257.51,4271.61,4254.35,4266.65,13963
1781737200,4266.62,4283.88,4264.17,4277.75,16107
1781740800,4278.19,4315.35,4276.36,4308.6,22278
1781744400,4308.99,4328.67,4306.85,4317.63,23186
1781748000,4317.62,4329.9,4310.3,4311.09,19989
1781751600,4311.1,4322.79,4308.95,4319.92,17162
1781755200,4320.12,4323.99,4309.75,4315.86,15209
1781758800,4315.61,4324.67,4301.12,4307.85,19783
1781762400,4307.86,4309.89,4296.07,4306.37,22456
1781766000,4306.58,4309.48,4287.31,4288.83,20061
1781769600,4288.53,4292.97,4265.61,4266.85,20645
1781773200,4267.02,4273.38,4259.45,4268.85,20279
1781776800,4268.54,4272.63,4254.82,4255.63,19664
1781780400,4255.7,4255.85,4240.05,4242.17,21915
1781784000,4242.16,4269.14,4240.52,4246.76,24013
1781787600,4246.79,4276.8,4244.92,4256.78,25780
1781791200,4256.27,4257.52,4236.82,4252.2,26863
1781794800,4252.4,4254.82,4222.93,4226.44,25431
1781798400,4226.45,4233.38,4213.98,4219.39,24632
1781802000,4219.9,4233.18,4218.47,4230.44,21373
1781805600,4230.49,4233.29,4218.15,4218.51,19600
1781809200,4218.71,4219.02,4201.35,4217.23,21398
1781812800,4217.05,4219.73,4207.45,4208.97,11684
1781820000,4212.82,4213.37,4202.66,4207.52,10141
1781823600,4207.57,4208.27,4186.94,4188.53,14870
1781827200,4188.38,4198.11,4184.24,4190.14,18563
1781830800,4190.15,4194.58,4184.03,4184.66,15961
1781834400,4184.64,4186.11,4172.03,4176.4,15242
1781838000,4176.41,4177.36,4146.26,4153.62,18081
1781841600,4153.56,4155.27,4124.88,4125.6,20626
1781845200,4125.49,4141.47,4121.58,4139.78,20826
1781848800,4139.8,4150.4,4132.66,4147.73,20713
1781852400,4148,4163.26,4147.77,4158.16,19499
1781856000,4158.22,4178.54,4155.15,4169.23,19408
1781859600,4169.21,4171.06,4160.77,4163.04,16893
1781863200,4163.15,4163.19,4147.93,4149.63,17409
1781866800,4149.88,4155.07,4141.73,4152.43,17499
1781870400,4152.72,4180.21,4147.32,4178.9,19143
1781874000,4178.87,4183.26,4150.48,4151.32,22717
1781877600,4151.09,4154.55,4142.35,4149.13,19434
1781881200,4149.35,4154.05,4147.53,4151.16,14647
1781884800,4151.2,4158,4144.07,4155.48,12991
1782079200,4148.89,4159.88,4147.54,4156.44,15712
1782082800,4156.31,4164.73,4136.3,4140.07,18250
1782086400,4140.34,4200.59,4140.14,4200.58,22845
1782090000,4201.45,4220.98,4189.49,4190.66,26437
1782093600,4191.05,4200.38,4183.37,4188.39,21799
1782097200,4188.83,4190.22,4170.8,4171.31,18657
1782100800,4171.28,4182.31,4170.75,4181.59,15927
1782104400,4181.93,4198.68,4179.16,4193.96,20425
1782108000,4193.94,4207.45,4191.16,4197.37,21162
1782111600,4198.13,4201.96,4188.58,4190.31,19062
1782115200,4190.33,4197.79,4188.51,4197.3,18458
1782118800,4197.57,4210.07,4195.86,4208.03,18258
1782122400,4208.34,4214.29,4203.52,4204.52,16645
1782126000,4204.62,4214.89,4201.33,4207.57,18034
1782129600,4207.27,4211.89,4192.17,4193.29,19426
1782133200,4193.33,4205.81,4183.12,4199.7,26338
1782136800,4199.93,4210.59,4186.48,4198.41,26557
1782140400,4198.54,4201.37,4169.97,4182.8,24993
1782144000,4182.77,4192.83,4174.3,4190.08,21279
1782147600,4190.37,4191.74,4176.98,4183.23,19239
1782151200,4183.34,4192.96,4182.42,4191.4,17085
1782154800,4191.66,4193.37,4184.02,4190.64,18105
1782158400,4190.68,4193.83,4188.6,4191.51,8530
1782165600,4192.02,4194.7,4188.32,4189.71,8440
1782169200,4189.73,4195.48,4186.57,4187.36,9810
1782172800,4187.35,4194.74,4178.17,4193.43,19979
1782176400,4193.39,4198.64,4150.16,4160.99,25572
1782180000,4160.96,4163.61,4146.43,4146.68,21859
1782183600,4146.73,4149.76,4130.67,4143.78,21618
1782187200,4144.53,4146.81,4114.59,4118.27,17140
1782190800,4118.24,4137.49,4115.43,4121.05,23144
1782194400,4121.4,4126.95,4110.22,4114.6,24786
1782198000,4114.48,4124.74,4096.57,4098.9,23119
1782201600,4098.72,4111.04,4090.83,4105.12,23650
1782205200,4105.11,4122.45,4104.02,4122.45,19899
1782208800,4122.73,4133.56,4119.63,4119.72,20705
1782212400,4119.86,4131.93,4117.31,4123.16,21661
1782216000,4123.09,4127.54,4111.64,4113.44,21854
1782219600,4113.32,4140.57,4105.29,4135.76,27159
1782223200,4135.46,4144.79,4122.97,4130.06,28215
1782226800,4130.33,4141.63,4123.69,4138.55,24772
1782230400,4138.58,4143.94,4131.47,4134.42,20422
1782234000,4134.27,4139.88,4127.69,4128.16,19885
1782237600,4128.04,4131.21,4112.94,4117.89,18973
1782241200,4118.03,4125.87,4111.5,4111.5,21497
1782244800,4111.85,4113.04,4107.31,4110.04,10399
1782252000,4113.21,4115.29,4097.13,4104.17,15756
1782255600,4104.19,4104.53,4080.8,4098.97,18456
1782259200,4099.33,4112.15,4093.63,4097.12,23746
1782262800,4097.27,4102.36,4068.37,4089.18,27153
1782266400,4089.15,4096,4052.32,4060.92,23954
1782270000,4061.12,4070.65,4050.28,4062.56,22948
1782273600,4062.54,4067.28,4054.82,4064.59,19695
1782277200,4064.77,4086.35,4060.58,4075.66,21703
1782280800,4075.75,4097.56,4075.74,4086.97,23594
1782284400,4087.01,4090.94,4073.53,4074.67,20326
1782288000,4074.64,4087.48,4073.11,4076.15,20425
1782291600,4076.21,4079.22,4064.1,4064.74,19055
1782295200,4064.99,4066.79,4054.69,4055.46,19641
1782298800,4055.51,4058.66,4037.41,4046.77,23461
1782302400,4046.7,4048.96,3987.8,3988,26271
1782306000,3987.92,4042.07,3964.42,4038.56,29244
1782309600,4038.29,4040.89,4002.89,4007.87,27871
1782313200,4008.83,4016.9,3997.16,4002.34,25893
1782316800,4003.32,4022.35,3995.58,4006.54,24294
1782320400,4006.6,4011.36,3972.82,3972.9,25873
1782324000,3973.19,3994.39,3959.14,3981.23,25579
1782327600,3981.57,3990.9,3973.44,3988.25,23544
1782331200,3988.2,4002.97,3984.58,3999.3,17040
1782338400,4006.72,4008.94,3992.79,3996.25,13942
1782342000,3996.27,4018.76,3990.74,4012.53,16721
1782345600,4013.32,4016.49,3978.53,3991.28,24059
1782349200,3991.23,4005.95,3972.28,3976.92,27551
1782352800,3977.38,3990.79,3963.58,3983.2,25645
1782356400,3982.8,4000.88,3966.42,3995.71,23496
1782360000,3996.08,3997.54,3983.44,3996.21,19142
1782363600,3995.85,4000.18,3980.39,3986.2,22102
1782367200,3986.17,3987.92,3981.9,3987.34,1938