time,open,high,low,close,Volume
1584723600,0.83484,0.83981,0.82884,0.83139,41872
1584910800,0.83279,0.83593,0.82541,0.82767,27460
1584925200,0.82767,0.83334,0.82382,0.83171,36002
1584939600,0.83172,0.83724,0.82986,0.83227,53997
1584954000,0.83228,0.83957,0.82747,0.8366,72297
1584968400,0.83658,0.84388,0.83318,0.84151,76780
1584982800,0.84152,0.8464,0.83942,0.84493,53527
1584997200,0.84546,0.85359,0.84211,0.85255,32532
1585011600,0.85259,0.85632,0.85183,0.85292,44720
1585026000,0.85292,0.86033,0.85018,0.85607,46691
1585040400,0.85602,0.85901,0.8514,0.85676,44898
1585054800,0.85679,0.86357,0.85385,0.85986,61135
1585069200,0.85986,0.86317,0.85425,0.86142,46003
1585083600,0.86134,0.86515,0.85799,0.86126,21696
1585098000,0.8613,0.8639,0.85769,0.86343,31043
1585112400,0.86341,0.86891,0.86175,0.86717,42453
1585126800,0.86721,0.86886,0.86288,0.8632,41737
1585141200,0.8632,0.86385,0.85067,0.85256,59967
1585155600,0.85252,0.85302,0.84496,0.84568,42244
1585170000,0.84556,0.84571,0.83758,0.83862,23256
1585184400,0.83863,0.84483,0.83658,0.84453,26015
1585198800,0.84451,0.8473,0.84167,0.84523,36291
1585213200,0.84526,0.85118,0.84378,0.85096,46298
1585227600,0.85093,0.85451,0.84687,0.8518,57945
1585242000,0.8518,0.85447,0.84866,0.84973,39002
1585256400,0.84986,0.85384,0.84728,0.8513,18978
1585270800,0.8513,0.85807,0.84993,0.85524,36608
1585285200,0.85528,0.85711,0.8511,0.85318,41838
1585299600,0.85315,0.85807,0.85031,0.85051,45613
1585314000,0.85048,0.86504,0.85042,0.86347,55667
1585328400,0.86349,0.8662,0.86142,0.8632,42430
1585515600,0.86219,0.86853,0.85981,0.86374,23481
1585530000,0.86378,0.86613,0.86138,0.86384,30564
1585544400,0.86385,0.86652,0.86104,0.86572,48022
1585558800,0.86572,0.86828,0.86542,0.86684,37986
1585573200,0.86684,0.87448,0.86612,0.87231,51952
1585587600,0.87231,0.87423,0.86946,0.8736,33083
1585602000,0.87326,0.8775,0.86317,0.87241,18542
1585616400,0.87268,0.87825,0.87236,0.8766,33670
1585630800,0.87664,0.88055,0.87206,0.87211,42915
1585645200,0.87221,0.87336,0.86616,0.86903,48772
1585659600,0.86908,0.87533,0.86438,0.86553,63648
1585674000,0.86552,0.86645,0.86117,0.86283,45518
1585688400,0.86296,0.86635,0.86052,0.86384,18438
1585702800,0.8638,0.86509,0.86207,0.86399,23023
1585717200,0.86399,0.86546,0.85994,0.86235,42536
1585731600,0.86235,0.86575,0.86158,0.86164,41252
1585746000,0.86161,0.87693,0.85702,0.8655,49856
1585760400,0.86541,0.86615,0.85912,0.86193,36174
1585774800,0.86171,0.86383,0.85975,0.86278,15266
1585789200,0.8628,0.86381,0.86026,0.86137,21656
1585803600,0.86138,0.86345,0.85898,0.86137,35667
1585818000,0.86139,0.86249,0.85756,0.85929,38504
1585832400,0.85925,0.85987,0.85247,0.85433,63828
1585846800,0.8543,0.85892,0.85429,0.85684,37286
1585861200,0.85626,0.85783,0.85546,0.8573,16061
1585875600,0.8573,0.86015,0.85691,0.86013,20720
1585890000,0.86013,0.86083,0.85178,0.85192,36899
1585904400,0.85191,0.85247,0.84709,0.84732,47605
1585918800,0.84735,0.85008,0.84697,0.8483,47272
1585933200,0.8483,0.85137,0.84704,0.85118,32560
1586120400,0.85474,0.8583,0.85261,0.85744,18802
1586134800,0.85742,0.85751,0.85178,0.85255,23777
1586149200,0.85255,0.85635,0.85158,0.85613,39741
1586163600,0.85614,0.86071,0.85519,0.86005,33240
1586178000,0.86007,0.86243,0.85892,0.86005,38772
1586192400,0.86002,0.86038,0.85756,0.85882,27189
1586206800,0.85891,0.86373,0.85749,0.86112,15836
1586221200,0.86115,0.86572,0.861,0.86415,28380
1586235600,0.86415,0.86819,0.8625,0.86578,40484
1586250000,0.86576,0.86926,0.86471,0.86561,39878
1586264400,0.86562,0.86802,0.86381,0.86522,48754
1586278800,0.8652,0.86771,0.863,0.86313,34315
1586293200,0.86257,0.86466,0.85935,0.86106,15660
1586307600,0.86102,0.86266,0.86004,0.86092,22620
1586322000,0.86094,0.86312,0.86063,0.86132,40356
1586336400,0.86127,0.86843,0.86124,0.86749,34610
1586350800,0.86752,0.87439,0.86705,0.87305,41706
1586365200,0.87306,0.87654,0.87243,0.87243,25596
1586379600,0.87225,0.87533,0.87222,0.87472,11081
1586394000,0.87469,0.87495,0.87115,0.8741,21393
1586408400,0.87414,0.87595,0.87061,0.87412,30069
1586422800,0.87412,0.87991,0.87384,0.87929,33789
1586437200,0.87927,0.88294,0.87783,0.88124,53015
1586451600,0.88121,0.88775,0.88089,0.88575,38103
1586466000,0.88561,0.88641,0.88218,0.88496,5252
1586480400,0.88496,0.88728,0.88409,0.88513,8699
1586494800,0.88512,0.88866,0.8837,0.88549,7987
1586509200,0.88551,0.88753,0.88438,0.88716,7736
1586523600,0.88716,0.88719,0.88546,0.88662,9447
1586538000,0.88663,0.8869,0.88573,0.88573,6149
1586725200,0.88321,0.88722,0.88318,0.88411,11675
1586739600,0.88411,0.88455,0.88302,0.88396,12504
1586754000,0.88396,0.88656,0.8836,0.88598,18858
1586768400,0.88598,0.89033,0.88474,0.88963,23217
1586782800,0.88963,0.89116,0.88882,0.88924,35434
1586797200,0.8893,0.88989,0.88565,0.88729,22626
1586811600,0.88626,0.88902,0.88535,0.88882,13117
1586826000,0.88879,0.89203,0.88866,0.8909,18531
1586840400,0.89093,0.8918,0.88798,0.88882,27306
1586854800,0.88882,0.89124,0.88724,0.89084,27201
1586869200,0.89085,0.89343,0.88777,0.89248,35427
1586883600,0.89238,0.89561,0.89216,0.89409,21856
1586898000,0.89399,0.8948,0.89243,0.89373,10086
1586912400,0.89374,0.89392,0.89009,0.89067,13962
1586926800,0.89066,0.89095,0.8846,0.88671,30361
1586941200,0.88668,0.89003,0.88539,0.88755,32813
1586955600,0.88762,0.8937,0.88499,0.89364,45977
1586970000,0.89367,0.89398,0.88956,0.89139,27717
1586984400,0.89103,0.89196,0.88806,0.88862,13262
1586998800,0.88866,0.89032,0.88516,0.88674,23182
1587013200,0.88673,0.88954,0.88596,0.88894,35730
1587027600,0.88894,0.89156,0.88702,0.88888,34963
1587042000,0.88888,0.89282,0.88839,0.89008,45630
1587056400,0.89001,0.89183,0.88955,0.89113,30610
1587070800,0.89106,0.89542,0.88895,0.89273,19561
1587085200,0.89269,0.89433,0.89176,0.89243,20150
1587099600,0.89244,0.89371,0.89023,0.89155,36349
1587114000,0.89157,0.89687,0.89092,0.89544,37355
1587128400,0.89542,0.89549,0.89044,0.89161,40892
1587142800,0.89158,0.8933,0.89023,0.89121,23045
1587330000,0.89152,0.89289,0.89024,0.89154,12706
1587344400,0.89152,0.89451,0.89138,0.89429,20923
1587358800,0.89431,0.89724,0.89318,0.89719,27383
1587373200,0.89721,0.89878,0.89644,0.89764,32607
1587387600,0.89759,0.89856,0.89541,0.898,39742
1587402000,0.89799,0.89831,0.89472,0.89643,30050
1587416400,0.89601,0.89669,0.89276,0.89373,15619
1587430800,0.8937,0.89377,0.89034,0.89235,27409
1587445200,0.89235,0.89654,0.89219,0.89519,31861
1587459600,0.89517,0.89598,0.89068,0.89112,49331
1587474000,0.89112,0.89456,0.88975,0.89288,54819
1587488400,0.89285,0.89436,0.89211,0.89263,38170
1587502800,0.89236,0.89424,0.89151,0.89278,12373
1587517200,0.8929,0.90021,0.89242,0.89606,23000
1587531600,0.8961,0.89878,0.89607,0.89708,32046
1587546000,0.89708,0.89816,0.89306,0.8937,27244
1587560400,0.89371,0.89458,0.8912,0.89381,32434
1587574800,0.89381,0.89733,0.89365,0.89507,21017
1587589200,0.89506,0.89548,0.89181,0.89417,11469
1587603600,0.89416,0.89473,0.89305,0.89355,20149
1587618000,0.89354,0.89957,0.89344,0.89681,31901
1587632400,0.89681,0.90118,0.89675,0.89859,31788
1587646800,0.89859,0.89915,0.89536,0.89674,42375
1587661200,0.89671,0.89756,0.89562,0.89648,26317
1587675600,0.89646,0.89737,0.8945,0.8959,11885
1587690000,0.89591,0.89593,0.89385,0.89458,18466
1587704400,0.89456,0.89674,0.89341,0.89624,25950
1587718800,0.89625,0.89695,0.89463,0.89621,26200
1587733200,0.89621,0.89975,0.89565,0.89889,33582
1587747600,0.89892,0.90231,0.89865,0.90154,20262
1587934800,0.8992,0.90444,0.89914,0.90372,11046
1587949200,0.9037,0.90728,0.90359,0.90697,20093
1587963600,0.90699,0.90964,0.9055,0.90659,25930
1587978000,0.90651,0.90905,0.90624,0.90834,24033
1587992400,0.9083,0.90977,0.90624,0.90729,32056
1588006800,0.90727,0.90803,0.90649,0.90724,17181
1588021200,0.90699,0.9073,0.90421,0.90629,12566
1588035600,0.90628,0.90689,0.90456,0.90603,20497
1588050000,0.90598,0.91008,0.90596,0.90831,26865
1588064400,0.9083,0.9089,0.90578,0.90692,33528
1588078800,0.90687,0.90958,0.90489,0.90911,36337
1588093200,0.90911,0.91082,0.90826,0.90873,19193
1588107600,0.90781,0.91051,0.90774,0.91009,10389
1588122000,0.91006,0.91137,0.9088,0.91071,19781
1588136400,0.91074,0.91218,0.90945,0.90947,28364
1588150800,0.90945,0.91005,0.90734,0.9088,25645
1588165200,0.90879,0.91134,0.90837,0.91013,34408
1588179600,0.91013,0.91081,0.90766,0.90984,25531
1588194000,0.90986,0.91033,0.90723,0.90793,9969
1588208400,0.90792,0.91036,0.90704,0.91004,18183
1588222800,0.91007,0.91058,0.90676,0.9079,28166
1588237200,0.90795,0.90914,0.90451,0.90517,33644
1588251600,0.90522,0.9114,0.90266,0.90863,53491
1588266000,0.90861,0.90986,0.9067,0.90812,27753
1588280400,0.90756,0.90805,0.90434,0.90534,17017
1588294800,0.90529,0.90631,0.90397,0.90493,20361
1588309200,0.90494,0.9059,0.90338,0.905,26545
1588323600,0.90498,0.90561,0.90159,0.90259,27233
1588338000,0.90256,0.90875,0.90233,0.90464,37567
1588352400,0.90463,0.90474,0.90205,0.90427,20740
1588539600,0.90304,0.90372,0.90079,0.90243,16433
1588554000,0.9024,0.90385,0.9015,0.90215,21123
1588568400,0.90218,0.90622,0.90144,0.9044,31596
1588582800,0.9044,0.90493,0.90147,0.90261,30201
1588597200,0.90263,0.90443,0.90151,0.90397,37316
1588611600,0.90398,0.90615,0.9033,0.9053,22237
1588626000,0.9046,0.90705,0.90411,0.90643,10008
1588640400,0.90642,0.9074,0.90562,0.90668,18369
1588654800,0.90666,0.90762,0.90417,0.90489,34477
1588669200,0.90489,0.9059,0.90311,0.9052,36980
1588683600,0.9052,0.90807,0.90469,0.90492,38925
1588698000,0.90491,0.90629,0.90328,0.90354,23249
1588712400,0.90343,0.90514,0.90267,0.9035,14147
1588726800,0.90351,0.90469,0.90325,0.9041,23746
1588741200,0.90408,0.90534,0.90246,0.90279,28227
1588755600,0.90277,0.90914,0.90211,0.90897,26748
1588770000,0.90899,0.91028,0.90669,0.90691,46720
1588784400,0.90691,0.9074,0.90427,0.9059,27862
1588798800,0.90506,0.9069,0.90385,0.90518,15704
1588813200,0.90517,0.90748,0.90467,0.90643,20289
1588827600,0.90643,0.91242,0.9059,0.90967,25564
1588842000,0.90967,0.91043,0.90784,0.90808,22052
1588856400,0.90809,0.90893,0.90407,0.90758,35095
1588870800,0.90759,0.90863,0.90706,0.90762,21325
1588885200,0.90769,0.91005,0.90751,0.90954,12602
1588899600,0.90956,0.912,0.90894,0.91053,19143
1588914000,0.91053,0.91149,0.9083,0.90921,14165
1588928400,0.90918,0.9108,0.90723,0.90852,18642
1588942800,0.90851,0.91192,0.90752,0.91011,29938
1588957200,0.91012,0.91029,0.90881,0.90941,12977
1589144400,0.91007,0.91057,0.90818,0.91026,11182
1589158800,0.9102,0.91234,0.91001,0.91139,12351
1589173200,0.9114,0.91178,0.90816,0.90905,18317
1589187600,0.90905,0.90984,0.90543,0.90602,24865
1589202000,0.90603,0.90994,0.90588,0.90947,32246
1589216400,0.90948,0.91056,0.90851,0.9094,16755
1589230800,0.90926,0.91,0.90459,0.90513,12337
1589245200,0.90515,0.90835,0.90436,0.90798,20739
1589259600,0.90798,0.90979,0.90733,0.90898,23504
1589274000,0.90895,0.91366,0.90862,0.91153,21665
1589288400,0.91154,0.9128,0.91079,0.9113,32044
1589302800,0.9113,0.91275,0.91005,0.91112,22557
1589317200,0.91077,0.91164,0.90851,0.91011,14441
1589331600,0.91013,0.91063,0.90769,0.9097,23951
1589346000,0.90967,0.91191,0.90932,0.91007,25311
1589360400,0.9101,0.91423,0.90927,0.91395,24392
1589374800,0.91397,0.91424,0.90829,0.90875,45334
1589389200,0.90871,0.91082,0.90836,0.91031,27302
1589403600,0.90986,0.91046,0.90867,0.90946,10904
1589418000,0.90946,0.91148,0.90569,0.90688,20190
1589432400,0.90688,0.90942,0.90675,0.90728,23277
1589446800,0.90729,0.90861,0.90434,0.9052,27810
1589461200,0.90522,0.90808,0.90403,0.90484,37220
1589475600,0.90489,0.9077,0.90449,0.90756,24049
1589490000,0.90736,0.90866,0.90673,0.90788,12453
1589504400,0.9079,0.90839,0.90626,0.90699,17756
1589518800,0.90702,0.90795,0.90562,0.90758,21788
1589533200,0.90758,0.90846,0.90508,0.90689,30220
1589547600,0.90686,0.90721,0.90232,0.90391,37599
1589562000,0.90394,0.90593,0.90393,0.90533,18638
1589749200,0.90457,0.90612,0.90443,0.9053,11914
1589763600,0.90529,0.90764,0.90518,0.90662,16583
1589778000,0.9066,0.9079,0.90517,0.90701,20500
1589792400,0.90705,0.90933,0.90612,0.90806,23916
1589806800,0.90808,0.91087,0.9078,0.90887,34437
1589821200,0.9088,0.9105,0.90843,0.90938,15650
1589835600,0.90931,0.91223,0.90824,0.91126,11522
1589850000,0.91125,0.91145,0.90931,0.91033,21592
1589864400,0.91033,0.913,0.90905,0.91277,29712
1589878800,0.91283,0.91299,0.90934,0.91069,24508
1589893200,0.91071,0.91193,0.90913,0.91106,29807
1589907600,0.91106,0.91339,0.90951,0.9113,19536
1589922000,0.91116,0.91259,0.91021,0.91205,10850
1589936400,0.91206,0.91322,0.91106,0.91171,14917
1589950800,0.91173,0.91252,0.91047,0.91126,21153
1589965200,0.91125,0.91436,0.91124,0.91337,21612
1589979600,0.91335,0.91841,0.91238,0.91595,28542
1589994000,0.91602,0.91788,0.91588,0.91721,17244
1590008400,0.91704,0.91724,0.91556,0.91586,9908
1590022800,0.91579,0.916,0.91277,0.91478,18188
1590037200,0.91478,0.91507,0.9134,0.91425,18514
1590051600,0.91423,0.91666,0.91283,0.91625,25509
1590066000,0.91622,0.91731,0.91444,0.91557,36423
1590080400,0.91563,0.91662,0.91479,0.91613,19729
1590094800,0.91594,0.91665,0.91533,0.91593,10021
1590109200,0.91593,0.91656,0.91463,0.91608,22213
1590123600,0.91608,0.91613,0.9136,0.91435,27372
1590138000,0.91439,0.91584,0.91404,0.9147,25339
1590152400,0.91467,0.9161,0.91389,0.91492,30390
1590166800,0.91492,0.9153,0.91367,0.91522,14317
1590354000,0.91363,0.91575,0.91363,0.91474,10433
1590368400,0.91475,0.91488,0.91353,0.91423,21653
1590382800,0.91424,0.91447,0.91272,0.91372,18297
1590397200,0.91369,0.9155,0.9134,0.91533,16617
1590411600,0.91533,0.9159,0.91455,0.91512,13204
1590426000,0.9151,0.91592,0.91455,0.91516,18961
1590440400,0.91456,0.91639,0.91402,0.9159,11007
1590454800,0.9159,0.9173,0.91542,0.91633,17876
1590469200,0.91634,0.92012,0.91606,0.91958,22227
1590483600,0.91956,0.91964,0.9173,0.91803,26449
1590498000,0.91801,0.91995,0.91656,0.91699,32912
1590512400,0.91705,0.91871,0.91626,0.9167,21218
1590526800,0.91626,0.91706,0.91533,0.91579,13902
1590541200,0.91577,0.91683,0.91477,0.91505,21619
1590555600,0.91504,0.91617,0.91477,0.91513,25720
1590570000,0.91506,0.91727,0.91113,0.91113,37822
1590584400,0.91116,0.91168,0.90642,0.90911,45105
1590598800,0.90908,0.91114,0.90841,0.91072,20753
1590613200,0.91042,0.9116,0.90967,0.91075,13076
1590627600,0.91074,0.91138,0.90784,0.90909,25290
1590642000,0.90907,0.91142,0.90883,0.9104,29266
1590656400,0.91039,0.91318,0.90997,0.9129,33694
1590670800,0.91292,0.91747,0.91268,0.9167,39586
1590685200,0.91673,0.91703,0.91314,0.91337,23704
1590699600,0.9135,0.91483,0.91074,0.9141,15807
1590714000,0.91407,0.91535,0.91324,0.91517,24579
1590728400,0.91519,0.91734,0.91497,0.91563,25968
1590742800,0.91563,0.91682,0.9145,0.91543,31580
1590757200,0.91544,0.91825,0.91369,0.9169,49156
1590771600,0.91686,0.91912,0.91621,0.91772,36060
1590958800,0.91717,0.92033,0.91634,0.91881,17153
1590973200,0.91877,0.92424,0.91843,0.92302,25382
1590987600,0.92301,0.92621,0.92238,0.92375,31487
1591002000,0.92375,0.92435,0.92224,0.92294,29935
1591016400,0.92296,0.92452,0.92204,0.92232,38826
1591030800,0.92238,0.92354,0.92189,0.92263,20285
1591045200,0.92265,0.92474,0.92121,0.92124,14056
1591059600,0.92126,0.92153,0.91924,0.92025,24344
1591074000,0.92026,0.92434,0.91959,0.92432,30706
1591088400,0.92434,0.9284,0.92426,0.92819,31866
1591102800,0.92817,0.9306,0.92714,0.93025,40003
1591117200,0.93025,0.93278,0.92961,0.93252,22607
1591131600,0.93186,0.9389,0.93114,0.93793,14584
1591146000,0.93798,0.94166,0.93582,0.93619,26891
1591160400,0.93619,0.93723,0.93101,0.93179,26408
1591174800,0.93179,0.93369,0.93035,0.93169,36362
1591189200,0.93166,0.9386,0.93128,0.93596,47527
1591203600,0.93598,0.93622,0.93353,0.93417,23353
1591218000,0.93413,0.9353,0.93154,0.93284,13170
1591232400,0.93283,0.93322,0.93143,0.93265,21925
1591246800,0.93265,0.93379,0.9305,0.93084,25364
1591261200,0.93086,0.93526,0.93035,0.9347,35593
1591275600,0.93466,0.94261,0.93436,0.93644,49990
1591290000,0.93644,0.93804,0.93563,0.93713,28704
1591304400,0.93706,0.93842,0.93614,0.93675,13743
1591318800,0.93674,0.94107,0.93646,0.94087,22314
1591333200,0.94084,0.94445,0.93879,0.94015,26227
1591347600,0.94017,0.94148,0.93524,0.93781,33948
1591362000,0.93781,0.9395,0.93397,0.93607,42664
1591376400,0.93607,0.93694,0.93503,0.93507,23877
1591563600,0.93389,0.9383,0.93362,0.93673,12157
1591578000,0.93677,0.93785,0.93537,0.93573,19592
1591592400,0.93575,0.93855,0.93521,0.93754,25639
1591606800,0.93753,0.93768,0.93489,0.93621,27742
1591621200,0.93622,0.93727,0.93298,0.93706,37037
1591635600,0.93702,0.93933,0.93661,0.93933,17937
1591650000,0.93901,0.94098,0.93844,0.93876,12180
1591664400,0.93869,0.93891,0.93569,0.93602,21507
1591678800,0.93601,0.93687,0.92927,0.93185,33193
1591693200,0.93186,0.93423,0.93123,0.93327,33406
1591707600,0.93326,0.93687,0.93215,0.93423,37355
1591722000,0.93426,0.93429,0.93252,0.93354,21696
1591736400,0.93364,0.93415,0.9307,0.93127,12407
1591750800,0.93127,0.93452,0.93112,0.93366,21792
1591765200,0.93366,0.93803,0.9334,0.93706,28448
1591779600,0.93707,0.93966,0.93652,0.93854,32678
1591794000,0.93854,0.94072,0.9367,0.93777,40895
1591808400,0.93779,0.94095,0.9359,0.93843,42063
1591822800,0.93831,0.93876,0.93473,0.93645,14763
1591837200,0.93649,0.93746,0.93227,0.93342,22986
1591851600,0.93343,0.936,0.93206,0.93506,34185
1591866000,0.93507,0.93655,0.93037,0.93184,32484
1591880400,0.93188,0.93603,0.92935,0.93246,50450
1591894800,0.93237,0.93423,0.93111,0.93423,34098
1591909200,0.93402,0.93424,0.92983,0.92985,19955
1591923600,0.92974,0.93273,0.92869,0.93156,27165
1591938000,0.93157,0.93592,0.93104,0.93486,35294
1591952400,0.93486,0.93559,0.93279,0.93433,32377
1591966800,0.93431,0.93539,0.92918,0.93023,55142
1591981200,0.93023,0.93376,0.92915,0.93316,41486
1592168400,0.92947,0.93191,0.92797,0.9289,20546
1592182800,0.92889,0.93178,0.92864,0.92979,27634
1592197200,0.9298,0.93156,0.92704,0.93047,44451
1592211600,0.93045,0.93254,0.92828,0.93185,33084
1592226000,0.93186,0.93519,0.93132,0.93405,49105
1592240400,0.93405,0.93926,0.93334,0.93914,34504
1592254800,0.93811,0.94244,0.93668,0.94077,15952
1592269200,0.94076,0.94268,0.93955,0.94057,23460
1592283600,0.94056,0.94109,0.9372,0.93956,34538
1592298000,0.93958,0.94061,0.93705,0.93862,30261
1592312400,0.93861,0.93873,0.93053,0.93529,59041
1592326800,0.93528,0.93545,0.93257,0.93267,30561
1592341200,0.93186,0.93365,0.93009,0.93118,15111
1592355600,0.93116,0.93167,0.92979,0.93095,21274
1592370000,0.93097,0.93538,0.93036,0.93373,29369
1592384400,0.93375,0.93423,0.93093,0.93389,32129
1592398800,0.93389,0.93743,0.9329,0.93588,41855
1592413200,0.93588,0.93669,0.93333,0.93362,24918
1592427600,0.93341,0.93485,0.93268,0.93351,12465
1592442000,0.9335,0.93439,0.93023,0.93266,22840
1592456400,0.93272,0.93371,0.9305,0.93295,29972
1592470800,0.93294,0.93333,0.92948,0.93095,33714
1592485200,0.93098,0.93192,0.92912,0.93111,35029
1592499600,0.9311,0.93221,0.93083,0.93171,18854
1592514000,0.93156,0.93296,0.9311,0.93201,11267
1592528400,0.93202,0.9331,0.93135,0.93264,15760
1592542800,0.93266,0.93377,0.93141,0.93251,20779
1592557200,0.93251,0.93675,0.93228,0.9359,22789
1592571600,0.9359,0.93608,0.92998,0.93185,37898
1592586000,0.93184,0.93223,0.92977,0.92977,26149
1592773200,0.92693,0.93026,0.92692,0.92989,14263
1592787600,0.92989,0.93372,0.92985,0.93335,16047
1592802000,0.93335,0.93424,0.93197,0.93406,21566
1592816400,0.93407,0.93484,0.93272,0.93383,18284
1592830800,0.93382,0.93681,0.93325,0.93626,27033
1592845200,0.93628,0.93651,0.93384,0.93422,14562
1592859600,0.93409,0.93628,0.93261,0.93535,10735
1592874000,0.9354,0.93698,0.93052,0.93567,32984
1592888400,0.93567,0.93731,0.93445,0.9364,25912
1592902800,0.93641,0.94122,0.93573,0.94034,22062
1592917200,0.94038,0.94147,0.93839,0.9385,27271
1592931600,0.93849,0.93968,0.93829,0.93883,16981
1592946000,0.93826,0.94119,0.93778,0.94065,9554
1592960400,0.94064,0.94209,0.94028,0.94058,17781
1592974800,0.94058,0.94115,0.93707,0.93826,20800
1592989200,0.93826,0.93885,0.93673,0.93765,24151
1593003600,0.93763,0.93845,0.93343,0.93619,40498
1593018000,0.93621,0.93675,0.9346,0.93663,26557
1593032400,0.93536,0.93739,0.93486,0.93568,12625
1593046800,0.93567,0.93666,0.93544,0.93648,17789
1593061200,0.93646,0.93813,0.93534,0.93779,25407
1593075600,0.9378,0.93785,0.93529,0.93692,26360
1593090000,0.93694,0.9388,0.93605,0.9382,34807
1593104400,0.93821,0.94005,0.93731,0.9394,20439
1593118800,0.93841,0.93981,0.93675,0.93804,10949
1593133200,0.93804,0.93974,0.93797,0.93939,13472
1593147600,0.93942,0.94018,0.93879,0.94001,17521
1593162000,0.93996,0.94016,0.93837,0.93903,17411
1593176400,0.93902,0.94,0.93785,0.93858,30784
1593190800,0.93854,0.93918,0.93697,0.93911,22537
1593378000,0.93705,0.93909,0.9365,0.93907,10397
1593392400,0.93906,0.93995,0.93785,0.93918,17600
1593406800,0.93918,0.9406,0.93857,0.93905,23123
1593421200,0.93905,0.93964,0.93822,0.93836,19737
1593435600,0.93832,0.93883,0.93702,0.9372,29380
1593450000,0.9372,0.93902,0.93711,0.93813,16683
1593464400,0.93721,0.93922,0.93656,0.93798,8030
1593478800,0.93797,0.94055,0.93795,0.94029,10839
1593493200,0.94029,0.94032,0.93682,0.93726,25806
1593507600,0.93724,0.93889,0.93586,0.9387,26227
1593522000,0.93872,0.94029,0.93742,0.93806,39212
1593536400,0.93809,0.93854,0.93636,0.93707,22584
1593550800,0.93681,0.93751,0.93603,0.93749,6732
1593565200,0.93748,0.93817,0.93556,0.93594,11809
1593579600,0.93591,0.93751,0.9354,0.93711,16645
1593594000,0.93711,0.93778,0.93476,0.93762,22808
1593608400,0.93763,0.94168,0.93734,0.93948,29783
1593622800,0.93943,0.94,0.93858,0.93938,18695
1593637200,0.93931,0.94029,0.9386,0.94001,10368
1593651600,0.94001,0.94197,0.93931,0.94164,14716
1593666000,0.94162,0.94268,0.94074,0.94154,19406
1593680400,0.94157,0.94223,0.93972,0.93977,20197
1593694800,0.93978,0.9429,0.93949,0.94031,32449
1593709200,0.94029,0.94065,0.93915,0.93938,13496
1593723600,0.93911,0.9394,0.93847,0.93903,5877
1593738000,0.93902,0.93986,0.9388,0.9395,12831
1593752400,0.9395,0.94125,0.93922,0.94074,17925
1593766800,0.94073,0.94182,0.94012,0.94157,15643
1593781200,0.94158,0.94234,0.94084,0.94117,12019
1593795600,0.94118,0.94213,0.93812,0.93907,12228
1593982800,0.93967,0.94275,0.93906,0.94205,7199
1593997200,0.94206,0.94338,0.9418,0.94258,11299
1594011600,0.94258,0.94407,0.94213,0.94281,17444
1594026000,0.94281,0.94571,0.94236,0.94569,16021
1594040400,0.94569,0.94603,0.944,0.94492,22734
1594054800,0.94492,0.9452,0.94388,0.94417,10295
1594069200,0.9436,0.94641,0.9431,0.94537,7851
1594083600,0.94541,0.94561,0.94273,0.94423,15619
1594098000,0.94418,0.94474,0.94055,0.94063,20091
1594112400,0.9406,0.94368,0.93979,0.9435,17593
1594126800,0.94349,0.94768,0.94307,0.94629,25341
1594141200,0.94627,0.94643,0.94429,0.94488,14338
1594155600,0.94476,0.94548,0.94356,0.94388,8722
1594170000,0.9439,0.94491,0.94344,0.94403,12330
1594184400,0.94404,0.94469,0.94334,0.94392,19620
1594198800,0.9439,0.94475,0.94313,0.94391,16911
1594213200,0.94391,0.94482,0.94222,0.9432,28994
1594227600,0.94322,0.94371,0.94198,0.94318,14494
1594242000,0.94305,0.94482,0.94291,0.94313,6464
1594256400,0.94312,0.94407,0.94218,0.94393,14792
1594270800,0.9439,0.94475,0.94266,0.94266,21269
1594285200,0.94268,0.94356,0.9418,0.94349,17164
1594299600,0.94349,0.94516,0.94275,0.94432,38057
1594314000,0.94435,0.94631,0.94419,0.94591,14325
1594328400,0.94566,0.94596,0.94349,0.944,7746
1594342800,0.94401,0.94449,0.94315,0.94376,13083
1594357200,0.94373,0.94566,0.94314,0.9451,19607
1594371600,0.94509,0.9472,0.94354,0.94463,18939
1594386000,0.94465,0.94653,0.94462,0.94469,30652
1594400400,0.94469,0.94492,0.94352,0.94453,11870
1594587600,0.94379,0.94537,0.94379,0.94422,9661
1594602000,0.94422,0.94629,0.94418,0.94574,11576
1594616400,0.94578,0.947,0.94429,0.94464,19834
1594630800,0.94466,0.94639,0.94461,0.9449,18155
1594645200,0.9449,0.94805,0.94435,0.9472,24469
1594659600,0.94721,0.94735,0.94415,0.94428,21956
1594674000,0.94421,0.94498,0.94326,0.94405,8380
1594688400,0.94404,0.94602,0.94396,0.94602,13883
1594702800,0.94603,0.94656,0.94442,0.94634,20216
1594717200,0.94634,0.948,0.94597,0.94669,22035
1594731600,0.94668,0.94916,0.94494,0.94907,43884
1594746000,0.94906,0.94994,0.94855,0.94979,18876
1594760400,0.94891,0.95175,0.94842,0.95108,9755
1594774800,0.95109,0.95349,0.9507,0.9512,13081
1594789200,0.95123,0.95222,0.95027,0.95078,18497
1594803600,0.95078,0.95327,0.95014,0.95292,18258
1594818000,0.95297,0.95442,0.94504,0.94537,32546
1594832400,0.94538,0.94672,0.94516,0.94654,15718
1594846800,0.94631,0.94708,0.94441,0.9447,9215
1594861200,0.94468,0.94652,0.94368,0.94423,14976
1594875600,0.94424,0.94562,0.94359,0.94447,19057
1594890000,0.94447,0.9463,0.94335,0.94532,19848
1594904400,0.94529,0.94888,0.94486,0.94664,28533
1594918800,0.94664,0.94668,0.94503,0.94635,18589
1594933200,0.94542,0.94778,0.945,0.94745,6421
1594947600,0.94748,0.94899,0.94705,0.94861,11103
1594962000,0.94862,0.94945,0.94818,0.94894,15134
1594976400,0.94894,0.9494,0.94697,0.94728,14948
1594990800,0.9473,0.95008,0.94686,0.94965,18719
1595005200,0.94968,0.95109,0.94923,0.95014,11248
1595192400,0.94803,0.9508,0.94803,0.94953,6980
1595206800,0.94954,0.94972,0.94808,0.94904,11604
1595221200,0.94902,0.94977,0.94865,0.94943,16980
1595235600,0.94944,0.95005,0.94851,0.9491,14846
1595250000,0.94908,0.94982,0.94783,0.94804,19793
1595264400,0.94803,0.94985,0.94793,0.94966,8307
1595278800,0.94921,0.95072,0.94867,0.94973,5233
1595293200,0.94974,0.95043,0.94811,0.94848,11287
1595307600,0.94848,0.95272,0.94848,0.95192,17912
1595322000,0.95194,0.9548,0.95157,0.95447,16948
1595336400,0.95448,0.95696,0.95374,0.9568,27660
1595350800,0.95681,0.96033,0.95647,0.95948,17303
1595365200,0.95933,0.96033,0.95836,0.95865,8990
1595379600,0.95864,0.96005,0.95817,0.95971,11378
1595394000,0.95972,0.96321,0.95795,0.96004,27443
1595408400,0.96004,0.96401,0.95969,0.96263,27299
1595422800,0.96266,0.96266,0.95721,0.95756,29560
1595437200,0.95757,0.9583,0.95681,0.95809,17335
1595451600,0.95795,0.95866,0.95705,0.95719,10398
1595466000,0.95724,0.95856,0.95654,0.95826,15272
1595480400,0.95823,0.95856,0.95617,0.95653,21776
1595494800,0.95658,0.95684,0.95212,0.95212,24506
1595509200,0.95212,0.95484,0.95152,0.95154,34853
1595523600,0.95155,0.95234,0.95062,0.95165,31864
1595538000,0.94945,0.95295,0.94945,0.95264,10080
1595552400,0.95267,0.95351,0.94996,0.95061,16020
1595566800,0.95058,0.95195,0.94968,0.95112,27652
1595581200,0.95111,0.9521,0.94905,0.95022,21513
1595595600,0.95022,0.95275,0.95013,0.9522,30151
1595610000,0.95218,0.95333,0.95164,0.95315,17237
1595797200,0.95096,0.95417,0.95096,0.95361,14252
1595811600,0.95358,0.9557,0.95301,0.95466,14431
1595826000,0.95469,0.95612,0.95337,0.95393,19203
1595840400,0.9539,0.9555,0.95341,0.95469,22185
1595854800,0.95471,0.95803,0.95396,0.9541,26030
1595869200,0.9541,0.95489,0.95343,0.95483,13559
1595883600,0.95401,0.95532,0.95368,0.95418,9039
1595898000,0.95416,0.95717,0.95325,0.95423,16593
1595912400,0.95425,0.95523,0.95201,0.95517,20352
1595926800,0.95518,0.95719,0.95497,0.95693,19741
1595941200,0.9569,0.95953,0.95564,0.95598,30294
1595955600,0.956,0.95786,0.95565,0.95778,15120
1595970000,0.95691,0.95911,0.95588,0.95897,8970
1595984400,0.95897,0.95912,0.95695,0.95775,11087
1595998800,0.95775,0.95967,0.95727,0.95863,17001
1596013200,0.95864,0.95956,0.95755,0.95931,15740
1596027600,0.9593,0.95984,0.9565,0.95862,23487
1596042000,0.95858,0.95988,0.9573,0.95834,25299
1596056400,0.95789,0.95891,0.95675,0.95819,10264
1596070800,0.95823,0.9584,0.95708,0.95721,11150
1596085200,0.9572,0.95781,0.95558,0.95752,22273
1596099600,0.95751,0.95944,0.95738,0.95936,21005
1596114000,0.95939,0.96077,0.95733,0.96066,40172
1596128400,0.96068,0.96613,0.96065,0.96563,18672
1596142800,0.96561,0.96792,0.96427,0.9675,13445
1596157200,0.96754,0.96932,0.96606,0.96923,17005
1596171600,0.96922,0.96964,0.96456,0.96502,22460
1596186000,0.96502,0.96604,0.9633,0.96394,19330
1596200400,0.96393,0.96449,0.95705,0.9585,40348
1596214800,0.9585,0.95879,0.95536,0.95807,19665
1596402000,0.95549,0.95785,0.9551,0.95601,14938
1596416400,0.95607,0.95751,0.9542,0.95685,16428
1596430800,0.95685,0.95772,0.9534,0.95594,18371
1596445200,0.9559,0.95591,0.95228,0.95248,17360
1596459600,0.9525,0.95361,0.95054,0.95358,25501
1596474000,0.9536,0.95404,0.95223,0.95383,11141
1596488400,0.95281,0.95446,0.95221,0.95322,7814
1596502800,0.95327,0.95543,0.95263,0.9548,11541
1596517200,0.95481,0.95569,0.95294,0.95488,23727
1596531600,0.95489,0.95695,0.95456,0.95496,23937
1596546000,0.95499,0.95686,0.95456,0.95604,26954
1596560400,0.95602,0.95607,0.95373,0.95378,14154
1596574800,0.95306,0.95452,0.95219,0.95367,10508
1596589200,0.95367,0.95572,0.95338,0.95505,12222
1596603600,0.95504,0.95617,0.95398,0.95568,20340
1596618000,0.95569,0.95782,0.95501,0.95758,26782
1596632400,0.95759,0.95921,0.95593,0.95667,33973
1596646800,0.95667,0.95721,0.95372,0.95373,13133
1596661200,0.95373,0.95623,0.9535,0.95564,7780
1596675600,0.9556,0.9562,0.95365,0.9547,14932
1596690000,0.95471,0.95581,0.95375,0.95444,27942
1596704400,0.95445,0.95605,0.95384,0.95562,24789
1596718800,0.95556,0.96151,0.95535,0.96144,35944
1596733200,0.96142,0.96314,0.9607,0.96304,18318
1596747600,0.96096,0.96393,0.96081,0.96312,9668
1596762000,0.96308,0.96325,0.96163,0.96275,21426
1596776400,0.96273,0.9635,0.96173,0.96322,21098
1596790800,0.96324,0.96383,0.96069,0.96143,24888
1596805200,0.96144,0.96178,0.95768,0.95799,35855
1596819600,0.95797,0.95851,0.95674,0.95835,18114
1597006800,0.95867,0.95895,0.95663,0.9585,10171
1597021200,0.95847,0.95902,0.95785,0.9581,11132
1597035600,0.95806,0.95866,0.95715,0.95794,16821
1597050000,0.95795,0.9582,0.95611,0.95743,14752
1597064400,0.95744,0.95884,0.95527,0.95577,25176
1597078800,0.95577,0.95582,0.9543,0.95439,13108
1597093200,0.95438,0.95555,0.95408,0.95412,8267
1597107600,0.95413,0.95733,0.95406,0.95716,11606
1597122000,0.95716,0.9572,0.95368,0.95451,20919
1597136400,0.95452,0.95572,0.95341,0.95543,25277
1597150800,0.95543,0.95543,0.95087,0.95115,33646
1597165200,0.95115,0.95116,0.94945,0.95005,23609
1597179600,0.94987,0.95124,0.94946,0.95057,13167
1597194000,0.95056,0.95147,0.94874,0.94919,23438
1597208400,0.94921,0.94966,0.94812,0.94856,23850
1597222800,0.94854,0.94904,0.94688,0.94832,22013
1597237200,0.94837,0.95025,0.94798,0.94904,31680
1597251600,0.94907,0.94988,0.94866,0.94884,15095
1597266000,0.94722,0.95056,0.94722,0.94994,10576
1597280400,0.94996,0.95119,0.94839,0.94857,15569
1597294800,0.94852,0.94931,0.94731,0.94805,19817
1597309200,0.94807,0.94923,0.94587,0.94762,18851
1597323600,0.94759,0.94837,0.94583,0.94609,25816
1597338000,0.94609,0.94625,0.94381,0.94509,20211
1597352400,0.94477,0.94562,0.94445,0.94445,8405
1597366800,0.94448,0.94533,0.94377,0.94503,11631
1597381200,0.94504,0.9468,0.94472,0.94668,18280
1597395600,0.94669,0.94767,0.9455,0.94758,19051
1597410000,0.94757,0.95068,0.94719,0.95023,26989
1597424400,0.95025,0.95168,0.94981,0.95143,11717
1597611600,0.9475,0.95403,0.9475,0.95387,7814
1597626000,0.95391,0.95392,0.95095,0.95114,10233
1597640400,0.95114,0.9518,0.94961,0.95042,17508
1597654800,0.95041,0.95249,0.95025,0.95168,18270
1597669200,0.95165,0.9537,0.95122,0.95206,22377
1597683600,0.95205,0.95333,0.95108,0.95333,10858
1597698000,0.95304,0.95461,0.95267,0.95434,9292
1597712400,0.95436,0.95498,0.95155,0.9525,14484
1597726800,0.9525,0.95302,0.95138,0.9524,20761
1597741200,0.95241,0.95467,0.95077,0.95419,19961
1597755600,0.95426,0.95597,0.95209,0.9544,31661
1597770000,0.95441,0.95441,0.95235,0.95369,14670
1597784400,0.95267,0.955,0.95236,0.95451,10691
1597798800,0.95452,0.95456,0.95226,0.95256,14270
1597813200,0.95249,0.95597,0.95238,0.95535,22857
1597827600,0.95539,0.95604,0.95455,0.95463,18697
1597842000,0.95463,0.95474,0.95141,0.95292,27503
1597856400,0.9529,0.95322,0.94865,0.94933,26884
1597870800,0.94897,0.95012,0.94833,0.94963,10307
1597885200,0.94964,0.95006,0.94795,0.94923,16909
1597899600,0.94923,0.94933,0.94538,0.94585,24911
1597914000,0.94586,0.94666,0.94485,0.94541,24791
1597928400,0.94539,0.94662,0.94481,0.94626,33325
1597942800,0.94627,0.94878,0.94576,0.94835,18296
1597957200,0.94817,0.94993,0.94667,0.9492,11149
1597971600,0.94919,0.94928,0.94719,0.94783,15264
1597986000,0.94787,0.94853,0.94665,0.94765,23702
1598000400,0.94764,0.94861,0.94603,0.9471,26782
1598014800,0.94707,0.94766,0.94296,0.94396,32002
1598029200,0.94396,0.94516,0.94319,0.94437,12962
1598216400,0.94372,0.94446,0.94092,0.94366,8665
1598230800,0.94362,0.94542,0.94335,0.94353,12184
1598245200,0.94354,0.94571,0.94321,0.94487,18579
1598259600,0.94489,0.94695,0.9447,0.94681,17075
1598274000,0.94683,0.94864,0.94649,0.94836,28314
1598288400,0.94832,0.9491,0.94619,0.94644,15663
1598302800,0.94667,0.94981,0.94586,0.94959,11425
1598317200,0.94958,0.94985,0.94772,0.94885,14114
1598331600,0.94884,0.94923,0.94592,0.94683,19189
1598346000,0.9468,0.94864,0.94637,0.94736,18167
1598360400,0.94737,0.94792,0.94619,0.94685,27837
1598374800,0.94684,0.9489,0.94644,0.94754,13221
1598389200,0.94762,0.94857,0.94692,0.94806,9433
1598403600,0.94807,0.94861,0.94709,0.94783,13039
1598418000,0.94784,0.94998,0.94777,0.94965,19314
1598432400,0.94965,0.94987,0.94813,0.94918,19909
1598446800,0.94918,0.95099,0.94871,0.95052,26119
1598461200,0.95053,0.95201,0.95037,0.95099,15901
1598475600,0.95031,0.95235,0.94995,0.95195,9473
1598490000,0.95189,0.95272,0.95079,0.95174,14206
1598504400,0.95174,0.95427,0.95141,0.95371,18312
1598518800,0.9537,0.95407,0.95202,0.95329,19382
1598533200,0.95332,0.95576,0.9492,0.95155,58419
1598547600,0.95154,0.95305,0.95128,0.9529,27097
1598562000,0.9515,0.9541,0.95136,0.95355,11352
1598576400,0.95356,0.95576,0.95279,0.95481,19671
1598590800,0.9548,0.95726,0.95427,0.95627,32858
1598605200,0.95627,0.95983,0.95525,0.95943,27119
1598619600,0.95936,0.96363,0.95892,0.96247,39105
1598634000,0.96247,0.96449,0.96238,0.96447,20429
1598821200,0.96329,0.96517,0.96298,0.96316,13194
1598835600,0.96314,0.96484,0.96131,0.96141,17193
1598850000,0.9614,0.96207,0.96064,0.96162,22458
1598864400,0.96158,0.9633,0.96062,0.96174,18524
1598878800,0.96174,0.96421,0.96109,0.96373,35451
1598893200,0.96371,0.96372,0.96148,0.9623,20720
1598907600,0.96167,0.96332,0.96049,0.96128,12573
1598922000,0.96128,0.96424,0.96127,0.96247,27109
1598936400,0.96247,0.96386,0.9594,0.95985,29297
1598950800,0.95983,0.96265,0.95948,0.96244,25695
1598965200,0.96246,0.96433,0.96159,0.96355,38594
1598979600,0.96354,0.96436,0.96169,0.96334,21201
1598994000,0.96187,0.96411,0.96173,0.96199,10692
1599008400,0.96198,0.96211,0.95968,0.96114,18097
1599022800,0.96115,0.96179,0.95935,0.95959,23721
1599037200,0.95955,0.96037,0.95761,0.95808,24552
1599051600,0.95809,0.95825,0.95505,0.95724,37978
1599066000,0.95723,0.95756,0.95558,0.9573,21595
1599080400,0.95692,0.95728,0.95552,0.95622,8829
1599094800,0.95621,0.9569,0.95505,0.95608,18329
1599109200,0.95607,0.95733,0.95503,0.95664,26389
1599123600,0.95661,0.95683,0.95489,0.95659,25749
1599138000,0.95656,0.95796,0.95436,0.95439,50859
1599152400,0.95439,0.95582,0.95409,0.95467,36778
1599166800,0.95458,0.95495,0.95282,0.95416,13129
1599181200,0.95414,0.95477,0.95373,0.95444,15275
1599195600,0.95444,0.95479,0.95361,0.95455,23477
1599210000,0.95456,0.95485,0.95131,0.95263,27741
1599224400,0.95258,0.95291,0.94866,0.9521,56427
1599238800,0.95208,0.95296,0.95126,0.95134,31545
1599426000,0.95001,0.95367,0.94966,0.95262,16434
1599440400,0.9526,0.95377,0.95235,0.95359,18244
1599454800,0.95357,0.95483,0.95299,0.95435,24419
1599469200,0.95434,0.95492,0.95307,0.95337,18242
1599483600,0.95336,0.95354,0.95209,0.95335,13839
1599498000,0.95335,0.95348,0.95257,0.95279,5710
1599512400,0.95277,0.9541,0.95249,0.95376,8235
1599526800,0.95375,0.95446,0.95336,0.95445,12214
1599541200,0.95445,0.95703,0.95432,0.95516,24864
1599555600,0.95509,0.95529,0.9524,0.95283,33373
1599570000,0.9528,0.95572,0.95204,0.95537,49145
1599584400,0.95535,0.95578,0.95344,0.9549,26012
1599598800,0.95458,0.95544,0.95306,0.95479,15802
1599613200,0.95481,0.95646,0.95428,0.95603,18112
1599627600,0.95602,0.95755,0.95527,0.95656,24810
1599642000,0.95656,0.95876,0.95601,0.95786,24639
1599656400,0.95784,0.96045,0.95689,0.95722,36069
1599670800,0.95721,0.95822,0.95631,0.95741,20056
1599685200,0.95677,0.9575,0.95593,0.95633,10990
1599699600,0.95629,0.95678,0.95583,0.95611,14995
1599714000,0.95612,0.95743,0.95579,0.95668,18473
1599728400,0.95668,0.95901,0.95606,0.9585,25774
1599742800,0.9585,0.96157,0.95833,0.959,41633
1599757200,0.95899,0.95962,0.95641,0.95744,32682
1599771600,0.95672,0.9588,0.95572,0.95854,13399
1599786000,0.95853,0.95875,0.95759,0.95853,13948
1599800400,0.95851,0.96116,0.9581,0.96095,19857
1599814800,0.96093,0.96197,0.96032,0.96118,21655
1599829200,0.96119,0.9618,0.95882,0.95919,32522
1599843600,0.95919,0.96018,0.9582,0.95987,25812
1600030800,0.95864,0.96077,0.95864,0.95893,9743
1600045200,0.95895,0.95951,0.95802,0.95868,11615
1600059600,0.95869,0.95911,0.95785,0.95803,17280
1600074000,0.95803,0.95917,0.95732,0.95857,16747
1600088400,0.95856,0.96214,0.95841,0.96088,25532
1600102800,0.96088,0.96134,0.96023,0.96034,18915
1600117200,0.95994,0.9609,0.95842,0.95869,9489
1600131600,0.95869,0.96289,0.95818,0.9626,15935
1600146000,0.96261,0.96379,0.96232,0.96297,18479
1600160400,0.96304,0.96484,0.96294,0.96472,18830
1600174800,0.96474,0.9655,0.96172,0.96314,25407
1600189200,0.96314,0.96344,0.96231,0.96274,17463
1600203600,0.96278,0.96329,0.96197,0.96286,9034
1600218000,0.96281,0.96422,0.9619,0.96386,12747
1600232400,0.96387,0.96519,0.96333,0.96475,16492
1600246800,0.96473,0.96676,0.96441,0.96567,18819
1600261200,0.96565,0.96671,0.96313,0.96382,27235
1600275600,0.96382,0.96456,0.95946,0.96278,42362
1600290000,0.96177,0.96306,0.95983,0.96059,12064
1600304400,0.96058,0.96521,0.9603,0.96128,27281
1600318800,0.96128,0.96414,0.96087,0.96391,31336
1600333200,0.96392,0.96474,0.96214,0.96408,26828
1600347600,0.96407,0.96436,0.96199,0.96233,37078
1600362000,0.9623,0.96376,0.96163,0.96259,24602
1600376400,0.96122,0.96349,0.96122,0.9626,10631
1600390800,0.9626,0.96401,0.96218,0.96277,16667
1600405200,0.96276,0.96342,0.96162,0.96167,21252
1600419600,0.96167,0.96285,0.96008,0.96192,21385
1600434000,0.96192,0.96445,0.96091,0.96433,31830
1600448400,0.96433,0.9648,0.96186,0.96219,22713
1600635600,0.96169,0.96366,0.96169,0.96347,10224
1600650000,0.96351,0.96464,0.96262,0.96462,15277
1600664400,0.96464,0.96549,0.9621,0.96252,25208
1600678800,0.96251,0.96272,0.95942,0.96034,26813
1600693200,0.96036,0.96064,0.9576,0.9597,41605
1600707600,0.95969,0.9614,0.95918,0.96106,23266
1600722000,0.96146,0.96223,0.95918,0.95982,12863
1600736400,0.95984,0.96142,0.95806,0.96058,17889
1600750800,0.96058,0.96076,0.95762,0.95948,28096
1600765200,0.95947,0.96158,0.95896,0.96032,24855
1600779600,0.96034,0.96092,0.95367,0.95387,37634
1600794000,0.95387,0.95462,0.95319,0.95362,16706
1600808400,0.95325,0.95428,0.94985,0.94997,12642
1600822800,0.94996,0.95028,0.94825,0.94975,20241
1600837200,0.94977,0.95089,0.94836,0.94917,24270
1600851600,0.94913,0.95062,0.94825,0.94919,22365
1600866000,0.94917,0.9501,0.94737,0.94789,36317
1600880400,0.94791,0.9484,0.9459,0.94659,29616
1600894800,0.94622,0.94799,0.94547,0.94614,12324
1600909200,0.94613,0.94698,0.94377,0.9439,17783
1600923600,0.94395,0.94445,0.94259,0.94425,26156
1600938000,0.94427,0.94427,0.94139,0.94168,23926
1600952400,0.94171,0.94315,0.94071,0.94219,42744
1600966800,0.94219,0.94247,0.94094,0.94127,28783
1600981200,0.94192,0.94207,0.94001,0.9417,10113
1600995600,0.94169,0.94332,0.94134,0.9433,13641
1601010000,0.9433,0.9456,0.94271,0.94422,23997
1601024400,0.94421,0.94438,0.93974,0.94087,25341
1601038800,0.94086,0.94177,0.93911,0.94098,34605
1601053200,0.94096,0.94167,0.9404,0.94109,19818
1601240400,0.94064,0.94393,0.94019,0.94235,10771
1601254800,0.94236,0.94486,0.94208,0.94479,12158
1601269200,0.94477,0.94482,0.943,0.94331,21991
1601283600,0.9433,0.94607,0.94285,0.94499,24100
1601298000,0.94506,0.94574,0.94365,0.94527,32603
1601312400,0.94526,0.9463,0.94492,0.94558,19083
1601326800,0.9457,0.94781,0.94496,0.94719,10303
1601341200,0.94718,0.94798,0.94632,0.94728,12354
1601355600,0.94728,0.94984,0.94699,0.94982,22834
1601370000,0.94983,0.95428,0.94983,0.95308,21359
1601384400,0.95307,0.9548,0.95159,0.95412,36060
1601398800,0.9541,0.95536,0.95393,0.95494,19240
1601413200,0.9546,0.95662,0.95388,0.9553,8214
1601427600,0.95532,0.95575,0.95306,0.95396,19998
1601442000,0.9539,0.95526,0.95281,0.95395,26009
1601456400,0.95391,0.95486,0.95222,0.95475,24501
1601470800,0.95479,0.95827,0.95379,0.95445,39188
1601485200,0.95446,0.95458,0.9528,0.95426,31901
1601499600,0.95332,0.95459,0.95239,0.9527,7078
1601514000,0.95271,0.95459,0.9525,0.95409,9664
1601528400,0.9541,0.95651,0.95409,0.95507,20530
1601542800,0.95507,0.95761,0.95478,0.95637,22319
1601557200,0.95638,0.95699,0.95399,0.95519,34918
1601571600,0.95519,0.95537,0.95295,0.95439,23615
1601586000,0.9542,0.955,0.95273,0.95317,7924
1601600400,0.95314,0.95346,0.94971,0.95051,12514
1601614800,0.95052,0.9539,0.94976,0.95157,35394
1601629200,0.95154,0.95354,0.9515,0.95231,25706
1601643600,0.95234,0.95441,0.95154,0.95246,35854
1601658000,0.95243,0.95313,0.95196,0.95299,19619
1601845200,0.95296,0.95498,0.95173,0.95394,11177
1601859600,0.95393,0.9545,0.95303,0.95341,13210
1601874000,0.95345,0.95352,0.95168,0.953,19834
1601888400,0.95301,0.95382,0.95247,0.95346,18938
1601902800,0.95345,0.95425,0.95255,0.95301,24440
1601917200,0.95301,0.95318,0.95189,0.95194,15370
1601931600,0.95205,0.9538,0.95106,0.95313,8378
1601946000,0.95313,0.95471,0.95197,0.95319,12189
1601960400,0.95319,0.95327,0.94828,0.94955,21681
1601974800,0.94953,0.95027,0.94775,0.94991,21468
1601989200,0.94991,0.95068,0.9488,0.94958,29538
1602003600,0.94963,0.94975,0.94533,0.94539,32225
1602018000,0.94486,0.94831,0.94467,0.94761,11500
1602032400,0.94762,0.94881,0.94684,0.94855,13023
1602046800,0.94859,0.94964,0.9482,0.94884,20592
1602061200,0.94885,0.94892,0.94727,0.94836,20022
1602075600,0.94833,0.9491,0.94716,0.9482,28648
1602090000,0.9482,0.94824,0.94634,0.94657,17808
1602104400,0.94646,0.94709,0.94515,0.9453,7607
1602118800,0.94529,0.94707,0.9448,0.94694,12004
1602133200,0.9469,0.94922,0.94686,0.94847,19178
1602147600,0.94843,0.94922,0.94719,0.94798,18382
1602162000,0.94791,0.94849,0.94556,0.94581,27353
1602176400,0.9458,0.94617,0.94519,0.94579,13535
1602190800,0.94562,0.94668,0.94481,0.94606,7695
1602205200,0.94605,0.94751,0.94598,0.94649,11660
1602219600,0.94648,0.94703,0.94567,0.94639,18152
1602234000,0.94639,0.94804,0.94582,0.9472,18708
1602248400,0.94718,0.95029,0.94717,0.94951,26090
1602262800,0.94951,0.95025,0.9492,0.9495,12467
1602450000,0.94786,0.94948,0.94756,0.94826,9235
1602464400,0.94828,0.94961,0.9479,0.94915,11606
1602478800,0.94919,0.94954,0.94805,0.94829,15493
1602493200,0.94828,0.94845,0.94619,0.94697,14751
1602507600,0.94696,0.94696,0.94462,0.94631,17784
1602522000,0.9463,0.94632,0.9451,0.94524,12999
1602536400,0.94517,0.94612,0.94204,0.94302,10357
1602550800,0.94303,0.94339,0.94155,0.94289,16541
1602565200,0.94289,0.94379,0.94172,0.94338,22084
1602579600,0.94335,0.9436,0.94181,0.94224,20836
1602594000,0.94224,0.94242,0.9397,0.94019,29427
1602608400,0.94018,0.94077,0.9395,0.94064,18013
1602622800,0.94031,0.94207,0.93994,0.94181,7965
1602637200,0.94183,0.94244,0.94095,0.94192,14687
1602651600,0.94191,0.94249,0.94046,0.9416,18087
1602666000,0.94163,0.94368,0.94108,0.94329,19743
1602680400,0.9433,0.94407,0.9413,0.94159,23720
1602694800,0.9416,0.94223,0.94135,0.942,12879
1602709200,0.94118,0.94234,0.93771,0.93887,12439
1602723600,0.93888,0.93979,0.93708,0.93803,16249
1602738000,0.938,0.93852,0.93264,0.93276,23525
1602752400,0.93276,0.93526,0.93268,0.93437,23480
1602766800,0.93442,0.93808,0.93411,0.93739,30899
1602781200,0.93736,0.93826,0.937,0.93814,12779
1602795600,0.93834,0.93834,0.93618,0.93624,8265
1602810000,0.93627,0.93731,0.93591,0.93596,12842
1602824400,0.93596,0.93718,0.93559,0.93596,18339
1602838800,0.93597,0.9367,0.93515,0.93578,20131
1602853200,0.93579,0.93582,0.93336,0.93396,24635
1602867600,0.93395,0.93444,0.93338,0.93372,12508
1603054800,0.9332,0.93632,0.93188,0.93558,8542
1603069200,0.93559,0.93645,0.93425,0.93445,10814
1603083600,0.93446,0.93586,0.93427,0.93575,16360
1603098000,0.93576,0.9374,0.93574,0.9358,14989
1603112400,0.9358,0.93581,0.93223,0.93247,21599
1603126800,0.93248,0.93281,0.93095,0.93224,15562
1603141200,0.93191,0.93269,0.92979,0.93008,7399
1603155600,0.93008,0.93017,0.92869,0.92912,11841
1603170000,0.92911,0.92953,0.92799,0.92826,16317
1603184400,0.92825,0.9284,0.92639,0.92703,14410
1603198800,0.92705,0.92712,0.92504,0.92614,24431
1603213200,0.92614,0.9274,0.92498,0.92521,15427
1603227600,0.92507,0.92629,0.92473,0.92625,8120
1603242000,0.92624,0.92781,0.92611,0.92679,11984
1603256400,0.92676,0.92838,0.92591,0.92754,19433
1603270800,0.92755,0.932,0.92749,0.93147,17937
1603285200,0.93147,0.9361,0.93112,0.93574,27055
1603299600,0.93575,0.93657,0.93496,0.93564,14230
1603314000,0.93532,0.93563,0.9337,0.93507,9347
1603328400,0.93508,0.93559,0.93338,0.93391,11820
1603342800,0.93394,0.93581,0.9334,0.93341,18210
1603357200,0.93341,0.93532,0.93276,0.93441,17429
1603371600,0.9344,0.93579,0.93288,0.93489,26386
1603386000,0.93489,0.93572,0.93434,0.93499,12647
1603400400,0.93442,0.93708,0.93416,0.9366,9701
1603414800,0.93661,0.9371,0.93473,0.93511,11121
1603429200,0.93513,0.93797,0.93434,0.93778,18180
1603443600,0.93779,0.939,0.93676,0.93704,15327
1603458000,0.93704,0.93736,0.93362,0.93602,20524
1603472400,0.93603,0.93795,0.93595,0.9367,9287
1603659600,0.93654,0.93799,0.93629,0.93737,10391
1603674000,0.93738,0.93777,0.93569,0.93605,12778
1603688400,0.93604,0.93883,0.93579,0.93866,17278
1603702800,0.93861,0.94123,0.93858,0.93908,17593
1603717200,0.93907,0.94149,0.93844,0.94072,25256
1603731600,0.94072,0.94137,0.93953,0.94104,15406
1603746000,0.94007,0.94125,0.9394,0.94067,7185
1603760400,0.94067,0.94102,0.93978,0.94023,9836
1603774800,0.94022,0.94077,0.93927,0.93936,16304
1603789200,0.93935,0.94036,0.93855,0.9398,16744
1603803600,0.93984,0.94046,0.93871,0.9392,21701
1603818000,0.93921,0.93994,0.93882,0.93994,10930
1603832400,0.93896,0.9403,0.93805,0.94004,10329
1603846800,0.94003,0.94221,0.9393,0.94213,10910
1603861200,0.94214,0.94339,0.94119,0.9419,19394
1603875600,0.94192,0.94238,0.93722,0.93818,25588
1603890000,0.9382,0.94142,0.93703,0.9397,34859
1603904400,0.93974,0.94004,0.93733,0.93834,20120
1603918800,0.93842,0.94063,0.93803,0.93974,10401
1603933200,0.93975,0.94041,0.93839,0.93843,12883
1603947600,0.93847,0.93996,0.93773,0.93848,21810
1603962000,0.9385,0.9402,0.93746,0.93901,26503
1603976400,0.93899,0.94007,0.93598,0.93598,37441
1603990800,0.93596,0.93723,0.93565,0.93639,18781
1604005200,0.93617,0.9374,0.93573,0.93685,11488
1604019600,0.93685,0.93861,0.93645,0.93758,16014
1604034000,0.93758,0.93795,0.93567,0.93721,30083
1604048400,0.93719,0.93974,0.93683,0.93903,28257
1604062800,0.93901,0.93982,0.93563,0.93606,41730
1604077200,0.93607,0.93659,0.93546,0.93637,22840
1604268000,0.93468,0.93726,0.93413,0.93606,20052
1604282400,0.93605,0.93638,0.93374,0.93451,16991
1604296800,0.9345,0.93537,0.93266,0.93516,29554
1604311200,0.93515,0.93643,0.9345,0.9352,26334
1604325600,0.93521,0.93578,0.9328,0.93292,30056
1604340000,0.93291,0.93381,0.93254,0.93269,18777
1604354400,0.93257,0.93314,0.93154,0.93275,11362
1604368800,0.93275,0.93342,0.92999,0.93176,16057
1604383200,0.93175,0.93732,0.93115,0.93629,25329
1604397600,0.93626,0.93907,0.93559,0.93694,21744
1604412000,0.93693,0.94223,0.93547,0.94201,29108
1604426400,0.942,0.94255,0.93963,0.94124,18856
1604440800,0.94168,0.94579,0.93912,0.94102,35533
1604455200,0.9411,0.94334,0.93552,0.94046,49806
1604469600,0.94041,0.94139,0.9358,0.93796,46518
1604484000,0.938,0.94335,0.93707,0.94043,39586
1604498400,0.94047,0.94381,0.93942,0.94186,44594
1604512800,0.94187,0.94385,0.94178,0.94269,26182
1604527200,0.94207,0.94422,0.9403,0.94316,21212
1604541600,0.94319,0.94366,0.94047,0.94137,23559
1604556000,0.94138,0.94729,0.94112,0.94671,37640
1604570400,0.94668,0.94744,0.94445,0.94701,44457
1604584800,0.94697,0.94864,0.94506,0.94845,39982
1604599200,0.94846,0.95115,0.948,0.95004,25411
1604613600,0.94987,0.95062,0.94749,0.95012,23652
1604628000,0.95009,0.95115,0.94871,0.95044,23639
1604642400,0.95043,0.95128,0.94832,0.95002,27307
1604656800,0.95002,0.95156,0.94713,0.94926,31300
1604671200,0.94924,0.94965,0.94605,0.94748,38850
1604685600,0.94748,0.94805,0.94622,0.94792,15268
1604872800,0.94867,0.94999,0.94652,0.94797,19680
1604887200,0.94796,0.94962,0.94743,0.94934,18685
1604901600,0.94932,0.94954,0.9465,0.94681,25926
1604916000,0.94682,0.95151,0.9466,0.94797,47419
1604930400,0.94797,0.94946,0.94349,0.94521,54943
1604944800,0.94519,0.94793,0.94423,0.9469,29939
1604959200,0.94679,0.94768,0.94491,0.94638,22983
1604973600,0.9464,0.94797,0.94635,0.94707,27023
1604988000,0.94708,0.94865,0.94676,0.94851,32404
1605002400,0.94852,0.94918,0.94621,0.9469,36397
1605016800,0.94691,0.94771,0.94478,0.94731,43601
1605031200,0.94728,0.9499,0.94619,0.94959,22765
1605045600,0.94832,0.95027,0.94814,0.94939,19592
1605060000,0.94937,0.95302,0.94846,0.95223,23376
1605074400,0.95222,0.95306,0.95058,0.95116,27424
1605088800,0.95117,0.95164,0.94907,0.95059,27104
1605103200,0.9506,0.95068,0.94802,0.94981,26773
1605117600,0.9498,0.95162,0.94967,0.95092,13813
1605132000,0.95047,0.95249,0.95018,0.95188,12477
1605146400,0.95188,0.95211,0.95055,0.95087,16081
1605160800,0.95089,0.95119,0.94955,0.95055,22104
1605175200,0.95057,0.95167,0.94904,0.95165,21623
1605189600,0.95166,0.95418,0.95052,0.95106,28068
1605204000,0.95104,0.95168,0.94938,0.95064,20357
1605218400,0.95007,0.95141,0.94938,0.95065,13050
1605232800,0.95065,0.95217,0.95021,0.95196,13468
1605247200,0.95195,0.95264,0.95105,0.95174,17476
1605261600,0.95173,0.95333,0.95144,0.95332,17523
1605276000,0.95332,0.95626,0.95194,0.95576,23452
1605290400,0.95574,0.95625,0.95415,0.95473,12991
1605477600,0.95432,0.95714,0.95395,0.95638,14786
1605492000,0.95637,0.95669,0.95461,0.95489,12079
1605506400,0.95488,0.95652,0.95402,0.95598,16938
1605520800,0.95599,0.95667,0.95336,0.9549,30141
1605535200,0.95491,0.95772,0.95445,0.95762,24777
1605549600,0.9576,0.95864,0.95685,0.9571,13789
1605564000,0.95687,0.95775,0.95574,0.95616,12555
1605578400,0.95616,0.95729,0.95605,0.95685,11170
1605592800,0.95685,0.95919,0.95549,0.95829,18641
1605607200,0.95828,0.95889,0.95653,0.95776,20764
1605621600,0.95773,0.95788,0.95472,0.95659,24808
1605636000,0.95662,0.95683,0.95504,0.95659,12717
1605650400,0.95617,0.95652,0.95387,0.95447,14957
1605664800,0.95448,0.95528,0.95439,0.95511,13376
1605679200,0.95512,0.95768,0.95453,0.9573,19124
1605693600,0.95731,0.95733,0.95467,0.95579,20542
1605708000,0.9558,0.95774,0.95507,0.95534,22631
1605722400,0.95534,0.95628,0.95455,0.95624,17937
1605736800,0.95562,0.95569,0.95373,0.95479,15381
1605751200,0.95475,0.95505,0.95406,0.95421,13254
1605765600,0.95422,0.95463,0.95234,0.95282,22436
1605780000,0.95281,0.95346,0.95146,0.95241,22116
1605794400,0.95241,0.95255,0.94994,0.95109,24588
1605808800,0.9511,0.95315,0.9511,0.95221,14140
1605823200,0.95167,0.95281,0.95011,0.95279,13912
1605837600,0.95278,0.95355,0.95204,0.95322,14223
1605852000,0.95319,0.95397,0.95148,0.95168,22588
1605866400,0.9517,0.955,0.95157,0.95402,19499
1605880800,0.95401,0.95683,0.95369,0.95643,23261
1605895200,0.95642,0.95752,0.95589,0.95649,12184
1606082400,0.95531,0.95755,0.95516,0.95699,13920
1606096800,0.95698,0.95719,0.95618,0.95637,10701
1606111200,0.95638,0.95725,0.95537,0.9567,17535
1606125600,0.95672,0.95743,0.95561,0.95645,15673
1606140000,0.95645,0.95654,0.95223,0.95374,30326
1606154400,0.95374,0.95436,0.95265,0.95344,13059
1606168800,0.95327,0.95505,0.95244,0.95412,15156
1606183200,0.9541,0.95524,0.95382,0.95482,15192
1606197600,0.95483,0.95961,0.95477,0.95879,20864
1606212000,0.95878,0.9596,0.95742,0.95796,19926
1606226400,0.95791,0.95842,0.95605,0.95656,25739
1606240800,0.95656,0.95737,0.95603,0.95671,12662
1606255200,0.95644,0.95789,0.95591,0.9564,13161
1606269600,0.95643,0.95695,0.95475,0.95496,20114
1606284000,0.95496,0.95713,0.95416,0.95579,21499
1606298400,0.95584,0.95692,0.95508,0.95592,17824
1606312800,0.95588,0.95671,0.95405,0.95665,26048
1606327200,0.95664,0.9582,0.95646,0.958,15687
1606341600,0.95775,0.95807,0.95648,0.95753,9409
1606356000,0.95753,0.95805,0.95629,0.95676,12682
1606370400,0.95677,0.958,0.95671,0.95751,17166
1606384800,0.95752,0.95834,0.95642,0.95646,14226
1606399200,0.95647,0.95869,0.95646,0.95826,13848
1606413600,0.95827,0.95972,0.9573,0.95793,12926
1606428000,0.95767,0.95866,0.95713,0.95839,10116
1606442400,0.95839,0.96003,0.95772,0.95985,13811
1606456800,0.95986,0.9602,0.95828,0.9587,16541
1606471200,0.9587,0.95871,0.95746,0.95812,18169
1606485600,0.95811,0.96044,0.95811,0.95995,23490
1606500000,0.95992,0.96019,0.9581,0.95861,15746
1606687200,0.95962,0.96177,0.95886,0.96104,14758
1606701600,0.96105,0.9611,0.95918,0.95939,17471
1606716000,0.95941,0.95963,0.95677,0.95826,21776
1606730400,0.95823,0.95829,0.95501,0.95545,19315
1606744800,0.95545,0.95573,0.95314,0.95471,35257
1606759200,0.95472,0.95544,0.95249,0.95539,16138
1606773600,0.95458,0.95623,0.95422,0.95476,12363
1606788000,0.95474,0.95576,0.95421,0.95538,14668
1606802400,0.95535,0.95542,0.95291,0.95389,19610
1606816800,0.95388,0.95444,0.953,0.9534,18505
1606831200,0.95339,0.95442,0.95177,0.95314,31424
1606845600,0.95311,0.95398,0.9524,0.95349,14919
1606860000,0.95362,0.95568,0.95248,0.95423,16488
1606874400,0.95424,0.95541,0.95349,0.95403,17004
1606888800,0.95405,0.95521,0.95331,0.95427,22502
1606903200,0.95426,0.95543,0.95216,0.95251,20711
1606917600,0.95251,0.95736,0.95152,0.95661,29044
1606932000,0.95659,0.95836,0.95591,0.958,14626
1606946400,0.95787,0.95838,0.95621,0.95638,10564
1606960800,0.9564,0.95817,0.95627,0.95799,12400
1606975200,0.95799,0.96022,0.95783,0.95962,20051
1606989600,0.95965,0.96005,0.95835,0.9595,20269
1607004000,0.95952,0.96057,0.95763,0.95792,28538
1607018400,0.95792,0.95811,0.95646,0.95714,16424
1607032800,0.95642,0.9575,0.95591,0.95618,13066
1607047200,0.9562,0.9563,0.95451,0.95467,13038
1607061600,0.95466,0.95584,0.95381,0.95474,19334
1607076000,0.95473,0.95499,0.9515,0.95248,24887
1607090400,0.9525,0.95347,0.9508,0.95137,29633
1607104800,0.95137,0.95209,0.94904,0.94946,14429
1607292000,0.94943,0.95037,0.94881,0.94942,14250
1607306400,0.94943,0.95052,0.94933,0.95004,11284
1607320800,0.95004,0.95034,0.94588,0.9467,24001
1607335200,0.94668,0.9505,0.94572,0.94981,20928
1607349600,0.94982,0.95397,0.94959,0.95296,23956
1607364000,0.95295,0.95305,0.9495,0.94959,14155
1607378400,0.94942,0.95007,0.94899,0.94925,11577
1607392800,0.94925,0.95021,0.94915,0.94924,12596
1607407200,0.94924,0.94992,0.94774,0.94934,20327
1607421600,0.94936,0.95023,0.94865,0.94926,23645
1607436000,0.94929,0.95109,0.94732,0.95085,26692
1607450400,0.95085,0.95116,0.94892,0.94964,11841
1607464800,0.94952,0.95065,0.94913,0.95019,10531
1607479200,0.95019,0.95269,0.94985,0.95259,12697
1607493600,0.9526,0.9552,0.95247,0.9551,18539
1607508000,0.95507,0.95661,0.9547,0.95644,18433
1607522400,0.95642,0.95655,0.95289,0.95346,26995
1607536800,0.95347,0.95446,0.95234,0.95393,18002
1607551200,0.95372,0.95539,0.95179,0.95537,12244
1607565600,0.95538,0.957,0.95518,0.95607,13914
1607580000,0.95611,0.95871,0.95502,0.95793,20584
1607594400,0.95792,0.95839,0.95583,0.95664,24987
1607608800,0.95665,0.95905,0.95487,0.95847,35833
1607623200,0.95847,0.96081,0.95818,0.95995,16689
1607637600,0.95982,0.96266,0.95847,0.96222,12430
1607652000,0.96215,0.96332,0.96154,0.96195,13593
1607666400,0.96198,0.96302,0.96032,0.96129,20789
1607680800,0.96127,0.9626,0.96102,0.96243,23229
1607695200,0.96245,0.96355,0.96088,0.9615,23548
1607709600,0.96147,0.96257,0.96139,0.96175,10842
1607896800,0.96253,0.96375,0.96035,0.96132,13018
1607911200,0.9613,0.96256,0.96101,0.96247,11947
1607925600,0.96251,0.96522,0.9625,0.96401,19790
1607940000,0.96399,0.96505,0.96304,0.96376,18211
1607954400,0.96375,0.96436,0.96152,0.96357,30277
1607968800,0.96358,0.96403,0.96116,0.96159,13020
1607983200,0.961,0.96223,0.96064,0.96131,11635
1607997600,0.96125,0.96165,0.95875,0.95992,16273
1608012000,0.95994,0.96044,0.95868,0.95973,18421
1608026400,0.95973,0.96069,0.95924,0.96005,19169
1608040800,0.96007,0.96245,0.9595,0.96213,23250
1608055200,0.96211,0.96214,0.95921,0.95954,15289
1608069600,0.95977,0.95993,0.95889,0.95925,9120
1608084000,0.95924,0.96251,0.95872,0.96174,14510
1608098400,0.96173,0.96423,0.96173,0.96406,19913
1608112800,0.96402,0.96579,0.96372,0.96374,20196
1608127200,0.96374,0.96535,0.96307,0.9647,21753
1608141600,0.96473,0.96567,0.96388,0.96524,22110
1608156000,0.96517,0.96687,0.96443,0.9656,12114
1608170400,0.9656,0.96617,0.96495,0.96546,12249
1608184800,0.96547,0.97038,0.96494,0.96984,17513
1608199200,0.96983,0.97008,0.96851,0.9696,16099
1608213600,0.96965,0.96994,0.96782,0.96967,21923
1608228000,0.96969,0.97125,0.96967,0.97019,13111
1608242400,0.96987,0.97031,0.96882,0.96961,8819
1608256800,0.96961,0.96992,0.96711,0.9673,10727
1608271200,0.96728,0.96973,0.96723,0.969,17088
1608285600,0.96899,0.97136,0.96876,0.97089,17615
1608300000,0.97089,0.97514,0.96921,0.97402,24177
1608314400,0.97399,0.97462,0.97289,0.97413,14338
1608501600,0.97086,0.97393,0.97081,0.97278,15097
1608516000,0.97275,0.9734,0.9706,0.97116,16985
1608530400,0.97115,0.97179,0.9673,0.96795,28558
1608544800,0.96791,0.96988,0.96591,0.96897,41323
1608559200,0.96895,0.97372,0.96838,0.97211,36769
1608573600,0.9721,0.97579,0.97195,0.97554,20103
1608588000,0.97462,0.97497,0.97303,0.97349,13240
1608602400,0.97346,0.97395,0.9721,0.97362,15005
1608616800,0.97361,0.97452,0.97013,0.97025,24102
1608631200,0.9703,0.974,0.97029,0.97398,21327
1608645600,0.97397,0.97472,0.97137,0.97229,33429
1608660000,0.97227,0.97265,0.97075,0.97099,15796
1608674400,0.97082,0.97393,0.97009,0.97257,15890
1608688800,0.97258,0.97371,0.97195,0.97314,13928
1608703200,0.97314,0.97581,0.97302,0.97414,19406
1608717600,0.97417,0.97496,0.97177,0.97424,19810
1608732000,0.97421,0.97567,0.97229,0.9725,32709
1608746400,0.97243,0.97464,0.97235,0.97324,15207
1608760800,0.97307,0.97488,0.97212,0.97409,12518
1608775200,0.97409,0.97536,0.97389,0.97469,16083
1608789600,0.97474,0.97621,0.97471,0.975,18398
1608804000,0.97501,0.97666,0.97466,0.97567,16406
1608818400,0.97569,0.97587,0.97398,0.974,19643
1608832800,0.97402,0.97717,0.97326,0.97501,10499
1609106400,0.97643,0.97762,0.97434,0.97684,17401
1609120800,0.97683,0.97855,0.9767,0.97763,13646
1609135200,0.97759,0.97792,0.97497,0.97555,16859
1609149600,0.97553,0.97572,0.97323,0.97363,21304
1609164000,0.97361,0.97465,0.97295,0.97396,23362
1609178400,0.97391,0.97439,0.97281,0.97389,11690
1609192800,0.9738,0.97515,0.97311,0.97426,10133
1609207200,0.97427,0.97459,0.97365,0.97416,10903
1609221600,0.97419,0.97495,0.97344,0.97373,13675
1609236000,0.97374,0.97485,0.97308,0.97407,16095
1609250400,0.97408,0.97599,0.97295,0.97571,28241
1609264800,0.97569,0.9758,0.97451,0.97519,17934
1609279200,0.97497,0.97725,0.9737,0.97692,19687
1609293600,0.97692,0.97972,0.97692,0.97938,22039
1609308000,0.97932,0.97967,0.97855,0.97889,28515
1609322400,0.97897,0.98066,0.97883,0.98015,25814
1609336800,0.98011,0.98134,0.97912,0.98024,39685
1609351200,0.98031,0.98074,0.97943,0.9798,22297
1609365600,0.98012,0.98195,0.97901,0.98173,10578
1609380000,0.98171,0.9819,0.9805,0.98155,12288
1609394400,0.98155,0.98327,0.98116,0.98211,18529
1609408800,0.98211,0.98585,0.98176,0.98451,20599
1609423200,0.98449,0.98459,0.98163,0.98234,25687
1609437600,0.98241,0.98277,0.97949,0.97949,11871
1609711200,0.97955,0.98149,0.97814,0.98056,19554
1609725600,0.98055,0.98098,0.9774,0.9793,20449
1609740000,0.97929,0.98175,0.97912,0.98006,26649
1609754400,0.98007,0.98108,0.97915,0.98014,25718
1609768800,0.98019,0.9807,0.97773,0.97912,45508
1609783200,0.97907,0.9803,0.97852,0.97949,25501
1609797600,0.979,0.98121,0.97866,0.98022,19586
1609812000,0.98026,0.98346,0.98013,0.9832,24009
1609826400,0.98318,0.98442,0.98231,0.98264,30285
1609840800,0.98265,0.98325,0.98081,0.98249,28514
1609855200,0.98252,0.98592,0.98162,0.98436,43784
1609869600,0.98434,0.98511,0.98307,0.98319,19232
1609884000,0.98284,0.98462,0.98209,0.98303,27431
1609898400,0.98304,0.98537,0.98155,0.9844,34948
1609912800,0.98439,0.98834,0.98426,0.98787,37048
1609927200,0.98783,0.9899,0.98695,0.98815,37257
1609941600,0.98816,0.98831,0.98615,0.98822,48650
1609956000,0.98821,0.99005,0.98766,0.98956,37774
1609970400,0.98914,0.99004,0.98742,0.98885,20722
1609984800,0.98884,0.98897,0.98668,0.98669,20340
1609999200,0.9867,0.98785,0.98452,0.98511,31818
1610013600,0.98514,0.98558,0.98358,0.98478,32719
1610028000,0.98479,0.98718,0.98302,0.98486,42536
1610042400,0.98486,0.98557,0.98351,0.98538,21448
1610056800,0.98552,0.98571,0.98291,0.98381,19215
1610071200,0.9838,0.98573,0.98361,0.98525,21035
1610085600,0.98524,0.98762,0.98478,0.9863,32607
1610100000,0.98634,0.98791,0.98553,0.98781,30482
1610114400,0.98776,0.98864,0.98518,0.98626,54409
1610128800,0.98626,0.98676,0.98462,0.9855,33429
1610316000,0.98453,0.98572,0.98193,0.98241,20010
1610330400,0.98237,0.98322,0.98127,0.98244,21688
1610344800,0.98246,0.98465,0.98182,0.98443,28242
1610359200,0.98442,0.98593,0.98398,0.9854,27696
1610373600,0.98542,0.98581,0.9828,0.98439,41123
1610388000,0.98436,0.98528,0.98369,0.98384,17583
1610402400,0.98382,0.98476,0.98268,0.98456,16345
1610416800,0.98455,0.98461,0.9829,0.98369,16723
1610431200,0.98368,0.98575,0.98343,0.98574,24519
1610445600,0.98574,0.98598,0.98349,0.98375,26602
1610460000,0.98374,0.98653,0.98311,0.98557,37269
1610474400,0.98556,0.98891,0.98543,0.98829,22483
1610488800,0.98763,0.98876,0.98711,0.98747,11544
1610503200,0.98748,0.98773,0.9865,0.98716,13888
1610517600,0.98717,0.9887,0.98637,0.98687,22166
1610532000,0.98688,0.98716,0.98365,0.98393,24892
1610546400,0.98394,0.9862,0.98277,0.98296,35695
1610560800,0.98297,0.98378,0.98167,0.98167,18789
1610575200,0.98145,0.98379,0.98132,0.9834,11857
1610589600,0.9834,0.98445,0.98206,0.98435,20776
1610604000,0.98436,0.98489,0.98253,0.98405,23902
1610618400,0.98406,0.98492,0.98229,0.98357,24398
1610632800,0.98357,0.98544,0.98147,0.9848,32816
1610647200,0.98481,0.98514,0.98327,0.98349,19423
1610661600,0.98302,0.98424,0.98235,0.98277,15449
1610676000,0.9828,0.98332,0.98142,0.98176,17829
1610690400,0.98175,0.9832,0.9807,0.98276,24954
1610704800,0.98277,0.98382,0.9819,0.98234,27736
1610719200,0.98232,0.98311,0.97964,0.98158,44575
1610733600,0.98157,0.9823,0.98098,0.98139,17826
1610920800,0.98103,0.98335,0.98033,0.98283,19211
1610935200,0.98276,0.98318,0.98163,0.98221,19468
1610949600,0.98222,0.98339,0.97991,0.98044,27324
1610964000,0.98044,0.98136,0.9794,0.98116,22911
1610978400,0.98118,0.98152,0.97996,0.9801,18183
1610992800,0.9801,0.98033,0.97825,0.97935,25260
1611007200,0.97935,0.98124,0.97796,0.98085,14485
1611021600,0.98086,0.98194,0.98066,0.98124,18202
1611036000,0.98125,0.9833,0.98067,0.98138,21854
1611050400,0.9814,0.98278,0.98041,0.98252,22310
1611064800,0.98251,0.98319,0.97911,0.98015,31737
1611079200,0.98015,0.98034,0.97903,0.97991,13455
1611093600,0.97987,0.98142,0.97886,0.98077,14670
1611108000,0.98081,0.98199,0.98075,0.98159,16661
1611122400,0.98158,0.98277,0.9809,0.98169,24595
1611136800,0.98169,0.98222,0.98086,0.98193,24278
1611151200,0.98195,0.98249,0.97732,0.97871,40463
1611165600,0.97869,0.97976,0.97843,0.97853,13938
1611180000,0.97832,0.98038,0.97797,0.98008,13412
1611194400,0.98008,0.981,0.97999,0.98074,14121
1611208800,0.98075,0.98104,0.9792,0.98067,21035
1611223200,0.98069,0.98204,0.97885,0.97892,24797
1611237600,0.97893,0.98062,0.97861,0.97952,32378
1611252000,0.9795,0.98159,0.9792,0.98139,15138
1611266400,0.98057,0.98228,0.98046,0.9812,15867
1611280800,0.9812,0.98168,0.98056,0.98152,17566
1611295200,0.98154,0.98155,0.97988,0.98074,25646
1611309600,0.98073,0.98091,0.97876,0.97897,27556
1611324000,0.97896,0.98253,0.97855,0.98212,34013
1611338400,0.98212,0.98286,0.98125,0.98238,15102
1611525600,0.98044,0.98242,0.97955,0.98158,13990
1611540000,0.98158,0.98311,0.98152,0.98285,14320
1611554400,0.98285,0.98312,0.98147,0.98187,24165
1611568800,0.98188,0.9833,0.98143,0.9829,25486
1611583200,0.98289,0.9832,0.98121,0.98196,42352
1611597600,0.98196,0.9829,0.98177,0.9829,20062
1611612000,0.98187,0.98317,0.98167,0.98287,10616
1611626400,0.9829,0.98309,0.98121,0.98137,14161
1611640800,0.98139,0.98178,0.9801,0.98101,25885
1611655200,0.98098,0.98353,0.98082,0.98319,24139
1611669600,0.98318,0.9851,0.98256,0.98341,30041
1611684000,0.98339,0.9841,0.98319,0.98364,12427
1611698400,0.98327,0.98482,0.98214,0.98406,14582
1611712800,0.98407,0.98465,0.98345,0.98454,15178
1611727200,0.98455,0.98469,0.98304,0.98316,22038
1611741600,0.98315,0.9835,0.98075,0.98137,32094
1611756000,0.98136,0.98237,0.98008,0.98213,49836
1611770400,0.98211,0.98233,0.97976,0.98109,39383
1611784800,0.98042,0.98127,0.97797,0.97969,26375
1611799200,0.97978,0.97994,0.97784,0.97938,30783
1611813600,0.97939,0.97943,0.97725,0.97853,44303
1611828000,0.97849,0.98019,0.97672,0.98015,37977
1611842400,0.98017,0.98379,0.97967,0.98326,48257
1611856800,0.98325,0.98509,0.98323,0.98489,24636
1611871200,0.98512,0.9855,0.98366,0.98417,18692
1611885600,0.98416,0.9845,0.98299,0.98394,27436
1611900000,0.98393,0.9853,0.98181,0.98251,40873
1611914400,0.98251,0.98278,0.9802,0.982,40577
1611928800,0.98204,0.98239,0.97735,0.97849,54265
1611943200,0.9785,0.97917,0.97601,0.97662,35400
1612130400,0.97445,0.97707,0.97445,0.9766,28458
1612144800,0.97658,0.97787,0.97652,0.9776,29266
1612159200,0.97759,0.97792,0.97626,0.97708,36483
1612173600,0.97708,0.97802,0.97598,0.97734,35829
1612188000,0.97734,0.97904,0.97569,0.9784,45380
1612202400,0.9784,0.98153,0.97837,0.97964,25498
1612216800,0.97882,0.98169,0.9788,0.98159,18362
1612231200,0.98157,0.9825,0.97776,0.97865,24957
1612245600,0.97866,0.97878,0.97442,0.9746,27681
1612260000,0.97463,0.97478,0.97243,0.97452,26982
1612274400,0.9745,0.97532,0.97141,0.97203,38293
1612288800,0.97203,0.97319,0.97153,0.97245,16196
1612303200,0.97212,0.97345,0.97174,0.97223,17404
1612317600,0.97223,0.97352,0.97153,0.97324,17560
1612332000,0.97325,0.97454,0.97254,0.97446,23109
1612346400,0.97447,0.97507,0.9737,0.97479,21338
1612360800,0.9748,0.97557,0.97276,0.97369,34539
1612375200,0.97368,0.97485,0.97305,0.97427,18112
1612389600,0.97392,0.97708,0.97329,0.97688,14794
1612404000,0.97688,0.97734,0.97543,0.97641,21817
1612418400,0.97643,0.97722,0.97503,0.97683,25469
1612432800,0.97687,0.97713,0.97547,0.97632,24218
1612447200,0.97631,0.97665,0.97442,0.9746,28860
1612461600,0.97458,0.97558,0.97441,0.97454,13820
1612476000,0.97422,0.97535,0.97322,0.97329,13675
1612490400,0.97331,0.97486,0.97277,0.97479,17423
1612504800,0.97478,0.97518,0.97399,0.97455,19627
1612519200,0.97455,0.9769,0.97309,0.97616,24890
1612533600,0.97617,0.97924,0.97602,0.97908,33909
1612548000,0.97906,0.97984,0.97862,0.97972,14460
1612735200,0.97809,0.97987,0.97809,0.9798,17436
1612749600,0.97979,0.98003,0.97903,0.97955,12453
1612764000,0.97956,0.97999,0.97841,0.979,16396
1612778400,0.979,0.98011,0.9778,0.9798,18730
1612792800,0.97981,0.98382,0.97961,0.98205,29599
1612807200,0.98208,0.98208,0.98095,0.9814,14365
1612821600,0.98055,0.9827,0.98055,0.98233,13666
1612836000,0.98233,0.98384,0.98232,0.98328,16398
1612850400,0.98328,0.98371,0.98154,0.98348,20342
1612864800,0.98344,0.98415,0.98198,0.98412,20755
1612879200,0.98416,0.98493,0.98163,0.98203,29860
1612893600,0.98202,0.98279,0.98135,0.98214,14918
1612908000,0.98207,0.98288,0.98143,0.9821,13522
1612922400,0.98211,0.98302,0.98195,0.9826,14271
1612936800,0.98261,0.9831,0.98084,0.9814,20049
1612951200,0.98139,0.98357,0.98095,0.98283,20993
1612965600,0.98284,0.98378,0.98004,0.98109,39027
1612980000,0.98108,0.98124,0.98033,0.98065,17460
1612994400,0.98052,0.98087,0.97994,0.98063,8910
1613008800,0.9806,0.9823,0.98058,0.98226,11464
1613023200,0.98229,0.98305,0.98128,0.98209,16285
1613037600,0.98209,0.98453,0.98107,0.98404,14698
1613052000,0.98405,0.9847,0.98346,0.98416,30905
1613066400,0.98418,0.98513,0.98345,0.98504,15165
1613080800,0.98432,0.98548,0.98405,0.98546,9140
1613095200,0.98544,0.98584,0.98455,0.98562,10049
1613109600,0.98565,0.98593,0.98439,0.98457,17035
1613124000,0.98455,0.98501,0.98372,0.98462,16106
1613138400,0.98461,0.98548,0.9841,0.98463,26106
1613152800,0.98461,0.9857,0.98455,0.98483,11957
1613340000,0.9849,0.98569,0.98422,0.98479,10538
1613354400,0.98478,0.98623,0.98467,0.98616,9734
1613368800,0.98613,0.9862,0.98467,0.98476,15054
1613383200,0.98477,0.98505,0.98314,0.98315,14326
1613397600,0.98315,0.98416,0.98244,0.9839,15363
1613412000,0.98389,0.98413,0.98274,0.98304,6013
1613426400,0.983,0.98446,0.98297,0.98384,9366
1613440800,0.98383,0.9845,0.98264,0.98307,11900
1613455200,0.98305,0.98526,0.98281,0.9849,19359
1613469600,0.98489,0.98535,0.98334,0.98344,22516
1613484000,0.98343,0.98619,0.98289,0.98461,37848
1613498400,0.98461,0.98528,0.98388,0.98391,14784
1613512800,0.98381,0.98478,0.98241,0.98426,13482
1613527200,0.98422,0.98489,0.9837,0.98383,13345
1613541600,0.98384,0.98644,0.9833,0.9852,22359
1613556000,0.98519,0.98523,0.98219,0.98303,24697
1613570400,0.98302,0.9852,0.98282,0.98503,40278
1613584800,0.985,0.98516,0.98388,0.9843,16007
1613599200,0.98437,0.98614,0.98383,0.98525,14232
1613613600,0.98524,0.98528,0.98453,0.98484,6721
1613628000,0.98496,0.98724,0.98486,0.98676,20256
1613642400,0.98676,0.98718,0.98561,0.98643,22277
1613656800,0.98644,0.98661,0.98389,0.98496,35254
1613671200,0.98495,0.98594,0.98461,0.98499,14051
1613685600,0.98445,0.98637,0.98396,0.98629,11879
1613700000,0.9863,0.98804,0.98599,0.98799,14687
1613714400,0.98797,0.99117,0.98773,0.99068,24088
1613728800,0.99069,0.99187,0.99,0.99167,26775
1613743200,0.99166,0.99287,0.99092,0.9926,31785
1613757600,0.9926,0.99332,0.99194,0.99265,18491
1613944800,0.9924,0.99491,0.99218,0.99429,17140
1613959200,0.99427,0.99438,0.99249,0.99304,18551
1613973600,0.99305,0.9951,0.99264,0.99492,27097
1613988000,0.99489,0.99724,0.99471,0.99723,23317
1614002400,0.99722,0.99899,0.99684,0.9975,34463
1614016800,0.9975,0.99889,0.99745,0.99884,16251
1614031200,0.99782,0.99884,0.99746,0.99841,13133
1614045600,0.9984,0.99848,0.99652,0.99691,13240
1614060000,0.99689,0.99768,0.99605,0.99647,22412
1614074400,0.99649,0.99744,0.99582,0.99608,25334
1614088800,0.99609,0.99711,0.99541,0.99648,40934
1614103200,0.99651,0.99695,0.99565,0.996,20151
1614117600,0.99562,0.99904,0.99544,0.99795,17772
1614132000,0.99794,0.99811,0.99496,0.9958,20314
1614146400,0.99579,0.99643,0.99503,0.99521,26992
1614160800,0.99521,0.99599,0.99433,0.99487,27674
1614175200,0.9949,0.9957,0.99382,0.99529,40620
1614189600,0.99526,0.99735,0.99482,0.99689,18934
1614204000,0.99697,0.99805,0.99592,0.99641,14983
1614218400,0.99641,0.99737,0.99511,0.99668,15938
1614232800,0.99668,0.99933,0.99659,0.99865,25824
1614247200,0.99862,0.99873,0.99539,0.99602,33523
1614261600,0.99601,0.9969,0.99297,0.99312,51380
1614276000,0.99313,0.99405,0.99058,0.99229,48709
1614290400,0.99212,0.99327,0.98944,0.99024,32163
1614304800,0.99025,0.9908,0.98685,0.9883,29469
1614319200,0.98829,0.98896,0.9853,0.98533,36258
1614333600,0.98539,0.98583,0.98029,0.98367,44423
1614348000,0.98365,0.98458,0.979,0.9816,58262
1614362400,0.98158,0.98226,0.9789,0.9808,31829
1614549600,0.98102,0.98613,0.98079,0.98432,20564
1614564000,0.98429,0.98633,0.98366,0.98479,19461
1614578400,0.98479,0.98556,0.98182,0.98191,27497
1614592800,0.98191,0.98256,0.98017,0.98142,26897
1614607200,0.98143,0.98536,0.98143,0.98349,39390
1614621600,0.98348,0.98465,0.98243,0.98289,19811
1614636000,0.98282,0.98322,0.98136,0.98199,17666
1614650400,0.98198,0.98451,0.9812,0.98395,24877
1614664800,0.98396,0.98458,0.98215,0.9826,30960
1614679200,0.98259,0.98777,0.98226,0.98626,29390
1614693600,0.98625,0.98787,0.98498,0.98701,42945
1614708000,0.98699,0.98871,0.98656,0.98808,22118
1614722400,0.98795,0.98982,0.98709,0.98887,13725
1614736800,0.98888,0.98918,0.98708,0.98754,13123
1614751200,0.98754,0.98809,0.98634,0.98659,24240
1614765600,0.98658,0.98711,0.98449,0.98504,28664
1614780000,0.98504,0.98528,0.98309,0.9846,48164
1614794400,0.9846,0.98554,0.98367,0.98382,27129
1614808800,0.98395,0.98548,0.9824,0.98545,17151
1614823200,0.98544,0.98717,0.98498,0.98666,19330
1614837600,0.98664,0.98743,0.98417,0.98446,28872
1614852000,0.98446,0.98544,0.98313,0.9836,29210
1614866400,0.98362,0.98461,0.97845,0.97928,55044
1614880800,0.97927,0.97984,0.97775,0.97797,47225
1614895200,0.9777,0.97859,0.97584,0.97675,21118
1614909600,0.97673,0.97732,0.97562,0.9772,23963
1614924000,0.97721,0.97763,0.97292,0.9748,31239
1614938400,0.97479,0.97537,0.97048,0.97295,32550
1614952800,0.97297,0.97539,0.97033,0.97158,60558
1614967200,0.97159,0.97439,0.97157,0.97179,27649
1615154400,0.97285,0.97481,0.97238,0.97365,17926
1615168800,0.97368,0.97518,0.97315,0.97488,26818
1615183200,0.97488,0.97525,0.96946,0.97007,29893
1615197600,0.97005,0.97287,0.96971,0.97097,28736
1615212000,0.97097,0.97224,0.96961,0.97056,47406
1615226400,0.97055,0.97087,0.96796,0.96857,24334
1615240800,0.96725,0.97017,0.96657,0.96701,19291
1615255200,0.96702,0.96987,0.96698,0.96945,24746
1615269600,0.96946,0.97236,0.96795,0.97162,28513
1615284000,0.97161,0.97211,0.97061,0.97161,26546
1615298400,0.9716,0.97478,0.97158,0.97422,35545
1615312800,0.9742,0.97611,0.97417,0.97604,16195
1615327200,0.97475,0.97575,0.97322,0.9735,13697
1615341600,0.97353,0.97363,0.97238,0.97322,17256
1615356000,0.97323,0.97546,0.97256,0.97522,20437
1615370400,0.97524,0.97632,0.97297,0.97584,26564
1615384800,0.97586,0.97744,0.97414,0.9763,40419
1615399200,0.9763,0.97791,0.97537,0.97616,23024
1615413600,0.97487,0.9768,0.97469,0.97533,10639
1615428000,0.97531,0.97767,0.97531,0.97738,14266
1615442400,0.9774,0.97969,0.97712,0.97824,19964
1615456800,0.97823,0.97883,0.97649,0.97767,24066
1615471200,0.97767,0.97833,0.97502,0.97553,31488
1615485600,0.97555,0.97696,0.97549,0.97629,19625
1615500000,0.97595,0.97716,0.97473,0.97639,10059
1615514400,0.97639,0.97663,0.97512,0.97575,14556
1615528800,0.97574,0.9759,0.97247,0.97289,23763
1615543200,0.97289,0.97327,0.96989,0.97051,23701
1615557600,0.9705,0.97074,0.96749,0.96786,35787
1615572000,0.96784,0.96858,0.96708,0.96817,14662
1615755600,0.96615,0.96835,0.96615,0.96799,9068
1615770000,0.96799,0.96844,0.96614,0.96661,19939
1615784400,0.96662,0.96671,0.96448,0.96508,25719
1615798800,0.96509,0.9656,0.9637,0.96409,20295
1615813200,0.96411,0.96674,0.96386,0.96561,31535
1615827600,0.96562,0.96771,0.96556,0.96727,12055
1615842000,0.9658,0.96783,0.96566,0.96657,7094
1615856400,0.96657,0.96784,0.96636,0.96718,16550
1615870800,0.96718,0.96754,0.96391,0.96442,18723
1615885200,0.96444,0.96638,0.96282,0.96539,20363
1615899600,0.96538,0.967,0.96377,0.96447,28703
1615914000,0.96446,0.96528,0.96311,0.96366,16410
1615928400,0.9638,0.96405,0.96261,0.96283,6346
1615942800,0.96283,0.96352,0.96228,0.96311,11732
1615957200,0.96307,0.96355,0.96226,0.96273,13030
1615971600,0.96273,0.9645,0.96173,0.96259,19490
1615986000,0.96259,0.96383,0.96094,0.96193,25877
1616000400,0.96193,0.96918,0.96164,0.96669,34874
1616014800,0.96695,0.9699,0.96675,0.96934,10512
1616029200,0.96933,0.97075,0.96924,0.9705,15890
1616043600,0.97048,0.97114,0.96735,0.96862,23727
1616058000,0.96865,0.97017,0.9662,0.96778,29395
1616072400,0.96779,0.97007,0.96613,0.97,35679
1616086800,0.96999,0.97192,0.96869,0.96897,24732
1616101200,0.96855,0.97007,0.96749,0.968,9145
1616115600,0.96797,0.96819,0.9659,0.96802,17011
1616130000,0.96799,0.96914,0.96743,0.96867,21890
1616144400,0.96867,0.96953,0.96714,0.96894,19962
1616158800,0.96893,0.97034,0.96739,0.96896,40989
1616173200,0.96896,0.96901,0.96777,0.9687,14560
1616360400,0.96473,0.96816,0.96473,0.96675,10225
1616374800,0.96674,0.96678,0.96558,0.96582,15869
1616389200,0.96583,0.96626,0.96453,0.9651,22513
1616403600,0.96509,0.96763,0.96492,0.9676,21336
1616418000,0.96762,0.97133,0.96709,0.97012,28733
1616432400,0.97014,0.97045,0.96932,0.96997,12440
1616446800,0.9699,0.9701,0.968,0.96818,8926
1616461200,0.96816,0.9686,0.966,0.96603,14664
1616475600,0.96599,0.96618,0.96338,0.96518,21392
1616490000,0.96518,0.96558,0.96388,0.96525,27567
1616504400,0.96526,0.96537,0.96202,0.96268,32928
1616518800,0.96267,0.96274,0.9589,0.95981,25143
1616533200,0.95879,0.9605,0.95707,0.95721,11281
1616547600,0.95722,0.95837,0.95691,0.95731,14632
1616562000,0.95731,0.95789,0.95561,0.95764,22905
1616576400,0.95766,0.95908,0.95749,0.95863,21810
1616590800,0.95862,0.95882,0.95583,0.95588,34315
1616605200,0.95589,0.95598,0.95337,0.95382,20801
1616619600,0.95365,0.95556,0.95321,0.95556,8352
1616634000,0.95555,0.95676,0.95503,0.95508,16496
1616648400,0.95505,0.95572,0.95356,0.9557,19882
1616662800,0.95569,0.95614,0.95477,0.95547,25853
1616677200,0.95547,0.95772,0.95416,0.9563,46196
1616691600,0.95632,0.9569,0.95556,0.95596,28213
1616706000,0.95575,0.95716,0.95464,0.95653,8922
1616720400,0.95651,0.9583,0.95624,0.95814,12336
1616734800,0.95814,0.95908,0.95734,0.95842,23861
1616749200,0.95841,0.95853,0.95697,0.95784,20729
1616763600,0.95784,0.96002,0.95767,0.95985,31646
1616778000,0.95984,0.9607,0.95954,0.9604,20471
1616965200,0.9604,0.96132,0.95848,0.96078,9557
1616979600,0.96077,0.96292,0.96063,0.9627,13401
1616994000,0.96269,0.9636,0.96119,0.96208,22011
1617008400,0.96209,0.9637,0.96177,0.96264,19178
1617022800,0.96262,0.96333,0.96137,0.96179,34577
1617037200,0.96181,0.96221,0.96067,0.96072,17066
1617051600,0.96035,0.96186,0.96035,0.96122,6888
1617066000,0.96125,0.96431,0.96096,0.9633,10964
1617080400,0.96332,0.9636,0.96083,0.96101,21254
1617094800,0.96099,0.96152,0.95908,0.96087,25054
1617109200,0.96087,0.96243,0.95866,0.95942,35035
1617123600,0.95944,0.95984,0.95858,0.95917,14691
1617138000,0.959,0.96072,0.95824,0.9598,7685
1617152400,0.9598,0.96047,0.95908,0.95914,11037
1617166800,0.95918,0.95979,0.95805,0.95969,18042
1617181200,0.95969,0.96029,0.95813,0.95823,18128
1617195600,0.95824,0.95845,0.95646,0.95758,32903
1617210000,0.95758,0.95767,0.95375,0.95402,16334
1617224400,0.95395,0.95466,0.95273,0.95334,7808
1617238800,0.95333,0.95373,0.94961,0.94995,12928
1617253200,0.94997,0.95234,0.94903,0.95131,32145
1617267600,0.95138,0.95424,0.95118,0.95402,22718
1617282000,0.95401,0.95649,0.95397,0.95584,29158
1617296400,0.95584,0.95623,0.95541,0.95541,12280
1617310800,0.9552,0.95701,0.95492,0.95606,4224
1617325200,0.95606,0.95691,0.95592,0.95619,4161
1617339600,0.95621,0.95733,0.95578,0.95637,5066
1617354000,0.95641,0.95839,0.95497,0.95509,8420
1617368400,0.95505,0.95587,0.95454,0.9553,9754
1617382800,0.95535,0.95647,0.95374,0.95643,8090
1617570000,0.9557,0.95769,0.9557,0.95741,7635
1617584400,0.95741,0.9582,0.95731,0.95782,12047
1617598800,0.95789,0.95794,0.9564,0.95746,14240
1617613200,0.95747,0.9575,0.95652,0.95669,13535
1617627600,0.95667,0.9595,0.95663,0.95945,24841
1617642000,0.95946,0.95951,0.95791,0.95817,12356
1617656400,0.9579,0.95891,0.95724,0.95877,9677
1617670800,0.95877,0.95905,0.95705,0.9579,14331
1617685200,0.95791,0.95905,0.95622,0.9567,19245
1617699600,0.95671,0.96006,0.955,0.95922,20571
1617714000,0.95927,0.96183,0.9586,0.96151,27443
1617728400,0.96153,0.96403,0.96142,0.96327,16690
1617742800,0.96275,0.96493,0.96215,0.96482,7621
1617757200,0.96481,0.96502,0.9628,0.96338,14418
1617771600,0.96337,0.96441,0.96149,0.96172,22594
1617786000,0.96174,0.96175,0.95986,0.96086,23567
1617800400,0.96087,0.96393,0.96069,0.96073,33741
1617814800,0.96073,0.96111,0.95965,0.95972,16962
1617829200,0.9592,0.96089,0.95895,0.96055,7365
1617843600,0.96059,0.96153,0.95991,0.96151,11385
1617858000,0.96152,0.96292,0.96152,0.96249,17963
1617872400,0.96249,0.96298,0.96155,0.96219,20870
1617886800,0.96225,0.963,0.96044,0.96191,34350
1617901200,0.96191,0.96256,0.9611,0.96119,14169
1617915600,0.96115,0.9621,0.96005,0.96167,7849
1617930000,0.96166,0.9617,0.95936,0.95952,12750
1617944400,0.95952,0.95958,0.9568,0.95924,24266
1617958800,0.95921,0.96011,0.95596,0.95652,25776
1617973200,0.95651,0.95833,0.95553,0.95565,32256
1617987600,0.95565,0.95612,0.95466,0.95478,12079
1618174800,0.95483,0.95572,0.95326,0.95468,8383
1618189200,0.95468,0.95534,0.9534,0.9552,14469
1618203600,0.95519,0.95705,0.95463,0.95656,19315
1618218000,0.95658,0.95765,0.95592,0.95702,18583
1618232400,0.95705,0.95776,0.95631,0.95689,26060
1618246800,0.95689,0.9579,0.95632,0.95756,14264
1618261200,0.9572,0.95833,0.95654,0.95706,7780
1618275600,0.95704,0.95756,0.95573,0.95598,13309
1618290000,0.95596,0.95889,0.95584,0.95864,19771
1618304400,0.95865,0.95973,0.95764,0.95863,29040
1618318800,0.95861,0.9592,0.95629,0.95726,32466
1618333200,0.95725,0.95863,0.95723,0.95804,14433
1618347600,0.95765,0.95918,0.95726,0.95831,8961
1618362000,0.95832,0.96112,0.95789,0.96085,15748
1618376400,0.96085,0.96482,0.96061,0.9644,21636
1618390800,0.96437,0.96652,0.96425,0.96631,21981
1618405200,0.96633,0.9685,0.96574,0.96718,35024
1618419600,0.96718,0.96793,0.96679,0.96679,18084
1618434000,0.96585,0.96811,0.96585,0.96805,8174
1618448400,0.96802,0.96877,0.96511,0.96547,16720
1618462800,0.96546,0.96863,0.96546,0.96823,21467
1618477200,0.96826,0.96962,0.96702,0.96932,23281
1618491600,0.96937,0.97221,0.96884,0.97187,34773
1618506000,0.97186,0.97294,0.97109,0.97231,17400
1618520400,0.9719,0.97289,0.97129,0.97164,9137
1618534800,0.97164,0.97183,0.96946,0.97003,15266
1618549200,0.97,0.97026,0.96763,0.96882,21005
1618563600,0.96882,0.96989,0.96777,0.96801,22769
1618578000,0.96804,0.96873,0.96608,0.96724,26307
1618592400,0.96723,0.9675,0.96653,0.96719,11176
1618779600,0.96621,0.96689,0.9653,0.96552,9447
1618794000,0.96552,0.96775,0.96534,0.96739,14323
1618808400,0.96738,0.97089,0.96683,0.97059,24794
1618822800,0.97059,0.97131,0.97012,0.97042,24089
1618837200,0.97042,0.97264,0.96998,0.97216,33070
1618851600,0.97215,0.97273,0.97157,0.97217,17234
1618866000,0.9719,0.97324,0.97115,0.97265,6854
1618880400,0.97266,0.97481,0.97243,0.97396,17766
1618894800,0.97396,0.97559,0.97331,0.97408,25236
1618909200,0.97408,0.97457,0.97267,0.97379,24454
1618923600,0.97374,0.97459,0.97206,0.97375,37620
1618938000,0.97373,0.97465,0.97291,0.97431,18046
1618952400,0.97422,0.97502,0.9733,0.974,7669
1618966800,0.97398,0.97442,0.97184,0.9723,15070
1618981200,0.97232,0.97265,0.97008,0.97167,21238
1618995600,0.97166,0.9743,0.97156,0.97418,21637
1619010000,0.97416,0.9759,0.96595,0.96793,44252
1619024400,0.96794,0.96926,0.96794,0.96877,11347
1619038800,0.96855,0.97006,0.96815,0.96955,6734
1619053200,0.96955,0.96996,0.9685,0.9686,14218
1619067600,0.9686,0.96947,0.96742,0.96791,19526
1619082000,0.96791,0.96925,0.96617,0.96665,21784
1619096400,0.96669,0.9674,0.96378,0.96406,33048
1619110800,0.96407,0.96412,0.96201,0.96362,27703
1619125200,0.9635,0.96484,0.96222,0.96346,8357
1619139600,0.96344,0.96484,0.96329,0.96469,12256
1619154000,0.96469,0.96598,0.96454,0.96557,17479
1619168400,0.9656,0.96773,0.96498,0.96706,18436
1619182800,0.96708,0.96787,0.96533,0.96783,30007
1619197200,0.96783,0.96824,0.96644,0.96671,11867
1619384400,0.96536,0.96739,0.96532,0.96706,7749
1619398800,0.96706,0.9688,0.96673,0.96829,14068
1619413200,0.96828,0.96995,0.96752,0.96912,19337
1619427600,0.96909,0.97087,0.96797,0.96977,18573
1619442000,0.96976,0.96989,0.96658,0.96827,26658
1619456400,0.96825,0.96874,0.96625,0.96638,12311
1619470800,0.96619,0.96719,0.96581,0.96601,7131
1619485200,0.96601,0.96643,0.96545,0.96628,11805
1619499600,0.96629,0.96701,0.96479,0.96485,16706
1619514000,0.96486,0.96592,0.96398,0.965,18105
1619528400,0.96501,0.96511,0.96339,0.96414,25809
1619542800,0.96415,0.96417,0.96278,0.96312,10190
1619557200,0.96285,0.9641,0.96214,0.96248,6549
1619571600,0.96249,0.96309,0.95909,0.96072,12458
1619586000,0.96071,0.96143,0.95956,0.96072,15966
1619600400,0.96073,0.96135,0.95963,0.96008,17959
1619614800,0.96009,0.96156,0.95796,0.95807,26440
1619629200,0.95806,0.96078,0.95753,0.9594,28674
1619643600,0.9594,0.96049,0.95759,0.96016,7151
1619658000,0.96017,0.96068,0.95805,0.95863,12086
1619672400,0.95865,0.95925,0.95681,0.95706,17938
1619686800,0.95703,0.95911,0.95693,0.95767,21415
1619701200,0.95768,0.95777,0.95371,0.95414,35303
1619715600,0.95415,0.9551,0.95332,0.95342,11817
1619730000,0.9536,0.95543,0.95309,0.95471,7705
1619744400,0.95475,0.95501,0.95398,0.95499,9839
1619758800,0.95501,0.95527,0.95313,0.95359,17071
1619773200,0.95358,0.95427,0.95124,0.95204,20884
1619787600,0.95208,0.95291,0.94703,0.94737,37502
1619802000,0.94739,0.94799,0.94558,0.94797,15102
1619989200,0.94787,0.9489,0.94725,0.94876,6557
1620003600,0.94877,0.94953,0.94808,0.94889,10337
1620018000,0.94891,0.95053,0.94831,0.95009,16026
1620032400,0.9501,0.95167,0.94992,0.95081,17360
1620046800,0.95082,0.95292,0.95027,0.9523,25749
1620061200,0.95229,0.95331,0.95202,0.95281,10121
1620075600,0.9524,0.95311,0.95189,0.95258,5615
1620090000,0.95257,0.95297,0.95116,0.95175,11000
1620104400,0.95173,0.95261,0.94978,0.95034,17563
1620118800,0.95035,0.95126,0.94946,0.94969,23558
1620133200,0.94972,0.95053,0.94638,0.9481,39679
1620147600,0.9481,0.94922,0.948,0.94864,16284
1620162000,0.94814,0.94983,0.94751,0.9496,7233
1620176400,0.94961,0.95063,0.94937,0.95007,8633
1620190800,0.95011,0.95022,0.94801,0.94826,18849
1620205200,0.94824,0.95009,0.94816,0.94996,18166
1620219600,0.94995,0.95067,0.94863,0.95029,25843
1620234000,0.95029,0.95119,0.94999,0.95017,10494
1620248400,0.9502,0.95119,0.94959,0.95037,5581
1620262800,0.95036,0.95113,0.94624,0.94787,16546
1620277200,0.94786,0.95027,0.94769,0.94916,17963
1620291600,0.94915,0.95009,0.94719,0.94733,20963
1620306000,0.94735,0.9482,0.94605,0.94773,32896
1620320400,0.94772,0.94812,0.9453,0.94567,14153
1620334800,0.9454,0.94673,0.94495,0.94594,6805
1620349200,0.94595,0.94684,0.94518,0.94582,10458
1620363600,0.94582,0.94759,0.94501,0.94687,15005
1620378000,0.94685,0.95291,0.94627,0.95191,25647
1620392400,0.9519,0.95415,0.94897,0.95315,36753
1620406800,0.95314,0.95356,0.95111,0.95127,14163
1620594000,0.95209,0.95255,0.95041,0.95163,8665
1620608400,0.95164,0.95184,0.95061,0.95111,10608
1620622800,0.95113,0.95352,0.95006,0.9532,20185
1620637200,0.95318,0.95568,0.95304,0.95453,17613
1620651600,0.95451,0.95459,0.94999,0.95046,30276
1620666000,0.95046,0.95086,0.94715,0.94742,15377
1620680400,0.94735,0.94834,0.94704,0.94767,9640
1620694800,0.94768,0.94866,0.9467,0.94678,16051
1620709200,0.9468,0.94922,0.94677,0.94896,21309
1620723600,0.94895,0.95021,0.9479,0.94797,21101
1620738000,0.94799,0.94927,0.94716,0.94829,42568
1620752400,0.94828,0.9488,0.94762,0.94878,17559
1620766800,0.94875,0.94905,0.94695,0.94722,7605
1620781200,0.94724,0.94744,0.94424,0.94424,18647
1620795600,0.94423,0.94546,0.94247,0.9434,19886
1620810000,0.94341,0.94388,0.93942,0.94141,28541
1620824400,0.94145,0.94193,0.93577,0.93636,51451
1620838800,0.93634,0.93755,0.93584,0.93732,24717
1620853200,0.93723,0.93842,0.93601,0.93659,9999
1620867600,0.93662,0.93767,0.93531,0.93605,16472
1620882000,0.93604,0.9379,0.93509,0.93561,26461
1620896400,0.93562,0.93672,0.93386,0.9364,28369
1620910800,0.9364,0.94047,0.93625,0.94026,39228
1620925200,0.94025,0.94122,0.93957,0.93963,25230
1620939600,0.93917,0.94046,0.93852,0.9395,7450
1620954000,0.93951,0.94067,0.9393,0.94041,15258
1620968400,0.94042,0.94151,0.93931,0.93995,20887
1620982800,0.93995,0.94084,0.9387,0.9389,22359
1620997200,0.93891,0.94277,0.93839,0.94219,30488
1621011600,0.94217,0.94315,0.9419,0.94205,11777
1621198800,0.94051,0.94285,0.93944,0.94059,8305
1621213200,0.94059,0.94123,0.93955,0.93993,14192
1621227600,0.93993,0.94036,0.93897,0.93991,18187
1621242000,0.9399,0.94008,0.93756,0.93758,18400
1621256400,0.93755,0.93854,0.93639,0.93795,33674
1621270800,0.93795,0.9382,0.93673,0.93729,14472
1621285200,0.93621,0.93795,0.93566,0.93783,6060
1621299600,0.93779,0.93912,0.93748,0.93787,12622
1621314000,0.93788,0.93902,0.93727,0.93785,17079
1621328400,0.93782,0.93935,0.93764,0.93853,15275
1621342800,0.93854,0.94009,0.93804,0.93992,33050
1621357200,0.93993,0.94098,0.93934,0.93934,14864
1621371600,0.93995,0.94075,0.93892,0.94015,7590
1621386000,0.94017,0.94057,0.93939,0.93982,14504
1621400400,0.93981,0.94034,0.93655,0.93733,23809
1621414800,0.93732,0.93753,0.93351,0.93552,24882
1621429200,0.93552,0.93896,0.93535,0.93777,46756
1621443600,0.93779,0.93795,0.93552,0.93727,37490
1621458000,0.93628,0.93741,0.93607,0.9371,8231
1621472400,0.9371,0.93842,0.93615,0.93822,18574
1621486800,0.93821,0.93972,0.93785,0.93935,24571
1621501200,0.93936,0.9398,0.93871,0.93916,21239
1621515600,0.93916,0.93966,0.93652,0.93713,33505
1621530000,0.93713,0.93775,0.9366,0.93735,15885
1621544400,0.93717,0.93789,0.93635,0.93702,6489
1621558800,0.93705,0.93728,0.93625,0.9364,13748
1621573200,0.93642,0.93683,0.93526,0.93608,18924
1621587600,0.93606,0.93673,0.93487,0.93593,20054
1621602000,0.93594,0.93614,0.93149,0.93347,32694
1621616400,0.93347,0.93417,0.93244,0.93254,14095
1621803600,0.93174,0.93328,0.93108,0.93263,7724
1621818000,0.93262,0.93291,0.93149,0.9328,13715
1621832400,0.9328,0.93398,0.93125,0.93201,16917
1621846800,0.93204,0.93324,0.93095,0.93281,15827
1621861200,0.9328,0.93583,0.93251,0.93411,23102
1621875600,0.93412,0.93457,0.93349,0.93359,10294
1621890000,0.93345,0.93451,0.93315,0.93406,6161
1621904400,0.93408,0.93448,0.9336,0.93429,13038
1621918800,0.93429,0.93583,0.93345,0.93529,20085
1621933200,0.93529,0.93564,0.93406,0.93494,15886
1621947600,0.93495,0.93629,0.93322,0.9334,31900
1621962000,0.93339,0.93548,0.93318,0.93529,14692
1621976400,0.93481,0.93574,0.93427,0.93516,6589
1621990800,0.93514,0.93919,0.93501,0.9388,16876
1622005200,0.93881,0.93981,0.93757,0.9392,17510
1622019600,0.93922,0.94092,0.93887,0.94006,19094
1622034000,0.94006,0.94007,0.93699,0.93787,30872
1622048400,0.93788,0.93892,0.93741,0.93859,12338
1622062800,0.93794,0.93894,0.93749,0.93809,6946
1622077200,0.93815,0.9386,0.93749,0.93855,12099
1622091600,0.93857,0.93919,0.93773,0.93789,18752
1622106000,0.93786,0.93815,0.93536,0.93568,21284
1622120400,0.93568,0.93638,0.93292,0.9333,30746
1622134800,0.93327,0.93473,0.93312,0.93432,12046
1622149200,0.93364,0.93511,0.93324,0.93499,7742
1622163600,0.93497,0.93609,0.93485,0.93521,8630
1622178000,0.93521,0.93558,0.93281,0.93401,16185
1622192400,0.93399,0.93436,0.93029,0.93068,19644
1622206800,0.93068,0.93233,0.92977,0.93233,29542
1622221200,0.93234,0.93246,0.93063,0.93095,12342
1622408400,0.92971,0.93169,0.92961,0.9316,5651
1622422800,0.93157,0.93333,0.93141,0.93326,11174
1622437200,0.93329,0.93419,0.93272,0.93378,14586
1622451600,0.93377,0.93407,0.93294,0.934,10664
1622466000,0.93401,0.93557,0.93364,0.93373,11838
1622480400,0.9337,0.93432,0.9319,0.93238,20734
1622494800,0.93236,0.93407,0.93201,0.93399,4843
1622509200,0.93397,0.93598,0.93278,0.93325,13486
1622523600,0.93324,0.93467,0.93172,0.93197,17484
1622538000,0.93198,0.93313,0.93055,0.93132,14846
1622552400,0.93129,0.93502,0.93044,0.93489,31180
1622566800,0.93488,0.93681,0.93472,0.9358,10906
1622581200,0.93508,0.93686,0.93474,0.93633,6571
1622595600,0.93634,0.93719,0.93501,0.93505,9460
1622610000,0.93506,0.93539,0.93245,0.93266,18469
1622624400,0.93263,0.9342,0.93164,0.93345,16410
1622638800,0.93345,0.93499,0.93276,0.93331,18888
1622653200,0.93334,0.93391,0.93263,0.93275,9531
1622667600,0.93249,0.93309,0.93176,0.93268,3482
1622682000,0.93269,0.93284,0.93171,0.93215,7522
1622696400,0.93215,0.93265,0.93076,0.93248,13694
1622710800,0.93249,0.93302,0.93029,0.93061,24523
1622725200,0.93063,0.93082,0.92628,0.9267,35129
1622739600,0.92672,0.92761,0.92612,0.92759,10847
1622754000,0.92596,0.92812,0.92576,0.9278,7094
1622768400,0.92782,0.92869,0.9276,0.92827,12348
1622782800,0.92827,0.92939,0.92767,0.929,14036
1622797200,0.92898,0.9329,0.92707,0.93265,23323
1622811600,0.93266,0.9365,0.93234,0.93513,26553
1622826000,0.93513,0.93563,0.93462,0.93477,8434
1623013200,0.93323,0.93548,0.93258,0.93489,4566
1623027600,0.93487,0.93549,0.9345,0.93509,8553
1623042000,0.93509,0.93728,0.93467,0.93707,14732
1623056400,0.93703,0.93852,0.93573,0.93825,14400
1623070800,0.93822,0.93866,0.93618,0.93637,21296
1623085200,0.93636,0.93747,0.9362,0.93704,7542
1623099600,0.93674,0.93779,0.93643,0.93674,5579
1623114000,0.93675,0.93713,0.93591,0.93593,13412
1623128400,0.93589,0.93661,0.93558,0.93618,12958
1623142800,0.93617,0.93643,0.93473,0.93571,17394
1623157200,0.93569,0.93747,0.93509,0.93706,25148
1623171600,0.93705,0.93784,0.93659,0.93729,9595
1623186000,0.93679,0.93758,0.93599,0.93747,4967
1623200400,0.93748,0.93765,0.93655,0.93694,7267
1623214800,0.93694,0.93788,0.93624,0.93655,11605
1623229200,0.93656,0.93665,0.93554,0.93603,13058
1623243600,0.93603,0.93656,0.934,0.93641,23316
1623258000,0.9364,0.93682,0.93586,0.93599,9443
1623272400,0.93599,0.9366,0.93513,0.93591,3742
1623286800,0.93591,0.93738,0.93588,0.93678,8346
1623301200,0.93678,0.93774,0.93669,0.93748,13275
1623315600,0.93749,0.93756,0.93541,0.93661,23695
1623330000,0.93659,0.93838,0.93596,0.93749,34605
1623344400,0.93749,0.93799,0.93727,0.93769,12044
1623358800,0.93744,0.93805,0.93699,0.93723,4073
1623373200,0.93724,0.93742,0.93666,0.937,6754
1623387600,0.93701,0.93934,0.93692,0.93859,13693
1623402000,0.93859,0.93919,0.93554,0.93578,18936
1623416400,0.93578,0.93664,0.93411,0.93664,26769
1623430800,0.93664,0.93735,0.93635,0.93707,8376
1623618000,0.93635,0.93741,0.93635,0.93646,4205
1623632400,0.93647,0.93702,0.93556,0.93695,6834
1623646800,0.93695,0.93788,0.9364,0.93768,13274
1623661200,0.93767,0.93901,0.93738,0.93792,15198
1623675600,0.93791,0.93805,0.93578,0.93606,21550
1623690000,0.93605,0.93688,0.93574,0.93664,8461
1623704400,0.93604,0.93674,0.93572,0.93618,5372
1623718800,0.93617,0.9363,0.93489,0.93582,9990
1623733200,0.93584,0.93609,0.93454,0.93556,14081
1623747600,0.93558,0.93834,0.93533,0.93686,17885
1623762000,0.93683,0.93775,0.93511,0.93741,23111
1623776400,0.93741,0.93756,0.93621,0.93667,10502
1623790800,0.93624,0.93711,0.93566,0.93662,4761
1623805200,0.93662,0.93739,0.93638,0.93703,9754
1623819600,0.93704,0.93883,0.93659,0.93833,14459
1623834000,0.93833,0.93963,0.93816,0.93918,14103
1623848400,0.93918,0.93949,0.9369,0.93712,19031
1623862800,0.93716,0.93808,0.93279,0.93404,51360
1623877200,0.93379,0.93551,0.9324,0.93515,13219
1623891600,0.93514,0.93817,0.93502,0.93607,14626
1623906000,0.93607,0.93764,0.93518,0.93583,24477
1623920400,0.93582,0.93645,0.93284,0.93309,29355
1623934800,0.93309,0.93403,0.93136,0.93241,42451
1623949200,0.93238,0.93375,0.93231,0.93264,20582
1623963600,0.93232,0.93364,0.93207,0.9321,9356
1623978000,0.9321,0.93337,0.93125,0.93137,11422
1623992400,0.93138,0.93346,0.92965,0.93261,26493
1624006800,0.93261,0.93359,0.9288,0.92992,31989
1624021200,0.92993,0.93413,0.92897,0.93234,51674
1624035600,0.93235,0.93351,0.93143,0.93243,19228
1624222800,0.93224,0.93416,0.93189,0.93366,12054
1624237200,0.93364,0.9361,0.93274,0.93435,25455
1624251600,0.93435,0.93549,0.93344,0.93395,30767
1624266000,0.93399,0.93456,0.93171,0.93188,26901
1624280400,0.93188,0.93312,0.93106,0.93187,33388
1624294800,0.93188,0.93262,0.93153,0.93218,14129
1624309200,0.93037,0.93299,0.92981,0.93155,7468
1624323600,0.93154,0.93156,0.92948,0.93054,11736
1624338000,0.93055,0.9308,0.9285,0.92904,22040
1624352400,0.92903,0.93148,0.92829,0.93058,20444
1624366800,0.93059,0.93135,0.9291,0.93016,27752
1624381200,0.93013,0.93103,0.92916,0.9292,15643
1624395600,0.92739,0.93046,0.92739,0.9298,9505
1624410000,0.92982,0.93011,0.92913,0.92982,12314
1624424400,0.92982,0.93051,0.92838,0.92993,21476
1624438800,0.92997,0.93084,0.92935,0.9301,24193
1624453200,0.9301,0.93273,0.92989,0.93201,26645
1624467600,0.93202,0.93229,0.93128,0.93209,11124
1624482000,0.93184,0.93262,0.93135,0.93209,5764
1624496400,0.93209,0.93248,0.93164,0.93206,10285
1624510800,0.93209,0.93292,0.93106,0.93178,18953
1624525200,0.93178,0.93287,0.93077,0.93236,22558
1624539600,0.93235,0.93485,0.93235,0.93406,26052
1624554000,0.93406,0.9351,0.93365,0.93419,12922
1624568400,0.93396,0.93546,0.93369,0.93476,6644
1624582800,0.93479,0.93535,0.93434,0.93463,9415
1624597200,0.93464,0.9353,0.93418,0.9347,16128
1624611600,0.93469,0.93573,0.9339,0.93563,20068
1624626000,0.93562,0.93597,0.93321,0.93329,27078
1624640400,0.9333,0.93444,0.93282,0.93376,10327
1624827600,0.93079,0.93362,0.93079,0.93301,6941
1624842000,0.93301,0.93421,0.93282,0.9342,11737
1624856400,0.93419,0.93438,0.93237,0.9326,16841
1624870800,0.93258,0.93467,0.93205,0.93305,19454
1624885200,0.93306,0.93439,0.93255,0.9337,27118
1624899600,0.93369,0.93412,0.93314,0.93361,8979
1624914000,0.93309,0.93386,0.93259,0.93269,5399
1624928400,0.93269,0.93312,0.93215,0.93228,11351
1624942800,0.93227,0.93332,0.93181,0.93212,16697
1624957200,0.93211,0.93229,0.92913,0.92955,21548
1624971600,0.92954,0.93163,0.92904,0.93131,25863
1624986000,0.93131,0.93159,0.93063,0.93136,8929
1625000400,0.93088,0.93215,0.93068,0.93168,6151
1625014800,0.93167,0.93277,0.93151,0.93206,9742
1625029200,0.93205,0.93224,0.93094,0.93143,16667
1625043600,0.93144,0.93172,0.92758,0.92888,20906
1625058000,0.92887,0.93112,0.92757,0.9301,31666
1625072400,0.9301,0.9307,0.92887,0.92963,11843
1625086800,0.92908,0.92989,0.92842,0.92888,6735
1625101200,0.92888,0.9291,0.92842,0.92857,7616
1625115600,0.92857,0.92974,0.92763,0.92922,17637
1625130000,0.92921,0.92956,0.9279,0.92882,21917
1625144400,0.92882,0.92884,0.92611,0.92799,30757
1625158800,0.92795,0.92923,0.92779,0.92908,10368
1625173200,0.92841,0.9292,0.92827,0.92848,5563
1625187600,0.92849,0.92897,0.92763,0.92816,9368
1625202000,0.92816,0.92864,0.9268,0.9268,14794
1625216400,0.92678,0.92772,0.92479,0.92768,26031
1625230800,0.92766,0.92799,0.92523,0.9258,33002
1625245200,0.92577,0.92817,0.92561,0.92773,11804
1625432400,0.92544,0.92789,0.92531,0.92733,7126
1625446800,0.92736,0.92834,0.92671,0.92775,9799
1625461200,0.92775,0.92986,0.92731,0.92955,14890
1625475600,0.92953,0.93085,0.9294,0.9306,12682
1625490000,0.9306,0.93068,0.92839,0.92899,12682
1625504400,0.92899,0.92959,0.92791,0.92873,14116
1625518800,0.92866,0.93128,0.92834,0.93081,6741
1625533200,0.93082,0.93331,0.93041,0.93191,14797
1625547600,0.9319,0.93549,0.93187,0.93544,21680
1625562000,0.93545,0.93703,0.93536,0.93653,18884
1625576400,0.93652,0.93769,0.93382,0.93475,45741
1625590800,0.93474,0.93504,0.9332,0.93346,11972
1625605200,0.93346,0.93444,0.93271,0.93439,8165
1625619600,0.93438,0.93473,0.93338,0.93473,11225
1625634000,0.93473,0.93533,0.93389,0.9341,17601
1625648400,0.93409,0.93668,0.93394,0.93458,19570
1625662800,0.93458,0.93611,0.93371,0.93465,35143
1625677200,0.93465,0.93504,0.93325,0.93391,22790
1625691600,0.93352,0.9349,0.93318,0.93357,8135
1625706000,0.93358,0.93517,0.93294,0.93477,15328
1625720400,0.93475,0.93475,0.93243,0.93452,34557
1625734800,0.93454,0.935,0.93197,0.93459,38697
1625749200,0.9346,0.93462,0.93129,0.93213,46269
1625763600,0.93213,0.93244,0.92992,0.93137,19553
1625778000,0.93067,0.93213,0.92816,0.9303,9505
1625792400,0.93031,0.93131,0.92976,0.93032,19233
1625806800,0.93032,0.9322,0.92983,0.93147,26780
1625821200,0.93148,0.93444,0.93139,0.93342,29418
1625835600,0.93343,0.9353,0.93217,0.93356,29834
1625850000,0.93358,0.93377,0.9323,0.93256,11471
1626037200,0.93256,0.93294,0.93062,0.93174,8299
1626051600,0.93174,0.93228,0.93089,0.93174,11868
1626066000,0.93174,0.93281,0.931,0.93273,18537
1626080400,0.93273,0.9333,0.93156,0.93262,20661
1626094800,0.93265,0.93384,0.93234,0.93344,25670
1626109200,0.93344,0.93358,0.93125,0.9314,11760
1626123600,0.93074,0.93242,0.9307,0.93217,5193
1626138000,0.9322,0.93364,0.93184,0.93302,10195
1626152400,0.93302,0.93388,0.93248,0.93298,15988
1626166800,0.93298,0.93413,0.93067,0.93119,24039
1626181200,0.93118,0.9355,0.93082,0.9339,38327
1626195600,0.93391,0.93396,0.9314,0.93149,17539
1626210000,0.93109,0.93256,0.93101,0.93245,6927
1626224400,0.9325,0.93329,0.93194,0.93244,14368
1626238800,0.93244,0.93329,0.93085,0.93121,20521
1626253200,0.93121,0.93228,0.93051,0.93219,26911
1626267600,0.93219,0.93579,0.92975,0.93573,42437
1626282000,0.93573,0.93627,0.9351,0.93583,16560
1626296400,0.93567,0.93685,0.93492,0.93627,7883
1626310800,0.93626,0.93655,0.93517,0.93551,13663
1626325200,0.93551,0.93758,0.93439,0.93448,21650
1626339600,0.93445,0.93472,0.93266,0.93367,25067
1626354000,0.93364,0.93559,0.93249,0.9345,34908
1626368400,0.93449,0.9358,0.93384,0.93473,19205
1626382800,0.93394,0.93587,0.93383,0.93496,9031
1626397200,0.93496,0.93539,0.93326,0.93474,11239
1626411600,0.93472,0.93581,0.93437,0.93507,17166
1626426000,0.93508,0.93569,0.93274,0.93345,20443
1626440400,0.93345,0.93384,0.93223,0.93326,34753
1626454800,0.93327,0.93344,0.93217,0.93317,17789
1626642000,0.93248,0.9333,0.93137,0.93219,10002
1626656400,0.93219,0.93396,0.93176,0.93355,11826
1626670800,0.93355,0.93693,0.93311,0.93672,24524
1626685200,0.93672,0.94192,0.93569,0.93659,33321
1626699600,0.93658,0.93885,0.9357,0.93625,55323
1626714000,0.93625,0.93644,0.93442,0.93611,26428
1626728400,0.93564,0.93648,0.93348,0.93533,7344
1626742800,0.9353,0.9368,0.93378,0.93442,17619
1626757200,0.93445,0.93613,0.93394,0.93438,27296
1626771600,0.93439,0.93504,0.93347,0.93466,30561
1626786000,0.93466,0.93475,0.93145,0.93148,40332
1626800400,0.93152,0.9319,0.9291,0.9292,14611
1626814800,0.92868,0.93062,0.92868,0.93032,7423
1626829200,0.93029,0.93042,0.92812,0.92833,15425
1626843600,0.92834,0.92889,0.92676,0.92767,25027
1626858000,0.92767,0.92891,0.92672,0.92702,21044
1626872400,0.92702,0.92734,0.92171,0.92308,32395
1626886800,0.92309,0.92488,0.92291,0.92419,11542
1626901200,0.92276,0.92461,0.92199,0.9242,5914
1626915600,0.92418,0.92628,0.92377,0.92616,9335
1626930000,0.92616,0.92737,0.92561,0.92692,18657
1626944400,0.92691,0.92787,0.92587,0.92705,26684
1626958800,0.92705,0.9284,0.92558,0.92638,37228
1626973200,0.9264,0.92788,0.92635,0.92701,12425
1626987600,0.9265,0.92908,0.9243,0.92746,6095
1627002000,0.92745,0.92809,0.92657,0.92657,8507
1627016400,0.92657,0.92681,0.92554,0.92617,19596
1627030800,0.92618,0.92848,0.92594,0.92796,19272
1627045200,0.928,0.92872,0.92593,0.92652,25005
1627059600,0.92653,0.92714,0.92502,0.92524,10219
1627246800,0.92431,0.92619,0.9241,0.92508,7637
1627261200,0.9251,0.92577,0.92409,0.92414,14328
1627275600,0.92415,0.92513,0.92266,0.92298,24985
1627290000,0.92299,0.92538,0.92292,0.92478,20686
1627304400,0.92482,0.9266,0.92437,0.92568,27598
1627318800,0.92568,0.92656,0.92557,0.92591,11236
1627333200,0.92554,0.92645,0.92534,0.92585,5440
1627347600,0.92585,0.92613,0.92519,0.9257,12014
1627362000,0.92574,0.92577,0.92378,0.92513,25808
1627376400,0.92514,0.92622,0.92462,0.92609,19454
1627390800,0.92613,0.92781,0.92447,0.92608,40290
1627405200,0.92607,0.92755,0.92578,0.9271,16881
1627419600,0.92732,0.9279,0.92611,0.92734,8061
1627434000,0.92734,0.9279,0.92596,0.92606,15678
1627448400,0.92606,0.9263,0.92367,0.92433,21443
1627462800,0.92436,0.9244,0.9221,0.923,22015
1627477200,0.92299,0.92365,0.92154,0.92272,32832
1627491600,0.92272,0.92457,0.92133,0.92327,40981
1627506000,0.92361,0.92392,0.92228,0.92336,8023
1627520400,0.92337,0.92341,0.92126,0.92154,18538
1627534800,0.92153,0.92308,0.92102,0.92259,20542
1627549200,0.9226,0.9231,0.92087,0.92101,19061
1627563600,0.92102,0.92236,0.92002,0.92031,27270
1627578000,0.92032,0.92111,0.91983,0.92015,11914
1627592400,0.91976,0.92115,0.91901,0.92072,10007
1627606800,0.92075,0.92144,0.91958,0.91998,16702
1627621200,0.91999,0.92036,0.91834,0.91974,20522
1627635600,0.91973,0.91992,0.91585,0.9159,21761
1627650000,0.9159,0.91781,0.9151,0.91611,33869
1627664400,0.91608,0.91621,0.91458,0.91572,16997
1627851600,0.91465,0.91687,0.91441,0.91665,10304
1627866000,0.91664,0.9169,0.91531,0.91581,13278
1627880400,0.91582,0.9174,0.91551,0.91713,15984
1627894800,0.91712,0.91883,0.91674,0.91839,15831
1627909200,0.9184,0.92109,0.91814,0.92056,28743
1627923600,0.92057,0.92146,0.92042,0.92073,13506
1627938000,0.92038,0.92109,0.9196,0.92064,6935
1627952400,0.92064,0.9267,0.92016,0.92616,19722
1627966800,0.92615,0.9272,0.92431,0.92478,22687
1627981200,0.92478,0.92557,0.92423,0.92525,16875
1627995600,0.92525,0.92779,0.92504,0.92763,34643
1628010000,0.92762,0.92769,0.92663,0.92671,10837
1628024400,0.92644,0.92768,0.92602,0.92715,7313
1628038800,0.92716,0.92823,0.92681,0.92733,13365
1628053200,0.92737,0.93031,0.92672,0.92971,15007
1628067600,0.92971,0.93072,0.92929,0.92991,16034
1628082000,0.92991,0.93112,0.92443,0.92599,34122
1628096400,0.92599,0.92661,0.92527,0.92559,11271
1628110800,0.92559,0.92642,0.9245,0.9259,5653
1628125200,0.92589,0.92645,0.92525,0.92614,10474
1628139600,0.92614,0.92732,0.92575,0.92688,15473
1628154000,0.92689,0.92743,0.9252,0.92585,20715
1628168400,0.92586,0.92661,0.92406,0.92576,26239
1628182800,0.92575,0.92594,0.92491,0.92558,10300
1628197200,0.92488,0.92576,0.92427,0.92467,5192
1628211600,0.9247,0.92473,0.92324,0.92364,9151
1628226000,0.92366,0.92487,0.92364,0.92485,13468
1628240400,0.92484,0.92577,0.9235,0.92374,21295
1628254800,0.92376,0.92499,0.92328,0.92384,31516
1628269200,0.92381,0.92418,0.92302,0.92334,9279
1628456400,0.92214,0.92372,0.92185,0.92282,12581
1628470800,0.92283,0.92426,0.92274,0.92378,9591
1628485200,0.92379,0.9245,0.92132,0.92194,17575
1628499600,0.92194,0.92252,0.92088,0.92228,17844
1628514000,0.92228,0.92406,0.92192,0.92241,25331
1628528400,0.92243,0.92297,0.92169,0.92183,9419
1628542800,0.92197,0.92218,0.92122,0.92202,4918
1628557200,0.92203,0.92209,0.92077,0.921,9325
1628571600,0.921,0.92244,0.92096,0.92229,14790
1628586000,0.92228,0.92374,0.92169,0.92288,14470
1628600400,0.92288,0.92307,0.91963,0.92042,25642
1628614800,0.92042,0.92079,0.91987,0.91987,8939
1628629200,0.91914,0.92021,0.91914,0.91965,4180
1628643600,0.91965,0.92019,0.91892,0.91949,7300
1628658000,0.91947,0.92005,0.9181,0.91829,12658
1628672400,0.91826,0.92223,0.91818,0.9222,19568
1628686800,0.92221,0.92313,0.92164,0.92222,25603
1628701200,0.92223,0.92291,0.92159,0.92167,11220
1628715600,0.92125,0.92253,0.92097,0.92199,4246
1628730000,0.92198,0.9221,0.92084,0.92089,6640
1628744400,0.9209,0.92206,0.92072,0.92162,14031
1628758800,0.9216,0.92167,0.91971,0.91996,14348
1628773200,0.91992,0.92002,0.91757,0.91927,21111
1628787600,0.91926,0.91958,0.91806,0.91864,9998
1628802000,0.91825,0.92011,0.9179,0.91889,4417
1628816400,0.91888,0.91978,0.91862,0.91869,6215
1628830800,0.91868,0.91935,0.91835,0.91884,9748
1628845200,0.91886,0.92093,0.91845,0.92079,10871
1628859600,0.92079,0.92334,0.92046,0.92265,19803
1628874000,0.92265,0.9231,0.92204,0.92221,7999
1629061200,0.92133,0.9226,0.92133,0.92179,5166
1629075600,0.92178,0.92216,0.91995,0.92036,8610
1629090000,0.92037,0.9209,0.91943,0.92057,13866
1629104400,0.92057,0.92142,0.91981,0.92012,15027
1629118800,0.92009,0.92293,0.92005,0.92228,24833
1629133200,0.9223,0.92278,0.92188,0.92249,7014
1629147600,0.92157,0.92281,0.92139,0.92168,5707
1629162000,0.92168,0.92197,0.91948,0.91991,16193
1629176400,0.91993,0.9208,0.91893,0.92025,19825
1629190800,0.92024,0.9205,0.91822,0.91838,18543
1629205200,0.91834,0.9184,0.9154,0.91614,30618
1629219600,0.91615,0.91699,0.91526,0.91595,14645
1629234000,0.91466,0.91651,0.91418,0.91638,6690
1629248400,0.91637,0.91682,0.91486,0.91628,13242
1629262800,0.91624,0.91644,0.91531,0.91586,13673
1629277200,0.91587,0.91591,0.91397,0.91405,15755
1629291600,0.91406,0.91491,0.91328,0.91468,26511
1629306000,0.91469,0.91617,0.91428,0.91575,26725
1629320400,0.9146,0.91647,0.91388,0.91452,8777
1629334800,0.91451,0.91652,0.91347,0.91356,14562
1629349200,0.91361,0.91444,0.91215,0.9124,26988
1629363600,0.91244,0.9147,0.91194,0.91456,26753
1629378000,0.91454,0.91741,0.91427,0.91697,40516
1629392400,0.91698,0.91723,0.91602,0.91665,21316
1629406800,0.91609,0.91724,0.91474,0.91675,7545
1629421200,0.91675,0.91839,0.91547,0.91801,18074
1629435600,0.918,0.91977,0.91641,0.91918,30701
1629450000,0.91916,0.92065,0.91882,0.9193,19567
1629464400,0.9193,0.9203,0.91589,0.91706,29874
1629478800,0.91708,0.91711,0.91537,0.91559,10118
1629666000,0.91243,0.91623,0.91218,0.91513,8923
1629680400,0.91513,0.91551,0.91424,0.91448,12364
1629694800,0.91448,0.91475,0.91311,0.91361,20097
1629709200,0.91361,0.91493,0.9133,0.91454,16061
1629723600,0.91453,0.91513,0.91258,0.91278,25297
1629738000,0.91275,0.91318,0.91212,0.91221,8699
1629752400,0.91087,0.91278,0.91071,0.9114,5695
1629766800,0.91142,0.91369,0.91133,0.91355,8020
1629781200,0.91356,0.91466,0.91225,0.91248,17469
1629795600,0.91248,0.91512,0.91226,0.91496,16785
1629810000,0.91496,0.91634,0.91409,0.91421,23978
1629824400,0.91423,0.91438,0.91342,0.91364,7387
1629838800,0.91335,0.91418,0.91206,0.91372,6972
1629853200,0.91375,0.91447,0.91294,0.9137,10107
1629867600,0.91368,0.91528,0.91348,0.91522,14781
1629882000,0.91522,0.91608,0.91474,0.91541,14804
1629896400,0.91539,0.91767,0.91535,0.91717,23356
1629910800,0.91717,0.91744,0.91561,0.91573,10086
1629925200,0.91595,0.91661,0.91405,0.91591,5939
1629939600,0.91593,0.91678,0.91515,0.91645,9145
1629954000,0.91646,0.91668,0.91477,0.9153,15577
1629968400,0.91531,0.91629,0.9148,0.91568,15597
1629982800,0.91572,0.91814,0.91514,0.91776,30617
1629997200,0.91775,0.91852,0.91741,0.91801,12452
1630011600,0.91775,0.91896,0.91724,0.91789,6251
1630026000,0.9179,0.9187,0.91769,0.91864,9522
1630040400,0.91864,0.91915,0.91806,0.91905,13346
1630054800,0.91901,0.92074,0.91881,0.92015,13414
1630069200,0.92014,0.92269,0.9188,0.92226,41098
1630083600,0.92226,0.92314,0.92191,0.9221,9022
1630270800,0.92131,0.923,0.92091,0.92273,6008
1630285200,0.9227,0.92311,0.9215,0.92213,10075
1630299600,0.92214,0.92236,0.92019,0.92031,14164
1630314000,0.92033,0.92044,0.91921,0.91933,11741
1630328400,0.91933,0.91992,0.91822,0.91976,20344
1630342800,0.91977,0.92018,0.91917,0.9196,9033
1630357200,0.91912,0.92026,0.91866,0.91997,6920
1630371600,0.91997,0.92143,0.91932,0.92105,11078
1630386000,0.92104,0.92317,0.92093,0.92253,17027
1630400400,0.92255,0.92313,0.92111,0.92287,21968
1630414800,0.92292,0.92421,0.92193,0.92315,35720
1630429200,0.92313,0.92336,0.92197,0.92241,14211
1630443600,0.9223,0.92383,0.92153,0.92366,6818
1630458000,0.92367,0.92444,0.92273,0.92304,12579
1630472400,0.92303,0.92522,0.92302,0.9251,17427
1630486800,0.9251,0.92541,0.9243,0.92513,16771
1630501200,0.92514,0.93033,0.92504,0.92975,26890
1630515600,0.92978,0.93042,0.92943,0.92955,9983
1630530000,0.92927,0.93026,0.92843,0.92969,6141
1630544400,0.92968,0.93023,0.92939,0.93006,8526
1630558800,0.93006,0.93155,0.92961,0.93075,14885
1630573200,0.93075,0.93226,0.93031,0.93215,12280
1630587600,0.93215,0.93359,0.92911,0.92927,22569
1630602000,0.92927,0.92971,0.92863,0.92908,11466
1630616400,0.92839,0.9295,0.92783,0.9294,4977
1630630800,0.9294,0.93003,0.92867,0.92984,10949
1630645200,0.92984,0.93246,0.9297,0.93223,14723
1630659600,0.93222,0.93471,0.9317,0.93296,22608
1630674000,0.93295,0.93384,0.93076,0.93269,33836
1630688400,0.93271,0.93386,0.9327,0.9333,9557
1630875600,0.93334,0.93382,0.93214,0.93234,6387
1630890000,0.93235,0.93283,0.93178,0.93187,9609
1630904400,0.93191,0.93288,0.93165,0.93246,12235
1630918800,0.93248,0.9337,0.93223,0.93234,9847
1630933200,0.93233,0.93244,0.93154,0.93157,9118
1630947600,0.93157,0.9323,0.93114,0.93204,30122
1630962000,0.932,0.93364,0.93134,0.93336,6537
1630976400,0.93333,0.93518,0.93159,0.93178,14432
1630990800,0.93178,0.93272,0.92979,0.9314,22168
1631005200,0.9314,0.93199,0.93024,0.93157,20725
1631019600,0.93156,0.93404,0.93035,0.93403,25398
1631034000,0.93402,0.93454,0.93354,0.93434,10052
1631048400,0.9338,0.93463,0.93295,0.93462,5391
1631062800,0.93462,0.93495,0.93341,0.93343,9861
1631077200,0.93344,0.93436,0.93282,0.93368,24631
1631091600,0.93369,0.93518,0.93363,0.93481,19251
1631106000,0.93477,0.93745,0.93223,0.934,36876
1631120400,0.93401,0.93502,0.93373,0.935,15623
1631134800,0.93415,0.93515,0.93386,0.93434,6406
1631149200,0.93435,0.93511,0.93376,0.93509,11188
1631163600,0.93509,0.93768,0.93447,0.93663,21655
1631178000,0.93662,0.93669,0.93522,0.93593,24204
1631192400,0.93592,0.93714,0.93201,0.93207,30078
1631206800,0.93207,0.93319,0.93161,0.93302,19248
1631221200,0.9325,0.9337,0.93209,0.93325,5580
1631235600,0.93325,0.93423,0.93212,0.93402,13063
1631250000,0.93401,0.93444,0.93247,0.93328,16554
1631264400,0.93327,0.93364,0.93139,0.93175,15943
1631278800,0.93176,0.93289,0.93031,0.93177,32495
1631293200,0.93178,0.93294,0.9315,0.93294,14484
1631480400,0.93209,0.93463,0.93162,0.93366,6352
1631494800,0.93367,0.934,0.93158,0.93185,10721
1631509200,0.9318,0.93324,0.93061,0.93257,18837
1631523600,0.93259,0.9333,0.93152,0.93273,14973
1631538000,0.93272,0.93324,0.93154,0.93276,31803
1631552400,0.93275,0.93287,0.93172,0.93183,15570
1631566800,0.9315,0.93217,0.9305,0.93131,6029
1631581200,0.93131,0.93219,0.92894,0.92923,13785
1631595600,0.92923,0.93005,0.92773,0.92853,18542
1631610000,0.92853,0.92885,0.92719,0.92801,23777
1631624400,0.928,0.92973,0.92793,0.92881,33075
1631638800,0.92878,0.92938,0.92796,0.92895,17487
1631653200,0.92832,0.92931,0.92832,0.92879,5931
1631667600,0.92879,0.92936,0.9277,0.92914,13243
1631682000,0.92916,0.92973,0.92781,0.92891,18736
1631696400,0.9289,0.9295,0.92762,0.92772,18242
1631710800,0.92772,0.92855,0.92541,0.9262,32985
1631725200,0.92621,0.92682,0.92572,0.92585,11739
1631739600,0.92555,0.92687,0.92507,0.92683,6095
1631754000,0.92682,0.92734,0.92524,0.92539,10989
1631768400,0.9254,0.92557,0.92409,0.92472,18825
1631782800,0.92473,0.9252,0.92351,0.92355,18968
1631797200,0.92357,0.92488,0.92305,0.92448,29209
1631811600,0.92446,0.92526,0.92432,0.92498,13949
1631826000,0.92333,0.92535,0.92294,0.92468,6137
1631840400,0.92466,0.92504,0.92377,0.9248,13048
1631854800,0.92474,0.92562,0.92474,0.92486,15956
1631869200,0.92485,0.92597,0.92446,0.9255,19158
1631883600,0.9255,0.92783,0.92474,0.9266,36162
1631898000,0.9266,0.92765,0.92651,0.92763,17248
1632085200,0.92611,0.92789,0.9251,0.92677,5538
1632099600,0.92678,0.92697,0.92423,0.92564,13693
1632114000,0.92562,0.92725,0.92546,0.92686,24389
1632128400,0.92686,0.93126,0.92654,0.93106,24765
1632142800,0.93105,0.93158,0.9287,0.92916,40609
1632157200,0.92915,0.93081,0.92811,0.92909,22274
1632171600,0.92798,0.93027,0.92745,0.92876,8692
1632186000,0.92874,0.92972,0.92827,0.92835,13741
1632200400,0.92835,0.9287,0.92709,0.92827,21543
1632214800,0.92826,0.92873,0.92534,0.92608,20049
1632229200,0.92609,0.92878,0.92554,0.92586,40752
1632243600,0.92584,0.92766,0.9258,0.92653,21584
1632258000,0.92591,0.92747,0.92547,0.92704,8271
1632272400,0.92707,0.92953,0.92617,0.9273,20523
1632286800,0.92729,0.92786,0.9263,0.9276,17900
1632301200,0.92759,0.92773,0.9262,0.92726,13153
1632315600,0.92725,0.92778,0.92401,0.92446,27862
1632330000,0.92445,0.92742,0.92376,0.92483,52011
1632344400,0.92427,0.92534,0.9238,0.92511,7506
1632358800,0.92511,0.92544,0.92263,0.92395,12566
1632373200,0.92394,0.92408,0.92004,0.92149,20136
1632387600,0.92148,0.92333,0.92048,0.92331,28081
1632402000,0.92333,0.92492,0.92238,0.92369,31243
1632416400,0.92371,0.92489,0.92314,0.92319,11985
1632430800,0.92255,0.92496,0.92227,0.92446,7853
1632445200,0.92445,0.92512,0.92365,0.92454,11676
1632459600,0.92454,0.92474,0.92275,0.92288,18684
1632474000,0.9229,0.923,0.92035,0.92134,19573
1632488400,0.92135,0.92163,0.91887,0.91923,27052
1632502800,0.91924,0.9193,0.91788,0.91892,10761
1632690000,0.91629,0.91988,0.91629,0.91977,7580
1632704400,0.91974,0.92034,0.91853,0.91966,11192
1632718800,0.91967,0.91987,0.91773,0.91897,19006
1632733200,0.91897,0.9205,0.91796,0.91974,23420
1632747600,0.91973,0.92141,0.91907,0.91964,30151
1632762000,0.91963,0.92066,0.91956,0.91991,10184
1632776400,0.9194,0.92042,0.91847,0.91859,5975
1632790800,0.91863,0.92086,0.91796,0.92079,11612
1632805200,0.9208,0.92118,0.91823,0.91864,26384
1632819600,0.91861,0.91863,0.91584,0.91715,27286
1632834000,0.91715,0.9195,0.91689,0.91808,45364
1632848400,0.91809,0.91834,0.9175,0.91829,24811
1632862800,0.91792,0.91872,0.91759,0.91811,7105
1632877200,0.91814,0.91964,0.91745,0.919,19101
1632891600,0.91899,0.92055,0.91868,0.91961,28700
1632906000,0.91962,0.91996,0.91594,0.9163,20895
1632920400,0.91628,0.9169,0.91433,0.91609,36920
1632934800,0.9161,0.91693,0.91484,0.91507,17721
1632949200,0.9151,0.91675,0.91395,0.91642,7833
1632963600,0.91645,0.91797,0.91592,0.91706,13383
1632978000,0.91706,0.91776,0.91594,0.9162,21577
1632992400,0.91621,0.91859,0.91578,0.91825,21055
1633006800,0.91824,0.92029,0.9145,0.91511,51315
1633021200,0.91509,0.91667,0.91436,0.91659,26957
1633035600,0.91605,0.91836,0.91537,0.91793,8809
1633050000,0.91794,0.9183,0.91715,0.9173,18079
1633064400,0.91732,0.91855,0.91569,0.91814,30846
1633078800,0.91813,0.92055,0.91813,0.92052,26715
1633093200,0.92053,0.92102,0.9186,0.91922,42975
1633107600,0.91923,0.91959,0.91751,0.91781,15920
1633294800,0.91745,0.91909,0.91745,0.91866,9270
1633309200,0.91866,0.91866,0.91696,0.9176,14984
1633323600,0.91759,0.91833,0.91601,0.9167,26420
1633338000,0.91671,0.91999,0.91654,0.91869,22496
1633352400,0.9187,0.91874,0.9151,0.9164,38244
1633366800,0.91639,0.91767,0.91614,0.9174,21864
1633381200,0.91715,0.91811,0.91667,0.91736,9210
1633395600,0.91736,0.91752,0.91601,0.91679,18928
1633410000,0.91677,0.91696,0.91519,0.91666,23320
1633424400,0.91663,0.91725,0.91484,0.91698,17582
1633438800,0.91699,0.91736,0.9147,0.91733,31987
1633453200,0.91732,0.91811,0.91663,0.91684,13392
1633467600,0.917,0.9174,0.91606,0.91686,7339
1633482000,0.91685,0.91738,0.91483,0.91494,21334
1633496400,0.91494,0.91543,0.91359,0.91375,28627
1633510800,0.91377,0.91625,0.91343,0.91587,27494
1633525200,0.91587,0.91729,0.91447,0.91469,41382
1633539600,0.9147,0.91602,0.91426,0.9155,18665
1633554000,0.9152,0.91669,0.91476,0.9163,9806
1633568400,0.9163,0.91698,0.91611,0.91633,12111
1633582800,0.91631,0.91823,0.91523,0.9175,21496
1633597200,0.91749,0.91919,0.916,0.91705,18891
1633611600,0.91704,0.9188,0.91642,0.91828,27104
1633626000,0.91828,0.91868,0.91689,0.9177,12597
1633640400,0.917,0.91846,0.91626,0.91834,8896
1633654800,0.91837,0.91857,0.9162,0.91634,14982
1633669200,0.91634,0.91655,0.91485,0.91514,19382
1633683600,0.91516,0.91675,0.91382,0.91595,23948
1633698000,0.91596,0.91611,0.91051,0.91165,38711
1633712400,0.91168,0.9118,0.91073,0.91161,13314
1633899600,0.91146,0.9124,0.91031,0.91201,9793
1633914000,0.912,0.91342,0.91184,0.91193,12445
1633928400,0.91193,0.91466,0.91178,0.91415,20560
1633942800,0.91414,0.91652,0.91354,0.91521,16187
1633957200,0.91519,0.91842,0.91519,0.91764,18908
1633971600,0.91768,0.91796,0.91668,0.91676,12627
1633986000,0.91652,0.91781,0.91538,0.91683,8352
1634000400,0.91681,0.9175,0.91594,0.91738,13408
1634014800,0.91737,0.91827,0.9166,0.91785,20496
1634029200,0.91785,0.92009,0.91776,0.91854,18885
1634043600,0.91855,0.9188,0.91562,0.91654,35880
1634058000,0.91655,0.91697,0.91591,0.91623,14337
1634072400,0.9152,0.9165,0.91465,0.91494,8284
1634086800,0.91493,0.91517,0.91359,0.9138,10341
1634101200,0.91382,0.91602,0.91311,0.91594,17945
1634115600,0.91595,0.91602,0.91322,0.91348,24065
1634130000,0.91349,0.91796,0.9133,0.9173,31384
1634144400,0.9173,0.91844,0.91691,0.91808,16362
1634158800,0.9179,0.91918,0.9169,0.91817,6904
1634173200,0.91818,0.91854,0.91662,0.91795,8742
1634187600,0.91795,0.91911,0.91676,0.91823,15631
1634202000,0.91825,0.9186,0.91698,0.91832,17883
1634216400,0.91832,0.91896,0.91653,0.9166,24610
1634230800,0.91661,0.91797,0.91633,0.91725,10782
1634245200,0.91646,0.91839,0.91571,0.9172,6101
1634259600,0.91721,0.91797,0.91629,0.91701,9927
1634274000,0.91701,0.91809,0.91547,0.91587,17576
1634288400,0.91586,0.91774,0.91551,0.91693,21197
1634302800,0.91694,0.91937,0.91648,0.91905,34727
1634317200,0.91905,0.91922,0.91715,0.91721,13117
1634504400,0.91637,0.91927,0.91575,0.91769,12223
1634518800,0.91769,0.91837,0.91697,0.91744,15147
1634533200,0.91744,0.91817,0.91641,0.91655,22714
1634547600,0.91654,0.91684,0.91484,0.91538,25614
1634562000,0.91537,0.91726,0.91492,0.91695,28905
1634576400,0.91696,0.91846,0.91692,0.91731,11594
1634590800,0.91678,0.91835,0.91633,0.91815,7500
1634605200,0.91817,0.92079,0.91769,0.92041,14325
1634619600,0.92043,0.92156,0.91983,0.92016,23160
1634634000,0.92018,0.92234,0.91965,0.92177,20935
1634648400,0.92178,0.92456,0.92161,0.92437,30183
1634662800,0.92434,0.92488,0.92377,0.92386,12051
1634677200,0.92326,0.92431,0.92252,0.92326,8440
1634691600,0.92327,0.92603,0.92319,0.925,16607
1634706000,0.925,0.92546,0.92364,0.92466,21997
1634720400,0.92466,0.92607,0.92369,0.92522,18482
1634734800,0.92525,0.92638,0.92481,0.92603,27015
1634749200,0.92604,0.92691,0.92505,0.9255,15951
1634763600,0.92515,0.92733,0.92367,0.92733,8428
1634778000,0.92732,0.92786,0.92412,0.92492,18438
1634792400,0.92492,0.92534,0.92318,0.92358,24445
1634806800,0.92357,0.92493,0.92312,0.92413,22112
1634821200,0.92411,0.9253,0.92215,0.92413,29273
1634835600,0.92414,0.92431,0.92326,0.92338,12805
1634850000,0.923,0.9241,0.92194,0.92342,8910
1634864400,0.92342,0.92473,0.92268,0.92344,14870
1634878800,0.92343,0.92578,0.92317,0.92567,20645
1634893200,0.92566,0.9263,0.92378,0.9246,17066
1634907600,0.92458,0.92562,0.92286,0.92376,35093
1634922000,0.92377,0.92396,0.9227,0.9235,13541
1635109200,0.92303,0.92414,0.92255,0.92382,7561
1635123600,0.92381,0.92477,0.9229,0.92445,12610
1635138000,0.92447,0.92626,0.92411,0.92579,15975
1635152400,0.9258,0.92613,0.92477,0.92557,16228
1635166800,0.92557,0.9288,0.92542,0.92837,23891
1635181200,0.92841,0.92857,0.92751,0.92759,10235
1635195600,0.92645,0.92839,0.92589,0.9282,5780
1635210000,0.9282,0.93015,0.92802,0.92976,12629
1635224400,0.92976,0.93045,0.9279,0.92835,16813
1635238800,0.92835,0.92953,0.92747,0.92907,14905
1635253200,0.92909,0.93021,0.92804,0.92901,26059
1635267600,0.92899,0.92999,0.92851,0.92927,11185
1635282000,0.9287,0.93319,0.92812,0.933,8931
1635296400,0.93299,0.93362,0.93152,0.93229,10166
1635310800,0.93229,0.93276,0.92999,0.93027,16952
1635325200,0.93028,0.93373,0.9301,0.93354,19843
1635339600,0.93353,0.93353,0.92497,0.92805,40521
1635354000,0.92806,0.92983,0.92799,0.92932,15789
1635368400,0.92932,0.92962,0.92692,0.92722,9427
1635382800,0.9272,0.92938,0.92588,0.92912,12783
1635397200,0.92913,0.93067,0.92862,0.92927,18667
1635411600,0.92927,0.93029,0.92849,0.92888,25863
1635426000,0.92887,0.93256,0.92861,0.93228,42220
1635440400,0.93227,0.93241,0.93051,0.93111,14877
1635454800,0.9307,0.93156,0.92944,0.93045,8978
1635469200,0.93046,0.93279,0.93007,0.93205,11984
1635483600,0.93206,0.93287,0.93054,0.93099,18509
1635498000,0.93102,0.93198,0.92957,0.93144,22514
1635512400,0.93144,0.9319,0.92961,0.93098,38302
1635526800,0.93098,0.93215,0.93015,0.93127,15461
1635714000,0.92945,0.93132,0.92943,0.93042,7171
1635728400,0.93042,0.93059,0.92924,0.9297,10464
1635742800,0.9297,0.93025,0.92845,0.92925,15280
1635757200,0.92926,0.93069,0.92818,0.93059,15441
1635771600,0.9306,0.93152,0.93003,0.93049,21599
1635786000,0.93049,0.93065,0.92951,0.93044,10417
1635800400,0.92985,0.93132,0.92844,0.93093,6792
1635814800,0.93095,0.93221,0.92701,0.9282,16448
1635829200,0.92819,0.92876,0.92503,0.92577,22147
1635843600,0.92581,0.927,0.92535,0.9255,17227
1635858000,0.92551,0.92582,0.92151,0.92158,24194
1635872400,0.92164,0.92202,0.92036,0.92176,10126
1635886800,0.92122,0.9231,0.92064,0.92295,5379
1635901200,0.92297,0.92373,0.92227,0.92321,9790
1635915600,0.9232,0.92503,0.92315,0.9234,12966
1635930000,0.92343,0.92443,0.92279,0.924,15365
1635944400,0.92401,0.92464,0.92082,0.92083,25979
1635958800,0.92083,0.92377,0.9205,0.92264,43239
1635973200,0.9222,0.92472,0.92083,0.92392,7826
1635987600,0.92392,0.9248,0.92346,0.92348,8470
1636002000,0.9235,0.9236,0.92112,0.92158,16787
1636016400,0.92156,0.92211,0.92055,0.92113,21349
1636030800,0.92114,0.92254,0.91955,0.92192,31074
1636045200,0.92196,0.92253,0.92144,0.92185,12970
1636059600,0.92113,0.92282,0.92111,0.92166,6696
1636074000,0.92167,0.9219,0.91973,0.92146,14779
1636088400,0.92146,0.92147,0.91939,0.91986,15128
1636102800,0.91986,0.92029,0.91796,0.91932,22325
1636117200,0.91933,0.92212,0.91919,0.92166,31357
1636131600,0.92166,0.92196,0.92075,0.92186,14006
1636322400,0.91977,0.92223,0.91977,0.92038,8514
1636336800,0.9204,0.92208,0.92029,0.92205,7660
1636351200,0.92206,0.92253,0.92047,0.92181,13634
1636365600,0.92187,0.9234,0.92067,0.92336,13828
1636380000,0.92336,0.925,0.92322,0.92434,19254
1636394400,0.92435,0.92482,0.92335,0.92348,9064
1636408800,0.9233,0.92378,0.92119,0.92128,9914
1636423200,0.92129,0.92331,0.92026,0.92291,11775
1636437600,0.92291,0.92415,0.92241,0.92344,15628
1636452000,0.92346,0.92376,0.92027,0.92129,17544
1636466400,0.92129,0.92239,0.91715,0.91762,31845
1636480800,0.91762,0.91856,0.9172,0.9175,12179
1636495200,0.9171,0.91808,0.91596,0.9162,9945
1636509600,0.9162,0.91683,0.9148,0.91514,9518
1636524000,0.91514,0.91591,0.91375,0.91566,15260
1636538400,0.91566,0.91633,0.91425,0.91552,21311
1636552800,0.91552,0.91689,0.91422,0.91616,35993
1636567200,0.91617,0.91736,0.91488,0.91512,25935
1636581600,0.9153,0.91639,0.91374,0.91474,13636
1636596000,0.91474,0.91518,0.91256,0.91419,13227
1636610400,0.9142,0.91537,0.91303,0.91444,17615
1636624800,0.91444,0.9188,0.91411,0.91789,19737
1636639200,0.91788,0.91971,0.91773,0.91829,21532
1636653600,0.91827,0.91843,0.91698,0.91707,10504
1636668000,0.91697,0.91846,0.91592,0.91694,10291
1636682400,0.91693,0.91809,0.91667,0.91775,8448
1636696800,0.91775,0.91943,0.91755,0.91855,15211
1636711200,0.91857,0.9197,0.91794,0.91923,14099
1636725600,0.91921,0.92104,0.91819,0.92046,22612
1636740000,0.92044,0.92084,0.91954,0.91992,8009
1636927200,0.91843,0.92092,0.91818,0.92081,10549
1636941600,0.9208,0.92101,0.91987,0.92068,9950
1636956000,0.92068,0.92252,0.92023,0.9222,13374
1636970400,0.9222,0.9231,0.92177,0.92248,12522
1636984800,0.9225,0.9226,0.92011,0.92071,24608
1636999200,0.92071,0.92103,0.91887,0.91895,10917
1637013600,0.9189,0.92049,0.91828,0.9199,10303
1637028000,0.9199,0.92088,0.91882,0.91905,10209
1637042400,0.91905,0.92013,0.91828,0.9193,15780
1637056800,0.9193,0.92034,0.91873,0.9193,16951
1637071200,0.91926,0.9196,0.91716,0.9175,27465
1637085600,0.91751,0.91799,0.91643,0.91725,11801
1637100000,0.9162,0.9175,0.91463,0.91529,13176
1637114400,0.91528,0.91559,0.9139,0.91545,13064
1637128800,0.91545,0.91644,0.91377,0.91487,17558
1637143200,0.91488,0.91765,0.91387,0.9165,16708
1637157600,0.91652,0.91657,0.91474,0.91612,23333
1637172000,0.91613,0.91707,0.91536,0.91608,13950
1637186400,0.91592,0.91676,0.91522,0.91598,10631
1637200800,0.91598,0.91784,0.91568,0.91777,12366
1637215200,0.91779,0.91901,0.91735,0.91833,14447
1637229600,0.91832,0.91847,0.91642,0.91653,17453
1637244000,0.91651,0.91853,0.91604,0.91701,28140
1637258400,0.91699,0.91742,0.91645,0.91663,10936
1637272800,0.9165,0.91737,0.91576,0.91685,7721
1637287200,0.91687,0.91725,0.91589,0.9172,8634
1637301600,0.9172,0.91777,0.91556,0.91579,19336
1637316000,0.91579,0.91636,0.91468,0.91594,30480
1637330400,0.91594,0.91721,0.915,0.91533,31057
1637344800,0.91536,0.91607,0.91459,0.91474,12721
1637532000,0.91449,0.91583,0.91347,0.91539,10839
1637546400,0.9154,0.91706,0.9151,0.91695,9828
1637560800,0.91696,0.91722,0.9159,0.91715,21741
1637575200,0.91715,0.91934,0.91656,0.91925,17807
1637589600,0.91925,0.91967,0.91731,0.91799,34128
1637604000,0.91799,0.91822,0.91699,0.9174,12056
1637618400,0.91698,0.91871,0.91585,0.91846,8376
1637632800,0.91847,0.91861,0.91697,0.91735,11321
1637647200,0.91735,0.92043,0.9171,0.9196,29318
1637661600,0.91958,0.92037,0.91814,0.91872,23601
1637676000,0.91871,0.9191,0.91603,0.91728,32126
1637690400,0.91729,0.91737,0.91474,0.9155,15864
1637704800,0.91503,0.91611,0.91463,0.91525,13981
1637719200,0.91525,0.91598,0.91377,0.9149,12299
1637733600,0.91487,0.91585,0.91463,0.91517,21072
1637748000,0.91519,0.91614,0.9136,0.91388,22581
1637762400,0.9139,0.91396,0.91065,0.91072,35167
1637776800,0.91072,0.91154,0.91022,0.91125,13599
1637791200,0.91037,0.91206,0.91008,0.9115,8182
1637805600,0.9115,0.91186,0.91096,0.91112,6606
1637820000,0.91111,0.91142,0.90918,0.91057,11874
1637834400,0.91059,0.91074,0.90977,0.91007,14000
1637848800,0.91009,0.91032,0.90869,0.90893,11736
1637863200,0.90894,0.90972,0.90849,0.909,27998
1637877600,0.909,0.90983,0.90731,0.90756,16116
1637892000,0.90757,0.90846,0.9069,0.90844,17596
1637906400,0.90845,0.91129,0.90693,0.90965,43337
1637920800,0.90965,0.91253,0.90953,0.91228,35462
1637935200,0.91227,0.91345,0.90836,0.91068,43706
1637949600,0.91066,0.91265,0.90794,0.90997,19232
1638136800,0.90943,0.91032,0.90672,0.90984,21709
1638151200,0.90982,0.91053,0.90938,0.91017,16978
1638165600,0.91015,0.91166,0.90978,0.91104,27256
1638180000,0.91106,0.91206,0.90953,0.91008,25481
1638194400,0.91008,0.91148,0.90988,0.91046,33975
1638208800,0.91044,0.91078,0.90938,0.90965,14580
1638223200,0.90942,0.91087,0.90775,0.91067,9600
1638237600,0.91067,0.91116,0.90821,0.90867,19261
1638252000,0.90869,0.91152,0.90777,0.9111,38710
1638266400,0.91111,0.91396,0.91043,0.91311,28052
1638280800,0.91313,0.91527,0.90642,0.91035,71822
1638295200,0.91038,0.91144,0.90969,0.91081,28004
1638309600,0.9104,0.91146,0.90956,0.91028,18165
1638324000,0.91027,0.91309,0.91023,0.91266,15986
1638338400,0.91265,0.91315,0.9113,0.9116,30188
1638352800,0.91161,0.9132,0.91055,0.91162,25078
1638367200,0.91164,0.91284,0.91049,0.91204,40426
1638381600,0.91204,0.91241,0.90962,0.91089,33576
1638396000,0.9103,0.91151,0.90961,0.91099,16917
1638410400,0.91098,0.91128,0.90878,0.90931,16343
1638424800,0.90933,0.91025,0.908,0.90882,27382
1638439200,0.90882,0.91071,0.90851,0.90888,31931
1638453600,0.90886,0.91261,0.90861,0.90925,53050
1638468000,0.90926,0.90985,0.90796,0.90825,24134
1638482400,0.9078,0.90912,0.90656,0.90713,13014
1638496800,0.90712,0.90737,0.90577,0.90707,13230
1638511200,0.90707,0.90716,0.9043,0.90452,20581
1638525600,0.90451,0.90693,0.90168,0.90168,31068
1638540000,0.90167,0.90176,0.8972,0.89968,62585
1638554400,0.89968,0.89994,0.89803,0.89937,28577
1638741600,0.89782,0.90096,0.89681,0.90042,14943
1638756000,0.90043,0.90095,0.89944,0.89972,10582
1638770400,0.89973,0.90132,0.89917,0.89929,22204
1638784800,0.8993,0.90151,0.89894,0.90139,20712
1638799200,0.90138,0.90192,0.89991,0.89994,33263
1638813600,0.89993,0.90024,0.89889,0.89954,15685
1638828000,0.899,0.89988,0.89832,0.89921,10810
1638842400,0.8992,0.90189,0.8982,0.90136,14395
1638856800,0.90128,0.90296,0.90088,0.90159,21582
1638871200,0.90157,0.9018,0.89923,0.89957,21507
1638885600,0.89957,0.90102,0.89879,0.90017,26178
1638900000,0.90017,0.9008,0.89947,0.89974,12790
1638914400,0.8996,0.90077,0.89943,0.89984,11220
1638928800,0.89984,0.90259,0.89984,0.90152,12335
1638943200,0.9015,0.90237,0.90013,0.90043,23256
1638957600,0.90042,0.9021,0.8998,0.90195,37573
1638972000,0.90196,0.90803,0.90092,0.90756,36813
1638986400,0.90759,0.90867,0.90681,0.90715,12378
1639000800,0.90658,0.9075,0.9061,0.90727,8593
1639015200,0.90728,0.9093,0.90624,0.90916,9231
1639029600,0.90917,0.90959,0.9069,0.90799,16775
1639044000,0.908,0.90805,0.90538,0.90661,20326
1639058400,0.9066,0.90825,0.90647,0.90742,26311
1639072800,0.90741,0.90924,0.90708,0.90851,16807
1639087200,0.90793,0.90871,0.90682,0.90843,11589
1639101600,0.90842,0.90914,0.90802,0.90836,9945
1639116000,0.90837,0.90984,0.90837,0.90945,18615
1639130400,0.90944,0.91134,0.90829,0.91114,19772
1639144800,0.91112,0.91224,0.9104,0.91204,29617
1639159200,0.91201,0.91285,0.91184,0.91252,8925
1639346400,0.91107,0.91244,0.91003,0.91073,9450
1639360800,0.91075,0.91255,0.91075,0.91184,6594
1639375200,0.91184,0.91194,0.90974,0.91032,14145
1639389600,0.91032,0.91193,0.90895,0.91115,20002
1639404000,0.91114,0.91259,0.9099,0.91083,34375
1639418400,0.91084,0.91419,0.91065,0.91372,12272
1639432800,0.91219,0.91376,0.91122,0.91156,8370
1639447200,0.91156,0.91174,0.90938,0.91066,9001
1639461600,0.91067,0.91376,0.91067,0.91273,17044
1639476000,0.91273,0.91405,0.91205,0.9129,21069
1639490400,0.9129,0.91519,0.91201,0.91322,28423
1639504800,0.91322,0.91423,0.91291,0.9138,12296
1639519200,0.91335,0.91422,0.91254,0.91369,8888
1639533600,0.91369,0.91474,0.91297,0.91457,7062
1639548000,0.91456,0.91793,0.91447,0.91731,13317
1639562400,0.91731,0.92069,0.91714,0.92038,18754
1639576800,0.92038,0.92081,0.91781,0.91973,31305
1639591200,0.91974,0.92141,0.91708,0.92045,55388
1639605600,0.9197,0.92238,0.91927,0.92006,15673
1639620000,0.92007,0.92048,0.91869,0.91884,13224
1639634400,0.91885,0.92132,0.91787,0.92091,22791
1639648800,0.92092,0.92318,0.91978,0.92189,30117
1639663200,0.92188,0.92224,0.91727,0.91751,36904
1639677600,0.91752,0.91863,0.917,0.9177,21872
1639692000,0.9164,0.91802,0.91596,0.9179,14610
1639706400,0.91791,0.91824,0.91612,0.91757,14233
1639720800,0.91758,0.91772,0.91557,0.91612,24306
1639735200,0.91612,0.91874,0.91575,0.91797,22513
1639749600,0.91798,0.91905,0.91617,0.91786,40601
1639764000,0.91785,0.91969,0.91774,0.9189,20261
1639951200,0.91874,0.91934,0.91718,0.9181,17004
1639965600,0.91809,0.91865,0.91647,0.91732,16483
1639980000,0.9173,0.91772,0.91576,0.91683,30346
1639994400,0.91682,0.92109,0.91676,0.92106,27255
1640008800,0.92104,0.92246,0.92039,0.92065,35656
1640023200,0.92064,0.92195,0.91971,0.92,17779
1640037600,0.91966,0.92031,0.9186,0.91993,14934
1640052000,0.91992,0.92002,0.91869,0.91963,11728
1640066400,0.91963,0.92219,0.91963,0.92211,20667
1640080800,0.92211,0.92298,0.92123,0.92182,20953
1640095200,0.92182,0.92406,0.92117,0.92384,28242
1640109600,0.92387,0.92481,0.92353,0.92363,12413
1640124000,0.92328,0.92386,0.92239,0.92273,9509
1640138400,0.92272,0.92299,0.91992,0.92036,10045
1640152800,0.92036,0.92357,0.92011,0.92328,15636
1640167200,0.92327,0.92807,0.9232,0.92802,19488
1640181600,0.92801,0.92834,0.9257,0.92794,28332
1640196000,0.92793,0.92827,0.92589,0.92605,12980
1640210400,0.92575,0.92708,0.92372,0.92612,12720
1640224800,0.92611,0.92655,0.92491,0.92629,6862
1640239200,0.92629,0.92832,0.92591,0.92806,12174
1640253600,0.92805,0.92861,0.92676,0.92766,19261
1640268000,0.92765,0.9286,0.9262,0.92825,26143
1640282400,0.92826,0.92874,0.92737,0.92737,10845
1640296800,0.92726,0.92832,0.92611,0.92717,38968
1640311200,0.92717,0.92819,0.92627,0.92762,27435
1640325600,0.92762,0.92877,0.92712,0.92767,29825
1640340000,0.92769,0.9279,0.92516,0.92676,34448
1640354400,0.92676,0.92728,0.92458,0.92536,46800
1640368800,0.92518,0.92675,0.92438,0.92504,8830
1640556000,0.92459,0.92741,0.9241,0.9268,7405
1640570400,0.92681,0.9274,0.92634,0.92643,5328
1640584800,0.92644,0.92677,0.92432,0.92505,8126
1640599200,0.92505,0.92702,0.92503,0.92693,8644
1640613600,0.92691,0.927,0.92511,0.92561,15294
1640628000,0.92562,0.92676,0.92522,0.9256,8776
1640642400,0.92479,0.92593,0.9233,0.92516,6417
1640656800,0.92515,0.92646,0.92508,0.92616,6177
1640671200,0.92618,0.92779,0.92584,0.9276,9406
1640685600,0.92759,0.92862,0.92732,0.92772,8325
1640700000,0.92776,0.92783,0.92512,0.92656,18652
1640714400,0.92658,0.92697,0.92601,0.9262,9720
1640728800,0.92619,0.92723,0.92499,0.92591,8933
1640743200,0.92593,0.92748,0.92567,0.92683,9685
1640757600,0.92684,0.92727,0.9256,0.92579,10367
1640772000,0.92578,0.92737,0.92548,0.9266,13309
1640786400,0.92661,0.93027,0.92646,0.92761,24172
1640800800,0.92761,0.92833,0.9268,0.92684,9157
1640815200,0.92749,0.92801,0.92632,0.928,9499
1640829600,0.92799,0.92847,0.92754,0.92801,7786
1640844000,0.92799,0.9297,0.92772,0.92928,14146
1640858400,0.92928,0.92957,0.92793,0.92852,17545
1640872800,0.92851,0.93034,0.92639,0.92691,21484
1640887200,0.92692,0.92692,0.92302,0.92338,10887
1640901600,0.92394,0.92471,0.92267,0.92466,9096
1640916000,0.92468,0.92484,0.92383,0.92393,8207
1640930400,0.92391,0.92558,0.92357,0.92435,11774
1640944800,0.92434,0.92497,0.92114,0.92206,14663
1640959200,0.92207,0.92207,0.91675,0.92043,30906
1640973600,0.92043,0.92075,0.91845,0.91927,9344
1641160800,0.91675,0.92029,0.91675,0.91871,6597
1641175200,0.91871,0.91948,0.91792,0.9187,8222
1641189600,0.91871,0.92043,0.91851,0.91996,11110
1641204000,0.91993,0.92031,0.91808,0.91844,13534
1641218400,0.9184,0.91902,0.91628,0.9179,26213
1641232800,0.91789,0.9181,0.91611,0.91647,10318
1641247200,0.91555,0.91824,0.91532,0.9182,9408
1641261600,0.9182,0.91876,0.91751,0.91774,7514
1641276000,0.9178,0.9194,0.91726,0.91919,12315
1641290400,0.91918,0.91944,0.91656,0.91748,16670
1641304800,0.9175,0.91991,0.91628,0.919,26094
1641319200,0.91897,0.92051,0.91897,0.91971,10409
1641333600,0.91877,0.92023,0.91785,0.9194,9243
1641348000,0.91939,0.92021,0.91894,0.9194,7382
1641362400,0.91941,0.92147,0.91903,0.92137,11140
1641376800,0.92137,0.92391,0.92119,0.92223,16228
1641391200,0.92224,0.92392,0.92197,0.92303,20616
1641405600,0.92303,0.92303,0.92074,0.92104,26438
1641420000,0.92068,0.92149,0.92013,0.92096,9055
1641434400,0.921,0.921,0.91714,0.91742,10589
1641448800,0.91741,0.91747,0.91453,0.91492,18999
1641463200,0.91486,0.91643,0.9139,0.91414,20426
1641477600,0.91413,0.91489,0.9111,0.91145,34617
1641492000,0.91143,0.91254,0.91136,0.91144,15290
1641506400,0.91123,0.91224,0.91063,0.91157,9138
1641520800,0.91156,0.91181,0.90982,0.91053,7531
1641535200,0.91053,0.91055,0.90925,0.9097,12223
1641549600,0.9097,0.91038,0.90707,0.90831,20922
1641564000,0.9083,0.91038,0.90693,0.90784,31646
1641578400,0.90784,0.9083,0.90728,0.90787,10576
1641765600,0.90647,0.90932,0.90606,0.90895,10161
1641780000,0.90895,0.90972,0.90881,0.90921,8845
1641794400,0.90921,0.91017,0.9074,0.90756,19173
1641808800,0.90759,0.90912,0.90732,0.90817,20646
1641823200,0.90817,0.91002,0.90704,0.90964,33088
1641837600,0.90964,0.91002,0.90865,0.90945,16478
1641852000,0.90812,0.91023,0.9079,0.9091,10681
1641866400,0.9091,0.91012,0.90876,0.90949,10769
1641880800,0.90951,0.90981,0.90767,0.90812,21498
1641895200,0.90813,0.90841,0.90559,0.90631,17319
1641909600,0.90633,0.90733,0.90564,0.90599,34618
1641924000,0.906,0.90739,0.90572,0.90642,12359
1641938400,0.90646,0.90698,0.90558,0.906,9310
1641952800,0.90598,0.90628,0.90524,0.90606,8021
1641967200,0.90606,0.90668,0.9043,0.90493,14419
1641981600,0.90493,0.90775,0.9037,0.90748,22194
1641996000,0.90751,0.91081,0.90727,0.9103,32229
1642010400,0.9103,0.91169,0.91018,0.91085,15400
1642024800,0.91057,0.91112,0.90985,0.91012,10616
1642039200,0.91011,0.91127,0.90986,0.91072,11146
1642053600,0.91073,0.91261,0.91033,0.91244,19147
1642068000,0.91246,0.91285,0.91006,0.91045,22341
1642082400,0.91045,0.91194,0.91009,0.91063,36005
1642096800,0.91063,0.9116,0.91015,0.91142,16916
1642111200,0.91031,0.91106,0.90972,0.90984,14660
1642125600,0.90986,0.91052,0.90946,0.91015,14617
1642140000,0.91013,0.91062,0.90734,0.90763,23007
1642154400,0.90763,0.90802,0.90578,0.90665,24364
1642168800,0.90664,0.90779,0.90483,0.90487,45077
1642183200,0.90488,0.90594,0.90439,0.90535,17570
1642370400,0.90402,0.90562,0.90298,0.90308,14849
1642384800,0.90322,0.90439,0.903,0.90351,11096
1642399200,0.90352,0.90409,0.90257,0.90277,20212
1642413600,0.90277,0.90456,0.90257,0.90368,19482
1642428000,0.90368,0.90386,0.90206,0.90265,21744
1642442400,0.90264,0.9031,0.90232,0.90247,3937
1642456800,0.90249,0.90291,0.90155,0.90248,9130
1642471200,0.90249,0.90259,0.89939,0.90023,22896
1642485600,0.90023,0.90094,0.89888,0.90036,30453
1642500000,0.90035,0.90063,0.89801,0.89902,29538
1642514400,0.899,0.9013,0.89867,0.90079,43286
1642528800,0.9008,0.90091,0.8983,0.89886,19816
1642543200,0.89838,0.89905,0.89763,0.89835,15341
1642557600,0.89835,0.89895,0.89779,0.89891,18261
1642572000,0.89893,0.90008,0.89812,0.89885,28157
1642586400,0.89887,0.9015,0.89868,0.90144,26556
1642600800,0.90145,0.9044,0.90131,0.90287,41669
1642615200,0.90287,0.90323,0.90182,0.90244,18702
1642629600,0.90145,0.90675,0.90128,0.90516,18551
1642644000,0.90516,0.9052,0.90237,0.9026,16378
1642658400,0.90259,0.90425,0.90259,0.90295,22828
1642672800,0.90295,0.90623,0.90291,0.9057,24334
1642687200,0.90568,0.90723,0.90446,0.90461,32746
1642701600,0.90459,0.90468,0.90268,0.90359,23856
1642716000,0.90291,0.90375,0.90031,0.90152,24481
1642730400,0.90148,0.90176,0.89995,0.90065,24004
1642744800,0.90066,0.90127,0.90008,0.90037,27774
1642759200,0.90038,0.90295,0.9001,0.90272,28930
1642773600,0.90271,0.90313,0.90137,0.90254,54116
1642788000,0.90256,0.90326,0.90199,0.90298,28082
1642975200,0.90201,0.90348,0.90173,0.90238,15508
1642989600,0.90238,0.9028,0.8998,0.90043,13980
1643004000,0.90041,0.90182,0.89979,0.90128,25965
1643018400,0.90131,0.90137,0.89855,0.89907,37991
1643032800,0.89906,0.90157,0.89789,0.9012,70531
1643047200,0.9012,0.90293,0.90091,0.9026,42907
1643061600,0.90145,0.90579,0.90145,0.90402,22153
1643076000,0.90402,0.90418,0.9023,0.90272,21248
1643090400,0.90271,0.90371,0.90185,0.90344,38775
1643104800,0.90343,0.90346,0.90074,0.90159,32162
1643119200,0.90157,0.90362,0.90107,0.90218,62895
1643133600,0.90224,0.90362,0.90194,0.90315,31207
1643148000,0.9024,0.90373,0.90195,0.90316,15980
1643162400,0.90316,0.9033,0.90199,0.9027,14768
1643176800,0.90269,0.90293,0.90091,0.90149,25616
1643191200,0.90152,0.90232,0.90077,0.90166,25802
1643205600,0.90167,0.90527,0.90027,0.90225,54543
1643220000,0.90226,0.90351,0.89944,0.90125,78135
1643234400,0.90075,0.90172,0.89884,0.8992,24318
1643248800,0.8992,0.90026,0.89849,0.89885,28343
1643263200,0.89883,0.89981,0.8983,0.89858,43958
1643277600,0.89857,0.89938,0.89639,0.89712,47723
1643292000,0.89712,0.89771,0.89507,0.8955,63326
1643306400,0.89548,0.89643,0.89473,0.89624,34581
1643320800,0.89515,0.89684,0.89465,0.89645,17962
1643335200,0.89648,0.8966,0.89419,0.89499,23076
1643349600,0.89501,0.89555,0.89408,0.8946,36460
1643364000,0.89459,0.8947,0.89079,0.89311,47533
1643378400,0.8931,0.89473,0.89156,0.89317,62304
1643392800,0.89317,0.89398,0.89228,0.89302,25458
1643580000,0.89214,0.89374,0.89193,0.89345,13234
1643594400,0.89345,0.89419,0.89227,0.8939,12575
1643608800,0.89389,0.89811,0.89381,0.89794,26306
1643623200,0.89795,0.90099,0.89751,0.90034,30939
1643637600,0.90034,0.90255,0.89504,0.89673,50444
1643652000,0.89673,0.89879,0.89662,0.89812,22320
1643666400,0.8974,0.89894,0.89714,0.89795,8154
1643680800,0.89795,0.89911,0.89454,0.89714,16757
1643695200,0.89715,0.89816,0.8961,0.8973,25548
1643709600,0.8973,0.90195,0.89727,0.90143,25557
1643724000,0.90143,0.90306,0.89953,0.90258,47747
1643738400,0.90259,0.90443,0.90257,0.9041,16043
1643752800,0.90375,0.90599,0.90327,0.90479,9177
1643767200,0.90477,0.90601,0.90442,0.90506,10015
1643781600,0.90507,0.906,0.90431,0.90597,21608
1643796000,0.90595,0.90737,0.90396,0.90401,23340
1643810400,0.90403,0.90559,0.9033,0.90518,37877
1643824800,0.90516,0.90551,0.90389,0.90393,13757
1643839200,0.90358,0.90414,0.90245,0.90329,11974
1643853600,0.9033,0.90384,0.90281,0.90367,12395
1643868000,0.90367,0.90548,0.90299,0.90435,19717
1643882400,0.90436,0.90568,0.90361,0.90514,36241
1643896800,0.90514,0.90779,0.9048,0.9051,53385
1643911200,0.90512,0.9055,0.90392,0.90475,18822
1643925600,0.90441,0.90578,0.90394,0.90465,11332
1643940000,0.90464,0.90625,0.90437,0.90559,11642
1643954400,0.9056,0.90568,0.90209,0.90397,27808
1643968800,0.90397,0.90401,0.89988,0.90148,36022
1643983200,0.90146,0.90337,0.90117,0.90196,50679
1643997600,0.90197,0.90324,0.90157,0.90319,16428
1644184800,0.90206,0.90337,0.90125,0.90178,15827
1644199200,0.90179,0.90267,0.90091,0.90183,14092
1644213600,0.90183,0.90399,0.90161,0.9036,25674
1644228000,0.90359,0.90417,0.90249,0.90373,23667
1644242400,0.90374,0.90481,0.90156,0.90181,35331
1644256800,0.90181,0.90281,0.90152,0.9025,13141
1644271200,0.9022,0.90468,0.89951,0.90444,11288
1644285600,0.90443,0.90495,0.90252,0.90294,12071
1644300000,0.90294,0.90507,0.90257,0.90499,24895
1644314400,0.90499,0.90578,0.90387,0.90538,24300
1644328800,0.9054,0.90695,0.90529,0.9065,31204
1644343200,0.90649,0.90809,0.90623,0.90781,13514
1644357600,0.90769,0.90922,0.90731,0.90906,9024
1644372000,0.90905,0.90983,0.90836,0.90875,9670
1644386400,0.90874,0.91015,0.90832,0.90936,18085
1644400800,0.90936,0.91171,0.90931,0.91104,17453
1644415200,0.91107,0.91261,0.91009,0.91013,25334
1644429600,0.91012,0.91065,0.9097,0.90988,10141
1644444000,0.9085,0.9101,0.90849,0.90895,10424
1644458400,0.90896,0.90951,0.9084,0.90922,10328
1644472800,0.9092,0.9113,0.9089,0.9111,17812
1644487200,0.9111,0.91251,0.9086,0.91005,26118
1644501600,0.91005,0.91656,0.90922,0.91382,53015
1644516000,0.91381,0.91458,0.91042,0.91169,38782
1644530400,0.91075,0.91197,0.90943,0.91088,15619
1644544800,0.91089,0.91091,0.90679,0.90701,16198
1644559200,0.907,0.90823,0.90607,0.90698,28185
1644573600,0.90699,0.91056,0.90633,0.90997,23736
1644588000,0.90997,0.91147,0.90916,0.90976,40433
1644602400,0.90977,0.91007,0.90705,0.90857,69016
1644789600,0.9074,0.90999,0.90719,0.90793,18279
1644804000,0.90796,0.90808,0.90603,0.90695,15688
1644818400,0.90695,0.90799,0.90565,0.90622,33797
1644832800,0.90618,0.90894,0.9059,0.90741,43502
1644847200,0.90741,0.90867,0.90601,0.90867,51751
1644861600,0.90867,0.9087,0.90601,0.90706,38318
1644876000,0.9064,0.90815,0.90639,0.90795,12480
1644890400,0.90796,0.90921,0.9056,0.90562,14929
1644904800,0.9056,0.90976,0.90545,0.9074,30530
1644919200,0.90741,0.90905,0.9068,0.90896,29908
1644933600,0.90895,0.91152,0.90827,0.91061,33831
1644948000,0.91061,0.91133,0.90934,0.90942,13269
1644962400,0.90911,0.91,0.90894,0.9092,9151
1644976800,0.90919,0.9104,0.90919,0.91019,10008
1644991200,0.91018,0.9117,0.90951,0.90976,20556
1645005600,0.90978,0.9107,0.90747,0.90832,25347
1645020000,0.90834,0.91139,0.90808,0.91096,34641
1645034400,0.91094,0.91381,0.91082,0.913,29328
1645048800,0.9129,0.91488,0.91087,0.91487,14880
1645063200,0.91486,0.91581,0.91,0.91292,36383
1645077600,0.91293,0.91615,0.91277,0.91435,35819
1645092000,0.91434,0.91629,0.91411,0.91525,29427
1645106400,0.91526,0.91635,0.91253,0.91307,47215
1645120800,0.91305,0.9138,0.91279,0.91341,17804
1645135200,0.91235,0.9145,0.9121,0.9135,17095
1645149600,0.91349,0.91494,0.91326,0.91423,14763
1645164000,0.91421,0.91613,0.9139,0.91488,22143
1645178400,0.91488,0.91628,0.91452,0.91592,28153
1645192800,0.91591,0.91617,0.9136,0.91435,51175
1645207200,0.91436,0.91627,0.91431,0.91547,20795
1645394400,0.91361,0.91702,0.91294,0.9167,20094
1645408800,0.91672,0.91868,0.91646,0.91772,17408
1645423200,0.91772,0.91932,0.9177,0.91901,21414
1645437600,0.91901,0.91916,0.91704,0.91793,27686
1645452000,0.91793,0.91959,0.91753,0.91883,35209
1645466400,0.91888,0.91896,0.91665,0.91666,9779
1645480800,0.91598,0.91812,0.91551,0.91757,22147
1645495200,0.91754,0.91941,0.91716,0.9181,22734
1645509600,0.91809,0.91914,0.91749,0.91846,37472
1645524000,0.91847,0.92065,0.91738,0.91822,33630
1645538400,0.9182,0.92086,0.91766,0.92028,36252
1645552800,0.92026,0.92207,0.91971,0.92161,31883
1645567200,0.92145,0.9232,0.92067,0.92237,14191
1645581600,0.92238,0.92279,0.92085,0.92174,13905
1645596000,0.92173,0.92359,0.92166,0.92339,20367
1645610400,0.9234,0.92396,0.92203,0.9237,21180
1645624800,0.92371,0.92406,0.92103,0.92122,37060
1645639200,0.92124,0.92201,0.92063,0.92115,21644
1645653600,0.92049,0.92075,0.91854,0.9192,21361
1645668000,0.9192,0.92068,0.91612,0.91921,55704
1645682400,0.91925,0.92095,0.91809,0.91979,54748
1645696800,0.91979,0.92124,0.91653,0.91701,52771
1645711200,0.91701,0.91827,0.91357,0.9167,66813
1645725600,0.91667,0.91905,0.91649,0.91801,49916
1645740000,0.91695,0.91884,0.915,0.91764,25431
1645754400,0.91762,0.92054,0.91727,0.91988,25662
1645768800,0.91988,0.92234,0.91948,0.9221,39101
1645783200,0.92211,0.92249,0.92032,0.92233,41284
1645797600,0.9223,0.92393,0.91903,0.91948,45597
1645812000,0.91948,0.92012,0.91806,0.91842,22507
1645999200,0.91504,0.91803,0.91364,0.91779,38485
1646013600,0.9178,0.92011,0.9174,0.91835,28100
1646028000,0.91834,0.92031,0.91831,0.91937,38916
1646042400,0.91937,0.92117,0.91891,0.92062,39179
1646056800,0.92061,0.9212,0.91768,0.92005,46744
1646071200,0.92008,0.92209,0.91997,0.92003,24361
1646085600,0.9198,0.92087,0.91921,0.92018,9973
1646100000,0.92017,0.92112,0.91909,0.92107,10674
1646114400,0.92107,0.92266,0.92078,0.92151,23077
1646128800,0.92153,0.9225,0.92062,0.92153,34462
1646143200,0.92154,0.92356,0.91993,0.92289,49297
1646157600,0.92288,0.92493,0.92277,0.92415,29311
1646172000,0.92305,0.92551,0.92305,0.92538,12913
1646186400,0.92536,0.92617,0.92424,0.92462,13006
1646200800,0.92461,0.92472,0.92144,0.9224,35104
1646215200,0.92239,0.92382,0.92182,0.9229,31426
1646229600,0.92288,0.92413,0.92022,0.92244,55204
1646244000,0.92243,0.92385,0.9214,0.92154,22815
1646258400,0.92121,0.92239,0.92108,0.92149,11961
1646272800,0.92149,0.92268,0.92068,0.92259,10888
1646287200,0.9226,0.92356,0.92019,0.9216,24475
1646301600,0.92159,0.92538,0.92139,0.92531,26347
1646316000,0.92531,0.92855,0.92458,0.92778,49733
1646330400,0.92776,0.92946,0.92756,0.9291,22650
1646344800,0.92887,0.93002,0.92761,0.9296,27129
1646359200,0.9296,0.93398,0.92953,0.93353,20309
1646373600,0.93353,0.93706,0.93265,0.93581,26197
1646388000,0.93582,0.93859,0.9353,0.93732,35045
1646402400,0.93737,0.93988,0.9345,0.93862,44573
1646416800,0.93862,0.93937,0.93792,0.93897,24777
1646604000,0.93765,0.9462,0.93711,0.94484,30260
1646618400,0.94484,0.94484,0.94122,0.94264,26932
1646632800,0.94264,0.94353,0.94054,0.94109,41590
1646647200,0.9411,0.94251,0.93892,0.93924,49307
1646661600,0.93926,0.9394,0.93466,0.93586,58284
1646676000,0.93586,0.93851,0.93561,0.93774,31498
1646690400,0.93739,0.94042,0.936,0.93978,16966
1646704800,0.93979,0.94031,0.93333,0.93408,24674
1646719200,0.93415,0.93566,0.93268,0.93549,45121
1646733600,0.93549,0.93671,0.93318,0.93411,38758
1646748000,0.93412,0.93805,0.93326,0.93768,70384
1646762400,0.93769,0.9379,0.9362,0.93693,42313
1646776800,0.93575,0.93766,0.9357,0.93666,15656
1646791200,0.93666,0.93799,0.93562,0.93725,18538
1646805600,0.93727,0.93971,0.93686,0.93936,31623
1646820000,0.93935,0.94151,0.93862,0.93968,32193
1646834400,0.93969,0.94044,0.93749,0.93822,47237
1646848800,0.93822,0.93931,0.93741,0.93757,19195
1646863200,0.93694,0.93759,0.93489,0.93594,13668
1646877600,0.93594,0.93849,0.93557,0.93834,13467
1646892000,0.93836,0.94148,0.93801,0.94039,31946
1646906400,0.94038,0.94119,0.93847,0.93935,41192
1646920800,0.93934,0.94085,0.93829,0.93992,39587
1646935200,0.93992,0.94044,0.93842,0.93935,15017
1646949600,0.93848,0.93987,0.93723,0.93837,13470
1646964000,0.93838,0.93879,0.93728,0.93836,13824
1646978400,0.93837,0.93923,0.93398,0.93411,28809
1646992800,0.93413,0.9356,0.93104,0.93156,40227
1647007200,0.93158,0.93179,0.92863,0.92961,38624
1647021600,0.92962,0.9301,0.92778,0.92984,19138
1647205200,0.92694,0.92945,0.92677,0.92702,14175
1647219600,0.92701,0.92821,0.92585,0.92673,21019
1647234000,0.92672,0.92711,0.92454,0.92499,24726
1647248400,0.925,0.92569,0.92319,0.92358,29014
1647262800,0.92358,0.92496,0.92209,0.92236,35847
1647277200,0.92237,0.92373,0.92155,0.92156,21603
1647291600,0.92165,0.92364,0.92005,0.92216,8745
1647306000,0.92217,0.92282,0.92016,0.92132,20880
1647320400,0.92133,0.92508,0.92052,0.92433,28235
1647334800,0.92436,0.92602,0.92382,0.92493,25503
1647349200,0.92494,0.92653,0.9182,0.91857,38482
1647363600,0.91855,0.91984,0.91766,0.9183,17158
1647378000,0.9177,0.91912,0.91708,0.91715,8902
1647392400,0.91716,0.91992,0.91713,0.91922,14145
1647406800,0.91922,0.92119,0.91875,0.91981,23887
1647421200,0.91981,0.92148,0.91924,0.92053,23172
1647435600,0.92054,0.9244,0.92029,0.92283,40815
1647450000,0.9228,0.92658,0.92031,0.92411,53092
1647464400,0.92366,0.92744,0.92349,0.92713,13625
1647478800,0.92714,0.92808,0.92484,0.9277,25940
1647493200,0.92769,0.92828,0.92611,0.92708,21907
1647507600,0.9271,0.93069,0.92669,0.93043,30441
1647522000,0.93044,0.93465,0.92936,0.93403,33499
1647536400,0.93402,0.93416,0.93052,0.93135,15045
1647550800,0.93116,0.93295,0.93051,0.9319,9500
1647565200,0.93192,0.93265,0.93047,0.93112,13122
1647579600,0.93111,0.9336,0.9302,0.93119,20523
1647594000,0.93119,0.93252,0.92954,0.93145,22016
1647608400,0.93146,0.93622,0.92988,0.93518,34290
1647622800,0.93516,0.93527,0.933,0.93418,14528
1647810000,0.93418,0.93469,0.93264,0.93458,8027
1647824400,0.93459,0.93518,0.93255,0.93324,11252
1647838800,0.93325,0.93377,0.93043,0.93097,15785
1647853200,0.93098,0.93338,0.93028,0.93297,19361
1647867600,0.93296,0.93481,0.93062,0.93117,36180
1647882000,0.93118,0.93186,0.93055,0.93173,21939
1647896400,0.9301,0.93206,0.92882,0.93044,7052
1647910800,0.93046,0.93142,0.92903,0.93029,15695
1647925200,0.93031,0.93495,0.92988,0.93474,20629
1647939600,0.93476,0.93647,0.93396,0.93595,24525
1647954000,0.93594,0.93799,0.93594,0.93711,30677
1647968400,0.93711,0.93951,0.9367,0.93861,14745
1647982800,0.93885,0.93968,0.93667,0.93774,10765
1647997200,0.93774,0.93961,0.93736,0.93839,17736
1648011600,0.93838,0.93909,0.93724,0.93878,18742
1648026000,0.93878,0.94181,0.93874,0.94068,23822
1648040400,0.94067,0.94175,0.93823,0.94142,31236
1648054800,0.94142,0.94325,0.94117,0.94208,16431
1648069200,0.94153,0.94221,0.94083,0.94179,8741
1648083600,0.9418,0.94236,0.93956,0.93986,14245
1648098000,0.93988,0.94178,0.93873,0.93911,17388
1648112400,0.93908,0.94179,0.93864,0.94151,24218
1648126800,0.94152,0.94213,0.94004,0.94083,36729
1648141200,0.94083,0.94267,0.94013,0.941,16611
1648155600,0.94071,0.94194,0.94021,0.94088,8964
1648170000,0.94089,0.94292,0.94077,0.94257,17384
1648184400,0.94259,0.94399,0.94055,0.94195,16595
1648198800,0.94193,0.94251,0.94059,0.94186,17358
1648213200,0.94188,0.94246,0.93789,0.93866,37620
1648227600,0.93866,0.93886,0.93745,0.9376,17511
1648414800,0.93666,0.93909,0.93591,0.9378,9718
1648429200,0.9378,0.94087,0.93723,0.93979,19180
1648443600,0.93976,0.94151,0.93812,0.94001,23811
1648458000,0.94001,0.94001,0.93697,0.93857,26828
1648472400,0.93857,0.94097,0.93655,0.93986,38509
1648486800,0.93985,0.94011,0.93752,0.93772,17816
1648501200,0.93685,0.93964,0.9363,0.9363,10931
1648515600,0.93629,0.93812,0.93582,0.93659,17482
1648530000,0.93657,0.93964,0.93573,0.93601,23526
1648544400,0.93601,0.93781,0.93396,0.93606,45308
1648558800,0.93607,0.93987,0.93517,0.93719,47082
1648573200,0.93715,0.93928,0.93646,0.93851,17615
1648587600,0.93748,0.94024,0.93735,0.93885,9588
1648602000,0.93883,0.94047,0.93758,0.9398,21238
1648616400,0.93981,0.94074,0.93692,0.93769,27333
1648630800,0.93769,0.93965,0.93633,0.93726,25910
1648645200,0.93726,0.93847,0.93434,0.9372,31309
1648659600,0.93721,0.93769,0.93656,0.9373,14011
1648674000,0.93662,0.94045,0.93576,0.93848,12895
1648688400,0.93847,0.93912,0.93646,0.93659,14617
1648702800,0.93659,0.93724,0.93428,0.93634,21850
1648717200,0.93633,0.93853,0.93595,0.93718,22618
1648731600,0.93722,0.93956,0.93537,0.93564,38083
1648746000,0.93564,0.93628,0.93398,0.93586,20061
1648760400,0.9348,0.93771,0.93443,0.93558,9132
1648774800,0.93559,0.93611,0.9341,0.93436,12894
1648789200,0.93436,0.93969,0.93416,0.93911,19521
1648803600,0.93911,0.94069,0.93755,0.93947,23166
1648818000,0.93948,0.9396,0.93627,0.93806,31548
1648832400,0.93806,0.93911,0.93725,0.9381,16716
1649019600,0.93703,0.93876,0.93645,0.93793,6621
1649034000,0.93792,0.94023,0.93785,0.93952,10706
1649048400,0.93953,0.94013,0.93825,0.93896,16985
1649062800,0.93897,0.93984,0.93799,0.93901,18618
1649077200,0.939,0.94358,0.93766,0.94223,25075
1649091600,0.94223,0.94284,0.94134,0.94191,11864
1649106000,0.94134,0.94255,0.94134,0.94168,6014
1649120400,0.9417,0.94906,0.94107,0.94831,12387
1649134800,0.94833,0.9516,0.94817,0.95133,21134
1649149200,0.95133,0.95154,0.9488,0.94925,19157
1649163600,0.94928,0.95034,0.94489,0.94638,34534
1649178000,0.94637,0.94721,0.94578,0.94609,18295
1649192400,0.945,0.94817,0.94497,0.94679,7238
1649206800,0.9468,0.94722,0.94497,0.94702,14729
1649221200,0.94701,0.94897,0.94651,0.94717,21986
1649235600,0.94719,0.94797,0.94495,0.94504,20545
1649250000,0.94505,0.94601,0.94169,0.94177,27820
1649264400,0.94179,0.9438,0.93958,0.94202,38405
1649278800,0.94104,0.94402,0.93992,0.94272,10036
1649293200,0.94273,0.943,0.93902,0.9392,14118
1649307600,0.9392,0.94036,0.93882,0.93937,20489
1649322000,0.93936,0.94043,0.93834,0.9401,20165
1649336400,0.9401,0.94213,0.93996,0.94102,33512
1649350800,0.94101,0.94189,0.94047,0.94169,19263
1649365200,0.9411,0.94216,0.94109,0.94143,7942
1649379600,0.94144,0.94189,0.94075,0.94143,13803
1649394000,0.94143,0.94228,0.93878,0.93981,21924
1649408400,0.93981,0.94084,0.93835,0.93845,16937
1649422800,0.93846,0.93931,0.93651,0.93866,31388
1649437200,0.93867,0.93918,0.93706,0.93783,15101
1649624400,0.93646,0.9385,0.93629,0.93722,8203
1649638800,0.93723,0.93845,0.93588,0.93812,16903
1649653200,0.93812,0.93846,0.93621,0.9364,24130
1649667600,0.9364,0.93818,0.93625,0.93688,20824
1649682000,0.93688,0.93763,0.93618,0.93714,29801
1649696400,0.93713,0.93792,0.93664,0.93723,15324
1649710800,0.93669,0.93799,0.93599,0.93723,8604
1649725200,0.93722,0.93941,0.9364,0.93902,15795
1649739600,0.93902,0.94136,0.93875,0.94015,24543
1649754000,0.94016,0.94181,0.93921,0.94172,24747
1649768400,0.94173,0.94458,0.94134,0.94289,38813
1649782800,0.9429,0.94325,0.94209,0.94228,19650
1649797200,0.94225,0.94285,0.94075,0.94106,7146
1649811600,0.94106,0.9433,0.93997,0.94054,14938
1649826000,0.9405,0.94082,0.93888,0.9391,21095
1649840400,0.9391,0.93982,0.93715,0.93819,21941
1649854800,0.93818,0.93847,0.9351,0.93653,36492
1649869200,0.93652,0.93669,0.93453,0.93638,16518
1649883600,0.93525,0.93775,0.9351,0.93694,8986
1649898000,0.93696,0.93773,0.93509,0.93598,14525
1649912400,0.93599,0.9366,0.93409,0.93446,18793
1649926800,0.93446,0.93561,0.93252,0.93526,26404
1649941200,0.93527,0.93615,0.93295,0.9356,34876
1649955600,0.93557,0.93596,0.93431,0.93494,11977
1649970000,0.93348,0.93549,0.93326,0.93428,15080
1649984400,0.93428,0.93435,0.93256,0.9331,22130
1649998800,0.9331,0.93387,0.93206,0.9334,33127
1650013200,0.93341,0.93378,0.93217,0.9333,20273
1650027600,0.93328,0.93402,0.93178,0.93184,9897
1650042000,0.93191,0.93228,0.93145,0.93216,12491
1650229200,0.9318,0.93354,0.93154,0.93262,8645
1650243600,0.93261,0.93336,0.92932,0.92961,12037
1650258000,0.92961,0.93124,0.92912,0.93063,12517
1650272400,0.93064,0.93146,0.92963,0.93056,13556
1650286800,0.93061,0.93131,0.92717,0.92741,23320
1650301200,0.92743,0.92801,0.92674,0.92677,15950
1650315600,0.92599,0.92799,0.92588,0.92709,9241
1650330000,0.92706,0.92784,0.92616,0.92753,15066
1650344400,0.92754,0.93027,0.92687,0.92998,24554
1650358800,0.92997,0.93041,0.92738,0.92983,20741
1650373200,0.92982,0.93181,0.92948,0.93117,32470
1650387600,0.93117,0.93165,0.93015,0.93101,15928
1650402000,0.9302,0.93316,0.92975,0.93244,10619
1650416400,0.93244,0.93431,0.93067,0.93425,23401
1650430800,0.93425,0.93492,0.93206,0.93386,23841
1650445200,0.93386,0.93398,0.92926,0.92937,23471
1650459600,0.92937,0.93136,0.92865,0.93066,30781
1650474000,0.93069,0.93119,0.93013,0.93095,17348
1650488400,0.93045,0.93136,0.92788,0.92871,11037
1650502800,0.92873,0.92935,0.92739,0.92846,15704
1650517200,0.92846,0.92934,0.92807,0.92906,25178
1650531600,0.92905,0.92976,0.92745,0.92857,19399
1650546000,0.92856,0.92874,0.92346,0.92488,31982
1650560400,0.92489,0.92835,0.92482,0.9274,25459
1650574800,0.92764,0.92788,0.92649,0.92665,11756
1650589200,0.92667,0.92763,0.92417,0.9246,21720
1650603600,0.92459,0.92605,0.92254,0.92522,29687
1650618000,0.92523,0.92648,0.92487,0.92572,23971
1650632400,0.92575,0.92592,0.92035,0.92062,37746
1650646800,0.92066,0.9215,0.91996,0.92086,21892
1650834000,0.92015,0.92183,0.91801,0.91802,14063
1650848400,0.91804,0.9182,0.91239,0.91261,26319
1650862800,0.91261,0.91619,0.91117,0.91295,42845
1650877200,0.91294,0.91616,0.91088,0.91448,40413
1650891600,0.91449,0.91519,0.91104,0.91429,49581
1650906000,0.91427,0.9148,0.9118,0.91443,30703
1650920400,0.91377,0.91575,0.9134,0.91508,13443
1650934800,0.91507,0.91855,0.91428,0.91658,23653
1650949200,0.91658,0.91743,0.91455,0.91715,31894
1650963600,0.91714,0.9192,0.91712,0.91841,28361
1650978000,0.91841,0.92038,0.91403,0.91511,41113
1650992400,0.91513,0.91566,0.91298,0.91361,24109
1651006800,0.91293,0.91521,0.91274,0.91368,11333
1651021200,0.91365,0.91844,0.91354,0.91837,25498
1651035600,0.91835,0.919,0.91659,0.91834,32532
1651050000,0.91834,0.91897,0.91378,0.91445,29864
1651064400,0.91444,0.91647,0.91263,0.91486,46786
1651078800,0.91488,0.91522,0.91274,0.9133,29381
1651093200,0.91258,0.91363,0.91208,0.9127,10656
1651107600,0.9127,0.91307,0.90992,0.91085,21746
1651122000,0.91085,0.91666,0.90909,0.9145,37856
1651136400,0.91449,0.91505,0.90966,0.91047,35954
1651150800,0.91048,0.91157,0.90709,0.90924,45820
1651165200,0.90923,0.91014,0.90813,0.90891,22201
1651179600,0.90752,0.91224,0.90747,0.91071,9508
1651194000,0.9107,0.91176,0.90947,0.9116,19168
1651208400,0.91158,0.9132,0.90981,0.91112,29606
1651222800,0.91113,0.91422,0.91041,0.91183,27632
1651237200,0.91183,0.91293,0.90741,0.90789,46147
1651251600,0.90789,0.90982,0.90699,0.90753,26529
1651438800,0.90755,0.90983,0.90662,0.90792,17326
1651453200,0.90792,0.90816,0.90515,0.90539,20522
1651467600,0.90538,0.9089,0.90486,0.90887,30774
1651482000,0.90891,0.91056,0.90835,0.90904,24942
1651496400,0.90903,0.91132,0.90726,0.90818,50474
1651510800,0.90819,0.90876,0.90764,0.90808,28843
1651525200,0.90721,0.91076,0.90705,0.91061,10296
1651539600,0.91062,0.91749,0.91028,0.91351,22517
1651554000,0.91351,0.916,0.91169,0.91385,38850
1651568400,0.91383,0.91604,0.91252,0.9144,28156
1651582800,0.91441,0.91451,0.91065,0.91153,39926
1651597200,0.91155,0.912,0.90993,0.9109,26824
1651611600,0.91045,0.91193,0.91004,0.91082,8217
1651626000,0.91083,0.91268,0.91008,0.91197,14965
1651640400,0.91197,0.91344,0.91119,0.91198,23078
1651654800,0.91197,0.91534,0.91138,0.9153,18921
1651669200,0.91531,0.91679,0.91421,0.91604,32037
1651683600,0.91605,0.92552,0.91523,0.9241,76841
1651698000,0.92385,0.92518,0.92219,0.92219,13372
1651712400,0.92221,0.9244,0.91992,0.92062,25342
1651726800,0.92063,0.92224,0.91903,0.92067,34678
1651741200,0.92067,0.92099,0.91657,0.91728,34775
1651755600,0.91729,0.9173,0.90944,0.90992,62206
1651770000,0.90992,0.91326,0.90988,0.91295,43788
1651784400,0.91192,0.91423,0.91083,0.91418,14277
1651798800,0.91419,0.91436,0.91046,0.91263,30739
1651813200,0.91263,0.91264,0.90838,0.9104,41925
1651827600,0.9104,0.91472,0.90913,0.91064,41834
1651842000,0.91065,0.91542,0.90968,0.91468,78085
1651856400,0.91467,0.91473,0.91193,0.91243,39090
1652043600,0.91095,0.91263,0.90736,0.90744,20239
1652058000,0.9074,0.90865,0.90656,0.90725,30107
1652072400,0.90724,0.90769,0.90473,0.90535,41462
1652086800,0.90535,0.90795,0.90413,0.90688,42172
1652101200,0.90689,0.908,0.90446,0.90641,67817
1652115600,0.90638,0.90706,0.90307,0.90405,40939
1652130000,0.90382,0.90569,0.90092,0.9015,19036
1652144400,0.90146,0.90613,0.90082,0.9058,33806
1652158800,0.90581,0.90755,0.90327,0.90497,38553
1652173200,0.90496,0.90621,0.9032,0.90421,33814
1652187600,0.90419,0.90555,0.90151,0.90314,69799
1652202000,0.90316,0.90515,0.90232,0.90395,42903
1652216400,0.90329,0.90485,0.90294,0.90446,10777
1652230800,0.90445,0.90569,0.90347,0.90554,21459
1652245200,0.90555,0.90863,0.90456,0.9082,32574
1652259600,0.9082,0.9099,0.9033,0.90361,41302
1652274000,0.9036,0.91168,0.90198,0.90243,83291
1652288400,0.90245,0.90295,0.9008,0.90102,47526
1652302800,0.90046,0.90176,0.89876,0.90114,17641
1652317200,0.90114,0.9024,0.89684,0.89704,31362
1652331600,0.89703,0.89857,0.89492,0.89525,56092
1652346000,0.89524,0.89747,0.8936,0.89451,49287
1652360400,0.89455,0.89629,0.89219,0.89472,81100
1652374800,0.89471,0.89486,0.89264,0.89392,47600
1652389200,0.89347,0.8958,0.89347,0.89538,14138
1652403600,0.89537,0.89648,0.89375,0.89499,28909
1652418000,0.89496,0.89752,0.89483,0.89584,39177
1652432400,0.89585,0.89675,0.89391,0.8962,29248
1652446800,0.89619,0.8962,0.8932,0.89525,47920
1652461200,0.89524,0.89589,0.89433,0.8957,27787
1652648400,0.89384,0.89711,0.89377,0.89661,17220
1652662800,0.89663,0.89758,0.89186,0.89321,36480
1652677200,0.89322,0.89453,0.89225,0.89386,39902
1652691600,0.89386,0.89669,0.8926,0.89577,29152
1652706000,0.89578,0.89631,0.89323,0.89455,53066
1652720400,0.8945,0.89637,0.89435,0.89523,25875
1652734800,0.8949,0.8968,0.89464,0.89572,12242
1652749200,0.89571,0.89896,0.89563,0.89847,22957
1652763600,0.89848,0.90135,0.89778,0.90116,32021
1652778000,0.90115,0.90273,0.90061,0.90257,32986
1652792400,0.90255,0.90256,0.89898,0.89991,41747
1652806800,0.89992,0.9018,0.89848,0.90043,40741
1652821200,0.89987,0.90187,0.89945,0.90084,9547
1652835600,0.90085,0.90186,0.89803,0.89927,23760
1652850000,0.89927,0.90144,0.89851,0.90001,31414
1652864400,0.90001,0.90116,0.89907,0.89972,24403
1652878800,0.89975,0.90014,0.89665,0.89817,46160
1652893200,0.89818,0.89819,0.89566,0.89635,31487
1652907600,0.8961,0.89835,0.89562,0.89596,20601
1652922000,0.89595,0.90038,0.89486,0.89909,32834
1652936400,0.89912,0.89968,0.89468,0.89646,45071
1652950800,0.89646,0.89915,0.89592,0.89892,42337
1652965200,0.89892,0.90529,0.89869,0.90516,75083
1652979600,0.90516,0.90523,0.9029,0.90355,41695
1652994000,0.90365,0.9039,0.90056,0.90097,14268
1653008400,0.90098,0.90196,0.89867,0.90034,25723
1653022800,0.90035,0.9044,0.90025,0.90393,36652
1653037200,0.90392,0.90402,0.9023,0.90246,26162
1653051600,0.90247,0.90431,0.9011,0.90124,54003
1653066000,0.90124,0.9045,0.90078,0.90419,38787
1653253200,0.90472,0.90786,0.9034,0.90752,17074
1653267600,0.90753,0.90815,0.90674,0.90749,23092
1653282000,0.9075,0.91097,0.90722,0.90916,38373
1653296400,0.90915,0.9105,0.90841,0.90876,30180
1653310800,0.90876,0.90997,0.90707,0.90857,47034
1653325200,0.90859,0.90886,0.90716,0.90758,20365
1653339600,0.9071,0.90767,0.90539,0.90569,15394
1653354000,0.9057,0.90745,0.90487,0.90687,19022
1653368400,0.90688,0.90822,0.90455,0.90471,36102
1653382800,0.9047,0.90587,0.90417,0.90512,27549
1653397200,0.90513,0.91041,0.90489,0.91009,57462
1653411600,0.9101,0.91126,0.90888,0.91094,32240
1653426000,0.90971,0.91236,0.90877,0.90967,12060
1653440400,0.90968,0.91231,0.90849,0.91201,27856
1653454800,0.91202,0.91269,0.90868,0.90927,33174
1653469200,0.90927,0.9093,0.90599,0.90657,33702
1653483600,0.90656,0.90805,0.90566,0.90653,47505
1653498000,0.90652,0.90903,0.90615,0.90836,39439
1653512400,0.90796,0.91031,0.90707,0.90992,14206
1653526800,0.90993,0.91018,0.90744,0.90771,25799
1653541200,0.90772,0.90951,0.90666,0.90839,31943
1653555600,0.9084,0.91032,0.90688,0.90714,30627
1653570000,0.90714,0.90846,0.90391,0.90615,43257
1653584400,0.90615,0.90663,0.9055,0.9064,19181
1653598800,0.90625,0.90775,0.9055,0.90654,11168
1653613200,0.90653,0.91092,0.90632,0.91051,25000
1653627600,0.9105,0.91087,0.90892,0.90986,27313
1653642000,0.90987,0.91108,0.90895,0.90983,27135
1653656400,0.90985,0.91299,0.90946,0.91042,35557
1653670800,0.91041,0.91105,0.90995,0.9105,14236
1653858000,0.91069,0.9115,0.90961,0.91075,11750
1653872400,0.91077,0.91307,0.91066,0.91185,21370
1653886800,0.91184,0.91287,0.91076,0.91221,29792
1653901200,0.9122,0.91257,0.90955,0.90972,23058
1653915600,0.90973,0.91127,0.90918,0.91069,24376
1653930000,0.91066,0.91142,0.91053,0.91062,6906
1653944400,0.9105,0.91151,0.90907,0.90943,14559
1653958800,0.90942,0.91101,0.9084,0.91078,28761
1653973200,0.91076,0.91174,0.90921,0.91087,32105
1653987600,0.91088,0.91126,0.90653,0.90658,29350
1654002000,0.90658,0.90881,0.90499,0.90782,50375
1654016400,0.90781,0.90915,0.90683,0.9079,26231
1654030800,0.90718,0.90936,0.90585,0.90932,9724
1654045200,0.90931,0.90933,0.90694,0.90803,25845
1654059600,0.90803,0.9095,0.90764,0.90877,29142
1654074000,0.90875,0.91165,0.90858,0.91133,24496
1654088400,0.91134,0.91214,0.90617,0.90721,53203
1654102800,0.9072,0.90881,0.90702,0.908,29529
1654117200,0.9076,0.90891,0.90725,0.90847,12241
1654131600,0.90847,0.90863,0.90737,0.90771,21405
1654146000,0.9077,0.91019,0.90587,0.90992,25756
1654160400,0.90993,0.91377,0.90976,0.91314,24327
1654174800,0.91314,0.91343,0.91095,0.91249,48358
1654189200,0.91247,0.914,0.91187,0.91307,19601
1654203600,0.91312,0.91467,0.91291,0.9134,10790
1654218000,0.9134,0.91344,0.91182,0.91217,18326
1654232400,0.91217,0.91263,0.91124,0.91211,20232
1654246800,0.91211,0.91216,0.90834,0.9089,29286
1654261200,0.90891,0.90961,0.90677,0.90774,45805
1654275600,0.90771,0.90803,0.9071,0.90769,19157
1654462800,0.90801,0.90816,0.90623,0.90644,11468
1654477200,0.90643,0.90685,0.90478,0.90577,18176
1654491600,0.90576,0.90809,0.90535,0.90802,25311
1654506000,0.90805,0.90825,0.90621,0.90657,18543
1654520400,0.90656,0.90679,0.90427,0.90535,38004
1654534800,0.90535,0.90554,0.90404,0.90488,18947
1654549200,0.90437,0.9051,0.90339,0.90407,14080
1654563600,0.90407,0.91074,0.90228,0.90567,31254
1654578000,0.9057,0.90739,0.90358,0.90489,37942
1654592400,0.9049,0.90594,0.90231,0.90267,30296
1654606800,0.90266,0.90601,0.90213,0.90528,40450
1654621200,0.90528,0.90684,0.90498,0.90605,17688
1654635600,0.90585,0.90646,0.90509,0.90557,11524
1654650000,0.90556,0.90622,0.90296,0.90297,23815
1654664400,0.90296,0.90383,0.90097,0.90151,31406
1654678800,0.9015,0.90363,0.90098,0.90333,29868
1654693200,0.90334,0.90525,0.90288,0.90316,41194
1654707600,0.90318,0.90388,0.9026,0.90281,21625
1654722000,0.90222,0.90328,0.90121,0.902,9499
1654736400,0.90202,0.9024,0.90019,0.90186,21001
1654750800,0.90184,0.90377,0.90113,0.90323,27190
1654765200,0.90324,0.90326,0.89975,0.90048,38420
1654779600,0.90048,0.90215,0.89838,0.90122,54756
1654794000,0.90121,0.90264,0.90086,0.90119,21968
1654808400,0.90097,0.90191,0.90044,0.90145,11398
1654822800,0.90145,0.90228,0.90073,0.90171,21416
1654837200,0.90169,0.90704,0.90167,0.90699,37663
1654851600,0.907,0.90881,0.90254,0.90339,43193
1654866000,0.90339,0.90523,0.90023,0.9004,64866
1654880400,0.9004,0.90109,0.89971,0.90025,28959
1655067600,0.89845,0.90042,0.89738,0.8975,19499
1655082000,0.8975,0.90037,0.89699,0.89968,33468
1655096400,0.89967,0.90095,0.89719,0.8974,51079
1655110800,0.89739,0.89753,0.89481,0.89636,47816
1655125200,0.89637,0.8972,0.89093,0.89226,62539
1655139600,0.89227,0.89368,0.8909,0.89339,57049
1655154000,0.89217,0.89565,0.89172,0.89505,16861
1655168400,0.89506,0.89715,0.89378,0.8952,38822
1655182800,0.89518,0.89733,0.89448,0.89499,49003
1655197200,0.89498,0.89588,0.89022,0.89261,53859
1655211600,0.89255,0.89295,0.88834,0.88984,73387
1655226000,0.8898,0.89152,0.88841,0.89034,43138
1655240400,0.88843,0.89352,0.8884,0.89347,20274
1655254800,0.89347,0.89516,0.8932,0.89458,30524
1655269200,0.89458,0.89802,0.8938,0.89752,52419
1655283600,0.89753,0.89853,0.89633,0.89756,46967
1655298000,0.89757,0.9018,0.89701,0.90117,51028
1655312400,0.90117,0.90561,0.89871,0.90279,87355
1655326800,0.90227,0.90491,0.90158,0.90307,20505
1655341200,0.90307,0.90505,0.90239,0.90376,32415
1655355600,0.90375,0.90413,0.90055,0.90283,49839
1655370000,0.90281,0.9033,0.89961,0.9017,54910
1655384400,0.90178,0.90907,0.9004,0.90832,68465
1655398800,0.90833,0.91313,0.90771,0.91214,42452
1655413200,0.91219,0.91288,0.90983,0.91003,22006
1655427600,0.91001,0.91092,0.90838,0.9087,41358
1655442000,0.90871,0.90981,0.90509,0.90696,45895
1655456400,0.90694,0.90841,0.90562,0.90782,41777
1655470800,0.9078,0.90805,0.90176,0.90381,71805
1655485200,0.9038,0.90501,0.90279,0.90352,36014
1655672400,0.90012,0.9044,0.90012,0.90358,18607
1655686800,0.90355,0.90569,0.90212,0.90502,34615
1655701200,0.90505,0.90784,0.90454,0.90752,37745
1655715600,0.90751,0.9088,0.90688,0.90722,27087
1655730000,0.90721,0.90738,0.9043,0.90448,30023
1655744400,0.90448,0.90453,0.9021,0.90254,7653
1655758800,0.9019,0.90549,0.90144,0.90371,17244
1655773200,0.90371,0.90454,0.90171,0.90197,25481
1655787600,0.90198,0.90223,0.89957,0.9009,36232
1655802000,0.90092,0.90114,0.89881,0.89974,33424
1655816400,0.89976,0.90368,0.89974,0.9014,45255
1655830800,0.90139,0.90188,0.9,0.90054,21899
1655845200,0.89985,0.90083,0.89852,0.89909,15552
1655859600,0.89907,0.89956,0.89724,0.89812,28094
1655874000,0.89811,0.89816,0.89383,0.89413,41355
1655888400,0.89414,0.89656,0.89389,0.89493,38117
1655902800,0.89493,0.89845,0.89455,0.89729,61539
1655917200,0.89726,0.89759,0.89603,0.89669,25217
1655931600,0.89627,0.89693,0.89406,0.89489,13586
1655946000,0.89489,0.89599,0.89278,0.89319,32540
1655960400,0.89319,0.89447,0.892,0.89281,42753
1655974800,0.89281,0.89563,0.89257,0.8954,35194
1655989200,0.89539,0.89686,0.8938,0.89476,63255
1656003600,0.89476,0.89699,0.89416,0.89572,27451
1656018000,0.89455,0.89701,0.89369,0.89652,14698
1656032400,0.89649,0.89772,0.89556,0.89737,24660
1656046800,0.89739,0.89772,0.89445,0.89549,35281
1656061200,0.89549,0.89731,0.89508,0.89675,29805
1656075600,0.89675,0.89802,0.89495,0.89744,58719
1656090000,0.89747,0.89775,0.89491,0.89496,22269
1656277200,0.89405,0.89676,0.89209,0.89256,17829
1656291600,0.89257,0.89348,0.89017,0.89206,31387
1656306000,0.89206,0.8936,0.89169,0.89321,37339
1656320400,0.89323,0.89413,0.89168,0.89314,31464
1656334800,0.89319,0.89558,0.89245,0.89246,48499
1656349200,0.89246,0.89253,0.89082,0.89138,25260
1656363600,0.89162,0.89165,0.89033,0.89108,12258
1656378000,0.89109,0.89197,0.89004,0.89108,31357
1656392400,0.89108,0.89373,0.8903,0.89241,40007
1656406800,0.8924,0.89264,0.89042,0.89077,36704
1656421200,0.89076,0.89209,0.89032,0.8904,56789
1656435600,0.89039,0.89065,0.88879,0.88914,27007
1656450000,0.88775,0.89021,0.88775,0.88857,16442
1656464400,0.88855,0.88999,0.88804,0.88883,31178
1656478800,0.88884,0.88915,0.88502,0.88539,43237
1656493200,0.88539,0.88629,0.88439,0.8854,39353
1656507600,0.88541,0.88686,0.88456,0.88551,66210
1656522000,0.88552,0.88751,0.88551,0.88711,24141
1656536400,0.88655,0.88731,0.88544,0.88593,15505
1656550800,0.88592,0.88906,0.88456,0.8886,30680
1656565200,0.88862,0.89001,0.8874,0.88935,44995
1656579600,0.88934,0.89014,0.88782,0.88945,39410
1656594000,0.88947,0.89171,0.88658,0.88966,63628
1656608400,0.88965,0.88973,0.88811,0.88876,36218
1656622800,0.88812,0.88872,0.88708,0.88736,16558
1656637200,0.88735,0.88753,0.88037,0.88166,41245
1656651600,0.88163,0.88322,0.87834,0.87935,44633
1656666000,0.87936,0.88001,0.87618,0.87665,39889
1656680400,0.87666,0.87895,0.87456,0.87634,69398
1656694800,0.87631,0.87999,0.87626,0.87799,22013
1656882000,0.87673,0.87923,0.8763,0.87836,16950
1656896400,0.87836,0.87863,0.87654,0.8786,29795
1656910800,0.87859,0.88283,0.87855,0.88171,29265
1656925200,0.88169,0.88456,0.88155,0.88402,24892
1656939600,0.88402,0.88441,0.88233,0.88368,26906
1656954000,0.88368,0.8837,0.88188,0.88279,9484
1656968400,0.88257,0.88514,0.88101,0.8847,17049
1656982800,0.88468,0.88589,0.88148,0.88219,36423
1656997200,0.88215,0.88339,0.8764,0.87784,42747
1657011600,0.87781,0.88184,0.87704,0.88164,46173
1657026000,0.8816,0.8857,0.88101,0.88423,65551
1657040400,0.88422,0.88614,0.88378,0.88559,31710
1657054800,0.88537,0.88637,0.8847,0.88635,16189
1657069200,0.88635,0.88855,0.88565,0.88568,37072
1657083600,0.88568,0.88787,0.88497,0.88617,48001
1657098000,0.88617,0.88803,0.88543,0.88755,43758
1657112400,0.88754,0.88853,0.88347,0.88487,72235
1657126800,0.8849,0.88619,0.88341,0.8836,42596
1657141200,0.88323,0.88478,0.88247,0.88441,14904
1657155600,0.88446,0.88773,0.88419,0.88741,34352
1657170000,0.8874,0.88847,0.88595,0.88818,41246
1657184400,0.88819,0.88977,0.88636,0.88676,36119
1657198800,0.88675,0.88852,0.88611,0.88763,43051
1657213200,0.88765,0.88893,0.88679,0.88679,17204
1657227600,0.88627,0.88884,0.88619,0.88864,15612
1657242000,0.88862,0.8891,0.88667,0.88684,36570
1657256400,0.88683,0.88781,0.88564,0.88704,38603
1657270800,0.88704,0.88795,0.88488,0.88602,43495
1657285200,0.88602,0.89019,0.88584,0.88671,59978
1657299600,0.8867,0.88788,0.8864,0.88645,20798
1657486800,0.88589,0.88747,0.88441,0.88571,17883
1657501200,0.88573,0.88612,0.88454,0.88498,31023
1657515600,0.88496,0.88525,0.88367,0.88434,32765
1657530000,0.88437,0.88453,0.87766,0.8778,33590
1657544400,0.87783,0.87816,0.87486,0.87561,56723
1657558800,0.8756,0.87636,0.87514,0.87584,24298
1657573200,0.87542,0.87641,0.87467,0.87574,15213
1657587600,0.87573,0.87728,0.8746,0.87578,44191
1657602000,0.87578,0.87716,0.87526,0.87591,42675
1657616400,0.87587,0.87944,0.87547,0.87931,40331
1657630800,0.87931,0.88096,0.87847,0.87999,53177
1657645200,0.87999,0.88043,0.87921,0.87989,20730
1657659600,0.8783,0.88,0.87814,0.87929,16288
1657674000,0.87926,0.88142,0.87919,0.8813,31889
1657688400,0.88131,0.88307,0.87967,0.88239,40665
1657702800,0.88239,0.88371,0.8773,0.87864,43913
1657717200,0.87868,0.88095,0.87348,0.87853,86126
1657731600,0.87856,0.87957,0.87639,0.87699,34164
1657746000,0.87527,0.87737,0.87514,0.87602,18394
1657760400,0.87605,0.88028,0.87534,0.87884,33540
1657774800,0.87883,0.8823,0.87694,0.88009,50683
1657789200,0.88008,0.88466,0.88008,0.88323,49744
1657803600,0.88324,0.88428,0.88099,0.88245,83147
1657818000,0.88247,0.88574,0.88217,0.88504,34208
1657832400,0.88477,0.88618,0.88407,0.88461,16336
1657846800,0.88461,0.88589,0.88336,0.88347,36071
1657861200,0.88346,0.88387,0.88179,0.88319,41702
1657875600,0.88321,0.88485,0.88198,0.8846,42297
1657890000,0.88463,0.88603,0.88268,0.88485,66387
1657904400,0.88484,0.8857,0.88414,0.88472,15043
1658091600,0.88243,0.88647,0.88243,0.88576,14985
1658106000,0.88575,0.88637,0.88395,0.88453,29480
1658120400,0.88454,0.88755,0.88301,0.88714,38604
1658134800,0.88714,0.8874,0.88464,0.88504,32145
1658149200,0.88507,0.88596,0.88256,0.88457,47004
1658163600,0.88458,0.88511,0.88336,0.88459,24642
1658178000,0.88267,0.88445,0.88267,0.88373,13236
1658192400,0.88374,0.88792,0.88336,0.88713,27415
1658206800,0.88712,0.89318,0.88675,0.89288,41058
1658221200,0.89287,0.89335,0.89169,0.89236,35868
1658235600,0.89237,0.89303,0.88912,0.88976,50138
1658250000,0.88972,0.89018,0.88771,0.88784,18935
1658264400,0.88742,0.889,0.88737,0.88841,14566
1658278800,0.88841,0.89055,0.88733,0.89037,24376
1658293200,0.89037,0.89047,0.8881,0.88865,36699
1658307600,0.88869,0.8909,0.88814,0.88954,40277
1658322000,0.8895,0.89073,0.88638,0.88641,49879
1658336400,0.88641,0.88752,0.88628,0.88721,27886
1658350800,0.88672,0.88806,0.88672,0.88731,13167
1658365200,0.88731,0.88945,0.8864,0.88934,28380
1658379600,0.88935,0.8896,0.88594,0.88641,36085
1658394000,0.88643,0.89058,0.88615,0.89027,44832
1658408400,0.89026,0.89134,0.88763,0.88827,67805
1658422800,0.88825,0.89247,0.88791,0.89231,22746
1658437200,0.89152,0.89272,0.89095,0.8911,13678
1658451600,0.8911,0.89223,0.88956,0.88963,29519
1658466000,0.88961,0.89129,0.88867,0.89035,37498
1658480400,0.89033,0.89344,0.8897,0.89265,34785
1658494800,0.89264,0.89515,0.89238,0.8944,61825
1658509200,0.89437,0.895,0.89267,0.89425,27840
1658696400,0.89434,0.89453,0.89005,0.89108,16467
1658710800,0.89111,0.89393,0.89102,0.89326,29999
1658725200,0.89326,0.89522,0.89255,0.89465,35492
1658739600,0.89464,0.89554,0.89397,0.89408,33144
1658754000,0.89408,0.89515,0.89295,0.89447,48101
1658768400,0.89447,0.89457,0.89315,0.89365,16861
1658782800,0.89292,0.89408,0.89273,0.89351,9562
1658797200,0.8935,0.89592,0.89324,0.8936,19592
1658811600,0.8936,0.89405,0.89224,0.89261,27649
1658826000,0.89266,0.89404,0.89173,0.89262,35303
1658840400,0.89262,0.89644,0.89228,0.8942,49009
1658854800,0.8942,0.89463,0.8933,0.89379,20986
1658869200,0.89399,0.89512,0.89294,0.8941,11226
1658883600,0.89408,0.89467,0.89006,0.89194,24187
1658898000,0.89194,0.89259,0.89079,0.89218,28171
1658912400,0.89219,0.89375,0.89205,0.8927,27857
1658926800,0.89271,0.89372,0.89084,0.89238,38641
1658941200,0.89237,0.89828,0.89206,0.89679,57804
1658955600,0.89637,0.89721,0.89593,0.89614,12004
1658970000,0.89615,0.89753,0.89536,0.8964,30953
1658984400,0.89641,0.89765,0.89544,0.8964,36200
1658998800,0.89638,0.89663,0.89293,0.89579,48093
1659013200,0.89579,0.89679,0.89367,0.89381,62680
1659027600,0.89384,0.89572,0.89349,0.89505,21212
1659042000,0.89402,0.89678,0.89402,0.89616,13413
1659056400,0.89617,0.89816,0.8958,0.89695,25961
1659070800,0.89695,0.89941,0.89625,0.89675,39993
1659085200,0.89675,0.89725,0.89214,0.89245,41351
1659099600,0.89246,0.89488,0.88809,0.89398,61904
1659114000,0.89398,0.89641,0.89375,0.89495,19056
1659301200,0.89352,0.89485,0.89309,0.89437,16405
1659315600,0.89437,0.89594,0.89387,0.89483,23534
1659330000,0.89484,0.89943,0.89433,0.89836,27836
1659344400,0.89836,0.90007,0.89764,0.89848,31502
1659358800,0.89849,0.90285,0.89764,0.90185,54496
1659373200,0.90186,0.90249,0.90102,0.90189,21083
1659387600,0.90092,0.903,0.9009,0.90162,16157
1659402000,0.90161,0.9019,0.8957,0.89627,39956
1659416400,0.89626,0.89671,0.88988,0.88998,45126
1659430800,0.88996,0.89228,0.88969,0.89115,33832
1659445200,0.89117,0.89484,0.89053,0.89211,70646
1659459600,0.89207,0.89222,0.88986,0.89104,29660
1659474000,0.89077,0.89168,0.88771,0.8882,18531
1659488400,0.8882,0.89176,0.88786,0.89089,33540
1659502800,0.89089,0.8925,0.89031,0.89108,36129
1659517200,0.89108,0.89228,0.89009,0.89055,35835
1659531600,0.89054,0.89276,0.88846,0.89199,56205
1659546000,0.89198,0.89291,0.89122,0.8923,20118
1659560400,0.89222,0.89275,0.89153,0.89222,13819
1659574800,0.89222,0.89405,0.89219,0.89376,26282
1659589200,0.89376,0.89598,0.89327,0.89584,31370
1659603600,0.89583,0.89645,0.89381,0.89403,35801
1659618000,0.894,0.89678,0.89365,0.89638,51922
1659632400,0.8964,0.89711,0.89608,0.89638,20019
1659646800,0.89597,0.89678,0.89467,0.89513,12334
1659661200,0.89512,0.89732,0.89511,0.89624,22038
1659675600,0.89623,0.89756,0.89515,0.89545,28486
1659690000,0.89546,0.8962,0.89183,0.89258,36134
1659704400,0.89258,0.89447,0.89146,0.89362,57293
1659718800,0.89362,0.89449,0.89309,0.89385,21876
1659906000,0.89285,0.89444,0.89269,0.89439,14342
1659920400,0.8944,0.89662,0.89417,0.8966,19763
1659934800,0.89661,0.89868,0.89535,0.89835,26635
1659949200,0.89835,0.90045,0.89785,0.89858,23278
1659963600,0.8986,0.90027,0.89767,0.89774,34908
1659978000,0.89774,0.89843,0.89739,0.89791,21473
1659992400,0.89627,0.89894,0.89606,0.89755,10884
1660006800,0.89758,0.89879,0.89688,0.89715,21051
1660021200,0.89715,0.89818,0.8961,0.89747,24180
1660035600,0.89747,0.89842,0.89598,0.89717,26795
1660050000,0.89718,0.8991,0.89693,0.89786,39462
1660064400,0.89786,0.89809,0.89644,0.89705,13751
1660078800,0.89684,0.89749,0.89537,0.89617,9838
1660093200,0.89617,0.89738,0.89608,0.89648,18197
1660107600,0.89648,0.8979,0.89574,0.89745,20201
1660122000,0.89748,0.90639,0.89713,0.90492,35856
1660136400,0.90493,0.90755,0.90401,0.90621,59313
1660150800,0.90621,0.90728,0.90414,0.90464,22229
1660165200,0.90383,0.90532,0.90326,0.90433,12243
1660179600,0.90432,0.90478,0.90322,0.90384,20068
1660194000,0.90384,0.9069,0.90366,0.90669,29775
1660208400,0.90668,0.90945,0.90555,0.90897,35352
1660222800,0.90898,0.90954,0.90646,0.90662,51943
1660237200,0.90665,0.90736,0.90592,0.9069,23563
1660251600,0.90657,0.90728,0.90545,0.90566,11425
1660266000,0.9057,0.90796,0.90515,0.90781,20598
1660280400,0.9078,0.90825,0.90691,0.90806,26029
1660294800,0.90804,0.90809,0.90534,0.9074,30474
1660309200,0.90737,0.9093,0.90706,0.90893,49487
1660323600,0.90893,0.91064,0.90893,0.90953,12814
1660510800,0.90835,0.9103,0.90786,0.90958,10319
1660525200,0.90955,0.91016,0.90731,0.9074,20568
1660539600,0.90738,0.90811,0.90595,0.90664,28464
1660554000,0.90666,0.90888,0.90547,0.90701,38665
1660568400,0.90701,0.90893,0.9066,0.90729,37774
1660582800,0.9073,0.90751,0.90561,0.90599,15221
1660597200,0.90556,0.90628,0.9044,0.90498,11950
1660611600,0.90498,0.9076,0.90491,0.90678,21428
1660626000,0.90679,0.90748,0.9037,0.90441,32277
1660640400,0.90441,0.90448,0.90206,0.90238,35562
1660654800,0.90239,0.90387,0.90167,0.90186,43205
1660669200,0.90186,0.90262,0.90142,0.90202,17383
1660683600,0.90132,0.90241,0.90076,0.90137,11774
1660698000,0.90136,0.90218,0.89842,0.90032,27887
1660712400,0.90033,0.90111,0.89707,0.89725,33536
1660726800,0.89726,0.89764,0.89369,0.89505,39009
1660741200,0.89504,0.89622,0.89315,0.89451,47078
1660755600,0.89452,0.8966,0.89384,0.89579,33753
1660770000,0.89432,0.89687,0.89397,0.89685,12660
1660784400,0.89682,0.89763,0.8942,0.89527,23100
1660798800,0.89528,0.89668,0.89309,0.89551,38285
1660813200,0.89552,0.89808,0.89538,0.89679,41259
1660827600,0.8968,0.8981,0.89546,0.89574,45908
1660842000,0.89572,0.89618,0.89483,0.89524,22737
1660856400,0.89486,0.89556,0.89404,0.89431,11316
1660870800,0.89438,0.896,0.89297,0.89544,21629
1660885200,0.89544,0.89702,0.8949,0.89648,33873
1660899600,0.89648,0.89713,0.89407,0.89627,34117
1660914000,0.89627,0.89627,0.89212,0.89272,40628
1660928400,0.89271,0.89395,0.89223,0.89279,16258
1661115600,0.89161,0.89494,0.89142,0.89412,13480
1661130000,0.89407,0.89686,0.89389,0.89619,23602
1661144400,0.89619,0.89796,0.89552,0.89775,35825
1661158800,0.89775,0.89882,0.89597,0.8971,36201
1661173200,0.8971,0.89897,0.89492,0.89713,43526
1661187600,0.89713,0.8979,0.89653,0.89769,16525
1661202000,0.89732,0.89923,0.89667,0.89882,16090
1661216400,0.89882,0.89963,0.89777,0.89777,22552
1661230800,0.89774,0.89791,0.89471,0.89612,40305
1661245200,0.8961,0.89617,0.89441,0.89528,31980
1661259600,0.89531,0.90094,0.89504,0.89875,58695
1661274000,0.89875,0.89908,0.89685,0.8977,20094
1661288400,0.89777,0.898,0.89599,0.89675,13402
1661302800,0.89676,0.89721,0.89495,0.89677,25362
1661317200,0.89678,0.89821,0.89558,0.89729,30121
1661331600,0.89729,0.8979,0.89544,0.89609,36594
1661346000,0.89608,0.89737,0.89507,0.89613,54694
1661360400,0.89611,0.89634,0.89539,0.89607,16891
1661374800,0.89472,0.89753,0.89465,0.89714,12377
1661389200,0.89712,0.90069,0.89672,0.90008,25537
1661403600,0.90011,0.90206,0.89973,0.90118,38102
1661418000,0.90118,0.90171,0.8997,0.90092,37192
1661432400,0.90093,0.90202,0.89976,0.90199,48727
1661446800,0.90198,0.90284,0.9018,0.90214,20407
1661461200,0.90207,0.90263,0.90043,0.90079,10477
1661475600,0.90077,0.90237,0.90077,0.9011,18334
1661490000,0.9011,0.90211,0.90046,0.90185,29539
1661504400,0.90186,0.90383,0.90163,0.90311,36158
1661518800,0.90311,0.90502,0.89894,0.89924,81783
1661533200,0.89925,0.89933,0.89749,0.89852,22147
1661720400,0.8967,0.89789,0.89602,0.89638,20210
1661734800,0.89643,0.8972,0.89428,0.89449,28959
1661749200,0.89449,0.89666,0.8942,0.8956,38862
1661763600,0.89559,0.89879,0.89552,0.89847,37806
1661778000,0.89849,0.89994,0.89645,0.8982,48853
1661792400,0.89823,0.89867,0.89712,0.89789,21559
1661806800,0.89705,0.8984,0.89627,0.89766,12218
1661821200,0.89766,0.89903,0.89507,0.89577,25172
1661835600,0.89575,0.90203,0.89573,0.90185,38883
1661850000,0.90187,0.90264,0.89971,0.89971,36770
1661864400,0.89976,0.9013,0.89793,0.89798,65806
1661878800,0.898,0.899,0.89714,0.89724,30579
1661893200,0.89672,0.89826,0.89652,0.89788,12539
1661907600,0.89787,0.90008,0.89726,0.8997,23325
1661922000,0.8997,0.90198,0.89961,0.9005,40356
1661936400,0.90049,0.90063,0.89782,0.89962,43165
1661950800,0.89963,0.90062,0.89738,0.89776,68521
1661965200,0.89777,0.89945,0.89752,0.89859,29028
1661979600,0.89864,0.89887,0.89612,0.89691,19517
1661994000,0.89692,0.89729,0.8946,0.89638,32986
1662008400,0.89635,0.90152,0.8961,0.90097,49207
1662022800,0.90099,0.90127,0.89733,0.89798,41747
1662037200,0.89798,0.89869,0.89165,0.89237,67052
1662051600,0.89237,0.89394,0.89209,0.89304,28903
1662066000,0.89252,0.89372,0.8916,0.89291,13311
1662080400,0.89291,0.89402,0.89224,0.89269,23256
1662094800,0.8927,0.89414,0.89243,0.89413,30601
1662109200,0.89412,0.8988,0.89365,0.89543,41218
1662123600,0.89542,0.89672,0.89339,0.89372,67758
1662138000,0.89373,0.89496,0.89327,0.89338,35632
1662325200,0.89029,0.89351,0.88961,0.89234,17926
1662339600,0.89233,0.89352,0.89112,0.89261,30258
1662354000,0.89261,0.89353,0.89176,0.89224,37413
1662368400,0.89223,0.89409,0.89209,0.89327,32687
1662382800,0.89329,0.89366,0.89222,0.89316,20006
1662397200,0.89319,0.89388,0.89298,0.89299,2509
1662411600,0.89237,0.89489,0.89237,0.89458,15338
1662426000,0.89459,0.89517,0.89081,0.89241,29573
1662440400,0.89244,0.89339,0.88759,0.88828,41384
1662454800,0.88827,0.89012,0.8878,0.88801,37901
1662469200,0.88803,0.88828,0.88504,0.88575,68177
1662483600,0.88574,0.88594,0.88498,0.88574,28687
1662498000,0.88557,0.88605,0.88409,0.8847,17391
1662512400,0.88468,0.88617,0.88398,0.88535,34940
1662526800,0.88536,0.88701,0.88452,0.88597,40467
1662541200,0.88599,0.8865,0.88316,0.88492,43624
1662555600,0.88491,0.88707,0.88343,0.88665,59229
1662570000,0.88665,0.88835,0.88658,0.88789,25856
1662584400,0.88777,0.88818,0.88531,0.88536,15808
1662598800,0.88536,0.88617,0.88166,0.8837,32339
1662613200,0.88369,0.88658,0.88353,0.8843,40004
1662627600,0.88431,0.8863,0.8832,0.88526,45745
1662642000,0.88527,0.88598,0.88301,0.88312,71174
1662656400,0.88311,0.88425,0.883,0.88369,27661
1662670800,0.88337,0.88676,0.88273,0.88571,11599
1662685200,0.88573,0.89008,0.88573,0.88975,28132
1662699600,0.88976,0.89348,0.8892,0.89291,38460
1662714000,0.89289,0.89292,0.88785,0.89165,39800
1662728400,0.89168,0.89331,0.89095,0.89218,52577
1662742800,0.89221,0.89239,0.89083,0.89132,14858
1662930000,0.89007,0.89219,0.88941,0.89096,13857
1662944400,0.89095,0.89169,0.88916,0.89007,19029
1662958800,0.89008,0.89456,0.89,0.89348,37377
1662973200,0.89346,0.8945,0.89139,0.89338,35701
1662987600,0.89341,0.89457,0.89234,0.89425,41502
1663002000,0.89425,0.89487,0.89272,0.89439,19532
1663016400,0.89437,0.8952,0.89318,0.89439,9183
1663030800,0.8944,0.89496,0.89148,0.89263,18874
1663045200,0.89264,0.89496,0.89235,0.89495,25888
1663059600,0.89491,0.89625,0.88795,0.88826,40585
1663074000,0.88822,0.89055,0.88716,0.88799,64073
1663088400,0.88797,0.88861,0.88579,0.88674,27738
1663102800,0.88467,0.88825,0.88467,0.88776,15789
1663117200,0.88776,0.88813,0.88585,0.88654,24212
1663131600,0.88656,0.8871,0.88465,0.88586,40212
1663146000,0.88581,0.88724,0.88503,0.88652,43369
1663160400,0.88652,0.88899,0.88608,0.88783,54097
1663174800,0.88782,0.88854,0.88757,0.88832,25900
1663189200,0.88774,0.88962,0.88688,0.88825,12447
1663203600,0.88825,0.89067,0.88798,0.89006,22735
1663218000,0.89007,0.89052,0.88783,0.88859,29309
1663232400,0.88857,0.8886,0.88591,0.88804,35200
1663246800,0.88805,0.8891,0.88526,0.88672,55864
1663261200,0.88671,0.88729,0.8861,0.88632,22959
1663275600,0.88592,0.88766,0.88554,0.88705,11365
1663290000,0.88706,0.89002,0.88677,0.88975,22043
1663304400,0.88974,0.88981,0.88643,0.88698,32912
1663318800,0.88699,0.88876,0.88657,0.88795,33073
1663333200,0.88795,0.89054,0.88773,0.88892,63592
1663347600,0.88892,0.89208,0.88882,0.89114,25695
1663534800,0.8903,0.89276,0.8896,0.89145,13846
1663549200,0.89145,0.89195,0.89032,0.89122,18537
1663563600,0.89123,0.89127,0.88909,0.88925,27956
1663578000,0.88926,0.88996,0.88878,0.88972,29854
1663592400,0.88974,0.89145,0.88898,0.8914,47845
1663606800,0.8914,0.89164,0.89061,0.89126,20452
1663621200,0.89127,0.89263,0.89051,0.89082,12407
1663635600,0.89079,0.89209,0.89014,0.8905,20163
1663650000,0.89051,0.89149,0.8896,0.8911,28768
1663664400,0.8911,0.89224,0.88993,0.892,33423
1663678800,0.892,0.8944,0.89173,0.89315,46599
1663693200,0.89314,0.89468,0.89275,0.89419,26447
1663707600,0.89277,0.89559,0.89272,0.89446,13269
1663722000,0.89446,0.89452,0.89153,0.8919,22431
1663736400,0.89193,0.89323,0.89102,0.89227,43638
1663750800,0.89227,0.89345,0.89156,0.89288,30497
1663765200,0.89287,0.89309,0.89118,0.89118,42482
1663779600,0.8912,0.89593,0.88957,0.89314,76533
1663794000,0.89167,0.89285,0.89033,0.89047,17505
1663808400,0.89046,0.89163,0.89016,0.89145,34614
1663822800,0.89146,0.89491,0.89027,0.89398,60224
1663837200,0.89397,0.89511,0.89341,0.89425,58034
1663851600,0.89425,0.89657,0.89276,0.89586,67082
1663866000,0.89586,0.89677,0.89486,0.89599,26545
1663880400,0.89512,0.89628,0.89502,0.89601,10358
1663894800,0.89602,0.89646,0.89206,0.89246,22276
1663909200,0.89246,0.89468,0.89022,0.89059,38391
1663923600,0.8906,0.89101,0.88817,0.88924,60846
1663938000,0.88924,0.89238,0.88729,0.88765,67757
1663952400,0.88765,0.88819,0.88596,0.88751,37178
1664139600,0.88601,0.88781,0.88282,0.88324,26029
1664154000,0.88325,0.88831,0.88265,0.88499,54688
1664168400,0.885,0.88645,0.88375,0.8862,68310
1664182800,0.88619,0.88889,0.88563,0.88764,60218
1664197200,0.88763,0.89055,0.88684,0.88739,83379
1664211600,0.88736,0.88849,0.88625,0.88674,42537
1664226000,0.88674,0.88876,0.88569,0.88847,21563
1664240400,0.88849,0.88875,0.88722,0.8879,32174
1664254800,0.8879,0.88906,0.88639,0.88849,50126
1664269200,0.88848,0.88903,0.88726,0.88759,50913
1664283600,0.88758,0.888,0.8835,0.88391,81282
1664298000,0.88388,0.88395,0.88138,0.88304,39217
1664312400,0.88209,0.88433,0.882,0.88416,17766
1664326800,0.88416,0.88447,0.87914,0.87953,47059
1664341200,0.87951,0.88114,0.87811,0.88109,66393
1664355600,0.88107,0.88478,0.88021,0.8812,102234
1664370000,0.8812,0.88928,0.88097,0.88845,90674
1664384400,0.88844,0.88932,0.88694,0.88752,41179
1664398800,0.88722,0.88772,0.88556,0.8858,20552
1664413200,0.8858,0.88688,0.88451,0.88614,33617
1664427600,0.88613,0.88685,0.88486,0.88617,66536
1664442000,0.88615,0.88826,0.88504,0.886,73857
1664456400,0.88601,0.88981,0.88569,0.88831,87020
1664470800,0.88832,0.88986,0.88771,0.88934,40662
1664485200,0.88862,0.89091,0.88671,0.89009,20582
1664499600,0.89009,0.89039,0.88875,0.88911,36962
1664514000,0.8891,0.8911,0.88818,0.89028,65326
1664528400,0.89029,0.89092,0.88664,0.88902,68518
1664542800,0.88904,0.88972,0.88278,0.88639,80425
1664557200,0.88638,0.88659,0.88299,0.88518,41545
1664744400,0.88435,0.88653,0.88345,0.88607,22974
1664758800,0.88607,0.88648,0.88424,0.88511,33744
1664773200,0.88509,0.88718,0.88474,0.88675,60989
1664787600,0.88676,0.88778,0.886,0.88633,46809
1664802000,0.88631,0.88912,0.88575,0.88814,64906
1664816400,0.88812,0.88961,0.88708,0.88754,25415
1664830800,0.88737,0.8878,0.88586,0.88617,18050
1664845200,0.88618,0.88743,0.87884,0.88088,36807
1664859600,0.88084,0.88867,0.88047,0.8854,57456
1664874000,0.88539,0.88597,0.88051,0.88431,56935
1664888400,0.88433,0.88682,0.87668,0.87724,63628
1664902800,0.87724,0.87895,0.87504,0.87844,30329
1664917200,0.87812,0.88077,0.87741,0.87773,16244
1664931600,0.87766,0.88167,0.87652,0.87793,38909
1664946000,0.87791,0.88088,0.87738,0.87927,45378
1664960400,0.87928,0.88063,0.87602,0.87895,45950
1664974800,0.87895,0.88386,0.87733,0.88208,64468
1664989200,0.88207,0.88571,0.88206,0.88386,31158
1665003600,0.88332,0.88615,0.88239,0.88505,16995
1665018000,0.88502,0.88772,0.88459,0.88681,34582
1665032400,0.88678,0.88713,0.88383,0.88466,51914
1665046800,0.88464,0.8852,0.88254,0.88387,48853
1665061200,0.88387,0.88472,0.87768,0.88064,77861
1665075600,0.88066,0.88237,0.88014,0.88089,33548
1665090000,0.88067,0.88202,0.8795,0.88152,16580
1665104400,0.88154,0.88284,0.88036,0.88042,27903
1665118800,0.88041,0.88169,0.87835,0.88061,44999
1665133200,0.88061,0.88133,0.87642,0.87692,47374
1665147600,0.87693,0.87849,0.87405,0.87478,74774
1665162000,0.87476,0.87566,0.87295,0.87391,30571
1665349200,0.87381,0.87503,0.87222,0.87399,21656
1665363600,0.87401,0.87515,0.86852,0.86972,30156
1665378000,0.86971,0.87038,0.86487,0.86609,45758
1665392400,0.86612,0.86767,0.86492,0.8672,42402
1665406800,0.86719,0.86811,0.86297,0.8652,58520
1665421200,0.8652,0.86793,0.86495,0.86784,29885
1665435600,0.86787,0.86854,0.86632,0.86807,13956
1665450000,0.86804,0.86808,0.86495,0.86533,37630
1665464400,0.86535,0.86856,0.86531,0.86761,58143
1665478800,0.86762,0.8689,0.86516,0.86769,58612
1665493200,0.86767,0.87056,0.86625,0.8696,79233
1665507600,0.86967,0.87015,0.8648,0.86519,50208
1665522000,0.86467,0.86557,0.86349,0.86374,15550
1665536400,0.86371,0.86609,0.86242,0.86542,42630
1665550800,0.86543,0.86653,0.86297,0.86332,63951
1665565200,0.86334,0.86423,0.86165,0.86375,52893
1665579600,0.86375,0.86613,0.86262,0.8654,64669
1665594000,0.86541,0.8678,0.86482,0.86704,38713
1665608400,0.86692,0.86834,0.86502,0.86784,10750
1665622800,0.86784,0.86838,0.86638,0.86741,19174
1665637200,0.8674,0.86808,0.86664,0.86762,37039
1665651600,0.86757,0.86894,0.86038,0.86379,64507
1665666000,0.86382,0.86531,0.86211,0.8644,116162
1665680400,0.86438,0.86629,0.86407,0.86614,45768
1665694800,0.86614,0.86846,0.8645,0.86783,16150
1665709200,0.86783,0.87008,0.86723,0.86826,35460
1665723600,0.86825,0.86979,0.86755,0.86817,56760
1665738000,0.86816,0.86908,0.8662,0.86796,63567
1665752400,0.86794,0.86871,0.86156,0.86215,94527
1665766800,0.86217,0.86233,0.86065,0.861,35625
1665954000,0.86095,0.86228,0.86062,0.86098,19731
1665968400,0.86101,0.86257,0.86068,0.86178,27897
1665982800,0.86176,0.86343,0.86142,0.86314,55541
1665997200,0.86313,0.86467,0.86182,0.86346,47125
1666011600,0.86347,0.86569,0.86184,0.8632,56735
1666026000,0.86321,0.86383,0.86244,0.86304,25509
1666040400,0.861,0.86525,0.86096,0.8641,16259
1666054800,0.86409,0.86463,0.86209,0.86397,32210
1666069200,0.864,0.86511,0.86315,0.86349,49214
1666083600,0.86349,0.86853,0.86312,0.86812,50634
1666098000,0.8681,0.86816,0.86429,0.86716,67506
1666112400,0.86714,0.86755,0.86568,0.86619,39609
1666126800,0.86615,0.8681,0.86597,0.86667,16283
1666141200,0.86667,0.86884,0.86649,0.86767,26442
1666155600,0.86763,0.86806,0.86561,0.86692,47683
1666170000,0.86689,0.86759,0.86394,0.8645,52787
1666184400,0.86451,0.86803,0.86315,0.86349,66087
1666198800,0.86351,0.86391,0.86203,0.86294,32122
1666213200,0.86172,0.86345,0.86157,0.86266,15509
1666227600,0.86264,0.863,0.85986,0.86153,35125
1666242000,0.86148,0.86385,0.86086,0.86378,47018
1666256400,0.86379,0.867,0.86346,0.86367,51653
1666270800,0.86366,0.86944,0.86366,0.86625,64659
1666285200,0.86626,0.86626,0.86399,0.86469,38558
1666299600,0.86382,0.86499,0.86303,0.86389,14536
1666314000,0.86389,0.86503,0.86296,0.86334,28370
1666328400,0.86335,0.86562,0.86278,0.86413,40403
1666342800,0.86415,0.86423,0.86,0.86164,50540
1666357200,0.86163,0.87141,0.8616,0.86934,130019
1666371600,0.86933,0.87178,0.86826,0.87044,35771
1666558800,0.87132,0.8725,0.86826,0.86996,51519
1666573200,0.86997,0.8703,0.86599,0.8682,36693
1666587600,0.86815,0.86826,0.86354,0.86449,58734
1666602000,0.86445,0.86571,0.86253,0.86319,58397
1666616400,0.86318,0.86621,0.86201,0.86407,87130
1666630800,0.86407,0.8658,0.86375,0.86514,23420
1666645200,0.86507,0.86747,0.86308,0.86717,18865
1666659600,0.86718,0.86771,0.86564,0.86664,34126
1666674000,0.86665,0.8684,0.86635,0.86709,38575
1666688400,0.86709,0.86815,0.86613,0.86733,35958
1666702800,0.86733,0.87241,0.86728,0.87008,65847
1666717200,0.87009,0.87143,0.86949,0.86995,26514
1666731600,0.86975,0.87171,0.8682,0.86989,18366
1666746000,0.86988,0.87193,0.8692,0.87088,30347
1666760400,0.87087,0.87815,0.87057,0.87759,47107
1666774800,0.8776,0.87808,0.87603,0.8763,47088
1666789200,0.8763,0.88335,0.87613,0.87981,71161
1666803600,0.87981,0.88122,0.87915,0.8806,34599
1666818000,0.88072,0.88091,0.87882,0.87959,17451
1666832400,0.87958,0.88233,0.87892,0.88205,30847
1666846800,0.88207,0.88316,0.87818,0.87825,43773
1666861200,0.87826,0.8791,0.87479,0.87809,56613
1666875600,0.8781,0.87829,0.87507,0.87621,83839
1666890000,0.87623,0.87735,0.87522,0.87534,35173
1666904400,0.87467,0.87581,0.87382,0.87391,15596
1666918800,0.87391,0.87643,0.87391,0.87562,32976
1666933200,0.87557,0.8757,0.87215,0.87308,45871
1666947600,0.87308,0.87432,0.87176,0.8725,53116
1666962000,0.8725,0.87475,0.87071,0.87276,66713
1666976400,0.87275,0.87305,0.87185,0.87247,17261
1667163600,0.87135,0.87326,0.86949,0.87303,18886
1667178000,0.87304,0.87482,0.87242,0.87404,24067
1667192400,0.87398,0.87482,0.87224,0.87291,29940
1667206800,0.87294,0.87437,0.87159,0.87227,33730
1667221200,0.87226,0.87316,0.87002,0.87187,56655
1667235600,0.87189,0.8726,0.87048,0.87154,28109
1667250000,0.87,0.873,0.87,0.87144,12502
1667264400,0.87143,0.87556,0.8709,0.87243,32141
1667278800,0.87242,0.87363,0.86966,0.8714,38353
1667293200,0.87143,0.87501,0.87138,0.87435,39571
1667307600,0.87435,0.87459,0.87122,0.87208,80465
1667322000,0.87208,0.87224,0.87101,0.87134,25183
1667336400,0.87069,0.87179,0.86989,0.87028,15831
1667350800,0.87027,0.87356,0.87021,0.87214,24592
1667365200,0.87213,0.8734,0.87156,0.87334,28801
1667379600,0.87328,0.87407,0.87194,0.87361,36428
1667394000,0.87363,0.87503,0.87304,0.87384,41237
1667408400,0.87384,0.87964,0.86986,0.87046,81216
1667422800,0.87032,0.87152,0.86773,0.86921,16256
1667437200,0.8692,0.87206,0.86898,0.87165,24890
1667451600,0.87165,0.87195,0.8671,0.8683,36322
1667466000,0.86829,0.86873,0.86509,0.86597,51500
1667480400,0.86597,0.86864,0.86355,0.86407,76295
1667494800,0.86408,0.86544,0.86383,0.86419,27033
1667509200,0.86345,0.86503,0.86297,0.86403,9905
1667523600,0.86405,0.8681,0.86399,0.86767,24265
1667538000,0.86767,0.86859,0.86563,0.8672,40752
1667552400,0.8672,0.87115,0.86447,0.87063,56680
1667566800,0.87058,0.87346,0.86943,0.87093,92752
1667581200,0.87093,0.87356,0.87073,0.87246,39339
1667772000,0.86832,0.87059,0.86751,0.86925,28883
1667786400,0.86924,0.87047,0.86791,0.86946,26472
1667800800,0.86949,0.87241,0.86805,0.8717,46728
1667815200,0.8717,0.87313,0.87032,0.87296,46934
1667829600,0.87297,0.87507,0.87204,0.87365,63369
1667844000,0.87366,0.87445,0.87353,0.87423,20646
1667858400,0.87395,0.87478,0.87175,0.87336,17797
1667872800,0.87335,0.87406,0.87177,0.87205,17171
1667887200,0.87207,0.87494,0.87153,0.87467,35136
1667901600,0.87467,0.87491,0.87234,0.87356,36837
1667916000,0.87355,0.87752,0.87315,0.87493,55548
1667930400,0.87492,0.87566,0.87276,0.87355,40536
1667944800,0.8733,0.87444,0.87117,0.87202,23354
1667959200,0.872,0.87484,0.87199,0.87279,32059
1667973600,0.87279,0.8748,0.87079,0.87118,46595
1667988000,0.87118,0.87161,0.86787,0.86839,45260
1668002400,0.86838,0.87144,0.86713,0.86845,61664
1668016800,0.86846,0.87007,0.86812,0.8698,33804
1668031200,0.8697,0.87059,0.86841,0.86939,12433
1668045600,0.86939,0.87023,0.86815,0.86844,21141
1668060000,0.86849,0.86915,0.86629,0.86709,36978
1668074400,0.86706,0.87782,0.86625,0.87498,53526
1668088800,0.87498,0.88101,0.87376,0.87882,84589
1668103200,0.87891,0.88289,0.87858,0.88169,35056
1668117600,0.88126,0.88226,0.87817,0.87936,23127
1668132000,0.87934,0.88496,0.87926,0.88439,28862
1668146400,0.88434,0.88716,0.88307,0.88641,45909
1668160800,0.88642,0.88813,0.8851,0.88712,43603
1668175200,0.88713,0.8894,0.88492,0.88863,60676
1668189600,0.88862,0.88975,0.88848,0.8888,26013
1668376800,0.88942,0.88972,0.88601,0.88678,27630
1668391200,0.88681,0.88756,0.88503,0.88527,27469
1668405600,0.88533,0.88946,0.88502,0.88726,40345
1668420000,0.88728,0.88963,0.88618,0.88908,47613
1668434400,0.88908,0.89224,0.88766,0.89174,54757
1668448800,0.89178,0.89326,0.89153,0.89218,23424
1668463200,0.89151,0.89252,0.89047,0.89098,15335
1668477600,0.89096,0.89268,0.89066,0.89167,20055
1668492000,0.89166,0.89799,0.89155,0.89785,42333
1668506400,0.89782,0.89904,0.89481,0.89567,60016
1668520800,0.89566,0.90156,0.89409,0.90003,78255
1668535200,0.90005,0.90031,0.89679,0.89716,65022
1668549600,0.89681,0.89865,0.89512,0.89615,24978
1668564000,0.89616,0.89845,0.89539,0.89822,33574
1668578400,0.89822,0.89895,0.89626,0.89777,39983
1668592800,0.89775,0.89875,0.89502,0.89651,47232
1668607200,0.89653,0.90004,0.89653,0.89721,62072
1668621600,0.89722,0.89874,0.8962,0.89836,26189
1668636000,0.89765,0.89936,0.89606,0.89806,14116
1668650400,0.89804,0.89818,0.89477,0.89685,23026
1668664800,0.89682,0.89823,0.89333,0.89368,37269
1668679200,0.89366,0.89405,0.88862,0.88897,59610
1668693600,0.88897,0.89072,0.88695,0.89055,57961
1668708000,0.89053,0.89211,0.89045,0.89153,23872
1668722400,0.89027,0.89243,0.88797,0.89199,14283
1668736800,0.89199,0.89446,0.89199,0.89362,21823
1668751200,0.89363,0.8956,0.89233,0.89541,37543
1668765600,0.89541,0.89778,0.89456,0.89489,40831
1668780000,0.89493,0.89608,0.89235,0.89417,46090
1668794400,0.89417,0.89434,0.89273,0.89297,18106
1668981600,0.8899,0.89404,0.8899,0.89199,18963
1668996000,0.89201,0.89259,0.8905,0.89159,23629
1669010400,0.89161,0.89207,0.88777,0.88824,36766
1669024800,0.88829,0.89045,0.88819,0.88859,36226
1669039200,0.88859,0.89071,0.88651,0.88689,51504
1669053600,0.88689,0.88856,0.8868,0.88848,24065
1669068000,0.88667,0.88944,0.88666,0.88867,13612
1669082400,0.88864,0.88942,0.8875,0.88774,19200
1669096800,0.88772,0.89068,0.88753,0.89025,32783
1669111200,0.89025,0.89068,0.88907,0.88918,34224
1669125600,0.8892,0.88968,0.88756,0.88871,42133
1669140000,0.88871,0.88943,0.88828,0.88896,16560
1669154400,0.88866,0.88966,0.88716,0.88845,14684
1669168800,0.88846,0.88967,0.88825,0.88949,15475
1669183200,0.88947,0.89168,0.88922,0.89063,27114
1669197600,0.89064,0.89375,0.88988,0.89291,34518
1669212000,0.89291,0.90018,0.89258,0.89866,57177
1669226400,0.89867,0.89982,0.89808,0.89906,31548
1669240800,0.89836,0.90106,0.89699,0.90097,16071
1669255200,0.901,0.90233,0.90041,0.90129,17796
1669269600,0.9013,0.90209,0.89947,0.89997,27523
1669284000,0.89996,0.90195,0.89847,0.90158,25817
1669298400,0.90162,0.90347,0.90134,0.90236,19072
1669312800,0.90236,0.90262,0.90184,0.90218,5435
1669327200,0.90191,0.90255,0.90101,0.90198,11805
1669341600,0.90197,0.90308,0.90119,0.90132,17061
1669356000,0.90129,0.90305,0.89963,0.90014,27515
1669370400,0.90017,0.9011,0.89956,0.90083,25833
1669384800,0.90082,0.9029,0.90034,0.90236,30179
1669399200,0.90237,0.90308,0.9014,0.90231,24032
1669586400,0.89916,0.9013,0.89792,0.89834,20268
1669600800,0.89838,0.90016,0.89766,0.89861,20770
1669615200,0.89862,0.90294,0.89776,0.9006,36643
1669629600,0.90061,0.90216,0.89854,0.89981,40898
1669644000,0.89979,0.90068,0.89815,0.89819,53731
1669658400,0.89818,0.89836,0.89616,0.89773,19036
1669672800,0.89701,0.89803,0.89577,0.89732,15313
1669687200,0.89732,0.90108,0.89708,0.90069,23584
1669701600,0.90071,0.90459,0.89943,0.90387,42236
1669716000,0.90387,0.9108,0.90369,0.90986,42098
1669730400,0.90988,0.91295,0.9079,0.90966,56691
1669744800,0.90965,0.90974,0.90747,0.90812,23303
1669759200,0.90787,0.9094,0.90644,0.90871,19776
1669773600,0.90872,0.90958,0.90773,0.90917,17519
1669788000,0.90919,0.91111,0.90849,0.90991,32851
1669802400,0.90991,0.91137,0.90767,0.90791,41496
1669816800,0.9079,0.90998,0.90409,0.90831,59664
1669831200,0.90828,0.91348,0.90818,0.91066,55713
1669845600,0.90996,0.91363,0.90953,0.91249,22622
1669860000,0.91244,0.91474,0.91194,0.91443,25278
1669874400,0.91443,0.91627,0.91138,0.91364,40866
1669888800,0.91366,0.91623,0.91262,0.91379,43801
1669903200,0.9138,0.91859,0.91184,0.91326,70348
1669917600,0.91327,0.91566,0.91273,0.91488,31059
1669932000,0.91436,0.91536,0.91236,0.91476,14642
1669946400,0.91475,0.91602,0.91403,0.91589,19092
1669960800,0.91589,0.91795,0.91553,0.91651,37487
1669975200,0.91651,0.91675,0.91061,0.91211,49405
1669989600,0.91209,0.91648,0.91053,0.91602,71103
1670004000,0.91604,0.91695,0.9146,0.91465,20717
1670191200,0.91244,0.91769,0.91174,0.91657,17255
1670205600,0.91658,0.91783,0.91575,0.91617,18300
1670220000,0.91618,0.91644,0.9132,0.91454,41173
1670234400,0.91451,0.9147,0.91164,0.91195,37692
1670248800,0.91198,0.91283,0.90941,0.91072,58796
1670263200,0.91069,0.91135,0.9096,0.9101,22898
1670277600,0.90965,0.91342,0.90909,0.91274,15841
1670292000,0.91272,0.91548,0.9108,0.91464,24289
1670306400,0.91463,0.91494,0.91258,0.91381,32453
1670320800,0.91377,0.91793,0.91376,0.91595,36000
1670335200,0.91601,0.91798,0.91333,0.9136,52489
1670349600,0.9136,0.91452,0.9127,0.913,22453
1670364000,0.91197,0.91559,0.91197,0.91543,14280
1670378400,0.91543,0.91553,0.91277,0.914,19829
1670392800,0.91402,0.91551,0.91245,0.91373,35659
1670407200,0.91374,0.91573,0.91261,0.91539,38544
1670421600,0.91541,0.91907,0.91339,0.91802,63518
1670436000,0.91801,0.91899,0.91737,0.91805,24690
1670450400,0.9172,0.91851,0.91578,0.91736,16389
1670464800,0.9174,0.91921,0.91723,0.91824,19881
1670479200,0.91823,0.91967,0.91806,0.91854,27396
1670493600,0.91854,0.91917,0.91737,0.91828,29596
1670508000,0.91832,0.92004,0.91695,0.91803,47687
1670522400,0.91803,0.92042,0.91796,0.92013,23201
1670536800,0.919,0.92287,0.91889,0.92229,14870
1670551200,0.92231,0.92351,0.92117,0.92168,22406
1670565600,0.9217,0.92213,0.92033,0.9218,28696
1670580000,0.92181,0.9256,0.92156,0.9243,35489
1670594400,0.92431,0.92747,0.92328,0.92644,56773
1670608800,0.92644,0.92771,0.92612,0.92753,18643
1670796000,0.92637,0.92748,0.92331,0.92422,16701
1670810400,0.92422,0.92601,0.92403,0.92472,17973
1670824800,0.92471,0.92823,0.92378,0.92791,28184
1670839200,0.9279,0.92806,0.92272,0.92447,24632
1670853600,0.92445,0.92453,0.91975,0.92052,40045
1670868000,0.92052,0.92066,0.91903,0.91984,22993
1670882400,0.91955,0.92153,0.9188,0.92152,13285
1670896800,0.92153,0.92221,0.91903,0.92104,21933
1670911200,0.92107,0.92377,0.92049,0.92164,30218
1670925600,0.92163,0.93026,0.92034,0.92975,48886
1670940000,0.92972,0.93304,0.9282,0.92845,82606
1670954400,0.9284,0.92954,0.92787,0.92844,35805
1670968800,0.92792,0.9293,0.92582,0.92623,16786
1670983200,0.92624,0.92865,0.92573,0.92838,14977
1670997600,0.92837,0.93059,0.928,0.92988,35256
1671012000,0.92989,0.93208,0.92961,0.93108,36271
1671026400,0.93107,0.932,0.92997,0.93012,48808
1671040800,0.93013,0.93129,0.92597,0.92968,70825
1671055200,0.9286,0.93028,0.92747,0.92885,16742
1671069600,0.92885,0.92903,0.92516,0.92626,18908
1671084000,0.92626,0.92653,0.91872,0.91932,36411
1671098400,0.91932,0.9218,0.91685,0.92116,40290
1671112800,0.92118,0.92175,0.91239,0.91279,70062
1671127200,0.91281,0.91587,0.91264,0.91518,28764
1671141600,0.91472,0.91612,0.91372,0.91458,16385
1671156000,0.91461,0.91764,0.91324,0.91358,21590
1671170400,0.91356,0.91518,0.91304,0.91386,30018
1671184800,0.91385,0.91524,0.91315,0.91504,35275
1671199200,0.91507,0.91756,0.91394,0.91702,57530
1671213600,0.91702,0.9181,0.91549,0.91574,25454
1671400800,0.91654,0.91742,0.91472,0.91691,16501
1671415200,0.91688,0.91825,0.9163,0.91711,19269
1671429600,0.9171,0.91783,0.91547,0.91676,33560
1671444000,0.91677,0.91782,0.91505,0.91602,35707
1671458400,0.91604,0.91857,0.9148,0.916,50471
1671472800,0.91598,0.91635,0.9141,0.9145,25135
1671487200,0.91492,0.91527,0.91234,0.91256,18966
1671501600,0.91257,0.91863,0.90824,0.90943,54572
1671516000,0.90944,0.91288,0.90919,0.91078,52859
1671530400,0.91075,0.91113,0.90423,0.9067,40752
1671544800,0.9067,0.90894,0.90619,0.9077,57951
1671559200,0.90769,0.90933,0.90655,0.90929,22090
1671573600,0.90813,0.91078,0.90692,0.90862,25960
1671588000,0.9086,0.90961,0.90633,0.90741,25471
1671602400,0.90741,0.90963,0.90668,0.90897,35805
1671616800,0.90895,0.91405,0.90876,0.913,35948
1671631200,0.91298,0.91478,0.9111,0.91146,42807
1671645600,0.91146,0.91335,0.91113,0.91293,19371
1671660000,0.91175,0.91588,0.9112,0.91575,14359
1671674400,0.91574,0.91866,0.91561,0.91739,21182
1671688800,0.91739,0.91862,0.91566,0.91629,25690
1671703200,0.91628,0.91817,0.9137,0.91399,30915
1671717600,0.91397,0.91397,0.90984,0.91093,46218
1671732000,0.91094,0.91123,0.90869,0.91029,28403
1671746400,0.9106,0.91089,0.9087,0.91034,15784
1671760800,0.91038,0.91216,0.91017,0.91085,21508
1671775200,0.91086,0.91264,0.91009,0.91128,26268
1671789600,0.91129,0.91259,0.90825,0.91044,30985
1671804000,0.91043,0.91333,0.90992,0.91212,52495
1671818400,0.91214,0.91295,0.91152,0.91269,12259
1672092000,0.91258,0.91603,0.91212,0.91479,13804
1672106400,0.91477,0.91601,0.91331,0.91595,13983
1672120800,0.91593,0.91727,0.91467,0.91468,21229
1672135200,0.91466,0.91469,0.90983,0.91049,21665
1672149600,0.9105,0.91217,0.90896,0.90905,31469
1672164000,0.90905,0.91115,0.90888,0.91059,16294
1672178400,0.90857,0.91168,0.90767,0.91094,11378
1672192800,0.91093,0.91368,0.91093,0.91357,16296
1672207200,0.91359,0.91591,0.91356,0.91534,25677
1672221600,0.91532,0.91772,0.91484,0.91704,28991
1672236000,0.91705,0.91918,0.91659,0.91728,43142
1672250400,0.91733,0.918,0.91596,0.91681,19651
1672264800,0.91575,0.918,0.91537,0.91684,9907
1672279200,0.91684,0.91731,0.91556,0.91589,11882
1672293600,0.91589,0.91606,0.9139,0.91433,19711
1672308000,0.91435,0.9145,0.91186,0.91402,22592
1672322400,0.91401,0.91896,0.914,0.91847,33661
1672336800,0.91848,0.91927,0.91772,0.91804,14599
1672351200,0.91777,0.91816,0.91555,0.91672,10588
1672365600,0.91674,0.91897,0.91642,0.91804,15299
1672380000,0.918,0.92093,0.91756,0.91996,24755
1672394400,0.91999,0.92077,0.91869,0.91976,24665
1672408800,0.91979,0.9226,0.91687,0.92257,43162
1672423200,0.92269,0.92345,0.92152,0.92156,12149
1672610400,0.92372,0.92372,0.92016,0.92024,1862
1672624800,0.92023,0.92216,0.92008,0.92116,2195
1672639200,0.92127,0.92249,0.91979,0.92121,17560
1672653600,0.92125,0.92466,0.92118,0.92359,26516
1672668000,0.9236,0.92523,0.92359,0.92464,4412
1672682400,0.9247,0.92507,0.92146,0.9224,915
1672696800,0.9224,0.92349,0.92072,0.9229,18252
1672711200,0.92286,0.92567,0.92073,0.9216,23948
1672725600,0.9216,0.92231,0.91246,0.91501,42942
1672740000,0.91499,0.92084,0.91211,0.92084,35162
1672754400,0.92083,0.92154,0.91662,0.91946,51829
1672768800,0.91946,0.92101,0.91891,0.91941,24349
1672783200,0.91945,0.92313,0.91849,0.92272,16104
1672797600,0.92275,0.92894,0.92257,0.92805,22049
1672812000,0.92809,0.93451,0.92737,0.93139,40079
1672826400,0.93137,0.93262,0.92867,0.929,36964
1672840800,0.92899,0.93126,0.92296,0.92316,61292
1672855200,0.92316,0.92487,0.92132,0.92147,34737
1672869600,0.91988,0.92307,0.91962,0.92224,15957
1672884000,0.92227,0.92229,0.91869,0.92067,20103
1672898400,0.9207,0.92209,0.91934,0.92171,31491
1672912800,0.92169,0.92323,0.91684,0.91724,39343
1672927200,0.91727,0.91819,0.91477,0.91591,59849
1672941600,0.9159,0.91817,0.91532,0.91608,24992
1672956000,0.91592,0.91769,0.91517,0.91615,15587
1672970400,0.91615,0.91893,0.91614,0.91681,18048
1672984800,0.91679,0.91907,0.91605,0.91782,33556
1672999200,0.91785,0.92069,0.91645,0.91916,47587
1673013600,0.91916,0.92422,0.91445,0.92335,71088
1673028000,0.92333,0.92546,0.92288,0.92431,22837
1673215200,0.924,0.9272,0.92344,0.92609,16443
1673229600,0.92611,0.92936,0.9253,0.9291,18232
1673244000,0.92908,0.9301,0.92707,0.92742,35131
1673258400,0.92747,0.92788,0.92377,0.92729,37762
1673272800,0.92729,0.92953,0.92676,0.92733,48387
1673287200,0.92734,0.92747,0.92494,0.92559,30945
1673301600,0.92482,0.92688,0.92446,0.92637,16951
1673316000,0.92639,0.92657,0.92353,0.9248,25263
1673330400,0.9248,0.92529,0.92286,0.92334,38474
1673344800,0.92335,0.92369,0.92023,0.92135,38995
1673359200,0.92137,0.92536,0.92128,0.92495,64693
1673373600,0.92496,0.92558,0.92399,0.92539,20120
1673388000,0.92438,0.92808,0.92327,0.92567,15585
1673402400,0.92566,0.92916,0.92546,0.92836,15997
1673416800,0.92837,0.92877,0.92618,0.92764,32885
1673431200,0.92766,0.92802,0.92396,0.92516,32983
1673445600,0.92516,0.9275,0.92452,0.92606,42326
1673460000,0.92605,0.92779,0.92494,0.92703,22433
1673474400,0.92505,0.9289,0.92496,0.92855,15850
1673488800,0.92856,0.92956,0.92787,0.92885,14420
1673503200,0.92885,0.92914,0.92579,0.92788,25577
1673517600,0.92789,0.93267,0.92385,0.93221,46989
1673532000,0.9322,0.93239,0.9254,0.93142,84488
1673546400,0.93141,0.93224,0.9305,0.93128,32940
1673560800,0.93022,0.93334,0.9297,0.93225,17712
1673575200,0.93225,0.93245,0.92981,0.93077,18870
1673589600,0.93079,0.93305,0.93033,0.93097,34871
1673604000,0.93097,0.93173,0.92889,0.92977,42111
1673618400,0.92977,0.93368,0.92901,0.9334,57603
1673632800,0.9334,0.93466,0.9326,0.93414,17778
1673820000,0.93262,0.93746,0.93262,0.93726,16992
1673834400,0.93728,0.93733,0.93315,0.93485,19460
1673848800,0.93487,0.93487,0.93124,0.93273,38510
1673863200,0.93275,0.93333,0.93157,0.93227,29858
1673877600,0.93227,0.93288,0.931,0.93127,23657
1673892000,0.93127,0.93267,0.93083,0.93227,6524
1673906400,0.93187,0.93475,0.93126,0.93392,14502
1673920800,0.93392,0.9349,0.93265,0.93388,20674
1673935200,0.93388,0.93446,0.93254,0.9332,31780
1673949600,0.93319,0.93345,0.93061,0.93145,42639
1673964000,0.93145,0.9357,0.93125,0.93557,60590
1673978400,0.93556,0.93593,0.93459,0.93541,20207
1673992800,0.93357,0.93625,0.93316,0.93609,12999
1674007200,0.93607,0.93743,0.93452,0.93583,41585
1674021600,0.93582,0.93951,0.93557,0.93842,44890
1674036000,0.9384,0.94308,0.9371,0.94294,42344
1674050400,0.94293,0.94441,0.93684,0.93792,70107
1674064800,0.93795,0.93842,0.93591,0.93641,21016
1674079200,0.93612,0.93747,0.9317,0.93231,17302
1674093600,0.9323,0.93299,0.93082,0.93116,20983
1674108000,0.93119,0.93189,0.92942,0.93016,33322
1674122400,0.93017,0.9311,0.92806,0.93041,35888
1674136800,0.9304,0.93187,0.92875,0.92907,51075
1674151200,0.9291,0.93123,0.92869,0.93047,28952
1674165600,0.93047,0.93132,0.92953,0.93109,11622
1674180000,0.93107,0.93224,0.93066,0.932,19332
1674194400,0.93198,0.93512,0.93171,0.93359,29581
1674208800,0.93363,0.93393,0.93143,0.93148,33662
1674223200,0.93148,0.93487,0.93141,0.93269,46297
1674237600,0.93268,0.93333,0.93206,0.93224,19826
1674424800,0.93145,0.93447,0.93121,0.93378,11216
1674439200,0.93381,0.93479,0.93306,0.93366,14407
1674453600,0.93364,0.93591,0.93291,0.9356,27862
1674468000,0.93562,0.93697,0.93336,0.93449,29749
1674482400,0.93451,0.94146,0.93338,0.93976,50003
1674496800,0.93977,0.94105,0.93897,0.93939,23983
1674511200,0.93897,0.94069,0.93845,0.94063,10094
1674525600,0.94062,0.94081,0.93918,0.94021,12857
1674540000,0.94021,0.94092,0.93795,0.9383,30540
1674554400,0.93828,0.94033,0.9366,0.93882,31204
1674568800,0.9388,0.94329,0.93794,0.94129,55925
1674583200,0.94128,0.94225,0.94085,0.94169,18841
1674597600,0.94177,0.94764,0.93912,0.94682,16420
1674612000,0.94678,0.9488,0.94669,0.94844,15515
1674626400,0.94844,0.95047,0.94806,0.94863,30889
1674640800,0.94863,0.94869,0.94422,0.94464,31388
1674655200,0.94464,0.95082,0.94417,0.94976,53799
1674669600,0.94976,0.95155,0.94963,0.95123,21148
1674684000,0.95082,0.95268,0.94904,0.95265,11056
1674698400,0.95263,0.95476,0.95182,0.95401,13959
1674712800,0.95401,0.9541,0.95119,0.95197,28555
1674727200,0.95199,0.95358,0.94949,0.95118,33090
1674741600,0.9512,0.95203,0.94604,0.94766,58248
1674756000,0.94766,0.94879,0.94755,0.94762,17738
1674770400,0.9458,0.94924,0.94536,0.94887,12365
1674784800,0.94887,0.94991,0.9475,0.94882,14678
1674799200,0.94881,0.94883,0.94608,0.94614,24847
1674813600,0.94614,0.94849,0.946,0.94749,28588
1674828000,0.94746,0.94802,0.94409,0.94529,50270
1674842400,0.94532,0.94659,0.94452,0.94602,17310
1675029600,0.94447,0.94704,0.94429,0.94663,14051
1675044000,0.94663,0.94666,0.94377,0.94462,24274
1675058400,0.94461,0.94617,0.943,0.94338,33330
1675072800,0.94337,0.94498,0.94255,0.94383,31481
1675087200,0.94385,0.9451,0.94295,0.94443,48132
1675101600,0.94442,0.94525,0.94353,0.94492,21170
1675116000,0.9442,0.94528,0.94232,0.94432,18602
1675130400,0.94432,0.94498,0.9424,0.94351,20801
1675144800,0.94351,0.94404,0.94212,0.94274,29671
1675159200,0.94274,0.94361,0.94012,0.94211,36076
1675173600,0.94212,0.94275,0.93884,0.93896,56950
1675188000,0.93897,0.93966,0.93794,0.93855,19146
1675202400,0.93827,0.93867,0.9374,0.93831,12684
1675216800,0.93831,0.94158,0.93715,0.94147,16472
1675231200,0.94144,0.94199,0.94032,0.94065,27258
1675245600,0.94069,0.9434,0.94063,0.94313,27633
1675260000,0.94315,0.94336,0.9405,0.94302,51034
1675274400,0.94301,0.94852,0.94076,0.94832,69431
1675288800,0.94782,0.9497,0.94654,0.94869,21355
1675303200,0.94863,0.94968,0.9482,0.94957,17508
1675317600,0.94958,0.94973,0.94642,0.94694,31986
1675332000,0.94698,0.94845,0.94601,0.94693,47592
1675346400,0.94696,0.94907,0.94248,0.94263,69019
1675360800,0.94263,0.94355,0.94192,0.94222,35634
1675375200,0.94202,0.94272,0.94103,0.94128,16871
1675389600,0.94127,0.94155,0.93986,0.94129,17993
1675404000,0.94129,0.9427,0.94114,0.94215,30219
1675418400,0.94215,0.94318,0.93516,0.93569,41864
1675432800,0.93569,0.93663,0.92974,0.93022,80445
1675447200,0.93021,0.93034,0.92722,0.92768,34527
1675634400,0.92431,0.92894,0.92417,0.92743,21514
1675648800,0.92744,0.93089,0.92686,0.93082,20102
1675663200,0.93082,0.93093,0.92637,0.92644,32696
1675677600,0.92644,0.92775,0.92499,0.92521,32318
1675692000,0.92522,0.92659,0.9227,0.92378,52488
1675706400,0.92378,0.92566,0.92336,0.92544,22533
1675720800,0.92537,0.92714,0.92496,0.92668,13438
1675735200,0.92671,0.93186,0.92638,0.93117,22675
1675749600,0.93115,0.93167,0.92884,0.93051,35630
1675764000,0.93051,0.93064,0.92805,0.92915,33513
1675778400,0.92918,0.93531,0.92725,0.93461,54857
1675792800,0.93457,0.93462,0.92902,0.93226,59200
1675807200,0.93092,0.93354,0.92944,0.93229,13199
1675821600,0.93227,0.93326,0.93165,0.93283,17085
1675836000,0.93277,0.93463,0.93261,0.93395,31951
1675850400,0.93396,0.9341,0.93221,0.93289,28992
1675864800,0.93289,0.93387,0.93081,0.93126,50756
1675879200,0.93128,0.93169,0.93025,0.93094,25630
1675893600,0.92987,0.9335,0.92987,0.93315,11924
1675908000,0.93315,0.93502,0.93302,0.93409,14914
1675922400,0.9341,0.93558,0.93367,0.93513,27011
1675936800,0.93515,0.93786,0.93446,0.93782,27571
1675951200,0.93782,0.93806,0.93388,0.93496,47399
1675965600,0.93495,0.93507,0.93258,0.93307,28503
1675980000,0.93237,0.93443,0.93191,0.9333,13743
1675994400,0.93332,0.93344,0.93096,0.9319,20581
1676008800,0.9319,0.93381,0.93084,0.93147,43658
1676023200,0.93149,0.93188,0.92712,0.92839,37231
1676037600,0.92839,0.92871,0.92391,0.92408,56590
1676052000,0.92407,0.92454,0.9225,0.92325,18396
1676239200,0.92257,0.9237,0.92156,0.92308,16924
1676253600,0.92309,0.92437,0.92283,0.92398,19807
1676268000,0.92399,0.92615,0.92331,0.92476,27565
1676282400,0.9248,0.92726,0.92419,0.92601,22617
1676296800,0.926,0.92966,0.9258,0.92884,37381
1676311200,0.92885,0.92953,0.92845,0.92853,17799
1676325600,0.92842,0.92952,0.92801,0.92825,13655
1676340000,0.92828,0.92997,0.92759,0.92925,17424
1676354400,0.92924,0.93012,0.92841,0.92949,26863
1676368800,0.92949,0.93381,0.92579,0.93194,44694
1676383200,0.9319,0.93237,0.92647,0.93109,92086
1676397600,0.93109,0.93278,0.93103,0.93157,31020
1676412000,0.93087,0.93209,0.9306,0.93093,15759
1676426400,0.93093,0.93108,0.92587,0.92639,19533
1676440800,0.92641,0.92641,0.92252,0.92585,33974
1676455200,0.92584,0.92631,0.92284,0.92396,36824
1676469600,0.92396,0.9243,0.92139,0.924,52515
1676484000,0.92396,0.92517,0.92291,0.92448,17126
1676498400,0.92317,0.92532,0.92063,0.92367,20527
1676512800,0.92367,0.92615,0.92335,0.92531,18722
1676527200,0.92531,0.92655,0.9246,0.92565,27651
1676541600,0.92566,0.92631,0.92225,0.92313,32933
1676556000,0.92312,0.92693,0.92182,0.92655,55715
1676570400,0.92654,0.92702,0.925,0.92564,27386
1676584800,0.92467,0.92565,0.92302,0.92408,13785
1676599200,0.92405,0.92418,0.92161,0.92233,18644
1676613600,0.92235,0.92403,0.92133,0.92148,31628
1676628000,0.92146,0.92358,0.92112,0.92252,31508
1676642400,0.9225,0.92637,0.92221,0.92564,55676
1676656800,0.92566,0.92725,0.92552,0.92669,19889
1676844000,0.92507,0.92771,0.92481,0.92762,13734
1676858400,0.92759,0.92997,0.92757,0.92991,17480
1676872800,0.92992,0.93075,0.92846,0.92852,24550
1676887200,0.92855,0.93076,0.9283,0.93056,24825
1676901600,0.93057,0.9308,0.92975,0.92985,18435
1676916000,0.92986,0.93,0.92942,0.92942,5902
1676930400,0.92817,0.93104,0.92758,0.93025,14672
1676944800,0.93025,0.93059,0.92851,0.9287,19200
1676959200,0.92866,0.92875,0.92585,0.92688,34380
1676973600,0.9269,0.92726,0.9237,0.92649,35061
1676988000,0.9265,0.93095,0.92633,0.92805,57349
1677002400,0.92804,0.92829,0.92717,0.92788,22240
1677016800,0.92682,0.929,0.92524,0.92595,17817
1677031200,0.92595,0.9263,0.92472,0.92561,16444
1677045600,0.92561,0.92564,0.92318,0.92439,29225
1677060000,0.92437,0.92555,0.92361,0.92426,28282
1677074400,0.92427,0.92509,0.92263,0.92306,47480
1677088800,0.92306,0.92395,0.92179,0.92217,34473
1677103200,0.92117,0.92423,0.92082,0.92409,12675
1677117600,0.92409,0.9248,0.92245,0.92287,14528
1677132000,0.92288,0.92406,0.92262,0.92297,23645
1677146400,0.92297,0.9242,0.92215,0.92321,30541
1677160800,0.92321,0.9243,0.92012,0.92048,52922
1677175200,0.92048,0.92276,0.92017,0.92213,22146
1677189600,0.92112,0.92302,0.92107,0.92286,19427
1677204000,0.92284,0.92335,0.92195,0.92224,19697
1677218400,0.92224,0.92269,0.92004,0.92042,27118
1677232800,0.92039,0.92083,0.91509,0.91863,39839
1677247200,0.91863,0.9191,0.91532,0.91551,63531
1677261600,0.9155,0.91675,0.91477,0.91498,23542
1677448800,0.91577,0.91626,0.91462,0.91615,15739
1677463200,0.91612,0.91614,0.91245,0.91255,18775
1677477600,0.91258,0.91408,0.91244,0.91327,31032
1677492000,0.91324,0.91357,0.91017,0.91217,31974
1677506400,0.91216,0.91407,0.91149,0.9139,45730
1677520800,0.91393,0.91513,0.91382,0.91471,19638
1677535200,0.91382,0.91616,0.91347,0.91555,12327
1677549600,0.91554,0.91605,0.91321,0.9135,15619
1677564000,0.91349,0.91414,0.91199,0.91317,28509
1677578400,0.9132,0.91603,0.91275,0.91586,27515
1677592800,0.91584,0.91944,0.91432,0.91934,53182
1677607200,0.91936,0.91958,0.91737,0.91807,19831
1677621600,0.91727,0.91852,0.91434,0.91797,19284
1677636000,0.918,0.92052,0.9177,0.91905,19295
1677650400,0.91904,0.9211,0.91883,0.91997,33497
1677664800,0.91997,0.92161,0.91944,0.92078,34549
1677679200,0.92078,0.92091,0.91801,0.91944,59580
1677693600,0.91945,0.91958,0.91819,0.91845,19366
1677708000,0.91787,0.91893,0.91663,0.91725,16527
1677722400,0.91725,0.9185,0.91682,0.91731,22114
1677736800,0.91731,0.91783,0.91632,0.91674,28256
1677751200,0.9167,0.91694,0.91424,0.91437,33538
1677765600,0.91437,0.91661,0.91398,0.91444,44872
1677780000,0.91444,0.91583,0.91415,0.91488,23784
1677794400,0.91472,0.91687,0.91327,0.91613,12726
1677808800,0.91614,0.91697,0.91534,0.91624,17212
1677823200,0.91627,0.91762,0.91613,0.91653,28058
1677837600,0.91656,0.92042,0.91609,0.92014,27453
1677852000,0.92012,0.92119,0.91823,0.91914,45227
1677866400,0.91915,0.92058,0.91889,0.92011,16989
1678053600,0.91687,0.9196,0.91642,0.91869,14034
1678068000,0.9187,0.91993,0.91802,0.91844,16353
1678082400,0.91845,0.91863,0.9152,0.91568,25237
1678096800,0.91569,0.91729,0.91475,0.91689,26025
1678111200,0.9169,0.91771,0.91609,0.91656,36579
1678125600,0.91654,0.91658,0.91524,0.91612,17088
1678140000,0.91513,0.91671,0.91453,0.91656,10065
1678154400,0.91657,0.91768,0.91136,0.91335,23159
1678168800,0.91337,0.91405,0.90984,0.90989,31579
1678183200,0.9099,0.91013,0.90839,0.90886,31094
1678197600,0.90886,0.90952,0.90572,0.90607,67269
1678212000,0.90608,0.90692,0.90507,0.9054,23247
1678226400,0.90482,0.90677,0.90449,0.90612,14126
1678240800,0.90608,0.90755,0.90452,0.907,19917
1678255200,0.907,0.90872,0.9069,0.90829,26966
1678269600,0.90831,0.90884,0.90667,0.90814,28012
1678284000,0.90814,0.91265,0.908,0.90918,53177
1678298400,0.90919,0.90973,0.90853,0.90939,17297
1678312800,0.90897,0.91021,0.90807,0.90901,10764
1678327200,0.909,0.91302,0.90887,0.91172,13044
1678341600,0.91172,0.91315,0.91165,0.91249,18195
1678356000,0.91247,0.9139,0.91186,0.91338,28372
1678370400,0.91336,0.91407,0.90992,0.91151,41648
1678384800,0.91152,0.912,0.90991,0.91114,29664
1678399200,0.91032,0.91176,0.90941,0.91058,15895
1678413600,0.91055,0.91312,0.90882,0.91177,23997
1678428000,0.91179,0.91363,0.91101,0.91119,32717
1678442400,0.91119,0.9138,0.90974,0.91114,47796
1678456800,0.91115,0.91503,0.91057,0.91276,90168
1678471200,0.91275,0.91293,0.90924,0.90999,41836
1678654800,0.91237,0.91488,0.90962,0.90971,31349
1678669200,0.90976,0.9153,0.90965,0.91503,37318
1678683600,0.91505,0.91652,0.91433,0.91489,40951
1678698000,0.9149,0.91647,0.91053,0.91457,87791
1678712400,0.91456,0.91891,0.91398,0.91513,91183
1678726800,0.9151,0.91641,0.91483,0.91528,44398
1678741200,0.91442,0.91573,0.91368,0.91389,17239
1678755600,0.91388,0.91443,0.91124,0.91278,32986
1678770000,0.91274,0.9154,0.91274,0.91417,46106
1678784400,0.91418,0.91474,0.90957,0.91362,59229
1678798800,0.91364,0.91522,0.91068,0.91241,65461
1678813200,0.91243,0.91502,0.91223,0.9143,37556
1678827600,0.91428,0.91583,0.91164,0.91417,15590
1678842000,0.9141,0.91685,0.91375,0.91539,22497
1678856400,0.91538,0.91558,0.91358,0.91388,30713
1678870800,0.91387,0.91557,0.91183,0.91345,67068
1678885200,0.91346,0.91563,0.90993,0.91023,74071
1678899600,0.91023,0.91136,0.90862,0.91122,52064
1678914000,0.90885,0.91257,0.90848,0.91216,24547
1678928400,0.91212,0.91279,0.91026,0.91266,42153
1678942800,0.91261,0.91498,0.91221,0.91419,40549
1678957200,0.91418,0.91444,0.912,0.91317,41575
1678971600,0.91317,0.91662,0.91231,0.91361,80282
1678986000,0.91364,0.91383,0.91167,0.91313,30530
1679000400,0.91247,0.91493,0.91024,0.91474,14040
1679014800,0.91475,0.91893,0.91457,0.91884,22378
1679029200,0.91884,0.92043,0.9178,0.91784,26388
1679043600,0.91785,0.91905,0.91724,0.91806,29355
1679058000,0.91807,0.92017,0.91807,0.91964,49182
1679072400,0.91964,0.921,0.91923,0.92003,28074
1679259600,0.92015,0.92125,0.91805,0.92063,17372
1679274000,0.92063,0.92096,0.91672,0.91697,28137
1679288400,0.91697,0.91823,0.91631,0.91704,37679
1679302800,0.91706,0.91778,0.91523,0.91682,36092
1679317200,0.91683,0.9189,0.91675,0.9187,40493
1679331600,0.91868,0.91888,0.9173,0.91781,17500
1679346000,0.91797,0.9189,0.9162,0.91653,10952
1679360400,0.91651,0.91683,0.91521,0.91577,16154
1679374800,0.91581,0.91592,0.91287,0.91294,20689
1679389200,0.91294,0.91413,0.91165,0.91351,22688
1679403600,0.91351,0.91398,0.91049,0.91376,33735
1679418000,0.91374,0.91481,0.91351,0.91457,13563
1679432400,0.91372,0.91552,0.91188,0.91517,8254
1679446800,0.91514,0.91715,0.91503,0.9169,16543
1679461200,0.91692,0.91821,0.91683,0.91717,19320
1679475600,0.9172,0.91773,0.91519,0.91559,18057
1679490000,0.91559,0.91757,0.91489,0.91674,24811
1679504400,0.91675,0.92308,0.91546,0.91747,56138
1679518800,0.91723,0.92001,0.91672,0.91996,13328
1679533200,0.91994,0.92133,0.91962,0.92127,22330
1679547600,0.92125,0.92279,0.91995,0.92033,27370
1679562000,0.9203,0.92068,0.91523,0.91554,26340
1679576400,0.91555,0.91862,0.91506,0.91757,36187
1679590800,0.91757,0.91777,0.9156,0.91678,35767
1679605200,0.91622,0.91697,0.9156,0.91614,11303
1679619600,0.91613,0.91733,0.91434,0.91731,18921
1679634000,0.9173,0.91786,0.91627,0.91688,23282
1679648400,0.91687,0.91705,0.91353,0.91586,34031
1679662800,0.91589,0.91602,0.91274,0.91293,47294
1679677200,0.91292,0.91356,0.91249,0.91278,16309
1679864400,0.91294,0.91392,0.91135,0.91222,15819
1679878800,0.91218,0.91433,0.91214,0.91306,15481
1679893200,0.91305,0.91458,0.91176,0.91235,24333
1679907600,0.91239,0.91291,0.90972,0.90989,22375
1679922000,0.90991,0.91168,0.9076,0.90788,32053
1679936400,0.90789,0.90844,0.90696,0.90838,14807
1679950800,0.90752,0.91134,0.90747,0.91033,12852
1679965200,0.91034,0.91278,0.91024,0.91223,14653
1679979600,0.91221,0.91289,0.91123,0.91274,18868
1679994000,0.91271,0.91357,0.91168,0.91192,18195
1680008400,0.91192,0.9134,0.91124,0.91272,28045
1680022800,0.91273,0.91296,0.91162,0.9121,12824
1680037200,0.91182,0.91224,0.90913,0.91037,9684
1680051600,0.91038,0.9115,0.90997,0.91146,12982
1680066000,0.91145,0.91162,0.90654,0.9071,18308
1680080400,0.9071,0.9081,0.90632,0.907,19442
1680094800,0.90702,0.90935,0.90616,0.90652,29246
1680109200,0.90653,0.90686,0.90573,0.90612,13696
1680123600,0.90492,0.90656,0.90492,0.90558,8053
1680138000,0.9056,0.90722,0.90456,0.907,12911
1680152400,0.90704,0.90935,0.90688,0.90824,21803
1680166800,0.90828,0.90831,0.90556,0.90684,18488
1680181200,0.90683,0.90802,0.90539,0.90715,28130
1680195600,0.90715,0.90774,0.90648,0.90748,10918
1680210000,0.90637,0.90925,0.9061,0.90836,8750
1680224400,0.90837,0.91009,0.9074,0.90763,15263
1680238800,0.90761,0.90844,0.9047,0.90645,25022
1680253200,0.90642,0.90768,0.90531,0.90742,22275
1680267600,0.90742,0.90863,0.90411,0.90587,31000
1680282000,0.90588,0.90588,0.90287,0.90343,13289
1680469200,0.90144,0.90274,0.89872,0.90021,17491
1680483600,0.9002,0.90247,0.90007,0.90155,17185
1680498000,0.90157,0.90388,0.90054,0.90369,19726
1680512400,0.9037,0.91132,0.9037,0.91094,24354
1680526800,0.91095,0.91268,0.90927,0.91091,36190
1680541200,0.91092,0.91191,0.90948,0.91157,15253
1680555600,0.90865,0.91224,0.90865,0.91151,8962
1680570000,0.9115,0.91154,0.90809,0.90828,16196
1680584400,0.90828,0.90919,0.90429,0.90531,22212
1680598800,0.90532,0.90747,0.90417,0.90438,20289
1680613200,0.90439,0.90732,0.90354,0.9065,42288
1680627600,0.9065,0.90817,0.90636,0.90755,12864
1680642000,0.90672,0.90878,0.90668,0.90802,7934
1680656400,0.90808,0.91031,0.90674,0.90686,16230
1680670800,0.90685,0.90702,0.90201,0.90221,23808
1680685200,0.90221,0.90302,0.89975,0.90236,23926
1680699600,0.90239,0.90504,0.90036,0.90394,36843
1680714000,0.90392,0.9047,0.90327,0.90433,10681
1680728400,0.90352,0.90452,0.90298,0.90309,7467
1680742800,0.90308,0.90378,0.90265,0.90299,13160
1680757200,0.90295,0.90371,0.90194,0.90295,18759
1680771600,0.90294,0.90314,0.89894,0.89903,18648
1680786000,0.89906,0.89996,0.89748,0.89989,27066
1680800400,0.8999,0.90027,0.89919,0.90009,8671
1680814800,0.89847,0.90075,0.89847,0.90036,6985
1680829200,0.90037,0.90165,0.90034,0.90159,4588
1680843600,0.90165,0.90233,0.90107,0.90215,5992
1680858000,0.90213,0.90264,0.89827,0.90128,12975
1680872400,0.90126,0.90157,0.89909,0.89997,12962
1680886800,0.89998,0.90168,0.8989,0.89985,11746
1681074000,0.8989,0.90127,0.8989,0.89965,8906
1681088400,0.89963,0.90058,0.8995,0.89998,9260
1681102800,0.89995,0.90046,0.89904,0.90002,11035
1681117200,0.9,0.9011,0.89664,0.89708,15751
1681131600,0.89702,0.89758,0.89644,0.89722,18735
1681146000,0.89725,0.89748,0.89672,0.89718,10102
1681160400,0.89498,0.8988,0.89475,0.89869,6856
1681174800,0.89871,0.90042,0.89749,0.8998,15803
1681189200,0.89978,0.90093,0.89922,0.90024,18649
1681203600,0.90024,0.90032,0.89805,0.89901,18781
1681218000,0.89903,0.89945,0.89596,0.89621,21017
1681232400,0.89621,0.89637,0.89559,0.89575,9113
1681246800,0.89487,0.89661,0.89487,0.89605,6207
1681261200,0.89603,0.89828,0.89562,0.898,12413
1681275600,0.898,0.89806,0.8953,0.89681,15659
1681290000,0.8968,0.90327,0.89607,0.90213,25138
1681304400,0.90213,0.90321,0.89842,0.89977,39497
1681318800,0.89975,0.90032,0.89889,0.89961,18473
1681333200,0.89867,0.90021,0.89867,0.89921,8598
1681347600,0.89922,0.90273,0.8988,0.90104,16273
1681362000,0.90104,0.90252,0.89946,0.90122,19082
1681376400,0.90122,0.90523,0.90067,0.90475,23772
1681390800,0.90474,0.90567,0.90349,0.90551,30283
1681405200,0.90553,0.90674,0.90467,0.90476,12508
1681419600,0.90408,0.9054,0.90322,0.90439,7850
1681434000,0.9044,0.90494,0.90285,0.90356,13668
1681448400,0.90357,0.90363,0.9013,0.90155,17749
1681462800,0.90155,0.90518,0.90103,0.90237,25449
1681477200,0.90235,0.90265,0.89593,0.89657,41143
1681491600,0.89655,0.8971,0.89568,0.89628,13597
1681678800,0.89501,0.89684,0.89452,0.89518,6008
1681693200,0.89518,0.89672,0.89482,0.89604,11563
1681707600,0.89603,0.89655,0.89431,0.89508,19326
1681722000,0.89508,0.89748,0.89489,0.89589,20907
1681736400,0.89588,0.89757,0.89555,0.89715,35095
1681750800,0.89719,0.89803,0.89701,0.89752,11675
1681765200,0.89507,0.89775,0.89502,0.89733,5384
1681779600,0.89732,0.8998,0.89717,0.89917,16459
1681794000,0.89917,0.90089,0.89917,0.90044,20774
1681808400,0.90043,0.90202,0.90022,0.90031,19961
1681822800,0.90031,0.90154,0.89955,0.90077,31411
1681837200,0.90076,0.90128,0.90029,0.90062,12355
1681851600,0.89917,0.90241,0.89893,0.9019,6211
1681866000,0.90193,0.90235,0.90014,0.90166,12487
1681880400,0.90166,0.9019,0.89958,0.90004,23158
1681894800,0.90006,0.90298,0.89892,0.90275,24065
1681909200,0.90275,0.9046,0.90238,0.90384,26051
1681923600,0.9038,0.90417,0.90318,0.90361,11859
1681938000,0.90317,0.90366,0.90244,0.90248,11220
1681952400,0.90248,0.9034,0.90185,0.90293,13270
1681966800,0.90294,0.9049,0.90291,0.90391,18781
1681981200,0.9039,0.90922,0.90289,0.909,21808
1681995600,0.90901,0.91061,0.90859,0.90879,26509
1682010000,0.90879,0.90924,0.90754,0.90851,11645
1682024400,0.90702,0.90928,0.90702,0.9085,6660
1682038800,0.90848,0.9086,0.90624,0.90651,11511
1682053200,0.90652,0.90678,0.9036,0.90398,20069
1682067600,0.90402,0.90707,0.90398,0.90673,17295
1682082000,0.90671,0.9078,0.9046,0.90589,33417
1682096400,0.90588,0.90713,0.90534,0.90612,11487
1682283600,0.90522,0.90669,0.9048,0.90646,6760
1682298000,0.90645,0.90647,0.90435,0.90491,15026
1682312400,0.90493,0.90568,0.90388,0.90491,19382
1682326800,0.9049,0.90529,0.90387,0.90485,17718
1682341200,0.90485,0.90649,0.90417,0.90521,25093
1682355600,0.90519,0.90672,0.90506,0.90672,10911
1682370000,0.90577,0.90727,0.90551,0.90598,5783
1682384400,0.90598,0.90669,0.90423,0.90473,13059
1682398800,0.90471,0.90605,0.90365,0.90426,21787
1682413200,0.90427,0.90537,0.90383,0.90393,18849
1682427600,0.90396,0.90436,0.90242,0.90303,27913
1682442000,0.90303,0.9033,0.90233,0.90279,16143
1682456400,0.90272,0.904,0.90222,0.9036,9815
1682470800,0.90358,0.90382,0.90054,0.90123,17648
1682485200,0.90122,0.9013,0.89928,0.89973,23221
1682499600,0.89975,0.90038,0.89866,0.89987,30350
1682514000,0.89985,0.90136,0.89905,0.89948,38705
1682528400,0.89947,0.90059,0.89926,0.90029,16552
1682542800,0.89942,0.90115,0.89886,0.90114,9695
1682557200,0.90113,0.90192,0.90047,0.90182,17217
1682571600,0.90186,0.90343,0.9013,0.90198,24647
1682586000,0.90197,0.90258,0.90023,0.90052,27125
1682600400,0.90052,0.901,0.89915,0.90051,34793
1682614800,0.9005,0.9019,0.90042,0.90101,15782
1682629200,0.90072,0.90259,0.89922,0.90241,9782
1682643600,0.9024,0.90297,0.90007,0.90017,18936
1682658000,0.90019,0.9005,0.89864,0.89921,29018
1682672400,0.89919,0.89982,0.89725,0.89822,28189
1682686800,0.89822,0.89967,0.89555,0.89672,41275
1682701200,0.89673,0.89678,0.89507,0.89584,15049
1682888400,0.89481,0.89724,0.89442,0.897,9631
1682902800,0.89699,0.89961,0.89663,0.89924,12050
1682917200,0.89924,0.90039,0.89922,0.90037,15316
1682931600,0.90036,0.90283,0.90028,0.90271,18560
1682946000,0.90272,0.90378,0.89788,0.89794,34942
1682960400,0.89794,0.89829,0.89743,0.89792,16535
1682974800,0.89671,0.89857,0.8964,0.89745,9529
1682989200,0.89746,0.9064,0.89729,0.90604,22876
1683003600,0.90604,0.90928,0.90602,0.90829,31519
1683018000,0.90827,0.90992,0.90767,0.90919,25316
1683032400,0.90919,0.91058,0.9073,0.90915,44515
1683046800,0.90913,0.90951,0.90742,0.90778,17640
1683061200,0.90717,0.90871,0.90684,0.90828,9195
1683075600,0.90826,0.90918,0.90705,0.9073,14488
1683090000,0.9073,0.90782,0.90647,0.90714,20900
1683104400,0.90711,0.90861,0.90658,0.90749,25747
1683118800,0.90749,0.90978,0.90701,0.90861,34032
1683133200,0.90861,0.91052,0.90725,0.90838,45063
1683147600,0.90776,0.9084,0.90494,0.90596,19053
1683162000,0.90601,0.90964,0.90573,0.90913,20888
1683176400,0.90911,0.90997,0.90677,0.90677,27548
1683190800,0.90677,0.90941,0.90653,0.90693,30245
1683205200,0.90692,0.90753,0.90475,0.90706,51336
1683219600,0.90701,0.90755,0.90544,0.90604,22239
1683234000,0.90523,0.90662,0.90523,0.90661,8157
1683248400,0.90663,0.90992,0.90641,0.90969,16117
1683262800,0.90969,0.91057,0.90811,0.90836,21354
1683277200,0.90837,0.90893,0.90293,0.90333,28109
1683291600,0.90334,0.90667,0.90321,0.90524,39433
1683306000,0.90523,0.9059,0.90297,0.90321,14348
1683493200,0.9017,0.90356,0.9015,0.90244,9263
1683507600,0.90244,0.90576,0.90196,0.90557,14545
1683522000,0.90557,0.90677,0.9054,0.90585,17119
1683536400,0.90584,0.90636,0.90474,0.90531,18851
1683550800,0.90535,0.90784,0.90523,0.90695,25107
1683565200,0.90694,0.90738,0.90649,0.9067,12669
1683579600,0.90547,0.90682,0.90514,0.90604,8026
1683594000,0.90603,0.90713,0.90548,0.9067,13574
1683608400,0.90668,0.90697,0.90368,0.90372,20149
1683622800,0.90371,0.90573,0.90329,0.90452,20549
1683637200,0.90449,0.90559,0.90383,0.90437,27484
1683651600,0.90438,0.90517,0.90411,0.90497,11925
1683666000,0.90403,0.90552,0.90403,0.90479,7782
1683680400,0.9048,0.90581,0.90461,0.90545,13528
1683694800,0.90546,0.90582,0.90398,0.90432,20824
1683709200,0.90431,0.90931,0.90152,0.90902,27870
1683723600,0.90901,0.90932,0.90322,0.90518,42023
1683738000,0.90519,0.90681,0.90474,0.90634,16233
1683752400,0.90503,0.90764,0.90441,0.90738,8554
1683766800,0.90736,0.90812,0.90565,0.90657,16871
1683781200,0.90657,0.90693,0.90196,0.9029,27079
1683795600,0.90296,0.90575,0.90216,0.90473,31450
1683810000,0.90472,0.90473,0.90221,0.90308,38821
1683824400,0.9031,0.90411,0.90263,0.90398,13895
1683838800,0.90373,0.90463,0.90265,0.90401,7854
1683853200,0.90399,0.90407,0.90189,0.90308,16554
1683867600,0.90308,0.90395,0.90179,0.90266,23169
1683882000,0.90267,0.90283,0.90067,0.90126,16530
1683896400,0.90127,0.90221,0.89935,0.90068,29720
1683910800,0.90067,0.90092,0.90017,0.90019,12812
1684098000,0.89915,0.90238,0.8991,0.902,11100
1684112400,0.90197,0.90325,0.90176,0.90296,16108
1684126800,0.90297,0.90421,0.90297,0.90345,21598
1684141200,0.90345,0.90345,0.90219,0.90315,19708
1684155600,0.90314,0.90382,0.9016,0.9029,24408
1684170000,0.9029,0.90309,0.90206,0.90215,12208
1684184400,0.90034,0.90325,0.8999,0.90284,6877
1684198800,0.90283,0.90291,0.90038,0.90144,16260
1684213200,0.90144,0.90145,0.8992,0.89998,21574
1684227600,0.90002,0.90081,0.89561,0.89581,22756
1684242000,0.89582,0.8972,0.89532,0.89604,34956
1684256400,0.89605,0.89717,0.89587,0.89697,13954
1684270800,0.89604,0.89748,0.89556,0.89703,8147
1684285200,0.89704,0.89799,0.89589,0.89642,16859
1684299600,0.89642,0.89749,0.89521,0.89664,24217
1684314000,0.89663,0.89824,0.89614,0.89673,21053
1684328400,0.89672,0.89782,0.89539,0.89663,32827
1684342800,0.89662,0.89691,0.89546,0.89589,13408
1684357200,0.89508,0.89721,0.89496,0.89596,8391
1684371600,0.89595,0.8971,0.89294,0.89572,19492
1684386000,0.89573,0.89629,0.89335,0.8937,22828
1684400400,0.8937,0.89501,0.89258,0.89261,20100
1684414800,0.89261,0.89393,0.89094,0.89339,31321
1684429200,0.89339,0.89421,0.89317,0.8939,14258
1684443600,0.89312,0.89515,0.89139,0.89477,11552
1684458000,0.89478,0.89589,0.89394,0.89524,19843
1684472400,0.89521,0.89711,0.89481,0.89625,23611
1684486800,0.89626,0.89874,0.89605,0.89719,25257
1684501200,0.89719,0.9011,0.89678,0.89979,44224
1684515600,0.89982,0.9001,0.89728,0.89755,16262
1684702800,0.89633,0.89892,0.8963,0.89874,10406
1684717200,0.89878,0.8991,0.89689,0.89738,19600
1684731600,0.89738,0.89773,0.89512,0.89601,24797
1684746000,0.89602,0.89779,0.89581,0.89681,22647
1684760400,0.89681,0.89823,0.8963,0.89795,30101
1684774800,0.89796,0.89886,0.89776,0.89831,13074
1684789200,0.89668,0.89902,0.89667,0.89848,7935
1684803600,0.89845,0.89853,0.89645,0.89776,16592
1684818000,0.89774,0.89832,0.89573,0.89691,25200
1684832400,0.89694,0.89717,0.89264,0.89296,23653
1684846800,0.89297,0.89543,0.89257,0.89317,36052
1684861200,0.8932,0.89346,0.89215,0.89232,16704
1684875600,0.89243,0.89298,0.89169,0.89243,6401
1684890000,0.89244,0.89288,0.88963,0.89056,20014
1684904400,0.89061,0.8911,0.88944,0.89079,28535
1684918800,0.8908,0.89116,0.88913,0.89011,25982
1684933200,0.89011,0.89067,0.88782,0.88859,36308
1684947600,0.88859,0.88973,0.88828,0.88951,20656
1684962000,0.88803,0.88981,0.88781,0.88927,10835
1684976400,0.88926,0.88942,0.88757,0.88803,18594
1684990800,0.888,0.88912,0.88743,0.88776,25072
1685005200,0.88778,0.88841,0.88632,0.8868,23963
1685019600,0.88679,0.8878,0.88617,0.8862,36719
1685034000,0.8862,0.88749,0.8862,0.88733,16457
1685048400,0.88588,0.88754,0.88588,0.88723,9671
1685062800,0.88723,0.88856,0.88688,0.88833,14893
1685077200,0.88832,0.88925,0.88789,0.88887,22954
1685091600,0.88887,0.89065,0.88853,0.88973,24844
1685106000,0.88972,0.88993,0.88628,0.88713,36331
1685120400,0.88713,0.88782,0.88692,0.88742,12884
1685307600,0.88716,0.88863,0.88628,0.88833,8092
1685322000,0.88832,0.88982,0.88811,0.88921,13437
1685336400,0.8892,0.89047,0.88784,0.88916,15544
1685350800,0.88913,0.89012,0.88861,0.89012,11285
1685365200,0.89011,0.89018,0.88809,0.88813,8260
1685379600,0.88815,0.88887,0.88813,0.88851,3137
1685394000,0.88733,0.88902,0.88733,0.88852,7912
1685408400,0.8885,0.88989,0.88556,0.88602,19701
1685422800,0.88602,0.88872,0.8847,0.88871,25972
1685437200,0.88871,0.88985,0.88782,0.88811,27281
1685451600,0.88812,0.88853,0.88458,0.88487,33580
1685466000,0.88487,0.88633,0.88483,0.88629,14291
1685480400,0.88439,0.88702,0.88439,0.88655,7047
1685494800,0.88654,0.88928,0.88488,0.88599,20125
1685509200,0.886,0.88613,0.88345,0.88379,30327
1685523600,0.88379,0.88459,0.88262,0.88268,20468
1685538000,0.88268,0.88378,0.87828,0.87945,42822
1685552400,0.87946,0.88295,0.87938,0.88275,22245
1685566800,0.88088,0.88319,0.88025,0.88141,8377
1685581200,0.88143,0.88411,0.88065,0.8837,19207
1685595600,0.8837,0.8842,0.881,0.88298,22756
1685610000,0.88298,0.88489,0.88257,0.88363,26738
1685624400,0.88364,0.88587,0.8832,0.88405,40965
1685638800,0.88405,0.88475,0.8833,0.88381,14536
1685653200,0.88243,0.88509,0.88188,0.88425,8076
1685667600,0.88424,0.88839,0.88415,0.88758,15826
1685682000,0.88758,0.88895,0.88693,0.88892,20380
1685696400,0.88892,0.89072,0.88668,0.8892,25303
1685710800,0.8892,0.89026,0.88842,0.88871,37282
1685725200,0.88873,0.88898,0.88671,0.88694,12317
1685912400,0.88626,0.88656,0.88538,0.88591,8668
1685926800,0.88595,0.88769,0.88524,0.88736,14851
1685941200,0.88737,0.888,0.88522,0.886,19419
1685955600,0.88598,0.88717,0.88485,0.88708,15628
1685970000,0.88707,0.8915,0.88659,0.88863,32856
1685984400,0.88861,0.88976,0.88839,0.88952,14177
1685998800,0.88933,0.88985,0.88771,0.88888,6866
1686013200,0.88887,0.89513,0.88816,0.89398,18012
1686027600,0.89399,0.89554,0.89263,0.89361,28757
1686042000,0.89361,0.89507,0.89241,0.89372,20634
1686056400,0.89375,0.89546,0.89204,0.89471,30050
1686070800,0.89471,0.89522,0.89386,0.89405,12130
1686085200,0.8931,0.89582,0.89141,0.89478,7914
1686099600,0.89481,0.89548,0.89355,0.89531,16869
1686114000,0.89531,0.89582,0.89399,0.89566,19531
1686128400,0.89566,0.89728,0.89491,0.89619,21019
1686142800,0.89619,0.89883,0.88927,0.88957,42026
1686157200,0.88956,0.89026,0.88915,0.8894,17358
1686171600,0.88918,0.89053,0.88904,0.89027,7966
1686186000,0.89028,0.89094,0.88943,0.89013,15463
1686200400,0.89014,0.89206,0.8896,0.89166,20196
1686214800,0.89165,0.89466,0.8913,0.89415,20532
1686229200,0.89413,0.89787,0.89366,0.89652,34828
1686243600,0.89651,0.89698,0.89599,0.89688,12568
1686258000,0.89504,0.89726,0.89436,0.89711,8075
1686272400,0.89712,0.89733,0.89499,0.89514,15628
1686286800,0.89514,0.89698,0.89466,0.89551,23962
1686301200,0.89552,0.89962,0.89451,0.89939,20595
1686315600,0.89939,0.89996,0.89732,0.8996,31808
1686330000,0.89959,0.89996,0.8992,0.8993,11435
1686517200,0.89736,0.90022,0.89671,0.89975,6232
1686531600,0.89976,0.9002,0.89893,0.89984,11826
1686546000,0.89984,0.90196,0.89941,0.90177,17552
1686560400,0.90176,0.90245,0.90089,0.90199,20129
1686574800,0.90195,0.9032,0.9003,0.90246,27689
1686589200,0.90246,0.90296,0.90211,0.90228,12471
1686603600,0.9008,0.90283,0.90047,0.90171,7105
1686618000,0.9017,0.90371,0.90104,0.90354,15659
1686632400,0.90353,0.90568,0.90311,0.90506,23111
1686646800,0.90504,0.90635,0.90094,0.90546,27732
1686661200,0.90544,0.9063,0.90082,0.90176,41065
1686675600,0.90176,0.90203,0.89948,0.90086,16910
1686690000,0.90045,0.90163,0.89917,0.901,6379
1686704400,0.90103,0.90238,0.90072,0.90098,11740
1686718800,0.90097,0.90238,0.90036,0.9015,17422
1686733200,0.90151,0.90557,0.90147,0.90549,19637
1686747600,0.90546,0.90806,0.90506,0.90658,26508
1686762000,0.90652,0.90731,0.90161,0.90523,44713
1686776400,0.90524,0.90623,0.90421,0.90517,8195
1686790800,0.90512,0.908,0.90273,0.90795,19324
1686805200,0.90795,0.90976,0.90721,0.9074,23307
1686819600,0.90744,0.90879,0.90487,0.90744,25888
1686834000,0.90744,0.91012,0.90682,0.9095,34121
1686848400,0.90948,0.91052,0.90895,0.90981,14553
1686862800,0.90948,0.9103,0.90882,0.9097,8229
1686877200,0.90972,0.91058,0.90881,0.90999,15384
1686891600,0.90997,0.91168,0.90905,0.91012,25108
1686906000,0.91012,0.91047,0.90804,0.90831,22033
1686920400,0.9083,0.90853,0.90506,0.90626,40776
1686934800,0.90624,0.90763,0.9054,0.90721,16320
1687122000,0.90741,0.90788,0.90535,0.90562,8591
1687136400,0.90563,0.906,0.90397,0.90512,14658
1687150800,0.90512,0.90671,0.9047,0.90592,22115
1687165200,0.90593,0.90609,0.90251,0.90358,17258
1687179600,0.90358,0.9048,0.90279,0.90441,15565
1687194000,0.90442,0.90497,0.90421,0.90466,4102
1687208400,0.90483,0.90526,0.90332,0.90444,10378
1687222800,0.90443,0.90499,0.89893,0.89978,20581
1687237200,0.89974,0.90012,0.89763,0.89791,26290
1687251600,0.89792,0.89859,0.89632,0.89669,25524
1687266000,0.89667,0.89747,0.89529,0.89713,39209
1687280400,0.89713,0.8983,0.89675,0.89817,17676
1687294800,0.89642,0.89853,0.89642,0.89698,9800
1687309200,0.89699,0.89871,0.89632,0.89753,21377
1687323600,0.89752,0.8977,0.89462,0.89471,27977
1687338000,0.89471,0.89551,0.89174,0.89261,27157
1687352400,0.89259,0.89464,0.89096,0.89448,43684
1687366800,0.89443,0.8954,0.89362,0.89462,20601
1687381200,0.89284,0.89504,0.89281,0.8944,8396
1687395600,0.8944,0.8952,0.89016,0.89032,15427
1687410000,0.89032,0.89309,0.88956,0.89223,26373
1687424400,0.89224,0.894,0.89113,0.89126,27577
1687438800,0.89124,0.89168,0.8881,0.88813,38911
1687453200,0.88814,0.88877,0.88768,0.88836,16957
1687467600,0.88708,0.88944,0.88624,0.88902,9783
1687482000,0.88905,0.88929,0.88279,0.88307,24520
1687496400,0.88306,0.88396,0.8826,0.88321,30187
1687510800,0.8832,0.88412,0.88099,0.88217,23212
1687525200,0.88216,0.88304,0.87966,0.88177,38159
1687539600,0.88179,0.88191,0.87976,0.87983,16635
1687726800,0.87988,0.88043,0.87829,0.87923,11371
1687741200,0.87923,0.88046,0.87898,0.87978,19160
1687755600,0.87977,0.87978,0.87731,0.87826,24990
1687770000,0.87828,0.87925,0.87757,0.8783,18346
1687784400,0.8783,0.87998,0.87735,0.87813,30437
1687798800,0.87814,0.87848,0.87764,0.87802,13554
1687813200,0.87654,0.87886,0.87647,0.87829,11374
1687827600,0.87827,0.88208,0.87822,0.88177,23364
1687842000,0.88178,0.88201,0.87845,0.87859,24153
1687856400,0.8786,0.88248,0.87829,0.88147,24209
1687870800,0.88148,0.88378,0.87999,0.88127,39894
1687885200,0.88127,0.88206,0.88104,0.88199,15406
1687899600,0.88172,0.8822,0.87979,0.88033,9491
1687914000,0.88033,0.88087,0.87455,0.87806,24010
1687928400,0.87807,0.87843,0.87682,0.87708,23847
1687942800,0.87714,0.878,0.87637,0.87663,23557
1687957200,0.87666,0.87839,0.87498,0.8767,40966
1687971600,0.87669,0.87677,0.87457,0.87502,15016
1687986000,0.87476,0.87516,0.87404,0.87473,7080
1688000400,0.87474,0.87774,0.87474,0.87721,17731
1688014800,0.87722,0.87935,0.87678,0.878,21297
1688029200,0.87801,0.88005,0.87728,0.87767,20599
1688043600,0.87767,0.87896,0.8762,0.87803,38355
1688058000,0.87801,0.87811,0.87652,0.87676,15001
1688072400,0.87545,0.87733,0.87528,0.87595,7604
1688086800,0.87599,0.87839,0.87565,0.87792,18773
1688101200,0.87795,0.87947,0.8772,0.87733,21362
1688115600,0.87736,0.88249,0.87736,0.88159,23487
1688130000,0.88154,0.88227,0.87931,0.88217,40368
1688144400,0.88217,0.88291,0.88155,0.88218,15449
1688331600,0.88146,0.883,0.88115,0.88201,6985
1688346000,0.88199,0.88347,0.87951,0.88321,18523
1688360400,0.88321,0.88409,0.88059,0.88305,23799
1688374800,0.88304,0.8833,0.88071,0.88284,20530
1688389200,0.88283,0.88543,0.88273,0.88425,31147
1688403600,0.88424,0.88467,0.88372,0.88395,4105
1688418000,0.88288,0.88525,0.88243,0.88481,4847
1688432400,0.88482,0.88558,0.88015,0.88073,17604
1688446800,0.88073,0.88485,0.8802,0.88417,19184
1688461200,0.88416,0.88504,0.88348,0.88403,15227
1688475600,0.88403,0.88591,0.8837,0.88508,13476
1688490000,0.88509,0.88557,0.88464,0.88476,3530
1688504400,0.88423,0.8855,0.88334,0.88504,6545
1688518800,0.88506,0.88541,0.88391,0.88428,14190
1688533200,0.88427,0.88576,0.88369,0.88547,22887
1688547600,0.88546,0.88602,0.88421,0.885,20570
1688562000,0.88501,0.88563,0.88409,0.88436,30166
1688576400,0.88434,0.88514,0.88369,0.88383,13717
1688590800,0.88291,0.88433,0.88291,0.8841,5433
1688605200,0.88409,0.88623,0.88248,0.8845,16719
1688619600,0.88445,0.88853,0.88402,0.88674,22801
1688634000,0.88674,0.88848,0.88386,0.88431,26492
1688648400,0.88433,0.88532,0.88193,0.88455,39992
1688662800,0.88453,0.88576,0.88433,0.88561,11704
1688677200,0.88413,0.88608,0.88334,0.88565,7426
1688691600,0.88567,0.88712,0.88551,0.88673,14353
1688706000,0.88676,0.88811,0.88632,0.88806,22230
1688720400,0.88808,0.8887,0.88381,0.88415,26717
1688734800,0.88413,0.889,0.88336,0.88894,43851
1688749200,0.88895,0.88907,0.8875,0.88815,12224
1688936400,0.88575,0.88883,0.88535,0.8877,10708
1688950800,0.88769,0.88872,0.88555,0.88601,19266
1688965200,0.88601,0.88623,0.88249,0.88259,20575
1688979600,0.8826,0.88282,0.8809,0.88128,20234
1688994000,0.88126,0.88643,0.88126,0.88636,32475
1689008400,0.88637,0.88737,0.88624,0.88636,12878
1689022800,0.88572,0.88759,0.8844,0.88694,6850
1689037200,0.88694,0.88765,0.88574,0.88717,29028
1689051600,0.88717,0.88769,0.88457,0.88486,39682
1689066000,0.88488,0.88596,0.88364,0.88395,34542
1689080400,0.88395,0.88461,0.88227,0.88355,44389
1689094800,0.88355,0.88505,0.88354,0.88443,19575
1689109200,0.88343,0.88789,0.88265,0.88714,15067
1689123600,0.88715,0.88989,0.88702,0.88759,37857
1689138000,0.88761,0.88771,0.88315,0.88352,35986
1689152400,0.88353,0.89141,0.88315,0.88971,37833
1689166800,0.88968,0.89594,0.88965,0.8958,70627
1689181200,0.8958,0.89608,0.89484,0.89507,26706
1689195600,0.89363,0.89612,0.89324,0.89515,14917
1689210000,0.89515,0.89818,0.89487,0.89734,34514
1689224400,0.89732,0.9014,0.89691,0.90061,43312
1689238800,0.90059,0.90398,0.90008,0.90336,42009
1689253200,0.90336,0.90561,0.90181,0.9023,53775
1689267600,0.90229,0.90345,0.90206,0.903,21758
1689282000,0.90168,0.90358,0.90145,0.90182,16191
1689296400,0.90182,0.90304,0.90162,0.90261,32610
1689310800,0.90261,0.90277,0.90089,0.90155,37744
1689325200,0.90153,0.90191,0.89963,0.90052,32005
1689339600,0.9005,0.90498,0.89934,0.90498,59558
1689354000,0.90498,0.90503,0.90313,0.90378,20192
1689541200,0.90353,0.90459,0.90211,0.90333,14449
1689555600,0.90335,0.90363,0.90004,0.9012,29692
1689570000,0.9012,0.90217,0.89954,0.901,31619
1689584400,0.901,0.90141,0.89807,0.8983,33184
1689598800,0.89829,0.89911,0.89618,0.8989,43972
1689613200,0.8989,0.90045,0.89877,0.89959,16722
1689627600,0.8991,0.89978,0.89838,0.89892,14687
1689642000,0.89893,0.90152,0.89866,0.89997,41373
1689656400,0.89996,0.90129,0.89879,0.89951,40500
1689670800,0.8995,0.90016,0.89774,0.89935,41688
1689685200,0.89936,0.90052,0.89704,0.89726,62620
1689699600,0.89726,0.89766,0.89678,0.89685,20210
1689714000,0.89682,0.89794,0.89574,0.89623,17129
1689728400,0.8962,0.89672,0.89309,0.89401,36343
1689742800,0.89402,0.89499,0.89092,0.89126,46464
1689757200,0.89126,0.89272,0.89086,0.89229,35235
1689771600,0.8923,0.89329,0.88949,0.89131,58740
1689786000,0.89131,0.8921,0.89078,0.89127,22433
1689800400,0.88985,0.89283,0.88947,0.89267,13839
1689814800,0.89266,0.89858,0.89257,0.898,44733
1689829200,0.89799,0.89833,0.89543,0.89644,43871
1689843600,0.89644,0.89825,0.89491,0.89578,38894
1689858000,0.89578,0.89693,0.89231,0.89269,59124
1689872400,0.89268,0.89396,0.89268,0.89292,21853
1689886800,0.89284,0.89329,0.89187,0.89219,13296
1689901200,0.8922,0.89281,0.89074,0.89257,34199
1689915600,0.89257,0.8935,0.88867,0.88895,42622
1689930000,0.88897,0.89004,0.88794,0.88953,34966
1689944400,0.88953,0.89056,0.88854,0.89007,47528
1689958800,0.89006,0.89037,0.88859,0.8899,17777
1690146000,0.88899,0.89001,0.88885,0.8895,13222
1690160400,0.88951,0.89079,0.88809,0.8896,31009
1690174800,0.8896,0.89027,0.88834,0.88845,40876
1690189200,0.88847,0.89067,0.88783,0.88859,34467
1690203600,0.88858,0.88914,0.88643,0.88785,55722
1690218000,0.88785,0.88819,0.88718,0.8875,19738
1690232400,0.8875,0.88767,0.88532,0.88671,13741
1690246800,0.88671,0.89062,0.88664,0.88951,37187
1690261200,0.8895,0.89235,0.88941,0.89208,41978
1690275600,0.89208,0.89354,0.89092,0.89308,28711
1690290000,0.89308,0.89575,0.8917,0.89436,44347
1690304400,0.89436,0.89483,0.89339,0.89448,18436
1690318800,0.89437,0.8952,0.89327,0.89378,16526
1690333200,0.89377,0.89431,0.8883,0.89164,34184
1690347600,0.89165,0.89327,0.89088,0.89281,38146
1690362000,0.89282,0.89321,0.89099,0.89131,28371
1690376400,0.8913,0.89378,0.89016,0.89283,48100
1690390800,0.89284,0.89496,0.89076,0.89239,62277
1690405200,0.89193,0.89358,0.89172,0.89283,14646
1690419600,0.89283,0.89807,0.8928,0.89712,37604
1690434000,0.89708,0.8978,0.89471,0.89667,42688
1690448400,0.89668,0.89695,0.89209,0.89309,44148
1690462800,0.89309,0.89337,0.88693,0.88845,61706
1690477200,0.88846,0.89019,0.88677,0.887,43329
1690491600,0.88622,0.8879,0.88583,0.88621,18253
1690506000,0.88623,0.88698,0.87994,0.88066,60918
1690520400,0.88065,0.88206,0.8772,0.87949,56870
1690534800,0.87949,0.88264,0.87883,0.88082,45485
1690549200,0.88079,0.88293,0.8796,0.8814,53901
1690563600,0.88139,0.88158,0.87972,0.88048,24116
1690750800,0.87967,0.88337,0.87963,0.8832,19834
1690765200,0.8832,0.88483,0.88271,0.88458,40433
1690779600,0.88458,0.88644,0.88418,0.88574,41753
1690794000,0.88574,0.88733,0.88573,0.88655,29926
1690808400,0.88654,0.88744,0.8843,0.88523,45505
1690822800,0.88525,0.88649,0.88491,0.88583,17280
1690837200,0.88507,0.88657,0.88472,0.8857,11330
1690851600,0.88571,0.88684,0.88069,0.88242,37183
1690866000,0.88242,0.88278,0.87839,0.87942,41410
1690880400,0.87941,0.88033,0.87811,0.87826,37067
1690894800,0.87827,0.88001,0.87764,0.87828,49067
1690909200,0.87829,0.87895,0.87772,0.87838,15334
1690923600,0.87795,0.87874,0.87725,0.8782,23264
1690938000,0.87819,0.87984,0.87475,0.87549,36356
1690952400,0.87549,0.8766,0.87361,0.8764,41921
1690966800,0.8764,0.87687,0.87385,0.87385,42118
1690981200,0.87386,0.87459,0.87103,0.87313,48024
1690995600,0.87315,0.87392,0.87265,0.87275,20843
1691010000,0.87138,0.87334,0.87119,0.87223,15514
1691024400,0.87221,0.87414,0.87171,0.87171,38515
1691038800,0.87171,0.87337,0.87131,0.87177,50578
1691053200,0.87176,0.87426,0.87175,0.87276,50728
1691067600,0.87272,0.87558,0.87164,0.8748,60054
1691082000,0.87481,0.87491,0.87387,0.87458,20841
1691096400,0.87417,0.87653,0.87282,0.87651,16539
1691110800,0.87651,0.87844,0.87588,0.87743,42635
1691125200,0.87742,0.87805,0.87615,0.87661,41270
1691139600,0.87661,0.87968,0.87446,0.87883,43496
1691154000,0.87881,0.88217,0.87854,0.87992,62974
1691168400,0.87993,0.8805,0.87844,0.87909,32914
1691355600,0.8774,0.88026,0.87728,0.87995,18707
1691370000,0.87994,0.88152,0.87914,0.87929,36697
1691384400,0.87932,0.88031,0.8782,0.87861,37525
1691398800,0.87862,0.8792,0.87815,0.87905,32318
1691413200,0.87908,0.87994,0.87707,0.87812,48088
1691427600,0.87811,0.87904,0.87771,0.8788,19201
1691442000,0.87768,0.87919,0.87768,0.87836,12967
1691456400,0.87837,0.87844,0.87561,0.87675,48122
1691470800,0.87677,0.87719,0.87437,0.87594,46436
1691485200,0.87591,0.87858,0.87469,0.87761,41575
1691499600,0.8776,0.87834,0.87632,0.87653,58333
1691514000,0.87653,0.87819,0.87653,0.87796,27633
1691528400,0.87759,0.87811,0.87664,0.8768,16277
1691542800,0.87681,0.88026,0.87671,0.87931,39185
1691557200,0.87933,0.88094,0.87882,0.87976,40483
1691571600,0.87976,0.87976,0.8775,0.87831,38438
1691586000,0.87829,0.87909,0.87637,0.87693,54287
1691600400,0.87692,0.87787,0.87614,0.87615,22299
1691614800,0.87567,0.87718,0.87505,0.87626,13111
1691629200,0.87624,0.87802,0.87587,0.87732,31119
1691643600,0.87733,0.87893,0.87696,0.87835,36019
1691658000,0.87832,0.88478,0.87821,0.8818,38214
1691672400,0.88177,0.88199,0.87816,0.87888,70506
1691686800,0.87887,0.87909,0.87597,0.876,42748
1691701200,0.87562,0.87655,0.87505,0.87627,15345
1691715600,0.87628,0.87733,0.87585,0.87668,34580
1691730000,0.87666,0.87736,0.8758,0.87694,40437
1691744400,0.87695,0.87806,0.87558,0.87566,40969
1691758800,0.87566,0.87672,0.87212,0.87256,60890
1691773200,0.87256,0.87354,0.87225,0.8732,23611
1691960400,0.87208,0.87338,0.8711,0.87111,18146
1691974800,0.87112,0.87148,0.86892,0.871,40430
1691989200,0.87101,0.87352,0.8708,0.87259,43192
1692003600,0.87261,0.87401,0.87139,0.87183,34946
1692018000,0.87182,0.87444,0.86983,0.87386,54199
1692032400,0.87383,0.8742,0.87265,0.87317,20708
1692046800,0.87253,0.87362,0.87119,0.87313,12065
1692061200,0.87312,0.87527,0.8705,0.87439,44700
1692075600,0.87442,0.8765,0.87199,0.87317,49698
1692090000,0.87317,0.87386,0.8706,0.87143,47348
1692104400,0.87143,0.87531,0.87115,0.87231,66697
1692118800,0.87232,0.87263,0.8709,0.87128,22978
1692133200,0.87109,0.8715,0.86931,0.86933,16044
1692147600,0.86933,0.8717,0.86829,0.87082,44601
1692162000,0.87082,0.8736,0.87029,0.87252,44488
1692176400,0.87253,0.87253,0.86923,0.86932,34653
1692190800,0.86929,0.87274,0.86912,0.87029,57905
1692205200,0.87029,0.87118,0.86872,0.86913,43379
1692219600,0.86882,0.86928,0.86688,0.86689,20088
1692234000,0.86688,0.86731,0.86248,0.8648,45787
1692248400,0.86478,0.86653,0.86379,0.86518,42477
1692262800,0.86518,0.87072,0.86482,0.8694,46455
1692277200,0.86937,0.87028,0.86695,0.86792,60079
1692291600,0.86794,0.86796,0.86632,0.86734,30202
1692306000,0.8671,0.8689,0.86524,0.86843,17278
1692320400,0.86842,0.86956,0.8665,0.86681,41288
1692334800,0.8668,0.86833,0.8663,0.86643,46250
1692349200,0.86645,0.86694,0.8655,0.86667,40565
1692363600,0.86669,0.86946,0.86651,0.86821,56763
1692378000,0.8682,0.86875,0.86739,0.86768,26245
1692565200,0.86759,0.8689,0.86707,0.86801,16011
1692579600,0.86798,0.86824,0.86653,0.86713,37526
1692594000,0.86712,0.86787,0.86533,0.86581,40397
1692608400,0.86581,0.86739,0.8658,0.86634,36707
1692622800,0.86632,0.86853,0.86583,0.86841,54843
1692637200,0.86843,0.86947,0.86823,0.86864,20345
1692651600,0.86814,0.86905,0.86773,0.86847,13204
1692666000,0.86848,0.87024,0.86766,0.86914,38335
1692680400,0.86913,0.87203,0.86894,0.87099,44138
1692694800,0.87098,0.8732,0.86966,0.87001,35710
1692709200,0.87,0.8716,0.86865,0.87018,55286
1692723600,0.87017,0.87099,0.87007,0.87021,21328
1692738000,0.86942,0.87203,0.86897,0.87149,12774
1692752400,0.8715,0.8731,0.87115,0.87137,34595
1692766800,0.87137,0.87225,0.86975,0.87124,42566
1692781200,0.87125,0.87227,0.87054,0.8718,35261
1692795600,0.8718,0.87723,0.87169,0.8755,54822
1692810000,0.8755,0.87664,0.87544,0.87646,20538
1692824400,0.87477,0.87681,0.87459,0.87572,15827
1692838800,0.87571,0.87675,0.8749,0.87622,36142
1692853200,0.87624,0.87643,0.87377,0.87381,38424
1692867600,0.87381,0.87401,0.87129,0.87175,37189
1692882000,0.87176,0.87399,0.87128,0.87147,55981
1692896400,0.87146,0.87197,0.87085,0.87146,23994
1692910800,0.871,0.8718,0.87052,0.87133,13652
1692925200,0.87133,0.8723,0.87094,0.87095,28004
1692939600,0.87097,0.87292,0.87058,0.87247,38394
1692954000,0.87247,0.87357,0.87189,0.87335,29314
1692968400,0.87336,0.87459,0.86969,0.87211,77501
1692982800,0.87211,0.87339,0.87105,0.8711,28889
1693170000,0.87008,0.87344,0.87007,0.87309,16089
1693184400,0.87306,0.87469,0.87306,0.87382,34401
1693198800,0.87382,0.87436,0.87106,0.87163,29134
1693213200,0.87162,0.87346,0.87093,0.87331,23466
1693227600,0.8733,0.87402,0.87149,0.87371,37389
1693242000,0.87372,0.87435,0.87334,0.87421,17420
1693256400,0.87238,0.87485,0.87222,0.87412,14980
1693270800,0.87413,0.87688,0.87411,0.87588,27975
1693285200,0.87589,0.8771,0.87541,0.87612,34755
1693299600,0.87612,0.87787,0.87284,0.87302,35617
1693314000,0.87302,0.87831,0.87262,0.87771,60662
1693328400,0.87771,0.87942,0.87749,0.87798,23356
1693342800,0.87783,0.87873,0.87637,0.87858,12804
1693357200,0.87858,0.87863,0.87538,0.87854,33969
1693371600,0.87854,0.8795,0.87549,0.8761,41636
1693386000,0.87611,0.88194,0.87586,0.8812,42999
1693400400,0.88122,0.88218,0.87673,0.87732,55313
1693414800,0.87733,0.87779,0.87608,0.8761,20125
1693429200,0.87553,0.87781,0.87503,0.87772,14046
1693443600,0.8777,0.87988,0.87733,0.87754,29924
1693458000,0.87753,0.87821,0.87623,0.87637,34249
1693472400,0.87636,0.87836,0.87583,0.87826,40893
1693486800,0.87826,0.87848,0.87461,0.87635,61441
1693501200,0.87635,0.87669,0.87508,0.87585,22223
1693515600,0.8752,0.87653,0.87464,0.87474,14407
1693530000,0.87473,0.87709,0.87365,0.87434,30979
1693544400,0.87433,0.87497,0.87151,0.87423,32187
1693558800,0.8742,0.88265,0.87365,0.88161,41468
1693573200,0.8816,0.88174,0.87498,0.87718,74344
1693587600,0.87719,0.87755,0.87619,0.87655,16915
1693774800,0.87511,0.87851,0.87446,0.87823,12481
1693789200,0.87824,0.87962,0.87738,0.87833,30534
1693803600,0.87834,0.87973,0.87808,0.87869,30635
1693818000,0.87868,0.87974,0.87827,0.87852,18951
1693832400,0.87852,0.87873,0.87742,0.87816,17289
1693846800,0.87819,0.8785,0.87798,0.87803,3641
1693861200,0.8771,0.87864,0.8771,0.8774,10902
1693875600,0.8774,0.87751,0.87373,0.87475,33526
1693890000,0.87474,0.87508,0.86916,0.87114,47936
1693904400,0.87114,0.87151,0.86825,0.87002,39770
1693918800,0.87004,0.87012,0.86716,0.86896,58981
1693933200,0.86897,0.87057,0.86883,0.87009,17703
1693947600,0.87002,0.87019,0.86846,0.8686,12276
1693962000,0.86861,0.87076,0.86811,0.87067,32791
1693976400,0.8707,0.87273,0.87039,0.87236,43826
1693990800,0.87236,0.87338,0.87167,0.87199,31084
1694005200,0.87199,0.87244,0.8695,0.87128,60734
1694019600,0.87133,0.87215,0.86984,0.87008,19681
1694034000,0.8698,0.87056,0.86853,0.86993,11126
1694048400,0.86993,0.87065,0.86859,0.86896,27497
1694062800,0.86896,0.8716,0.86893,0.87115,39738
1694077200,0.87113,0.87246,0.87045,0.87233,37274
1694091600,0.87231,0.87364,0.87062,0.87282,53545
1694106000,0.87282,0.873,0.8722,0.87255,19823
1694120400,0.87199,0.87386,0.87123,0.87299,13217
1694134800,0.87299,0.87402,0.87148,0.87291,29186
1694149200,0.87288,0.87575,0.87288,0.87388,36094
1694163600,0.87387,0.8743,0.8708,0.87097,36164
1694178000,0.87097,0.87218,0.86907,0.86914,46888
1694192400,0.86915,0.87001,0.86901,0.86977,16363
1694379600,0.8701,0.87244,0.86778,0.87133,20058
1694394000,0.87132,0.87565,0.87132,0.87548,41744
1694408400,0.87549,0.876,0.8749,0.87526,41902
1694422800,0.87526,0.87546,0.87331,0.87342,32890
1694437200,0.87338,0.87536,0.87319,0.87341,46131
1694451600,0.87339,0.87347,0.87263,0.87289,17745
1694466000,0.87202,0.87334,0.87111,0.87224,10956
1694480400,0.87223,0.87397,0.87189,0.87299,31494
1694494800,0.87298,0.87411,0.87255,0.873,36338
1694509200,0.873,0.87304,0.87081,0.87105,34462
1694523600,0.87104,0.87139,0.86932,0.87028,41087
1694538000,0.87026,0.87101,0.87011,0.87091,21271
1694552400,0.86902,0.87157,0.86879,0.87038,12693
1694566800,0.87037,0.8709,0.86813,0.86872,30332
1694581200,0.86872,0.87004,0.86847,0.8695,38453
1694595600,0.86948,0.87025,0.8666,0.86883,46833
1694610000,0.86882,0.8714,0.86849,0.87072,57827
1694624400,0.8707,0.87144,0.86985,0.86986,22633
1694638800,0.86977,0.87253,0.86807,0.87238,12557
1694653200,0.87238,0.87318,0.86992,0.87134,30378
1694667600,0.87135,0.87217,0.87027,0.87049,33243
1694682000,0.8705,0.87183,0.86883,0.87097,46397
1694696400,0.87098,0.87329,0.86983,0.87012,61106
1694710800,0.87011,0.87035,0.86849,0.86969,19178
1694725200,0.86937,0.87103,0.86748,0.87051,14698
1694739600,0.87051,0.87359,0.87012,0.87347,33827
1694754000,0.87346,0.8738,0.87128,0.87131,38366
1694768400,0.87132,0.87343,0.87122,0.87199,33850
1694782800,0.87201,0.87342,0.86982,0.87017,58042
1694797200,0.87015,0.87061,0.86904,0.86982,22698
1694984400,0.86973,0.87096,0.86899,0.87065,11885
1694998800,0.87066,0.87122,0.86943,0.87071,30299
1695013200,0.87074,0.87096,0.86914,0.8698,32624
1695027600,0.8698,0.87002,0.86794,0.86804,25883
1695042000,0.86805,0.869,0.8666,0.86782,40976
1695056400,0.86784,0.86862,0.86778,0.86794,15798
1695070800,0.86742,0.86911,0.86702,0.86776,11770
1695085200,0.86776,0.86797,0.86669,0.8676,22185
1695099600,0.86761,0.86859,0.86615,0.86768,28072
1695114000,0.86765,0.86849,0.86541,0.86695,32157
1695128400,0.86693,0.86794,0.8648,0.86781,48036
1695142800,0.8678,0.86836,0.86752,0.86771,19460
1695157200,0.86763,0.86914,0.86707,0.86812,13270
1695171600,0.86811,0.86888,0.86739,0.86813,25294
1695186000,0.8681,0.86947,0.86788,0.86939,37773
1695200400,0.86938,0.87152,0.86893,0.87149,28255
1695214800,0.87149,0.87286,0.87029,0.87259,40351
1695229200,0.87259,0.87271,0.86772,0.86796,60129
1695243600,0.86725,0.86908,0.86558,0.86612,21738
1695258000,0.86611,0.86644,0.86383,0.86409,29349
1695272400,0.86414,0.86599,0.86368,0.86448,39507
1695286800,0.86443,0.86559,0.86312,0.86448,46421
1695301200,0.86449,0.86654,0.86412,0.86487,55213
1695315600,0.86487,0.86595,0.86446,0.86487,25517
1695330000,0.86432,0.86495,0.86306,0.86394,12618
1695344400,0.86391,0.8653,0.86323,0.86504,33125
1695358800,0.86505,0.86688,0.86464,0.86666,48749
1695373200,0.86665,0.8686,0.86612,0.86821,33765
1695387600,0.86818,0.86958,0.86759,0.86875,49333
1695402000,0.86871,0.86915,0.86792,0.86819,23324
1695589200,0.8669,0.86878,0.8665,0.86819,14927
1695603600,0.8682,0.86835,0.86606,0.86644,25510
1695618000,0.86643,0.8666,0.86492,0.86498,33064
1695632400,0.86497,0.86609,0.86436,0.86505,34622
1695646800,0.86505,0.86611,0.86369,0.86444,50560
1695661200,0.86442,0.8655,0.86408,0.86413,22286
1695675600,0.86262,0.86424,0.86212,0.86388,13100
1695690000,0.86384,0.86572,0.86381,0.86472,31524
1695704400,0.86471,0.86493,0.86194,0.8643,43640
1695718800,0.86431,0.86643,0.86391,0.86628,41135
1695733200,0.86624,0.8665,0.86485,0.86548,56533
1695747600,0.86547,0.86591,0.86423,0.86456,25028
1695762000,0.86402,0.86523,0.86343,0.86411,13469
1695776400,0.8641,0.86542,0.86227,0.86287,35812
1695790800,0.86286,0.86317,0.86166,0.86265,36086
1695805200,0.86265,0.86301,0.86101,0.86155,35371
1695819600,0.86154,0.8628,0.85868,0.85901,51104
1695834000,0.85902,0.85951,0.85645,0.85743,37500
1695848400,0.85737,0.85825,0.85663,0.85796,16238
1695862800,0.85795,0.86024,0.85761,0.86003,34684
1695877200,0.86004,0.86104,0.85935,0.86073,40601
1695891600,0.86073,0.86311,0.86022,0.86213,48316
1695906000,0.86214,0.86659,0.86202,0.86598,71645
1695920400,0.86598,0.86748,0.86592,0.86668,35641
1695934800,0.86462,0.86761,0.86434,0.8674,11788
1695949200,0.8674,0.87073,0.86731,0.87044,26621
1695963600,0.87043,0.87214,0.87,0.87176,40636
1695978000,0.87179,0.87267,0.87012,0.87193,47111
1695992400,0.87187,0.87345,0.87149,0.87227,73889
1696006800,0.87228,0.87368,0.87159,0.87296,39831
1696194000,0.87097,0.87438,0.8707,0.87276,21257
1696208400,0.87277,0.87329,0.87003,0.87026,20218
1696222800,0.87028,0.87173,0.86944,0.87069,37714
1696237200,0.87067,0.87114,0.86997,0.87061,40290
1696251600,0.87058,0.87292,0.86996,0.87058,71411
1696266000,0.87056,0.87083,0.86989,0.87012,32188
1696280400,0.86897,0.87061,0.86842,0.87039,17002
1696294800,0.87038,0.8704,0.86576,0.86605,33684
1696309200,0.86604,0.86657,0.86464,0.86595,41699
1696323600,0.86596,0.86638,0.86372,0.86379,47716
1696338000,0.86382,0.86524,0.86267,0.8639,83875
1696352400,0.8639,0.86448,0.86246,0.86381,33716
1696366800,0.86382,0.86528,0.86331,0.86472,17438
1696381200,0.86467,0.86613,0.86243,0.86567,38878
1696395600,0.86569,0.86663,0.86433,0.86592,49732
1696410000,0.86592,0.86978,0.86569,0.86931,56962
1696424400,0.86929,0.87108,0.86851,0.86948,78542
1696438800,0.86948,0.87,0.86875,0.86922,35825
1696453200,0.86853,0.87188,0.86822,0.87161,15908
1696467600,0.8716,0.87437,0.87159,0.87392,36385
1696482000,0.8739,0.87395,0.87174,0.87274,45009
1696496400,0.87273,0.87408,0.87066,0.87245,50318
1696510800,0.87245,0.87347,0.87082,0.87264,79563
1696525200,0.87264,0.87391,0.87204,0.87291,33121
1696539600,0.87266,0.87368,0.87052,0.87295,14948
1696554000,0.87294,0.87451,0.87269,0.87324,28321
1696568400,0.8732,0.87343,0.87191,0.87253,38679
1696582800,0.87252,0.873,0.86585,0.86751,52661
1696597200,0.86752,0.87325,0.86709,0.87208,96360
1696611600,0.87206,0.87339,0.87186,0.87212,33618
1696798800,0.86888,0.87064,0.86755,0.87027,32724
1696813200,0.87029,0.87035,0.86707,0.86725,33290
1696827600,0.86726,0.86941,0.86694,0.86875,50961
1696842000,0.86875,0.87008,0.86823,0.86888,42602
1696856400,0.86889,0.86999,0.86819,0.86865,61106
1696870800,0.86866,0.87135,0.86847,0.87107,33322
1696885200,0.87082,0.87246,0.87063,0.87133,20942
1696899600,0.87133,0.87311,0.87053,0.87069,40630
1696914000,0.87068,0.87264,0.86974,0.8722,60447
1696928400,0.8722,0.87264,0.86915,0.87004,53263
1696942800,0.87004,0.87359,0.86977,0.87277,66827
1696957200,0.87278,0.8735,0.87187,0.87344,38606
1696971600,0.87137,0.8748,0.87137,0.87437,15673
1696986000,0.87436,0.87481,0.87215,0.87248,32230
1697000400,0.87251,0.87391,0.87149,0.87314,48829
1697014800,0.87312,0.87352,0.87098,0.87257,52022
1697029200,0.87256,0.8733,0.87084,0.87122,71869
1697043600,0.87121,0.87203,0.86993,0.87179,37530
1697058000,0.87013,0.8726,0.87001,0.87188,13928
1697072400,0.87187,0.87294,0.87154,0.87256,30191
1697086800,0.87255,0.87326,0.87073,0.87167,40049
1697101200,0.87167,0.87174,0.86704,0.86813,46344
1697115600,0.86812,0.8684,0.86472,0.86484,72436
1697130000,0.86485,0.86494,0.86391,0.86432,40450
1697144400,0.86404,0.86517,0.86343,0.86482,15788
1697158800,0.86481,0.86643,0.86444,0.86452,30950
1697173200,0.8645,0.86495,0.86366,0.86409,42954
1697187600,0.86403,0.86471,0.86288,0.86416,51691
1697202000,0.86415,0.86463,0.85842,0.85935,74370
1697216400,0.85933,0.86052,0.85897,0.86,37044
1697403600,0.85953,0.86117,0.85912,0.86043,20444
1697418000,0.86044,0.86288,0.86044,0.86252,28700
1697432400,0.86251,0.86399,0.86222,0.86323,46150
1697446800,0.86322,0.86328,0.86143,0.86181,42569
1697461200,0.86181,0.86336,0.86009,0.863,53556
1697475600,0.86297,0.86364,0.86294,0.86305,23563
1697490000,0.86313,0.86557,0.86154,0.865,18444
1697504400,0.86499,0.86696,0.86435,0.86611,30976
1697518800,0.8661,0.86662,0.86513,0.86551,40224
1697533200,0.86547,0.86875,0.86545,0.86774,47639
1697547600,0.86771,0.86939,0.86671,0.86904,70624
1697562000,0.86905,0.86905,0.86751,0.86867,32399
1697576400,0.86717,0.86892,0.86717,0.86768,13487
1697590800,0.86766,0.86991,0.86726,0.8696,36142
1697605200,0.86959,0.87115,0.86927,0.86998,44342
1697619600,0.86998,0.87021,0.86799,0.86903,44722
1697634000,0.86906,0.86932,0.86708,0.86788,67711
1697648400,0.86787,0.86936,0.86769,0.86894,41268
1697662800,0.86889,0.86922,0.86613,0.86651,21116
1697677200,0.8665,0.86681,0.86427,0.86517,34184
1697691600,0.86515,0.86601,0.8645,0.86594,47257
1697706000,0.86593,0.86808,0.86499,0.8677,45122
1697720400,0.86774,0.86996,0.86661,0.86892,86889
1697734800,0.86887,0.86978,0.86777,0.8681,61827
1697749200,0.86767,0.86832,0.86608,0.86656,19290
1697763600,0.86655,0.86696,0.86569,0.86591,31373
1697778000,0.86591,0.86637,0.86374,0.86433,44008
1697792400,0.86433,0.86498,0.86324,0.8635,43096
1697806800,0.86346,0.86594,0.86314,0.86521,69551
1697821200,0.86519,0.86576,0.86477,0.86558,37584
1698008400,0.86498,0.8666,0.86342,0.86538,15906
1698022800,0.86538,0.86616,0.86503,0.86554,21900
1698037200,0.86555,0.86651,0.86459,0.86466,34451
1698051600,0.86465,0.86661,0.86309,0.86519,39800
1698066000,0.86518,0.86813,0.86498,0.86731,65383
1698080400,0.86731,0.86827,0.86675,0.86717,35150
1698094800,0.86647,0.86813,0.86617,0.86804,15078
1698109200,0.86805,0.86951,0.86772,0.8694,33768
1698123600,0.8694,0.87216,0.86895,0.87138,45004
1698138000,0.87138,0.87195,0.87018,0.87187,39772
1698152400,0.87188,0.87376,0.87129,0.87278,66641
1698166800,0.87278,0.87349,0.87253,0.87321,28403
1698181200,0.87172,0.87814,0.87142,0.87803,20591
1698195600,0.87805,0.8788,0.87655,0.87754,29254
1698210000,0.87754,0.87765,0.87394,0.87419,38458
1698224400,0.87419,0.87431,0.87192,0.87294,38697
1698238800,0.87292,0.87377,0.87082,0.87116,71531
1698253200,0.87114,0.87129,0.86982,0.87037,38080
1698267600,0.86972,0.87031,0.86674,0.86712,24006
1698282000,0.86713,0.86869,0.86635,0.86717,33268
1698296400,0.86716,0.87094,0.86716,0.87038,48636
1698310800,0.87039,0.87332,0.86978,0.8732,48893
1698325200,0.87317,0.87406,0.87157,0.87227,77925
1698339600,0.87227,0.8747,0.87223,0.87421,41760
1698354000,0.87342,0.87604,0.87342,0.8757,19986
1698368400,0.87569,0.87623,0.87467,0.87577,29885
1698382800,0.87575,0.87675,0.8752,0.87641,37984
1698397200,0.87641,0.8788,0.87542,0.87776,40070
1698411600,0.87775,0.88129,0.87767,0.87905,73637
1698426000,0.87903,0.87932,0.8784,0.87869,39727
1698613200,0.87732,0.87985,0.87727,0.87934,18983
1698627600,0.87935,0.88103,0.87918,0.88069,28098
1698642000,0.88069,0.88171,0.87982,0.88118,32081
1698656400,0.88116,0.88244,0.88105,0.8818,38081
1698670800,0.88178,0.88345,0.88072,0.88161,66126
1698685200,0.88163,0.8819,0.88077,0.88128,28751
1698699600,0.88012,0.88132,0.87997,0.88098,16418
1698714000,0.88096,0.88177,0.87831,0.87857,38410
1698728400,0.87856,0.88077,0.87838,0.88071,36227
1698742800,0.88072,0.88105,0.87818,0.8788,41476
1698757200,0.87879,0.87959,0.87643,0.87893,72732
1698771600,0.87892,0.88002,0.87884,0.8791,31241
1698786000,0.87722,0.88008,0.87719,0.87829,17691
1698800400,0.87827,0.87978,0.87748,0.87874,29963
1698814800,0.87875,0.88065,0.8785,0.88051,33164
1698829200,0.88049,0.8829,0.87936,0.8821,43311
1698843600,0.88208,0.88504,0.88087,0.88306,71451
1698858000,0.88305,0.88702,0.88236,0.88562,65889
1698872400,0.88512,0.88969,0.88467,0.88967,21499
1698886800,0.88966,0.89045,0.88846,0.88864,30248
1698901200,0.88863,0.89069,0.88831,0.88943,33356
1698915600,0.88939,0.89026,0.88847,0.8901,45922
1698930000,0.89009,0.8901,0.88406,0.8842,68758
1698944400,0.88421,0.88453,0.88319,0.88367,27923
1698958800,0.88362,0.88409,0.88222,0.88389,13241
1698973200,0.8839,0.88508,0.8833,0.88362,27032
1698987600,0.88365,0.88525,0.88343,0.88467,29899
1699002000,0.88463,0.8908,0.88443,0.88921,46243
1699016400,0.88922,0.8907,0.88757,0.88917,86803
1699030800,0.88916,0.8909,0.88912,0.88977,30994
1699221600,0.88799,0.89054,0.88712,0.88971,26383
1699236000,0.88973,0.89002,0.88811,0.88912,29198
1699250400,0.88913,0.8895,0.88745,0.88765,43089
1699264800,0.88763,0.88812,0.88718,0.88801,36982
1699279200,0.888,0.88972,0.88789,0.88825,52545
1699293600,0.88825,0.88894,0.88776,0.88887,26446
1699308000,0.88727,0.8891,0.88689,0.88744,20976
1699322400,0.88742,0.8906,0.88251,0.88324,38967
1699336800,0.88323,0.88381,0.88188,0.88285,40541
1699351200,0.88284,0.88342,0.88173,0.88231,40781
1699365600,0.8823,0.88486,0.88134,0.88417,55653
1699380000,0.88415,0.886,0.8841,0.88589,25859
1699394400,0.88503,0.88594,0.8841,0.88567,19358
1699408800,0.88565,0.88711,0.88545,0.88604,29457
1699423200,0.88602,0.88745,0.88516,0.88561,42305
1699437600,0.88553,0.88686,0.88514,0.8864,38672
1699452000,0.88639,0.88694,0.88406,0.88518,62687
1699466400,0.88516,0.88563,0.88289,0.88294,29184
1699480800,0.88258,0.8845,0.88193,0.88434,20714
1699495200,0.88433,0.88486,0.88315,0.88407,26196
1699509600,0.88407,0.88504,0.88283,0.88333,40339
1699524000,0.88334,0.88383,0.88174,0.88369,41038
1699538400,0.8837,0.88484,0.8827,0.88295,58108
1699552800,0.88295,0.88301,0.87886,0.87889,60420
1699567200,0.87872,0.87917,0.87731,0.87825,24935
1699581600,0.87823,0.87842,0.87699,0.87736,24030
1699596000,0.87735,0.87844,0.87713,0.87786,39431
1699610400,0.87785,0.87962,0.87712,0.87943,38521
1699624800,0.87945,0.87949,0.87746,0.87787,60852
1699639200,0.87787,0.87815,0.87721,0.87763,24558
1699826400,0.87582,0.87871,0.87547,0.87838,22128
1699840800,0.87839,0.87916,0.878,0.87897,20025
1699855200,0.87899,0.88083,0.87862,0.88031,32788
1699869600,0.8803,0.8813,0.87989,0.88022,29823
1699884000,0.88019,0.88089,0.87923,0.88031,48857
1699898400,0.88032,0.88065,0.88006,0.88028,19529
1699912800,0.87908,0.88091,0.87883,0.88033,15902
1699927200,0.88032,0.8808,0.87943,0.87971,21013
1699941600,0.8797,0.88136,0.87906,0.88118,31770
1699956000,0.88118,0.88707,0.87983,0.88649,46240
1699970400,0.88649,0.89095,0.88622,0.89066,75489
1699984800,0.89066,0.89154,0.89047,0.89096,24985
1699999200,0.89033,0.89097,0.88847,0.88947,21953
1700013600,0.8895,0.89021,0.88905,0.88988,28965
1700028000,0.88991,0.89171,0.88914,0.89122,45444
1700042400,0.89119,0.89357,0.88896,0.89049,46354
1700056800,0.89048,0.89231,0.88811,0.8908,67287
1700071200,0.89077,0.89087,0.89004,0.89056,25800
1700085600,0.88957,0.89125,0.88719,0.8878,24399
1700100000,0.88781,0.8879,0.88578,0.88702,30755
1700114400,0.88703,0.89028,0.88687,0.88978,39980
1700128800,0.88978,0.89259,0.88862,0.89224,45408
1700143200,0.89223,0.89257,0.88897,0.89082,73913
1700157600,0.89082,0.89161,0.88964,0.89001,26779
1700172000,0.88972,0.89019,0.88831,0.88863,19913
1700186400,0.88862,0.88955,0.8882,0.8895,23438
1700200800,0.88951,0.89179,0.88827,0.89149,44795
1700215200,0.89147,0.89375,0.8911,0.89173,50808
1700229600,0.89174,0.89291,0.89048,0.89261,61915
1700244000,0.89259,0.89366,0.89244,0.89354,20607
1700431200,0.89146,0.89499,0.89084,0.89439,26221
1700445600,0.8944,0.89848,0.89399,0.89711,37876
1700460000,0.89712,0.89917,0.89701,0.899,45857
1700474400,0.89901,0.8996,0.89796,0.898,18121
1700488800,0.898,0.90013,0.89749,0.8989,24078
1700503200,0.89889,0.90088,0.89884,0.89984,13013
1700517600,0.89902,0.9018,0.89816,0.9009,15411
1700532000,0.90086,0.90269,0.90038,0.90151,14361
1700546400,0.90154,0.90343,0.90031,0.90035,22415
1700560800,0.90034,0.90309,0.89989,0.90045,21864
1700575200,0.90047,0.90258,0.89796,0.89838,28506
1700589600,0.89835,0.89849,0.89649,0.89816,13673
1700604000,0.89797,0.89941,0.89681,0.89808,9988
1700618400,0.89807,0.8988,0.89666,0.8968,10382
1700632800,0.89681,0.89891,0.89538,0.8986,20194
1700647200,0.89862,0.90118,0.89801,0.89972,26250
1700661600,0.89976,0.89988,0.89633,0.89647,33402
1700676000,0.89643,0.89687,0.89537,0.89545,9468
1700690400,0.89457,0.89695,0.89447,0.89681,7819
1700704800,0.8968,0.89739,0.89605,0.89684,8906
1700719200,0.89684,0.89822,0.89636,0.89795,21949
1700733600,0.89793,0.89913,0.89748,0.89862,15431
1700748000,0.89863,0.89909,0.8981,0.89853,12208
1700762400,0.8985,0.89857,0.89792,0.89802,2723
1700776800,0.89672,0.89953,0.89615,0.89891,11329
1700791200,0.89891,0.89972,0.89798,0.89971,9037
1700805600,0.89972,0.89974,0.89821,0.8986,15745
1700820000,0.89857,0.89962,0.89694,0.89734,16018
1700834400,0.89734,0.89747,0.89519,0.89674,25016
1700848800,0.89675,0.89855,0.89611,0.89742,9651
1701036000,0.89593,0.8985,0.8958,0.89789,11343
1701050400,0.89789,0.89797,0.89694,0.89762,13684
1701064800,0.8976,0.90054,0.89751,0.90041,19149
1701079200,0.90041,0.9013,0.89957,0.90047,21474
1701093600,0.90046,0.90052,0.89847,0.89933,31266
1701108000,0.89934,0.90053,0.8992,0.89942,9626
1701122400,0.89917,0.9011,0.89885,0.90058,12927
1701136800,0.90058,0.90187,0.89972,0.89987,12483
1701151200,0.89988,0.90045,0.89744,0.8987,18954
1701165600,0.89871,0.90017,0.89797,0.90009,22204
1701180000,0.90008,0.90412,0.8994,0.90244,50479
1701194400,0.90245,0.90268,0.90106,0.90238,15354
1701208800,0.90187,0.90419,0.90033,0.90174,20398
1701223200,0.90174,0.90198,0.89982,0.90014,15601
1701237600,0.90016,0.90092,0.89877,0.89958,24171
1701252000,0.89958,0.90014,0.89763,0.89919,28977
1701266400,0.89921,0.90065,0.89871,0.89935,41775
1701280800,0.89936,0.90036,0.89884,0.89912,13010
1701295200,0.89772,0.90038,0.89772,0.89979,14199
1701309600,0.89979,0.90243,0.89967,0.90142,14526
1701324000,0.90142,0.90254,0.8995,0.8997,25188
1701338400,0.8997,0.89996,0.8973,0.89765,34437
1701352800,0.89766,0.89935,0.89396,0.89716,68371
1701367200,0.89716,0.89772,0.89542,0.89547,14447
1701381600,0.89567,0.89717,0.8945,0.89699,16167
1701396000,0.89699,0.89732,0.89421,0.89515,15399
1701410400,0.89514,0.89697,0.89398,0.89634,20805
1701424800,0.89633,0.89677,0.8942,0.89425,22754
1701439200,0.89427,0.90037,0.89354,0.90029,60979
1701453600,0.9003,0.90146,0.89975,0.90072,18379
1701640800,0.89991,0.90221,0.89905,0.90184,21028
1701655200,0.90183,0.90223,0.89938,0.90003,15051
1701669600,0.90004,0.9009,0.89835,0.90059,24821
1701684000,0.90057,0.90122,0.89909,0.89973,26436
1701698400,0.89975,0.8998,0.89447,0.89578,48790
1701712800,0.89576,0.89658,0.8949,0.89597,11457
1701727200,0.89537,0.89643,0.89502,0.89574,12643
1701741600,0.89573,0.89599,0.89125,0.89233,15218
1701756000,0.89233,0.89297,0.89091,0.8913,22375
1701770400,0.89129,0.89205,0.88961,0.89112,22822
1701784800,0.89113,0.8927,0.88891,0.88988,44480
1701799200,0.8899,0.89079,0.88949,0.89047,10867
1701813600,0.88882,0.89409,0.88877,0.89404,14040
1701828000,0.89406,0.89519,0.89273,0.89427,11077
1701842400,0.89424,0.89447,0.89259,0.89289,18854
1701856800,0.89294,0.89346,0.8914,0.89317,20923
1701871200,0.89318,0.89383,0.89094,0.89105,32123
1701885600,0.89106,0.89138,0.88994,0.89014,11314
1701900000,0.89007,0.89117,0.88962,0.89031,11595
1701914400,0.89031,0.89041,0.88772,0.88906,13332
1701928800,0.88908,0.89282,0.88888,0.89275,21915
1701943200,0.89274,0.89537,0.89155,0.89466,23761
1701957600,0.89469,0.89948,0.894,0.89809,39377
1701972000,0.89809,0.89831,0.8971,0.89772,12360
1701986400,0.89652,0.89774,0.89556,0.89696,14897
1702000800,0.89696,0.89865,0.89652,0.89799,13868
1702015200,0.898,0.89841,0.89664,0.8971,21210
1702029600,0.89708,0.89774,0.89294,0.89489,29598
1702044000,0.89492,0.89519,0.89226,0.89413,50798
1702058400,0.89413,0.89467,0.89341,0.8937,11156
1702245600,0.89142,0.89403,0.89112,0.89142,14268
1702260000,0.89142,0.89235,0.89108,0.89178,10775
1702274400,0.89179,0.89254,0.89036,0.89126,20000
1702288800,0.89127,0.89234,0.88944,0.89074,16457
1702303200,0.89072,0.89136,0.88935,0.89016,22610
1702317600,0.89016,0.89164,0.89007,0.89138,9772
1702332000,0.89032,0.89274,0.88951,0.89213,8553
1702346400,0.89209,0.89413,0.892,0.894,7325
1702360800,0.89401,0.89438,0.89279,0.89423,13254
1702375200,0.89421,0.89571,0.89062,0.89119,23787
1702389600,0.89121,0.89319,0.89016,0.89133,32253
1702404000,0.89133,0.89228,0.89102,0.89146,11910
1702418400,0.89107,0.89221,0.88863,0.89196,7752
1702432800,0.89197,0.89203,0.89045,0.89119,7864
1702447200,0.8912,0.8919,0.8898,0.89091,15455
1702461600,0.89091,0.89158,0.88965,0.89145,15552
1702476000,0.89144,0.89386,0.89119,0.89319,21390
1702490400,0.89319,0.90125,0.89216,0.90029,47325
1702504800,0.89882,0.90471,0.89785,0.90402,20433
1702519200,0.90403,0.90545,0.90333,0.90472,20240
1702533600,0.90471,0.90601,0.90057,0.90262,27571
1702548000,0.90261,0.90379,0.89831,0.90047,35652
1702562400,0.90044,0.90189,0.89717,0.89992,43325
1702576800,0.89992,0.89993,0.89746,0.89782,16601
1702591200,0.89717,0.89889,0.89663,0.89772,14356
1702605600,0.89768,0.90015,0.89705,0.89708,12934
1702620000,0.89707,0.89907,0.89672,0.89894,21905
1702634400,0.89892,0.89974,0.89289,0.89407,24695
1702648800,0.89405,0.89879,0.89394,0.89675,39242
1702663200,0.89674,0.89779,0.8954,0.89628,15710
1702850400,0.89487,0.89774,0.89482,0.89673,10956
1702864800,0.89672,0.89869,0.89672,0.89771,10949
1702879200,0.8977,0.90045,0.8975,0.9,16230
1702893600,0.89998,0.90019,0.89806,0.89884,16738
1702908000,0.89888,0.89923,0.89606,0.89754,25795
1702922400,0.89752,0.89861,0.89662,0.89855,9768
1702936800,0.89802,0.89936,0.89738,0.89882,10605
1702951200,0.89882,0.90077,0.89842,0.89982,15259
1702965600,0.89982,0.90133,0.89859,0.90105,19211
1702980000,0.90104,0.90197,0.89935,0.8999,17430
1702994400,0.89989,0.90376,0.89971,0.90197,26629
1703008800,0.90196,0.90235,0.90108,0.90152,9273
1703023200,0.90137,0.90289,0.90006,0.90264,12079
1703037600,0.90263,0.90453,0.90154,0.90355,10932
1703052000,0.90356,0.90394,0.9018,0.90188,16797
1703066400,0.90189,0.90338,0.90092,0.90314,14829
1703080800,0.90317,0.90333,0.90062,0.90121,25020
1703095200,0.90122,0.90165,0.89892,0.89963,23770
1703109600,0.89902,0.90079,0.89852,0.90071,11238
1703124000,0.90069,0.90163,0.90042,0.9013,10777
1703138400,0.90129,0.9015,0.8992,0.90073,16453
1703152800,0.90073,0.9051,0.90012,0.90349,26749
1703167200,0.9035,0.90492,0.90159,0.90241,48341
1703181600,0.90241,0.90353,0.90209,0.9033,19422
1703196000,0.90282,0.90327,0.90166,0.90197,11865
1703210400,0.90198,0.90204,0.90028,0.9005,12530
1703224800,0.90049,0.90246,0.89995,0.90183,16594
1703239200,0.90184,0.90445,0.90172,0.90385,21560
1703253600,0.90386,0.90408,0.90095,0.90224,37528
1703268000,0.90226,0.90295,0.90132,0.90187,15054
1703541600,0.901,0.90256,0.89943,0.90242,3879
1703556000,0.90243,0.90318,0.90237,0.90295,3598
1703570400,0.90294,0.90312,0.90093,0.90099,7175
1703584800,0.901,0.9022,0.89996,0.90043,10339
1703599200,0.90042,0.90043,0.89868,0.90011,15173
1703613600,0.90009,0.90117,0.89922,0.8993,8774
1703628000,0.90007,0.90118,0.89922,0.90112,9064
1703642400,0.90113,0.90217,0.9,0.90049,9798
1703656800,0.9005,0.90293,0.90044,0.90205,15354
1703671200,0.90205,0.90361,0.90142,0.90185,14514
1703685600,0.90166,0.90463,0.90086,0.90415,26067
1703700000,0.90383,0.90494,0.90315,0.90419,15904
1703714400,0.90292,0.90635,0.90277,0.90631,9274
1703728800,0.90631,0.9064,0.90271,0.9036,11315
1703743200,0.90361,0.90394,0.90153,0.90221,17579
1703757600,0.90224,0.90484,0.90163,0.90177,19611
1703772000,0.90177,0.90554,0.90119,0.9046,29416
1703786400,0.90433,0.90462,0.90208,0.90321,15346
1703800800,0.90297,0.90497,0.90141,0.90478,9269
1703815200,0.90473,0.90528,0.90319,0.90486,8791
1703829600,0.90486,0.90584,0.9016,0.90161,12739
1703844000,0.9016,0.90195,0.89905,0.89912,18340
1703858400,0.89913,0.90331,0.89763,0.90262,37135
1703872800,0.902,0.90326,0.90162,0.90266,16151
1704146400,0.90067,0.90266,0.9004,0.90198,10209
1704160800,0.90198,0.9057,0.90145,0.9051,11370
1704175200,0.90513,0.90557,0.90343,0.90398,20453
1704189600,0.90398,0.90423,0.90137,0.9016,23064
1704204000,0.90161,0.904,0.9005,0.9011,40763
1704218400,0.90107,0.90164,0.90036,0.90056,13666
1704232800,0.90027,0.90174,0.89987,0.90032,10419
1704247200,0.90033,0.90214,0.89987,0.90142,10421
1704261600,0.90141,0.90186,0.89919,0.8993,17761
1704276000,0.8993,0.89965,0.89693,0.89718,20489
1704290400,0.89719,0.899,0.89539,0.89782,45140
1704304800,0.89782,0.89938,0.89668,0.89869,26148
1704319200,0.89747,0.89908,0.89607,0.89817,11001
1704333600,0.89817,0.89985,0.89718,0.899,12851
1704348000,0.899,0.90055,0.89829,0.89832,24070
1704362400,0.89829,0.89835,0.89601,0.89652,23387
1704376800,0.89651,0.8969,0.89434,0.89507,34405
1704391200,0.89506,0.89534,0.89458,0.89514,12475
1704405600,0.89467,0.8965,0.89396,0.89588,10477
1704420000,0.89591,0.89662,0.89459,0.89566,10701
1704434400,0.89566,0.89623,0.89324,0.89353,19909
1704448800,0.89352,0.89423,0.88964,0.89315,31162
1704463200,0.89319,0.89774,0.89306,0.89572,64459
1704477600,0.89571,0.8978,0.89529,0.89716,21761
1704664800,0.89508,0.89876,0.89472,0.8982,10279
1704679200,0.89819,0.89827,0.8954,0.89598,14124
1704693600,0.89596,0.89711,0.89482,0.896,26032
1704708000,0.896,0.89626,0.89385,0.89493,23005
1704722400,0.89492,0.89857,0.89477,0.89711,35936
1704736800,0.89712,0.89754,0.89646,0.8968,12832
1704751200,0.89497,0.89832,0.89497,0.89809,12758
1704765600,0.8981,0.89858,0.89622,0.8964,12529
1704780000,0.89641,0.89665,0.89473,0.89516,21627
1704794400,0.89516,0.89574,0.89379,0.8956,20472
1704808800,0.89561,0.89709,0.89482,0.89536,32420
1704823200,0.89536,0.89581,0.89468,0.89529,17674
1704837600,0.89412,0.89654,0.89366,0.89635,12112
1704852000,0.89635,0.89741,0.89613,0.89703,11890
1704866400,0.89699,0.89721,0.89597,0.89692,20338
1704880800,0.89691,0.89728,0.8963,0.89646,18164
1704895200,0.89645,0.89649,0.89483,0.89592,27779
1704909600,0.89592,0.8967,0.89574,0.8963,13868
1704924000,0.89467,0.89788,0.89426,0.89769,9410
1704938400,0.89771,0.89834,0.897,0.89748,10221
1704952800,0.89748,0.89812,0.89688,0.89722,14733
1704967200,0.89721,0.89771,0.89305,0.89323,28480
1704981600,0.89323,0.8948,0.89253,0.89349,61519
1704996000,0.89347,0.89624,0.89342,0.89563,21835
1705010400,0.89442,0.89774,0.89417,0.89749,14219
1705024800,0.89749,0.89768,0.89579,0.89581,14003
1705039200,0.8958,0.89651,0.89472,0.89476,21443
1705053600,0.89477,0.89722,0.89325,0.89533,28814
1705068000,0.89533,0.8981,0.89504,0.89612,44643
1705082400,0.89612,0.89683,0.89588,0.89622,16137
1705269600,0.89503,0.89711,0.89469,0.89663,14996
1705284000,0.89664,0.89717,0.89549,0.89558,11540
1705298400,0.89558,0.89577,0.89276,0.89301,17751
1705312800,0.893,0.89423,0.89248,0.89388,17609
1705327200,0.89387,0.89536,0.89342,0.89492,16343
1705341600,0.89492,0.89495,0.89394,0.89395,3594
1705356000,0.89287,0.89402,0.89048,0.8923,18145
1705370400,0.8923,0.89263,0.89047,0.89106,17427
1705384800,0.89109,0.89415,0.89081,0.89137,28711
1705399200,0.89135,0.89135,0.88833,0.88836,29411
1705413600,0.88835,0.88974,0.88769,0.88785,49943
1705428000,0.88784,0.88898,0.8878,0.88837,15302
1705442400,0.88752,0.88925,0.88692,0.8891,11596
1705456800,0.88911,0.88915,0.88555,0.88614,16382
1705471200,0.88616,0.88648,0.88395,0.88576,30081
1705485600,0.88576,0.88732,0.88419,0.88488,25960
1705500000,0.88489,0.88515,0.88219,0.88455,39241
1705514400,0.88455,0.88523,0.88375,0.88469,14497
1705528800,0.88467,0.88531,0.88133,0.88474,14043
1705543200,0.88474,0.88568,0.88378,0.88462,14342
1705557600,0.88463,0.88596,0.88403,0.88554,21218
1705572000,0.88554,0.88676,0.8847,0.88472,22876
1705586400,0.88471,0.8864,0.88462,0.88563,38450
1705600800,0.88562,0.88672,0.88536,0.88639,14906
1705615200,0.88502,0.88831,0.88437,0.88778,11842
1705629600,0.88774,0.88828,0.88642,0.88682,11470
1705644000,0.88681,0.88857,0.88633,0.88854,19125
1705658400,0.88853,0.88893,0.8877,0.88803,18030
1705672800,0.88803,0.88837,0.88558,0.88716,36426
1705687200,0.88715,0.88731,0.88581,0.88603,13813
1705874400,0.88456,0.88761,0.88396,0.88674,14476
1705888800,0.88675,0.88688,0.88512,0.88533,14582
1705903200,0.8853,0.88559,0.88418,0.88437,20560
1705917600,0.88436,0.88577,0.88405,0.88547,17583
1705932000,0.88547,0.88618,0.88477,0.88565,26496
1705946400,0.88564,0.88601,0.88488,0.88543,12827
1705960800,0.88517,0.88859,0.88449,0.88826,12365
1705975200,0.88827,0.88938,0.8869,0.88929,21943
1705989600,0.8893,0.88966,0.88756,0.88772,20478
1706004000,0.88768,0.88873,0.88639,0.88835,16287
1706018400,0.88834,0.88835,0.88372,0.8843,27558
1706032800,0.88431,0.88593,0.88426,0.88561,12102
1706047200,0.88512,0.88632,0.88437,0.8854,11217
1706061600,0.8854,0.88563,0.8847,0.88535,12328
1706076000,0.88534,0.88815,0.8848,0.88724,21382
1706090400,0.88725,0.88943,0.88658,0.88867,20443
1706104800,0.88868,0.89081,0.88667,0.89055,42969
1706119200,0.89053,0.89069,0.8891,0.88931,20021
1706133600,0.88772,0.88993,0.88747,0.88908,12533
1706148000,0.8891,0.88938,0.88836,0.88887,13902
1706162400,0.88885,0.8902,0.88877,0.88951,18714
1706176800,0.8895,0.89127,0.88842,0.89109,26950
1706191200,0.89109,0.89151,0.8872,0.88763,44616
1706205600,0.88765,0.8883,0.88668,0.88715,17937
1706220000,0.88657,0.88789,0.88612,0.8874,9052
1706234400,0.8874,0.8881,0.88717,0.88763,10139
1706248800,0.88763,0.88763,0.88597,0.88675,19273
1706263200,0.88675,0.88743,0.88517,0.88672,23066
1706277600,0.88672,0.88721,0.8853,0.88591,33143
1706292000,0.88588,0.88597,0.88435,0.88487,12423
1706479200,0.88366,0.88681,0.88331,0.88636,12417
1706493600,0.88632,0.88675,0.88577,0.88599,12175
1706508000,0.88599,0.88701,0.88585,0.88674,16260
1706522400,0.88673,0.88741,0.88622,0.88673,15556
1706536800,0.88671,0.8872,0.88547,0.88628,24087
1706551200,0.88626,0.88734,0.88586,0.88671,15366
1706565600,0.88612,0.88776,0.88448,0.88684,12097
1706580000,0.88682,0.88705,0.8858,0.88701,12283
1706594400,0.88702,0.88702,0.88428,0.88532,19436
1706608800,0.88531,0.88535,0.88427,0.88512,16882
1706623200,0.88511,0.8857,0.88316,0.88417,34980
1706637600,0.88416,0.88525,0.88397,0.88451,12294
1706652000,0.88362,0.88471,0.88109,0.88154,13473
1706666400,0.88153,0.88205,0.88007,0.88102,12658
1706680800,0.88102,0.88413,0.88043,0.88355,16605
1706695200,0.88353,0.88507,0.8829,0.88357,21439
1706709600,0.88363,0.88602,0.88257,0.88321,42306
1706724000,0.8832,0.88526,0.88065,0.88218,63715
1706738400,0.88167,0.88296,0.88128,0.88166,14523
1706752800,0.88166,0.88285,0.87887,0.87913,19037
1706767200,0.87913,0.87953,0.87676,0.87759,24820
1706781600,0.8776,0.87782,0.87587,0.87618,25919
1706796000,0.87619,0.87926,0.87471,0.87875,50424
1706810400,0.87873,0.88003,0.87843,0.87963,22036
1706824800,0.87907,0.88123,0.87828,0.88119,11409
1706839200,0.88118,0.88238,0.88118,0.88188,15012
1706853600,0.88188,0.88288,0.88123,0.88261,18891
1706868000,0.8826,0.88401,0.87843,0.87894,26768
1706882400,0.87895,0.87931,0.87584,0.87631,50945
1706896800,0.87632,0.87738,0.87603,0.87679,17914
1707084000,0.87607,0.87685,0.87416,0.87661,20374
1707098400,0.87659,0.87773,0.87575,0.87763,18739
1707112800,0.87763,0.87818,0.87625,0.87653,20233
1707127200,0.87653,0.8772,0.87558,0.87661,17283
1707141600,0.87663,0.87763,0.87491,0.87732,32519
1707156000,0.87732,0.8779,0.87709,0.87777,12590
1707170400,0.87697,0.87835,0.87677,0.87821,11539
1707184800,0.87824,0.88091,0.87731,0.87967,20460
1707199200,0.87967,0.8803,0.87873,0.87888,18742
1707213600,0.87886,0.8797,0.87826,0.87856,19637
1707228000,0.87857,0.88084,0.87856,0.87954,37697
1707242400,0.87953,0.88014,0.87866,0.88003,18754
1707256800,0.87972,0.88138,0.87883,0.88124,11616
1707271200,0.88123,0.88123,0.87998,0.88045,13403
1707285600,0.88044,0.88103,0.87901,0.87949,17900
1707300000,0.87951,0.88013,0.87845,0.87863,16887
1707314400,0.87864,0.87989,0.87802,0.87831,32614
1707328800,0.8783,0.87877,0.87739,0.8777,14100
1707343200,0.87682,0.87855,0.87672,0.87807,11455
1707357600,0.87807,0.87842,0.87701,0.87728,12566
1707372000,0.8773,0.87784,0.87605,0.87633,18099
1707386400,0.87634,0.87661,0.87431,0.87445,21308
1707400800,0.87441,0.87467,0.87257,0.87375,29153
1707415200,0.87373,0.87423,0.87281,0.87357,14521
1707429600,0.87307,0.87479,0.87307,0.874,9865
1707444000,0.87402,0.87462,0.87375,0.87416,9326
1707458400,0.87418,0.8763,0.87406,0.87565,15153
1707472800,0.87563,0.87672,0.87394,0.87638,25812
1707487200,0.87637,0.8783,0.87554,0.87796,31975
1707501600,0.87795,0.87852,0.87756,0.87803,10965
1707688800,0.87697,0.87845,0.8755,0.87813,7523
1707703200,0.87811,0.87831,0.87709,0.87746,5582
1707717600,0.87745,0.87841,0.87693,0.87738,14391
1707732000,0.87737,0.87892,0.87717,0.87829,13760
1707746400,0.87826,0.8791,0.87737,0.87897,21407
1707760800,0.87898,0.87905,0.87799,0.87833,12746
1707775200,0.87682,0.87854,0.87682,0.87803,6911
1707789600,0.87803,0.87807,0.87669,0.87687,10178
1707804000,0.87688,0.87726,0.87608,0.87645,16175
1707818400,0.87645,0.87839,0.87366,0.87457,28996
1707832800,0.87458,0.87682,0.87403,0.87594,41866
1707847200,0.87594,0.87642,0.87516,0.87532,16483
1707861600,0.87402,0.87579,0.87385,0.87567,10286
1707876000,0.87569,0.87683,0.87548,0.87671,8125
1707890400,0.87672,0.87799,0.87669,0.87708,15733
1707904800,0.87708,0.87855,0.87635,0.87721,15028
1707919200,0.8772,0.87958,0.87707,0.8793,28069
1707933600,0.87929,0.87974,0.87884,0.87908,12249
1707948000,0.87752,0.88005,0.87741,0.87791,10487
1707962400,0.8779,0.87885,0.8777,0.87865,8993
1707976800,0.87865,0.87989,0.87852,0.8792,15587
1707991200,0.87918,0.88207,0.87914,0.88106,21631
1708005600,0.88103,0.88115,0.87774,0.87798,35114
1708020000,0.87798,0.87879,0.87782,0.87843,15091
1708034400,0.87726,0.8788,0.87717,0.87792,8407
1708048800,0.87791,0.87897,0.87767,0.8788,10302
1708063200,0.87879,0.8799,0.87855,0.87932,15131
1708077600,0.8793,0.87979,0.87708,0.87804,19861
1708092000,0.87805,0.88125,0.87749,0.88114,36751
1708106400,0.88114,0.88176,0.88076,0.88089,15589
1708293600,0.87917,0.88234,0.87895,0.88144,12319
1708308000,0.88141,0.88215,0.88106,0.88175,10644
1708322400,0.88172,0.88205,0.88109,0.88117,14029
1708336800,0.88118,0.88141,0.88061,0.88128,10980
1708351200,0.88129,0.88228,0.88097,0.8818,7519
1708365600,0.88181,0.88237,0.88181,0.88212,1630
1708380000,0.88122,0.88212,0.88032,0.88167,11751
1708394400,0.88166,0.88213,0.88098,0.882,9888
1708408800,0.882,0.88426,0.88172,0.88424,13911
1708423200,0.88424,0.88893,0.88356,0.88817,20932
1708437600,0.88818,0.8886,0.88589,0.88619,32552
1708452000,0.88621,0.88638,0.88541,0.88552,14725
1708466400,0.88544,0.88645,0.88458,0.88622,9212
1708480800,0.88623,0.88767,0.88623,0.88736,10056
1708495200,0.88736,0.88759,0.88622,0.88643,14894
1708509600,0.88643,0.88692,0.88606,0.88617,15645
1708524000,0.88616,0.88661,0.88321,0.8835,22640
1708538400,0.88353,0.88518,0.88294,0.88473,21856
1708552800,0.88412,0.88474,0.88338,0.8836,10895
1708567200,0.88358,0.88444,0.88286,0.88421,10339
1708581600,0.8842,0.88661,0.88415,0.88541,21854
1708596000,0.8854,0.88609,0.8842,0.88489,22952
1708610400,0.8849,0.88497,0.88288,0.88379,36368
1708624800,0.88379,0.88426,0.88345,0.88388,15492
1708639200,0.88322,0.88612,0.88292,0.88586,10401
1708653600,0.88585,0.8861,0.88502,0.88529,8138
1708668000,0.88528,0.88643,0.88433,0.88446,15340
1708682400,0.88449,0.88602,0.88434,0.88502,19234
1708696800,0.88501,0.88667,0.88497,0.88585,28489
1708711200,0.88585,0.88664,0.88576,0.88652,11365
1708898400,0.88555,0.88691,0.88374,0.8858,9645
1708912800,0.88581,0.88625,0.88531,0.8856,7533
1708927200,0.8856,0.88594,0.88479,0.88518,13338
1708941600,0.88517,0.88607,0.88498,0.88506,14782
1708956000,0.88507,0.88508,0.88303,0.88333,22433
1708970400,0.88334,0.88353,0.88283,0.88315,9870
1708984800,0.88309,0.88331,0.88215,0.88268,8905
1708999200,0.88267,0.88388,0.8816,0.88343,9314
1709013600,0.88345,0.8848,0.8833,0.88413,14688
1709028000,0.88411,0.88456,0.8832,0.88417,16834
1709042400,0.88416,0.88553,0.88348,0.8848,26545
1709056800,0.8848,0.88557,0.88473,0.88524,12361
1709071200,0.88343,0.88595,0.88343,0.88468,11095
1709085600,0.88464,0.8848,0.88229,0.88268,10110
1709100000,0.8827,0.88286,0.88146,0.88187,13928
1709114400,0.88185,0.88338,0.88152,0.88192,19453
1709128800,0.88194,0.88203,0.88059,0.88145,21921
1709143200,0.88146,0.88196,0.88133,0.88184,10741
1709157600,0.88057,0.88335,0.88057,0.8829,10260
1709172000,0.88289,0.88494,0.88283,0.88447,12309
1709186400,0.88449,0.88469,0.88288,0.88337,20089
1709200800,0.88336,0.88359,0.88176,0.88318,25902
1709215200,0.88317,0.8844,0.88153,0.88172,37143
1709229600,0.88171,0.88236,0.88155,0.88222,14147
1709244000,0.88058,0.88275,0.8805,0.8826,11377
1709258400,0.88262,0.88347,0.88252,0.88324,8585
1709272800,0.88325,0.8838,0.88191,0.88255,14723
1709287200,0.88254,0.88344,0.88161,0.88274,20951
1709301600,0.88273,0.88536,0.88236,0.88503,38604
1709316000,0.88503,0.88551,0.8846,0.88472,14000
1709503200,0.88341,0.88526,0.88328,0.8845,8674
1709517600,0.88449,0.88505,0.88386,0.88389,7892
1709532000,0.88387,0.8851,0.88384,0.88463,13830
1709546400,0.88462,0.88516,0.884,0.88407,13371
1709560800,0.88405,0.88471,0.88355,0.88407,21744
1709575200,0.88408,0.88419,0.88341,0.88352,10491
1709589600,0.88235,0.88376,0.88212,0.88333,8757
1709604000,0.88332,0.88347,0.88159,0.8816,9919
1709618400,0.88161,0.8819,0.88051,0.88136,14433
1709632800,0.88137,0.88264,0.88126,0.88243,15718
1709647200,0.88242,0.8848,0.8816,0.8838,33164
1709661600,0.88381,0.88441,0.8837,0.88392,16806
1709676000,0.88227,0.88429,0.88227,0.8828,8609
1709690400,0.88281,0.88548,0.88279,0.88513,7472
1709704800,0.88512,0.88611,0.88501,0.886,12991
1709719200,0.88601,0.88735,0.88558,0.8872,19325
1709733600,0.88721,0.88885,0.88586,0.88751,33002
1709748000,0.88752,0.88811,0.88682,0.887,17924
1709762400,0.88637,0.88853,0.88552,0.8878,12123
1709776800,0.88778,0.88962,0.88758,0.8884,13194
1709791200,0.88837,0.891,0.88832,0.89093,18724
1709805600,0.89094,0.89242,0.89091,0.89123,23081
1709820000,0.89122,0.89222,0.89045,0.89126,31051
1709834400,0.89127,0.89136,0.89061,0.89093,13048
1709848800,0.88982,0.89144,0.88982,0.89031,9510
1709863200,0.8903,0.89185,0.88977,0.89181,9986
1709877600,0.8918,0.89272,0.89093,0.89271,17656
1709892000,0.89273,0.89496,0.8914,0.89345,29146
1709906400,0.89343,0.89444,0.89211,0.89293,48140
1709920800,0.89293,0.89356,0.89258,0.89346,16871
1710104400,0.89199,0.89345,0.89157,0.89247,8201
1710118800,0.89245,0.89287,0.89107,0.89148,12983
1710133200,0.89148,0.8923,0.89079,0.89101,16370
1710147600,0.89102,0.89188,0.89094,0.89153,16077
1710162000,0.89154,0.89207,0.89062,0.891,25209
1710176400,0.89102,0.8916,0.89061,0.89158,12061
1710190800,0.88988,0.89214,0.88988,0.89168,8642
1710205200,0.89169,0.89215,0.891,0.89124,11300
1710219600,0.89124,0.89183,0.89054,0.89128,13892
1710234000,0.89127,0.89441,0.88898,0.89218,27006
1710248400,0.89218,0.89224,0.88987,0.89071,41439
1710262800,0.89071,0.89133,0.89036,0.89116,12750
1710277200,0.88993,0.89188,0.88992,0.89105,5558
1710291600,0.89104,0.89257,0.89076,0.8924,10256
1710306000,0.8924,0.89279,0.89137,0.8915,13591
1710320400,0.89148,0.89229,0.89078,0.89181,12248
1710334800,0.89179,0.89247,0.89073,0.89206,19414
1710349200,0.89203,0.89318,0.89176,0.89183,11144
1710363600,0.89062,0.89283,0.89062,0.89216,7235
1710378000,0.89215,0.89267,0.89077,0.89135,10352
1710392400,0.89133,0.89217,0.89108,0.89154,13621
1710406800,0.89153,0.89254,0.88995,0.89131,20646
1710421200,0.8913,0.89137,0.88897,0.89036,36433
1710435600,0.89036,0.8908,0.89001,0.89051,13799
1710450000,0.88893,0.89069,0.88846,0.88917,7952
1710464400,0.88915,0.88943,0.88798,0.88884,11116
1710478800,0.88885,0.88943,0.88755,0.88821,15518
1710493200,0.88824,0.88897,0.88744,0.88805,15019
1710507600,0.88806,0.88883,0.88695,0.88823,27552
1710522000,0.88824,0.88867,0.88809,0.88827,10871
1710709200,0.88718,0.88868,0.88685,0.88847,6628
1710723600,0.88846,0.88919,0.88801,0.88875,11487
1710738000,0.88873,0.88904,0.88787,0.88897,10125
1710752400,0.88896,0.88999,0.8884,0.88888,11245
1710766800,0.88889,0.88955,0.88758,0.8877,18920
1710781200,0.88769,0.88785,0.88711,0.88768,7766
1710795600,0.88643,0.88767,0.88585,0.8871,6504
1710810000,0.8871,0.88846,0.88433,0.88453,21625
1710824400,0.88451,0.88464,0.88347,0.88418,21141
1710838800,0.88417,0.88694,0.88311,0.88681,17701
1710853200,0.8868,0.88775,0.88548,0.88575,19845
1710867600,0.88574,0.8862,0.88556,0.88606,10535
1710882000,0.88567,0.88661,0.88522,0.88658,7699
1710896400,0.88661,0.88763,0.88597,0.88597,9529
1710910800,0.88598,0.88715,0.88597,0.88657,10687
1710925200,0.88656,0.88658,0.88549,0.88565,10831
1710939600,0.88564,0.88657,0.88521,0.88522,14367
1710954000,0.88522,0.88862,0.88481,0.88856,49010
1710968400,0.8882,0.89109,0.88678,0.89077,14511
1710982800,0.89076,0.89231,0.89071,0.89184,15704
1710997200,0.89184,0.89291,0.89144,0.89154,19372
1711011600,0.89158,0.89213,0.89104,0.89141,20725
1711026000,0.89139,0.8914,0.88796,0.88893,31047
1711040400,0.88892,0.88918,0.8886,0.88883,11049
1711054800,0.88812,0.88917,0.88812,0.88903,6734
1711069200,0.88903,0.88923,0.88449,0.88463,19751
1711083600,0.88463,0.8854,0.88348,0.88435,18533
1711098000,0.88436,0.88545,0.88382,0.88489,17374
1711112400,0.88487,0.88759,0.88455,0.88657,25565
1711126800,0.88656,0.88726,0.88595,0.88625,10147
1711314000,0.88527,0.88715,0.88487,0.88705,8260
1711328400,0.88707,0.88912,0.8867,0.88752,20843
1711342800,0.88752,0.8876,0.88656,0.88721,15554
1711357200,0.88723,0.88811,0.88682,0.88778,13815
1711371600,0.88779,0.88861,0.88759,0.88785,17217
1711386000,0.88785,0.88855,0.88771,0.88847,7337
1711400400,0.88687,0.88854,0.88687,0.88844,5741
1711414800,0.88846,0.88964,0.88733,0.888,13677
1711429200,0.888,0.88872,0.88792,0.88835,11474
1711443600,0.88833,0.8898,0.88744,0.88761,13693
1711458000,0.8876,0.8884,0.88679,0.88745,19715
1711472400,0.88744,0.88778,0.88678,0.88738,8507
1711486800,0.88708,0.88804,0.88598,0.88665,6178
1711501200,0.88661,0.88735,0.88533,0.8872,15969
1711515600,0.88718,0.88765,0.88648,0.88656,14777
1711530000,0.88657,0.88774,0.88636,0.88639,18849
1711544400,0.88638,0.88735,0.88553,0.88634,21197
1711558800,0.88633,0.8867,0.88608,0.8864,10137
1711573200,0.88603,0.88672,0.88484,0.88633,9569
1711587600,0.88631,0.8876,0.886,0.88657,15859
1711602000,0.88658,0.88671,0.88323,0.88327,16301
1711616400,0.88326,0.88329,0.88169,0.88296,15700
1711630800,0.88298,0.88371,0.88229,0.8828,23899
1711645200,0.88279,0.88294,0.88201,0.88215,11060
1711659600,0.88205,0.88319,0.88113,0.88225,7711
1711674000,0.88227,0.88256,0.88124,0.88223,9616
1711688400,0.88224,0.8827,0.88144,0.88234,4798
1711702800,0.88233,0.88463,0.88101,0.88375,6413
1711717200,0.88374,0.88455,0.88272,0.883,7714
1711731600,0.88297,0.88348,0.88235,0.88266,1832
1711918800,0.88153,0.88391,0.88111,0.8833,12225
1711933200,0.88332,0.88364,0.88191,0.88255,9800
1711947600,0.88256,0.88299,0.8817,0.88277,9449
1711962000,0.88277,0.88355,0.88209,0.8834,9505
1711976400,0.88339,0.88353,0.88004,0.88022,23024
1711990800,0.88023,0.88099,0.88019,0.88067,8561
1712005200,0.87942,0.8813,0.87901,0.88115,9129
1712019600,0.88115,0.88194,0.88064,0.88121,11369
1712034000,0.88121,0.88254,0.88086,0.88237,14362
1712048400,0.88238,0.88279,0.88164,0.88186,13683
1712062800,0.88186,0.8848,0.88168,0.88353,25561
1712077200,0.88358,0.88437,0.8834,0.88411,9845
1712091600,0.88292,0.88438,0.88292,0.88314,5952
1712106000,0.88313,0.88487,0.88277,0.88444,10530
1712120400,0.88445,0.88464,0.8836,0.88375,11198
1712134800,0.88375,0.8844,0.88313,0.884,15916
1712149200,0.88402,0.8883,0.88272,0.88811,43410
1712163600,0.8881,0.88856,0.88774,0.88792,12724
1712178000,0.88687,0.88908,0.88631,0.88908,8042
1712192400,0.88906,0.89003,0.88873,0.88991,9224
1712206800,0.88991,0.89098,0.8898,0.89082,13330
1712221200,0.8908,0.89261,0.89058,0.89205,13186
1712235600,0.89204,0.8931,0.89129,0.89291,15932
1712250000,0.89291,0.89361,0.89165,0.892,22489
1712264400,0.89122,0.89299,0.89097,0.89265,10640
1712278800,0.89264,0.89288,0.89079,0.89181,14062
1712293200,0.89183,0.89296,0.89156,0.89274,14964
1712307600,0.89276,0.89476,0.89089,0.89424,23701
1712322000,0.89425,0.89517,0.89328,0.89438,39876
1712336400,0.89436,0.8947,0.89376,0.8939,16102
1712523600,0.89376,0.89413,0.89274,0.89298,28038
1712538000,0.89298,0.895,0.89289,0.89481,53454
1712552400,0.89483,0.8954,0.8945,0.89477,54834
1712566800,0.89476,0.89573,0.89467,0.89537,50583
1712581200,0.89537,0.89787,0.89534,0.89651,76825
1712595600,0.89651,0.89694,0.8961,0.8963,38878
1712610000,0.89596,0.89673,0.89539,0.89643,21254
1712624400,0.89643,0.89754,0.89618,0.89725,44332
1712638800,0.89724,0.89751,0.89603,0.89734,48454
1712653200,0.89735,0.90008,0.89711,0.89957,56231
1712667600,0.89957,0.90069,0.89894,0.89909,80675
1712682000,0.8991,0.89958,0.89871,0.89951,42020
1712696400,0.89905,0.89979,0.89813,0.899,19140
1712710800,0.899,0.89925,0.89787,0.89842,42958
1712725200,0.89842,0.89899,0.89812,0.89871,45588
1712739600,0.89871,0.89899,0.89364,0.89468,55210
1712754000,0.89469,0.89477,0.89003,0.89072,105290
1712768400,0.89071,0.89207,0.88985,0.89089,72605
1712782800,0.88946,0.89134,0.88917,0.89076,27161
1712797200,0.89075,0.8919,0.89061,0.89147,48839
1712811600,0.89147,0.89311,0.89147,0.89246,60096
1712826000,0.89245,0.89501,0.89114,0.89466,75240
1712840400,0.89466,0.89554,0.89315,0.89396,93597
1712854800,0.89394,0.89507,0.89376,0.89475,47747
1712869200,0.89437,0.89529,0.89399,0.89484,21980
1712883600,0.89484,0.89534,0.89421,0.89459,44462
1712898000,0.89458,0.89506,0.89336,0.89474,57864
1712912400,0.89473,0.89488,0.89128,0.89136,62728
1712926800,0.89137,0.89144,0.88963,0.89008,96933
1712941200,0.89008,0.89036,0.88954,0.88978,56858
1713128400,0.8897,0.89127,0.88964,0.89079,32922
1713142800,0.89079,0.89248,0.89012,0.89213,58140
1713157200,0.89215,0.89259,0.89019,0.89045,66050
1713171600,0.89047,0.89128,0.88911,0.89005,62860
1713186000,0.89002,0.89039,0.88783,0.88874,88649
1713200400,0.88873,0.88892,0.88781,0.88815,59241
1713214800,0.88744,0.88839,0.88617,0.8862,29274
1713229200,0.88618,0.88645,0.8846,0.88607,58090
1713243600,0.88608,0.88665,0.88488,0.88494,69678
1713258000,0.88495,0.88769,0.88406,0.88669,68812
1713272400,0.88669,0.88691,0.88489,0.88573,93067
1713286800,0.88573,0.88612,0.88451,0.88517,73780
1713301200,0.8842,0.88677,0.88419,0.88639,27740
1713315600,0.88641,0.88709,0.88604,0.88631,47248
1713330000,0.88631,0.88775,0.88541,0.88729,61012
1713344400,0.88728,0.88761,0.88647,0.88699,52472
1713358800,0.88698,0.88829,0.88546,0.88601,85332
1713373200,0.88599,0.88705,0.88593,0.88621,60129
1713387600,0.88552,0.88698,0.88446,0.88668,23251
1713402000,0.88669,0.88791,0.88547,0.88665,51552
1713416400,0.88666,0.88755,0.88598,0.88674,55360
1713430800,0.88673,0.88687,0.88548,0.88587,54793
1713445200,0.88587,0.88654,0.88464,0.88479,83159
1713459600,0.8848,0.88485,0.88381,0.8839,54422
1713474000,0.8835,0.88467,0.88264,0.88272,28106
1713488400,0.88271,0.88286,0.87812,0.88177,105448
1713502800,0.88178,0.88334,0.88105,0.88284,75389
1713517200,0.88285,0.8835,0.88182,0.88329,66463
1713531600,0.88327,0.88347,0.88152,0.88238,87496
1713546000,0.88235,0.8828,0.8822,0.88232,55467
1713733200,0.88059,0.88456,0.88028,0.88388,29639
1713747600,0.88384,0.88542,0.88326,0.8833,45460
1713762000,0.88331,0.88353,0.8822,0.88352,46522
1713776400,0.88348,0.88407,0.88267,0.88367,44078
1713790800,0.88365,0.88373,0.88258,0.88316,54760
1713805200,0.88317,0.88374,0.88301,0.88341,31540
1713819600,0.88257,0.8845,0.88256,0.88446,15090
1713834000,0.88443,0.8852,0.8839,0.88468,40886
1713848400,0.88467,0.88469,0.88305,0.88337,47262
1713862800,0.88336,0.88478,0.88308,0.88399,39858
1713877200,0.884,0.88656,0.88374,0.88625,67927
1713891600,0.88626,0.88648,0.88581,0.88626,29055
1713906000,0.88448,0.88709,0.88429,0.88697,16861
1713920400,0.88697,0.89154,0.8861,0.89058,36279
1713934800,0.89057,0.89071,0.88937,0.88979,39395
1713949200,0.8898,0.89155,0.88909,0.89109,41488
1713963600,0.89111,0.89184,0.8897,0.89046,61084
1713978000,0.89046,0.89074,0.8897,0.89025,32900
1713992400,0.8892,0.89081,0.8883,0.8903,12566
1714006800,0.89031,0.89136,0.88956,0.89075,29838
1714021200,0.89077,0.8927,0.89063,0.8926,38703
1714035600,0.89259,0.89353,0.89011,0.89066,48182
1714050000,0.89069,0.8917,0.88979,0.89089,77975
1714064400,0.89086,0.89118,0.88977,0.89008,39464
1714078800,0.88946,0.89138,0.88937,0.8912,18466
1714093200,0.8912,0.89174,0.89032,0.89117,38143
1714107600,0.89118,0.89398,0.89108,0.89347,52855
1714122000,0.89347,0.89391,0.89208,0.8933,51404
1714136400,0.89331,0.89468,0.89229,0.89291,67928
1714150800,0.8929,0.89317,0.89237,0.89293,23530
1714338000,0.8907,0.89433,0.8904,0.89431,15759
1714352400,0.89431,0.89787,0.89388,0.89682,53951
1714366800,0.89683,0.89736,0.89455,0.89543,64436
1714381200,0.89544,0.89692,0.89526,0.89548,41472
1714395600,0.89549,0.8968,0.89511,0.89667,57039
1714410000,0.89666,0.89741,0.89659,0.89684,35738
1714424400,0.89546,0.8972,0.89544,0.89661,17999
1714438800,0.89659,0.89693,0.89339,0.89376,35409
1714453200,0.89376,0.89412,0.89226,0.894,43288
1714467600,0.89399,0.89439,0.89147,0.89253,52173
1714482000,0.89251,0.89389,0.89174,0.89226,79515
1714496400,0.89227,0.89273,0.89145,0.89165,38024
1714510800,0.89105,0.8924,0.89055,0.89095,20072
1714525200,0.89092,0.89181,0.89089,0.89163,23871
1714539600,0.89163,0.89286,0.89154,0.89237,32340
1714554000,0.89238,0.89327,0.89111,0.89242,40636
1714568400,0.8924,0.89383,0.89047,0.89331,62557
1714582800,0.89332,0.89677,0.89183,0.89605,92645
1714597200,0.89535,0.89667,0.89392,0.89559,27724
1714611600,0.89558,0.89685,0.89494,0.89666,41631
1714626000,0.89665,0.89758,0.89628,0.89664,60144
1714640400,0.89662,0.89675,0.89501,0.89571,55685
1714654800,0.8957,0.89769,0.89462,0.89758,77936
1714669200,0.89759,0.89849,0.89726,0.89765,41813
1714683600,0.89725,0.89884,0.89678,0.89879,19615
1714698000,0.89878,0.89918,0.89783,0.89829,38402
1714712400,0.89829,0.8994,0.89803,0.89927,46863
1714726800,0.89922,0.90472,0.89755,0.90444,57056
1714741200,0.90446,0.90559,0.90342,0.90471,101247
1714755600,0.9047,0.905,0.90401,0.90458,30539
1714942800,0.90437,0.90561,0.90276,0.90557,19363
1714957200,0.90555,0.90594,0.90478,0.90522,37689
1714971600,0.9052,0.90667,0.90463,0.90652,39145
1714986000,0.9065,0.90694,0.90597,0.90622,33828
1715000400,0.90623,0.90632,0.9041,0.90537,44472
1715014800,0.90536,0.90555,0.9048,0.9053,25503
1715029200,0.90385,0.90767,0.90349,0.90708,19405
1715043600,0.90706,0.90746,0.90264,0.90381,40664
1715058000,0.90382,0.90442,0.9016,0.9027,48735
1715072400,0.90268,0.90521,0.90224,0.90497,39128
1715086800,0.90498,0.90652,0.9049,0.90519,52775
1715101200,0.90519,0.90577,0.90476,0.90551,32504
1715115600,0.90412,0.90562,0.9041,0.90418,18215
1715130000,0.90418,0.90475,0.9033,0.90454,35464
1715144400,0.90454,0.90507,0.90293,0.90309,38967
1715158800,0.90309,0.90366,0.90214,0.9023,37980
1715173200,0.90232,0.90346,0.90175,0.90274,48297
1715187600,0.90274,0.90335,0.9027,0.90282,23607
1715202000,0.90187,0.90309,0.90129,0.9022,16736
1715216400,0.90221,0.90368,0.90213,0.90301,34598
1715230800,0.90301,0.90334,0.90179,0.90294,37035
1715245200,0.90295,0.90561,0.9025,0.90497,45119
1715259600,0.90498,0.90499,0.90396,0.90445,53283
1715274000,0.90445,0.90539,0.90435,0.90519,25577
1715288400,0.90447,0.90554,0.90369,0.9045,17879
1715302800,0.90448,0.90508,0.90336,0.90421,34447
1715317200,0.90421,0.9051,0.90401,0.90419,43720
1715331600,0.90417,0.90494,0.89973,0.90204,39046
1715346000,0.90203,0.90324,0.90177,0.90308,56314
1715360400,0.90307,0.90327,0.90268,0.90272,20533
1715547600,0.90112,0.90335,0.90087,0.90222,16053
1715562000,0.90221,0.90289,0.90141,0.90234,33698
1715576400,0.90233,0.90363,0.90215,0.9034,36111
1715590800,0.90339,0.90545,0.90337,0.90544,32748
1715605200,0.90542,0.90605,0.90336,0.90347,43916
1715619600,0.90346,0.90363,0.90286,0.90302,22181
1715634000,0.90227,0.90354,0.90227,0.90295,15407
1715648400,0.90295,0.90346,0.90251,0.90273,28002
1715662800,0.9027,0.90377,0.90249,0.90311,33305
1715677200,0.9031,0.90391,0.90055,0.90308,40857
1715691600,0.9031,0.90451,0.90244,0.90436,57610
1715706000,0.90437,0.90458,0.90392,0.9045,23365
1715720400,0.90332,0.90493,0.90323,0.90446,14650
1715734800,0.90447,0.90703,0.9039,0.90616,27585
1715749200,0.90616,0.90689,0.90526,0.90548,34982
1715763600,0.9055,0.90822,0.904,0.90735,45391
1715778000,0.90734,0.90953,0.90493,0.90935,69770
1715792400,0.90934,0.91061,0.90928,0.91036,30975
1715806800,0.90929,0.91244,0.90919,0.91218,22664
1715821200,0.91218,0.91218,0.90882,0.90985,42319
1715835600,0.90985,0.91088,0.90881,0.90996,36813
1715850000,0.90995,0.9103,0.90835,0.90866,38420
1715864400,0.90864,0.90935,0.90723,0.90928,47817
1715878800,0.90929,0.9096,0.90901,0.90937,25240
1715893200,0.90804,0.90982,0.90788,0.90895,16000
1715907600,0.90895,0.9093,0.90748,0.90774,34025
1715922000,0.90774,0.90917,0.9071,0.90741,38650
1715936400,0.90744,0.90827,0.90695,0.90782,32677
1715950800,0.90782,0.91049,0.90771,0.91017,51170
1715965200,0.91016,0.91197,0.9101,0.9111,23498
1716152400,0.91023,0.91217,0.91023,0.91173,18202
1716166800,0.91174,0.91253,0.91123,0.91223,37619
1716181200,0.91223,0.91243,0.91079,0.91093,39661
1716195600,0.91093,0.91143,0.90822,0.90861,35031
1716210000,0.90859,0.90916,0.90771,0.90884,49254
1716224400,0.90884,0.90927,0.9082,0.90827,30175
1716238800,0.90819,0.90938,0.908,0.9091,16831
1716253200,0.90909,0.90959,0.9067,0.9077,43045
1716267600,0.90769,0.90874,0.9071,0.90844,41792
1716282000,0.90845,0.91129,0.90841,0.91109,42761
1716296400,0.91111,0.91187,0.90912,0.90953,69323
1716310800,0.90954,0.91018,0.90942,0.91004,33818
1716325200,0.90949,0.90974,0.90822,0.90937,17814
1716339600,0.90936,0.91077,0.90895,0.90969,37897
1716354000,0.90968,0.91025,0.90871,0.90988,39710
1716368400,0.90988,0.91011,0.9086,0.90872,43521
1716382800,0.90871,0.90944,0.90674,0.90709,57676
1716397200,0.90708,0.90725,0.90476,0.90634,44584
1716411600,0.90421,0.90679,0.9041,0.90587,14160
1716426000,0.90586,0.90725,0.90569,0.90669,36819
1716440400,0.90669,0.90693,0.90546,0.90643,42168
1716454800,0.90643,0.90828,0.90626,0.9076,40514
1716469200,0.90759,0.9086,0.90588,0.90751,72477
1716483600,0.90752,0.90752,0.90629,0.90693,45069
1716498000,0.90635,0.90704,0.9059,0.90657,17985
1716512400,0.90653,0.90687,0.90549,0.90663,37385
1716526800,0.90664,0.90737,0.90586,0.90721,38853
1716541200,0.90721,0.90788,0.90633,0.90727,41551
1716555600,0.90728,0.90739,0.90525,0.90525,57846
1716570000,0.90524,0.90602,0.90518,0.90571,26291
1716757200,0.90428,0.90622,0.90423,0.90599,15081
1716771600,0.906,0.90692,0.90578,0.90677,29150
1716786000,0.90678,0.90741,0.90608,0.90719,33875
1716800400,0.90719,0.90781,0.90704,0.90774,30235
1716814800,0.90774,0.90793,0.90709,0.9072,29912
1716829200,0.9072,0.90759,0.90691,0.90706,9820
1716843600,0.90671,0.90741,0.90642,0.90678,16318
1716858000,0.90678,0.90865,0.90673,0.90831,36513
1716872400,0.9083,0.90848,0.90708,0.90743,39687
1716886800,0.90743,0.90889,0.90694,0.90836,37935
1716901200,0.90833,0.90974,0.90783,0.90787,57792
1716915600,0.90788,0.90817,0.90682,0.90726,39526
1716930000,0.90608,0.90762,0.90563,0.90695,17774
1716944400,0.90693,0.90974,0.90677,0.90852,39953
1716958800,0.90851,0.90934,0.90802,0.90843,50554
1716973200,0.90843,0.9085,0.90611,0.90696,44991
1716987600,0.90698,0.90768,0.90625,0.90715,65204
1717002000,0.90711,0.90749,0.90666,0.90671,37252
1717016400,0.90628,0.9073,0.90613,0.90693,22005
1717030800,0.9069,0.90777,0.90596,0.90668,43055
1717045200,0.90668,0.90729,0.90505,0.9071,52174
1717059600,0.90707,0.90859,0.90675,0.90844,43875
1717074000,0.90844,0.90911,0.90717,0.90782,59651
1717088400,0.90782,0.90824,0.90697,0.90731,28551
1717102800,0.90641,0.90803,0.90612,0.90797,19572
1717117200,0.90798,0.90838,0.90652,0.90683,43574
1717131600,0.90682,0.90744,0.90631,0.90682,45730
1717146000,0.90681,0.90913,0.90623,0.9088,51847
1717160400,0.90881,0.90935,0.90535,0.90589,77680
1717174800,0.90586,0.9068,0.90542,0.90648,34867
1717362000,0.9043,0.90692,0.9043,0.90648,23306
1717376400,0.90648,0.90707,0.90561,0.90589,43379
1717390800,0.90589,0.90737,0.90548,0.90698,60893
1717405200,0.90699,0.9083,0.90661,0.90781,63801
1717419600,0.9078,0.91127,0.90775,0.91023,102283
1717434000,0.91024,0.91171,0.90981,0.91148,52164
1717448400,0.9094,0.91245,0.90932,0.91129,23178
1717462800,0.91129,0.91138,0.91027,0.91126,43806
1717477200,0.91125,0.91141,0.90938,0.90975,70068
1717491600,0.90975,0.90982,0.90799,0.90875,74442
1717506000,0.90873,0.9101,0.90772,0.90907,102692
1717520400,0.90907,0.90978,0.90895,0.90936,51743
1717534800,0.9077,0.90996,0.90766,0.9094,19555
1717549200,0.90938,0.91092,0.90867,0.91062,41728
1717563600,0.91061,0.91085,0.9097,0.90989,52113
1717578000,0.90988,0.90994,0.90844,0.90885,52520
1717592400,0.90885,0.91146,0.90828,0.90994,98934
1717606800,0.90994,0.91063,0.90973,0.91025,36850
1717621200,0.91001,0.91195,0.90977,0.91172,16264
1717635600,0.91172,0.91349,0.91093,0.91113,41669
1717650000,0.91109,0.91125,0.90959,0.91056,45498
1717664400,0.91054,0.91081,0.9087,0.90948,52224
1717678800,0.90946,0.91194,0.90913,0.91141,79509
1717693200,0.91141,0.91198,0.91089,0.91114,40302
1717707600,0.91069,0.91166,0.91056,0.91101,14394
1717722000,0.911,0.91244,0.91077,0.91209,37630
1717736400,0.9121,0.91299,0.91155,0.9121,51031
1717750800,0.91207,0.91223,0.90638,0.90654,73146
1717765200,0.90654,0.9072,0.90445,0.90567,102894
1717779600,0.90565,0.90592,0.90507,0.90586,49505
1717966800,0.9046,0.90607,0.90305,0.90548,23859
1717981200,0.90549,0.90776,0.90542,0.90721,36656
1717995600,0.90722,0.90843,0.90684,0.90729,54405
1718010000,0.90728,0.9083,0.9072,0.90751,48101
1718024400,0.90749,0.90946,0.90743,0.90907,66618
1718038800,0.90907,0.90974,0.90876,0.90936,38276
1718053200,0.90916,0.9096,0.90857,0.90862,21982
1718067600,0.90862,0.90874,0.90744,0.90816,43076
1718082000,0.90815,0.9094,0.90803,0.90864,46810
1718096400,0.90864,0.90953,0.90794,0.90951,61055
1718110800,0.90951,0.91013,0.90783,0.90835,76919
1718125200,0.90834,0.90926,0.9083,0.90872,34528
1718139600,0.9084,0.90906,0.90768,0.90802,17501
1718154000,0.90801,0.90977,0.90794,0.90943,41339
1718168400,0.90943,0.91022,0.90867,0.90919,44460
1718182800,0.90917,0.9158,0.90742,0.9156,64360
1718197200,0.9156,0.91758,0.91484,0.91695,96046
1718211600,0.91694,0.91722,0.91369,0.9143,111820
1718226000,0.91319,0.91469,0.91258,0.91391,20036
1718240400,0.9139,0.91527,0.91317,0.91351,44828
1718254800,0.91351,0.91418,0.91255,0.91371,47154
1718269200,0.91371,0.91557,0.91204,0.91436,60766
1718283600,0.91436,0.91462,0.91158,0.91162,97831
1718298000,0.9116,0.91236,0.9115,0.9116,51638
1718312400,0.91074,0.91186,0.91015,0.9104,22664
1718326800,0.91036,0.91215,0.91035,0.91058,52042
1718341200,0.91059,0.91126,0.90925,0.90974,78604
1718355600,0.90972,0.91064,0.90897,0.90964,86398
1718370000,0.90963,0.9099,0.90802,0.90851,87365
1718384400,0.90852,0.90896,0.90769,0.90846,37067
1718571600,0.90651,0.90865,0.90607,0.90776,17410
1718586000,0.90775,0.90776,0.90688,0.90738,36872
1718600400,0.90738,0.90796,0.90592,0.90767,56599
1718614800,0.90766,0.90786,0.90568,0.90609,52715
1718629200,0.90606,0.90793,0.90606,0.90765,64859
1718643600,0.90763,0.908,0.90717,0.90736,39339
1718658000,0.90596,0.90805,0.90568,0.90763,21141
1718672400,0.9076,0.90903,0.90693,0.90794,48783
1718686800,0.90793,0.91094,0.90784,0.90972,64423
1718701200,0.90972,0.91025,0.90814,0.90996,66145
1718715600,0.90996,0.91316,0.9099,0.91286,79643
1718730000,0.91286,0.91315,0.91237,0.91306,41224
1718744400,0.9124,0.91402,0.91206,0.91392,17721
1718758800,0.91392,0.91458,0.91362,0.91417,33921
1718773200,0.91417,0.91573,0.91402,0.91498,41919
1718787600,0.91497,0.91547,0.91377,0.91417,41316
1718802000,0.91417,0.91503,0.91347,0.91481,34367
1718816400,0.91481,0.91483,0.91422,0.91438,9829
1718830800,0.91367,0.91528,0.91351,0.91492,19081
1718845200,0.91492,0.91543,0.91431,0.91473,43836
1718859600,0.91474,0.91537,0.91354,0.91464,52712
1718874000,0.91464,0.91528,0.91269,0.91286,56527
1718888400,0.91287,0.91378,0.91089,0.91141,78175
1718902800,0.91139,0.91211,0.91074,0.91101,50296
1718917200,0.90959,0.91174,0.90937,0.91098,18838
1718931600,0.91098,0.91213,0.9109,0.9119,36309
1718946000,0.91189,0.91205,0.91031,0.91076,50759
1718960400,0.91076,0.91298,0.91015,0.91247,49109
1718974800,0.91248,0.91248,0.90917,0.9102,78405
1718989200,0.9102,0.91028,0.90932,0.90937,35515
1719176400,0.90763,0.90964,0.90763,0.90926,22324
1719190800,0.90925,0.90943,0.90823,0.90896,46286
1719205200,0.90895,0.91039,0.90887,0.90986,41152
1719219600,0.90986,0.91,0.90845,0.90937,46123
1719234000,0.90936,0.91096,0.90833,0.90865,68874
1719248400,0.90866,0.90937,0.90847,0.90901,35439
1719262800,0.90789,0.90912,0.90745,0.90849,18634
1719277200,0.90849,0.90918,0.90829,0.90888,35639
1719291600,0.90888,0.91089,0.90882,0.90948,42930
1719306000,0.90949,0.90995,0.9051,0.90752,48713
1719320400,0.90752,0.90759,0.90624,0.90706,67115
1719334800,0.90705,0.90799,0.90698,0.90776,33096
1719349200,0.90593,0.908,0.90588,0.90761,18764
1719363600,0.90758,0.91226,0.90741,0.91199,49045
1719378000,0.91199,0.91365,0.91195,0.91269,45276
1719392400,0.91269,0.91279,0.91086,0.91091,49014
1719406800,0.91089,0.91173,0.90979,0.91092,80359
1719421200,0.91091,0.91175,0.91068,0.91081,38053
1719435600,0.90994,0.91109,0.90935,0.91071,21420
1719450000,0.91067,0.91269,0.9105,0.9125,38015
1719464400,0.91251,0.9132,0.91128,0.91206,49105
1719478800,0.91205,0.9125,0.9098,0.91207,59620
1719493200,0.91208,0.9125,0.90973,0.91013,75939
1719507600,0.91013,0.91065,0.90948,0.91058,38649
1719522000,0.90974,0.91118,0.90965,0.91093,19701
1719536400,0.91092,0.91098,0.90899,0.9093,55251
1719550800,0.90929,0.9106,0.90892,0.91047,49759
1719565200,0.91047,0.91366,0.91028,0.91349,62599
1719579600,0.9135,0.91482,0.91258,0.91265,100190
1719594000,0.91265,0.91291,0.912,0.91217,44971
1719781200,0.91262,0.91319,0.91147,0.9121,24930
1719795600,0.91211,0.91233,0.91118,0.91137,36107
1719810000,0.91137,0.91406,0.91114,0.91389,51777
1719824400,0.91389,0.91399,0.91237,0.9131,47358
1719838800,0.9131,0.91549,0.9129,0.91393,85174
1719853200,0.91393,0.9147,0.91373,0.91461,34970
1719867600,0.91316,0.91471,0.91293,0.91357,18769
1719882000,0.91357,0.91383,0.91233,0.91344,38127
1719896400,0.91344,0.91388,0.91232,0.91316,55234
1719910800,0.91316,0.91389,0.91262,0.91305,45507
1719925200,0.91305,0.91417,0.91111,0.91163,89727
1719939600,0.91162,0.91206,0.91144,0.91176,30568
1719954000,0.91154,0.91257,0.91119,0.91212,18505
1719968400,0.91212,0.91368,0.91179,0.91317,32792
1719982800,0.91316,0.91373,0.91255,0.91291,41779
1719997200,0.9129,0.91321,0.91152,0.91207,42054
1720011600,0.91206,0.91697,0.91198,0.91516,84908
1720026000,0.91517,0.91517,0.91385,0.91451,23930
1720040400,0.91359,0.9155,0.91349,0.91536,17100
1720054800,0.91535,0.91604,0.91497,0.9153,33295
1720069200,0.9153,0.91602,0.91468,0.91559,38697
1720083600,0.91559,0.91674,0.91527,0.91562,31952
1720098000,0.91562,0.91617,0.91532,0.91556,26508
1720112400,0.91555,0.91575,0.9154,0.91545,6057
1720126800,0.915,0.91643,0.91497,0.91615,17901
1720141200,0.91616,0.917,0.9161,0.91618,36825
1720155600,0.91617,0.91663,0.91546,0.91625,36438
1720170000,0.91625,0.91938,0.91413,0.9175,53289
1720184400,0.9175,0.91949,0.91712,0.91908,96985
1720198800,0.91907,0.92083,0.91898,0.92058,31188
1720386000,0.91845,0.92069,0.91845,0.91957,22718
1720400400,0.91956,0.92135,0.91943,0.92089,40703
1720414800,0.92088,0.92089,0.91856,0.91857,49424
1720429200,0.91857,0.91992,0.91847,0.91951,40596
1720443600,0.91951,0.92013,0.91847,0.91875,62972
1720458000,0.91874,0.91931,0.91834,0.91847,27805
1720472400,0.91789,0.91964,0.91779,0.91876,18556
1720486800,0.91876,0.91942,0.91811,0.91901,36716
1720501200,0.91901,0.91984,0.91864,0.91875,39809
1720515600,0.91876,0.91957,0.91797,0.91817,37019
1720530000,0.91817,0.91972,0.91729,0.9186,75913
1720544400,0.91859,0.91918,0.91853,0.91904,33258
1720558800,0.91863,0.91924,0.91817,0.91827,17112
1720573200,0.91828,0.91952,0.91797,0.91944,39245
1720587600,0.91944,0.92029,0.91856,0.91907,38427
1720602000,0.91908,0.91947,0.91835,0.91873,37417
1720616400,0.91873,0.91934,0.918,0.91848,57873
1720630800,0.91849,0.91904,0.91792,0.91884,28021
1720645200,0.91842,0.91984,0.91804,0.91943,14641
1720659600,0.91943,0.92077,0.91937,0.9204,27805
1720674000,0.92041,0.92136,0.92008,0.9213,34239
1720688400,0.9213,0.92395,0.9197,0.9238,60172
1720702800,0.92378,0.92467,0.9209,0.92199,133105
1720717200,0.92198,0.92256,0.92082,0.92134,47282
1720731600,0.92083,0.92261,0.92072,0.92134,35846
1720746000,0.92135,0.92223,0.9208,0.92195,43006
1720760400,0.92195,0.92284,0.9212,0.9225,49357
1720774800,0.92251,0.92408,0.92173,0.92353,58049
1720789200,0.92352,0.92517,0.92348,0.92469,96526
1720803600,0.92469,0.92533,0.92462,0.92485,30078
1720990800,0.92335,0.92422,0.92214,0.92408,31417
1721005200,0.92408,0.92525,0.92354,0.92516,32250
1721019600,0.92515,0.92595,0.92419,0.92502,49318
1721034000,0.92499,0.92545,0.92418,0.92454,47253
1721048400,0.92452,0.92639,0.92441,0.92531,75648
1721062800,0.92531,0.92546,0.9242,0.92477,45179
1721077200,0.92454,0.92505,0.92343,0.92346,18755
1721091600,0.92347,0.92364,0.92244,0.92253,38301
1721106000,0.92253,0.9235,0.92178,0.9221,51195
1721120400,0.92208,0.92288,0.91946,0.92108,61334
1721134800,0.92107,0.92115,0.91967,0.92022,76067
1721149200,0.9202,0.92104,0.91999,0.92058,32541
1721163600,0.92042,0.92088,0.91986,0.92069,26321
1721178000,0.92068,0.92173,0.92049,0.92121,37262
1721192400,0.92121,0.92276,0.92049,0.92264,71036
1721206800,0.92265,0.9228,0.92118,0.92127,67429
1721221200,0.92126,0.92143,0.91994,0.92094,92326
1721235600,0.92092,0.92123,0.92036,0.92066,41555
1721250000,0.91964,0.92085,0.9195,0.91965,27337
1721264400,0.91964,0.92199,0.91886,0.92158,53117
1721278800,0.92158,0.92206,0.92081,0.92108,65547
1721293200,0.92106,0.92188,0.9206,0.92128,53697
1721307600,0.92128,0.92274,0.92069,0.9209,86258
1721322000,0.92089,0.92095,0.91863,0.91899,53554
1721336400,0.91834,0.91916,0.91803,0.91834,27690
1721350800,0.91835,0.91894,0.9178,0.91821,48860
1721365200,0.91821,0.91933,0.91753,0.91774,59070
1721379600,0.91767,0.91834,0.91732,0.91805,53112
1721394000,0.91804,0.91936,0.91798,0.91823,83446
1721408400,0.91824,0.91827,0.91739,0.91783,41550
1721595600,0.91717,0.91857,0.91668,0.91738,28883
1721610000,0.91739,0.91766,0.9149,0.91563,55104
1721624400,0.91563,0.91622,0.91488,0.9159,58855
1721638800,0.91591,0.9161,0.91368,0.91399,48655
1721653200,0.91398,0.91403,0.91263,0.91276,71542
1721667600,0.91275,0.91371,0.91274,0.91371,35028
1721682000,0.91324,0.91422,0.91301,0.91326,24573
1721696400,0.91325,0.91419,0.91273,0.91274,45677
1721710800,0.91274,0.91309,0.9116,0.91163,56209
1721725200,0.91163,0.91208,0.91083,0.91103,50191
1721739600,0.91102,0.91153,0.9102,0.91069,67026
1721754000,0.91068,0.91196,0.91052,0.91182,37605
1721768400,0.91114,0.91186,0.91066,0.91108,18589
1721782800,0.91109,0.91129,0.90836,0.90855,53652
1721797200,0.90856,0.91079,0.90833,0.9097,68254
1721811600,0.9097,0.91076,0.90915,0.91063,52519
1721826000,0.91061,0.91131,0.9092,0.90973,88219
1721840400,0.90973,0.90996,0.90849,0.90854,46985
1721854800,0.90804,0.90873,0.90591,0.90661,30977
1721869200,0.9066,0.90743,0.90379,0.90386,57317
1721883600,0.90388,0.90497,0.90281,0.90364,78149
1721898000,0.90364,0.90415,0.90159,0.90381,84897
1721912400,0.90382,0.90604,0.90263,0.90487,113383
1721926800,0.90488,0.90518,0.90328,0.90375,61103
1721941200,0.90334,0.90472,0.90255,0.90456,25265
1721955600,0.90455,0.90534,0.90425,0.90502,46058
1721970000,0.90503,0.90674,0.90497,0.90662,51633
1721984400,0.90662,0.9073,0.90576,0.90692,55322
1721998800,0.90692,0.9079,0.9062,0.90718,87889
1722013200,0.90717,0.90729,0.90572,0.90579,43488
1722200400,0.90506,0.90757,0.90506,0.90735,26583
1722214800,0.90734,0.90756,0.90515,0.90546,46064
1722229200,0.90545,0.90652,0.90514,0.90568,51510
1722243600,0.90569,0.90706,0.90485,0.9049,45622
1722258000,0.90489,0.90677,0.90444,0.9066,71519
1722272400,0.90661,0.90732,0.90635,0.90708,40364
1722286800,0.90582,0.9082,0.90555,0.90702,20910
1722301200,0.90702,0.90761,0.90562,0.90747,44340
1722315600,0.90748,0.90842,0.90638,0.90666,51676
1722330000,0.90666,0.90671,0.90532,0.90582,40932
1722344400,0.90582,0.90603,0.90459,0.90491,89113
1722358800,0.90491,0.90598,0.90463,0.90539,52673
1722373200,0.90419,0.9061,0.90403,0.90527,29175
1722387600,0.90525,0.90539,0.89803,0.89897,70276
1722402000,0.89898,0.90046,0.8973,0.89882,76411
1722416400,0.89882,0.90156,0.89812,0.90113,62797
1722430800,0.90112,0.90226,0.90101,0.90181,82305
1722445200,0.90181,0.90416,0.90055,0.90317,93361
1722459600,0.90224,0.90428,0.90224,0.90276,29214
1722474000,0.90274,0.90381,0.90078,0.90133,59839
1722488400,0.90134,0.90268,0.9009,0.90148,67700
1722502800,0.90148,0.90512,0.90094,0.9041,65248
1722517200,0.90409,0.90528,0.90158,0.90201,110695
1722531600,0.90202,0.90249,0.90098,0.90189,67700
1722546000,0.90191,0.902,0.90055,0.90064,36700
1722560400,0.90065,0.90305,0.90042,0.90264,58089
1722574800,0.90265,0.90426,0.90222,0.90363,81204
1722589200,0.90362,0.90602,0.90212,0.90488,82237
1722603600,0.90487,0.90592,0.90214,0.90309,152275
1722618000,0.90309,0.90408,0.90263,0.90313,67547
1722805200,0.90173,0.90369,0.90004,0.90067,65427
1722819600,0.90066,0.90266,0.89955,0.90063,109177
1722834000,0.90063,0.9009,0.88532,0.89515,167661
1722848400,0.89514,0.89571,0.89004,0.89073,109230
1722862800,0.89072,0.89952,0.89053,0.89699,170514
1722877200,0.89699,0.8998,0.89669,0.89805,81030
1722891600,0.89695,0.9024,0.89694,0.90173,65324
1722906000,0.90174,0.90217,0.89699,0.899,97341
1722920400,0.89901,0.90176,0.89801,0.89929,124887
1722934800,0.89928,0.89928,0.89587,0.89635,107101
1722949200,0.89635,0.90048,0.89619,0.90039,141798
1722963600,0.90039,0.90053,0.89795,0.89839,79837
1722978000,0.89797,0.90101,0.89757,0.90092,46045
1722992400,0.90092,0.90372,0.89993,0.90299,103827
1723006800,0.90299,0.90361,0.90024,0.90202,95308
1723021200,0.90202,0.90359,0.9015,0.90192,76279
1723035600,0.90187,0.90229,0.89832,0.89863,96639
1723050000,0.89862,0.8987,0.89559,0.89675,77664
1723064400,0.89659,0.89702,0.89497,0.89572,38474
1723078800,0.89572,0.90115,0.89561,0.90016,83827
1723093200,0.90017,0.90126,0.8991,0.90024,84539
1723107600,0.90024,0.90203,0.89988,0.90076,77536
1723122000,0.90075,0.90458,0.9007,0.9037,113350
1723136400,0.90371,0.90536,0.90346,0.90528,56629
1723150800,0.90457,0.90578,0.90431,0.90476,32972
1723165200,0.90475,0.90642,0.90468,0.90511,59385
1723179600,0.90511,0.9064,0.90419,0.90499,65804
1723194000,0.90499,0.90516,0.90265,0.90281,55503
1723208400,0.90283,0.90395,0.90193,0.9024,83179
1723222800,0.9024,0.9031,0.90214,0.90221,41014
1723410000,0.90109,0.90403,0.90063,0.90348,25366
1723424400,0.90347,0.90473,0.90343,0.90403,35723
1723438800,0.90403,0.90571,0.90323,0.90522,48647
1723453200,0.90522,0.90613,0.90486,0.9056,39973
1723467600,0.9056,0.90714,0.90478,0.90501,79454
1723482000,0.905,0.90545,0.9046,0.90495,42869
1723496400,0.90448,0.90528,0.90431,0.90497,20622
1723510800,0.90498,0.90659,0.90453,0.90592,45082
1723525200,0.90592,0.90721,0.90509,0.90678,45573
1723539600,0.90677,0.90746,0.90541,0.907,59897
1723554000,0.90701,0.90903,0.90558,0.90876,81303
1723568400,0.90879,0.91,0.90799,0.9092,46461
1723582800,0.90749,0.9104,0.90729,0.91033,22651
1723597200,0.91032,0.91051,0.90757,0.90865,66310
1723611600,0.90866,0.9105,0.90814,0.90893,54612
1723626000,0.90892,0.9103,0.90718,0.90851,56350
1723640400,0.9085,0.90933,0.90522,0.90583,89528
1723654800,0.90584,0.90612,0.90449,0.90454,44006
1723669200,0.90395,0.90514,0.90368,0.90377,26257
1723683600,0.90376,0.90851,0.90035,0.90814,60607
1723698000,0.90814,0.90815,0.90692,0.90698,40093
1723712400,0.90697,0.90888,0.90638,0.90685,51084
1723726800,0.90685,0.9088,0.90592,0.90802,90694
1723741200,0.90803,0.90816,0.90735,0.90739,43226
1723755600,0.90764,0.90845,0.90704,0.90814,21309
1723770000,0.90814,0.90944,0.90798,0.90936,36094
1723784400,0.90937,0.9104,0.90917,0.91002,40723
1723798800,0.91001,0.91092,0.90934,0.90951,47098
1723813200,0.90951,0.91179,0.90913,0.91149,67691
1723827600,0.9115,0.91317,0.91138,0.91244,30278
1724014800,0.91168,0.91398,0.90998,0.91327,25051
1724029200,0.91328,0.91478,0.91257,0.91376,47478
1724043600,0.91376,0.91468,0.91258,0.91449,61026
1724058000,0.91448,0.91609,0.91409,0.91554,41876
1724072400,0.91554,0.91749,0.91512,0.91718,70728
1724086800,0.91717,0.91811,0.91688,0.91777,36881
1724101200,0.91628,0.91845,0.91628,0.91712,21468
1724115600,0.91713,0.91796,0.91555,0.91607,45310
1724130000,0.91607,0.91732,0.91548,0.91608,49067
1724144400,0.91609,0.91829,0.916,0.91818,43859
1724158800,0.91817,0.91963,0.91762,0.91816,81357
1724173200,0.91816,0.91919,0.91769,0.91882,45204
1724187600,0.91749,0.91937,0.91749,0.9191,23904
1724202000,0.91898,0.91907,0.91772,0.91817,39071
1724216400,0.91818,0.91877,0.91651,0.91679,46593
1724230800,0.91679,0.91732,0.91606,0.91688,40761
1724245200,0.91688,0.91736,0.91557,0.91611,95600
1724259600,0.9161,0.91796,0.91595,0.91666,46410
1724274000,0.9153,0.91715,0.9152,0.91612,16550
1724288400,0.91613,0.91627,0.91414,0.91505,34816
1724302800,0.91505,0.9165,0.91487,0.91584,40742
1724317200,0.91584,0.91588,0.91377,0.91422,50186
1724331600,0.91423,0.91497,0.91188,0.91211,83512
1724346000,0.91211,0.91282,0.91138,0.91274,44180
1724360400,0.91264,0.91281,0.91165,0.91255,19937
1724374800,0.91256,0.91402,0.91243,0.91396,35741
1724389200,0.91396,0.9143,0.91318,0.91373,46830
1724403600,0.91373,0.91471,0.91366,0.91415,46089
1724418000,0.91412,0.91699,0.91281,0.91641,122793
1724432400,0.91642,0.91846,0.91631,0.91813,48702
1724619600,0.91636,0.91792,0.91599,0.91701,29536
1724634000,0.917,0.91745,0.91533,0.91545,42508
1724648400,0.91546,0.9156,0.91468,0.91479,43575
1724662800,0.91478,0.91526,0.91361,0.91407,46297
1724677200,0.91406,0.91429,0.91274,0.91351,67697
1724691600,0.91351,0.91386,0.91297,0.91306,32529
1724706000,0.91239,0.91325,0.91192,0.91202,21371
1724720400,0.91203,0.91479,0.91201,0.91443,37549
1724734800,0.91443,0.91522,0.91265,0.91298,48188
1724749200,0.91297,0.91405,0.91243,0.91257,45839
1724763600,0.91256,0.913,0.91167,0.91237,70641
1724778000,0.91236,0.91393,0.91227,0.91311,34452
1724792400,0.91173,0.91339,0.91173,0.9128,26043
1724806800,0.9128,0.91583,0.91227,0.91407,50666
1724821200,0.91408,0.91497,0.91313,0.91478,59224
1724835600,0.91478,0.91491,0.91231,0.91261,54257
1724850000,0.91259,0.914,0.91196,0.9126,75276
1724864400,0.91259,0.9146,0.91193,0.91456,45521
1724878800,0.91322,0.91566,0.91322,0.91561,25799
1724893200,0.91562,0.91606,0.91424,0.91572,41781
1724907600,0.91572,0.9167,0.91539,0.91653,64395
1724922000,0.91653,0.91796,0.91612,0.91637,67268
1724936400,0.91637,0.91653,0.91461,0.91629,85874
1724950800,0.91629,0.91713,0.9158,0.91654,55616
1724965200,0.91599,0.91693,0.91562,0.91674,19749
1724979600,0.91671,0.91812,0.91568,0.91724,43521
1724994000,0.91722,0.91813,0.91676,0.91737,51378
1725008400,0.91735,0.9175,0.91414,0.91472,57392
1725022800,0.91474,0.91547,0.91179,0.91248,118855
1725037200,0.91244,0.91316,0.91168,0.91275,50847
1725224400,0.91177,0.91408,0.91144,0.91379,22986
1725238800,0.91378,0.91405,0.91213,0.91255,40496
1725253200,0.91257,0.91515,0.91257,0.91484,54613
1725267600,0.9148,0.91528,0.9142,0.9146,39907
1725282000,0.91461,0.91675,0.91453,0.9163,36971
1725296400,0.9163,0.91671,0.91619,0.91626,8436
1725310800,0.91557,0.91638,0.9154,0.91565,25251
1725325200,0.91565,0.91612,0.91074,0.9119,61690
1725339600,0.91189,0.91231,0.91044,0.91149,69146
1725354000,0.9115,0.91271,0.91118,0.91261,62895
1725368400,0.91262,0.91339,0.9096,0.91011,103749
1725382800,0.91011,0.9103,0.90901,0.90931,54730
1725397200,0.90862,0.90957,0.9062,0.9064,34628
1725411600,0.90643,0.90816,0.90641,0.90729,51489
1725426000,0.90729,0.90985,0.90679,0.90905,68363
1725440400,0.90905,0.91144,0.90896,0.91118,57422
1725454800,0.91118,0.91229,0.90793,0.90856,114196
1725469200,0.90855,0.90884,0.90745,0.90805,57888
1725483600,0.90692,0.90829,0.90668,0.90795,24390
1725498000,0.90796,0.90907,0.90756,0.90823,43174
1725512400,0.90823,0.90916,0.90719,0.90894,52616
1725526800,0.90894,0.91018,0.90779,0.90966,67125
1725541200,0.90966,0.91041,0.90832,0.90971,95194
1725555600,0.90971,0.91046,0.90928,0.91003,54111
1725570000,0.90908,0.91022,0.90893,0.90985,18715
1725584400,0.90986,0.90996,0.9079,0.90836,33068
1725598800,0.90836,0.90942,0.90709,0.90928,55638
1725613200,0.90929,0.91206,0.90613,0.9112,67759
1725627600,0.9112,0.91142,0.90418,0.9046,168047
1725642000,0.90461,0.9056,0.90408,0.90488,66851
1725829200,0.90318,0.90515,0.90318,0.90447,29906
1725843600,0.90447,0.90653,0.90447,0.90528,44780
1725858000,0.90527,0.90527,0.90258,0.90299,56247
1725872400,0.90299,0.90354,0.90188,0.90246,50071
1725886800,0.90246,0.90432,0.90191,0.90364,75920
1725901200,0.90363,0.90399,0.90263,0.90304,47888
1725915600,0.90249,0.90366,0.90175,0.9023,22831
1725930000,0.90229,0.90412,0.9022,0.90398,39112
1725944400,0.90399,0.90499,0.90335,0.90357,49095
1725958800,0.90357,0.90562,0.90331,0.90447,55043
1725973200,0.90446,0.90533,0.90351,0.90508,92663
1725987600,0.90508,0.90643,0.90495,0.9053,47458
1726002000,0.90435,0.90579,0.90434,0.905,21725
1726016400,0.90499,0.90582,0.90435,0.90482,52458
1726030800,0.9048,0.90628,0.90458,0.90467,59338
1726045200,0.90467,0.90605,0.90266,0.90466,73788
1726059600,0.90463,0.90506,0.90188,0.90426,126931
1726074000,0.90426,0.90606,0.90421,0.90594,67686
1726088400,0.90544,0.90706,0.90536,0.90613,21431
1726102800,0.90612,0.90819,0.90598,0.90786,42070
1726117200,0.90787,0.90825,0.90384,0.90574,59412
1726131600,0.90574,0.90828,0.90548,0.90717,65337
1726146000,0.90716,0.91146,0.90699,0.91124,52025
1726160400,0.91124,0.91328,0.91116,0.91287,32332
1726174800,0.91211,0.91338,0.91199,0.91301,15207
1726189200,0.913,0.91335,0.9122,0.91291,24925
1726203600,0.91291,0.91297,0.91124,0.9116,30424
1726218000,0.9116,0.91257,0.90958,0.91059,34573
1726232400,0.91061,0.91248,0.91053,0.91187,44300
1726246800,0.91185,0.9121,0.91074,0.91101,26826
1726434000,0.90945,0.91171,0.90937,0.91118,13757
1726448400,0.91116,0.91304,0.91045,0.91293,18898
1726462800,0.91291,0.91557,0.91245,0.91464,27866
1726477200,0.91462,0.91657,0.91438,0.91576,30672
1726491600,0.91578,0.91681,0.91498,0.91679,40656
1726506000,0.91679,0.91749,0.91616,0.91728,22439
1726520400,0.91695,0.91744,0.91645,0.91657,11908
1726534800,0.91658,0.91778,0.91654,0.91664,18301
1726549200,0.91664,0.91903,0.91658,0.91877,26113
1726563600,0.9187,0.91998,0.91797,0.91831,34435
1726578000,0.91831,0.91928,0.91752,0.9181,46444
1726592400,0.9181,0.91882,0.91725,0.91852,31024
1726606800,0.91788,0.91983,0.91788,0.91948,11184
1726621200,0.91947,0.92008,0.91745,0.91761,20108
1726635600,0.91761,0.92124,0.91749,0.92108,31381
1726650000,0.9211,0.92229,0.9206,0.92092,28169
1726664400,0.92091,0.92171,0.91885,0.91987,39571
1726678800,0.91986,0.92396,0.91832,0.92013,60076
1726693200,0.91836,0.92165,0.91835,0.91956,23201
1726707600,0.91954,0.9239,0.91916,0.92342,44100
1726722000,0.92341,0.92681,0.92339,0.92462,42406
1726736400,0.92462,0.92609,0.92326,0.92351,44717
1726750800,0.92347,0.92476,0.92246,0.92397,52002
1726765200,0.92399,0.92453,0.92349,0.92367,31321
1726779600,0.92256,0.9239,0.9222,0.92306,13448
1726794000,0.92305,0.92539,0.92258,0.92428,28668
1726808400,0.9243,0.92558,0.92358,0.92397,37864
1726822800,0.92397,0.92469,0.92331,0.92394,31701
1726837200,0.92387,0.9242,0.92136,0.92396,55062
1726851600,0.92394,0.924,0.92292,0.92346,31510
1727038800,0.92098,0.92428,0.92098,0.92422,14309
1727053200,0.92418,0.92676,0.92383,0.92644,21842
1727067600,0.92643,0.92667,0.92342,0.92436,35466
1727082000,0.92433,0.92596,0.9243,0.92559,33037
1727096400,0.92559,0.92601,0.92321,0.92332,48034
1727110800,0.92331,0.92593,0.92306,0.9259,24841
1727125200,0.92391,0.9256,0.92349,0.92409,14351
1727139600,0.92409,0.92765,0.92408,0.92727,30605
1727154000,0.92728,0.92798,0.92184,0.92359,43946
1727168400,0.92357,0.9264,0.92337,0.92578,32251
1727182800,0.92578,0.9273,0.92506,0.92596,45696
1727197200,0.92595,0.926,0.9247,0.9256,24152
1727211600,0.9254,0.92703,0.92521,0.92583,16908
1727226000,0.92582,0.92612,0.9241,0.92497,33140
1727240400,0.92497,0.92592,0.92352,0.92452,35090
1727254800,0.92454,0.92458,0.92341,0.92403,33239
1727269200,0.92402,0.92465,0.91964,0.91987,49118
1727283600,0.91987,0.92052,0.91914,0.92,30370
1727298000,0.91929,0.92072,0.91927,0.92047,14227
1727312400,0.92048,0.92236,0.92005,0.92192,24706
1727326800,0.92188,0.92504,0.92171,0.92391,38492
1727341200,0.92391,0.92745,0.92389,0.92693,40620
1727355600,0.92694,0.9296,0.92534,0.92826,57418
1727370000,0.92825,0.92955,0.9281,0.92836,32463
1727384400,0.92663,0.92952,0.92617,0.92868,17832
1727398800,0.92868,0.92901,0.92711,0.92781,32081
1727413200,0.92781,0.92911,0.92678,0.92839,44416
1727427600,0.92839,0.93326,0.92751,0.93291,37337
1727442000,0.93291,0.93484,0.9323,0.93355,52833
1727456400,0.93354,0.93426,0.93274,0.93289,30299
1727643600,0.93222,0.9355,0.93145,0.93548,16766
1727658000,0.93546,0.93688,0.93458,0.93633,33642
1727672400,0.93638,0.93727,0.93524,0.93616,38407
1727686800,0.93609,0.93649,0.93495,0.93571,32788
1727701200,0.93573,0.93767,0.93515,0.93718,48786
1727715600,0.93719,0.93738,0.9337,0.93502,39157
1727730000,0.93334,0.93578,0.93334,0.93523,14498
1727744400,0.93522,0.93752,0.93511,0.93702,28321
1727758800,0.93702,0.93766,0.93374,0.93494,37458
1727773200,0.93494,0.93574,0.933,0.93425,38296
1727787600,0.93426,0.93458,0.92712,0.92796,63252
1727802000,0.92795,0.93062,0.92695,0.92842,41379
1727816400,0.92804,0.92894,0.92779,0.92826,15475
1727830800,0.92826,0.93194,0.92826,0.92901,33971
1727845200,0.92894,0.93069,0.92742,0.92989,40810
1727859600,0.92988,0.93078,0.92935,0.9301,35165
1727874000,0.93012,0.93053,0.92742,0.92864,50096
1727888400,0.92863,0.92977,0.92828,0.92952,26701
1727902800,0.92906,0.93009,0.92788,0.92936,14286
1727917200,0.92941,0.92975,0.92732,0.92765,31371
1727931600,0.92763,0.92877,0.9264,0.92645,39464
1727946000,0.92646,0.92716,0.9251,0.92537,37826
1727960400,0.92534,0.92754,0.9247,0.92679,52185
1727974800,0.92681,0.92788,0.92654,0.9271,25772
1727989200,0.92558,0.92821,0.9255,0.92782,11742
1728003600,0.92783,0.9285,0.92707,0.92716,34793
1728018000,0.92717,0.92822,0.92709,0.92752,30927
1728032400,0.92756,0.92774,0.92223,0.92263,37796
1728046800,0.92262,0.92391,0.92162,0.92266,62740
1728061200,0.92266,0.9234,0.92236,0.92248,27270
1728248400,0.92055,0.92416,0.92023,0.92348,19169
1728262800,0.92347,0.9247,0.92301,0.9243,35384
1728277200,0.9243,0.92435,0.92221,0.92226,36143
1728291600,0.92225,0.9233,0.9214,0.92239,37727
1728306000,0.92238,0.92314,0.9194,0.92001,52741
1728320400,0.91997,0.92059,0.9194,0.92028,30097
1728334800,0.91975,0.9215,0.91903,0.92139,20160
1728349200,0.92138,0.92147,0.91544,0.91757,53634
1728363600,0.91756,0.91888,0.91611,0.91804,46149
1728378000,0.91803,0.91981,0.91691,0.91869,32031
1728392400,0.91867,0.92104,0.91824,0.92066,48477
1728406800,0.92066,0.92129,0.91956,0.92074,28420
1728421200,0.91893,0.92079,0.91871,0.92022,13519
1728435600,0.92017,0.92117,0.91849,0.91933,43369
1728450000,0.91932,0.92271,0.91891,0.91993,50510
1728464400,0.91992,0.92098,0.91926,0.91964,33568
1728478800,0.91966,0.92052,0.91825,0.91962,44493
1728493200,0.91961,0.92135,0.91937,0.92107,25706
1728507600,0.92077,0.92144,0.91935,0.9208,14843
1728522000,0.92076,0.92368,0.92065,0.92346,39105
1728536400,0.92347,0.92401,0.92195,0.92323,33589
1728550800,0.92325,0.92549,0.92138,0.92497,35825
1728565200,0.92499,0.92641,0.92395,0.92462,56901
1728579600,0.92461,0.92647,0.92419,0.92599,29574
1728594000,0.92546,0.927,0.92538,0.92671,13740
1728608400,0.92673,0.92822,0.92638,0.92732,20723
1728622800,0.9273,0.92786,0.92583,0.92743,27559
1728637200,0.92741,0.92858,0.9245,0.92567,32431
1728651600,0.92567,0.93045,0.9255,0.9297,43795
1728666000,0.9297,0.92989,0.92882,0.92905,17880
1728853200,0.92594,0.92899,0.92455,0.92786,18576
1728867600,0.92781,0.92893,0.92683,0.92809,36724
1728882000,0.92809,0.92869,0.92722,0.92744,30402
1728896400,0.92743,0.92833,0.92491,0.92497,27257
1728910800,0.92501,0.92859,0.92466,0.92753,40797
1728925200,0.92755,0.92792,0.92659,0.92791,21938
1728939600,0.92583,0.92837,0.92535,0.92809,13491
1728954000,0.92808,0.92879,0.92661,0.92673,29828
1728968400,0.92669,0.92744,0.92566,0.92707,37821
1728982800,0.92704,0.92922,0.92613,0.92851,34595
1728997200,0.92852,0.9288,0.92511,0.92537,51384
1729011600,0.92536,0.92537,0.92288,0.92332,28490
1729026000,0.92235,0.9233,0.91941,0.92088,20320
1729040400,0.92089,0.92292,0.92016,0.9217,35752
1729054800,0.92171,0.92279,0.92106,0.92242,38835
1729069200,0.92244,0.92268,0.9195,0.91965,29824
1729083600,0.91965,0.91986,0.91704,0.91773,44056
1729098000,0.91773,0.91777,0.91631,0.91659,22570
1729112400,0.91547,0.9206,0.91524,0.92054,15906
1729126800,0.92053,0.92244,0.91966,0.92068,37446
1729141200,0.92064,0.92117,0.9195,0.92026,34030
1729155600,0.92027,0.92302,0.92022,0.92188,32520
1729170000,0.92189,0.92441,0.92108,0.92371,54733
1729184400,0.92372,0.92417,0.92322,0.92362,25378
1729198800,0.92272,0.92477,0.92262,0.92412,14713
1729213200,0.92408,0.92612,0.92408,0.92453,35094
1729227600,0.92453,0.92647,0.92407,0.92581,36015
1729242000,0.92581,0.92633,0.92515,0.92601,27748
1729256400,0.92603,0.92669,0.92461,0.92552,39665
1729270800,0.92551,0.92593,0.92507,0.92553,22785
1729458000,0.92483,0.92685,0.92443,0.92611,13710
1729472400,0.92611,0.92794,0.92565,0.92581,33467
1729486800,0.92583,0.926,0.92334,0.92429,32345
1729501200,0.92427,0.92551,0.92327,0.92474,28596
1729515600,0.92474,0.92548,0.92153,0.9219,41664
1729530000,0.92191,0.92214,0.9206,0.92091,21737
1729544400,0.92148,0.92353,0.92,0.92066,13304
1729558800,0.92066,0.92482,0.92061,0.92457,36213
1729573200,0.92459,0.92505,0.92365,0.9239,31920
1729587600,0.92387,0.92515,0.92366,0.9244,30974
1729602000,0.92437,0.92513,0.92319,0.92416,43855
1729616400,0.92417,0.9247,0.92281,0.92318,24017
1729630800,0.92247,0.92442,0.92195,0.92218,13054
1729645200,0.92217,0.92444,0.92123,0.92263,35198
1729659600,0.92264,0.92301,0.92046,0.92048,32030
1729674000,0.92048,0.92063,0.91777,0.91859,29595
1729688400,0.91858,0.91957,0.91713,0.91718,42805
1729702800,0.91717,0.91808,0.91584,0.9178,31197
1729717200,0.9171,0.91829,0.91686,0.91792,13152
1729731600,0.91793,0.91929,0.91761,0.9187,26946
1729746000,0.9187,0.92026,0.91804,0.91929,29498
1729760400,0.91928,0.92012,0.91869,0.91932,30131
1729774800,0.91931,0.91961,0.91747,0.91924,44590
1729789200,0.91925,0.91996,0.91917,0.91983,27244
1729803600,0.91891,0.91991,0.91823,0.91883,13385
1729818000,0.91882,0.91925,0.91682,0.91711,26832
1729832400,0.91711,0.91815,0.91709,0.9178,29602
1729846800,0.9178,0.91991,0.91772,0.91964,23751
1729861200,0.91964,0.92075,0.91763,0.91785,41150
1729875600,0.91784,0.91787,0.91693,0.9174,28435
1730062800,0.91693,0.91859,0.91678,0.91684,16760
1730077200,0.91683,0.9175,0.91488,0.91589,26185
1730091600,0.91589,0.91728,0.91544,0.91722,27522
1730106000,0.91722,0.91835,0.91694,0.91791,26322
1730120400,0.91787,0.9182,0.91489,0.91506,38322
1730134800,0.91508,0.91509,0.91412,0.91423,22428
1730149200,0.9138,0.91464,0.91292,0.91334,13904
1730163600,0.91336,0.91435,0.91177,0.91232,28027
1730178000,0.91233,0.91333,0.91096,0.91264,27884
1730192400,0.91263,0.91308,0.91102,0.9116,30389
1730206800,0.91161,0.91267,0.9109,0.91226,51173
1730221200,0.91224,0.913,0.91217,0.91284,27317
1730235600,0.91201,0.91361,0.91186,0.9128,13529
1730250000,0.9128,0.91388,0.91014,0.9107,30512
1730264400,0.91071,0.91544,0.91019,0.915,31320
1730278800,0.91504,0.91611,0.91439,0.91585,36487
1730293200,0.91585,0.91748,0.91464,0.91549,50703
1730307600,0.91548,0.91556,0.91305,0.91366,27916
1730322000,0.91336,0.91432,0.91307,0.9134,14621
1730336400,0.91339,0.91514,0.91333,0.91422,29633
1730350800,0.9142,0.91538,0.91408,0.9146,31401
1730365200,0.91456,0.91477,0.91322,0.91419,32523
1730379600,0.91419,0.91433,0.90993,0.91378,57582
1730394000,0.91378,0.91716,0.91366,0.91688,34607
1730408400,0.91651,0.91695,0.91546,0.91553,15185
1730422800,0.91554,0.91679,0.91522,0.91586,29676
1730437200,0.91588,0.91594,0.91377,0.91447,29013
1730451600,0.91448,0.91651,0.91353,0.91593,32460
1730466000,0.91592,0.91705,0.91442,0.91688,53248
1730480400,0.91687,0.91694,0.9146,0.91516,29320
1730671200,0.91988,0.92001,0.91652,0.91807,25709
1730685600,0.91807,0.91958,0.91746,0.91896,29276
1730700000,0.91897,0.91902,0.91653,0.91729,31928
1730714400,0.9173,0.91802,0.9163,0.91701,29137
1730728800,0.91702,0.91745,0.91456,0.91564,47022
1730743200,0.91565,0.9158,0.91503,0.91538,26422
1730757600,0.91425,0.91628,0.9142,0.91614,15840
1730772000,0.91614,0.91717,0.91532,0.91675,27341
1730786400,0.9167,0.91896,0.9166,0.91864,25514
1730800800,0.91864,0.92012,0.91852,0.91978,22731
1730815200,0.91974,0.91993,0.91799,0.91851,40403
1730829600,0.9185,0.9192,0.91732,0.91753,23892
1730844000,0.91654,0.91873,0.91439,0.91538,39078
1730858400,0.91538,0.91574,0.90723,0.91124,68872
1730872800,0.91123,0.91577,0.90878,0.91557,57493
1730887200,0.91556,0.91598,0.91203,0.91379,48587
1730901600,0.9138,0.91705,0.91323,0.91571,56663
1730916000,0.91572,0.91853,0.91496,0.91592,30876
1730930400,0.91474,0.9171,0.91469,0.91679,21835
1730944800,0.91679,0.92036,0.91678,0.91987,30408
1730959200,0.91985,0.9212,0.91899,0.92078,35288
1730973600,0.92079,0.9248,0.91995,0.92468,36057
1730988000,0.92468,0.92705,0.92396,0.92467,44892
1731002400,0.92468,0.92587,0.92283,0.92564,40534
1731016800,0.92434,0.92607,0.92368,0.92406,19998
1731031200,0.92406,0.92458,0.92262,0.92362,27059
1731045600,0.92363,0.92409,0.9204,0.92247,40363
1731060000,0.92249,0.9226,0.91898,0.91945,36100
1731074400,0.91946,0.91986,0.91327,0.91527,48004
1731088800,0.91526,0.91621,0.91439,0.91566,23186
1731276000,0.9159,0.91771,0.91422,0.91691,21193
1731290400,0.91692,0.91822,0.91644,0.91715,22071
1731304800,0.91716,0.91747,0.91535,0.91671,30511
1731319200,0.91672,0.9175,0.91579,0.91643,27336
1731333600,0.91645,0.91735,0.91416,0.91449,34227
1731348000,0.91445,0.91555,0.91413,0.91537,15951
1731362400,0.91483,0.91613,0.91379,0.91485,18880
1731376800,0.91485,0.91496,0.91336,0.91356,29375
1731391200,0.91356,0.91457,0.91246,0.91339,35637
1731405600,0.91339,0.91368,0.91194,0.91219,35354
1731420000,0.91218,0.91257,0.90887,0.90919,46747
1731434400,0.90922,0.91159,0.90912,0.91092,23236
1731448800,0.91018,0.91152,0.90913,0.91149,20225
1731463200,0.91151,0.91207,0.91099,0.91164,22562
1731477600,0.91165,0.91187,0.90987,0.91104,28975
1731492000,0.91102,0.91209,0.90919,0.91087,34041
1731506400,0.91086,0.91133,0.90623,0.90712,57444
1731520800,0.90714,0.90819,0.90686,0.90779,24098
1731535200,0.90711,0.90911,0.90711,0.9078,20160
1731549600,0.90781,0.90781,0.90544,0.90571,27458
1731564000,0.90572,0.90683,0.90505,0.90507,34232
1731578400,0.90507,0.90682,0.9044,0.90579,39071
1731592800,0.90577,0.90928,0.90569,0.90859,51352
1731607200,0.9086,0.90886,0.90495,0.90734,35047
1731621600,0.90613,0.90785,0.90613,0.90775,21383
1731636000,0.90776,0.90944,0.90775,0.90879,23568
1731650400,0.9088,0.90945,0.90793,0.90839,32215
1731664800,0.9084,0.90969,0.90753,0.90876,35623
1731679200,0.90877,0.9101,0.90705,0.90998,56109
1731693600,0.90999,0.91047,0.90923,0.91039,25119
1731880800,0.90974,0.9117,0.90945,0.91082,22818
1731895200,0.91081,0.91156,0.91027,0.91073,24445
1731909600,0.91074,0.91081,0.90945,0.90989,32805
1731924000,0.9099,0.91042,0.90866,0.91034,28552
1731938400,0.91035,0.91197,0.9099,0.91144,36665
1731952800,0.91143,0.91227,0.91119,0.91191,19782
1731967200,0.91105,0.91259,0.91102,0.91238,14737
1731981600,0.91237,0.91387,0.91181,0.91225,19743
1731996000,0.91225,0.91335,0.90963,0.91031,38501
1732010400,0.91032,0.91256,0.90972,0.91066,36625
1732024800,0.91068,0.91201,0.91005,0.91141,45073
1732039200,0.9114,0.91242,0.91093,0.91146,21637
1732053600,0.9104,0.91294,0.9103,0.91227,15119
1732068000,0.91228,0.91251,0.91035,0.91047,16480
1732082400,0.91046,0.91123,0.90968,0.91014,27979
1732096800,0.91012,0.9107,0.90919,0.90948,26835
1732111200,0.90946,0.9095,0.90803,0.909,37998
1732125600,0.90898,0.90926,0.90813,0.90908,20966
1732140000,0.90781,0.9104,0.90781,0.91014,12145
1732154400,0.91016,0.91109,0.90939,0.90957,16801
1732168800,0.90957,0.91039,0.90889,0.90958,32877
1732183200,0.90959,0.91132,0.90922,0.91109,31670
1732197600,0.91112,0.91119,0.90733,0.90939,48820
1732212000,0.9094,0.91004,0.90912,0.90976,20915
1732226400,0.90914,0.91058,0.909,0.91005,14890
1732240800,0.91004,0.91069,0.90713,0.90741,22470
1732255200,0.90742,0.91002,0.90715,0.90855,39599
1732269600,0.90854,0.91024,0.90812,0.90862,37995
1732284000,0.90862,0.90914,0.90683,0.9086,45767
1732298400,0.9086,0.90893,0.90798,0.90877,19393
1732485600,0.91116,0.91244,0.91001,0.91089,21776
1732500000,0.91087,0.91123,0.90881,0.90919,21556
1732514400,0.90918,0.90933,0.90805,0.90918,32653
1732528800,0.90917,0.91084,0.90829,0.91055,31458
1732543200,0.91056,0.91101,0.90801,0.90834,42136
1732557600,0.90834,0.90986,0.90791,0.90954,20441
1732572000,0.90837,0.91478,0.90837,0.9142,37766
1732586400,0.91421,0.916,0.9137,0.91538,26362
1732600800,0.91537,0.91633,0.91393,0.91405,32916
1732615200,0.91403,0.91643,0.91398,0.91507,34811
1732629600,0.91509,0.91529,0.90767,0.90884,47718
1732644000,0.90883,0.90985,0.90758,0.90976,24907
1732658400,0.90853,0.91102,0.90777,0.91003,23169
1732672800,0.91004,0.91167,0.90901,0.91101,20982
1732687200,0.91102,0.91257,0.91093,0.91133,37855
1732701600,0.91134,0.91226,0.91005,0.91219,36334
1732716000,0.91219,0.91311,0.90995,0.91091,51606
1732730400,0.9109,0.9118,0.91077,0.91151,23930
1732744800,0.91036,0.91192,0.91009,0.91125,17466
1732759200,0.91126,0.91149,0.90931,0.90977,20260
1732773600,0.90976,0.91055,0.90863,0.90999,30511
1732788000,0.91001,0.91066,0.90941,0.91058,22922
1732802400,0.9106,0.91119,0.90968,0.91072,20055
1732816800,0.91073,0.91104,0.91048,0.91052,3888
1732831200,0.9095,0.91167,0.90902,0.91098,20313
1732845600,0.91098,0.9121,0.91021,0.91171,24278
1732860000,0.9117,0.91308,0.91068,0.91101,30941
1732874400,0.91102,0.91265,0.91036,0.91229,30930
1732888800,0.91228,0.9136,0.91149,0.91292,43426
1732903200,0.91292,0.91381,0.91186,0.91244,39008
1733090400,0.91067,0.91274,0.91058,0.91242,22755
1733104800,0.91237,0.9126,0.91108,0.91175,27883
1733119200,0.91174,0.9127,0.91096,0.91109,37847
1733133600,0.9111,0.91155,0.90775,0.90799,35393
1733148000,0.90802,0.90904,0.90714,0.90811,49374
1733162400,0.90813,0.9102,0.90786,0.90949,26271
1733176800,0.9087,0.90991,0.90847,0.90871,17738
1733191200,0.90869,0.90929,0.90778,0.90859,22305
1733205600,0.90856,0.91144,0.90827,0.91065,33028
1733220000,0.91064,0.91124,0.90934,0.91063,30707
1733234400,0.91064,0.9122,0.90868,0.912,47818
1733248800,0.91199,0.9126,0.91142,0.91251,21252
1733263200,0.91071,0.91247,0.90806,0.90812,18013
1733277600,0.90813,0.90834,0.90228,0.90592,31042
1733292000,0.90592,0.90668,0.90294,0.90301,33054
1733306400,0.903,0.90312,0.90005,0.90125,29627
1733320800,0.90126,0.90613,0.90099,0.9057,43351
1733335200,0.90571,0.90586,0.90434,0.90481,23517
1733349600,0.90391,0.90524,0.9037,0.90449,13628
1733364000,0.90452,0.90562,0.9043,0.90546,13757
1733378400,0.90545,0.90704,0.9048,0.90516,22398
1733392800,0.90516,0.90545,0.90349,0.90418,26717
1733407200,0.90419,0.90468,0.90215,0.90462,39298
1733421600,0.9046,0.90529,0.90353,0.90486,19804
1733436000,0.9039,0.90505,0.90141,0.90187,18507
1733450400,0.90188,0.90353,0.90153,0.9026,18857
1733464800,0.90259,0.90261,0.90152,0.90213,21329
1733479200,0.90212,0.90681,0.90084,0.90665,31685
1733493600,0.90664,0.90672,0.90197,0.90281,53020
1733508000,0.90279,0.90472,0.90253,0.90462,18736
1733695200,0.90382,0.90623,0.9038,0.9052,14549
1733709600,0.90521,0.9059,0.9039,0.90468,17146
1733724000,0.9047,0.9115,0.90454,0.91067,31565
1733738400,0.9107,0.91165,0.91001,0.91149,26678
1733752800,0.91148,0.91351,0.91083,0.91239,37129
1733767200,0.91238,0.91293,0.91167,0.91257,19471
1733781600,0.91166,0.91275,0.91014,0.91052,14669
1733796000,0.91052,0.91136,0.90519,0.90668,30780
1733810400,0.90669,0.9072,0.90521,0.9064,28211
1733824800,0.90639,0.90715,0.90521,0.90551,27566
1733839200,0.9055,0.906,0.90183,0.90285,36679
1733853600,0.90283,0.90446,0.90283,0.90433,17855
1733868000,0.9037,0.90478,0.90288,0.90379,14505
1733882400,0.90378,0.90464,0.90215,0.90258,18673
1733896800,0.90256,0.90288,0.89906,0.9002,34996
1733911200,0.90021,0.90408,0.89927,0.90224,33499
1733925600,0.90223,0.90278,0.89833,0.90118,48028
1733940000,0.90119,0.9025,0.90107,0.90175,25381
1733954400,0.90075,0.90697,0.90065,0.9069,20407
1733968800,0.9069,0.90803,0.9061,0.90758,22698
1733983200,0.90757,0.9087,0.90495,0.90669,30119
1733997600,0.90668,0.9072,0.90501,0.9064,37544
1734012000,0.90641,0.90705,0.90409,0.90528,52255
1734026400,0.90531,0.90558,0.90378,0.90544,28990
1734040800,0.90455,0.90622,0.904,0.90554,16880
1734055200,0.90556,0.90658,0.90466,0.90587,19853
1734069600,0.90587,0.90643,0.90462,0.90544,28772
1734084000,0.90542,0.90752,0.90522,0.90674,29264
1734098400,0.90674,0.90675,0.90444,0.90465,40686
1734112800,0.90465,0.90531,0.90423,0.90515,18325
1734300000,0.90306,0.90611,0.90306,0.90597,14068
1734314400,0.90595,0.90753,0.9052,0.90679,17113
1734328800,0.90678,0.90711,0.90559,0.90577,22559
1734343200,0.90576,0.90644,0.90426,0.90624,20128
1734357600,0.90628,0.90712,0.90393,0.90657,34561
1734372000,0.90657,0.90753,0.90608,0.90727,15241
1734386400,0.90605,0.90778,0.90578,0.90757,14123
1734400800,0.90758,0.90795,0.90569,0.90572,16654
1734415200,0.90573,0.90689,0.90517,0.90541,21966
1734429600,0.90544,0.90708,0.90492,0.90651,25680
1734444000,0.90652,0.90788,0.90638,0.9074,36121
1734458400,0.90739,0.90765,0.9063,0.9066,16216
1734472800,0.90577,0.90711,0.90529,0.90588,11442
1734487200,0.9059,0.90608,0.90407,0.90433,16384
1734501600,0.90433,0.90577,0.90352,0.90369,21216
1734516000,0.90368,0.90512,0.90357,0.90489,20191
1734530400,0.90491,0.9052,0.90272,0.90331,30070
1734544800,0.90335,0.90356,0.89737,0.89816,53540
1734559200,0.89731,0.89927,0.89626,0.89812,25198
1734573600,0.89814,0.89948,0.89735,0.89758,22362
1734588000,0.89754,0.90011,0.89735,0.89851,34815
1734602400,0.8985,0.89917,0.89735,0.89881,34015
1734616800,0.8988,0.89942,0.89762,0.8982,45545
1734631200,0.89818,0.89857,0.89746,0.89817,25202
1734645600,0.89698,0.89842,0.89664,0.89824,18825
1734660000,0.89823,0.89869,0.89699,0.8972,20683
1734674400,0.89721,0.89897,0.89619,0.89667,31760
1734688800,0.89668,0.8983,0.89556,0.89744,29218
1734703200,0.89742,0.89946,0.89622,0.89895,46554
1734717600,0.89895,0.89991,0.89819,0.89839,22158
1734904800,0.89776,0.89876,0.89672,0.89775,15716
1734919200,0.89773,0.89893,0.89703,0.89891,14087
1734933600,0.89892,0.90024,0.89829,0.90003,21049
1734948000,0.90004,0.90034,0.89807,0.89882,24329
1734962400,0.89887,0.89924,0.8968,0.89767,36017
1734976800,0.89767,0.89819,0.89747,0.89788,20976
1734991200,0.89641,0.89789,0.89623,0.89663,11013
1735005600,0.89663,0.89776,0.89528,0.89763,14193
1735020000,0.89762,0.89832,0.89714,0.89758,15080
1735034400,0.89757,0.8984,0.89691,0.89724,18832
1735048800,0.89725,0.89727,0.89509,0.89523,27387
1735063200,0.89522,0.89605,0.89369,0.89533,6526
1735164000,0.89518,0.8964,0.89479,0.89619,11026
1735178400,0.8962,0.89739,0.89591,0.89607,11391
1735192800,0.89606,0.89693,0.89569,0.89606,15214
1735207200,0.89606,0.89663,0.89579,0.89597,17024
1735221600,0.89597,0.8967,0.8956,0.89664,27152
1735236000,0.89662,0.89725,0.896,0.89601,17340
1735250400,0.89575,0.89697,0.89513,0.8964,12332
1735264800,0.89642,0.89657,0.89399,0.89405,12469
1735279200,0.89405,0.89664,0.8938,0.89431,18440
1735293600,0.89431,0.89551,0.89395,0.89517,19819
1735308000,0.89519,0.89628,0.89398,0.89602,36789
1735322400,0.89603,0.89655,0.8957,0.89582,19346
1735509600,0.89535,0.89774,0.89513,0.89716,10132
1735524000,0.89717,0.89902,0.8969,0.89835,13025
1735538400,0.89835,0.8988,0.89556,0.8956,19966
1735552800,0.89559,0.89749,0.89521,0.89559,21185
1735567200,0.89558,0.89684,0.89303,0.89383,39712
1735581600,0.89382,0.89423,0.89249,0.89289,19344
1735596000,0.89292,0.89392,0.89134,0.89332,9853
1735610400,0.89331,0.89336,0.89111,0.89187,10205
1735624800,0.89185,0.89414,0.89093,0.89351,16329
1735639200,0.89351,0.89351,0.89093,0.89297,22676
1735653600,0.89299,0.89312,0.88977,0.88993,39986
1735668000,0.88989,0.89056,0.88972,0.89011,11451
1735768800,0.88929,0.89301,0.8887,0.89267,16058
1735783200,0.89267,0.8942,0.89259,0.89324,14347
1735797600,0.89323,0.89621,0.89279,0.89613,22291
1735812000,0.89613,0.8967,0.89489,0.89618,27666
1735826400,0.89622,0.89715,0.89303,0.89313,45313
1735840800,0.89315,0.89345,0.89251,0.89328,23667
1735855200,0.89254,0.89473,0.89172,0.89389,12487
1735869600,0.89386,0.89488,0.89317,0.89461,13567
1735884000,0.89461,0.89528,0.89304,0.89404,24501
1735898400,0.89402,0.89654,0.89398,0.89602,21010
1735912800,0.89603,0.89848,0.89527,0.89788,35108
1735927200,0.89787,0.89877,0.89784,0.89807,17176
1736114400,0.89657,0.90007,0.89609,0.89667,16064
1736128800,0.89666,0.89722,0.8958,0.89628,16360
1736143200,0.89629,0.89851,0.89612,0.89768,23831
1736157600,0.89766,0.90176,0.89634,0.89974,43357
1736172000,0.89974,0.89984,0.89546,0.89647,48806
1736186400,0.89647,0.89676,0.89438,0.895,21634
1736200800,0.89437,0.89668,0.89381,0.89597,14635
1736215200,0.89594,0.89724,0.8954,0.89718,16788
1736229600,0.89718,0.89936,0.89656,0.89868,23542
1736244000,0.89871,0.89932,0.89794,0.89811,23299
1736258400,0.89812,0.89842,0.89455,0.89575,46742
1736272800,0.89573,0.89588,0.89445,0.89537,20719
1736287200,0.89416,0.89605,0.89172,0.89286,16116
1736301600,0.89287,0.89456,0.89268,0.89389,13350
1736316000,0.89389,0.89433,0.89304,0.89351,23649
1736330400,0.89351,0.89357,0.89073,0.89303,37197
1736344800,0.89301,0.89413,0.89237,0.8931,42124
1736359200,0.89308,0.89426,0.89307,0.89348,25971
1736373600,0.89238,0.89341,0.89122,0.89147,14152
1736388000,0.89148,0.89208,0.89061,0.89103,15939
1736402400,0.89103,0.89155,0.88885,0.89054,27597
1736416800,0.89053,0.89276,0.8904,0.89201,24487
1736431200,0.89202,0.89276,0.89119,0.89175,20483
1736445600,0.89173,0.89206,0.89138,0.89154,8379
1736460000,0.89148,0.89338,0.89107,0.89279,11759
1736474400,0.89278,0.89331,0.8919,0.89264,12555
1736488800,0.89265,0.89275,0.89089,0.89095,21349
1736503200,0.89096,0.89199,0.88543,0.88626,28792
1736517600,0.88625,0.88893,0.88589,0.88715,54450
1736532000,0.88713,0.88797,0.88597,0.88599,23729
1736719200,0.88606,0.88857,0.88552,0.88816,15042
1736733600,0.88817,0.88884,0.8855,0.88611,17586
1736748000,0.88608,0.88787,0.8855,0.88597,28908
1736762400,0.88598,0.8874,0.88577,0.88604,28402
1736776800,0.88602,0.88779,0.88544,0.88754,39340
1736791200,0.88754,0.88825,0.88686,0.88805,19545
1736805600,0.88735,0.88994,0.8863,0.88972,20002
1736820000,0.8897,0.89006,0.88892,0.88932,16741
1736834400,0.88934,0.89132,0.88911,0.88982,27634
1736848800,0.88981,0.89013,0.88762,0.8888,28687
1736863200,0.88881,0.8901,0.88806,0.88827,44174
1736877600,0.88824,0.88901,0.88788,0.88869,18441
1736892000,0.88782,0.88906,0.88735,0.88811,10447
1736906400,0.88812,0.88911,0.8876,0.88858,11862
1736920800,0.8886,0.89041,0.88829,0.89034,22718
1736935200,0.89035,0.89345,0.88902,0.89322,26073
1736949600,0.8932,0.89378,0.89128,0.89177,45657
1736964000,0.89176,0.89284,0.89161,0.89282,14774
1736978400,0.89132,0.89454,0.89074,0.8924,16692
1736992800,0.89243,0.89287,0.88959,0.89044,17416
1737007200,0.89043,0.89383,0.89042,0.89281,24055
1737021600,0.89281,0.89324,0.8904,0.89237,26237
1737036000,0.8924,0.89577,0.89195,0.89427,46201
1737050400,0.89427,0.89465,0.89346,0.89396,18200
1737064800,0.89313,0.8947,0.89279,0.89448,10679
1737079200,0.89449,0.8953,0.89226,0.89328,14521
1737093600,0.89328,0.89501,0.89275,0.894,20774
1737108000,0.89401,0.89417,0.89147,0.89177,24155
1737122400,0.89177,0.89604,0.89103,0.89579,45219
1737136800,0.89578,0.89689,0.89559,0.89674,18347
1737324000,0.89574,0.89752,0.89564,0.89738,13313
1737338400,0.89735,0.89817,0.89681,0.89687,13792
1737352800,0.89686,0.89892,0.8965,0.89746,20659
1737367200,0.89748,0.89901,0.89636,0.89667,28492
1737381600,0.89666,0.89819,0.89543,0.89668,45564
1737396000,0.89668,0.89805,0.89624,0.89756,15211
1737410400,0.89684,0.90342,0.896,0.89975,36957
1737424800,0.89973,0.90142,0.89921,0.89945,26082
1737439200,0.89947,0.90133,0.89838,0.89884,26613
1737453600,0.89885,0.90128,0.89771,0.90125,29641
1737468000,0.90126,0.90156,0.89806,0.89836,45414
1737482400,0.89838,0.89903,0.89781,0.8983,18858
1737496800,0.8979,0.89892,0.89724,0.89792,18646
1737511200,0.89792,0.89849,0.89755,0.89815,13649
1737525600,0.89812,0.90037,0.89685,0.90034,26979
1737540000,0.90035,0.90235,0.89976,0.90175,27701
1737554400,0.90175,0.90249,0.90061,0.90169,35423
1737568800,0.90166,0.90267,0.90146,0.90188,16116
1737583200,0.90071,0.90337,0.9005,0.90289,13090
1737597600,0.90289,0.90308,0.90207,0.90248,15258
1737612000,0.90248,0.90275,0.90013,0.90122,22265
1737626400,0.90123,0.90379,0.9012,0.90333,24274
1737640800,0.90337,0.9035,0.90069,0.90285,43699
1737655200,0.90284,0.90385,0.90213,0.90381,19977
1737669600,0.90371,0.90397,0.90273,0.90307,9024
1737684000,0.90306,0.90622,0.90296,0.90621,27089
1737698400,0.90619,0.90672,0.90526,0.90569,34533
1737712800,0.90569,0.90597,0.90287,0.90307,26377
1737727200,0.90306,0.90666,0.90298,0.90588,38569
1737741600,0.90589,0.906,0.9052,0.90563,16453
1737928800,0.90432,0.90571,0.90415,0.90435,15042
1737943200,0.90434,0.90547,0.9043,0.90483,17828
1737957600,0.90484,0.90511,0.90364,0.9041,31671
1737972000,0.90408,0.90532,0.90274,0.90344,39145
1737986400,0.90342,0.90459,0.90296,0.90369,40063
1738000800,0.90366,0.90474,0.9028,0.90431,21155
1738015200,0.90368,0.90444,0.90051,0.90086,25499
1738029600,0.90079,0.90138,0.89937,0.90024,18455
1738044000,0.90025,0.90074,0.89972,0.90029,25245
1738058400,0.90029,0.90086,0.89827,0.89852,24032
1738072800,0.89852,0.89962,0.89794,0.89944,32372
1738087200,0.89947,0.90072,0.89901,0.9004,17111
1738101600,0.89922,0.90054,0.897,0.8975,13131
1738116000,0.8975,0.89923,0.89724,0.89923,12038
1738130400,0.89926,0.89946,0.89831,0.89833,21135
1738144800,0.89833,0.89885,0.89751,0.89867,24165
1738159200,0.89868,0.89994,0.897,0.89852,38848
1738173600,0.89856,0.89913,0.89714,0.8984,38276
1738188000,0.89709,0.89916,0.89678,0.899,12426
1738202400,0.89901,0.89934,0.89689,0.89705,13026
1738216800,0.89705,0.89819,0.89671,0.89717,22170
1738231200,0.89718,0.89836,0.89673,0.89822,27309
1738245600,0.89821,0.89875,0.89742,0.89786,37343
1738260000,0.8979,0.90606,0.89767,0.89968,29991
1738274400,0.89884,0.90073,0.89841,0.89997,15655
1738288800,0.89998,0.90182,0.89993,0.90092,12733
1738303200,0.90092,0.90148,0.89946,0.90103,24268
1738317600,0.90105,0.90142,0.8997,0.90114,25606
1738332000,0.90115,0.90377,0.89925,0.90079,48500
1738346400,0.90076,0.9041,0.90015,0.90278,50487
1738533600,0.90641,0.90857,0.89914,0.9019,47583
1738548000,0.90192,0.90326,0.8992,0.90141,39403
1738562400,0.90139,0.90362,0.90132,0.90232,40724
1738576800,0.90232,0.90354,0.90049,0.90354,36351
1738591200,0.90355,0.90505,0.89892,0.90074,64189
1738605600,0.9007,0.9015,0.89508,0.89809,36528
1738620000,0.89703,0.89792,0.89563,0.897,22043
1738634400,0.89699,0.89832,0.89476,0.89593,24398
1738648800,0.89594,0.89707,0.89526,0.89533,30332
1738663200,0.89535,0.89636,0.89385,0.89406,26259
1738677600,0.89404,0.89689,0.89379,0.89651,42010
1738692000,0.89652,0.89722,0.89515,0.89593,18754
1738706400,0.89488,0.89629,0.89469,0.89479,15543
1738720800,0.8948,0.89652,0.89446,0.89647,17489
1738735200,0.89645,0.89749,0.89622,0.8969,28929
1738749600,0.89691,0.89804,0.89653,0.89717,26375
1738764000,0.89719,0.89938,0.89655,0.8992,37399
1738778400,0.8992,0.90052,0.89882,0.89961,15613
1738792800,0.8993,0.89985,0.89886,0.89946,12081
1738807200,0.89945,0.89951,0.89747,0.89839,14647
1738821600,0.8984,0.8996,0.89818,0.89895,21023
1738836000,0.89898,0.89996,0.898,0.89818,25946
1738850400,0.89817,0.89947,0.89787,0.89932,29359
1738864800,0.89934,0.89944,0.89853,0.89864,16597
1738879200,0.89735,0.9,0.89685,0.8997,10840
1738893600,0.8997,0.90043,0.8994,0.89952,12255
1738908000,0.89951,0.9011,0.89927,0.9007,16986
1738922400,0.90072,0.90089,0.89717,0.89784,26249
1738936800,0.89785,0.89972,0.89512,0.89586,55720
1738951200,0.89587,0.89658,0.89519,0.89615,20870
1739138400,0.89478,0.89834,0.89478,0.89741,19891
1739152800,0.89741,0.89985,0.8973,0.8996,13663
1739167200,0.89959,0.90075,0.89852,0.89944,22093
1739181600,0.89943,0.90088,0.89905,0.90064,20016
1739196000,0.90063,0.90106,0.89823,0.89871,25494
1739210400,0.89873,0.8993,0.89821,0.89859,11811
1739224800,0.89778,0.90062,0.89758,0.89906,13673
1739239200,0.89907,0.89951,0.89772,0.89943,13312
1739253600,0.8994,0.90095,0.89931,0.89963,20093
1739268000,0.89965,0.90032,0.89817,0.89842,21086
1739282400,0.89843,0.90079,0.89843,0.90003,26970
1739296800,0.90002,0.90013,0.89877,0.899,16308
1739311200,0.89858,0.90035,0.89846,0.90025,11024
1739325600,0.90023,0.90094,0.89902,0.89946,15552
1739340000,0.89945,0.89961,0.89792,0.89819,20760
1739354400,0.8982,0.89827,0.89371,0.8946,26665
1739368800,0.89459,0.89928,0.89394,0.89886,47249
1739383200,0.89885,0.89921,0.89708,0.89836,21184
1739397600,0.89759,0.89831,0.89688,0.89748,11927
1739412000,0.8975,0.89824,0.89637,0.89764,19160
1739426400,0.89763,0.89765,0.89533,0.89551,25553
1739440800,0.89553,0.89622,0.89339,0.89451,26985
1739455200,0.89453,0.89584,0.89319,0.89555,37013
1739469600,0.89557,0.89737,0.89387,0.8965,29220
1739484000,0.89561,0.89729,0.89557,0.89703,16425
1739498400,0.89703,0.89758,0.89605,0.89646,15917
1739512800,0.89648,0.89861,0.89622,0.89836,25531
1739527200,0.89838,0.90036,0.89797,0.89994,25863
1739541600,0.89995,0.90172,0.89977,0.90073,30721
1739556000,0.90074,0.90098,0.90009,0.90076,12919
1739743200,0.89836,0.90229,0.89836,0.90175,18157
1739757600,0.90176,0.90282,0.9011,0.90245,19127
1739772000,0.90245,0.90343,0.90199,0.90343,21222
1739786400,0.90343,0.90346,0.90238,0.90311,16352
1739800800,0.90311,0.90342,0.90258,0.90267,12774
1739815200,0.90266,0.90276,0.90138,0.90144,5538
1739829600,0.90081,0.90164,0.89992,0.90027,13561
1739844000,0.90026,0.90345,0.89942,0.90283,23011
1739858400,0.90282,0.90321,0.90159,0.90259,22986
1739872800,0.9026,0.90281,0.90004,0.90097,21908
1739887200,0.90096,0.90171,0.90039,0.90063,25825
1739901600,0.90063,0.90167,0.90013,0.90143,12344
1739916000,0.90055,0.90171,0.90023,0.90075,16275
1739930400,0.90077,0.90291,0.90048,0.90279,18151
1739944800,0.90276,0.90302,0.90206,0.90263,20353
1739959200,0.90264,0.90278,0.90141,0.90159,22245
1739973600,0.9016,0.9041,0.90069,0.90275,30378
1739988000,0.90274,0.9037,0.90263,0.90336,16075
1740002400,0.90167,0.90406,0.90103,0.90185,18868
1740016800,0.90184,0.9053,0.90168,0.90503,25017
1740031200,0.90503,0.90657,0.90487,0.90595,24174
1740045600,0.90593,0.90648,0.90531,0.90558,25273
1740060000,0.90557,0.90773,0.90538,0.90727,35008
1740074400,0.90725,0.90762,0.90693,0.90717,14613
1740088800,0.90591,0.90805,0.90588,0.90673,18441
1740103200,0.90674,0.90797,0.90568,0.90579,24260
1740117600,0.9058,0.90686,0.90547,0.90657,27438
1740132000,0.90658,0.90694,0.90479,0.90497,19473
1740146400,0.905,0.90619,0.90468,0.90583,33601
1740160800,0.9058,0.90598,0.90398,0.90443,22905
1740348000,0.90481,0.90592,0.90367,0.90424,24903
1740362400,0.90423,0.90657,0.904,0.90505,26758
1740376800,0.90498,0.90542,0.90355,0.90458,29154
1740391200,0.90457,0.90579,0.90409,0.90531,22713
1740405600,0.90529,0.90538,0.90304,0.90435,37391
1740420000,0.90434,0.9056,0.90396,0.90522,19416
1740434400,0.90488,0.90554,0.90433,0.90481,18128
1740448800,0.9048,0.90552,0.90443,0.90519,21798
1740463200,0.90518,0.90556,0.90317,0.90339,28960
1740477600,0.90337,0.90558,0.90252,0.90494,26500
1740492000,0.90495,0.90608,0.90331,0.90533,44549
1740506400,0.90532,0.90823,0.90528,0.90816,24118
1740520800,0.90763,0.90865,0.90573,0.90651,18510
1740535200,0.90652,0.90685,0.90542,0.90613,22480
1740549600,0.90614,0.90756,0.906,0.90625,25482
1740564000,0.90626,0.90685,0.90479,0.90484,24120
1740578400,0.90484,0.9076,0.90376,0.90423,43416
1740592800,0.90424,0.9049,0.90324,0.90377,26707
1740607200,0.90306,0.90513,0.90287,0.90474,18649
1740621600,0.90474,0.90505,0.90251,0.90299,25205
1740636000,0.90301,0.9037,0.90211,0.9028,28427
1740650400,0.90279,0.90449,0.9025,0.90393,31719
1740664800,0.90393,0.9041,0.90102,0.90121,48457
1740679200,0.90121,0.90192,0.89983,0.89998,22556
1740693600,0.89952,0.90047,0.89841,0.89852,20652
1740708000,0.89851,0.89891,0.89696,0.89723,27810
1740722400,0.89723,0.89784,0.8969,0.89715,28676
1740736800,0.89714,0.89786,0.89513,0.89557,26558
1740751200,0.89556,0.89715,0.89548,0.896,44581
1740765600,0.896,0.89815,0.89525,0.89776,29472
1740952800,0.89656,0.89921,0.89649,0.89877,23785
1740967200,0.89878,0.89913,0.89741,0.89795,21597
1740981600,0.89794,0.89833,0.89704,0.89789,25909
1740996000,0.8979,0.89887,0.89738,0.8982,29038
1741010400,0.89819,0.90076,0.89795,0.90043,39319
1741024800,0.9004,0.90322,0.89968,0.90108,40842
1741039200,0.9006,0.90155,0.89955,0.89998,24887
1741053600,0.89998,0.90016,0.89768,0.89868,35020
1741068000,0.8987,0.89945,0.89659,0.89743,38461
1741082400,0.89743,0.90011,0.89707,0.89939,39054
1741096800,0.89942,0.90336,0.89806,0.9029,58886
1741111200,0.90288,0.90548,0.90061,0.90234,47183
1741125600,0.90054,0.90415,0.90036,0.90176,23887
1741140000,0.90176,0.90233,0.90049,0.90194,29890
1741154400,0.90195,0.90496,0.90176,0.90374,38117
1741168800,0.90373,0.90568,0.90281,0.90514,37373
1741183200,0.90514,0.90919,0.90439,0.90781,62211
1741197600,0.90779,0.90927,0.90675,0.90847,30904
1741212000,0.90717,0.90923,0.90684,0.90901,22890
1741226400,0.90902,0.90961,0.9076,0.90849,26979
1741240800,0.9085,0.91007,0.90761,0.90839,40169
1741255200,0.90838,0.91078,0.90784,0.90941,38709
1741269600,0.90943,0.90991,0.90515,0.9066,61000
1741284000,0.90659,0.90745,0.90478,0.90502,32158
1741298400,0.90383,0.90551,0.90297,0.90368,18349
1741312800,0.90367,0.90376,0.90142,0.9018,26556
1741327200,0.90182,0.90328,0.90146,0.90276,33333
1741341600,0.90272,0.90499,0.90098,0.90323,37403
1741356000,0.90326,0.90739,0.90304,0.90557,61208
1741370400,0.90559,0.9072,0.90556,0.90661,30885
1741554000,0.9066,0.90691,0.90515,0.90641,21507
1741568400,0.90644,0.9074,0.90536,0.90595,22423
1741582800,0.90592,0.90826,0.90582,0.9077,30318
1741597200,0.90769,0.91242,0.90743,0.91193,36488
1741611600,0.91196,0.91242,0.90899,0.90922,46051
1741626000,0.90921,0.90931,0.90621,0.90654,32627
1741640400,0.90622,0.90673,0.9051,0.90573,16330
1741654800,0.9057,0.90654,0.90405,0.90559,32488
1741669200,0.90559,0.90709,0.90438,0.90681,36379
1741683600,0.90683,0.90774,0.90457,0.90666,33070
1741698000,0.90667,0.91063,0.90614,0.91001,58941
1741712400,0.91002,0.91121,0.90703,0.90899,41046
1741726800,0.90881,0.90917,0.90685,0.90803,12985
1741741200,0.90804,0.90885,0.90774,0.90864,21253
1741755600,0.90865,0.91015,0.90784,0.90908,28798
1741770000,0.90907,0.90956,0.90439,0.90474,33659
1741784400,0.90475,0.90797,0.90468,0.90764,48272
1741798800,0.90765,0.90837,0.90643,0.90812,27621
1741813200,0.90803,0.90964,0.90711,0.90857,11859
1741827600,0.90858,0.9092,0.90769,0.90773,22479
1741842000,0.90773,0.9078,0.90496,0.90503,31903
1741856400,0.90504,0.90547,0.9028,0.9035,34548
1741870800,0.90355,0.90703,0.90236,0.90694,49627
1741885200,0.90694,0.90725,0.90613,0.90715,27741
1741899600,0.9075,0.90756,0.9062,0.90696,12656
1741914000,0.90696,0.90822,0.90687,0.90808,25192
1741928400,0.90804,0.90951,0.9078,0.90946,26908
1741942800,0.90947,0.91161,0.90859,0.91069,34057
1741957200,0.91069,0.91072,0.90807,0.90895,43187
1741971600,0.90896,0.90933,0.90819,0.90865,19423
1742158800,0.90815,0.90973,0.90746,0.90948,14091
1742173200,0.90949,0.91062,0.90892,0.90914,19667
1742187600,0.90914,0.91093,0.90879,0.9106,22933
1742202000,0.91058,0.91177,0.90985,0.91002,26914
1742216400,0.91003,0.91203,0.90942,0.9118,34879
1742230800,0.9118,0.91283,0.91158,0.91197,16907
1742245200,0.9117,0.91278,0.91145,0.91208,9902
1742259600,0.91207,0.91297,0.91076,0.91163,17080
1742274000,0.91164,0.91279,0.91078,0.91195,18590
1742288400,0.91194,0.91201,0.90866,0.90947,22997
1742302800,0.90947,0.91003,0.90784,0.9098,36854
1742317200,0.90977,0.91037,0.90917,0.90934,19861
1742331600,0.90873,0.90987,0.90865,0.90951,9159
1742346000,0.9095,0.91056,0.90941,0.9095,15206
1742360400,0.90951,0.91008,0.90579,0.90615,25425
1742374800,0.90613,0.90762,0.90561,0.9071,23549
1742389200,0.9071,0.90768,0.90513,0.90739,27506
1742403600,0.90739,0.9109,0.90579,0.91061,36062
1742418000,0.91037,0.91126,0.90693,0.90838,13707
1742432400,0.9084,0.9092,0.90698,0.90888,22343
1742446800,0.90888,0.9089,0.90532,0.90573,22508
1742461200,0.90574,0.90602,0.90341,0.90408,31877
1742475600,0.90407,0.90432,0.90178,0.90186,37654
1742490000,0.90187,0.90304,0.90128,0.90248,19103
1742504400,0.902,0.90288,0.90184,0.90248,10287
1742518800,0.90249,0.90252,0.90063,0.9013,16649
1742533200,0.90129,0.90213,0.90081,0.90159,21737
1742547600,0.9016,0.90283,0.90075,0.90231,23947
1742562000,0.90231,0.90231,0.89868,0.89976,35994
1742576400,0.89976,0.90043,0.8993,0.89987,16998
1742763600,0.89951,0.90182,0.89862,0.90182,13327
1742778000,0.9018,0.90194,0.90003,0.90058,18672
1742792400,0.90059,0.90275,0.90022,0.90224,20976
1742806800,0.90225,0.90286,0.90072,0.90093,20770
1742821200,0.90094,0.90161,0.89722,0.89781,34049
1742835600,0.89782,0.90011,0.89757,0.89994,19698
1742850000,0.89904,0.9002,0.8987,0.89989,9364
1742864400,0.89989,0.90084,0.89969,0.90042,17359
1742878800,0.90042,0.90094,0.89947,0.9001,20061
1742893200,0.90009,0.90313,0.90001,0.90245,25231
1742907600,0.90245,0.9033,0.90144,0.90155,30323
1742922000,0.90153,0.90207,0.89916,0.89971,16652
1742936400,0.89906,0.90058,0.8984,0.89847,12123
1742950800,0.89849,0.90088,0.89758,0.90072,19810
1742965200,0.90074,0.90177,0.89994,0.9009,23893
1742979600,0.90089,0.90193,0.90032,0.90094,23597
1742994000,0.90094,0.90113,0.89817,0.89917,33159
1743008400,0.89918,0.8994,0.89801,0.89837,21104
1743022800,0.8979,0.89995,0.89678,0.89876,18468
1743037200,0.89877,0.90083,0.89836,0.90041,23664
1743051600,0.90041,0.90176,0.89927,0.90166,28006
1743066000,0.90164,0.90215,0.90069,0.90192,25431
1743080400,0.90194,0.90342,0.90113,0.90211,37234
1743094800,0.90212,0.90247,0.90136,0.90164,17545
1743109200,0.9008,0.90199,0.90037,0.90088,9935
1743123600,0.90087,0.90108,0.89888,0.89917,19860
1743138000,0.89919,0.90234,0.8991,0.90175,20317
1743152400,0.90177,0.90228,0.90048,0.9019,19313
1743166800,0.90191,0.90288,0.89896,0.8992,40059
1743181200,0.89922,0.90069,0.89888,0.90033,18084
1743368400,0.89891,0.89961,0.89768,0.89945,22827
1743382800,0.89945,0.90101,0.89852,0.89877,26920
1743397200,0.89878,0.90085,0.89691,0.89776,30235
1743411600,0.89776,0.89791,0.89647,0.8966,23502
1743426000,0.89659,0.89774,0.89416,0.8971,37481
1743440400,0.8971,0.89931,0.8971,0.89872,18627
1743454800,0.89777,0.89885,0.89771,0.89816,12660
1743469200,0.89813,0.90101,0.8973,0.90097,24334
1743483600,0.90095,0.90096,0.89895,0.89977,27294
1743498000,0.89975,0.90048,0.89855,0.90003,26670
1743512400,0.90003,0.90135,0.8979,0.89808,41353
1743526800,0.89808,0.89862,0.89756,0.8978,21021
1743541200,0.89664,0.89892,0.89664,0.89777,14079
1743555600,0.89778,0.90113,0.89745,0.90103,18901
1743570000,0.90104,0.90225,0.90013,0.90204,20992
1743584400,0.90204,0.9034,0.90195,0.90305,22191
1743598800,0.90306,0.90315,0.90097,0.90167,33934
1743613200,0.90166,0.90448,0.89589,0.89695,36764
1743627600,0.89441,0.89523,0.88932,0.8933,46671
1743642000,0.89331,0.89533,0.89262,0.89298,41899
1743656400,0.89299,0.89556,0.89268,0.89521,48096
1743670800,0.8952,0.89833,0.8942,0.89568,53693
1743685200,0.89567,0.89799,0.89175,0.89267,65056
1743699600,0.89265,0.89356,0.88939,0.89191,29632
1743714000,0.89096,0.89196,0.88941,0.88944,20519
1743728400,0.88943,0.88955,0.87853,0.87889,36827
1743742800,0.8789,0.88116,0.87684,0.87698,46076
1743757200,0.87697,0.87887,0.85947,0.86891,79235
1743771600,0.86893,0.87148,0.85296,0.85366,83893
1743786000,0.85368,0.8611,0.85283,0.85925,61948
1743973200,0.85459,0.85578,0.84535,0.85381,60584
1743987600,0.85379,0.85847,0.85211,0.85496,58445
1744002000,0.85495,0.86047,0.85358,0.85515,70944
1744016400,0.85516,0.86805,0.85383,0.86618,72883
1744030800,0.86619,0.8687,0.84581,0.84646,92726
1744045200,0.84649,0.85345,0.84648,0.85268,61476
1744059600,0.8517,0.85526,0.8511,0.85202,26947
1744074000,0.852,0.8583,0.84985,0.85821,41804
1744088400,0.85816,0.86087,0.85653,0.8597,50223
1744102800,0.85969,0.85971,0.85621,0.85807,49384
1744117200,0.85806,0.86193,0.84937,0.84962,70612
1744131600,0.84958,0.85088,0.84823,0.84927,61322
1744146000,0.84912,0.84961,0.84401,0.84885,31631
1744160400,0.84883,0.85293,0.84759,0.84977,54770
1744174800,0.84978,0.856,0.8478,0.85349,67635
1744189200,0.8535,0.85771,0.85083,0.85413,65660
1744203600,0.85415,0.8566,0.85073,0.85407,64796
1744218000,0.85405,0.86996,0.85349,0.86605,76027
1744232400,0.86581,0.86908,0.8632,0.86382,33120
1744246800,0.86381,0.87061,0.8627,0.87024,49155
1744261200,0.87032,0.87223,0.86456,0.866,57317
1744275600,0.86599,0.87237,0.86527,0.86977,60335
1744290000,0.86978,0.87451,0.86428,0.8675,82080
1744304400,0.86746,0.87272,0.86599,0.87,67274
1744318800,0.86955,0.87104,0.86396,0.86678,39231
1744333200,0.8668,0.87181,0.86499,0.86509,60043
1744347600,0.86509,0.86743,0.86208,0.86451,65738
1744362000,0.8645,0.86876,0.86342,0.86745,61769
1744376400,0.86746,0.87078,0.86453,0.86947,79035
1744390800,0.86945,0.87423,0.86917,0.87199,42577
1744578000,0.87322,0.87525,0.87117,0.87271,32926
1744592400,0.8727,0.87426,0.87116,0.87292,41193
1744606800,0.87293,0.87748,0.87285,0.87689,37523
1744621200,0.87688,0.87759,0.87391,0.87393,36202
1744635600,0.87395,0.87859,0.8718,0.87707,58096
1744650000,0.87706,0.87918,0.87703,0.87756,30603
1744664400,0.87642,0.87976,0.8762,0.87909,18225
1744678800,0.87909,0.88333,0.87901,0.88237,32850
1744693200,0.88236,0.88331,0.87947,0.87982,38057
1744707600,0.87981,0.88633,0.8792,0.88556,34524
1744722000,0.88557,0.8879,0.88409,0.88736,46854
1744736400,0.88736,0.88774,0.88537,0.88562,23504
1744750800,0.88477,0.88534,0.88254,0.88353,22018
1744765200,0.88352,0.88629,0.88331,0.88506,31980
1744779600,0.88504,0.88687,0.88251,0.88565,42587
1744794000,0.88566,0.88743,0.88505,0.88514,37813
1744808400,0.88513,0.88738,0.8836,0.8856,41832
1744822800,0.88561,0.88597,0.88238,0.88247,33451
1744837200,0.88207,0.88354,0.8817,0.88204,19693
1744851600,0.88202,0.88317,0.8802,0.88036,30247
1744866000,0.88037,0.88183,0.87957,0.88171,29576
1744880400,0.8817,0.88527,0.88156,0.88518,30112
1744894800,0.8852,0.8858,0.88311,0.88384,42438
1744909200,0.88383,0.88497,0.88285,0.88384,19328
1744923600,0.88345,0.88505,0.88199,0.88425,15994
1744938000,0.88423,0.88485,0.88225,0.88453,97098
1744952400,0.88453,0.8846,0.88234,0.88281,82831
1744966800,0.88283,0.88394,0.88211,0.88322,91950
1744981200,0.88327,0.88379,0.88219,0.88289,67077
1744995600,0.88293,0.88305,0.88195,0.88227,44245
1745182800,0.88145,0.88408,0.88093,0.88241,24105
1745197200,0.88243,0.88646,0.88212,0.88535,27301
1745211600,0.88537,0.88784,0.88517,0.88674,25117
1745226000,0.88674,0.88762,0.88547,0.88682,24230
1745240400,0.88681,0.88756,0.88468,0.88734,31841
1745254800,0.88735,0.8883,0.88594,0.88787,19258
1745269200,0.88691,0.88846,0.88602,0.88674,16365
1745283600,0.88677,0.88887,0.88675,0.88779,25390
1745298000,0.8878,0.88851,0.88536,0.88548,32784
1745312400,0.88548,0.88619,0.88482,0.88484,27662
1745326800,0.88484,0.88524,0.88154,0.88311,35646
1745341200,0.88312,0.88355,0.8788,0.8788,24008
1745355600,0.87879,0.88426,0.87862,0.8842,28934
1745370000,0.8842,0.88526,0.88299,0.88448,25891
1745384400,0.88449,0.8872,0.8841,0.88542,30923
1745398800,0.88543,0.88764,0.88458,0.88757,26405
1745413200,0.88755,0.88997,0.8836,0.88479,53452
1745427600,0.88471,0.88529,0.88214,0.88237,25882
1745442000,0.88219,0.88368,0.88167,0.88257,16276
1745456400,0.88256,0.88303,0.88085,0.88166,25607
1745470800,0.88164,0.88417,0.87996,0.88298,32481
1745485200,0.883,0.88521,0.88286,0.88429,26330
1745499600,0.88433,0.88923,0.88381,0.88904,36211
1745514000,0.88904,0.88919,0.88709,0.88772,16756
1745528400,0.88682,0.88818,0.88621,0.88759,11188
1745542800,0.88761,0.88989,0.88662,0.8888,22168
1745557200,0.88879,0.88919,0.88661,0.88733,27201
1745571600,0.88733,0.88742,0.88462,0.88513,23761
1745586000,0.88514,0.88696,0.88417,0.88638,27928
1745600400,0.88639,0.88749,0.88587,0.88613,13850
1745787600,0.88522,0.88754,0.88471,0.88614,13478
1745802000,0.88611,0.88775,0.88464,0.88772,21323
1745816400,0.88775,0.88808,0.88396,0.88579,24347
1745830800,0.88577,0.88796,0.88559,0.88688,21525
1745845200,0.88689,0.88911,0.88658,0.88868,35090
1745859600,0.88868,0.88966,0.88837,0.88934,14959
1745874000,0.8881,0.88967,0.8881,0.88936,12440
1745888400,0.88936,0.89122,0.88806,0.88889,25640
1745902800,0.88888,0.8899,0.88739,0.88767,25470
1745917200,0.88764,0.88805,0.88599,0.88678,22852
1745931600,0.88681,0.88701,0.88361,0.88465,32590
1745946000,0.88465,0.88493,0.88264,0.8829,13459
1745960400,0.8828,0.88359,0.8822,0.88276,9486
1745974800,0.88274,0.88721,0.88265,0.88719,21721
1745989200,0.88721,0.88727,0.88363,0.8845,21812
1746003600,0.88452,0.88517,0.88119,0.88252,24719
1746018000,0.88253,0.88406,0.87975,0.88309,40673
1746032400,0.88309,0.8836,0.88208,0.88324,20365
1746046800,0.88207,0.8845,0.88171,0.88412,12890
1746061200,0.88411,0.88586,0.88245,0.88278,21099
1746075600,0.88277,0.88324,0.88154,0.88224,21531
1746090000,0.88223,0.88364,0.88099,0.88244,21358
1746104400,0.88243,0.88396,0.88006,0.88265,33851
1746118800,0.88263,0.88456,0.88247,0.88414,14984
1746133200,0.88266,0.88718,0.88232,0.88657,14664
1746147600,0.88662,0.88703,0.88509,0.88634,23338
1746162000,0.88631,0.8881,0.88521,0.88784,22780
1746176400,0.88777,0.89115,0.88742,0.89098,28054
1746190800,0.89098,0.89147,0.88846,0.88935,40905
1746205200,0.88935,0.89083,0.88889,0.89066,16042
1746392400,0.88966,0.89223,0.88891,0.8907,14919
1746406800,0.89078,0.89405,0.89061,0.89245,23090
1746421200,0.89246,0.89551,0.89227,0.89452,23676
1746435600,0.89454,0.89637,0.8944,0.89598,21356
1746450000,0.89597,0.89622,0.89276,0.89283,28457
1746464400,0.89284,0.89414,0.89264,0.89409,10275
1746478800,0.89301,0.89393,0.89166,0.89236,10411
1746493200,0.89238,0.89387,0.89195,0.8937,23606
1746507600,0.89368,0.89371,0.89089,0.8916,25569
1746522000,0.89163,0.89288,0.89037,0.89275,20820
1746536400,0.89274,0.8946,0.89171,0.8933,30159
1746550800,0.89336,0.89503,0.89324,0.89449,16485
1746565200,0.89397,0.89722,0.89289,0.89512,21754
1746579600,0.89511,0.89686,0.89347,0.89383,29354
1746594000,0.89384,0.89484,0.89255,0.89264,24620
1746608400,0.89264,0.89338,0.89201,0.89281,18729
1746622800,0.89281,0.89285,0.88955,0.89079,25710
1746637200,0.8908,0.89159,0.88799,0.88899,30132
1746651600,0.88811,0.89111,0.88798,0.89043,11414
1746666000,0.89044,0.89304,0.89025,0.8921,25596
1746680400,0.89214,0.89222,0.88836,0.88917,30521
1746694800,0.88917,0.89158,0.88909,0.89122,26534
1746709200,0.89123,0.89312,0.89045,0.89231,34093
1746723600,0.89231,0.89238,0.89038,0.89075,13493
1746738000,0.89012,0.89109,0.88964,0.8899,11523
1746752400,0.88988,0.89203,0.88808,0.89194,25009
1746766800,0.89195,0.89245,0.8906,0.89142,20590
1746781200,0.89143,0.89181,0.88977,0.89176,18975
1746795600,0.89177,0.89542,0.89173,0.89374,27207
1746810000,0.89373,0.89402,0.89282,0.8931,12691
1746997200,0.89183,0.89556,0.89103,0.89488,20443
1747011600,0.89489,0.89602,0.89421,0.8954,26756
1747026000,0.89547,0.89906,0.89328,0.8946,38631
1747040400,0.89462,0.89556,0.89237,0.89397,31782
1747054800,0.89398,0.89496,0.89085,0.89123,33641
1747069200,0.89125,0.89163,0.89021,0.89035,17005
1747083600,0.8896,0.89119,0.88892,0.88987,11371
1747098000,0.88988,0.89516,0.88958,0.89509,25543
1747112400,0.8951,0.89704,0.89429,0.89605,26564
1747126800,0.89606,0.89883,0.89584,0.89879,24644
1747141200,0.89883,0.90393,0.89841,0.90335,37048
1747155600,0.90334,0.90363,0.90145,0.90165,14987
1747170000,0.90068,0.90232,0.90018,0.9017,10424
1747184400,0.90169,0.90386,0.90094,0.90116,24741
1747198800,0.90115,0.90431,0.90079,0.90303,29743
1747213200,0.90308,0.90372,0.90077,0.90176,30202
1747227600,0.90178,0.90207,0.89819,0.89902,36414
1747242000,0.89903,0.89952,0.89766,0.89865,17285
1747256400,0.8979,0.89908,0.89641,0.89854,12146
1747270800,0.89852,0.90124,0.89818,0.8983,24623
1747285200,0.89833,0.89982,0.89691,0.89766,25618
1747299600,0.89765,0.89794,0.89485,0.89687,23752
1747314000,0.89688,0.89784,0.89448,0.89548,30204
1747328400,0.89549,0.89589,0.89377,0.894,13159
1747342800,0.89321,0.89446,0.89237,0.89277,12078
1747357200,0.89276,0.89639,0.89263,0.89592,21040
1747371600,0.8959,0.89708,0.89549,0.89689,20318
1747386000,0.89688,0.89711,0.89493,0.89532,17735
1747400400,0.89533,0.89569,0.89361,0.89498,25059
1747414800,0.89497,0.896,0.89425,0.89438,12128
1747602000,0.8944,0.89527,0.89297,0.89526,13390
1747616400,0.89525,0.89665,0.89433,0.89499,19258
1747630800,0.89498,0.89772,0.89385,0.89765,23201
1747645200,0.89767,0.89977,0.89731,0.89774,23012
1747659600,0.89773,0.90084,0.89769,0.90054,27094
1747674000,0.90054,0.90116,0.90034,0.9007,11193
1747688400,0.89922,0.90116,0.8991,0.90004,10285
1747702800,0.90006,0.90041,0.89679,0.89714,20769
1747717200,0.89711,0.89826,0.89434,0.89478,26870
1747731600,0.89478,0.89496,0.8906,0.89086,19534
1747746000,0.89087,0.89405,0.8907,0.89387,26356
1747760400,0.89387,0.89414,0.89305,0.8938,13174
1747774800,0.8925,0.89522,0.8925,0.89514,11502
1747789200,0.89515,0.89614,0.89431,0.89605,21539
1747803600,0.89601,0.89675,0.89429,0.8947,26457
1747818000,0.89471,0.89569,0.89367,0.89394,23568
1747832400,0.89394,0.89521,0.89282,0.89312,30692
1747846800,0.89313,0.89359,0.89106,0.89205,22963
1747861200,0.89062,0.89263,0.89048,0.89227,13575
1747875600,0.89228,0.89337,0.89046,0.89319,21481
1747890000,0.89317,0.89433,0.89172,0.89298,26319
1747904400,0.89299,0.89303,0.89002,0.89106,24638
1747918800,0.89108,0.89138,0.88863,0.88868,31524
1747933200,0.88867,0.88952,0.8879,0.888,13585
1747947600,0.88772,0.88895,0.88752,0.88895,10210
1747962000,0.88892,0.89041,0.88863,0.88972,18019
1747976400,0.88973,0.89175,0.88902,0.89166,21278
1747990800,0.89167,0.89312,0.88939,0.8911,30663
1748005200,0.89111,0.8916,0.88887,0.89105,34597
1748019600,0.89106,0.89199,0.89084,0.89175,15949
1748206800,0.8896,0.89325,0.88948,0.89239,16384
1748221200,0.89238,0.89509,0.89223,0.89373,21756
1748235600,0.89373,0.8943,0.89211,0.89305,20102
1748250000,0.89305,0.8931,0.89198,0.8925,13193
1748264400,0.89251,0.89326,0.89115,0.89124,11257
1748278800,0.89124,0.89131,0.89031,0.89105,4745
1748293200,0.89031,0.89111,0.88993,0.89099,10558
1748307600,0.89097,0.89142,0.88928,0.88942,18300
1748322000,0.88942,0.89102,0.88733,0.88752,28415
1748336400,0.88752,0.88842,0.8868,0.88841,19866
1748350800,0.88842,0.88892,0.88581,0.88759,26673
1748365200,0.88758,0.89104,0.88729,0.8898,12904
1748379600,0.88883,0.89083,0.88852,0.8902,9079
1748394000,0.89022,0.89124,0.88837,0.88897,24926
1748408400,0.88898,0.89108,0.88885,0.89075,21915
1748422800,0.89074,0.89102,0.8883,0.8886,19505
1748437200,0.88861,0.88887,0.88601,0.88764,30850
1748451600,0.88763,0.88947,0.88752,0.88912,13482
1748466000,0.88773,0.8907,0.88758,0.88937,21918
1748480400,0.88936,0.89014,0.88765,0.89001,26732
1748494800,0.89,0.89108,0.88891,0.89023,25585
1748509200,0.89021,0.89111,0.88939,0.89056,23371
1748523600,0.89054,0.8906,0.88875,0.89007,33420
1748538000,0.89007,0.89044,0.88925,0.8893,13550
1748552400,0.88885,0.89049,0.88829,0.89021,13161
1748566800,0.89024,0.89065,0.88773,0.88864,24149
1748581200,0.88864,0.88962,0.88588,0.88637,22358
1748595600,0.88634,0.88747,0.88548,0.88586,24274
1748610000,0.88589,0.88591,0.8834,0.88378,37061
1748624400,0.8838,0.88489,0.88349,0.8838,17206
1748811600,0.88353,0.88575,0.88319,0.88558,13661
1748826000,0.88556,0.88709,0.88464,0.88576,21604
1748840400,0.88575,0.88733,0.88548,0.88708,26220
1748854800,0.8871,0.88886,0.88709,0.88856,22039
1748869200,0.88854,0.89038,0.88717,0.88928,32853
1748883600,0.88924,0.8911,0.88916,0.89075,12785
1748898000,0.8903,0.89111,0.8891,0.89079,10637
1748912400,0.8908,0.89107,0.88759,0.88801,21930
1748926800,0.888,0.88822,0.88608,0.88629,24218
1748941200,0.88627,0.88725,0.88556,0.88583,22564
1748955600,0.88584,0.88735,0.88531,0.88657,28502
1748970000,0.88657,0.88766,0.88654,0.88655,10967
1748984400,0.88521,0.88715,0.88484,0.88596,10441
1748998800,0.88593,0.88825,0.88512,0.88591,23232
1749013200,0.8859,0.88771,0.88547,0.88753,23432
1749027600,0.88754,0.88969,0.88723,0.88939,22225
1749042000,0.8894,0.88969,0.88774,0.88803,29912
1749056400,0.88799,0.88847,0.8877,0.888,11789
1749070800,0.8878,0.88898,0.88634,0.88875,16121
1749085200,0.88872,0.88972,0.88721,0.88798,21046
1749099600,0.88798,0.88898,0.88744,0.88873,18903
1749114000,0.8887,0.89053,0.88852,0.88984,23910
1749128400,0.88985,0.89184,0.88934,0.89008,36842
1749142800,0.89008,0.89015,0.88888,0.88935,14980
1749157200,0.88885,0.89036,0.88882,0.88949,9318
1749171600,0.88945,0.88988,0.88743,0.88844,19241
1749186000,0.88845,0.88873,0.88728,0.88771,20769
1749200400,0.88772,0.88929,0.8873,0.88816,25212
1749214800,0.88815,0.88928,0.8874,0.8888,35466
1749229200,0.88882,0.89017,0.88879,0.88931,15331
1749416400,0.88901,0.89038,0.88875,0.8898,8997
1749430800,0.88985,0.89167,0.88975,0.8914,17694
1749445200,0.89138,0.89332,0.89091,0.89272,18237
1749459600,0.89271,0.89305,0.89108,0.89141,18194
1749474000,0.8914,0.89297,0.89061,0.89185,21439
1749488400,0.89184,0.89288,0.89145,0.89255,10723
1749502800,0.8918,0.89317,0.89133,0.89279,9846
1749517200,0.89279,0.89473,0.89159,0.89376,21729
1749531600,0.89377,0.89417,0.8907,0.8929,30004
1749546000,0.89288,0.89309,0.89197,0.89213,23090
1749560400,0.89213,0.89361,0.89135,0.89226,25269
1749574800,0.89225,0.89285,0.8915,0.8915,13297
1749589200,0.89096,0.89259,0.89043,0.89055,12602
1749603600,0.89055,0.89137,0.8889,0.89076,19440
1749618000,0.89077,0.89146,0.89023,0.89064,20579
1749632400,0.89065,0.89375,0.88929,0.89199,27226
1749646800,0.89201,0.8921,0.89019,0.89063,28456
1749661200,0.89064,0.89133,0.88795,0.8887,15778
1749675600,0.8881,0.88965,0.88774,0.88846,12328
1749690000,0.88843,0.88909,0.88616,0.88677,22329
1749704400,0.88674,0.88797,0.88546,0.88773,25240
1749718800,0.88771,0.88974,0.88651,0.88866,29249
1749733200,0.88869,0.88878,0.88748,0.88807,29539
1749747600,0.88808,0.88853,0.8876,0.88827,10127
1749762000,0.8883,0.8886,0.88141,0.88259,21288
1749776400,0.88255,0.88484,0.88041,0.88302,37545
1749790800,0.88301,0.88427,0.8821,0.88354,33903
1749805200,0.88353,0.88416,0.88155,0.88213,29467
1749819600,0.8821,0.8848,0.88126,0.8848,31789
1749834000,0.8848,0.88489,0.88085,0.88114,20556
1750021200,0.87985,0.88242,0.87975,0.88202,22934
1750035600,0.88201,0.8821,0.87974,0.88148,28267
1750050000,0.88147,0.88428,0.88147,0.88384,27792
1750064400,0.88388,0.88543,0.88354,0.88506,22015
1750078800,0.88505,0.88736,0.88451,0.8872,31174
1750093200,0.8872,0.88734,0.885,0.88515,13030
1750107600,0.88483,0.88535,0.88301,0.8842,15330
1750122000,0.8842,0.88714,0.88381,0.88688,26533
1750136400,0.8869,0.88822,0.88619,0.88647,25778
1750150800,0.88647,0.88728,0.88502,0.88574,24594
1750165200,0.88577,0.88791,0.88376,0.8839,31564
1750179600,0.88392,0.88624,0.88207,0.88555,23572
1750194000,0.8856,0.88699,0.884,0.88653,17339
1750208400,0.88649,0.88848,0.88614,0.8883,24241
1750222800,0.88829,0.88936,0.88746,0.88801,24531
1750237200,0.888,0.88864,0.88637,0.88698,21826
1750251600,0.88697,0.89254,0.88677,0.89097,31436
1750266000,0.89098,0.89267,0.88964,0.8912,32948
1750280400,0.88987,0.8914,0.88915,0.8901,12171
1750294800,0.89009,0.89021,0.88803,0.88932,26618
1750309200,0.88934,0.88937,0.88671,0.88748,28590
1750323600,0.88747,0.88787,0.88551,0.88637,20928
1750338000,0.8864,0.88718,0.88571,0.88591,20715
1750352400,0.88589,0.88793,0.88588,0.88759,9007
1750366800,0.88661,0.88894,0.8861,0.8881,14519
1750381200,0.88812,0.88917,0.8869,0.88875,23272
1750395600,0.88878,0.88917,0.88728,0.88853,23501
1750410000,0.88854,0.89055,0.88833,0.89026,20140
1750424400,0.89024,0.89049,0.88625,0.88672,29275
1750438800,0.88671,0.88698,0.88567,0.88574,14784
1750626000,0.88306,0.88609,0.88219,0.88511,23036
1750640400,0.88512,0.88579,0.88068,0.8812,29749
1750654800,0.88115,0.88414,0.88103,0.88212,29571
1750669200,0.88211,0.88223,0.87901,0.8808,28802
1750683600,0.88079,0.88508,0.87965,0.88422,41224
1750698000,0.8842,0.88749,0.88398,0.8871,21428
1750712400,0.88559,0.89019,0.88559,0.88958,20514
1750726800,0.88958,0.89136,0.88895,0.89109,26509
1750741200,0.89108,0.8932,0.8905,0.89194,32601
1750755600,0.89193,0.89336,0.89112,0.89136,23087
1750770000,0.89138,0.89241,0.88976,0.89173,33220
1750784400,0.89173,0.89273,0.89034,0.89055,13130
1750798800,0.89004,0.89196,0.88915,0.89169,11810
1750813200,0.89164,0.89311,0.89073,0.89248,22509
1750827600,0.89247,0.89289,0.89125,0.89157,23897
1750842000,0.89157,0.89256,0.89088,0.89187,19546
1750856400,0.89186,0.8933,0.89086,0.89328,27043
1750870800,0.89329,0.89407,0.89284,0.8939,16410
1750885200,0.89276,0.8944,0.89207,0.89401,11284
1750899600,0.89401,0.89572,0.89311,0.89468,23948
1750914000,0.89468,0.89613,0.89422,0.89552,28310
1750928400,0.89543,0.89561,0.89359,0.89408,28405
1750942800,0.89411,0.89441,0.89236,0.89317,35713
1750957200,0.89317,0.89387,0.8926,0.89275,15050
1750971600,0.8921,0.89419,0.89209,0.89394,11964
1750986000,0.89395,0.89457,0.89275,0.89287,20834
1751000400,0.89292,0.89418,0.89232,0.89359,23737
1751014800,0.89361,0.89364,0.89177,0.89286,24890
1751029200,0.89284,0.89353,0.89056,0.8934,29384
1751043600,0.89339,0.89609,0.89291,0.89353,23962
1751230800,0.89374,0.89502,0.89364,0.89422,13853
1751245200,0.89419,0.89542,0.89285,0.89459,24316
1751259600,0.89454,0.89527,0.89261,0.89406,26365
1751274000,0.89404,0.89407,0.89215,0.8926,19890
1751288400,0.89261,0.89569,0.89252,0.8956,33415
1751302800,0.89561,0.89671,0.89519,0.89545,16478
1751317200,0.89434,0.89589,0.8938,0.89448,9016
1751331600,0.89442,0.8945,0.89248,0.89427,18313
1751346000,0.89427,0.89602,0.89411,0.89568,24901
1751360400,0.89568,0.89649,0.89489,0.89568,23384
1751374800,0.89568,0.89776,0.89506,0.89706,33326
1751389200,0.89705,0.89827,0.89689,0.8982,9946
1751403600,0.8963,0.89809,0.89622,0.89761,7345
1751418000,0.8976,0.89821,0.89605,0.89796,13887
1751432400,0.89794,0.89799,0.89533,0.89579,16034
1751446800,0.89579,0.89625,0.89337,0.89401,19743
1751461200,0.89403,0.89597,0.89317,0.89433,24511
1751475600,0.89435,0.89539,0.89393,0.8947,10891
1751490000,0.89388,0.89508,0.89329,0.89369,7471
1751504400,0.89371,0.89374,0.89243,0.89335,13788
1751518800,0.89336,0.89458,0.89252,0.89378,14725
1751533200,0.89377,0.89409,0.89015,0.89134,17470
1751547600,0.89136,0.89324,0.89027,0.89111,27119
1751562000,0.89113,0.8927,0.89086,0.8927,5410
1751576400,0.89207,0.89297,0.89155,0.89251,8690
1751590800,0.8925,0.89309,0.89109,0.89201,14883
1751605200,0.892,0.89269,0.88994,0.89133,16453
1751619600,0.89133,0.89179,0.89049,0.89115,14590
1751634000,0.89117,0.89154,0.89069,0.89129,13596
1751648400,0.89134,0.89174,0.89019,0.8902,33347
1751835600,0.89122,0.89224,0.88939,0.88992,10802
1751850000,0.88987,0.89008,0.8866,0.88678,17358
1751864400,0.88678,0.88918,0.88662,0.88812,19148
1751878800,0.88811,0.88844,0.88712,0.88735,16084
1751893200,0.88737,0.88915,0.88671,0.88735,21403
1751907600,0.88735,0.8885,0.88729,0.88795,14113
1751922000,0.88733,0.88996,0.887,0.8893,8776
1751936400,0.8893,0.89417,0.88875,0.89289,16390
1751950800,0.89287,0.89362,0.89152,0.89261,21077
1751965200,0.89261,0.89359,0.89221,0.89343,15652
1751979600,0.89343,0.89355,0.89072,0.89265,24859
1751994000,0.89265,0.8939,0.8919,0.892,14336
1752008400,0.89097,0.89289,0.89084,0.89239,7619
1752022800,0.8924,0.89453,0.89096,0.89401,17850
1752037200,0.89403,0.89483,0.89245,0.89362,20272
1752051600,0.8936,0.89469,0.89291,0.89434,15720
1752066000,0.8943,0.8958,0.89392,0.89467,20161
1752080400,0.89467,0.89565,0.89425,0.89425,9168
1752094800,0.8939,0.89537,0.8927,0.89488,8043
1752109200,0.89486,0.89606,0.89444,0.89533,11522
1752123600,0.89533,0.89668,0.89517,0.89664,13995
1752138000,0.89665,0.89777,0.89609,0.89683,13771
1752152400,0.89682,0.89941,0.89619,0.89935,21690
1752166800,0.89933,0.90055,0.89904,0.8995,9808
1752181200,0.89769,0.90121,0.89735,0.8991,11582
1752195600,0.89912,0.90219,0.89888,0.90065,19927
1752210000,0.90068,0.9022,0.90028,0.90044,18178
1752224400,0.90044,0.90215,0.89816,0.89994,16504
1752238800,0.89991,0.9015,0.89942,0.90002,22020
1752253200,0.90004,0.90038,0.89939,0.90031,10989
1752440400,0.89855,0.90115,0.89821,0.90052,12354
1752454800,0.90051,0.90071,0.89812,0.8988,15773
1752469200,0.89881,0.89947,0.89764,0.89837,15861
1752483600,0.89835,0.89878,0.89736,0.89771,13303
1752498000,0.89773,0.89855,0.89628,0.89651,19454
1752512400,0.89652,0.89748,0.89647,0.8969,7864
1752526800,0.8961,0.89768,0.89588,0.89718,7375
1752541200,0.89716,0.8976,0.89596,0.89646,14896
1752555600,0.89644,0.89937,0.89623,0.89849,15030
1752570000,0.89848,0.89947,0.89786,0.89856,15901
1752584400,0.89858,0.89875,0.89317,0.89331,27143
1752598800,0.89332,0.89425,0.89331,0.8938,9542
1752613200,0.8932,0.89571,0.89255,0.89494,8815
1752627600,0.89493,0.89552,0.89424,0.89506,13240
1752642000,0.89508,0.89525,0.89428,0.8947,15197
1752656400,0.89472,0.89558,0.89422,0.89458,14351
1752670800,0.89454,0.89667,0.89303,0.89326,32303
1752685200,0.89325,0.89477,0.89291,0.89303,12821
1752699600,0.89237,0.89346,0.89181,0.89234,7825
1752714000,0.89234,0.89318,0.88793,0.89002,17006
1752728400,0.89003,0.89046,0.88765,0.8894,18361
1752742800,0.8894,0.89034,0.88847,0.88992,16342
1752757200,0.88992,0.89193,0.88925,0.89132,20343
1752771600,0.89134,0.8923,0.89125,0.89207,10340
1752786000,0.89083,0.89374,0.89062,0.89356,7225
1752800400,0.89356,0.89441,0.89288,0.89295,12662
1752814800,0.89291,0.895,0.89274,0.89467,13407
1752829200,0.89465,0.89557,0.89441,0.89507,13339
1752843600,0.89505,0.89619,0.89377,0.89379,19108
1752858000,0.89383,0.89411,0.89281,0.89306,9968
1753045200,0.89268,0.89392,0.89239,0.89314,12130
1753059600,0.89315,0.89379,0.89238,0.89318,13372
1753074000,0.89319,0.89426,0.89298,0.89417,15308
1753088400,0.89416,0.89429,0.89321,0.89346,13584
1753102800,0.89345,0.89443,0.89298,0.89388,17762
1753117200,0.89389,0.89392,0.89237,0.8926,8016
1753131600,0.89178,0.89305,0.8915,0.89209,7216
1753146000,0.89204,0.89294,0.89159,0.89204,12250
1753160400,0.89206,0.89226,0.89045,0.89074,14069
1753174800,0.89072,0.89283,0.89053,0.89271,14074
1753189200,0.89271,0.89367,0.89167,0.89203,23154
1753203600,0.89202,0.89221,0.89118,0.8918,9965
1753218000,0.89029,0.89185,0.89024,0.89139,9375
1753232400,0.89137,0.8932,0.89134,0.89306,16419
1753246800,0.8931,0.89456,0.89276,0.89418,17602
1753261200,0.89419,0.89632,0.89388,0.89615,15364
1753275600,0.89613,0.89776,0.89571,0.89635,22005
1753290000,0.89636,0.89794,0.89633,0.89765,11389
1753304400,0.89666,0.89816,0.89654,0.89796,8134
1753318800,0.89797,0.90028,0.89795,0.90025,16617
1753333200,0.90023,0.90079,0.89902,0.90056,16637
1753347600,0.90055,0.90095,0.89935,0.89942,16174
1753362000,0.89941,0.90085,0.89918,0.89942,22771
1753376400,0.89943,0.90033,0.8985,0.8985,9719
1753390800,0.89824,0.89992,0.898,0.89954,9205
1753405200,0.89954,0.8997,0.89728,0.89753,16630
1753419600,0.89752,0.8989,0.89748,0.89824,17919
1753434000,0.89821,0.89823,0.89689,0.89763,14551
1753448400,0.89759,0.89993,0.89704,0.89977,23539
1753462800,0.89969,0.90006,0.89917,0.89931,9053
1753650000,0.90034,0.90113,0.89984,0.90113,11349
1753664400,0.90111,0.90146,0.8988,0.89931,15145
1753678800,0.8993,0.89942,0.89516,0.89548,19993
1753693200,0.89546,0.89662,0.89523,0.89627,20416
1753707600,0.8963,0.89636,0.89385,0.89397,22130
1753722000,0.89396,0.8958,0.89394,0.89575,10343
1753736400,0.89456,0.89632,0.89454,0.89504,8227
1753750800,0.89499,0.8966,0.89496,0.89572,14169
1753765200,0.8957,0.89663,0.89378,0.8953,19194
1753779600,0.89529,0.89609,0.89442,0.8953,16856
1753794000,0.89528,0.89718,0.89422,0.89686,23918
1753808400,0.89687,0.89758,0.89635,0.89635,12513
1753822800,0.89583,0.89811,0.89567,0.898,7345
1753837200,0.89801,0.8983,0.89542,0.8965,16729
1753851600,0.89651,0.89712,0.89492,0.89539,18016
1753866000,0.89536,0.89578,0.89256,0.89266,18391
1753880400,0.89268,0.89279,0.89061,0.89148,23337
1753894800,0.89149,0.89295,0.88813,0.88965,25788
1753909200,0.88905,0.89146,0.88905,0.89092,10461
1753923600,0.89091,0.89348,0.88991,0.89344,20779
1753938000,0.89343,0.89447,0.89305,0.89354,20242
1753952400,0.89352,0.89361,0.89052,0.89064,18179
1753966800,0.89064,0.8913,0.88947,0.89055,24796
1753981200,0.89057,0.89101,0.88964,0.89005,15886
1753995600,0.88914,0.89136,0.88902,0.89052,12945
1754010000,0.8905,0.89199,0.89027,0.89158,20399
1754024400,0.89154,0.89218,0.8911,0.89119,18978
1754038800,0.89122,0.89536,0.89015,0.89411,20790
1754053200,0.89413,0.89456,0.89006,0.89033,36935
1754067600,0.89036,0.89224,0.88881,0.89175,22573
1754254800,0.89022,0.89291,0.88972,0.89278,16457
1754269200,0.8927,0.89347,0.89196,0.89281,19189
1754283600,0.8928,0.89311,0.89179,0.89286,20790
1754298000,0.89287,0.89353,0.89201,0.89261,18861
1754312400,0.89262,0.89299,0.89035,0.89044,23429
1754326800,0.89046,0.89123,0.89007,0.891,12466
1754341200,0.89007,0.89175,0.88994,0.89107,10362
1754355600,0.89108,0.89132,0.88995,0.89115,16319
1754370000,0.89115,0.89158,0.88996,0.89087,18971
1754384400,0.89093,0.89218,0.89082,0.89203,18617
1754398800,0.89205,0.89284,0.88987,0.89211,26788
1754413200,0.89211,0.89229,0.89082,0.89125,13112
1754427600,0.89021,0.89243,0.88971,0.8921,9816
1754442000,0.89209,0.89423,0.89169,0.89414,16525
1754456400,0.89414,0.8942,0.89307,0.89371,16348
1754470800,0.89368,0.89496,0.89356,0.89401,16060
1754485200,0.89403,0.89444,0.89244,0.89308,23233
1754499600,0.89308,0.8943,0.89304,0.89355,13389
1754514000,0.89231,0.89391,0.89231,0.89277,9460
1754528400,0.89275,0.89472,0.8927,0.89468,16376
1754542800,0.89466,0.89759,0.89416,0.89674,17544
1754557200,0.89675,0.8968,0.89535,0.89627,19438
1754571600,0.89626,0.89671,0.89312,0.89391,25693
1754586000,0.8939,0.8967,0.89343,0.8967,17357
1754600400,0.895,0.8967,0.89451,0.89587,11000
1754614800,0.89589,0.89638,0.89512,0.89614,14877
1754629200,0.89613,0.89732,0.89529,0.8955,16172
1754643600,0.89549,0.89736,0.89516,0.89658,16294
1754658000,0.89655,0.89794,0.89647,0.89727,19991
1754672400,0.89729,0.89777,0.89657,0.89659,12464
1754859600,0.8962,0.89715,0.89598,0.89652,8437
1754874000,0.89647,0.89738,0.89625,0.89711,14212
1754888400,0.89713,0.89784,0.89679,0.89757,15333
1754902800,0.89754,0.89796,0.89655,0.89715,16378
1754917200,0.89717,0.89808,0.89653,0.89758,20166
1754931600,0.89759,0.89775,0.89701,0.8973,11917
1754946000,0.89642,0.89844,0.89622,0.89805,8095
1754960400,0.89794,0.8987,0.89596,0.89736,16231
1754974800,0.89734,0.89763,0.89482,0.89526,20807
1754989200,0.89526,0.89704,0.89468,0.89636,20219
1755003600,0.89636,0.89958,0.89512,0.89877,30877
1755018000,0.89877,0.89983,0.89849,0.89915,12448
1755032400,0.8983,0.89945,0.89804,0.89904,8512
1755046800,0.899,0.90008,0.89795,0.89975,14687
1755061200,0.89972,0.90197,0.89932,0.90153,17874
1755075600,0.90153,0.90249,0.90069,0.90122,16570
1755090000,0.90121,0.9022,0.90074,0.90101,20732
1755104400,0.90101,0.90115,0.90038,0.9005,11294
1755118800,0.89957,0.90133,0.89948,0.901,9198
1755133200,0.90102,0.90279,0.90079,0.90115,16039
1755147600,0.90117,0.90154,0.89913,0.8992,19803
1755162000,0.89919,0.89979,0.89727,0.89741,19747
1755176400,0.89737,0.89751,0.89535,0.89617,26664
1755190800,0.89614,0.89764,0.89613,0.8973,12585
1755205200,0.89625,0.89802,0.89594,0.89742,9149
1755219600,0.89746,0.89792,0.89611,0.89722,15031
1755234000,0.89719,0.89851,0.89705,0.89808,15346
1755248400,0.89805,0.89883,0.89735,0.8987,17578
1755262800,0.89873,0.90038,0.89864,0.8992,22964
1755277200,0.89919,0.89925,0.89835,0.89925,10856
1755464400,0.89882,0.89985,0.89786,0.89928,9096
1755478800,0.89926,0.90016,0.89918,0.89988,13405
1755493200,0.89987,0.90033,0.89815,0.89868,16274
1755507600,0.89869,0.89899,0.89707,0.89743,14564
1755522000,0.89742,0.89805,0.89618,0.89625,18862
1755536400,0.89627,0.89674,0.89585,0.8959,8752
1755550800,0.895,0.89678,0.8947,0.89675,8276
1755565200,0.89676,0.89695,0.89575,0.89607,14984
1755579600,0.89608,0.89652,0.8947,0.89603,17710
1755594000,0.89603,0.89747,0.896,0.89701,16361
1755608400,0.89698,0.89709,0.89482,0.89502,21086
1755622800,0.89502,0.89502,0.89414,0.89495,10554
1755637200,0.89425,0.89514,0.89398,0.89468,12095
1755651600,0.89466,0.89499,0.89234,0.89367,18460
1755666000,0.8937,0.89455,0.89182,0.89296,18384
1755680400,0.89294,0.89344,0.89204,0.89288,15054
1755694800,0.89288,0.89318,0.89083,0.89239,22123
1755709200,0.8924,0.89287,0.8917,0.8925,12385
1755723600,0.89185,0.89294,0.8913,0.89194,9274
1755738000,0.89193,0.89258,0.89086,0.89092,15272
1755752400,0.89097,0.89165,0.89034,0.89142,17937
1755766800,0.8914,0.89274,0.89132,0.89195,18018
1755781200,0.89198,0.89339,0.89174,0.89236,24505
1755795600,0.89235,0.89313,0.89232,0.89295,11524
1755810000,0.89231,0.8937,0.89208,0.89349,7733
1755824400,0.89346,0.89426,0.89297,0.89311,13491
1755838800,0.89312,0.8946,0.8927,0.89428,13254
1755853200,0.89429,0.89451,0.89282,0.89363,13711
1755867600,0.89362,0.89914,0.89359,0.89741,30599
1755882000,0.89743,0.8978,0.89662,0.8974,12927
1756069200,0.89617,0.89767,0.896,0.89702,9790
1756083600,0.897,0.89806,0.89586,0.89775,12788
1756098000,0.89776,0.89912,0.89742,0.89814,14260
1756112400,0.8981,0.89841,0.8971,0.89734,13206
1756126800,0.89732,0.89933,0.89713,0.89866,18410
1756141200,0.89865,0.89869,0.8978,0.89845,11917
1756155600,0.89746,0.89931,0.89699,0.89852,12459
1756170000,0.89852,0.8989,0.89671,0.89765,16529
1756184400,0.89764,0.89824,0.8969,0.89747,18907
1756198800,0.8975,0.89885,0.89743,0.89803,16385
1756213200,0.89803,0.89883,0.89751,0.89833,19934
1756227600,0.89834,0.89881,0.89816,0.89867,10034
1756242000,0.89756,0.89883,0.89736,0.89816,6904
1756256400,0.89819,0.89944,0.89751,0.89762,13475
1756270800,0.89762,0.89819,0.89572,0.89607,15710
1756285200,0.89605,0.89672,0.8952,0.89633,16066
1756299600,0.89634,0.89844,0.89601,0.89807,20797
1756314000,0.89806,0.8984,0.89668,0.8972,13542
1756328400,0.89619,0.89757,0.89592,0.89737,8336
1756342800,0.89736,0.89794,0.89692,0.89711,14780
1756357200,0.89712,0.89801,0.8967,0.89794,16083
1756371600,0.89795,0.89877,0.89761,0.89818,18241
1756386000,0.89818,0.89881,0.89758,0.89817,23308
1756400400,0.89816,0.89843,0.89766,0.89795,10224
1756414800,0.89677,0.89853,0.89665,0.89838,8772
1756429200,0.89839,0.89945,0.89791,0.89932,15594
1756443600,0.89933,0.89938,0.89776,0.89807,14695
1756458000,0.89805,0.8991,0.89717,0.89906,15662
1756472400,0.89907,0.89961,0.8981,0.89887,23120
1756486800,0.89887,0.89927,0.89791,0.8982,10590
1756674000,0.89815,0.89943,0.89743,0.8993,7091
1756688400,0.89929,0.89945,0.89815,0.89888,14525
1756702800,0.89886,0.90091,0.89862,0.90084,16083
1756717200,0.90082,0.90114,0.90018,0.90105,13017
1756731600,0.90103,0.90189,0.90052,0.9014,12990
1756746000,0.90139,0.90141,0.901,0.90109,3198
1756760400,0.90005,0.9016,0.89993,0.9008,8434
1756774800,0.9008,0.90085,0.89917,0.89933,14129
1756789200,0.89936,0.89955,0.89552,0.89688,20840
1756803600,0.89686,0.89786,0.89552,0.89574,22816
1756818000,0.89575,0.89984,0.8953,0.89805,27571
1756832400,0.89807,0.89889,0.89796,0.89865,12498
1756846800,0.8971,0.89869,0.89668,0.89837,6749
1756861200,0.89838,0.89959,0.89807,0.89934,14106
1756875600,0.89933,0.90064,0.89765,0.90046,18836
1756890000,0.90048,0.90248,0.90011,0.90247,17890
1756904400,0.90249,0.90323,0.90181,0.90312,23545
1756918800,0.90307,0.90368,0.90234,0.90245,12914
1756933200,0.90061,0.90342,0.90061,0.90321,7254
1756947600,0.9032,0.9032,0.90124,0.90129,12972
1756962000,0.90126,0.90153,0.90062,0.9013,15105
1756976400,0.90128,0.90132,0.89966,0.90076,16899
1756990800,0.90076,0.9011,0.89935,0.90038,22765
1757005200,0.9004,0.90103,0.90021,0.90045,10864
1757019600,0.89952,0.90137,0.89915,0.90126,7643
1757034000,0.90133,0.90173,0.90114,0.90143,9827
1757048400,0.90144,0.90285,0.90137,0.90255,13711
1757062800,0.90257,0.90751,0.90117,0.90718,16883
1757077200,0.90715,0.90955,0.90636,0.90797,30918
1757091600,0.90798,0.90837,0.90618,0.90621,15029
1757278800,0.90566,0.90734,0.90531,0.90718,11088
1757293200,0.90725,0.90835,0.90679,0.9078,16216
1757307600,0.90779,0.91002,0.90756,0.90969,16674
1757322000,0.90968,0.9101,0.90905,0.90969,14886
1757336400,0.90972,0.91084,0.90945,0.91043,19744
1757350800,0.91042,0.91077,0.90973,0.9098,10746
1757365200,0.90826,0.91083,0.90826,0.91047,7684
1757379600,0.91042,0.91195,0.91012,0.91194,11892
1757394000,0.91191,0.91282,0.91117,0.91237,17180
1757408400,0.91237,0.91349,0.91183,0.91195,14691
1757422800,0.91194,0.91293,0.91068,0.91157,23386
1757437200,0.91161,0.91238,0.91135,0.91145,10624
1757451600,0.9114,0.91282,0.9107,0.91279,7691
1757466000,0.9128,0.91529,0.91206,0.91522,14110
1757480400,0.91519,0.91553,0.91389,0.91427,17471
1757494800,0.91426,0.91699,0.91425,0.91591,17606
1757509200,0.91589,0.9182,0.91543,0.91721,22872
1757523600,0.91719,0.91817,0.91662,0.91663,11135
1757538000,0.91627,0.91746,0.91595,0.91672,6660
1757552400,0.91673,0.9177,0.9164,0.91679,10316
1757566800,0.91677,0.91781,0.91603,0.91724,15961
1757581200,0.91723,0.91824,0.91506,0.91761,20198
1757595600,0.91763,0.92147,0.91763,0.92106,26576
1757610000,0.92105,0.92209,0.92079,0.9212,12785
1757624400,0.92045,0.9227,0.92029,0.92263,8600
1757638800,0.92262,0.92271,0.92138,0.92157,12193
1757653200,0.92158,0.9222,0.91997,0.92024,16425
1757667600,0.92022,0.92075,0.91868,0.919,16413
1757682000,0.91893,0.92029,0.91885,0.92001,20970
1757696400,0.91999,0.9209,0.91996,0.92024,11672
1757883600,0.91726,0.92066,0.91726,0.92065,7076
1757898000,0.92066,0.92217,0.9205,0.92194,10401
1757912400,0.92194,0.92229,0.92056,0.9213,15240
1757926800,0.92127,0.92166,0.92007,0.92157,15630
1757941200,0.92155,0.92168,0.91937,0.9198,20229
1757955600,0.91978,0.92002,0.91852,0.91895,13495
1757970000,0.91735,0.91935,0.91701,0.9184,7755
1757984400,0.91842,0.91886,0.9172,0.91742,11917
1757998800,0.91739,0.91844,0.91716,0.91775,16140
1758013200,0.91777,0.9185,0.91625,0.91733,16865
1758027600,0.91731,0.91842,0.91624,0.9183,22468
1758042000,0.9183,0.91894,0.9182,0.91829,11232
1758056400,0.9173,0.91904,0.9168,0.91836,6413
1758070800,0.91833,0.91858,0.91738,0.9179,7611
1758085200,0.91791,0.9182,0.91729,0.91765,11144
1758099600,0.91765,0.91899,0.91713,0.91871,11894
1758114000,0.91871,0.91958,0.91674,0.91689,16266
1758128400,0.91689,0.92065,0.91549,0.9162,29701
1758142800,0.91496,0.91674,0.91495,0.9155,9064
1758157200,0.91551,0.91614,0.9137,0.91396,12134
1758171600,0.91395,0.91546,0.91277,0.91471,17359
1758186000,0.9147,0.9168,0.914,0.91406,19918
1758200400,0.91404,0.91435,0.91212,0.91336,28057
1758214800,0.91336,0.91348,0.91162,0.91205,13004
1758229200,0.91186,0.91284,0.91161,0.91214,9311
1758243600,0.91211,0.91251,0.91094,0.91115,15590
1758258000,0.91116,0.91263,0.91019,0.9123,20146
1758272400,0.91232,0.91284,0.9103,0.91034,16904
1758286800,0.91034,0.91157,0.9077,0.90865,23621
1758301200,0.90864,0.90943,0.90788,0.9083,11833
1758488400,0.90788,0.90916,0.9074,0.90784,8135
1758502800,0.90783,0.91001,0.90761,0.90993,12953
1758517200,0.90992,0.91045,0.90782,0.91035,17038
1758531600,0.91034,0.91101,0.91024,0.91031,15415
1758546000,0.9103,0.91171,0.90861,0.91161,20558
1758560400,0.91164,0.91255,0.91148,0.91177,10816
1758574800,0.91117,0.9127,0.91092,0.91211,7040
1758589200,0.91212,0.91216,0.91022,0.9104,12739
1758603600,0.91036,0.91307,0.91017,0.9127,17695
1758618000,0.91274,0.91407,0.91253,0.91304,15888
1758632400,0.91303,0.91382,0.9124,0.91298,22287
1758646800,0.91298,0.9135,0.9127,0.91294,14779
1758661200,0.91168,0.91332,0.91166,0.91284,8811
1758675600,0.91286,0.91671,0.91243,0.91644,15198
1758690000,0.91643,0.91769,0.91586,0.91653,15750
1758704400,0.91654,0.91746,0.91463,0.91496,15868
1758718800,0.91499,0.91615,0.91425,0.91449,25032
1758733200,0.9145,0.91524,0.91438,0.91465,11983
1758747600,0.91357,0.91596,0.91353,0.9158,8327
1758762000,0.91578,0.91644,0.91475,0.91606,11748
1758776400,0.91608,0.91699,0.91521,0.91663,16398
1758790800,0.91663,0.9173,0.91173,0.91222,18908
1758805200,0.91217,0.91242,0.91058,0.91165,27249
1758819600,0.91161,0.9118,0.91015,0.91149,14946
1758834000,0.90995,0.91182,0.90928,0.91117,10481
1758848400,0.91119,0.912,0.91077,0.91153,12138
1758862800,0.91154,0.91225,0.91017,0.91089,16103
1758877200,0.91081,0.91129,0.90996,0.91105,17115
1758891600,0.91108,0.91312,0.91072,0.91261,26313
1758906000,0.9126,0.91318,0.91225,0.91239,12010
1759093200,0.91193,0.91338,0.91157,0.91318,8972
1759107600,0.91314,0.91497,0.91228,0.91476,12708
1759122000,0.91477,0.91515,0.91386,0.91431,15975
1759136400,0.91432,0.91547,0.91376,0.91482,15135
1759150800,0.91481,0.91583,0.91429,0.91487,22348
1759165200,0.91488,0.91588,0.91467,0.91505,10344
1759179600,0.91419,0.91584,0.91401,0.91579,8733
1759194000,0.91576,0.91942,0.9153,0.91917,15262
1759208400,0.91911,0.91971,0.91554,0.91941,20664
1759222800,0.91939,0.92075,0.91883,0.92035,16047
1759237200,0.92034,0.92219,0.91988,0.92147,24328
1759251600,0.92146,0.92162,0.92031,0.9204,12073
1759266000,0.91956,0.92119,0.91919,0.91976,9714
1759280400,0.91977,0.91981,0.91785,0.91878,11078
1759294800,0.9188,0.92118,0.91805,0.92055,20263
1759309200,0.92055,0.9225,0.92047,0.92202,20987
1759323600,0.922,0.92232,0.92057,0.92175,26380
1759338000,0.92174,0.92266,0.92145,0.92155,11879
1759352400,0.9205,0.92208,0.9205,0.9211,7023
1759366800,0.92114,0.92274,0.92064,0.92265,10259
1759381200,0.92266,0.92308,0.92152,0.92254,16246
1759395600,0.92256,0.92262,0.92053,0.92059,15885
1759410000,0.92058,0.92094,0.91947,0.92076,24294
1759424400,0.92076,0.92128,0.92039,0.92104,10835
1759438800,0.92026,0.92194,0.92016,0.92169,7132
1759453200,0.92168,0.92197,0.92052,0.92054,12096
1759467600,0.92055,0.92248,0.92014,0.92226,15637
1759482000,0.92227,0.92263,0.92136,0.92156,14796
1759496400,0.92156,0.92238,0.92088,0.92173,22999
1759510800,0.92169,0.92183,0.92058,0.92088,13492
1759698000,0.91789,0.92111,0.91777,0.92085,15246
1759712400,0.92087,0.92226,0.9203,0.92121,12312
1759726800,0.9212,0.92277,0.92004,0.9206,21115
1759741200,0.92055,0.92282,0.9197,0.9228,18783
1759755600,0.92279,0.92424,0.92261,0.92301,19866
1759770000,0.92301,0.92337,0.92245,0.92255,10294
1759784400,0.92195,0.92324,0.92151,0.92184,9323
1759798800,0.92185,0.92382,0.92139,0.92214,11115
1759813200,0.92213,0.92223,0.91905,0.91978,17213
1759827600,0.91976,0.92038,0.91873,0.91908,15835
1759842000,0.9191,0.92027,0.91846,0.91878,24468
1759856400,0.91877,0.91958,0.9179,0.9179,14832
1759870800,0.91772,0.91879,0.91735,0.91769,9119
1759885200,0.91765,0.91836,0.91587,0.9165,16742
1759899600,0.91651,0.91715,0.91524,0.91543,17530
1759914000,0.91541,0.91738,0.91524,0.91703,16980
1759928400,0.91702,0.9191,0.91699,0.91837,21465
1759942800,0.91837,0.91949,0.91804,0.91894,12452
1759957200,0.91751,0.9198,0.91751,0.9196,8761
1759971600,0.91959,0.92084,0.91871,0.92045,13314
1759986000,0.92045,0.92084,0.917,0.9181,19886
1760000400,0.91812,0.92143,0.91808,0.92104,17912
1760014800,0.92101,0.9216,0.91753,0.91806,31609
1760029200,0.91801,0.919,0.91755,0.91897,16407
1760043600,0.91807,0.92051,0.91783,0.92036,9209
1760058000,0.92041,0.92121,0.92014,0.92033,12396
1760072400,0.92031,0.92069,0.91823,0.91916,19149
1760086800,0.91915,0.91923,0.91639,0.91664,18454
1760101200,0.91664,0.91699,0.90774,0.90835,35937
1760115600,0.90834,0.90922,0.90649,0.90683,22776
1760302800,0.91067,0.91165,0.90843,0.91155,19248
1760317200,0.91156,0.91341,0.91144,0.91266,16128
1760331600,0.91269,0.9137,0.91178,0.91298,22031
1760346000,0.913,0.91344,0.91125,0.91202,19030
1760360400,0.91203,0.9154,0.91199,0.9153,25371
1760374800,0.91527,0.91541,0.91417,0.91438,11007
1760389200,0.91303,0.91525,0.91295,0.91498,9836
1760403600,0.91501,0.9151,0.90945,0.90998,18241
1760418000,0.90997,0.91002,0.907,0.90788,27259
1760432400,0.90787,0.90848,0.90624,0.90714,22908
1760446800,0.90713,0.91197,0.90624,0.91159,31367
1760461200,0.91155,0.91197,0.90968,0.91079,17982
1760475600,0.90994,0.91231,0.90985,0.91231,9962
1760490000,0.91229,0.91491,0.9118,0.91432,15798
1760504400,0.91434,0.91561,0.91392,0.91521,18226
1760518800,0.91522,0.91571,0.91434,0.91444,18217
1760533200,0.91445,0.91505,0.91349,0.91405,29011
1760547600,0.914,0.91463,0.91217,0.9142,19630
1760562000,0.9126,0.9148,0.90953,0.91084,11594
1760576400,0.91088,0.91263,0.9093,0.91077,18102
1760590800,0.91078,0.91383,0.91047,0.91325,21554
1760605200,0.91326,0.91409,0.91273,0.91326,19132
1760619600,0.91328,0.9134,0.90972,0.91143,32082
1760634000,0.91141,0.91186,0.90939,0.9112,22082
1760648400,0.9109,0.91178,0.90958,0.9103,9811
1760662800,0.91029,0.91123,0.90765,0.90895,15123
1760677200,0.90896,0.90963,0.90599,0.90754,24392
1760691600,0.90753,0.91203,0.90724,0.90898,26170
1760706000,0.90894,0.91151,0.90861,0.91035,29168
1760720400,0.91034,0.91126,0.90987,0.91062,16979
1760907600,0.90926,0.91168,0.90899,0.91159,9776
1760922000,0.91158,0.91255,0.91064,0.91105,11283
1760936400,0.91105,0.91197,0.9107,0.91163,16529
1760950800,0.91164,0.91203,0.91031,0.91182,17331
1760965200,0.91185,0.91483,0.91172,0.91381,19733
1760979600,0.9138,0.91451,0.91374,0.91426,9148
1760994000,0.9136,0.91543,0.91315,0.91536,6709
1761008400,0.91532,0.91534,0.91328,0.91366,12635
1761022800,0.9137,0.91374,0.91084,0.91186,19994
1761037200,0.91185,0.91244,0.90942,0.91109,19818
1761051600,0.91109,0.91114,0.90856,0.90987,26366
1761066000,0.90984,0.90996,0.90933,0.9097,11877
1761080400,0.90944,0.91028,0.90882,0.90887,9250
1761094800,0.90882,0.91037,0.90845,0.91003,12096
1761109200,0.91005,0.91132,0.90956,0.90974,18201
1761123600,0.90971,0.91023,0.90928,0.90983,18254
1761138000,0.90984,0.91014,0.90664,0.9079,27603
1761152400,0.90792,0.90825,0.90653,0.90805,16983
1761166800,0.90701,0.90814,0.9069,0.90811,7916
1761181200,0.90814,0.90861,0.907,0.90768,12123
1761195600,0.90764,0.91107,0.90755,0.91069,15262
1761210000,0.91074,0.91134,0.90944,0.91014,14515
1761224400,0.91016,0.91187,0.90983,0.91135,20664
1761238800,0.91135,0.91193,0.91052,0.91111,10171
1761253200,0.90985,0.91151,0.90985,0.9111,6626
1761267600,0.91105,0.91173,0.9102,0.91092,11849
1761282000,0.91091,0.91179,0.91011,0.91067,15709
1761296400,0.91065,0.91438,0.91042,0.91372,16300
1761310800,0.91374,0.91381,0.91145,0.91175,23910
1761325200,0.91173,0.91222,0.9111,0.91152,9076
1761512400,0.91522,0.91596,0.91324,0.91337,12798
1761526800,0.91335,0.91442,0.91305,0.91377,13461
1761541200,0.91377,0.916,0.91318,0.91592,16008
1761555600,0.91591,0.91668,0.91517,0.91655,17433
1761570000,0.91654,0.91772,0.91599,0.91757,20936
1761584400,0.91756,0.91783,0.9168,0.91706,10164
1761598800,0.91685,0.91766,0.91626,0.9171,8249
1761613200,0.91704,0.91784,0.91668,0.91771,13220
1761627600,0.91774,0.91788,0.91621,0.9167,15659
1761642000,0.91667,0.91807,0.91662,0.91754,14930
1761656400,0.91755,0.91863,0.91659,0.9185,21465
1761670800,0.91849,0.91887,0.91753,0.91824,9895
1761685200,0.91785,0.92062,0.9169,0.91957,10045
1761699600,0.91956,0.91994,0.91836,0.91961,13201
1761714000,0.9196,0.92152,0.91943,0.91969,16407
1761728400,0.91968,0.92033,0.91815,0.91901,15880
1761742800,0.91898,0.9202,0.91751,0.91894,21059
1761757200,0.91892,0.91919,0.91482,0.91657,28854
1761771600,0.91565,0.91786,0.91543,0.91775,9750
1761786000,0.91773,0.91888,0.91642,0.9183,22305
1761800400,0.91826,0.91874,0.91658,0.91707,22304
1761814800,0.91705,0.9174,0.91517,0.91532,20066
1761829200,0.91528,0.91718,0.91455,0.91635,28983
1761843600,0.91633,0.91676,0.91568,0.9165,15252
1761858000,0.91642,0.91712,0.91567,0.9167,8091
1761872400,0.91669,0.91701,0.91572,0.91607,13660
1761886800,0.91608,0.91621,0.91491,0.91618,15580
1761901200,0.9161,0.91759,0.91559,0.91692,16577
1761915600,0.91693,0.91818,0.91625,0.91679,26964
1761930000,0.91679,0.91768,0.91612,0.91684,14203
1762120800,0.91623,0.91798,0.91587,0.91739,10302
1762135200,0.91741,0.9193,0.91709,0.91881,9589
1762149600,0.91881,0.91969,0.9178,0.91906,14471
1762164000,0.91905,0.91987,0.91868,0.91945,13570
1762178400,0.91941,0.9198,0.91724,0.91861,21470
1762192800,0.91861,0.91937,0.91852,0.91893,9048
1762207200,0.9183,0.91941,0.9182,0.91904,9989
1762221600,0.91906,0.91906,0.91595,0.91606,16398
1762236000,0.91611,0.91678,0.91372,0.91385,21535
1762250400,0.91383,0.91514,0.91355,0.91409,16147
1762264800,0.9141,0.91592,0.91343,0.91486,22356
1762279200,0.91484,0.91535,0.91403,0.915,14046
1762293600,0.91471,0.91555,0.91184,0.91274,13574
1762308000,0.91272,0.91686,0.91257,0.91576,16300
1762322400,0.91575,0.91675,0.91541,0.91559,15518
1762336800,0.9156,0.91698,0.91494,0.9166,16268
1762351200,0.91658,0.91904,0.91631,0.91844,24724
1762365600,0.91843,0.91875,0.91738,0.91785,9175
1762380000,0.91708,0.91819,0.91624,0.91807,10811
1762394400,0.91806,0.91894,0.91738,0.91764,10839
1762408800,0.91763,0.91852,0.91706,0.91819,15713
1762423200,0.9182,0.91852,0.91701,0.91745,17219
1762437600,0.91741,0.91752,0.91317,0.91436,30650
1762452000,0.91433,0.91521,0.91392,0.91447,15781
1762466400,0.91421,0.9155,0.91336,0.9148,12569
1762480800,0.91484,0.91554,0.91348,0.91503,12369
1762495200,0.91503,0.91609,0.91451,0.91502,15402
1762509600,0.91501,0.91552,0.912,0.91233,20063
1762524000,0.91232,0.91268,0.91045,0.9112,29371
1762538400,0.91121,0.91241,0.91064,0.91207,15696
1762725600,0.91235,0.91483,0.91113,0.91438,15596
1762740000,0.91434,0.91564,0.91389,0.91544,16653
1762754400,0.91544,0.91605,0.91467,0.91594,16774
1762768800,0.91596,0.91608,0.9146,0.91483,14873
1762783200,0.91484,0.91665,0.91394,0.91642,21695
1762797600,0.91642,0.91676,0.9162,0.91639,9673
1762812000,0.91552,0.91656,0.9153,0.91632,9591
1762826400,0.91632,0.91657,0.9147,0.9147,11419
1762840800,0.91471,0.9155,0.91421,0.91479,15009
1762855200,0.91478,0.9158,0.9147,0.91529,15873
1762869600,0.91529,0.91556,0.91359,0.91443,21630
1762884000,0.91443,0.91506,0.91437,0.91495,10373
1762898400,0.9135,0.91534,0.91326,0.9144,10268
1762912800,0.91438,0.91488,0.91345,0.9147,12192
1762927200,0.9147,0.91665,0.91468,0.91577,15779
1762941600,0.91578,0.9167,0.91544,0.9162,15731
1762956000,0.91618,0.9164,0.91514,0.91572,23767
1762970400,0.91572,0.91635,0.91569,0.91615,12004
1762984800,0.9156,0.91935,0.9152,0.91855,12798
1762999200,0.91853,0.91931,0.91776,0.9186,12186
1763013600,0.91857,0.92053,0.9183,0.91951,18112
1763028000,0.91953,0.91961,0.91711,0.91782,18090
1763042400,0.91784,0.91863,0.91594,0.91824,30044
1763056800,0.91825,0.91841,0.91549,0.91628,21060
1763071200,0.9152,0.91751,0.9152,0.91708,12616
1763085600,0.91709,0.91829,0.91606,0.91697,14588
1763100000,0.91698,0.91714,0.91511,0.91523,21198
1763114400,0.91521,0.91576,0.91335,0.91494,23340
1763128800,0.91497,0.91847,0.91449,0.91752,31463
1763143200,0.91748,0.91759,0.91614,0.91648,18939
1763330400,0.91526,0.91641,0.91462,0.91468,13334
1763344800,0.91466,0.91543,0.91399,0.91509,12393
1763359200,0.9151,0.91636,0.9144,0.91457,17097
1763373600,0.91456,0.9151,0.91328,0.91386,19867
1763388000,0.91385,0.91428,0.91231,0.91301,27206
1763402400,0.913,0.91314,0.91105,0.9126,20100
1763416800,0.91177,0.91314,0.91087,0.91188,12076
1763431200,0.91191,0.91271,0.90902,0.91059,18598
1763445600,0.91058,0.91226,0.90978,0.91171,21816
1763460000,0.91169,0.91257,0.9113,0.91149,21192
1763474400,0.91148,0.9121,0.90875,0.90989,36300
1763488800,0.90994,0.91138,0.90978,0.91028,21266
1763503200,0.90965,0.91062,0.90851,0.90874,11527
1763517600,0.90877,0.90933,0.90669,0.90817,16478
1763532000,0.90815,0.90895,0.90706,0.90808,18958
1763546400,0.9081,0.90919,0.90766,0.90881,20042
1763560800,0.9088,0.90954,0.90704,0.90802,32257
1763575200,0.90801,0.91046,0.9078,0.9102,21282
1763589600,0.90934,0.91145,0.90913,0.91057,11545
1763604000,0.91054,0.91182,0.91003,0.91079,14719
1763618400,0.91076,0.91117,0.90976,0.91075,18604
1763632800,0.91073,0.91274,0.90916,0.91182,20738
1763647200,0.91183,0.91319,0.90782,0.90876,39100
1763661600,0.90877,0.91045,0.90763,0.90765,26610
1763676000,0.90748,0.90953,0.90698,0.90922,14885
1763690400,0.90925,0.90961,0.90757,0.90838,18134
1763704800,0.90841,0.90922,0.90702,0.90703,23686
1763719200,0.907,0.90873,0.90561,0.90861,28602
1763733600,0.90861,0.9103,0.90701,0.9096,36519
1763748000,0.9096,0.91055,0.90901,0.9102,20534
1763935200,0.90993,0.91147,0.9094,0.90989,11890
1763949600,0.90991,0.91106,0.90968,0.91087,12760
1763964000,0.91087,0.91148,0.90921,0.90981,16764
1763978400,0.90982,0.91096,0.90927,0.91011,15812
1763992800,0.91007,0.91173,0.90915,0.91153,22555
1764007200,0.91152,0.91232,0.91139,0.9118,9442
1764021600,0.91091,0.91248,0.91066,0.91175,9109
1764036000,0.91176,0.91218,0.9107,0.91161,11503
1764050400,0.91156,0.91184,0.91065,0.91157,14733
1764064800,0.91155,0.91259,0.91011,0.91139,19569
1764079200,0.91137,0.91265,0.90847,0.91206,29430
1764093600,0.91208,0.91246,0.91167,0.912,12709
1764108000,0.91124,0.91489,0.91107,0.9142,13695
1764122400,0.91415,0.91603,0.91394,0.91561,15279
1764136800,0.9156,0.91625,0.91376,0.91524,18550
1764151200,0.91525,0.91593,0.91387,0.91491,22148
1764165600,0.91494,0.91581,0.91442,0.91494,23345
1764180000,0.91495,0.9154,0.9147,0.91535,10503
1764194400,0.91469,0.91651,0.91438,0.91643,10250
1764208800,0.91644,0.91727,0.91588,0.91661,12443
1764223200,0.9166,0.91665,0.91546,0.9163,15516
1764237600,0.9163,0.91683,0.91589,0.91648,12927
1764252000,0.91648,0.91678,0.91591,0.91621,9607
1764266400,0.9162,0.91646,0.91592,0.91641,3606
1764280800,0.91622,0.91755,0.91519,0.91705,10242
1764295200,0.91702,0.91757,0.91573,0.91635,39633
1764309600,0.91635,0.91663,0.91528,0.91595,40948
1764324000,0.91588,0.91656,0.91387,0.91472,41208
1764338400,0.91471,0.91563,0.91318,0.91546,23611
1764352800,0.91547,0.91564,0.91417,0.91433,20328
1764540000,0.91331,0.91575,0.91307,0.9154,13895
1764554400,0.91541,0.91555,0.91437,0.91489,13635
1764568800,0.91488,0.91616,0.91463,0.91594,18409
1764583200,0.91596,0.91652,0.91505,0.91594,18139
1764597600,0.91596,0.91662,0.91464,0.91612,24996
1764612000,0.91614,0.91637,0.91551,0.91585,12362
1764626400,0.91531,0.91649,0.91479,0.91636,8280
1764640800,0.91634,0.91754,0.91617,0.91724,8824
1764655200,0.91726,0.91779,0.91693,0.91724,12272
1764669600,0.91723,0.91858,0.91659,0.91856,14342
1764684000,0.91855,0.91897,0.91672,0.91674,24692
1764698400,0.91665,0.91785,0.91645,0.917,13313
1764712800,0.916,0.91859,0.91559,0.91812,10629
1764727200,0.91814,0.91986,0.91778,0.91975,9183
1764741600,0.91973,0.91985,0.91801,0.91842,14065
1764756000,0.9184,0.91937,0.9182,0.91904,15318
1764770400,0.91907,0.9204,0.91739,0.91974,26310
1764784800,0.91975,0.92112,0.91971,0.92085,10146
1764799200,0.91976,0.92243,0.91971,0.92223,9841
1764813600,0.92222,0.92336,0.92201,0.92286,13257
1764828000,0.92286,0.92388,0.92242,0.92341,17077
1764842400,0.9234,0.92373,0.92219,0.92281,18178
1764856800,0.92284,0.92357,0.9219,0.92248,25116
1764871200,0.92247,0.92297,0.92217,0.92235,14147
1764885600,0.9222,0.92292,0.92154,0.9226,7246
1764900000,0.92261,0.92382,0.9225,0.92367,9009
1764914400,0.92367,0.92512,0.9235,0.92455,13915
1764928800,0.92454,0.92569,0.92223,0.92229,15309
1764943200,0.92229,0.92246,0.91838,0.91854,25461
1764957600,0.91854,0.91894,0.91744,0.91755,14015
1765144800,0.91679,0.91863,0.91596,0.9183,13887
1765159200,0.91831,0.91875,0.91778,0.91836,10900
1765173600,0.91834,0.91855,0.91678,0.91732,16899
1765188000,0.9173,0.91761,0.91572,0.9165,16486
1765202400,0.91655,0.91745,0.91497,0.9174,24176
1765216800,0.91744,0.91793,0.91699,0.91785,13351
1765231200,0.91679,0.91783,0.91678,0.91756,9450
1765245600,0.91757,0.92046,0.91544,0.92001,16049
1765260000,0.92003,0.92038,0.91919,0.9196,17022
1765274400,0.91961,0.91963,0.91824,0.91872,17380
1765288800,0.9187,0.92041,0.91823,0.91971,25350
1765303200,0.9197,0.91987,0.91925,0.91955,11731
1765317600,0.91855,0.92035,0.91819,0.91886,11295
1765332000,0.91889,0.92023,0.91847,0.92011,12728
1765346400,0.92008,0.9215,0.92006,0.92121,16282
1765360800,0.9212,0.92135,0.91919,0.91952,16938
1765375200,0.91951,0.92044,0.91837,0.91876,23380
1765389600,0.91877,0.92189,0.91769,0.92065,27025
1765404000,0.91971,0.92059,0.91845,0.91994,13814
1765418400,0.91994,0.92028,0.91582,0.91633,18706
1765432800,0.91632,0.91842,0.91559,0.91825,19790
1765447200,0.91829,0.91908,0.91798,0.91864,19391
1765461600,0.91865,0.9189,0.91688,0.91846,28530
1765476000,0.91845,0.9187,0.91736,0.9175,14548
1765490400,0.91729,0.9189,0.91672,0.91823,13039
1765504800,0.91821,0.91845,0.91741,0.9182,12266
1765519200,0.91819,0.91853,0.91741,0.91773,18120
1765533600,0.91771,0.91771,0.91664,0.91692,16529
1765548000,0.91693,0.9177,0.9148,0.91582,31894
1765562400,0.91584,0.9164,0.91537,0.91575,18108
1765749600,0.91386,0.91566,0.91305,0.91551,13894
1765764000,0.91553,0.9157,0.91429,0.9147,16170
1765778400,0.91466,0.91542,0.91436,0.91514,16523
1765792800,0.91509,0.91599,0.91485,0.91556,14291
1765807200,0.91548,0.91615,0.91391,0.91431,28984
1765821600,0.91431,0.91486,0.91406,0.91415,14448
1765836000,0.91355,0.91529,0.91193,0.91238,13847
1765850400,0.91238,0.91415,0.91213,0.91323,16770
1765864800,0.91324,0.9147,0.91286,0.91387,16466
1765879200,0.91386,0.91507,0.91198,0.91402,17953
1765893600,0.914,0.91447,0.91175,0.91193,31848
1765908000,0.91192,0.9126,0.91113,0.9121,19207
1765922400,0.91159,0.91265,0.91097,0.9126,12816
1765936800,0.91262,0.91264,0.91111,0.91176,15535
1765951200,0.91175,0.9123,0.91121,0.91123,18631
1765965600,0.91118,0.91313,0.91101,0.91246,16640
1765980000,0.91246,0.91277,0.91037,0.91065,28502
1765994400,0.91067,0.91118,0.90999,0.91046,15776
1766008800,0.9096,0.91069,0.90876,0.90972,12389
1766023200,0.90977,0.91,0.90877,0.90984,14266
1766037600,0.90985,0.91055,0.9096,0.91016,16877
1766052000,0.91011,0.91266,0.90983,0.91226,18172
1766066400,0.91223,0.91292,0.90983,0.91072,30706
1766080800,0.91073,0.9118,0.91047,0.91085,17653
1766095200,0.91033,0.91201,0.91012,0.91102,11112
1766109600,0.91104,0.9114,0.91054,0.91057,14221
1766124000,0.91055,0.91179,0.91035,0.91153,17327
1766138400,0.91151,0.91172,0.91028,0.91104,16158
1766152800,0.91105,0.91199,0.91058,0.91145,22560
1766167200,0.91144,0.9127,0.91139,0.91195,11348
1766354400,0.91123,0.91362,0.91062,0.9135,14374
1766368800,0.91352,0.91433,0.91333,0.91377,10717
1766383200,0.91378,0.91518,0.91375,0.91431,13930
1766397600,0.91427,0.9153,0.91402,0.91417,14272
1766412000,0.91422,0.91506,0.91404,0.91448,20032
1766426400,0.91446,0.9154,0.91399,0.91515,9859
1766440800,0.91419,0.91589,0.91384,0.91537,9527
1766455200,0.91537,0.91601,0.91529,0.91561,13890
1766469600,0.91563,0.91776,0.91556,0.91702,15897
1766484000,0.91698,0.91754,0.91556,0.91567,17074
1766498400,0.91568,0.91783,0.91551,0.91677,28288
1766512800,0.91675,0.91737,0.91664,0.91696,14057
1766527200,0.91653,0.91796,0.9165,0.91786,14010
1766541600,0.91785,0.91816,0.91698,0.91815,15432
1766556000,0.91812,0.91868,0.91735,0.91788,16638
1766570400,0.91787,0.91801,0.91665,0.91699,12772
1766584800,0.91697,0.91765,0.91663,0.91681,18641
1766599200,0.91685,0.91709,0.91624,0.91692,5927
1766700000,0.91567,0.91795,0.91544,0.91757,12998
1766714400,0.91757,0.91842,0.9171,0.9175,12682
1766728800,0.91751,0.91764,0.91605,0.91635,15252
1766743200,0.91636,0.91771,0.91626,0.91701,14247
1766757600,0.917,0.91755,0.9164,0.91697,22044
1766772000,0.91698,0.91784,0.91692,0.91759,13201
1766959200,0.9149,0.9184,0.91485,0.91795,13545
1766973600,0.91794,0.91907,0.91761,0.91821,12792
1766988000,0.91821,0.91943,0.91601,0.91695,19435
1767002400,0.91694,0.91752,0.91549,0.91611,18261
1767016800,0.91613,0.91649,0.91473,0.91565,25945
1767031200,0.91567,0.9166,0.91537,0.91615,12236
1767045600,0.91541,0.91734,0.91536,0.91731,10091
1767060000,0.91725,0.91878,0.91668,0.91874,12515
1767074400,0.91871,0.91907,0.91716,0.91736,15691
1767088800,0.91734,0.91848,0.91691,0.91726,15637
1767103200,0.91724,0.91802,0.9163,0.91726,21690
1767117600,0.91725,0.91733,0.91657,0.91695,12116
1767132000,0.91601,0.91745,0.91593,0.91671,9363
1767146400,0.91661,0.91736,0.91617,0.91645,13518
1767160800,0.91647,0.91658,0.91545,0.91565,14636
1767175200,0.91567,0.91638,0.91462,0.91536,15259
1767189600,0.91536,0.91539,0.91342,0.91524,24195
1767204000,0.91524,0.91572,0.91516,0.91535,7117
1767304800,0.91486,0.9176,0.91432,0.91745,9375
1767319200,0.91742,0.91893,0.9171,0.91833,12363
1767333600,0.91831,0.91973,0.91689,0.91911,16206
1767348000,0.9191,0.91945,0.91797,0.91886,13460
1767362400,0.91887,0.92002,0.91753,0.9185,27684
1767376800,0.91847,0.91964,0.91784,0.91901,14975
1767564000,0.91684,0.91964,0.91645,0.91842,17508
1767578400,0.91843,0.91936,0.91795,0.91907,17962
1767592800,0.91907,0.92066,0.91875,0.91971,18428
1767607200,0.91971,0.92137,0.91947,0.92136,20362
1767621600,0.92135,0.92429,0.92116,0.92364,29616
1767636000,0.92361,0.92474,0.92332,0.92464,13563
1767650400,0.92413,0.92478,0.92324,0.92431,11236
1767664800,0.9243,0.92636,0.9242,0.92587,14379
1767679200,0.92587,0.92703,0.9246,0.9248,18547
1767693600,0.92475,0.92655,0.92426,0.92632,17546
1767708000,0.92625,0.92898,0.92581,0.9288,26560
1767722400,0.92877,0.93091,0.92875,0.93089,12390
1767736800,0.93002,0.93283,0.92847,0.93245,14253
1767751200,0.93244,0.93452,0.93154,0.93271,15314
1767765600,0.93275,0.93328,0.93046,0.93074,15736
1767780000,0.93073,0.931,0.92896,0.92971,16328
1767794400,0.92971,0.93077,0.92863,0.93062,26436
1767808800,0.93062,0.93167,0.93045,0.93145,14695
1767823200,0.9312,0.93228,0.93081,0.93208,9459
1767837600,0.9321,0.93212,0.92916,0.92948,15831
1767852000,0.92948,0.93063,0.92844,0.92881,18428
1767866400,0.9288,0.92919,0.92743,0.92773,16601
1767880800,0.92769,0.9285,0.9266,0.9284,27442
1767895200,0.92836,0.9288,0.92782,0.92875,14526
1767909600,0.92835,0.92929,0.92757,0.9284,10194
1767924000,0.92839,0.92908,0.92822,0.92854,13362
1767938400,0.92853,0.92862,0.92636,0.92691,14693
1767952800,0.92689,0.92961,0.92557,0.92835,19344
1767967200,0.92833,0.92896,0.92626,0.92881,31731
1767981600,0.9288,0.93082,0.92874,0.93048,12080
1768168800,0.92869,0.93128,0.92846,0.93061,15872
1768183200,0.93057,0.93082,0.9301,0.93046,14517
1768197600,0.93044,0.93124,0.92973,0.93085,17274
1768212000,0.93086,0.93199,0.93044,0.93144,16789
1768226400,0.93143,0.9324,0.93065,0.93133,23565
1768240800,0.93133,0.93186,0.9309,0.9313,11659
1768255200,0.93074,0.93177,0.92997,0.93149,11897
1768269600,0.93146,0.93178,0.9303,0.93071,14422
1768284000,0.93067,0.93089,0.93008,0.93046,14919
1768298400,0.93047,0.93212,0.92938,0.93058,16748
1768312800,0.93057,0.93127,0.92705,0.92828,27974
1768327200,0.92828,0.92832,0.92736,0.92788,14612
1768341600,0.9277,0.92871,0.92734,0.92848,10728
1768356000,0.92851,0.93023,0.92846,0.92964,14548
1768370400,0.92965,0.93036,0.92895,0.93013,16823
1768384800,0.93011,0.93011,0.92619,0.92697,17810
1768399200,0.92697,0.92799,0.92617,0.92617,28307
1768413600,0.9262,0.92822,0.92619,0.92775,17448
1768428000,0.92638,0.9286,0.9263,0.92771,13721
1768442400,0.92773,0.92813,0.92643,0.92792,14757
1768456800,0.92792,0.93139,0.92778,0.93083,16129
1768471200,0.93083,0.93139,0.92865,0.9288,15479
1768485600,0.9288,0.9321,0.92856,0.93159,24077
1768500000,0.93158,0.93199,0.92998,0.93055,13208
1768514400,0.92989,0.93149,0.92947,0.93062,10906
1768528800,0.93063,0.93143,0.93024,0.93092,12347
1768543200,0.93092,0.93178,0.93035,0.93121,13465
1768557600,0.93122,0.93203,0.92988,0.93049,14978
1768572000,0.93046,0.93062,0.92842,0.93031,24917
1768586400,0.93029,0.93088,0.92976,0.93007,10330
1768773600,0.92796,0.93011,0.92743,0.9287,18474
1768788000,0.92868,0.93072,0.92832,0.93017,12215
1768802400,0.93018,0.93037,0.92938,0.92991,16820
1768816800,0.92992,0.93123,0.92987,0.93094,13034
1768831200,0.93093,0.93131,0.9302,0.93129,13606
1768845600,0.93128,0.9313,0.93091,0.93105,3695
1768860000,0.92998,0.93139,0.92997,0.93075,10754
1768874400,0.93073,0.93336,0.93056,0.93304,14508
1768888800,0.93306,0.93374,0.92986,0.93032,23808
1768903200,0.93028,0.93114,0.93004,0.93061,22780
1768917600,0.93062,0.93265,0.93038,0.93208,29487
1768932000,0.93208,0.93245,0.93102,0.9322,14430
1768946400,0.93114,0.93233,0.93082,0.93226,10746
1768960800,0.93223,0.93229,0.93101,0.93201,12631
1768975200,0.93202,0.93473,0.93191,0.93384,17091
1768989600,0.93383,0.9343,0.93312,0.93394,19263
1769004000,0.93393,0.93523,0.93305,0.93384,32339
1769018400,0.93384,0.93584,0.93366,0.93525,20989
1769032800,0.93467,0.93991,0.93425,0.93969,13468
1769047200,0.93968,0.94089,0.93901,0.94036,14134
1769061600,0.94037,0.94115,0.93955,0.94025,16425
1769076000,0.94027,0.94094,0.93982,0.94086,17243
1769090400,0.94085,0.94325,0.94051,0.94279,25120
1769104800,0.94281,0.94347,0.94252,0.94295,11896
1769119200,0.94266,0.94451,0.9423,0.94368,11037
1769133600,0.94368,0.94449,0.94274,0.9443,13075
1769148000,0.94431,0.94507,0.94308,0.9433,19203
1769162400,0.94329,0.94518,0.94261,0.94288,16787
1769176800,0.9429,0.94454,0.94289,0.94375,25469
1769191200,0.94374,0.94526,0.94336,0.94508,19306
1769378400,0.94787,0.94934,0.94623,0.94687,22257
1769392800,0.94688,0.94755,0.94551,0.94592,17842
1769407200,0.94592,0.94752,0.94537,0.94665,21329
1769421600,0.94666,0.94792,0.94628,0.94788,17815
1769436000,0.94785,0.95098,0.9475,0.95021,26164
1769450400,0.95021,0.95053,0.948,0.94801,16924
1769464800,0.94655,0.94908,0.94655,0.9489,11569
1769479200,0.94886,0.94983,0.94847,0.94948,14407
1769493600,0.94947,0.9503,0.94802,0.94954,16878
1769508000,0.94953,0.95095,0.94889,0.94938,20623
1769522400,0.94939,0.94957,0.94766,0.94888,28570
1769536800,0.94884,0.95238,0.94866,0.95186,21972
1769551200,0.95129,0.95456,0.95048,0.95092,20625
1769565600,0.95093,0.9516,0.94994,0.95129,18855
1769580000,0.95135,0.95254,0.94845,0.94977,25254
1769594400,0.94977,0.95092,0.94818,0.94851,22824
1769608800,0.94845,0.95056,0.94654,0.95018,33197
1769623200,0.95016,0.9547,0.94942,0.9546,26393
1769637600,0.95265,0.95486,0.95114,0.95228,19510
1769652000,0.95229,0.95902,0.95177,0.9586,23434
1769666400,0.95859,0.95864,0.95422,0.95491,24653
1769680800,0.95492,0.95567,0.95267,0.95512,23810
1769695200,0.95512,0.9561,0.9453,0.94845,45229
1769709600,0.94841,0.95128,0.94817,0.95075,24832
1769724000,0.95004,0.95138,0.94767,0.94774,20353
1769738400,0.9478,0.94784,0.94451,0.94609,28483
1769752800,0.94608,0.9477,0.94434,0.94489,30806
1769767200,0.94488,0.94921,0.94488,0.94697,31119
1769781600,0.94694,0.94995,0.94641,0.94699,42042
1769796000,0.94696,0.94861,0.94459,0.94828,33674
1769983200,0.94513,0.94924,0.94403,0.94886,32106
1769997600,0.94885,0.94925,0.94515,0.94607,33939
1770012000,0.94608,0.9495,0.94455,0.94929,33530
1770026400,0.94922,0.94981,0.9474,0.94922,29999
1770040800,0.94919,0.95242,0.94849,0.95144,37859
1770055200,0.95144,0.95149,0.94953,0.9504,20679
1770069600,0.95006,0.95331,0.94932,0.95315,15021
1770084000,0.95313,0.96043,0.95159,0.95733,26247
1770098400,0.95734,0.96251,0.95687,0.95863,28547
1770112800,0.95867,0.9593,0.95692,0.95769,23621
1770127200,0.95772,0.95819,0.95474,0.95684,36347
1770141600,0.95682,0.95821,0.95502,0.95785,27035
1770156000,0.95666,0.9593,0.9553,0.95839,15205
1770170400,0.95839,0.95909,0.9572,0.95832,16929
1770184800,0.95833,0.95992,0.95733,0.95804,20518
1770199200,0.95805,0.96011,0.95799,0.9599,21900
1770213600,0.95988,0.95995,0.95344,0.95413,41688
1770228000,0.95414,0.95673,0.95338,0.9561,26122
1770242400,0.95462,0.95723,0.95459,0.95618,14434
1770256800,0.95621,0.95626,0.95201,0.95392,27111
1770271200,0.95392,0.95615,0.95367,0.9543,23986
1770285600,0.95428,0.95569,0.95223,0.95245,27986
1770300000,0.95243,0.95379,0.94923,0.95305,43863
1770314400,0.95304,0.95337,0.94924,0.94963,26799
1770328800,0.94906,0.95051,0.94651,0.95028,22105
1770343200,0.95027,0.95226,0.95013,0.9522,22011
1770357600,0.9522,0.95473,0.95189,0.95443,21741
1770372000,0.95444,0.95566,0.95376,0.95511,20359
1770386400,0.95509,0.95815,0.95448,0.9579,30969
1770400800,0.95789,0.95885,0.95765,0.95853,13553
1770588000,0.95781,0.96105,0.95745,0.95871,19670
1770602400,0.95869,0.96052,0.95866,0.95978,13891
1770616800,0.9598,0.96061,0.95891,0.95961,20867
1770631200,0.95961,0.96085,0.95759,0.95986,22473
1770645600,0.95986,0.96274,0.95968,0.9618,26412
1770660000,0.9618,0.96234,0.96094,0.96149,14017
1770674400,0.96137,0.96176,0.95999,0.96095,13005
1770688800,0.96095,0.96098,0.95845,0.95876,12785
1770703200,0.95877,0.96002,0.95793,0.95949,14872
1770717600,0.9595,0.96006,0.95839,0.9585,16816
1770732000,0.95852,0.95999,0.95669,0.95795,29934
1770746400,0.95797,0.95903,0.95751,0.9587,15829
1770760800,0.95719,0.96108,0.95701,0.9606,11048
1770775200,0.96061,0.96379,0.96036,0.96204,14701
1770789600,0.96203,0.96245,0.96,0.96115,16237
1770804000,0.96115,0.96663,0.96036,0.9664,23011
1770818400,0.96636,0.96823,0.96561,0.96772,39964
1770832800,0.96774,0.96799,0.96647,0.96755,18610
1770847200,0.96593,0.9696,0.96575,0.96914,13072
1770861600,0.96913,0.96941,0.96602,0.96739,15470
1770876000,0.96737,0.96742,0.96523,0.96608,18401
1770890400,0.96607,0.96894,0.96564,0.96864,16434
1770904800,0.96865,0.96984,0.96532,0.96538,39983
1770919200,0.96534,0.96599,0.96434,0.96484,24165
1770933600,0.96431,0.96611,0.96379,0.96484,14154
1770948000,0.96494,0.96555,0.96288,0.96328,14513
1770962400,0.96327,0.96331,0.96053,0.96208,20776
1770976800,0.96205,0.96298,0.95987,0.96173,24107
1770991200,0.9616,0.96374,0.9602,0.96269,38727
1771005600,0.96268,0.96397,0.96224,0.9629,20648
1771192800,0.9599,0.96465,0.95968,0.96446,13923
1771207200,0.96447,0.96519,0.96375,0.965,11822
1771221600,0.96499,0.96557,0.96425,0.96462,14699
1771236000,0.96465,0.96573,0.96398,0.96518,13100
1771250400,0.96516,0.96534,0.96323,0.96452,14211
1771264800,0.96453,0.96483,0.96423,0.9643,2955
1771279200,0.9632,0.96477,0.96265,0.96292,10958
1771293600,0.96291,0.96402,0.96154,0.96315,15246
1771308000,0.96314,0.96501,0.96309,0.96494,17652
1771322400,0.96488,0.96517,0.9619,0.96305,20206
1771336800,0.96304,0.96478,0.9619,0.96433,38597
1771351200,0.96435,0.96682,0.96424,0.9662,19133
1771365600,0.96444,0.96629,0.96444,0.96548,11299
1771380000,0.9655,0.96566,0.96431,0.96499,10804
1771394400,0.96499,0.96704,0.96464,0.96646,14039
1771408800,0.96647,0.96677,0.96437,0.96441,15561
1771423200,0.96443,0.96678,0.96405,0.96635,26209
1771437600,0.96633,0.96647,0.96357,0.96441,19202
1771452000,0.96405,0.96735,0.96343,0.96729,10124
1771466400,0.96724,0.96785,0.96538,0.96635,10552
1771480800,0.96634,0.96842,0.9649,0.96529,16008
1771495200,0.96528,0.966,0.96392,0.96508,20514
1771509600,0.96508,0.96644,0.96318,0.96539,34650
1771524000,0.96538,0.96641,0.96505,0.96545,17704
1771538400,0.9648,0.96613,0.96222,0.96308,12070
1771552800,0.9631,0.96394,0.96122,0.96394,15317
1771567200,0.96391,0.96689,0.96369,0.9662,18401
1771581600,0.96622,0.96653,0.96408,0.96531,19897
1771596000,0.96528,0.96975,0.96438,0.96844,42925
1771610400,0.96842,0.96988,0.96771,0.96908,25092
1771797600,0.96722,0.97069,0.96663,0.96744,20095
1771812000,0.96744,0.96758,0.96608,0.96682,15251
1771826400,0.96683,0.9687,0.96653,0.96838,17477
1771840800,0.96837,0.96839,0.96653,0.96676,18387
1771855200,0.96675,0.96828,0.96527,0.9663,32031
1771869600,0.96629,0.96747,0.96607,0.9663,15770
1771884000,0.965,0.96764,0.965,0.96736,13416
1771898400,0.96725,0.96873,0.96715,0.96781,13804
1771912800,0.96782,0.96905,0.96746,0.9675,19152
1771927200,0.96748,0.96769,0.96449,0.9647,17287
1771941600,0.96469,0.96868,0.96424,0.9682,27928
1771956000,0.96819,0.96824,0.96669,0.96676,11745
1771970400,0.96645,0.9701,0.96645,0.96963,12412
1771984800,0.96962,0.97288,0.96959,0.97247,17515
1771999200,0.97246,0.97318,0.9702,0.9702,17480
1772013600,0.97021,0.9716,0.96939,0.97131,15935
1772028000,0.97127,0.97453,0.97088,0.97409,24244
1772042400,0.97411,0.97467,0.97336,0.974,10818
1772056800,0.97302,0.97504,0.97287,0.97415,12912
1772071200,0.97412,0.97486,0.97248,0.97472,14524
1772085600,0.97474,0.97491,0.97239,0.97352,18078
1772100000,0.97351,0.97426,0.97287,0.97314,15048
1772114400,0.97314,0.9732,0.96888,0.96942,34286
1772128800,0.96939,0.97286,0.96929,0.972,16736
1772143200,0.97124,0.97207,0.97062,0.97178,13540
1772157600,0.97178,0.97449,0.9715,0.97362,14733
1772172000,0.97361,0.97425,0.97226,0.97238,17886
1772186400,0.97234,0.97242,0.96965,0.97052,20902
1772200800,0.97054,0.97233,0.96963,0.96981,34902
1772215200,0.96982,0.9712,0.96934,0.97103,18051
1772402400,0.95948,0.96987,0.95944,0.96974,29100
1772416800,0.96977,0.97084,0.96661,0.96667,24680
1772431200,0.96666,0.96766,0.96317,0.96635,34130
1772445600,0.96634,0.96822,0.96428,0.96569,29954
1772460000,0.96567,0.97056,0.96506,0.9705,39355
1772474400,0.97051,0.97118,0.96799,0.97022,24181
1772488800,0.96891,0.97304,0.96868,0.97053,17639
1772503200,0.97052,0.97207,0.96896,0.96935,29348
1772517600,0.96941,0.97043,0.96438,0.96446,36893
1772532000,0.96448,0.96487,0.9594,0.96109,41286
1772546400,0.96111,0.96137,0.95453,0.96017,50368
1772560800,0.96019,0.96411,0.95998,0.96205,33634
1772575200,0.96165,0.96329,0.95703,0.95895,25541
1772589600,0.95898,0.96054,0.95648,0.95825,38791
1772604000,0.95821,0.96294,0.95747,0.96252,37847
1772618400,0.96249,0.96553,0.96155,0.9644,39285
1772632800,0.9644,0.96675,0.96269,0.96609,41133
1772647200,0.96609,0.96686,0.96492,0.96524,21976
1772661600,0.96464,0.9662,0.96371,0.96389,17517
1772676000,0.9639,0.96492,0.96157,0.96171,27978
1772690400,0.96171,0.96346,0.95827,0.96124,37104
1772704800,0.96122,0.9621,0.95825,0.95925,31215
1772719200,0.95922,0.96045,0.95648,0.95678,45958
1772733600,0.95676,0.95853,0.95538,0.9581,34483
1772748000,0.95779,0.96065,0.9576,0.96029,16574
1772762400,0.9603,0.96162,0.96001,0.96035,20364
1772776800,0.96036,0.96206,0.9566,0.95672,27691
1772791200,0.95676,0.95802,0.95282,0.95315,36099
1772805600,0.95316,0.95642,0.95309,0.95323,49134
1772820000,0.95321,0.95513,0.95282,0.95347,33858
1773003600,0.94929,0.95148,0.94625,0.94692,27215
1773018000,0.94692,0.94957,0.94635,0.9476,36012
1773032400,0.94761,0.95131,0.94708,0.94917,40084
1773046800,0.94918,0.95324,0.94868,0.95119,39031
1773061200,0.95129,0.95746,0.95129,0.95676,43070
1773075600,0.95675,0.96167,0.95546,0.96127,31336
1773090000,0.96078,0.9616,0.95975,0.96083,18208
1773104400,0.96074,0.96195,0.95908,0.95951,28123
1773118800,0.95952,0.96621,0.95942,0.96381,28427
1773133200,0.96383,0.96678,0.96339,0.96402,32714
1773147600,0.964,0.9706,0.964,0.97024,38176
1773162000,0.97018,0.97272,0.96615,0.96655,35373
1773176400,0.96655,0.96887,0.9658,0.96814,12241
1773190800,0.96814,0.97403,0.96788,0.97375,19798
1773205200,0.97374,0.97392,0.97052,0.9713,26471
1773219600,0.97131,0.97289,0.96967,0.9713,31736
1773234000,0.97129,0.97596,0.97129,0.97158,40153
1773248400,0.97158,0.97243,0.96958,0.972,22884
1773262800,0.97165,0.97243,0.96894,0.97071,16202
1773277200,0.97072,0.9722,0.96808,0.96813,20540
1773291600,0.96814,0.97015,0.96638,0.96927,24556
1773306000,0.96933,0.97108,0.96774,0.9697,25081
1773320400,0.96975,0.97007,0.96368,0.96577,43811
1773334800,0.96577,0.96642,0.96397,0.9648,26607
1773349200,0.9649,0.9655,0.96367,0.96527,12357
1773363600,0.96524,0.96606,0.96322,0.96365,19973
1773378000,0.96367,0.96421,0.95861,0.96148,26245
1773392400,0.9615,0.96699,0.96134,0.96681,31955
1773406800,0.96681,0.96697,0.96155,0.96208,42043
1773421200,0.9621,0.96281,0.95813,0.95849,26500
1773608400,0.95852,0.96208,0.95818,0.9616,18383
1773622800,0.9616,0.96199,0.95948,0.96069,19469
1773637200,0.96069,0.96314,0.96052,0.9619,21961
1773651600,0.96185,0.96633,0.96115,0.9653,25692
1773666000,0.9654,0.96652,0.9642,0.96481,32604
1773680400,0.96486,0.96826,0.96486,0.96763,22733
1773694800,0.96743,0.96776,0.96629,0.96652,8476
1773709200,0.96649,0.97025,0.96478,0.96783,18539
1773723600,0.96783,0.97021,0.96638,0.96957,24322
1773738000,0.9695,0.97253,0.96937,0.9725,22753
1773752400,0.97251,0.97488,0.97192,0.97304,34197
1773766800,0.97302,0.97418,0.9725,0.97255,17326
1773781200,0.97232,0.97376,0.97135,0.97305,11579
1773795600,0.97308,0.97491,0.97253,0.97467,12972
1773810000,0.97466,0.97615,0.97299,0.97352,16212
1773824400,0.9735,0.9739,0.96741,0.96745,24251
1773838800,0.96744,0.97082,0.96653,0.96984,36121
1773853200,0.96983,0.97109,0.96393,0.96435,29133
1773867600,0.96404,0.96637,0.96366,0.96637,13000
1773882000,0.96639,0.96771,0.96529,0.96599,19376
1773896400,0.96599,0.96735,0.9647,0.96706,27408
1773910800,0.96713,0.96974,0.96311,0.9633,35808
1773925200,0.96331,0.96847,0.96094,0.96731,45838
1773939600,0.96731,0.97461,0.96631,0.97361,32781
1773954000,0.9729,0.97435,0.97199,0.97292,12405
1773968400,0.97291,0.97386,0.97202,0.97324,18599
1773982800,0.97324,0.97416,0.97173,0.97193,22782
1773997200,0.97191,0.97203,0.96802,0.97017,31828
1774011600,0.9702,0.9705,0.96485,0.96523,41919
1774026000,0.96527,0.96559,0.9609,0.96359,31151
1774213200,0.95939,0.96242,0.95879,0.95963,20414
1774227600,0.95962,0.96073,0.95685,0.95724,29735
1774242000,0.95726,0.95771,0.95454,0.9568,32958
1774256400,0.95686,0.96482,0.95037,0.96286,43969
1774270800,0.96299,0.96688,0.95847,0.96116,49716
1774285200,0.96121,0.96417,0.96106,0.96202,30963
1774299600,0.96198,0.96381,0.95755,0.96014,17763
1774314000,0.96025,0.96095,0.95754,0.95825,30737
1774328400,0.95826,0.96274,0.95701,0.95733,27413
1774342800,0.95734,0.9586,0.95558,0.95603,33230
1774357200,0.95602,0.95988,0.9549,0.95925,69616
1774371600,0.95924,0.96377,0.95635,0.963,52390
1774386000,0.96257,0.96321,0.96044,0.96221,22220
1774400400,0.96212,0.96267,0.95988,0.9605,31121
1774414800,0.9605,0.96323,0.9595,0.96234,35015
1774429200,0.96234,0.96299,0.95881,0.95935,40471
1774443600,0.95938,0.96158,0.95728,0.96099,58714
1774458000,0.96099,0.96214,0.95894,0.95935,30080
1774472400,0.95924,0.95993,0.95855,0.95891,13063
1774486800,0.95891,0.96121,0.95856,0.96093,24203
1774501200,0.96095,0.96118,0.95906,0.96018,32019
1774515600,0.96018,0.96028,0.95469,0.9551,32906
1774530000,0.95514,0.95807,0.95481,0.95492,53600
1774544400,0.95491,0.95725,0.95263,0.9543,33777
1774558800,0.95408,0.95514,0.95248,0.95273,16607
1774573200,0.95272,0.9573,0.95241,0.95713,24340
1774587600,0.95713,0.95721,0.95332,0.95517,29712
1774602000,0.95515,0.95582,0.95399,0.95503,34212
1774616400,0.95504,0.95709,0.95333,0.95544,55134
1774630800,0.95543,0.95664,0.95325,0.95543,30852
1774818000,0.95221,0.95394,0.95075,0.95162,28877
1774832400,0.95163,0.95466,0.95126,0.95396,29902
1774846800,0.95397,0.95497,0.95236,0.95388,28841
1774861200,0.9539,0.95577,0.9529,0.95553,30887
1774875600,0.95553,0.95586,0.95227,0.95456,49385
1774890000,0.95458,0.95519,0.95288,0.95402,26072
1774904400,0.9529,0.95554,0.95211,0.95456,20526
1774918800,0.95454,0.95669,0.95338,0.95339,38623
1774933200,0.95339,0.95717,0.95284,0.95637,34355
1774947600,0.95639,0.9601,0.95511,0.95846,38321
1774962000,0.9585,0.96091,0.95404,0.95936,58696
1774976400,0.95939,0.96121,0.95908,0.95998,41817
1774990800,0.95871,0.96292,0.95821,0.96259,14209
1775005200,0.96259,0.96283,0.95954,0.95988,25787
1775019600,0.9599,0.96537,0.95975,0.96388,40843
1775034000,0.96391,0.9666,0.96314,0.96421,35715
1775048400,0.96422,0.96523,0.96268,0.96356,52839
1775062800,0.96358,0.96406,0.96023,0.96102,28807
1775077200,0.95942,0.96185,0.95917,0.96137,17373
1775091600,0.96138,0.96253,0.95605,0.95684,48034
1775106000,0.95684,0.95771,0.95529,0.95692,32559
1775120400,0.95693,0.9586,0.95522,0.9577,29511
1775134800,0.95777,0.96271,0.95707,0.96122,59307
1775149200,0.9612,0.9619,0.96066,0.96175,24511
1775163600,0.96035,0.96252,0.95974,0.96223,6156
1775178000,0.96224,0.96234,0.96134,0.96163,6884
1775192400,0.96161,0.96241,0.96131,0.96162,7020
1775206800,0.96162,0.96261,0.96032,0.9617,11843
1775221200,0.96172,0.96238,0.96049,0.96069,16944
1775235600,0.96066,0.96129,0.9588,0.96004,19939
1775422800,0.95906,0.9615,0.95873,0.96144,17068
1775437200,0.96146,0.96379,0.96117,0.96294,22104
1775451600,0.96293,0.96514,0.96263,0.96484,23647
1775466000,0.96487,0.96546,0.96362,0.96376,24376
1775480400,0.96376,0.96457,0.96217,0.96242,42327
1775494800,0.96243,0.96331,0.96138,0.96218,24069
1775509200,0.96147,0.96322,0.96126,0.96194,13288
1775523600,0.96193,0.96291,0.96079,0.96268,25161
1775538000,0.96269,0.96651,0.96188,0.96614,32660
1775552400,0.96614,0.96677,0.96412,0.96528,38070
1775566800,0.96532,0.96646,0.96385,0.96554,50312
1775581200,0.96549,0.96921,0.9651,0.9686,36686
1775595600,0.96666,0.98011,0.96655,0.97676,44122
1775610000,0.97674,0.97861,0.97487,0.97764,37682
1775624400,0.97765,0.9798,0.97499,0.97674,41401
1775638800,0.97675,0.97918,0.97552,0.97865,36904
1775653200,0.97865,0.97954,0.97509,0.97728,53568
1775667600,0.97728,0.97759,0.97413,0.97505,33270
1775682000,0.97458,0.97574,0.9737,0.97447,13218
1775696400,0.97444,0.97552,0.97338,0.9749,22104
1775710800,0.97492,0.97533,0.97296,0.97302,27245
1775725200,0.97299,0.97489,0.97278,0.97399,25590
1775739600,0.97403,0.97949,0.97333,0.97889,45469
1775754000,0.97889,0.98,0.97766,0.97836,27503
1775768400,0.97726,0.9789,0.97697,0.97811,11944
1775782800,0.97814,0.97873,0.97665,0.97696,15812
1775797200,0.97697,0.97769,0.97636,0.97657,20650
1775811600,0.9766,0.97862,0.9766,0.9779,27065
1775826000,0.97793,0.97993,0.97714,0.97818,41269
1775840400,0.97819,0.97955,0.97792,0.9788,22000
1776027600,0.96874,0.97502,0.96775,0.97498,21945
1776042000,0.975,0.97598,0.97447,0.97519,22422
1776056400,0.97521,0.97728,0.97507,0.97616,25332
1776070800,0.97616,0.97647,0.97344,0.97493,26003
1776085200,0.97493,0.97761,0.97411,0.97697,45716
1776099600,0.97699,0.97915,0.97697,0.97865,23186
1776114000,0.9778,0.97913,0.97708,0.97739,11168
1776128400,0.9774,0.97753,0.97601,0.9769,15511
1776142800,0.97689,0.97855,0.97564,0.97771,27528
1776157200,0.97774,0.98055,0.97772,0.98028,28272
1776171600,0.98027,0.98223,0.97979,0.98102,38518
1776186000,0.98103,0.98195,0.98088,0.98091,19693
1776200400,0.97981,0.98191,0.97935,0.98095,12684
1776214800,0.98095,0.98268,0.9806,0.98251,16635
1776229200,0.98253,0.98382,0.98249,0.98336,23635
1776243600,0.98336,0.9845,0.98237,0.98327,31165
1776258000,0.98329,0.98486,0.98291,0.98416,39249
1776272400,0.98417,0.98541,0.98339,0.98526,20368
1776286800,0.98337,0.9854,0.9831,0.98503,9925
1776301200,0.98502,0.98684,0.98364,0.98606,23009
1776315600,0.98606,0.98669,0.98409,0.98479,27742
1776330000,0.98479,0.98495,0.98386,0.9841,24376
1776344400,0.9841,0.98441,0.98065,0.98083,42317
1776358800,0.98084,0.98144,0.9802,0.98124,24536
1776373200,0.98047,0.98159,0.98003,0.98107,10465
1776387600,0.98107,0.98168,0.98071,0.98115,14482
1776402000,0.98116,0.98175,0.98,0.98157,21994
1776416400,0.98158,0.98571,0.98049,0.98507,26805
1776430800,0.9851,0.98653,0.98236,0.98243,54454
1776445200,0.98243,0.98253,0.98063,0.98077,27949
1776632400,0.97374,0.97914,0.97374,0.97913,25678
1776646800,0.9791,0.9802,0.97909,0.97992,26012
1776661200,0.97989,0.98082,0.97824,0.97893,37728
1776675600,0.97893,0.98046,0.97893,0.98008,31296
1776690000,0.98009,0.98115,0.97795,0.97866,49319
1776704400,0.97866,0.97982,0.97831,0.97931,23018
1776718800,0.97804,0.97974,0.97803,0.97871,15593
1776733200,0.97874,0.97981,0.97781,0.97805,20994
1776747600,0.97804,0.97868,0.97603,0.97722,29982
1776762000,0.9772,0.97847,0.97648,0.97739,30074
1776776400,0.97744,0.97949,0.97651,0.97663,50045
1776790800,0.97663,0.97804,0.97473,0.97721,51421
1776805200,0.97684,0.97823,0.9761,0.97786,15774
1776819600,0.97786,0.97831,0.97712,0.97731,24650
1776834000,0.97731,0.97935,0.97727,0.97775,31723
1776848400,0.97773,0.97844,0.97667,0.97696,32869
1776862800,0.97695,0.97858,0.97676,0.97757,45404
1776877200,0.97756,0.97899,0.97746,0.97888,25424
1776891600,0.97707,0.97916,0.97603,0.9786,20517
1776906000,0.97862,0.97867,0.97586,0.97706,39674
1776920400,0.97706,0.97814,0.97681,0.9773,32485
1776934800,0.9773,0.97807,0.97549,0.97741,40876
1776949200,0.97741,0.97971,0.97674,0.9796,48565
1776963600,0.97961,0.97974,0.97501,0.9763,51086
1776978000,0.97635,0.97721,0.97541,0.97692,15313
1776992400,0.9769,0.97736,0.97558,0.9767,31333
1777006800,0.97673,0.97727,0.97594,0.97627,30628
1777021200,0.97628,0.97877,0.97555,0.97614,37623
1777035600,0.97616,0.97844,0.97574,0.97778,49820
1777050000,0.97781,0.97803,0.97683,0.97725,24760
1777237200,0.97501,0.97836,0.97453,0.97836,18888
1777251600,0.9784,0.98046,0.9784,0.97942,28027
1777266000,0.9794,0.97951,0.97796,0.97872,29863
1777280400,0.97871,0.97891,0.97749,0.97769,28315
1777294800,0.97768,0.97956,0.97754,0.97899,41329
1777309200,0.97901,0.97996,0.97862,0.97903,21260
1777323600,0.97785,0.98001,0.97783,0.97974,12473
1777338000,0.97973,0.97978,0.97831,0.97919,29012
1777352400,0.97917,0.97968,0.97723,0.97955,39030
1777366800,0.97954,0.97982,0.97777,0.97975,43493
1777381200,0.97974,0.98252,0.979,0.98237,52094
1777395600,0.98237,0.98324,0.98191,0.9827,25425
1777410000,0.98061,0.98341,0.98061,0.9831,11324
1777424400,0.98306,0.9831,0.97975,0.98028,30671
1777438800,0.98028,0.98057,0.97875,0.97916,31764
1777453200,0.97917,0.9801,0.97842,0.9786,32179
1777467600,0.97858,0.9792,0.97403,0.97461,54173
1777482000,0.97461,0.97547,0.97228,0.97364,46980
1777496400,0.97278,0.97484,0.97249,0.9738,19446
1777510800,0.97379,0.9751,0.9734,0.97375,36466
1777525200,0.97375,0.97547,0.97291,0.97457,42894
1777539600,0.97458,0.97874,0.97429,0.97732,57139
1777554000,0.97733,0.98,0.97678,0.97757,58147
1777568400,0.97757,0.97838,0.97739,0.97791,32442
1777582800,0.97666,0.97823,0.97638,0.97779,17050
1777597200,0.97778,0.97793,0.97674,0.97695,23560
1777611600,0.97695,0.9779,0.97617,0.9765,31759
1777626000,0.97652,0.97718,0.97546,0.97688,32001
1777640400,0.97689,0.98061,0.97651,0.97984,49349
1777654800,0.97983,0.98019,0.97836,0.97838,28702
1777842000,0.97969,0.9806,0.97903,0.97957,17230
1777856400,0.97957,0.98038,0.97886,0.97949,30895
1777870800,0.97949,0.97983,0.97789,0.97854,33605
1777885200,0.97855,0.97927,0.97603,0.97867,43887
1777899600,0.97868,0.97913,0.97395,0.97452,56661
1777914000,0.97453,0.9764,0.97446,0.97636,33794
1777928400,0.97563,0.97664,0.97531,0.97557,13543
1777942800,0.97556,0.97671,0.97445,0.97456,23700
1777957200,0.97457,0.97525,0.97226,0.9746,35921
1777971600,0.97462,0.97803,0.97421,0.97739,34357
1777986000,0.97741,0.97952,0.97698,0.97883,42826
1778000400,0.97882,0.97927,0.97806,0.9782,21354
1778014800,0.97702,0.98223,0.97697,0.98218,25516
1778029200,0.98219,0.98518,0.98203,0.98426,37908
1778043600,0.98425,0.98682,0.98326,0.9863,39553
1778058000,0.98627,0.98865,0.98402,0.98507,54000
1778072400,0.98506,0.98669,0.98418,0.98528,50540
1778086800,0.98523,0.98718,0.98522,0.98654,25862
1778101200,0.98493,0.98711,0.98483,0.98666,16514
1778115600,0.98668,0.98828,0.98625,0.98808,29392
1778130000,0.9881,0.98971,0.98772,0.98893,36664
1778144400,0.98893,0.98938,0.98809,0.98872,33399
1778158800,0.98871,0.9895,0.98637,0.98658,47930
1778173200,0.9866,0.98676,0.98398,0.98449,43013
1778187600,0.98455,0.98492,0.98336,0.9845,19790
1778202000,0.9845,0.98619,0.98421,0.98597,31673
1778216400,0.98597,0.98774,0.98559,0.98754,34087
1778230800,0.98753,0.99191,0.98675,0.99093,35372
1778245200,0.99091,0.99307,0.99031,0.99113,46533
1778259600,0.99114,0.9916,0.99064,0.99099,22989
1778446800,0.98748,0.99054,0.98729,0.99033,19071
1778461200,0.99038,0.99047,0.9892,0.98964,27683
1778475600,0.98964,0.99063,0.98916,0.98937,28842
1778490000,0.98936,0.99089,0.98891,0.98992,29891
1778504400,0.98991,0.99213,0.98991,0.99065,40265
1778518800,0.99066,0.99179,0.99046,0.99143,23340
1778533200,0.99075,0.99167,0.99008,0.99028,14964
1778547600,0.99026,0.99064,0.98897,0.9902,30911
1778562000,0.9902,0.99034,0.98739,0.9891,40645
1778576400,0.9891,0.99108,0.98867,0.99065,37475
1778590800,0.99064,0.99148,0.98943,0.98945,51874
1778605200,0.98944,0.99172,0.98944,0.99155,29008
1778619600,0.99114,0.99178,0.99076,0.991,15124
1778634000,0.99098,0.99197,0.99018,0.99073,26894
1778648400,0.99074,0.9923,0.99067,0.99196,31118
1778662800,0.99198,0.993,0.99155,0.99177,34502
1778677200,0.99177,0.99575,0.99177,0.99497,45910
1778691600,0.99495,0.99543,0.99381,0.99467,25861
1778706000,0.99415,0.9948,0.99336,0.99364,15752
1778720400,0.99362,0.9946,0.9928,0.99428,28715
1778734800,0.99429,0.9952,0.9929,0.99377,35629
1778749200,0.99377,0.99399,0.9926,0.99277,33331
1778763600,0.99278,0.99289,0.99042,0.99071,45979
1778778000,0.99074,0.99149,0.99018,0.99034,29787
1778792400,0.99047,0.99096,0.98917,0.98975,16538
1778806800,0.98972,0.98992,0.98712,0.98715,35755
1778821200,0.98717,0.98718,0.98367,0.98392,46872
1778835600,0.98394,0.98615,0.98217,0.98382,43101
1778850000,0.98383,0.98568,0.98279,0.983,55119
1778864400,0.98297,0.98417,0.98262,0.98267,32040
1779051600,0.9831,0.98363,0.97972,0.98038,26940
1779066000,0.98037,0.98144,0.97977,0.9808,40383
1779080400,0.98079,0.984,0.98022,0.98331,38888
1779094800,0.9833,0.9866,0.98233,0.98622,39288
1779109200,0.98622,0.98642,0.98283,0.9841,54547
1779123600,0.9841,0.9855,0.98279,0.98481,38614
1779138000,0.98365,0.98584,0.98298,0.98307,17518
1779152400,0.98305,0.98325,0.98019,0.98041,38120
1779166800,0.98041,0.98087,0.97839,0.97932,39150
1779181200,0.97931,0.98068,0.97829,0.97929,37648
1779195600,0.9793,0.97948,0.9746,0.97766,56772
1779210000,0.97764,0.97853,0.97659,0.97665,31164
1779224400,0.97647,0.97741,0.9757,0.97572,19386
1779238800,0.9757,0.9777,0.97514,0.97683,40267
1779253200,0.97681,0.97962,0.97654,0.97941,37239
1779267600,0.97941,0.98149,0.97915,0.9804,28982
1779282000,0.9804,0.98538,0.97956,0.98354,57450
1779296400,0.98354,0.98436,0.98298,0.98302,33810
1779310800,0.98197,0.98312,0.98159,0.98264,15875
1779325200,0.98263,0.9836,0.97723,0.98073,35336
1779339600,0.98072,0.98247,0.97833,0.98173,45101
1779354000,0.98171,0.98297,0.97999,0.98134,45370
1779368400,0.98135,0.98409,0.98104,0.98371,54466
1779382800,0.98371,0.98734,0.98358,0.98481,46284
1779397200,0.9843,0.98531,0.98389,0.9843,14364
1779411600,0.98425,0.9849,0.98376,0.98462,22426
1779426000,0.9846,0.98528,0.98322,0.98333,30949
1779440400,0.98332,0.98446,0.98241,0.98445,32684
1779454800,0.98444,0.98578,0.98259,0.98526,45683
1779469200,0.98525,0.98628,0.98464,0.98529,30579
1779656400,0.9874,0.98894,0.98723,0.98808,19213
1779670800,0.98809,0.98994,0.98809,0.9897,22344
1779685200,0.9897,0.99008,0.98828,0.98987,23307
1779699600,0.98989,0.99064,0.98972,0.98985,17399
1779714000,0.98985,0.99083,0.98939,0.99009,23044
1779728400,0.99008,0.9905,0.98998,0.99024,8421
1779742800,0.98908,0.99037,0.98904,0.98972,15198
1779757200,0.98972,0.99025,0.98893,0.98896,24310
1779771600,0.98894,0.98992,0.98817,0.98876,29906
1779786000,0.98877,0.99064,0.98822,0.99044,28430
1779800400,0.99044,0.99116,0.98834,0.98929,42434
1779814800,0.98928,0.9905,0.9891,0.98978,23498
1779829200,0.98905,0.99106,0.98905,0.99069,14229
1779843600,0.99071,0.99121,0.98802,0.98882,29259
1779858000,0.98881,0.98901,0.98652,0.98751,30662
1779872400,0.98751,0.9882,0.98561,0.98642,33935
1779886800,0.98637,0.98755,0.9858,0.98702,51328
1779901200,0.98702,0.98837,0.98643,0.98836,26483
1779915600,0.98746,0.9885,0.98693,0.98741,17991
1779930000,0.9874,0.98768,0.98408,0.98463,35742
1779944400,0.98463,0.98705,0.98431,0.98634,34714
1779958800,0.98634,0.9875,0.9856,0.98717,34081
1779973200,0.98715,0.98931,0.98628,0.98846,49957
1779987600,0.98847,0.98851,0.98686,0.9871,26730
1780002000,0.98662,0.98765,0.98596,0.98693,15262
1780016400,0.98692,0.98773,0.98633,0.98771,25167
1780030800,0.98771,0.98841,0.98694,0.98744,28521
1780045200,0.98745,0.99218,0.98715,0.99195,31372
1780059600,0.99198,0.99317,0.99045,0.99194,51942
1780074000,0.99192,0.99196,0.99048,0.991,30291
1780261200,0.98877,0.99184,0.98839,0.99167,22046
1780275600,0.99165,0.99246,0.99104,0.99213,23967
1780290000,0.99213,0.99267,0.99101,0.99244,26702
1780304400,0.99244,0.99264,0.99103,0.99125,28221
1780318800,0.99127,0.99158,0.98773,0.9901,49171
1780333200,0.9901,0.99164,0.98986,0.99097,25207
1780347600,0.9903,0.99172,0.9901,0.99111,13343
1780362000,0.99112,0.99223,0.99045,0.99154,24787
1780376400,0.99153,0.99459,0.99145,0.99413,28065
1780390800,0.99414,0.99513,0.99294,0.99303,26188
1780405200,0.99305,0.99382,0.99143,0.99306,39464
1780419600,0.99306,0.9938,0.9924,0.99349,21222
1780434000,0.99244,0.99395,0.9923,0.99386,14747
1780448400,0.99385,0.9939,0.99235,0.99276,20980
1780462800,0.99275,0.99322,0.99101,0.99224,32304
1780477200,0.99224,0.99377,0.99139,0.99187,30044
1780491600,0.99188,0.99207,0.9901,0.99135,45875
1780506000,0.99134,0.99149,0.99027,0.99048,24250
1780520400,0.98964,0.99148,0.98957,0.99057,19642
1780534800,0.99059,0.99147,0.98992,0.99107,27003
1780549200,0.99108,0.99291,0.9906,0.99221,32446
1780563600,0.99223,0.99306,0.99134,0.9918,36768
1780578000,0.9918,0.99265,0.99132,0.99204,41624
1780592400,0.99205,0.99245,0.99157,0.99205,22092
1780606800,0.99141,0.99231,0.99044,0.99052,15799
1780621200,0.99051,0.9912,0.98846,0.99092,28488
1780635600,0.99094,0.99118,0.98955,0.99027,29348
1780650000,0.99027,0.99151,0.98669,0.98683,33677
1780664400,0.9868,0.98809,0.98257,0.98389,57620
1780678800,0.98387,0.98394,0.98131,0.9817,43401
1780866000,0.97921,0.98386,0.97908,0.98379,22547
1780880400,0.9838,0.98431,0.98152,0.98224,42211
1780894800,0.98224,0.98399,0.9811,0.98321,49303
1780909200,0.98322,0.98602,0.98206,0.98492,42586
1780923600,0.98492,0.98569,0.98273,0.98382,56976
1780938000,0.9838,0.9839,0.98268,0.98297,36773
1780952400,0.98225,0.98302,0.98156,0.98268,21891
1780966800,0.98267,0.98437,0.9822,0.9838,35695
1780981200,0.9838,0.98494,0.98237,0.98287,40225
1780995600,0.98287,0.98352,0.98211,0.98282,29050
1781010000,0.98285,0.98347,0.97835,0.97947,67636
1781024400,0.97947,0.98136,0.97939,0.98016,51061
1781038800,0.97986,0.98083,0.97834,0.98037,24290
1781053200,0.98037,0.98073,0.97859,0.97877,42295
1781067600,0.97876,0.97929,0.97656,0.9766,43572
1781082000,0.97659,0.97841,0.97484,0.97713,49063
1781096400,0.97714,0.97866,0.97646,0.97761,68718
1781110800,0.97762,0.9782,0.97535,0.97548,48386
1781125200,0.97529,0.97609,0.97463,0.97539,31959
1781139600,0.97538,0.97688,0.97536,0.97674,39941
1781154000,0.97674,0.97812,0.97641,0.97727,35525
1781168400,0.97726,0.97818,0.97606,0.97721,37320
1781182800,0.97722,0.97981,0.97667,0.97866,64267
1781197200,0.97868,0.98481,0.97852,0.98464,61493
1781211600,0.98281,0.98497,0.98254,0.98457,24269
1781226000,0.98456,0.9846,0.98251,0.98382,39324
1781240400,0.98382,0.98515,0.98206,0.98453,46768
1781254800,0.98453,0.98583,0.98342,0.98365,43111
1781269200,0.98367,0.98561,0.98331,0.98487,63012
1781283600,0.98487,0.98586,0.98485,0.98556,33808
1781470800,0.98428,0.9895,0.98428,0.98734,28098
1781485200,0.98735,0.9893,0.98727,0.98861,26882
1781499600,0.9886,0.98878,0.98766,0.98807,33164
1781514000,0.98808,0.98879,0.98756,0.98814,29362
1781528400,0.98814,0.99051,0.98796,0.9899,38291
1781542800,0.98988,0.98998,0.98887,0.98906,25892
1781557200,0.98888,0.98969,0.98857,0.98932,13242
1781571600,0.98933,0.98955,0.98737,0.98786,25614
1781586000,0.98786,0.98989,0.98694,0.98967,29617
1781600400,0.98967,0.99067,0.98941,0.99053,26696
1781614800,0.99055,0.99083,0.98895,0.98923,41434
1781629200,0.98923,0.9898,0.98873,0.9889,24096
1781643600,0.9881,0.98932,0.98794,0.98897,15273
1781658000,0.98896,0.98944,0.98814,0.98817,17271
1781672400,0.98817,0.98878,0.98772,0.98836,25504
1781686800,0.98834,0.98989,0.98819,0.98975,28552
1781701200,0.98976,0.99229,0.9895,0.99209,38617
1781715600,0.99209,0.99256,0.98727,0.98864,57798
1781730000,0.98811,0.99109,0.98811,0.99,19837
1781744400,0.98998,0.99271,0.98998,0.99191,25554
1781758800,0.99191,0.99278,0.98999,0.99016,32697
1781773200,0.99015,0.99108,0.98918,0.99074,40502
1781787600,0.99075,0.99361,0.99022,0.99228,53093
1781802000,0.99229,0.99282,0.99099,0.99145,30188
1781816400,0.99017,0.99198,0.99017,0.99136,14644
1781830800,0.99136,0.99165,0.98969,0.9899,23686
1781845200,0.98991,0.99227,0.98946,0.99205,33277
1781859600,0.99206,0.9938,0.99155,0.99369,28874
1781874000,0.99373,0.99431,0.99284,0.99351,26686
1781888400,0.99347,0.99436,0.99224,0.99311,43845
1782075600,0.99212,0.99376,0.99131,0.99372,17879
1782090000,0.99373,0.99454,0.99306,0.99377,28325
1782104400,0.99377,0.99404,0.99162,0.99188,33084
1782118800,0.99188,0.9932,0.99168,0.99184,31068
1782133200,0.99185,0.99323,0.99106,0.9918,50665
1782147600,0.99179,0.99211,0.99072,0.9911,22761
1782162000,0.99075,0.99144,0.98885,0.98947,15550
1782176400,0.98949,0.98983,0.98725,0.98747,31180
1782190800,0.98747,0.98753,0.98427,0.98506,40858
1782205200,0.98507,0.9868,0.98349,0.98405,31728
1782219600,0.98406,0.98479,0.98264,0.98278,47889
1782234000,0.98278,0.98298,0.98183,0.98265,26752
1782248400,0.98215,0.98337,0.98175,0.98316,17789
1782262800,0.98317,0.98367,0.98132,0.98216,32077
1782277200,0.98217,0.98334,0.98111,0.98135,32682
1782291600,0.98134,0.98225,0.97984,0.98115,34664
1782306000,0.98115,0.98211,0.98066,0.98129,50984
1782320400,0.98128,0.98215,0.97974,0.98199,38404
1782334800,0.98068,0.9821,0.98068,0.98135,16537
1782349200,0.98134,0.98266,0.98019,0.98199,30318
1782363600,0.98199,0.98226,0.98113,0.9814,7288