time,open,high,low,close
1589864400,1.09096,1.09428,1.09076,1.094
1589871600,1.09401,1.09534,1.09216,1.09514
1589878800,1.09512,1.09761,1.09438,1.09684
1589886000,1.09683,1.09688,1.09422,1.09506
1589893200,1.09505,1.09507,1.09262,1.0948
1589900400,1.09479,1.09488,1.09242,1.09295
1589907600,1.09295,1.09542,1.09265,1.09464
1589914800,1.09463,1.09477,1.09185,1.09229
1589922000,1.09229,1.09269,1.09187,1.09243
1589929200,1.09244,1.09395,1.09229,1.09382
1589936400,1.09383,1.09451,1.09358,1.09371
1589943600,1.09371,1.09469,1.09371,1.09411
1589950800,1.09411,1.09491,1.09381,1.09422
1589958000,1.09421,1.09601,1.0938,1.09422
1589965200,1.09421,1.09562,1.09381,1.09536
1589972400,1.09538,1.09667,1.09493,1.09651
1589979600,1.09652,1.0999,1.09623,1.09913
1589986800,1.09916,1.09958,1.09713,1.09757
1589994000,1.09758,1.09922,1.09733,1.09858
1590001200,1.09857,1.09876,1.09749,1.09786
1590008400,1.09793,1.09817,1.09758,1.09791
1590015600,1.09791,1.09809,1.09681,1.09684
1590022800,1.09682,1.09688,1.09567,1.09631
1590030000,1.0963,1.09641,1.09586,1.09607
1590037200,1.09606,1.09673,1.09523,1.09669
1590044400,1.09672,1.09789,1.09567,1.09722
1590051600,1.09723,1.09924,1.09603,1.09851
1590058800,1.09852,1.10083,1.09824,1.09955
1590066000,1.09954,1.09955,1.09374,1.09391
1590073200,1.0939,1.09589,1.09388,1.0955
1590080400,1.09552,1.09686,1.09505,1.09556
1590087600,1.09554,1.09617,1.09418,1.09492
1590094800,1.09492,1.09528,1.09468,1.09506
1590102000,1.09509,1.09537,1.09467,1.09477
1590109200,1.09477,1.09515,1.09364,1.09414
1590116400,1.09412,1.09431,1.09273,1.09295
1590123600,1.09294,1.09322,1.09192,1.09267
1590130800,1.09266,1.09285,1.08963,1.08994
1590138000,1.08992,1.09073,1.08872,1.09032
1590145200,1.09032,1.09133,1.08975,1.08983
1590152400,1.08982,1.09045,1.08853,1.08907
1590159600,1.08905,1.08995,1.08875,1.0888
1590166800,1.08881,1.09006,1.08879,1.08975
1590174000,1.08974,1.09056,1.08961,1.09023
1590354000,1.08954,1.09055,1.08949,1.0904
1590361200,1.09041,1.09086,1.09011,1.09017
1590368400,1.09018,1.09024,1.08873,1.08876
1590375600,1.08877,1.08923,1.08877,1.08906
1590382800,1.08907,1.08932,1.08743,1.08788
1590390000,1.08786,1.08911,1.08707,1.08891
1590397200,1.08892,1.09043,1.08885,1.09003
1590404400,1.09003,1.09145,1.0894,1.09043
1590411600,1.09039,1.09102,1.089,1.08926
1590418800,1.08925,1.08993,1.08917,1.08933
1590426000,1.08935,1.08986,1.08924,1.08982
1590433200,1.08981,1.08994,1.08938,1.08968
1590440400,1.08953,1.08969,1.08925,1.08948
1590447600,1.08949,1.09104,1.08947,1.09097
1590454800,1.09097,1.09143,1.09078,1.09119
1590462000,1.0912,1.09219,1.09107,1.09193
1590469200,1.09194,1.09296,1.09161,1.09185
1590476400,1.09185,1.09598,1.09147,1.09573
1590483600,1.09576,1.09732,1.09518,1.09538
1590490800,1.09536,1.09801,1.09522,1.09707
1590498000,1.09708,1.09898,1.09641,1.09868
1590505200,1.09867,1.09917,1.09679,1.09765
1590512400,1.09767,1.09947,1.09706,1.09938
1590519600,1.09942,1.09958,1.09786,1.09823
1590526800,1.09805,1.0983,1.09745,1.09819
1590534000,1.09819,1.09851,1.09689,1.09702
1590541200,1.09702,1.0975,1.09552,1.09597
1590548400,1.09598,1.0964,1.09539,1.09553
1590555600,1.0955,1.09656,1.09512,1.09573
1590562800,1.09573,1.09792,1.09523,1.09568
1590570000,1.09567,1.1031,1.0934,1.10163
1590577200,1.10164,1.10299,1.09783,1.09982
1590584400,1.09981,1.10165,1.09715,1.09733
1590591600,1.09731,1.09849,1.09554,1.09749
1590598800,1.09749,1.09933,1.09687,1.09901
1590606000,1.099,1.10095,1.09877,1.10092
1590613200,1.10008,1.10134,1.0999,1.10132
1590620400,1.1013,1.10268,1.10097,1.10232
1590627600,1.10235,1.10351,1.10147,1.10181
1590634800,1.10181,1.10212,1.10059,1.10081
1590642000,1.10081,1.10305,1.10057,1.10201
1590649200,1.102,1.10218,1.09917,1.09992
1590656400,1.0999,1.10152,1.09923,1.10072
1590663600,1.10072,1.10295,1.10002,1.10216
1590670800,1.10217,1.10597,1.10216,1.10551
1590678000,1.10552,1.10827,1.10503,1.10822
1590685200,1.1082,1.10899,1.1076,1.10887
1590692400,1.10887,1.10935,1.1067,1.10771
1590699600,1.1071,1.10813,1.10678,1.10741
1590706800,1.10738,1.10811,1.107,1.10766
1590714000,1.10767,1.1089,1.10742,1.10881
1590721200,1.10882,1.11003,1.1084,1.10994
1590728400,1.10995,1.11109,1.10896,1.10995
1590735600,1.10994,1.11199,1.10896,1.11171
1590742800,1.11171,1.11407,1.11128,1.11305
1590750000,1.11305,1.1145,1.11294,1.11298
1590757200,1.11297,1.11329,1.11014,1.11257
1590764400,1.11255,1.11285,1.10895,1.10979
1590771600,1.10978,1.11007,1.10811,1.10995
1590778800,1.10998,1.1108,1.1086,1.11076
1590958800,1.11164,1.11192,1.11026,1.11119
1590966000,1.1112,1.11261,1.11116,1.11217
1590973200,1.11216,1.11403,1.11164,1.11375
1590980400,1.11373,1.11382,1.11327,1.11335
1590987600,1.11334,1.11505,1.11306,1.11371
1590994800,1.11372,1.11538,1.11162,1.11397
1591002000,1.11398,1.11413,1.11005,1.1106
1591009200,1.11059,1.11208,1.1101,1.11101
1591016400,1.111,1.11384,1.11035,1.11371
1591023600,1.11372,1.11403,1.11132,1.11298
1591030800,1.11297,1.11329,1.11226,1.11325
1591038000,1.11324,1.11365,1.11291,1.11338
1591045200,1.11347,1.11364,1.11301,1.11323
1591052400,1.11321,1.11384,1.11242,1.11318
1591059600,1.1132,1.1133,1.11191,1.11239
1591066800,1.11239,1.11277,1.11232,1.11258
1591074000,1.11259,1.11379,1.11152,1.11186
1591081200,1.11185,1.11714,1.11165,1.11703
1591088400,1.11702,1.11877,1.11643,1.11685
1591095600,1.11686,1.11795,1.11551,1.11652
1591102800,1.11649,1.11959,1.11635,1.11835
1591110000,1.11837,1.1188,1.11636,1.11739
1591117200,1.1174,1.11813,1.11641,1.11723
1591124400,1.11722,1.11732,1.11611,1.11689
1591131600,1.11695,1.11745,1.11668,1.11732
1591138800,1.11732,1.12011,1.11691,1.11929
1591146000,1.1193,1.12007,1.11828,1.11954
1591153200,1.11953,1.12112,1.11938,1.12033
1591160400,1.12032,1.12138,1.11997,1.12092
1591167600,1.12091,1.12276,1.11911,1.12106
1591174800,1.12104,1.12269,1.11999,1.12
1591182000,1.11999,1.12099,1.1184,1.11917
1591189200,1.11914,1.12365,1.11865,1.1217
1591196400,1.12168,1.12513,1.1216,1.12368
1591203600,1.12367,1.12429,1.12323,1.12378
1591210800,1.12378,1.12579,1.12319,1.12336
1591218000,1.12347,1.12377,1.12299,1.12323
1591225200,1.12324,1.12366,1.12137,1.12221
1591232400,1.12226,1.12247,1.12143,1.12143
1591239600,1.12142,1.12188,1.12113,1.12155
1591246800,1.12154,1.12213,1.12005,1.12119
1591254000,1.12118,1.12126,1.11948,1.1207
1591261200,1.12069,1.12108,1.11955,1.12048
1591268400,1.12049,1.12723,1.11953,1.12376
1591275600,1.12374,1.13509,1.12266,1.13435
1591282800,1.13438,1.13624,1.13124,1.1329
1591290000,1.1329,1.13618,1.13282,1.13484
1591297200,1.13483,1.1351,1.13261,1.13354
1591304400,1.13371,1.1343,1.13326,1.13382
1591311600,1.13382,1.13444,1.13311,1.13324
1591318800,1.13327,1.13385,1.1326,1.13319
1591326000,1.1332,1.13551,1.13315,1.13468
1591333200,1.13467,1.13837,1.13435,1.13733
1591340400,1.13733,1.1381,1.13263,1.13323
1591347600,1.13326,1.13372,1.13173,1.13283
1591354800,1.13286,1.13435,1.12826,1.12955
1591362000,1.12955,1.13238,1.12829,1.13121
1591369200,1.13125,1.13193,1.12853,1.12905
1591376400,1.12905,1.12995,1.12791,1.12938
1591383600,1.12938,1.12995,1.12784,1.12874
1591563600,1.1293,1.13072,1.12908,1.13018
1591570800,1.13017,1.13199,1.12967,1.12977
1591578000,1.12978,1.12995,1.1285,1.12894
1591585200,1.12894,1.12959,1.12866,1.12888
1591592400,1.12888,1.12966,1.12813,1.12943
1591599600,1.12945,1.13158,1.12835,1.13005
1591606800,1.13003,1.13066,1.12701,1.12711
1591614000,1.12712,1.13029,1.12684,1.12937
1591621200,1.12939,1.13185,1.12906,1.13006
1591628400,1.13011,1.13113,1.12853,1.12912
1591635600,1.12912,1.13086,1.12893,1.13037
1591642800,1.13038,1.13045,1.1291,1.12938
1591650000,1.12947,1.12959,1.12894,1.12947
1591657200,1.12948,1.13151,1.12942,1.13042
1591664400,1.13042,1.13043,1.12839,1.12873
1591671600,1.12872,1.12915,1.12842,1.12856
1591678800,1.12855,1.12961,1.12661,1.12681
1591686000,1.12678,1.12762,1.1241,1.12618
1591693200,1.12619,1.12834,1.12554,1.12818
1591700400,1.12819,1.13026,1.12688,1.12996
1591707600,1.12993,1.13576,1.12968,1.1354
1591714800,1.13539,1.13638,1.13395,1.13427
1591722000,1.13423,1.13482,1.13327,1.13448
1591729200,1.13449,1.13452,1.13311,1.13381
1591736400,1.13386,1.13407,1.13348,1.1339
1591743600,1.13392,1.13448,1.13317,1.13395
1591750800,1.13396,1.13461,1.13379,1.13433
1591758000,1.13434,1.13459,1.13405,1.13428
1591765200,1.13428,1.13697,1.13419,1.13513
1591772400,1.1351,1.13758,1.13434,1.1369
1591779600,1.13692,1.13731,1.13485,1.13654
1591786800,1.13653,1.13893,1.1364,1.13802
1591794000,1.13801,1.13855,1.13451,1.13502
1591801200,1.13501,1.13599,1.13422,1.13514
1591808400,1.13515,1.14223,1.13224,1.1391
1591815600,1.13914,1.14156,1.13614,1.13755
1591822800,1.13725,1.1381,1.13724,1.13773
1591830000,1.13771,1.13887,1.1364,1.13866
1591837200,1.13867,1.13952,1.1382,1.13875
1591844400,1.13876,1.1389,1.1344,1.13511
1591851600,1.13514,1.13625,1.13253,1.13601
1591858800,1.13602,1.13908,1.13434,1.13897
1591866000,1.13894,1.14012,1.13706,1.13725
1591873200,1.13732,1.1375,1.13363,1.13566
1591880400,1.13567,1.14036,1.13507,1.13815
1591887600,1.13812,1.13983,1.13615,1.13617
1591894800,1.13618,1.13618,1.1298,1.13009
1591902000,1.1301,1.13142,1.12887,1.12978
1591909200,1.12917,1.13025,1.1287,1.12987
1591916400,1.12988,1.13,1.12803,1.1283
1591923600,1.12829,1.12975,1.12766,1.12889
1591930800,1.12888,1.12979,1.12874,1.1297
1591938000,1.1297,1.1316,1.12932,1.13043
1591945200,1.13044,1.13405,1.12973,1.13248
1591952400,1.13252,1.13275,1.12957,1.13026
1591959600,1.13027,1.13183,1.12926,1.13053
1591966800,1.13054,1.1323,1.12391,1.12465
1591974000,1.1246,1.12585,1.12336,1.12363
1591981200,1.12363,1.12446,1.12127,1.1231
1591988400,1.12312,1.12607,1.12312,1.12604
1592168400,1.12341,1.12518,1.12264,1.12472
1592175600,1.12471,1.1261,1.12429,1.12461
1592182800,1.12461,1.12606,1.12436,1.12526
1592190000,1.12528,1.12684,1.12525,1.12606
1592197200,1.12608,1.12618,1.12268,1.12311
1592204400,1.1231,1.12676,1.12302,1.12665
1592211600,1.12665,1.12665,1.12441,1.12462
1592218800,1.12464,1.12677,1.12406,1.12476
1592226000,1.12477,1.1294,1.12442,1.12739
1592233200,1.12738,1.12881,1.12602,1.12854
1592240400,1.12853,1.13324,1.12822,1.1315
1592247600,1.13151,1.13237,1.13073,1.13226
1592254800,1.13242,1.1331,1.13191,1.13294
1592262000,1.13291,1.13399,1.13259,1.13336
1592269200,1.13336,1.13485,1.13276,1.13455
1592276400,1.13454,1.13478,1.13322,1.13327
1592283600,1.13328,1.13471,1.1328,1.13462
1592290800,1.13465,1.13534,1.13153,1.13364
1592298000,1.13363,1.13412,1.13104,1.13156
1592305200,1.13156,1.13198,1.1295,1.13017
1592312400,1.13018,1.13028,1.12317,1.12375
1592319600,1.12375,1.12732,1.1228,1.12682
1592326800,1.12683,1.12724,1.12582,1.12723
1592334000,1.12722,1.12725,1.12568,1.12635
1592341200,1.12622,1.12635,1.12534,1.12592
1592348400,1.12593,1.12732,1.12557,1.12676
1592355600,1.12677,1.12729,1.12551,1.12644
1592362800,1.12645,1.12731,1.12616,1.12714
1592370000,1.12712,1.12854,1.12699,1.12805
1592377200,1.12806,1.1294,1.12509,1.12577
1592384400,1.12575,1.12603,1.12246,1.12421
1592391600,1.12418,1.12547,1.12229,1.12369
1592398800,1.1237,1.12484,1.12071,1.12195
1592406000,1.12196,1.12335,1.12092,1.1231
1592413200,1.12308,1.12402,1.12296,1.12307
1592420400,1.12305,1.12461,1.12287,1.1243
1592427600,1.1242,1.12478,1.12409,1.12446
1592434800,1.12446,1.125,1.12379,1.12412
1592442000,1.12415,1.12497,1.12249,1.12394
1592449200,1.12395,1.12613,1.12395,1.12553
1592456400,1.12552,1.12596,1.12448,1.12541
1592463600,1.1254,1.126,1.123,1.12492
1592470800,1.12495,1.12614,1.12392,1.1255
1592478000,1.12548,1.12586,1.12143,1.12274
1592485200,1.1227,1.12318,1.12028,1.12212
1592492400,1.12211,1.12326,1.11924,1.11935
1592499600,1.11934,1.12088,1.11856,1.12087
1592506800,1.12087,1.12129,1.11998,1.12046
1592514000,1.12027,1.12095,1.12002,1.12091
1592521200,1.12092,1.12133,1.11995,1.12037
1592528400,1.12037,1.12108,1.1199,1.12107
1592535600,1.12107,1.12161,1.12085,1.12135
1592542800,1.12134,1.12217,1.12056,1.12168
1592550000,1.12168,1.12196,1.12036,1.12161
1592557200,1.12162,1.12186,1.11946,1.12039
1592564400,1.12039,1.12544,1.11955,1.1238
1592571600,1.12381,1.12423,1.11682,1.11818
1592578800,1.1182,1.1215,1.11799,1.11925
1592586000,1.11926,1.11937,1.11748,1.11854
1592593200,1.11854,1.11892,1.1172,1.11766
1592773200,1.11828,1.11874,1.11752,1.11806
1592780400,1.11806,1.11853,1.11687,1.11803
1592787600,1.11803,1.11967,1.11801,1.11911
1592794800,1.1191,1.12039,1.11888,1.12034
1592802000,1.12031,1.12064,1.11898,1.11942
1592809200,1.11942,1.12252,1.11883,1.12245
1592816400,1.12244,1.12267,1.12109,1.12137
1592823600,1.12139,1.12234,1.12033,1.12207
1592830800,1.12207,1.12698,1.12207,1.12485
1592838000,1.12485,1.12636,1.12467,1.1261
1592845200,1.12609,1.12637,1.12552,1.1261
1592852400,1.12607,1.12662,1.1253,1.12613
1592859600,1.12601,1.12749,1.12591,1.12729
1592866800,1.12731,1.12809,1.12668,1.12672
1592874000,1.12673,1.12756,1.12332,1.12748
1592881200,1.12749,1.12762,1.12614,1.12615
1592888400,1.12616,1.12739,1.12567,1.12701
1592895600,1.127,1.13059,1.12659,1.12904
1592902800,1.12905,1.12982,1.12825,1.12921
1592910000,1.12921,1.13334,1.12856,1.133
1592917200,1.13301,1.13485,1.13192,1.13335
1592924400,1.13338,1.13373,1.1307,1.13088
1592931600,1.13089,1.13209,1.13089,1.1312
1592938800,1.13119,1.13119,1.13019,1.13087
1592946000,1.13079,1.13127,1.13069,1.13081
1592953200,1.1308,1.13221,1.13075,1.13175
1592960400,1.13175,1.13258,1.13093,1.13178
1592967600,1.13177,1.132,1.13134,1.13147
1592974800,1.13147,1.13251,1.13126,1.13175
1592982000,1.1318,1.1323,1.12871,1.13014
1592989200,1.13016,1.13084,1.12686,1.13071
1592996400,1.13069,1.13109,1.12707,1.12736
1593003600,1.12735,1.12824,1.12573,1.12775
1593010800,1.12769,1.12811,1.12605,1.12783
1593018000,1.12783,1.12807,1.12551,1.12587
1593025200,1.12588,1.12641,1.12484,1.125
1593032400,1.12514,1.12572,1.12495,1.12525
1593039600,1.12525,1.12584,1.12457,1.1256
1593046800,1.12561,1.12597,1.12427,1.12456
1593054000,1.12459,1.12498,1.12401,1.12486
1593061200,1.12487,1.12535,1.12351,1.12372
1593068400,1.12371,1.12506,1.1224,1.12296
1593075600,1.12296,1.12346,1.12064,1.1208
1593082800,1.12081,1.12133,1.11904,1.12113
1593090000,1.12113,1.12314,1.12032,1.12131
1593097200,1.1213,1.123,1.12103,1.12273
1593104400,1.12274,1.12304,1.12144,1.12161
1593111600,1.12161,1.12292,1.12145,1.1218
1593118800,1.12182,1.12224,1.12123,1.12212
1593126000,1.12213,1.12238,1.12083,1.12159
1593133200,1.1216,1.12217,1.1214,1.12201
1593140400,1.12201,1.12263,1.1216,1.12237
1593147600,1.12238,1.12254,1.1206,1.12083
1593154800,1.12083,1.12394,1.12051,1.12392
1593162000,1.12391,1.12392,1.12173,1.12264
1593169200,1.12265,1.1232,1.12066,1.12188
1593176400,1.12189,1.12291,1.11953,1.12032
1593183600,1.12037,1.1235,1.12001,1.12297
1593190800,1.12296,1.12384,1.12244,1.12269
1593198000,1.1227,1.12308,1.12176,1.12179
1593378000,1.12148,1.12267,1.12147,1.12244
1593385200,1.12244,1.12295,1.12199,1.12294
1593392400,1.12297,1.12469,1.1229,1.12427
1593399600,1.12428,1.12437,1.12382,1.12418
1593406800,1.12417,1.12671,1.12417,1.1258
1593414000,1.12581,1.12613,1.12406,1.12543
1593421200,1.12542,1.12879,1.12494,1.12863
1593428400,1.12863,1.12871,1.12739,1.1286
1593435600,1.12861,1.12867,1.12305,1.12457
1593442800,1.1246,1.12535,1.12247,1.12275
1593450000,1.12273,1.12354,1.12194,1.12349
1593457200,1.1235,1.12429,1.12297,1.12425
1593464400,1.12359,1.12495,1.12322,1.12489
1593471600,1.12488,1.12518,1.12349,1.12381
1593478800,1.12382,1.12495,1.12363,1.12419
1593486000,1.12418,1.12462,1.1237,1.12387
1593493200,1.12388,1.124,1.12041,1.1213
1593500400,1.12129,1.12279,1.12055,1.1219
1593507600,1.12192,1.122,1.11984,1.12093
1593514800,1.12093,1.12185,1.11911,1.12091
1593522000,1.12096,1.12365,1.12036,1.12326
1593529200,1.1233,1.12618,1.12297,1.12432
1593536400,1.12433,1.12518,1.12309,1.12329
1593543600,1.12326,1.12388,1.12265,1.12335
1593550800,1.1234,1.12365,1.12308,1.12352
1593558000,1.1235,1.12356,1.12277,1.12307
1593565200,1.12309,1.12407,1.12289,1.12383
1593572400,1.12384,1.12389,1.12155,1.1218
1593579600,1.12181,1.12344,1.12157,1.12334
1593586800,1.12333,1.12448,1.12232,1.12312
1593594000,1.12312,1.12338,1.12006,1.12052
1593601200,1.12051,1.12211,1.11851,1.12177
1593608400,1.12178,1.12752,1.12142,1.12606
1593615600,1.12607,1.12698,1.1251,1.12643
1593622800,1.12642,1.12669,1.12452,1.12453
1593630000,1.12452,1.12573,1.12433,1.12511
1593637200,1.12504,1.12552,1.12472,1.12522
1593644400,1.12521,1.12543,1.12476,1.12517
1593651600,1.12516,1.12613,1.1249,1.12607
1593658800,1.12606,1.12668,1.12558,1.1265
1593666000,1.12651,1.12758,1.12617,1.12692
1593673200,1.12693,1.13027,1.1262,1.12974
1593680400,1.12973,1.12986,1.1278,1.12794
1593687600,1.12792,1.12974,1.12637,1.12638
1593694800,1.12641,1.12816,1.12259,1.12293
1593702000,1.12294,1.12452,1.12234,1.12286
1593709200,1.12287,1.12372,1.1227,1.12341
1593716400,1.12341,1.12415,1.12328,1.12396
1593723600,1.12346,1.1242,1.12339,1.12415
1593730800,1.12415,1.12415,1.12333,1.124
1593738000,1.12401,1.12492,1.12372,1.12452
1593745200,1.12453,1.12478,1.12282,1.12291
1593752400,1.12289,1.12421,1.12277,1.12402
1593759600,1.12401,1.12468,1.12243,1.12336
1593766800,1.12336,1.12347,1.12194,1.12342
1593774000,1.12343,1.12372,1.12204,1.12293
1593781200,1.12294,1.12482,1.12259,1.12418
1593788400,1.12417,1.12463,1.12358,1.12417
1593795600,1.12417,1.12464,1.12397,1.12443
1593802800,1.12442,1.12513,1.12338,1.12452
1593982800,1.12431,1.12465,1.1242,1.12452
1593990000,1.12454,1.12672,1.12447,1.12642
1593997200,1.12643,1.12795,1.12613,1.12773
1594004400,1.12775,1.12925,1.12768,1.12917
1594011600,1.12917,1.13027,1.1285,1.12915
1594018800,1.12916,1.13003,1.12811,1.12904
1594026000,1.12905,1.13018,1.12828,1.1296
1594033200,1.12958,1.13298,1.12937,1.13297
1594040400,1.13296,1.13456,1.13094,1.13174
1594047600,1.13176,1.13182,1.13026,1.13066
1594054800,1.13064,1.1319,1.13061,1.13151
1594062000,1.1315,1.13159,1.13056,1.13087
1594069200,1.13079,1.13116,1.13043,1.13106
1594076400,1.13103,1.13326,1.13095,1.13265
1594083600,1.13265,1.13282,1.13065,1.13076
1594090800,1.13074,1.13139,1.13068,1.13116
1594098000,1.13115,1.1316,1.12917,1.12938
1594105200,1.12937,1.12959,1.12633,1.12645
1594112400,1.12646,1.1282,1.1259,1.12779
1594119600,1.12778,1.13005,1.12752,1.1298
1594126800,1.1298,1.13068,1.12717,1.12842
1594134000,1.12841,1.13035,1.12832,1.12902
1594141200,1.12902,1.12984,1.1283,1.12858
1594148400,1.12858,1.12868,1.12686,1.12742
1594155600,1.12693,1.12759,1.12693,1.12741
1594162800,1.1274,1.12826,1.12651,1.1269
1594170000,1.12689,1.12797,1.12683,1.12788
1594177200,1.12787,1.12805,1.12738,1.12764
1594184400,1.12766,1.12826,1.12624,1.12762
1594191600,1.12761,1.12942,1.12725,1.12788
1594198800,1.12789,1.12834,1.12661,1.12823
1594206000,1.12827,1.12954,1.12762,1.12884
1594213200,1.12881,1.1343,1.12874,1.13279
1594220400,1.13281,1.13517,1.1315,1.1336
1594227600,1.13359,1.13422,1.133,1.13357
1594234800,1.13354,1.13366,1.13277,1.13297
1594242000,1.1329,1.13348,1.13282,1.13325
1594249200,1.13324,1.13467,1.13318,1.13337
1594256400,1.13335,1.13474,1.13276,1.13467
1594263600,1.13466,1.13707,1.13435,1.13649
1594270800,1.13651,1.13675,1.13545,1.13556
1594278000,1.13555,1.13616,1.13252,1.13293
1594285200,1.13294,1.13342,1.13164,1.13222
1594292400,1.13225,1.13487,1.13212,1.13437
1594299600,1.13432,1.13482,1.12902,1.12954
1594306800,1.12954,1.13042,1.12855,1.12907
1594314000,1.12905,1.12973,1.1288,1.12971
1594321200,1.12972,1.12972,1.12803,1.12847
1594328400,1.12833,1.12884,1.12817,1.12875
1594335600,1.1287,1.12903,1.1271,1.12754
1594342800,1.12753,1.12784,1.12694,1.12726
1594350000,1.12726,1.12749,1.12681,1.12712
1594357200,1.12713,1.12742,1.1258,1.1265
1594364400,1.12646,1.12912,1.12552,1.12857
1594371600,1.12856,1.12975,1.12854,1.12939
1594378800,1.1294,1.13005,1.12737,1.12932
1594386000,1.12931,1.13247,1.12931,1.13196
1594393200,1.13195,1.13199,1.1297,1.12999
1594400400,1.12998,1.1306,1.12952,1.12982
1594407600,1.12982,1.13039,1.1295,1.12967
1594587600,1.13025,1.13159,1.13021,1.13158
1594594800,1.13167,1.13174,1.13037,1.13143
1594602000,1.13144,1.13265,1.13141,1.13244
1594609200,1.13244,1.13303,1.13209,1.13224
1594616400,1.13225,1.13361,1.13215,1.13308
1594623600,1.13307,1.13326,1.13009,1.13086
1594630800,1.13087,1.13352,1.13043,1.13296
1594638000,1.13298,1.13385,1.13241,1.13256
1594645200,1.13255,1.13702,1.13253,1.13676
1594652400,1.13673,1.13749,1.13558,1.13675
1594659600,1.13675,1.13747,1.13515,1.13529
1594666800,1.13527,1.13571,1.13415,1.13427
1594674000,1.13416,1.1349,1.13407,1.13449
1594681200,1.13451,1.13503,1.134,1.13449
1594688400,1.1345,1.13486,1.13353,1.13388
1594695600,1.13388,1.13454,1.13385,1.13451
1594702800,1.13449,1.13489,1.13369,1.1343
1594710000,1.13435,1.13585,1.13252,1.13508
1594717200,1.1351,1.13734,1.13475,1.13706
1594724400,1.13706,1.13813,1.13633,1.13718
1594731600,1.13719,1.14057,1.13614,1.13992
1594738800,1.13993,1.14088,1.1393,1.14031
1594746000,1.14032,1.14052,1.13922,1.13934
1594753200,1.13935,1.14009,1.13871,1.13998
1594760400,1.13977,1.14124,1.13893,1.14089
1594767600,1.1409,1.14231,1.1405,1.14131
1594774800,1.14133,1.1421,1.14002,1.14027
1594782000,1.14027,1.14044,1.13941,1.13952
1594789200,1.13952,1.14137,1.13912,1.14055
1594796400,1.14057,1.14446,1.13987,1.1437
1594803600,1.14368,1.14474,1.14257,1.14411
1594810800,1.14409,1.14463,1.14336,1.14353
1594818000,1.14355,1.14521,1.14105,1.14177
1594825200,1.14177,1.14242,1.14014,1.14072
1594832400,1.14071,1.14101,1.14034,1.14057
1594839600,1.14057,1.14129,1.14029,1.14114
1594846800,1.14095,1.14143,1.14082,1.14118
1594854000,1.14121,1.14186,1.14095,1.14147
1594861200,1.14145,1.14167,1.14003,1.14032
1594868400,1.14032,1.14073,1.14019,1.14062
1594875600,1.14061,1.14072,1.13929,1.13979
1594882800,1.1398,1.14155,1.13857,1.13929
1594890000,1.13932,1.13998,1.13783,1.1395
1594897200,1.13949,1.14247,1.13942,1.1411
1594904400,1.14101,1.14416,1.13995,1.14325
1594911600,1.14325,1.14358,1.14087,1.14093
1594918800,1.14092,1.14101,1.13753,1.13791
1594926000,1.1379,1.13851,1.13705,1.13821
1594933200,1.13833,1.13848,1.13749,1.13848
1594940400,1.13845,1.13932,1.13826,1.13846
1594947600,1.13849,1.13868,1.13776,1.13851
1594954800,1.1385,1.13936,1.13838,1.13874
1594962000,1.13874,1.13876,1.1378,1.13821
1594969200,1.13822,1.14175,1.13798,1.14164
1594976400,1.14163,1.14287,1.14094,1.14284
1594983600,1.14285,1.14303,1.14163,1.14189
1594990800,1.1419,1.144,1.14163,1.14217
1594998000,1.14218,1.14425,1.14206,1.14353
1595005200,1.14355,1.14436,1.14353,1.14369
1595012400,1.14365,1.14417,1.14257,1.14261
1595192400,1.14058,1.14432,1.14047,1.14356
1595199600,1.1436,1.14456,1.1418,1.14223
1595206800,1.14222,1.14229,1.14126,1.14179
1595214000,1.14179,1.14423,1.14146,1.14423
1595221200,1.14427,1.1467,1.14358,1.14578
1595228400,1.14578,1.14677,1.1441,1.14576
1595235600,1.14574,1.14609,1.14471,1.14522
1595242800,1.14523,1.14643,1.1416,1.14184
1595250000,1.14183,1.14442,1.14026,1.14396
1595257200,1.14396,1.14488,1.14332,1.14386
1595264400,1.14388,1.14448,1.14338,1.1441
1595271600,1.14409,1.14489,1.14394,1.14474
1595278800,1.14438,1.14474,1.14411,1.14464
1595286000,1.14465,1.14639,1.14464,1.14555
1595293200,1.14557,1.14625,1.14555,1.14601
1595300400,1.14602,1.14697,1.14231,1.14306
1595307600,1.14301,1.14504,1.1428,1.14459
1595314800,1.1446,1.14668,1.14293,1.14433
1595322000,1.14434,1.14603,1.14302,1.1438
1595329200,1.14382,1.14522,1.14317,1.14387
1595336400,1.14392,1.14889,1.14252,1.14875
1595343600,1.14877,1.15174,1.14829,1.15162
1595350800,1.15163,1.15398,1.15126,1.15308
1595358000,1.1531,1.15346,1.15196,1.15285
1595365200,1.15281,1.15344,1.15233,1.15324
1595372400,1.15328,1.15423,1.15297,1.15311
1595379600,1.15309,1.15458,1.15294,1.15453
1595386800,1.15452,1.15469,1.1536,1.15391
1595394000,1.1539,1.15435,1.1519,1.15318
1595401200,1.15315,1.15456,1.15072,1.15223
1595408400,1.15224,1.15837,1.15169,1.15686
1595415600,1.15687,1.16002,1.15568,1.15958
1595422800,1.1596,1.16016,1.1571,1.15935
1595430000,1.15932,1.15936,1.15739,1.15772
1595437200,1.15771,1.15821,1.15629,1.15689
1595444400,1.1569,1.15791,1.15665,1.15701
1595451600,1.15686,1.15755,1.15671,1.15698
1595458800,1.15698,1.15752,1.15642,1.15676
1595466000,1.15675,1.15764,1.15642,1.15677
1595473200,1.15678,1.15837,1.15675,1.15804
1595480400,1.15804,1.15934,1.15775,1.15913
1595487600,1.15912,1.15982,1.15706,1.15884
1595494800,1.15886,1.15942,1.15821,1.15872
1595502000,1.15871,1.15901,1.1542,1.15421
1595509200,1.15424,1.16091,1.15404,1.15954
1595516400,1.15953,1.16268,1.15815,1.16204
1595523600,1.16204,1.16244,1.15981,1.16087
1595530800,1.1609,1.16096,1.15889,1.15971
1595538000,1.15914,1.16025,1.15912,1.16025
1595545200,1.16024,1.16162,1.15923,1.1614
1595552400,1.16138,1.1621,1.16083,1.16149
1595559600,1.1615,1.16185,1.15952,1.15982
1595566800,1.15978,1.16169,1.15902,1.16142
1595574000,1.16143,1.16214,1.15925,1.16003
1595581200,1.16003,1.16119,1.15813,1.15836
1595588400,1.15837,1.16175,1.15828,1.16149
1595595600,1.16148,1.16385,1.1598,1.16252
1595602800,1.16253,1.16379,1.16214,1.16352
1595610000,1.1635,1.16474,1.16343,1.16364
1595617200,1.16363,1.1658,1.16343,1.1655
1595797200,1.16418,1.16548,1.16403,1.16524
1595804400,1.16525,1.16983,1.16422,1.16886
1595811600,1.16888,1.17157,1.16853,1.17103
1595818800,1.17102,1.1725,1.17002,1.17051
1595826000,1.17051,1.17169,1.16953,1.1709
1595833200,1.1709,1.17135,1.16897,1.16954
1595840400,1.16954,1.17326,1.16819,1.17264
1595847600,1.17262,1.17644,1.17178,1.17393
1595854800,1.17391,1.17781,1.17281,1.17773
1595862000,1.17771,1.17814,1.17434,1.1745
1595869200,1.17449,1.17647,1.17449,1.17504
1595876400,1.17505,1.17519,1.17424,1.17512
1595883600,1.17476,1.17643,1.1745,1.17636
1595890800,1.17635,1.17729,1.17514,1.17663
1595898000,1.17661,1.17736,1.17433,1.17447
1595905200,1.17448,1.17471,1.17143,1.17312
1595912400,1.17313,1.17406,1.17214,1.17272
1595919600,1.17272,1.17357,1.16987,1.17212
1595926800,1.17211,1.17401,1.17109,1.17379
1595934000,1.17379,1.17431,1.17002,1.17331
1595941200,1.17329,1.17422,1.17082,1.1729
1595948400,1.17292,1.17373,1.17125,1.17348
1595955600,1.17348,1.17371,1.17193,1.1724
1595962800,1.1724,1.17243,1.17123,1.17167
1595970000,1.17118,1.17233,1.17118,1.17201
1595977200,1.17201,1.17256,1.1714,1.17215
1595984400,1.17215,1.17312,1.17152,1.17284
1595991600,1.17284,1.17339,1.1725,1.17296
1595998800,1.17295,1.17509,1.17247,1.17475
1596006000,1.17475,1.177,1.17437,1.17507
1596013200,1.17509,1.17546,1.17419,1.17463
1596020400,1.17462,1.17467,1.17185,1.17435
1596027600,1.17438,1.17785,1.17423,1.17749
1596034800,1.1775,1.17773,1.17642,1.17736
1596042000,1.17733,1.18063,1.17581,1.17665
1596049200,1.17663,1.17972,1.17538,1.17901
1596056400,1.17865,1.1793,1.17813,1.17897
1596063600,1.17892,1.17897,1.17723,1.17795
1596070800,1.17796,1.17839,1.17657,1.1777
1596078000,1.17771,1.17851,1.17665,1.17684
1596085200,1.17683,1.17692,1.17494,1.17564
1596092400,1.17564,1.17648,1.17403,1.1742
1596099600,1.17425,1.17615,1.1731,1.1747
1596106800,1.1747,1.1779,1.17425,1.17771
1596114000,1.17775,1.18097,1.17741,1.17949
1596121200,1.17952,1.18063,1.17751,1.18037
1596128400,1.18035,1.18387,1.18022,1.18385
1596135600,1.18387,1.18484,1.18371,1.18468
1596142800,1.18462,1.18486,1.18363,1.18482
1596150000,1.18482,1.18887,1.18431,1.1866
1596157200,1.18661,1.19049,1.1862,1.18907
1596164400,1.18906,1.18978,1.18828,1.18977
1596171600,1.18976,1.19088,1.1877,1.19015
1596178800,1.19012,1.19036,1.18522,1.1858
1596186000,1.18577,1.18624,1.18384,1.18498
1596193200,1.18502,1.18525,1.18275,1.18438
1596200400,1.18441,1.18512,1.18021,1.18311
1596207600,1.18311,1.18397,1.17614,1.17913
1596214800,1.17912,1.18054,1.17783,1.17887
1596222000,1.17885,1.17928,1.17694,1.17724
1596402000,1.17708,1.17963,1.17702,1.17943
1596409200,1.17944,1.17967,1.17405,1.17535
1596416400,1.17534,1.17732,1.17449,1.17679
1596423600,1.1768,1.17824,1.17664,1.17757
1596430800,1.17756,1.17789,1.1749,1.17501
1596438000,1.175,1.1785,1.17499,1.17792
1596445200,1.17791,1.17798,1.17142,1.17249
1596452400,1.17249,1.17348,1.17061,1.17075
1596459600,1.17075,1.17433,1.16959,1.17379
1596466800,1.1738,1.17518,1.17335,1.17492
1596474000,1.17492,1.17631,1.1747,1.17591
1596481200,1.1759,1.1768,1.17581,1.17627
1596488400,1.17629,1.1766,1.17519,1.17605
1596495600,1.17606,1.17615,1.17521,1.17537
1596502800,1.17537,1.17734,1.17534,1.17722
1596510000,1.17723,1.17747,1.17635,1.17739
1596517200,1.17738,1.178,1.1764,1.17772
1596524400,1.17769,1.18027,1.17717,1.17924
1596531600,1.17926,1.18063,1.17681,1.177
1596538800,1.17701,1.17735,1.17221,1.17283
1596546000,1.17286,1.17644,1.17213,1.17567
1596553200,1.17568,1.17778,1.17507,1.17777
1596560400,1.17774,1.17914,1.17747,1.17824
1596567600,1.1782,1.18031,1.1782,1.18027
1596574800,1.17986,1.18008,1.17929,1.17982
1596582000,1.17983,1.18149,1.17943,1.18093
1596589200,1.18093,1.18216,1.18051,1.182
1596596400,1.18199,1.18202,1.18121,1.18169
1596603600,1.18169,1.1826,1.17994,1.18244
1596610800,1.18244,1.18414,1.18069,1.18403
1596618000,1.1841,1.18617,1.18315,1.18337
1596625200,1.18337,1.1881,1.18329,1.18778
1596632400,1.1878,1.19004,1.1863,1.18815
1596639600,1.18814,1.1905,1.18673,1.18733
1596646800,1.18733,1.18788,1.18545,1.18601
1596654000,1.18601,1.18663,1.18557,1.18641
1596661200,1.186,1.18759,1.18599,1.18725
1596668400,1.18724,1.18859,1.18698,1.18786
1596675600,1.18785,1.18839,1.18629,1.18634
1596682800,1.18634,1.18804,1.1863,1.18792
1596690000,1.18792,1.1916,1.18721,1.18806
1596697200,1.18805,1.18805,1.18382,1.18424
1596704400,1.18424,1.18704,1.18381,1.18427
1596711600,1.18428,1.1864,1.1832,1.18489
1596718800,1.18484,1.18665,1.18179,1.18438
1596726000,1.18437,1.18905,1.18384,1.18801
1596733200,1.18802,1.18937,1.18671,1.18742
1596740400,1.1874,1.18799,1.18632,1.18768
1596747600,1.18763,1.18831,1.18682,1.18812
1596754800,1.18814,1.18821,1.18716,1.18741
1596762000,1.18742,1.18746,1.18321,1.18386
1596769200,1.18386,1.18408,1.18197,1.18352
1596776400,1.18354,1.18478,1.18301,1.18316
1596783600,1.18314,1.18506,1.18212,1.18327
1596790800,1.18327,1.18363,1.18094,1.18228
1596798000,1.18229,1.18455,1.18023,1.18311
1596805200,1.18315,1.18333,1.17554,1.17884
1596812400,1.17886,1.17968,1.17681,1.17692
1596819600,1.17691,1.17858,1.17665,1.17809
1596826800,1.17807,1.17888,1.178,1.17859
1597006800,1.17869,1.17896,1.17732,1.17759
1597014000,1.1776,1.17953,1.1776,1.1794
1597021200,1.17937,1.17982,1.17898,1.17929
1597028400,1.17926,1.17962,1.17898,1.17909
1597035600,1.1791,1.18006,1.1765,1.17659
1597042800,1.1766,1.17757,1.17523,1.17723
1597050000,1.17726,1.17755,1.17451,1.17461
1597057200,1.17461,1.17715,1.17406,1.17676
1597064400,1.17671,1.17919,1.17598,1.17658
1597071600,1.17654,1.1772,1.17467,1.17534
1597078800,1.17536,1.17567,1.17434,1.17439
1597086000,1.17439,1.17448,1.1736,1.17365
1597093200,1.17365,1.17425,1.17358,1.17415
1597100400,1.17411,1.1743,1.17221,1.17248
1597107600,1.17247,1.17506,1.17231,1.17446
1597114800,1.17446,1.17549,1.17424,1.17522
1597122000,1.17521,1.17565,1.17232,1.17336
1597129200,1.17334,1.17744,1.17302,1.17724
1597136400,1.17721,1.18072,1.17714,1.1791
1597143600,1.17912,1.18071,1.17773,1.17974
1597150800,1.17975,1.17975,1.17569,1.17653
1597158000,1.17653,1.17886,1.1762,1.17712
1597165200,1.17714,1.17717,1.17416,1.17452
1597172400,1.17453,1.17468,1.17283,1.17394
1597179600,1.17404,1.17454,1.17389,1.17435
1597186800,1.17434,1.17436,1.1726,1.17339
1597194000,1.1734,1.17412,1.17158,1.17203
1597201200,1.17203,1.17248,1.17112,1.17143
1597208400,1.17144,1.17387,1.17122,1.17259
1597215600,1.17261,1.17606,1.17252,1.17477
1597222800,1.17476,1.17792,1.17444,1.17783
1597230000,1.17782,1.17956,1.1756,1.17906
1597237200,1.17911,1.18164,1.17722,1.18053
1597244400,1.18055,1.18057,1.17871,1.17916
1597251600,1.17914,1.17971,1.17838,1.1784
1597258800,1.17838,1.17903,1.17826,1.17853
1597266000,1.17813,1.17904,1.17805,1.17875
1597273200,1.17876,1.18107,1.17854,1.18066
1597280400,1.18065,1.18172,1.18044,1.18102
1597287600,1.18106,1.18148,1.18004,1.18011
1597294800,1.18008,1.18381,1.18005,1.18251
1597302000,1.18249,1.18413,1.18157,1.18384
1597309200,1.18383,1.18533,1.18266,1.18427
1597316400,1.18426,1.18531,1.18232,1.1849
1597323600,1.18491,1.18642,1.18283,1.18397
1597330800,1.18396,1.18399,1.18133,1.18173
1597338000,1.18173,1.1821,1.17935,1.17982
1597345200,1.17982,1.18166,1.17969,1.18145
1597352400,1.18133,1.18173,1.18113,1.18173
1597359600,1.18174,1.18206,1.18072,1.18094
1597366800,1.18096,1.18131,1.18017,1.18093
1597374000,1.18093,1.18185,1.18024,1.18132
1597381200,1.18133,1.18267,1.18072,1.18086
1597388400,1.18084,1.18174,1.17909,1.18162
1597395600,1.18162,1.18178,1.17819,1.18086
1597402800,1.18091,1.18301,1.18064,1.18186
1597410000,1.18185,1.18376,1.18107,1.18287
1597417200,1.18292,1.18487,1.18245,1.18452
1597424400,1.18452,1.18504,1.18351,1.18383
1597431600,1.18383,1.18417,1.18339,1.18413
1597611600,1.18382,1.18455,1.18281,1.18417
1597618800,1.18418,1.18529,1.18413,1.18474
1597626000,1.18474,1.18676,1.18434,1.18576
1597633200,1.18575,1.18614,1.18533,1.18565
1597640400,1.18565,1.1868,1.1852,1.18621
1597647600,1.18623,1.18662,1.18287,1.18382
1597654800,1.18382,1.18573,1.1837,1.18507
1597662000,1.1851,1.18638,1.1834,1.1857
1597669200,1.18571,1.18809,1.18514,1.18679
1597676400,1.18674,1.187,1.18569,1.18677
1597683600,1.18681,1.18714,1.18603,1.1866
1597690800,1.18658,1.1874,1.18637,1.18701
1597698000,1.18698,1.18751,1.18628,1.18726
1597705200,1.18727,1.18918,1.18713,1.18906
1597712400,1.18906,1.18965,1.18832,1.18889
1597719600,1.18892,1.18952,1.18854,1.18918
1597726800,1.18919,1.1904,1.18836,1.18857
1597734000,1.1885,1.19152,1.18827,1.19104
1597741200,1.19103,1.19126,1.18972,1.19009
1597748400,1.19005,1.19448,1.18975,1.19364
1597755600,1.19368,1.19656,1.19192,1.19204
1597762800,1.19207,1.19383,1.19181,1.1936
1597770000,1.19361,1.19387,1.19283,1.1938
1597777200,1.1938,1.19385,1.19291,1.19313
1597784400,1.19299,1.19399,1.19281,1.19396
1597791600,1.19396,1.19517,1.19358,1.19476
1597798800,1.19476,1.19527,1.19323,1.19369
1597806000,1.19369,1.19409,1.19278,1.19311
1597813200,1.19308,1.19476,1.19279,1.19354
1597820400,1.19349,1.19458,1.19223,1.19405
1597827600,1.19407,1.19509,1.19327,1.19375
1597834800,1.19376,1.19418,1.19256,1.19308
1597842000,1.19305,1.19488,1.18964,1.19004
1597849200,1.19004,1.19091,1.1866,1.18777
1597856400,1.18776,1.18939,1.18303,1.18559
1597863600,1.18558,1.18599,1.18367,1.18392
1597870800,1.18364,1.18531,1.1836,1.18514
1597878000,1.18515,1.18516,1.18387,1.18447
1597885200,1.18448,1.18479,1.18313,1.18444
1597892400,1.18445,1.18535,1.18419,1.18478
1597899600,1.18478,1.18478,1.18327,1.18391
1597906800,1.18389,1.18687,1.18121,1.18368
1597914000,1.18367,1.1845,1.18216,1.18399
1597921200,1.18396,1.18559,1.18264,1.18306
1597928400,1.18306,1.18483,1.18021,1.18415
1597935600,1.18414,1.18651,1.18387,1.18543
1597942800,1.18542,1.18597,1.18488,1.18521
1597950000,1.18521,1.18631,1.18495,1.18612
1597957200,1.18595,1.18658,1.18543,1.18653
1597964400,1.18654,1.18769,1.18648,1.18743
1597971600,1.18743,1.18754,1.18628,1.18716
1597978800,1.18718,1.18782,1.1871,1.1877
1597986000,1.18769,1.18829,1.18654,1.18705
1597993200,1.18705,1.18733,1.17994,1.18127
1598000400,1.18128,1.18183,1.17834,1.18028
1598007600,1.1802,1.1802,1.17603,1.17851
1598014800,1.17846,1.17875,1.17542,1.17796
1598022000,1.17797,1.17854,1.17617,1.17724
1598029200,1.17723,1.1789,1.17696,1.17882
1598036400,1.1788,1.17987,1.17857,1.17964
1598216400,1.179,1.18019,1.179,1.1801
1598223600,1.18017,1.18065,1.17907,1.17948
1598230800,1.17948,1.18063,1.17907,1.17912
1598238000,1.17913,1.17953,1.17847,1.17944
1598245200,1.17944,1.18088,1.17909,1.1806
1598252400,1.18061,1.1825,1.18032,1.1822
1598259600,1.18223,1.18442,1.18215,1.18322
1598266800,1.18323,1.18496,1.18282,1.18422
1598274000,1.18422,1.1845,1.18108,1.18133
1598281200,1.18133,1.18144,1.17916,1.17994
1598288400,1.17992,1.18054,1.17917,1.17922
1598295600,1.1792,1.17928,1.17843,1.17872
1598302800,1.17848,1.17952,1.17848,1.17938
1598310000,1.17939,1.18004,1.17842,1.17986
1598317200,1.17985,1.18084,1.17964,1.18049
1598324400,1.18048,1.18148,1.18018,1.18105
1598331600,1.18104,1.18153,1.17988,1.17999
1598338800,1.18001,1.18349,1.17981,1.18236
1598346000,1.18238,1.18426,1.1821,1.18259
1598353200,1.1826,1.18311,1.18038,1.18165
1598360400,1.18166,1.18435,1.18119,1.18229
1598367600,1.18232,1.18309,1.18052,1.18119
1598374800,1.1812,1.18349,1.18112,1.18343
1598382000,1.18341,1.18374,1.18307,1.18337
1598389200,1.18338,1.18369,1.18321,1.18333
1598396400,1.18334,1.18391,1.18276,1.18287
1598403600,1.18287,1.18349,1.18177,1.18196
1598410800,1.18196,1.18211,1.18101,1.1812
1598418000,1.18121,1.18197,1.1807,1.1812
1598425200,1.18118,1.18252,1.18007,1.18143
1598432400,1.18142,1.18257,1.1804,1.18132
1598439600,1.18133,1.1818,1.17723,1.17886
1598446800,1.17885,1.18277,1.17812,1.18177
1598454000,1.18177,1.18356,1.18106,1.18325
1598461200,1.18324,1.18392,1.18149,1.18153
1598468400,1.18153,1.18325,1.1815,1.18302
1598475600,1.18286,1.18382,1.18278,1.18366
1598482800,1.18366,1.1845,1.18348,1.18393
1598490000,1.18395,1.18498,1.18258,1.18279
1598497200,1.18277,1.18359,1.18242,1.18327
1598504400,1.18328,1.18395,1.18241,1.18308
1598511600,1.18309,1.18397,1.18166,1.1834
1598518800,1.18341,1.18405,1.18018,1.18057
1598526000,1.18056,1.1839,1.17942,1.18328
1598533200,1.18331,1.19018,1.17626,1.17886
1598540400,1.17884,1.18326,1.17796,1.17974
1598547600,1.17974,1.18347,1.1793,1.18225
1598554800,1.1822,1.18276,1.18181,1.18216
1598562000,1.18198,1.18248,1.18168,1.18186
1598569200,1.18187,1.1822,1.1811,1.18172
1598576400,1.18172,1.18362,1.18147,1.18355
1598583600,1.18356,1.18745,1.1835,1.18735
1598590800,1.18738,1.18795,1.18611,1.1867
1598598000,1.18671,1.1918,1.18668,1.19091
1598605200,1.19091,1.19198,1.18856,1.19047
1598612400,1.19047,1.19191,1.18748,1.1886
1598619600,1.18857,1.19111,1.18675,1.18963
1598626800,1.18966,1.19068,1.18877,1.18885
1598634000,1.18887,1.18938,1.1884,1.18906
1598641200,1.18905,1.19064,1.18835,1.19056
1598821200,1.18953,1.19135,1.18933,1.19086
1598828400,1.19088,1.19296,1.19053,1.19078
1598835600,1.19077,1.19146,1.18967,1.19144
1598842800,1.19143,1.19174,1.19,1.19012
1598850000,1.19012,1.19084,1.18939,1.19065
1598857200,1.19065,1.19119,1.18841,1.19079
1598864400,1.19081,1.19265,1.19078,1.19194
1598871600,1.19194,1.19401,1.19185,1.1934
1598878800,1.19342,1.19661,1.19217,1.19607
1598886000,1.19606,1.19606,1.19399,1.19443
1598893200,1.19444,1.19502,1.19336,1.19347
1598900400,1.19344,1.19386,1.19258,1.19363
1598907600,1.19363,1.19402,1.19344,1.19372
1598914800,1.19372,1.19481,1.19359,1.19411
1598922000,1.19411,1.19946,1.19411,1.19913
1598929200,1.19913,1.19974,1.19853,1.19875
1598936400,1.19876,1.19948,1.19751,1.19766
1598943600,1.19767,1.19968,1.19617,1.19733
1598950800,1.19733,1.19946,1.19637,1.19873
1598958000,1.19874,1.19952,1.19771,1.19887
1598965200,1.19888,1.20108,1.1936,1.19634
1598972400,1.19635,1.19662,1.1932,1.1934
1598979600,1.1934,1.1934,1.19043,1.19101
1598986800,1.19102,1.19148,1.19015,1.19117
1598994000,1.1911,1.19213,1.19102,1.19178
1599001200,1.19182,1.19288,1.19063,1.19075
1599008400,1.19073,1.19091,1.18916,1.19058
1599015600,1.19057,1.19093,1.18988,1.19051
1599022800,1.19051,1.19135,1.18907,1.19034
1599030000,1.19033,1.19079,1.18524,1.18573
1599037200,1.18572,1.18776,1.18546,1.18613
1599044400,1.18614,1.18764,1.18454,1.1859
1599051600,1.18592,1.18604,1.18223,1.18403
1599058800,1.18405,1.18494,1.18269,1.18479
1599066000,1.18479,1.18479,1.18232,1.18246
1599073200,1.18243,1.18578,1.18239,1.18542
1599080400,1.18507,1.1855,1.18482,1.18536
1599087600,1.18538,1.18547,1.18299,1.18312
1599094800,1.18312,1.18364,1.18217,1.18272
1599102000,1.18272,1.18278,1.18046,1.18102
1599109200,1.18103,1.18123,1.17895,1.17979
1599116400,1.17983,1.18361,1.17891,1.18326
1599123600,1.18326,1.18359,1.18113,1.18124
1599130800,1.18125,1.18414,1.18019,1.18324
1599138000,1.18324,1.18492,1.18243,1.18375
1599145200,1.18374,1.18442,1.18111,1.18333
1599152400,1.18336,1.18594,1.18321,1.18567
1599159600,1.18568,1.18646,1.18476,1.18514
1599166800,1.18483,1.18511,1.18443,1.18461
1599174000,1.18463,1.18579,1.1839,1.18527
1599181200,1.18528,1.18581,1.18412,1.18414
1599188400,1.18413,1.18533,1.18408,1.18517
1599195600,1.18517,1.18529,1.18349,1.18367
1599202800,1.18368,1.18655,1.18335,1.18592
1599210000,1.18592,1.18628,1.18423,1.18472
1599217200,1.18471,1.18551,1.18019,1.18116
1599224400,1.18114,1.18143,1.17861,1.17973
1599231600,1.17973,1.18365,1.1781,1.1835
1599238800,1.18351,1.18548,1.18322,1.18513
1599246000,1.18513,1.18528,1.18366,1.18395
1599426000,1.18448,1.18462,1.18315,1.18405
1599433200,1.18405,1.18435,1.18332,1.18361
1599440400,1.18359,1.18411,1.183,1.1835
1599447600,1.1835,1.18384,1.18318,1.18339
1599454800,1.18336,1.1836,1.18246,1.18282
1599462000,1.18283,1.18487,1.18245,1.18325
1599469200,1.18325,1.18372,1.18127,1.18191
1599476400,1.18192,1.18274,1.1816,1.18225
1599483600,1.18225,1.18325,1.18149,1.18262
1599490800,1.18265,1.18284,1.18149,1.18162
1599498000,1.18162,1.18198,1.18125,1.18131
1599505200,1.18131,1.18155,1.18116,1.18127
1599512400,1.18123,1.18203,1.18113,1.18161
1599519600,1.1816,1.18216,1.18051,1.18071
1599526800,1.1807,1.1809,1.17951,1.18052
1599534000,1.18051,1.18113,1.18045,1.18112
1599541200,1.18114,1.18275,1.17978,1.18167
1599548400,1.18166,1.18214,1.18031,1.18083
1599555600,1.18086,1.18152,1.17777,1.18005
1599562800,1.18005,1.18065,1.17815,1.18006
1599570000,1.18005,1.18025,1.17657,1.17935
1599577200,1.17934,1.18059,1.17805,1.1796
1599584400,1.1796,1.17985,1.17776,1.17819
1599591600,1.17814,1.17855,1.17731,1.17737
1599598800,1.17728,1.17782,1.17568,1.17668
1599606000,1.1767,1.17764,1.1759,1.17756
1599613200,1.17755,1.17797,1.17672,1.17748
1599620400,1.17749,1.17828,1.1774,1.17785
1599627600,1.17785,1.17825,1.17608,1.17663
1599634800,1.17665,1.17874,1.17631,1.17634
1599642000,1.17633,1.17755,1.17536,1.17551
1599649200,1.17551,1.18199,1.17528,1.17986
1599656400,1.17984,1.18341,1.17924,1.18075
1599663600,1.18076,1.18219,1.1802,1.18034
1599670800,1.18033,1.18097,1.1799,1.18081
1599678000,1.18082,1.1811,1.18028,1.18028
1599685200,1.1801,1.18093,1.17973,1.1809
1599692400,1.18091,1.18146,1.18005,1.18102
1599699600,1.18104,1.1824,1.18071,1.18222
1599706800,1.18223,1.18245,1.1819,1.18192
1599714000,1.1819,1.18369,1.18189,1.18262
1599721200,1.18262,1.18401,1.18161,1.18343
1599728400,1.18342,1.18445,1.18291,1.18378
1599735600,1.18377,1.19028,1.18311,1.18878
1599742800,1.18879,1.19176,1.18676,1.18733
1599750000,1.18738,1.18875,1.1848,1.18577
1599757200,1.18575,1.18644,1.18181,1.1825
1599764400,1.18251,1.18267,1.18102,1.18147
1599771600,1.18106,1.18286,1.18105,1.18272
1599778800,1.1827,1.18369,1.18223,1.18348
1599786000,1.18349,1.18402,1.18312,1.18332
1599793200,1.18332,1.18372,1.18302,1.18355
1599800400,1.18354,1.18416,1.18284,1.1836
1599807600,1.18363,1.18599,1.1831,1.18568
1599814800,1.18567,1.18741,1.18544,1.1859
1599822000,1.18593,1.1865,1.18348,1.18464
1599829200,1.18465,1.18575,1.18279,1.18289
1599836400,1.18288,1.1841,1.18286,1.18373
1599843600,1.18373,1.18384,1.18263,1.18308
1599850800,1.18307,1.18483,1.18273,1.18461
1600030800,1.18359,1.18475,1.18343,1.18454
1600038000,1.18459,1.18466,1.1832,1.18344
1600045200,1.18346,1.18506,1.18339,1.18492
1600052400,1.18492,1.18511,1.18452,1.18474
1600059600,1.18475,1.18545,1.18427,1.18437
1600066800,1.18439,1.18687,1.18437,1.18565
1600074000,1.18566,1.18759,1.18495,1.1873
1600081200,1.1873,1.1884,1.18636,1.18778
1600088400,1.18781,1.18879,1.18688,1.18713
1600095600,1.18712,1.18844,1.18645,1.18669
1600102800,1.18668,1.18678,1.18594,1.18647
1600110000,1.18648,1.18701,1.18608,1.18637
1600117200,1.18607,1.18685,1.18605,1.18678
1600124400,1.18678,1.18703,1.18588,1.18686
1600131600,1.18686,1.1882,1.18642,1.18804
1600138800,1.18804,1.18947,1.18804,1.18938
1600146000,1.18937,1.18998,1.18842,1.18882
1600153200,1.18881,1.18946,1.1876,1.18818
1600160400,1.18816,1.18994,1.18801,1.18992
1600167600,1.18991,1.19006,1.18684,1.1875
1600174800,1.18748,1.18816,1.18398,1.18507
1600182000,1.18508,1.18537,1.18448,1.18528
1600189200,1.18527,1.1855,1.1845,1.18541
1600196400,1.1854,1.1854,1.18448,1.18465
1600203600,1.18465,1.18515,1.18464,1.18479
1600210800,1.1848,1.1849,1.18291,1.18344
1600218000,1.18343,1.1849,1.18288,1.18454
1600225200,1.18453,1.18489,1.18447,1.18478
1600232400,1.18476,1.18547,1.18411,1.18499
1600239600,1.18497,1.18728,1.18466,1.18658
1600246800,1.18658,1.18826,1.18618,1.1869
1600254000,1.18693,1.18766,1.1846,1.18579
1600261200,1.18579,1.18687,1.18095,1.18304
1600268400,1.18302,1.18467,1.18274,1.18331
1600275600,1.18333,1.18547,1.17875,1.17997
1600282800,1.17998,1.18175,1.17902,1.18161
1600290000,1.18146,1.18192,1.1806,1.18158
1600297200,1.18161,1.18164,1.17687,1.17772
1600304400,1.17768,1.17908,1.176,1.17677
1600311600,1.17675,1.17677,1.17375,1.17588
1600318800,1.17587,1.17789,1.17556,1.17744
1600326000,1.17738,1.18121,1.17705,1.18036
1600333200,1.18034,1.18082,1.17832,1.17982
1600340400,1.17983,1.18128,1.17893,1.18082
1600347600,1.18084,1.18177,1.17938,1.18077
1600354800,1.18077,1.18277,1.18067,1.18221
1600362000,1.18222,1.18444,1.18214,1.18389
1600369200,1.1839,1.18523,1.18345,1.18476
1600376400,1.18464,1.18545,1.18428,1.18523
1600383600,1.18523,1.18618,1.18463,1.18539
1600390800,1.18538,1.18614,1.18433,1.18461
1600398000,1.18459,1.18524,1.18454,1.18487
1600405200,1.18486,1.18664,1.18463,1.18653
1600412400,1.18655,1.18689,1.18403,1.18592
1600419600,1.1859,1.1864,1.18369,1.18413
1600426800,1.18412,1.18458,1.18305,1.18443
1600434000,1.18448,1.18705,1.18262,1.18601
1600441200,1.18604,1.18663,1.1851,1.18657
1600448400,1.18656,1.18675,1.1851,1.18534
1600455600,1.18534,1.18539,1.18399,1.18416
1600635600,1.18419,1.18498,1.18399,1.18483
1600642800,1.18484,1.18606,1.18429,1.18593
1600650000,1.18593,1.18624,1.18545,1.18586
1600657200,1.18587,1.18717,1.18566,1.18666
1600664400,1.18667,1.18701,1.18548,1.18582
1600671600,1.18587,1.18683,1.17914,1.18013
1600678800,1.18005,1.18008,1.17755,1.17871
1600686000,1.17874,1.17972,1.17632,1.17698
1600693200,1.17699,1.178,1.1732,1.17408
1600700400,1.17409,1.17511,1.17318,1.17407
1600707600,1.17406,1.17579,1.17363,1.17541
1600714800,1.1754,1.17748,1.17537,1.17715
1600722000,1.17665,1.17736,1.17638,1.17646
1600729200,1.17642,1.17708,1.1756,1.17682
1600736400,1.17683,1.17703,1.17528,1.17633
1600743600,1.17633,1.17715,1.17616,1.17687
1600750800,1.17689,1.1769,1.17338,1.17471
1600758000,1.17468,1.17512,1.17203,1.17446
1600765200,1.17446,1.17674,1.17334,1.17614
1600772400,1.17615,1.17617,1.17347,1.17506
1600779600,1.17507,1.17608,1.17032,1.17037
1600786800,1.17038,1.17167,1.16918,1.17041
1600794000,1.17041,1.17166,1.17025,1.17048
1600801200,1.17048,1.17131,1.17033,1.17045
1600808400,1.17061,1.17089,1.17041,1.17069
1600815600,1.17071,1.17105,1.16782,1.16805
1600822800,1.16808,1.16924,1.16752,1.16809
1600830000,1.1681,1.16866,1.1675,1.16784
1600837200,1.16786,1.16942,1.16722,1.16915
1600844400,1.16914,1.1705,1.16747,1.17043
1600851600,1.17038,1.17189,1.17013,1.17081
1600858800,1.17082,1.17115,1.16853,1.16916
1600866000,1.16917,1.17043,1.16641,1.16744
1600873200,1.16743,1.16901,1.16677,1.16813
1600880400,1.16812,1.1685,1.16568,1.16574
1600887600,1.16574,1.16642,1.16514,1.16601
1600894800,1.16601,1.16647,1.16569,1.16621
1600902000,1.16622,1.16732,1.1652,1.16731
1600909200,1.16731,1.16797,1.1658,1.16616
1600916400,1.16616,1.16655,1.16526,1.16528
1600923600,1.1653,1.16617,1.16444,1.16527
1600930800,1.16522,1.16737,1.16498,1.16571
1600938000,1.16571,1.16596,1.16332,1.16432
1600945200,1.16432,1.16542,1.16265,1.16396
1600952400,1.16393,1.16569,1.16309,1.16397
1600959600,1.16399,1.16693,1.16359,1.16625
1600966800,1.16624,1.16869,1.16613,1.16664
1600974000,1.16665,1.16745,1.16636,1.16682
1600981200,1.16704,1.16747,1.16671,1.16724
1600988400,1.16725,1.16772,1.16643,1.1668
1600995600,1.16678,1.16743,1.16627,1.16668
1601002800,1.16669,1.16694,1.16621,1.16679
1601010000,1.16676,1.16792,1.16643,1.16763
1601017200,1.1676,1.16851,1.16515,1.16557
1601024400,1.16555,1.16558,1.16386,1.16439
1601031600,1.1644,1.16451,1.16274,1.16369
1601038800,1.16369,1.16395,1.16145,1.16187
1601046000,1.1619,1.16262,1.16122,1.16193
1601053200,1.16195,1.16297,1.16154,1.16221
1601060400,1.16224,1.16352,1.16222,1.16291
1601240400,1.16266,1.16379,1.16187,1.16327
1601247600,1.16329,1.16358,1.1615,1.16163
1601254800,1.16168,1.16375,1.16168,1.16346
1601262000,1.16346,1.16402,1.16315,1.16316
1601269200,1.16314,1.16371,1.16251,1.16267
1601276400,1.16266,1.16458,1.16226,1.1641
1601283600,1.16405,1.16656,1.16378,1.16598
1601290800,1.16599,1.16779,1.16542,1.16631
1601298000,1.16632,1.16801,1.16426,1.16434
1601305200,1.16435,1.16613,1.16425,1.1656
1601312400,1.16559,1.16687,1.16538,1.16638
1601319600,1.16642,1.16713,1.16609,1.16666
1601326800,1.1663,1.16693,1.16606,1.16688
1601334000,1.16692,1.16837,1.16674,1.16767
1601341200,1.16765,1.16788,1.16669,1.16707
1601348400,1.16708,1.16766,1.16707,1.16762
1601355600,1.16762,1.16824,1.16652,1.168
1601362800,1.16799,1.16865,1.16658,1.16834
1601370000,1.16832,1.16984,1.16809,1.16984
1601377200,1.16987,1.17144,1.16931,1.17032
1601384400,1.17032,1.17438,1.16949,1.1731
1601391600,1.17312,1.17421,1.17097,1.17376
1601398800,1.17377,1.17454,1.17319,1.17368
1601406000,1.17369,1.17446,1.17356,1.17432
1601413200,1.17424,1.17448,1.17373,1.17443
1601420400,1.17448,1.17484,1.17361,1.17378
1601427600,1.17379,1.17549,1.17363,1.17464
1601434800,1.17457,1.17463,1.17278,1.17343
1601442000,1.17342,1.17381,1.17228,1.17343
1601449200,1.17342,1.17428,1.17061,1.17097
1601456400,1.17095,1.17189,1.1694,1.17103
1601463600,1.17101,1.17186,1.16988,1.17098
1601470800,1.171,1.17407,1.16847,1.17284
1601478000,1.17283,1.17517,1.17057,1.17216
1601485200,1.17217,1.17282,1.171,1.17164
1601492400,1.17166,1.17274,1.17112,1.17209
1601499600,1.172,1.17311,1.17184,1.17302
1601506800,1.17304,1.17317,1.17172,1.17182
1601514000,1.17183,1.17435,1.17177,1.17408
1601521200,1.17416,1.17484,1.17387,1.17471
1601528400,1.1747,1.17576,1.17422,1.17535
1601535600,1.17534,1.17573,1.17222,1.17244
1601542800,1.17241,1.17508,1.17236,1.17433
1601550000,1.17432,1.17697,1.17412,1.17546
1601557200,1.17547,1.17592,1.17212,1.17364
1601564400,1.17365,1.17559,1.17339,1.17448
1601571600,1.17447,1.17471,1.17349,1.17462
1601578800,1.17461,1.17507,1.17416,1.17455
1601586000,1.17445,1.17477,1.17415,1.17447
1601593200,1.17446,1.17448,1.17336,1.17348
1601600400,1.17347,1.1737,1.1714,1.17198
1601607600,1.17197,1.17215,1.17033,1.1706
1601614800,1.17062,1.17388,1.16957,1.17372
1601622000,1.17373,1.17416,1.17115,1.17138
1601629200,1.17138,1.1726,1.17088,1.17127
1601636400,1.17129,1.17336,1.16987,1.17084
1601643600,1.17084,1.17247,1.17,1.17141
1601650800,1.1714,1.1722,1.17017,1.17178
1601658000,1.17176,1.17214,1.17118,1.17122
1601665200,1.17121,1.17167,1.17096,1.17165
1601845200,1.17108,1.17172,1.17052,1.17149
1601852400,1.17149,1.17288,1.17128,1.17251
1601859600,1.17251,1.17357,1.17213,1.17321
1601866800,1.17321,1.17341,1.17267,1.17321
1601874000,1.17323,1.17357,1.17209,1.17244
1601881200,1.17241,1.17498,1.17198,1.1749
1601888400,1.17493,1.17594,1.17469,1.17526
1601895600,1.17524,1.17694,1.17462,1.1764
1601902800,1.17644,1.17976,1.17644,1.17898
1601910000,1.17896,1.17924,1.1782,1.17865
1601917200,1.17865,1.17866,1.17716,1.1775
1601924400,1.1775,1.17877,1.17749,1.17845
1601931600,1.17816,1.17882,1.1778,1.17876
1601938800,1.17881,1.1793,1.17836,1.17907
1601946000,1.17908,1.17928,1.1786,1.1791
1601953200,1.1791,1.17985,1.17881,1.17886
1601960400,1.17886,1.17922,1.17776,1.17852
1601967600,1.17847,1.18002,1.17656,1.17776
1601974800,1.17777,1.17888,1.1773,1.17778
1601982000,1.17782,1.18078,1.17751,1.17915
1601989200,1.17913,1.18027,1.17782,1.17911
1601996400,1.17911,1.17942,1.17729,1.1781
1602003600,1.17809,1.17903,1.17355,1.17559
1602010800,1.17556,1.17603,1.17319,1.17335
1602018000,1.17332,1.17378,1.17303,1.17339
1602025200,1.17338,1.17406,1.17307,1.17353
1602032400,1.17353,1.17353,1.1725,1.17314
1602039600,1.17315,1.17349,1.17271,1.17337
1602046800,1.17336,1.17551,1.17298,1.17548
1602054000,1.17547,1.17671,1.17498,1.17578
1602061200,1.17579,1.1765,1.17492,1.17588
1602068400,1.17588,1.17818,1.17588,1.17784
1602075600,1.17783,1.17789,1.17579,1.17614
1602082800,1.17615,1.17736,1.17598,1.17717
1602090000,1.17717,1.17751,1.17616,1.17673
1602097200,1.17671,1.17693,1.17602,1.17629
1602104400,1.176,1.17704,1.17588,1.17683
1602111600,1.17686,1.17694,1.17612,1.1765
1602118800,1.1765,1.17718,1.17596,1.17709
1602126000,1.1771,1.17718,1.17673,1.17688
1602133200,1.17687,1.17817,1.17681,1.17783
1602140400,1.17785,1.1779,1.17558,1.17607
1602147600,1.17604,1.17676,1.17528,1.17603
1602154800,1.17601,1.1769,1.17521,1.17553
1602162000,1.1755,1.17561,1.17329,1.17476
1602169200,1.17475,1.17579,1.17445,1.17546
1602176400,1.17545,1.17599,1.17516,1.17576
1602183600,1.17576,1.17615,1.17538,1.17603
1602190800,1.17572,1.17648,1.1753,1.1764
1602198000,1.17643,1.17672,1.17575,1.17609
1602205200,1.17611,1.17789,1.17601,1.17783
1602212400,1.17782,1.17809,1.17736,1.17751
1602219600,1.17752,1.17776,1.17667,1.17738
1602226800,1.17743,1.18041,1.17706,1.18019
1602234000,1.18018,1.18086,1.17915,1.18029
1602241200,1.18028,1.18099,1.17933,1.18092
1602248400,1.18089,1.18237,1.18009,1.18149
1602255600,1.1815,1.18281,1.1808,1.18232
1602262800,1.18232,1.1828,1.18181,1.1825
1602270000,1.18251,1.18305,1.18225,1.18293
1602450000,1.18101,1.18204,1.18101,1.18166
1602457200,1.1817,1.18217,1.18102,1.18127
1602464400,1.18127,1.18219,1.18086,1.18175
1602471600,1.18176,1.18215,1.18149,1.18184
1602478800,1.18184,1.18267,1.18107,1.18156
1602486000,1.18156,1.18233,1.18058,1.18111
1602493200,1.18112,1.18139,1.17951,1.17965
1602500400,1.17968,1.18135,1.17868,1.18096
1602507600,1.18096,1.18166,1.18036,1.18138
1602514800,1.18141,1.18151,1.18021,1.18108
1602522000,1.18107,1.18112,1.18047,1.18101
1602529200,1.18101,1.1815,1.18098,1.18118
1602536400,1.18104,1.18153,1.18067,1.18138
1602543600,1.18139,1.18148,1.17942,1.18001
1602550800,1.18,1.18055,1.17905,1.17965
1602558000,1.17965,1.17987,1.17919,1.17983
1602565200,1.17983,1.18031,1.17869,1.1787
1602572400,1.17871,1.17992,1.17783,1.17934
1602579600,1.17932,1.17966,1.17856,1.1791
1602586800,1.17911,1.17987,1.17833,1.17909
1602594000,1.17911,1.17911,1.17376,1.17445
1602601200,1.17443,1.17483,1.17303,1.17346
1602608400,1.17346,1.1747,1.1731,1.17449
1602615600,1.17447,1.17493,1.17435,1.17454
1602622800,1.17437,1.17466,1.17429,1.17435
1602630000,1.17437,1.17508,1.1738,1.17455
1602637200,1.17456,1.17468,1.17352,1.17431
1602644400,1.17432,1.17474,1.174,1.17426
1602651600,1.17427,1.17471,1.17398,1.17441
1602658800,1.17436,1.17536,1.17289,1.17403
1602666000,1.17402,1.17457,1.17199,1.17343
1602673200,1.17344,1.17692,1.17341,1.17613
1602680400,1.17616,1.1771,1.17528,1.17584
1602687600,1.17586,1.17677,1.17455,1.17513
1602694800,1.17515,1.1757,1.17439,1.17506
1602702000,1.17505,1.17556,1.17444,1.17458
1602709200,1.17451,1.17505,1.17407,1.17427
1602716400,1.17429,1.17515,1.1742,1.17478
1602723600,1.17482,1.17559,1.17429,1.17438
1602730800,1.17436,1.17535,1.17432,1.17522
1602738000,1.17522,1.17578,1.17352,1.17368
1602745200,1.17367,1.17429,1.17032,1.17066
1602752400,1.17066,1.17255,1.17039,1.17179
1602759600,1.17178,1.17221,1.16924,1.16992
1602766800,1.16994,1.1707,1.16886,1.16997
1602774000,1.16995,1.17062,1.16907,1.16972
1602781200,1.16973,1.17064,1.16927,1.16971
1602788400,1.16969,1.171,1.16965,1.17073
1602795600,1.17076,1.17107,1.17053,1.17057
1602802800,1.17057,1.17124,1.17005,1.17119
1602810000,1.17119,1.17155,1.17021,1.17034
1602817200,1.17035,1.17059,1.1702,1.17028
1602824400,1.17029,1.17096,1.16941,1.1704
1602831600,1.17036,1.17201,1.17005,1.17048
1602838800,1.17047,1.17238,1.17025,1.1718
1602846000,1.1718,1.17462,1.17134,1.17327
1602853200,1.17328,1.17395,1.17136,1.17203
1602860400,1.17199,1.17248,1.17139,1.1719
1602867600,1.17188,1.17228,1.17154,1.17187
1602874800,1.17188,1.17196,1.17131,1.17161
1603054800,1.17172,1.17198,1.17123,1.17127
1603062000,1.17128,1.17235,1.17113,1.17235
1603069200,1.17235,1.1725,1.17086,1.17146
1603076400,1.17146,1.17146,1.17039,1.17056
1603083600,1.17055,1.17141,1.17031,1.17045
1603090800,1.17046,1.17419,1.17045,1.17377
1603098000,1.17376,1.17671,1.17374,1.17668
1603105200,1.17668,1.17887,1.17646,1.17774
1603112400,1.17773,1.17936,1.17728,1.17822
1603119600,1.17818,1.17907,1.17774,1.17818
1603126800,1.17819,1.17854,1.17669,1.1767
1603134000,1.17669,1.17734,1.17644,1.17709
1603141200,1.17666,1.17709,1.17639,1.17682
1603148400,1.17682,1.17759,1.17649,1.17749
1603155600,1.17749,1.17756,1.17641,1.17688
1603162800,1.17688,1.17778,1.17678,1.17772
1603170000,1.17771,1.17804,1.17667,1.17673
1603177200,1.17672,1.17935,1.17599,1.1782
1603184400,1.17819,1.18179,1.1781,1.18136
1603191600,1.18137,1.18169,1.18007,1.18088
1603198800,1.18087,1.18408,1.18076,1.18306
1603206000,1.18306,1.18329,1.18196,1.18266
1603213200,1.18265,1.18362,1.18262,1.18272
1603220400,1.18273,1.18298,1.18213,1.18222
1603227600,1.18212,1.18291,1.18206,1.18281
1603234800,1.18281,1.18349,1.18261,1.18335
1603242000,1.18335,1.18436,1.18301,1.1838
1603249200,1.1838,1.18496,1.18372,1.18476
1603256400,1.18478,1.18626,1.18428,1.18552
1603263600,1.18551,1.18705,1.18473,1.18507
1603270800,1.18504,1.18598,1.18429,1.18592
1603278000,1.18591,1.1866,1.18416,1.18625
1603285200,1.18627,1.18807,1.18442,1.18739
1603292400,1.18737,1.18798,1.18657,1.18734
1603299600,1.18733,1.18768,1.18611,1.18612
1603306800,1.18612,1.18632,1.1854,1.18611
1603314000,1.18582,1.18647,1.18541,1.18596
1603321200,1.18596,1.18611,1.18427,1.18459
1603328400,1.18459,1.1851,1.18382,1.18423
1603335600,1.18424,1.18452,1.18398,1.1845
1603342800,1.18449,1.18595,1.18426,1.18483
1603350000,1.18481,1.18669,1.18404,1.18446
1603357200,1.18445,1.18457,1.18249,1.18291
1603364400,1.18291,1.18296,1.18115,1.18261
1603371600,1.18262,1.18367,1.18155,1.18285
1603378800,1.18287,1.18334,1.18197,1.18222
1603386000,1.18223,1.18262,1.18163,1.18188
1603393200,1.18189,1.1821,1.18159,1.18186
1603400400,1.18168,1.18233,1.18161,1.18227
1603407600,1.18228,1.18233,1.17868,1.17997
1603414800,1.17996,1.18044,1.1795,1.18038
1603422000,1.18036,1.18044,1.17955,1.18021
1603429200,1.18018,1.18038,1.17914,1.17988
1603436400,1.17986,1.18465,1.17967,1.18387
1603443600,1.18386,1.18536,1.18343,1.18477
1603450800,1.18479,1.18601,1.18426,1.18531
1603458000,1.1853,1.18546,1.18254,1.18353
1603465200,1.18353,1.18448,1.18332,1.18433
1603472400,1.18433,1.18616,1.18424,1.18586
1603479600,1.18585,1.18648,1.18568,1.18598
1603659600,1.18535,1.18594,1.18409,1.18419
1603666800,1.18421,1.18506,1.18394,1.18444
1603674000,1.18446,1.18492,1.18338,1.18365
1603681200,1.18364,1.18379,1.18323,1.18329
1603688400,1.18328,1.18368,1.18291,1.18341
1603695600,1.18341,1.18475,1.18133,1.18181
1603702800,1.18181,1.18239,1.18033,1.18234
1603710000,1.18236,1.18278,1.18058,1.18134
1603717200,1.18136,1.18249,1.18097,1.18126
1603724400,1.18123,1.18241,1.18078,1.18241
1603731600,1.1824,1.18264,1.18108,1.18129
1603738800,1.18131,1.18158,1.18063,1.18091
1603746000,1.18084,1.18121,1.18064,1.18073
1603753200,1.18074,1.18209,1.18069,1.18207
1603760400,1.18208,1.1825,1.18154,1.18228
1603767600,1.18228,1.18253,1.18173,1.18245
1603774800,1.18245,1.18359,1.18245,1.18318
1603782000,1.18319,1.18319,1.17963,1.18094
1603789200,1.18092,1.1817,1.18008,1.18144
1603796400,1.18146,1.18332,1.18136,1.18274
1603803600,1.18268,1.18388,1.18199,1.18242
1603810800,1.18242,1.1837,1.18206,1.18291
1603818000,1.18292,1.18305,1.18119,1.18121
1603825200,1.1812,1.1816,1.17925,1.17953
1603832400,1.17958,1.17958,1.17697,1.17801
1603839600,1.17801,1.17825,1.17727,1.1779
1603846800,1.1779,1.1788,1.17771,1.17779
1603854000,1.17778,1.17812,1.17745,1.17795
1603861200,1.17794,1.17852,1.17646,1.17676
1603868400,1.17679,1.17782,1.175,1.17648
1603875600,1.17645,1.17649,1.17376,1.17381
1603882800,1.1738,1.17466,1.17179,1.17267
1603890000,1.17267,1.17418,1.17208,1.17327
1603897200,1.17326,1.17603,1.17308,1.17512
1603904400,1.17512,1.17582,1.17457,1.17507
1603911600,1.17512,1.17558,1.17447,1.17461
1603918800,1.1745,1.17535,1.17437,1.17483
1603926000,1.17486,1.17563,1.17439,1.17513
1603933200,1.17514,1.17588,1.17474,1.17476
1603940400,1.17478,1.17551,1.1744,1.17527
1603947600,1.17531,1.17574,1.17492,1.17547
1603954800,1.17544,1.17555,1.1725,1.17293
1603962000,1.17293,1.17386,1.1715,1.17173
1603969200,1.17176,1.17209,1.16951,1.17042
1603976400,1.17044,1.17145,1.16745,1.16839
1603983600,1.16841,1.16846,1.16549,1.16606
1603990800,1.16605,1.16742,1.16502,1.16704
1603998000,1.16703,1.16784,1.16701,1.16729
1604005200,1.16715,1.16751,1.16681,1.16697
1604012400,1.16698,1.16789,1.16688,1.16741
1604019600,1.16742,1.16899,1.16725,1.16857
1604026800,1.16859,1.16945,1.16812,1.16815
1604034000,1.16816,1.16843,1.1675,1.16781
1604041200,1.16776,1.16837,1.16605,1.16687
1604048400,1.16688,1.16827,1.16646,1.16729
1604055600,1.16729,1.17043,1.16648,1.16994
1604062800,1.16994,1.17028,1.16755,1.16779
1604070000,1.16779,1.16881,1.16422,1.16511
1604077200,1.16509,1.16512,1.164,1.16442
1604084400,1.16441,1.16508,1.16418,1.16465
1604268000,1.1647,1.16493,1.16388,1.16416
1604275200,1.16416,1.16486,1.16376,1.16418
1604282400,1.16419,1.16471,1.16391,1.16406
1604289600,1.16405,1.16405,1.16301,1.16373
1604296800,1.1637,1.16436,1.16271,1.163
1604304000,1.163,1.16492,1.16224,1.16405
1604311200,1.16402,1.16557,1.16382,1.16511
1604318400,1.16512,1.16544,1.16363,1.16372
1604325600,1.16371,1.16386,1.16251,1.16359
1604332800,1.16361,1.16406,1.16238,1.16277
1604340000,1.16277,1.16326,1.16228,1.1631
1604347200,1.1631,1.16409,1.16304,1.16401
1604354400,1.16407,1.16423,1.16231,1.16404
1604361600,1.16403,1.16511,1.16372,1.16499
1604368800,1.165,1.16545,1.16472,1.16515
1604376000,1.16515,1.16596,1.1649,1.16549
1604383200,1.16548,1.16727,1.16533,1.16715
1604390400,1.16713,1.16977,1.16667,1.16967
1604397600,1.16967,1.17181,1.16919,1.17068
1604404800,1.17074,1.17134,1.16987,1.17045
1604412000,1.17044,1.17354,1.17026,1.17296
1604419200,1.17296,1.17398,1.17082,1.17095
1604426400,1.17095,1.17128,1.16988,1.17053
1604433600,1.1705,1.17225,1.16958,1.17201
1604440800,1.17127,1.17639,1.17118,1.17619
1604448000,1.17617,1.17712,1.16745,1.16837
1604455200,1.16837,1.16859,1.16029,1.16445
1604462400,1.16445,1.16819,1.16313,1.16588
1604469600,1.16582,1.16659,1.16281,1.16612
1604476800,1.16608,1.16951,1.16542,1.16757
1604484000,1.16758,1.17098,1.16722,1.17073
1604491200,1.1707,1.17455,1.16971,1.17104
1604498400,1.17106,1.17197,1.16804,1.17087
1604505600,1.17083,1.17342,1.16975,1.17151
1604512800,1.1715,1.1726,1.17102,1.17252
1604520000,1.17248,1.17285,1.17156,1.17229
1604527200,1.17255,1.17377,1.17158,1.17322
1604534400,1.17321,1.17391,1.17181,1.17214
1604541600,1.17213,1.17395,1.17108,1.17351
1604548800,1.17352,1.17443,1.17336,1.17362
1604556000,1.17364,1.17487,1.17276,1.17456
1604563200,1.17455,1.18023,1.17404,1.17945
1604570400,1.17941,1.18147,1.17888,1.18103
1604577600,1.18101,1.18598,1.18056,1.18392
1604584800,1.18392,1.18398,1.18012,1.18246
1604592000,1.18248,1.18319,1.17914,1.18033
1604599200,1.18037,1.18395,1.17952,1.18385
1604606400,1.18384,1.18443,1.18111,1.18268
1604613600,1.18248,1.18463,1.18084,1.18166
1604620800,1.18168,1.18317,1.17953,1.18118
1604628000,1.1812,1.18334,1.18076,1.18241
1604635200,1.18241,1.18271,1.1814,1.18144
1604642400,1.18143,1.18407,1.1813,1.18403
1604649600,1.18406,1.18536,1.18255,1.18532
1604656800,1.18531,1.18806,1.18465,1.18776
1604664000,1.18775,1.18902,1.1862,1.18891
1604671200,1.18895,1.1891,1.18512,1.18726
1604678400,1.18725,1.18903,1.18708,1.18811
1604685600,1.18809,1.18865,1.18787,1.18818
1604692800,1.18817,1.18829,1.18717,1.18752
1604872800,1.18873,1.1895,1.18838,1.18926
1604880000,1.18926,1.1895,1.18791,1.1888
1604887200,1.18877,1.18929,1.18869,1.18914
1604894400,1.18916,1.18958,1.18801,1.18805
1604901600,1.18807,1.18985,1.18807,1.18886
1604908800,1.18886,1.18963,1.18649,1.18738
1604916000,1.18739,1.18999,1.18601,1.18864
1604923200,1.18868,1.19068,1.18704,1.1893
1604930400,1.1893,1.19199,1.1814,1.18282
1604937600,1.18282,1.18282,1.17953,1.18186
1604944800,1.18185,1.18325,1.1803,1.18323
1604952000,1.18324,1.18362,1.18103,1.18135
1604959200,1.18128,1.18277,1.18104,1.18241
1604966400,1.18239,1.18283,1.18069,1.18241
1604973600,1.18245,1.18384,1.18229,1.18308
1604980800,1.18307,1.18375,1.1825,1.18334
1604988000,1.18334,1.18358,1.1814,1.18169
1604995200,1.18167,1.18433,1.18004,1.18063
1605002400,1.18064,1.18098,1.17797,1.18009
1605009600,1.18008,1.18197,1.17931,1.18104
1605016800,1.18102,1.18342,1.18012,1.18208
1605024000,1.18204,1.18233,1.18028,1.18197
1605031200,1.18197,1.1826,1.18131,1.18139
1605038400,1.18138,1.18186,1.18033,1.18173
1605045600,1.18141,1.18207,1.18087,1.18185
1605052800,1.18183,1.18283,1.18169,1.1827
1605060000,1.18271,1.18327,1.18216,1.18269
1605067200,1.1827,1.18289,1.18211,1.18249
1605074400,1.18248,1.18282,1.18072,1.18082
1605081600,1.18084,1.181,1.17797,1.1793
1605088800,1.17928,1.17972,1.17621,1.17685
1605096000,1.17684,1.17743,1.17537,1.17586
1605103200,1.17584,1.17638,1.17455,1.17579
1605110400,1.17583,1.17743,1.17562,1.1773
1605117600,1.17731,1.17778,1.17692,1.17739
1605124800,1.17738,1.17824,1.17701,1.17788
1605132000,1.17759,1.17799,1.17722,1.17792
1605139200,1.17793,1.17883,1.17732,1.17822
1605146400,1.17821,1.17835,1.17724,1.17734
1605153600,1.17735,1.17763,1.17678,1.17738
1605160800,1.17739,1.17753,1.17587,1.177
1605168000,1.17703,1.18121,1.17703,1.18093
1605175200,1.18092,1.18231,1.18082,1.18103
1605182400,1.18104,1.18129,1.17901,1.18094
1605189600,1.18095,1.18159,1.17873,1.18105
1605196800,1.18106,1.18175,1.17986,1.18001
1605204000,1.17998,1.18112,1.17961,1.18061
1605211200,1.18061,1.18091,1.17992,1.18055
1605218400,1.18014,1.18077,1.18003,1.1804
1605225600,1.1804,1.18137,1.18038,1.18088
1605232800,1.18086,1.18086,1.18007,1.1802
1605240000,1.18019,1.18098,1.1799,1.18064
1605247200,1.18069,1.18179,1.18008,1.18156
1605254400,1.18156,1.18273,1.1807,1.18271
1605261600,1.18272,1.18345,1.18151,1.18178
1605268800,1.18179,1.18264,1.18083,1.18207
1605276000,1.18204,1.18317,1.18134,1.182
1605283200,1.18201,1.18315,1.18178,1.18264
1605290400,1.18264,1.1835,1.18242,1.18328
1605297600,1.18326,1.18374,1.18307,1.18328
1605477600,1.18398,1.18488,1.18224,1.18447
1605484800,1.18447,1.18489,1.18373,1.1848
1605492000,1.18479,1.18543,1.18453,1.18523
1605499200,1.18523,1.18546,1.1847,1.18471
1605506400,1.1847,1.18569,1.18442,1.18559
1605513600,1.18555,1.18688,1.18404,1.18451
1605520800,1.1845,1.18491,1.18258,1.18294
1605528000,1.18294,1.18494,1.18142,1.18212
1605535200,1.18212,1.1842,1.18189,1.1835
1605542400,1.18351,1.18456,1.18348,1.18418
1605549600,1.18418,1.18466,1.18368,1.18425
1605556800,1.18426,1.1857,1.18424,1.18538
1605564000,1.18515,1.18608,1.1851,1.18593
1605571200,1.18593,1.18668,1.18586,1.18599
1605578400,1.18599,1.18669,1.18589,1.18603
1605585600,1.18603,1.18607,1.18541,1.18563
1605592800,1.18563,1.18598,1.18461,1.18462
1605600000,1.18461,1.18755,1.18428,1.1868
1605607200,1.1868,1.18856,1.18652,1.18776
1605614400,1.18774,1.18938,1.18666,1.1886
1605621600,1.1886,1.1886,1.18579,1.1876
1605628800,1.18762,1.18775,1.18574,1.1863
1605636000,1.1863,1.18694,1.18625,1.18642
1605643200,1.18645,1.18662,1.18605,1.1861
1605650400,1.18618,1.18649,1.18605,1.18637
1605657600,1.18636,1.1866,1.18504,1.18547
1605664800,1.18546,1.18622,1.18536,1.18622
1605672000,1.18622,1.18772,1.18606,1.18734
1605679200,1.18733,1.18862,1.18693,1.18824
1605686400,1.18826,1.18909,1.1876,1.18882
1605693600,1.18882,1.18882,1.18696,1.18723
1605700800,1.18723,1.18725,1.18516,1.18594
1605708000,1.18595,1.18768,1.18542,1.18749
1605715200,1.1875,1.18766,1.18626,1.18695
1605722400,1.18694,1.18701,1.18585,1.18637
1605729600,1.18637,1.18671,1.18493,1.18543
1605736800,1.18559,1.18573,1.18449,1.18452
1605744000,1.18448,1.18448,1.18319,1.18428
1605751200,1.18427,1.18512,1.1841,1.18422
1605758400,1.18422,1.18522,1.18412,1.18504
1605765600,1.18504,1.18522,1.18423,1.18443
1605772800,1.18446,1.18498,1.18219,1.18296
1605780000,1.18293,1.18385,1.18163,1.1838
1605787200,1.18381,1.18415,1.18274,1.18303
1605794400,1.18305,1.18458,1.18184,1.18398
1605801600,1.18397,1.18507,1.18346,1.18464
1605808800,1.18463,1.18758,1.18463,1.18757
1605816000,1.18758,1.18824,1.18731,1.18734
1605823200,1.18728,1.18756,1.18652,1.18654
1605830400,1.18655,1.18782,1.18655,1.18767
1605837600,1.18767,1.1879,1.18706,1.18756
1605844800,1.18757,1.18909,1.18746,1.18841
1605852000,1.18838,1.18888,1.18662,1.18698
1605859200,1.18697,1.18742,1.18562,1.18593
1605866400,1.18592,1.1875,1.18513,1.18739
1605873600,1.18738,1.18783,1.18565,1.18678
1605880800,1.18679,1.18758,1.18501,1.18544
1605888000,1.18544,1.18631,1.18505,1.18542
1605895200,1.1854,1.18594,1.18499,1.18583
1605902400,1.18582,1.18636,1.18569,1.18593
1606082400,1.18526,1.1866,1.18504,1.18656
1606089600,1.18656,1.1878,1.18637,1.18767
1606096800,1.18765,1.18766,1.1872,1.18723
1606104000,1.18724,1.1877,1.18715,1.18767
1606111200,1.18768,1.1879,1.18672,1.1868
1606118400,1.18681,1.18827,1.18631,1.18777
1606125600,1.18776,1.19057,1.18756,1.1904
1606132800,1.1904,1.19059,1.18901,1.18995
1606140000,1.18997,1.19005,1.18127,1.1817
1606147200,1.18166,1.18425,1.18,1.18413
1606154400,1.18414,1.18459,1.1835,1.18418
1606161600,1.18416,1.18478,1.1837,1.1841
1606168800,1.18399,1.18474,1.1835,1.18422
1606176000,1.18424,1.18474,1.18383,1.18419
1606183200,1.18418,1.18479,1.18415,1.18449
1606190400,1.18451,1.18552,1.18436,1.1852
1606197600,1.18521,1.1857,1.18461,1.18479
1606204800,1.18481,1.18904,1.18481,1.18835
1606212000,1.18837,1.18941,1.18661,1.18674
1606219200,1.18672,1.18761,1.18505,1.18542
1606226400,1.18541,1.18825,1.18414,1.18736
1606233600,1.18738,1.18865,1.18652,1.18726
1606240800,1.18727,1.18846,1.18677,1.18831
1606248000,1.1883,1.1896,1.18823,1.18927
1606255200,1.18912,1.18977,1.18888,1.18975
1606262400,1.18976,1.19062,1.18946,1.18981
1606269600,1.1898,1.19089,1.18957,1.19065
1606276800,1.19066,1.19102,1.18961,1.18978
1606284000,1.18979,1.19143,1.18911,1.19069
1606291200,1.19067,1.19298,1.18919,1.19047
1606298400,1.19045,1.19047,1.18819,1.18823
1606305600,1.18823,1.19152,1.18819,1.19044
1606312800,1.19045,1.19263,1.18916,1.19019
1606320000,1.19018,1.1922,1.18985,1.19157
1606327200,1.1916,1.19225,1.1908,1.19155
1606334400,1.19154,1.19245,1.19114,1.19138
1606341600,1.19161,1.19182,1.19127,1.19162
1606348800,1.19165,1.19292,1.19162,1.19266
1606356000,1.19266,1.19284,1.19214,1.19235
1606363200,1.19237,1.19281,1.19201,1.19261
1606370400,1.19263,1.1941,1.19259,1.19261
1606377600,1.19262,1.19344,1.1902,1.19035
1606384800,1.19034,1.19146,1.19014,1.19028
1606392000,1.19028,1.19049,1.18854,1.1898
1606399200,1.18981,1.19066,1.18931,1.19009
1606406400,1.19013,1.19148,1.19013,1.19129
1606413600,1.19129,1.19186,1.19095,1.19147
1606420800,1.19149,1.19156,1.19088,1.1913
1606428000,1.19124,1.19132,1.19066,1.19108
1606435200,1.19111,1.19149,1.19094,1.19136
1606442400,1.19137,1.19239,1.19101,1.19235
1606449600,1.19236,1.19286,1.19226,1.19268
1606456800,1.19268,1.19302,1.19192,1.19276
1606464000,1.19275,1.19328,1.19146,1.19228
1606471200,1.19229,1.19272,1.19161,1.19226
1606478400,1.19227,1.19393,1.1914,1.19367
1606485600,1.19369,1.19512,1.19315,1.19445
1606492800,1.19444,1.19618,1.19433,1.19567
1606500000,1.19567,1.19628,1.19499,1.19573
1606507200,1.19575,1.19629,1.19561,1.19606
1606687200,1.19605,1.19739,1.19605,1.19721
1606694400,1.19723,1.19742,1.19641,1.19738
1606701600,1.19738,1.19739,1.19656,1.19683
1606708800,1.19682,1.19749,1.19653,1.19721
1606716000,1.19722,1.19765,1.19621,1.19739
1606723200,1.1974,1.19852,1.19677,1.19845
1606730400,1.19846,1.19903,1.198,1.19876
1606737600,1.19878,1.19924,1.19731,1.19864
1606744800,1.19865,1.20033,1.19554,1.19638
1606752000,1.19636,1.19653,1.19418,1.19544
1606759200,1.19546,1.19594,1.19426,1.19473
1606766400,1.19474,1.19474,1.19238,1.19258
1606773600,1.19263,1.19388,1.19254,1.19373
1606780800,1.19374,1.19495,1.19353,1.19493
1606788000,1.19494,1.19596,1.1948,1.19575
1606795200,1.19576,1.19598,1.19552,1.19571
1606802400,1.19569,1.19729,1.19541,1.19686
1606809600,1.19685,1.19856,1.19632,1.19807
1606816800,1.19806,1.19819,1.19601,1.19699
1606824000,1.197,1.1994,1.19643,1.19921
1606831200,1.19922,1.20419,1.19752,1.20317
1606838400,1.20314,1.20544,1.20313,1.20451
1606845600,1.20451,1.20523,1.20427,1.20478
1606852800,1.20477,1.20766,1.20477,1.20719
1606860000,1.20676,1.20737,1.20664,1.20706
1606867200,1.20709,1.20722,1.20606,1.20684
1606874400,1.20685,1.20836,1.20681,1.20823
1606881600,1.20822,1.20832,1.20665,1.20682
1606888800,1.20684,1.20876,1.20641,1.20689
1606896000,1.20689,1.20763,1.20455,1.20535
1606903200,1.20535,1.20618,1.20422,1.20517
1606910400,1.20517,1.20786,1.204,1.2066
1606917600,1.20662,1.21085,1.20602,1.20783
1606924800,1.20784,1.2099,1.20756,1.20934
1606932000,1.20935,1.21028,1.209,1.20998
1606939200,1.20999,1.21184,1.20958,1.21154
1606946400,1.21148,1.21155,1.21088,1.21139
1606953600,1.2114,1.2115,1.21041,1.21133
1606960800,1.21132,1.21249,1.21119,1.21238
1606968000,1.21239,1.21244,1.21162,1.21195
1606975200,1.21194,1.21255,1.21133,1.21228
1606982400,1.21228,1.21394,1.21011,1.21116
1606989600,1.21114,1.21298,1.2104,1.2129
1606996800,1.21291,1.21612,1.21188,1.21511
1607004000,1.21513,1.21746,1.21445,1.21613
1607011200,1.21617,1.21631,1.21378,1.21462
1607018400,1.21461,1.21476,1.21327,1.21426
1607025600,1.21425,1.21494,1.21335,1.21479
1607032800,1.21433,1.21498,1.21401,1.21451
1607040000,1.21452,1.21539,1.21409,1.21439
1607047200,1.21439,1.21476,1.2139,1.21454
1607054400,1.21453,1.21512,1.21411,1.215
1607061600,1.215,1.21606,1.21478,1.21533
1607068800,1.21533,1.21733,1.21437,1.21669
1607076000,1.21668,1.21774,1.21567,1.21685
1607083200,1.21686,1.21745,1.21316,1.21457
1607090400,1.21458,1.21719,1.21355,1.21402
1607097600,1.21402,1.21505,1.21332,1.21436
1607104800,1.21436,1.21517,1.21337,1.21373
1607112000,1.21373,1.21404,1.21101,1.21206
1607292000,1.213,1.2133,1.2119,1.21201
1607299200,1.21201,1.21361,1.21188,1.21351
1607306400,1.2135,1.21403,1.21326,1.21344
1607313600,1.21341,1.21345,1.21305,1.21317
1607320800,1.21318,1.21329,1.21143,1.21212
1607328000,1.21211,1.21226,1.20785,1.20931
1607335200,1.2093,1.21141,1.20851,1.2113
1607342400,1.21125,1.21395,1.21057,1.21373
1607349600,1.21371,1.21664,1.2132,1.21325
1607356800,1.21327,1.21419,1.21298,1.21332
1607364000,1.21332,1.21332,1.21178,1.21194
1607371200,1.21195,1.21207,1.21076,1.2109
1607378400,1.21073,1.21133,1.21058,1.21094
1607385600,1.21094,1.21112,1.21042,1.2107
1607392800,1.21071,1.21153,1.21052,1.21142
1607400000,1.21142,1.21195,1.21131,1.21183
1607407200,1.21183,1.21232,1.21073,1.21128
1607414400,1.21131,1.21342,1.20953,1.21295
1607421600,1.21295,1.21328,1.21073,1.21077
1607428800,1.21075,1.21303,1.21075,1.21181
1607436000,1.21181,1.21336,1.21001,1.21136
1607443200,1.21135,1.21164,1.21037,1.21152
1607450400,1.21151,1.21173,1.21011,1.21038
1607457600,1.21037,1.21076,1.21001,1.21046
1607464800,1.21033,1.211,1.21003,1.21094
1607472000,1.21095,1.21146,1.21071,1.21113
1607479200,1.21112,1.21236,1.21104,1.21212
1607486400,1.21211,1.21311,1.2121,1.21311
1607493600,1.21311,1.21473,1.21269,1.21294
1607500800,1.21294,1.21374,1.212,1.21256
1607508000,1.21255,1.21364,1.2108,1.21129
1607515200,1.2113,1.21209,1.21011,1.21206
1607522400,1.21206,1.21237,1.20777,1.20831
1607529600,1.20829,1.2085,1.20591,1.20724
1607536800,1.20725,1.20735,1.20609,1.20728
1607544000,1.20729,1.20838,1.20705,1.20814
1607551200,1.20801,1.20817,1.20742,1.20784
1607558400,1.20785,1.20845,1.20785,1.20817
1607565600,1.20817,1.20955,1.2081,1.20934
1607572800,1.20934,1.21005,1.20931,1.20962
1607580000,1.20962,1.20984,1.20857,1.20903
1607587200,1.20904,1.21087,1.20834,1.21062
1607594400,1.21061,1.21086,1.2085,1.20897
1607601600,1.20899,1.21354,1.20812,1.21258
1607608800,1.21261,1.21589,1.20966,1.21327
1607616000,1.21333,1.21347,1.21107,1.21202
1607623200,1.21202,1.21363,1.21134,1.21337
1607630400,1.21337,1.21449,1.21323,1.21416
1607637600,1.21359,1.2144,1.21359,1.21433
1607644800,1.21434,1.21601,1.21404,1.21557
1607652000,1.21557,1.21596,1.21511,1.21579
1607659200,1.21577,1.21602,1.21536,1.21552
1607666400,1.21556,1.21629,1.21258,1.21308
1607673600,1.21306,1.21354,1.21126,1.21176
1607680800,1.21175,1.21378,1.21103,1.2122
1607688000,1.21219,1.21303,1.2114,1.21157
1607695200,1.21156,1.21333,1.21055,1.21069
1607702400,1.2107,1.21179,1.21063,1.21165
1607709600,1.21166,1.21203,1.21111,1.21131
1607716800,1.2113,1.21186,1.21106,1.21134
1607896800,1.21348,1.21431,1.21328,1.21332
1607904000,1.21331,1.21334,1.21157,1.2129
1607911200,1.21291,1.21338,1.21284,1.21325
1607918400,1.21325,1.21417,1.21304,1.21406
1607925600,1.21406,1.21554,1.21385,1.21534
1607932800,1.21529,1.21603,1.21387,1.21579
1607940000,1.21576,1.21607,1.21478,1.21552
1607947200,1.21553,1.21769,1.21526,1.21714
1607954400,1.21714,1.21714,1.21232,1.21248
1607961600,1.21252,1.21605,1.2123,1.21574
1607968800,1.21576,1.21607,1.2145,1.21469
1607976000,1.21469,1.21516,1.21392,1.21426
1607983200,1.21428,1.21489,1.21407,1.21487
1607990400,1.21485,1.21605,1.21474,1.21599
1607997600,1.21598,1.2163,1.21493,1.21519
1608004800,1.2152,1.21548,1.21451,1.21547
1608012000,1.21545,1.21545,1.21345,1.2137
1608019200,1.21368,1.21621,1.21316,1.21579
1608026400,1.21579,1.21662,1.21488,1.21603
1608033600,1.21602,1.21625,1.21215,1.21395
1608040800,1.21396,1.21605,1.21381,1.2153
1608048000,1.21532,1.21614,1.21476,1.21609
1608055200,1.2161,1.21689,1.21491,1.2157
1608062400,1.21567,1.21627,1.21521,1.21527
1608069600,1.21518,1.21549,1.21499,1.21543
1608076800,1.21541,1.21554,1.21451,1.21511
1608084000,1.21511,1.21638,1.21511,1.21615
1608091200,1.21616,1.21652,1.21583,1.21624
1608098400,1.21623,1.21721,1.21534,1.21546
1608105600,1.21545,1.22122,1.21524,1.22062
1608112800,1.22059,1.22068,1.21866,1.21951
1608120000,1.21951,1.21986,1.2179,1.21877
1608127200,1.21878,1.22063,1.21823,1.21875
1608134400,1.21874,1.21897,1.21629,1.21688
1608141600,1.21687,1.21774,1.21252,1.21623
1608148800,1.21622,1.22016,1.21621,1.21992
1608156000,1.21984,1.22014,1.21917,1.21961
1608163200,1.21957,1.22087,1.219,1.22023
1608170400,1.22024,1.22133,1.22011,1.22107
1608177600,1.22106,1.22354,1.22103,1.22259
1608184800,1.22257,1.22385,1.22252,1.22333
1608192000,1.22331,1.22439,1.22241,1.22325
1608199200,1.22325,1.22393,1.22252,1.22379
1608206400,1.2238,1.22586,1.22327,1.22418
1608213600,1.22419,1.22613,1.22401,1.22452
1608220800,1.22453,1.22678,1.2239,1.22604
1608228000,1.22603,1.22727,1.22603,1.22625
1608235200,1.22624,1.22725,1.22583,1.22685
1608242400,1.22671,1.22722,1.22613,1.22615
1608249600,1.22616,1.22642,1.22507,1.22563
1608256800,1.22566,1.22585,1.22446,1.22466
1608264000,1.22464,1.22472,1.22386,1.22431
1608271200,1.22431,1.22562,1.22428,1.22479
1608278400,1.22476,1.2263,1.22433,1.22495
1608285600,1.22494,1.22601,1.22433,1.2256
1608292800,1.22558,1.22688,1.22457,1.22487
1608300000,1.22486,1.22534,1.22266,1.22347
1608307200,1.22348,1.22459,1.22256,1.22367
1608314400,1.22371,1.22434,1.2235,1.22423
1608321600,1.22422,1.2258,1.22364,1.22541
1608501600,1.22199,1.22351,1.22114,1.22118
1608508800,1.22117,1.2226,1.22047,1.22082
1608516000,1.22082,1.22125,1.21792,1.21847
1608523200,1.21846,1.2192,1.21809,1.21914
1608530400,1.21913,1.21993,1.21681,1.21759
1608537600,1.2176,1.22268,1.21721,1.21754
1608544800,1.21754,1.21815,1.21297,1.21621
1608552000,1.21622,1.22146,1.21565,1.2191
1608559200,1.21913,1.22202,1.21913,1.22111
1608566400,1.22107,1.22389,1.22101,1.22363
1608573600,1.22362,1.22527,1.22291,1.22487
1608580800,1.22486,1.22528,1.2228,1.22435
1608588000,1.22405,1.22499,1.22309,1.22347
1608595200,1.22348,1.22434,1.22284,1.22313
1608602400,1.22311,1.22353,1.22241,1.22291
1608609600,1.22291,1.22298,1.22158,1.22185
1608616800,1.22185,1.22298,1.22136,1.22167
1608624000,1.22173,1.22261,1.22049,1.22072
1608631200,1.22073,1.22438,1.22042,1.22437
1608638400,1.22438,1.22571,1.22295,1.22302
1608645600,1.22302,1.22391,1.21653,1.21736
1608652800,1.21736,1.21807,1.21609,1.21745
1608660000,1.21744,1.21746,1.21562,1.21606
1608667200,1.21607,1.21669,1.21523,1.21627
1608674400,1.21613,1.21877,1.21602,1.21873
1608681600,1.21873,1.21873,1.21539,1.21773
1608688800,1.21773,1.21909,1.21664,1.219
1608696000,1.21899,1.21921,1.21845,1.2189
1608703200,1.21888,1.22009,1.21794,1.2197
1608710400,1.21972,1.21998,1.2172,1.21938
1608717600,1.21942,1.21986,1.21779,1.21914
1608724800,1.21915,1.21945,1.21603,1.21763
1608732000,1.21764,1.22211,1.21737,1.21844
1608739200,1.21846,1.22034,1.21805,1.21867
1608746400,1.21868,1.21883,1.21726,1.21805
1608753600,1.21809,1.21964,1.21732,1.21861
1608760800,1.21853,1.2194,1.2184,1.2194
1608768000,1.21941,1.22122,1.21928,1.22083
1608775200,1.22082,1.22156,1.22054,1.22093
1608782400,1.22094,1.22094,1.22019,1.2205
1608789600,1.22051,1.22098,1.22028,1.22055
1608796800,1.22053,1.22098,1.21871,1.21916
1608804000,1.21914,1.22033,1.21881,1.21955
1608811200,1.21954,1.21991,1.21857,1.21886
1608818400,1.21883,1.21978,1.21773,1.21822
1608825600,1.21821,1.21892,1.21802,1.21831
1608832800,1.21835,1.21857,1.21772,1.21801
1608840000,1.218,1.21859,1.21795,1.2184
1609106400,1.21842,1.22072,1.2181,1.2204
1609113600,1.22042,1.22082,1.21811,1.22049
1609120800,1.22051,1.2216,1.22044,1.22127
1609128000,1.22128,1.22238,1.22092,1.22235
1609135200,1.22234,1.2233,1.22196,1.2231
1609142400,1.22311,1.22501,1.22257,1.2249
1609149600,1.22489,1.22503,1.21927,1.21947
1609156800,1.21946,1.22223,1.21913,1.22128
1609164000,1.22134,1.224,1.22072,1.22149
1609171200,1.22148,1.2229,1.22052,1.22062
1609178400,1.2206,1.22131,1.22026,1.22066
1609185600,1.22065,1.22161,1.22031,1.22146
1609192800,1.22136,1.2221,1.22068,1.22196
1609200000,1.22196,1.22347,1.22194,1.22272
1609207200,1.22272,1.22429,1.22245,1.22418
1609214400,1.22418,1.22428,1.22351,1.22361
1609221600,1.2236,1.22515,1.22357,1.22402
1609228800,1.22403,1.2258,1.22366,1.22498
1609236000,1.22497,1.2257,1.22391,1.22489
1609243200,1.22488,1.22616,1.22465,1.22534
1609250400,1.22536,1.22751,1.22405,1.22438
1609257600,1.22439,1.22557,1.22371,1.22417
1609264800,1.22415,1.22588,1.2236,1.22512
1609272000,1.22512,1.22561,1.22468,1.22495
1609279200,1.22508,1.22589,1.2246,1.22522
1609286400,1.2252,1.22949,1.22514,1.22906
1609293600,1.22908,1.22921,1.2282,1.2283
1609300800,1.22831,1.22907,1.22817,1.22849
1609308000,1.2285,1.22865,1.22652,1.22671
1609315200,1.22674,1.22721,1.22528,1.22685
1609322400,1.22682,1.22848,1.22666,1.22732
1609329600,1.22731,1.22935,1.22706,1.22913
1609336800,1.22913,1.23099,1.22712,1.23007
1609344000,1.23008,1.23023,1.22762,1.22886
1609351200,1.22886,1.22927,1.22806,1.22882
1609358400,1.22885,1.23017,1.22885,1.22998
1609365600,1.22969,1.23043,1.22929,1.22986
1609372800,1.22988,1.23093,1.2295,1.23066
1609380000,1.23066,1.23091,1.22854,1.2291
1609387200,1.22908,1.22972,1.22852,1.22896
1609394400,1.22895,1.23031,1.22862,1.22964
1609401600,1.22964,1.23042,1.2277,1.22791
1609408800,1.2279,1.22885,1.22667,1.2275
1609416000,1.22747,1.22871,1.22595,1.22844
1609423200,1.22851,1.22852,1.22249,1.22387
1609430400,1.22386,1.22403,1.2221,1.22253
1609437600,1.22252,1.2228,1.22092,1.22099
1609444800,1.221,1.22279,1.22098,1.22158
1609711200,1.22394,1.22526,1.22275,1.22501
1609718400,1.22499,1.22558,1.22386,1.22526
1609725600,1.22526,1.22585,1.22486,1.2255
1609732800,1.22546,1.22593,1.22415,1.22551
1609740000,1.22551,1.2269,1.22422,1.22639
1609747200,1.22638,1.23006,1.22621,1.22934
1609754400,1.22935,1.22998,1.22898,1.22932
1609761600,1.22931,1.23062,1.22864,1.22989
1609768800,1.22994,1.23092,1.22604,1.22715
1609776000,1.22718,1.22774,1.225,1.22531
1609783200,1.22528,1.22567,1.22425,1.22521
1609790400,1.22518,1.22524,1.22414,1.2252
1609797600,1.22447,1.22535,1.22447,1.22526
1609804800,1.22526,1.2263,1.22472,1.2257
1609812000,1.2257,1.22769,1.2257,1.22728
1609819200,1.22728,1.22734,1.22661,1.22723
1609826400,1.22724,1.22744,1.22553,1.22583
1609833600,1.22585,1.22839,1.22582,1.22723
1609840800,1.22723,1.22906,1.22715,1.22832
1609848000,1.2283,1.22848,1.22604,1.22626
1609855200,1.22628,1.22826,1.22541,1.22755
1609862400,1.22756,1.23051,1.22733,1.22995
1609869600,1.22992,1.23049,1.22898,1.23035
1609876800,1.23035,1.23057,1.22896,1.22984
1609884000,1.22952,1.23018,1.22917,1.22988
1609891200,1.22991,1.23251,1.22812,1.22892
1609898400,1.22893,1.22951,1.22756,1.22859
1609905600,1.22858,1.23064,1.22837,1.22966
1609912800,1.22966,1.23453,1.22966,1.23396
1609920000,1.23395,1.23404,1.23208,1.23384
1609927200,1.23383,1.23492,1.23332,1.23375
1609934400,1.23374,1.23494,1.23167,1.23196
1609941600,1.23199,1.23207,1.22754,1.22824
1609948800,1.22823,1.23041,1.22657,1.22989
1609956000,1.22989,1.23175,1.22964,1.2307
1609963200,1.23069,1.23398,1.23069,1.23262
1609970400,1.23253,1.23398,1.23236,1.23381
1609977600,1.23385,1.23443,1.23283,1.23305
1609984800,1.23308,1.23324,1.23188,1.23277
1609992000,1.23277,1.23314,1.23108,1.23126
1609999200,1.23126,1.23257,1.23073,1.23112
1610006400,1.23111,1.23169,1.22639,1.22689
1610013600,1.2269,1.22743,1.22451,1.22568
1610020800,1.22569,1.22786,1.22508,1.22686
1610028000,1.22686,1.22827,1.22466,1.22594
1610035200,1.22594,1.22773,1.22548,1.22654
1610042400,1.22658,1.22791,1.2263,1.22677
1610049600,1.22678,1.2277,1.22629,1.22693
1610056800,1.22695,1.22719,1.22605,1.22691
1610064000,1.22692,1.22724,1.22351,1.22482
1610071200,1.22481,1.22648,1.22457,1.2262
1610078400,1.22618,1.22682,1.22563,1.22579
1610085600,1.2258,1.22691,1.22324,1.22391
1610092800,1.22385,1.22408,1.22133,1.224
1610100000,1.22403,1.22538,1.22326,1.22506
1610107200,1.22507,1.22846,1.22346,1.22717
1610114400,1.22714,1.22834,1.22223,1.22551
1610121600,1.22553,1.22633,1.22244,1.22289
1610128800,1.22288,1.22288,1.21931,1.22148
1610136000,1.22147,1.22272,1.22119,1.22218
1610316000,1.22141,1.22212,1.21823,1.21872
1610323200,1.21872,1.21961,1.21712,1.21777
1610330400,1.21778,1.21803,1.2167,1.21733
1610337600,1.21734,1.21819,1.21668,1.21816
1610344800,1.21817,1.21935,1.2177,1.21786
1610352000,1.21785,1.21997,1.21601,1.21607
1610359200,1.21606,1.2169,1.21544,1.21663
1610366400,1.21664,1.2172,1.21394,1.21447
1610373600,1.21446,1.2158,1.21323,1.21504
1610380800,1.21504,1.21743,1.21474,1.21671
1610388000,1.2167,1.21716,1.21613,1.21625
1610395200,1.21626,1.21652,1.21488,1.21502
1610402400,1.21504,1.21615,1.21493,1.21607
1610409600,1.21608,1.21622,1.21405,1.21491
1610416800,1.21491,1.21501,1.21414,1.21485
1610424000,1.21484,1.21551,1.21388,1.21533
1610431200,1.21533,1.21753,1.21487,1.21634
1610438400,1.21634,1.21789,1.21503,1.21618
1610445600,1.21615,1.21667,1.21407,1.21515
1610452800,1.21516,1.21644,1.21405,1.21463
1610460000,1.21466,1.21662,1.21372,1.21557
1610467200,1.21556,1.21778,1.21551,1.21746
1610474400,1.21745,1.22068,1.21722,1.21997
1610481600,1.21998,1.22097,1.21981,1.22077
1610488800,1.22069,1.22092,1.22006,1.22087
1610496000,1.22088,1.22182,1.2205,1.22175
1610503200,1.22174,1.222,1.22121,1.22159
1610510400,1.22159,1.22159,1.22074,1.22092
1610517600,1.22091,1.22228,1.22028,1.22032
1610524800,1.22032,1.22078,1.21824,1.21894
1610532000,1.21895,1.21919,1.21609,1.21629
1610539200,1.21629,1.21786,1.21547,1.21612
1610546400,1.21613,1.21807,1.21538,1.21592
1610553600,1.21596,1.21695,1.214,1.21653
1610560800,1.21655,1.21747,1.21527,1.2154
1610568000,1.21539,1.21584,1.21487,1.21578
1610575200,1.21578,1.21636,1.21513,1.21619
1610582400,1.21618,1.21717,1.216,1.21661
1610589600,1.21662,1.21691,1.21358,1.21453
1610596800,1.21452,1.21552,1.21432,1.21552
1610604000,1.21552,1.21553,1.21361,1.21432
1610611200,1.21433,1.21674,1.21413,1.21662
1610618400,1.21662,1.21671,1.21483,1.21516
1610625600,1.21515,1.21557,1.21112,1.21198
1610632800,1.21199,1.21392,1.2112,1.21355
1610640000,1.21356,1.21784,1.21326,1.21657
1610647200,1.21659,1.21764,1.21468,1.21551
1610654400,1.21552,1.21653,1.21516,1.21545
1610661600,1.21533,1.2156,1.21492,1.21506
1610668800,1.21505,1.21626,1.21487,1.21508
1610676000,1.21509,1.21546,1.21435,1.21495
1610683200,1.21494,1.2151,1.21353,1.21398
1610690400,1.21398,1.21468,1.21338,1.2135
1610697600,1.2135,1.21416,1.21177,1.21389
1610704800,1.21386,1.21443,1.21222,1.21233
1610712000,1.21233,1.21329,1.2114,1.2116
1610719200,1.2116,1.21178,1.20818,1.20933
1610726400,1.20933,1.21003,1.20876,1.20937
1610733600,1.20934,1.20934,1.20767,1.20769
1610740800,1.2077,1.2082,1.2075,1.20772
1610920800,1.20805,1.20865,1.20661,1.20664
1610928000,1.20663,1.2081,1.20652,1.20786
1610935200,1.20787,1.20846,1.207,1.20741
1610942400,1.20744,1.20778,1.20655,1.20776
1610949600,1.20777,1.20868,1.20674,1.20676
1610956800,1.20673,1.20798,1.20591,1.20622
1610964000,1.20623,1.20757,1.20563,1.20654
1610971200,1.20654,1.20693,1.20536,1.2066
1610978400,1.20662,1.20767,1.20629,1.20747
1610985600,1.20749,1.20807,1.20709,1.20748
1610992800,1.2075,1.20816,1.20718,1.2079
1611000000,1.2079,1.2081,1.2075,1.20756
1611007200,1.20748,1.20785,1.2074,1.20778
1611014400,1.20778,1.20967,1.20774,1.20934
1611021600,1.20935,1.20985,1.20909,1.20969
1611028800,1.20973,1.20973,1.2091,1.2097
1611036000,1.20971,1.21077,1.20853,1.2104
1611043200,1.21043,1.21228,1.21028,1.21183
1611050400,1.21186,1.21375,1.21184,1.21272
1611057600,1.21273,1.21412,1.21234,1.2136
1611064800,1.21359,1.2145,1.21188,1.21282
1611072000,1.2128,1.2134,1.21158,1.21212
1611079200,1.21212,1.21298,1.21189,1.21253
1611086400,1.21253,1.21292,1.21234,1.21284
1611093600,1.21283,1.21399,1.21214,1.21394
1611100800,1.21393,1.21466,1.21272,1.21408
1611108000,1.21409,1.21495,1.21398,1.21444
1611115200,1.21443,1.21447,1.21396,1.21443
1611122400,1.21443,1.21577,1.21423,1.21557
1611129600,1.21557,1.21582,1.21182,1.21275
1611136800,1.21275,1.21279,1.21112,1.21121
1611144000,1.2112,1.21148,1.20955,1.21072
1611151200,1.21073,1.21179,1.20768,1.21053
1611158400,1.21054,1.2115,1.20925,1.21067
1611165600,1.21067,1.211,1.2103,1.21071
1611172800,1.21071,1.21077,1.2099,1.21056
1611180000,1.2105,1.21187,1.2102,1.21147
1611187200,1.21146,1.21308,1.21093,1.21239
1611194400,1.2124,1.21337,1.2123,1.21298
1611201600,1.21298,1.21381,1.21271,1.21348
1611208800,1.21347,1.2137,1.21179,1.21196
1611216000,1.21196,1.21459,1.2115,1.21425
1611223200,1.21426,1.21471,1.21325,1.21433
1611230400,1.21431,1.21732,1.21408,1.21516
1611237600,1.21518,1.21701,1.21365,1.21514
1611244800,1.21514,1.21546,1.21358,1.21486
1611252000,1.21486,1.21612,1.21482,1.216
1611259200,1.216,1.217,1.21568,1.21678
1611266400,1.21635,1.21705,1.21626,1.21654
1611273600,1.21655,1.21776,1.21615,1.2173
1611280800,1.21729,1.21761,1.21702,1.21737
1611288000,1.21737,1.21767,1.21709,1.21721
1611295200,1.2172,1.21721,1.21534,1.21567
1611302400,1.21566,1.21896,1.21516,1.2174
1611309600,1.21738,1.21875,1.21665,1.21766
1611316800,1.21769,1.21813,1.21554,1.21655
1611324000,1.21656,1.21849,1.21542,1.21723
1611331200,1.2172,1.21817,1.2163,1.21673
1611338400,1.21672,1.21731,1.21655,1.21663
1611345600,1.21665,1.21721,1.21654,1.21705
1611525600,1.21704,1.21707,1.21618,1.2167
1611532800,1.21671,1.21735,1.21603,1.21643
1611540000,1.21644,1.21778,1.21644,1.2175
1611547200,1.21751,1.2181,1.21749,1.21807
1611554400,1.21808,1.21832,1.21717,1.21796
1611561600,1.21796,1.21802,1.21442,1.21479
1611568800,1.21476,1.21627,1.21402,1.21568
1611576000,1.21566,1.21594,1.21436,1.2147
1611583200,1.2147,1.21525,1.21161,1.21302
1611590400,1.21301,1.21477,1.21196,1.21447
1611597600,1.21446,1.21467,1.2137,1.21388
1611604800,1.21388,1.21437,1.21361,1.21416
1611612000,1.21378,1.21444,1.21357,1.21427
1611619200,1.21428,1.21457,1.21332,1.21455
1611626400,1.21453,1.21463,1.21379,1.21398
1611633600,1.21397,1.214,1.2127,1.21311
1611640800,1.21309,1.21313,1.21079,1.21112
1611648000,1.21119,1.21414,1.21118,1.21289
1611655200,1.2129,1.21426,1.21231,1.21376
1611662400,1.21377,1.21619,1.21362,1.21568
1611669600,1.21568,1.21759,1.21541,1.21678
1611676800,1.21677,1.2169,1.21402,1.21573
1611684000,1.21571,1.21682,1.21563,1.21648
1611691200,1.21649,1.21684,1.21589,1.21599
1611698400,1.21598,1.21637,1.21596,1.21632
1611705600,1.21633,1.21697,1.21583,1.2161
1611712800,1.21611,1.21613,1.21548,1.21567
1611720000,1.21568,1.21651,1.21531,1.21628
1611727200,1.21634,1.21659,1.21519,1.2155
1611734400,1.21551,1.21585,1.21194,1.21227
1611741600,1.21224,1.21327,1.21135,1.21166
1611748800,1.21165,1.21198,1.20982,1.21112
1611756000,1.21113,1.21127,1.20587,1.20912
1611763200,1.20913,1.21193,1.20894,1.21178
1611770400,1.21179,1.21287,1.20982,1.21
1611777600,1.21,1.21142,1.20932,1.2112
1611784800,1.21091,1.21113,1.20947,1.21027
1611792000,1.21027,1.2106,1.20824,1.21014
1611799200,1.21016,1.21053,1.20876,1.20911
1611806400,1.20912,1.21057,1.20872,1.21055
1611813600,1.21054,1.21055,1.20808,1.20932
1611820800,1.20942,1.21134,1.20891,1.2109
1611828000,1.2109,1.21173,1.2096,1.21021
1611835200,1.21021,1.21306,1.20881,1.21286
1611842400,1.21285,1.21418,1.21217,1.21219
1611849600,1.21216,1.21304,1.21187,1.21251
1611856800,1.21251,1.21399,1.21241,1.21316
1611864000,1.21315,1.21377,1.21184,1.21222
1611871200,1.21196,1.21264,1.21171,1.21209
1611878400,1.2121,1.2122,1.21037,1.21084
1611885600,1.21085,1.21089,1.20973,1.20973
1611892800,1.20972,1.21019,1.20945,1.20996
1611900000,1.20993,1.21088,1.20979,1.21044
1611907200,1.21044,1.21212,1.20974,1.21168
1611914400,1.21167,1.21388,1.2107,1.21268
1611921600,1.21268,1.21522,1.21266,1.21464
1611928800,1.21467,1.21558,1.2125,1.21493
1611936000,1.21492,1.21533,1.21294,1.21324
1611943200,1.21322,1.21365,1.21275,1.21305
1611950400,1.21305,1.21392,1.21302,1.21354
1612130400,1.21303,1.21327,1.21203,1.21227
1612137600,1.21225,1.21364,1.21203,1.21274
1612144800,1.21273,1.21317,1.21247,1.21296
1612152000,1.21295,1.21331,1.21259,1.213
1612159200,1.213,1.21326,1.21219,1.21284
1612166400,1.21282,1.21308,1.20836,1.20939
1612173600,1.20935,1.20942,1.20697,1.20817
1612180800,1.20818,1.20928,1.20723,1.20848
1612188000,1.20848,1.20994,1.208,1.20845
1612195200,1.20846,1.20872,1.20626,1.20696
1612202400,1.20696,1.20784,1.20616,1.20665
1612209600,1.20661,1.20711,1.20561,1.20606
1612216800,1.20608,1.20684,1.2059,1.20677
1612224000,1.20676,1.20862,1.20623,1.2084
1612231200,1.20841,1.20878,1.20797,1.20817
1612238400,1.20818,1.20829,1.20746,1.20791
1612245600,1.20793,1.20796,1.20641,1.20686
1612252800,1.20692,1.20872,1.20643,1.20668
1612260000,1.2067,1.20697,1.20265,1.20278
1612267200,1.20278,1.20495,1.20262,1.20481
1612274400,1.20482,1.20493,1.20204,1.20273
1612281600,1.20273,1.20327,1.20115,1.20188
1612288800,1.20189,1.20255,1.20172,1.20201
1612296000,1.202,1.20459,1.20171,1.2043
1612303200,1.20426,1.20446,1.20363,1.20366
1612310400,1.20367,1.205,1.20358,1.20468
1612317600,1.20471,1.2048,1.20418,1.20418
1612324800,1.20419,1.20459,1.20393,1.2044
1612332000,1.20439,1.2044,1.20278,1.20375
1612339200,1.20374,1.20422,1.20097,1.20229
1612346400,1.20242,1.20303,1.20123,1.20162
1612353600,1.20159,1.20232,1.2005,1.20171
1612360800,1.20171,1.20325,1.20041,1.20108
1612368000,1.20107,1.20308,1.20107,1.20266
1612375200,1.20267,1.20288,1.20212,1.20256
1612382400,1.20256,1.20374,1.20241,1.20352
1612389600,1.20356,1.20418,1.20295,1.20414
1612396800,1.20414,1.20427,1.20334,1.20349
1612404000,1.20349,1.20383,1.20167,1.20185
1612411200,1.20184,1.20208,1.20126,1.2017
1612418400,1.20171,1.20171,1.19998,1.20082
1612425600,1.2008,1.20137,1.19832,1.19859
1612432800,1.1986,1.19969,1.19837,1.19876
1612440000,1.19877,1.1998,1.19829,1.1984
1612447200,1.19842,1.19892,1.19666,1.19787
1612454400,1.19786,1.19793,1.19576,1.19605
1612461600,1.19604,1.1968,1.19578,1.1966
1612468800,1.19661,1.19678,1.19603,1.1961
1612476000,1.19617,1.19688,1.19583,1.19663
1612483200,1.19662,1.1972,1.19622,1.1966
1612490400,1.1966,1.19681,1.19523,1.19545
1612497600,1.19548,1.19632,1.19539,1.19629
1612504800,1.19631,1.19669,1.19596,1.19633
1612512000,1.19632,1.19879,1.19632,1.19769
1612519200,1.19768,1.19829,1.19688,1.19799
1612526400,1.19799,1.20237,1.19774,1.2004
1612533600,1.20039,1.20339,1.20008,1.20237
1612540800,1.20245,1.20419,1.2024,1.20379
1612548000,1.20379,1.20476,1.20372,1.20426
1612555200,1.20427,1.20498,1.20406,1.20496
1612735200,1.20357,1.20542,1.20357,1.20484
1612742400,1.20484,1.20526,1.20296,1.20382
1612749600,1.20382,1.20391,1.20314,1.20384
1612756800,1.20384,1.20427,1.20344,1.20366
1612764000,1.20368,1.20487,1.2032,1.20408
1612771200,1.20405,1.20479,1.2024,1.20281
1612778400,1.20281,1.20392,1.20232,1.20296
1612785600,1.20297,1.20441,1.20198,1.20376
1612792800,1.20374,1.20658,1.20373,1.20469
1612800000,1.20471,1.2052,1.20332,1.20471
1612807200,1.2047,1.20572,1.20439,1.20554
1612814400,1.20554,1.20575,1.20485,1.20498
1612821600,1.20469,1.20536,1.20467,1.20521
1612828800,1.20521,1.2064,1.20494,1.20594
1612836000,1.20596,1.2082,1.20596,1.20771
1612843200,1.20771,1.20807,1.20756,1.20781
1612850400,1.2078,1.20869,1.20745,1.20811
1612857600,1.20811,1.21165,1.20673,1.21096
1612864800,1.21096,1.21133,1.20978,1.21052
1612872000,1.21048,1.21066,1.20903,1.21017
1612879200,1.21019,1.21034,1.20886,1.20977
1612886400,1.20978,1.21094,1.20923,1.21054
1612893600,1.21055,1.21208,1.21022,1.21185
1612900800,1.21186,1.21217,1.21145,1.21196
1612908000,1.21181,1.21198,1.21155,1.21161
1612915200,1.21163,1.21181,1.21089,1.21159
1612922400,1.2116,1.21297,1.21158,1.21272
1612929600,1.21271,1.21298,1.21242,1.21242
1612936800,1.21242,1.21337,1.21228,1.21305
1612944000,1.21307,1.2144,1.21143,1.21193
1612951200,1.21192,1.21308,1.21172,1.21241
1612958400,1.21242,1.21396,1.21131,1.21286
1612965600,1.21287,1.21394,1.21232,1.2131
1612972800,1.21308,1.21386,1.21261,1.21381
1612980000,1.21381,1.21381,1.21245,1.21291
1612987200,1.21291,1.21292,1.21165,1.21182
1612994400,1.21178,1.21198,1.21163,1.21189
1613001600,1.2119,1.212,1.21135,1.21174
1613008800,1.21171,1.2122,1.21169,1.21208
1613016000,1.21209,1.21276,1.21209,1.21266
1613023200,1.21265,1.21327,1.21216,1.21234
1613030400,1.21233,1.21359,1.2118,1.21303
1613037600,1.21304,1.21313,1.21209,1.21274
1613044800,1.21273,1.21495,1.21272,1.21436
1613052000,1.21437,1.2145,1.21281,1.21295
1613059200,1.21301,1.21326,1.21217,1.2127
1613066400,1.21272,1.21331,1.21233,1.21308
1613073600,1.21309,1.21374,1.21297,1.21315
1613080800,1.21275,1.21347,1.21274,1.21307
1613088000,1.21306,1.21331,1.21251,1.21272
1613095200,1.21271,1.21271,1.21187,1.21193
1613102400,1.21192,1.21319,1.21192,1.21315
1613109600,1.21313,1.21313,1.21124,1.21152
1613116800,1.21155,1.21188,1.21004,1.21082
1613124000,1.21081,1.21139,1.20968,1.21065
1613131200,1.21069,1.21149,1.20842,1.20871
1613138400,1.20872,1.21208,1.20816,1.21194
1613145600,1.21195,1.21287,1.21151,1.21233
1613152800,1.21234,1.21263,1.21155,1.21157
1613160000,1.21156,1.2121,1.21132,1.21189
1613340000,1.2123,1.21251,1.21167,1.21203
1613347200,1.21203,1.21284,1.21168,1.21268
1613354400,1.21268,1.21376,1.21256,1.21342
1613361600,1.21343,1.21402,1.21312,1.21379
1613368800,1.2138,1.21405,1.21308,1.21331
1613376000,1.2133,1.21451,1.21311,1.21346
1613383200,1.21345,1.21403,1.21297,1.21327
1613390400,1.21327,1.21336,1.2124,1.21269
1613397600,1.21268,1.21324,1.21208,1.21315
1613404800,1.21315,1.21381,1.21267,1.21307
1613412000,1.21308,1.21347,1.21294,1.21304
1613419200,1.21305,1.21341,1.21255,1.2127
1613426400,1.21279,1.21326,1.21253,1.2132
1613433600,1.21321,1.21467,1.21315,1.21428
1613440800,1.21429,1.21503,1.2141,1.21466
1613448000,1.21467,1.21468,1.21328,1.21365
1613455200,1.21364,1.2142,1.21285,1.21308
1613462400,1.21306,1.21572,1.213,1.21525
1613469600,1.21525,1.21679,1.21523,1.21653
1613476800,1.21652,1.21693,1.21065,1.21084
1613484000,1.21082,1.21202,1.20952,1.21193
1613491200,1.21194,1.21238,1.21038,1.21088
1613498400,1.21088,1.21159,1.21084,1.21154
1613505600,1.21153,1.21179,1.21035,1.21035
1613512800,1.2104,1.21075,1.20859,1.20882
1613520000,1.20881,1.20951,1.20834,1.20929
1613527200,1.20931,1.20977,1.2086,1.20898
1613534400,1.20897,1.20952,1.20888,1.20933
1613541600,1.20934,1.20934,1.20709,1.20742
1613548800,1.20739,1.20831,1.206,1.20679
1613556000,1.20675,1.20693,1.20579,1.20621
1613563200,1.20621,1.2066,1.20305,1.20337
1613570400,1.20336,1.20477,1.20233,1.20328
1613577600,1.20326,1.2047,1.20248,1.20452
1613584800,1.20455,1.20456,1.20345,1.20369
1613592000,1.2037,1.20439,1.20364,1.20415
1613599200,1.20405,1.20456,1.20385,1.20454
1613606400,1.20454,1.20501,1.20413,1.20448
1613613600,1.20447,1.20451,1.20356,1.20367
1613628000,1.20448,1.20518,1.20365,1.20474
1613635200,1.20474,1.20752,1.20449,1.20736
1613642400,1.20735,1.20738,1.20626,1.2072
1613649600,1.2072,1.209,1.20626,1.20847
1613656800,1.20848,1.20864,1.20622,1.20721
1613664000,1.20722,1.20841,1.20706,1.20818
1613671200,1.20815,1.20891,1.20797,1.20853
1613678400,1.20852,1.20946,1.20847,1.20933
1613685600,1.20891,1.20957,1.2085,1.20917
1613692800,1.20917,1.20985,1.20863,1.20878
1613700000,1.20879,1.20884,1.20824,1.20848
1613707200,1.20848,1.20962,1.20839,1.20942
1613714400,1.20941,1.21135,1.20907,1.21095
1613721600,1.21095,1.21412,1.21087,1.2134
1613728800,1.21339,1.21444,1.21287,1.21381
1613736000,1.21378,1.21426,1.21261,1.21307
1613743200,1.21307,1.21336,1.21174,1.21282
1613750400,1.21282,1.21401,1.21222,1.2127
1613757600,1.21272,1.21277,1.21078,1.21155
1613764800,1.21154,1.21196,1.21142,1.21179
1613944800,1.21133,1.21292,1.21132,1.21247
1613952000,1.21247,1.21355,1.21207,1.21267
1613959200,1.21266,1.21291,1.21125,1.21196
1613966400,1.21196,1.21239,1.21185,1.21204
1613973600,1.21205,1.21244,1.21053,1.21097
1613980800,1.21094,1.21236,1.20912,1.21081
1613988000,1.21082,1.21443,1.21078,1.21367
1613995200,1.21366,1.21543,1.21294,1.21473
1614002400,1.21476,1.21542,1.21293,1.21388
1614009600,1.21389,1.21677,1.21353,1.21655
1614016800,1.21654,1.21693,1.21635,1.21675
1614024000,1.21675,1.21675,1.21506,1.2158
1614031200,1.2154,1.21669,1.2154,1.21638
1614038400,1.21639,1.21769,1.21623,1.21756
1614045600,1.21757,1.21771,1.21646,1.21668
1614052800,1.2167,1.21727,1.2166,1.217
1614060000,1.217,1.21801,1.21628,1.217
1614067200,1.21702,1.21738,1.21452,1.21491
1614074400,1.2149,1.21556,1.21434,1.21539
1614081600,1.21537,1.2158,1.21354,1.21493
1614088800,1.21492,1.21665,1.21354,1.21594
1614096000,1.21594,1.21664,1.21414,1.2146
1614103200,1.21457,1.21576,1.21427,1.21441
1614110400,1.21441,1.21505,1.2142,1.21494
1614117600,1.21476,1.21549,1.21428,1.21507
1614124800,1.21506,1.21662,1.21474,1.21586
1614132000,1.21586,1.21623,1.21505,1.21521
1614139200,1.21522,1.21525,1.21455,1.21481
1614146400,1.21477,1.21607,1.21441,1.21554
1614153600,1.21556,1.21745,1.21522,1.21628
1614160800,1.21625,1.21697,1.21499,1.21634
1614168000,1.21635,1.21724,1.21234,1.21334
1614175200,1.21332,1.21388,1.21093,1.21221
1614182400,1.21223,1.21467,1.21213,1.21419
1614189600,1.21418,1.21506,1.21393,1.2148
1614196800,1.21476,1.21746,1.21473,1.21683
1614204000,1.21703,1.2172,1.21605,1.21693
1614211200,1.21695,1.21695,1.21567,1.21576
1614218400,1.21574,1.21697,1.2156,1.21688
1614225600,1.2169,1.21828,1.21673,1.21777
1614232800,1.21781,1.21887,1.21677,1.21872
1614240000,1.21872,1.22227,1.21872,1.222
1614247200,1.222,1.22377,1.2218,1.22294
1614254400,1.22295,1.22369,1.22114,1.22125
1614261600,1.22124,1.22428,1.22089,1.22233
1614268800,1.22233,1.22386,1.22117,1.22125
1614276000,1.22124,1.22137,1.21605,1.21856
1614283200,1.2185,1.21873,1.21627,1.21772
1614290400,1.21771,1.21835,1.21577,1.21577
1614297600,1.21579,1.21671,1.2138,1.21638
1614304800,1.21639,1.21826,1.21595,1.21596
1614312000,1.21597,1.21613,1.21453,1.21538
1614319200,1.21537,1.21594,1.21291,1.21349
1614326400,1.21347,1.21595,1.21229,1.21252
1614333600,1.21252,1.21292,1.20926,1.21069
1614340800,1.21069,1.21251,1.21032,1.21234
1614348000,1.21236,1.21414,1.21092,1.21389
1614355200,1.21385,1.214,1.20737,1.20798
1614362400,1.20799,1.209,1.20718,1.20778
1614369600,1.20781,1.20795,1.20622,1.20724
1614549600,1.20696,1.20919,1.20694,1.20905
1614556800,1.20906,1.21011,1.2083,1.20842
1614564000,1.20841,1.20887,1.20794,1.20819
1614571200,1.20819,1.20849,1.20748,1.20848
1614578400,1.20847,1.20928,1.20746,1.20762
1614585600,1.20761,1.20789,1.20284,1.20386
1614592800,1.20391,1.20555,1.20374,1.20437
1614600000,1.20436,1.20541,1.20403,1.2053
1614607200,1.2053,1.2066,1.20276,1.20494
1614614400,1.20494,1.2061,1.20404,1.20408
1614621600,1.20408,1.20514,1.20327,1.20462
1614628800,1.20463,1.20495,1.20416,1.20484
1614636000,1.20488,1.20504,1.20437,1.20487
1614643200,1.20486,1.20491,1.20271,1.20312
1614650400,1.20312,1.20358,1.20152,1.20267
1614657600,1.20267,1.20278,1.20165,1.20216
1614664800,1.20216,1.20268,1.20031,1.20072
1614672000,1.20074,1.20163,1.19918,1.20063
1614679200,1.20064,1.20368,1.20063,1.20314
1614686400,1.20312,1.20374,1.20199,1.2029
1614693600,1.20288,1.20638,1.20279,1.20623
1614700800,1.20622,1.20846,1.20592,1.20797
1614708000,1.20798,1.20893,1.20795,1.20839
1614715200,1.20838,1.20944,1.20838,1.20904
1614722400,1.20903,1.20907,1.20814,1.20849
1614729600,1.20847,1.20933,1.20836,1.20915
1614736800,1.20915,1.20919,1.20826,1.20827
1614744000,1.20828,1.20896,1.20827,1.2084
1614751200,1.20841,1.21075,1.20791,1.20938
1614758400,1.20937,1.2113,1.20742,1.21013
1614765600,1.21014,1.21032,1.20597,1.20621
1614772800,1.20622,1.20682,1.20433,1.20546
1614780000,1.20547,1.20752,1.20428,1.20729
1614787200,1.20734,1.20805,1.20654,1.20704
1614794400,1.20702,1.20785,1.20643,1.20654
1614801600,1.20653,1.2073,1.20614,1.20622
1614808800,1.20622,1.20662,1.20435,1.20466
1614816000,1.20463,1.2062,1.20463,1.2062
1614823200,1.2062,1.20628,1.20487,1.20487
1614830400,1.20487,1.20596,1.20436,1.20562
1614837600,1.20562,1.20625,1.20517,1.20522
1614844800,1.20521,1.20578,1.20266,1.2032
1614852000,1.20324,1.20491,1.20313,1.20347
1614859200,1.20346,1.20402,1.20277,1.20357
1614866400,1.20356,1.20444,1.20226,1.204
1614873600,1.20398,1.20535,1.19902,1.19941
1614880800,1.19938,1.19999,1.19647,1.19661
1614888000,1.19659,1.19746,1.19617,1.1972
1614895200,1.19664,1.19773,1.19606,1.19671
1614902400,1.1967,1.19686,1.19531,1.19608
1614909600,1.19607,1.19646,1.19517,1.19626
1614916800,1.19627,1.19636,1.19553,1.19595
1614924000,1.19592,1.19608,1.19488,1.19503
1614931200,1.195,1.19526,1.19143,1.19276
1614938400,1.19277,1.19424,1.19227,1.19317
1614945600,1.19318,1.19432,1.18932,1.19179
1614952800,1.19179,1.19462,1.19063,1.19068
1614960000,1.19069,1.19195,1.19054,1.1912
1614967200,1.19119,1.19182,1.19051,1.19125
1614974400,1.19124,1.19228,1.19107,1.19118
1615154400,1.19167,1.1932,1.19161,1.19262
1615161600,1.19264,1.19323,1.19184,1.19273
1615168800,1.19273,1.19284,1.18987,1.19017
1615176000,1.19014,1.19131,1.18991,1.19121
1615183200,1.19121,1.19146,1.18791,1.18862
1615190400,1.18861,1.18964,1.18653,1.18723
1615197600,1.18724,1.18807,1.18671,1.18675
1615204800,1.18676,1.18748,1.18567,1.1871
1615212000,1.18712,1.18872,1.18577,1.18578
1615219200,1.18577,1.18631,1.18458,1.18566
1615226400,1.1857,1.18649,1.18519,1.18581
1615233600,1.18581,1.18583,1.18441,1.18462
1615240800,1.18467,1.18526,1.18461,1.18507
1615248000,1.18508,1.18523,1.18357,1.18383
1615255200,1.18384,1.18671,1.1838,1.18649
1615262400,1.18652,1.18665,1.18536,1.18539
1615269600,1.18542,1.18881,1.18514,1.18805
1615276800,1.18807,1.19089,1.18764,1.19054
1615284000,1.19055,1.19157,1.18976,1.19041
1615291200,1.19039,1.19044,1.18823,1.18917
1615298400,1.18915,1.1909,1.1882,1.18857
1615305600,1.18857,1.18932,1.18815,1.18861
1615312800,1.18862,1.19044,1.18849,1.19002
1615320000,1.19003,1.19049,1.18983,1.19006
1615327200,1.18994,1.19018,1.18942,1.18968
1615334400,1.18969,1.18976,1.18838,1.1885
1615341600,1.18852,1.18855,1.18771,1.18803
1615348800,1.18802,1.18823,1.18704,1.1875
1615356000,1.18752,1.18862,1.18688,1.18842
1615363200,1.18841,1.19015,1.18719,1.18999
1615370400,1.18998,1.19047,1.18852,1.18911
1615377600,1.18907,1.19128,1.18819,1.19106
1615384800,1.19107,1.19249,1.18861,1.18959
1615392000,1.18957,1.19121,1.18883,1.19082
1615399200,1.19084,1.19237,1.19018,1.19207
1615406400,1.1921,1.19298,1.1919,1.19289
1615413600,1.19273,1.19284,1.19204,1.19243
1615420800,1.1924,1.1929,1.19157,1.19217
1615428000,1.19218,1.19347,1.19218,1.19317
1615435200,1.19318,1.19319,1.1925,1.19271
1615442400,1.19273,1.19463,1.1919,1.19383
1615449600,1.19383,1.19689,1.19367,1.19637
1615456800,1.19638,1.19679,1.19608,1.19642
1615464000,1.19641,1.19736,1.19425,1.1957
1615471200,1.19569,1.19661,1.1928,1.19583
1615478400,1.19586,1.19788,1.19557,1.19722
1615485600,1.1972,1.19899,1.19714,1.19817
1615492800,1.19815,1.19899,1.19811,1.1985
1615500000,1.19783,1.19873,1.19783,1.19809
1615507200,1.1981,1.19883,1.19801,1.19842
1615514400,1.19844,1.19846,1.19596,1.19618
1615521600,1.19617,1.19676,1.19608,1.19637
1615528800,1.19634,1.19636,1.19375,1.19451
1615536000,1.19449,1.19478,1.19112,1.19177
1615543200,1.1918,1.19231,1.19101,1.19168
1615550400,1.19169,1.19402,1.19159,1.19265
1615557600,1.19268,1.19392,1.19116,1.19367
1615564800,1.19372,1.19567,1.19334,1.19478
1615572000,1.19479,1.19552,1.19446,1.19488
1615579200,1.19487,1.19614,1.19475,1.19519
1615755600,1.19432,1.19543,1.1943,1.19479
1615762800,1.19478,1.19561,1.19449,1.19514
1615770000,1.19513,1.19674,1.19435,1.19476
1615777200,1.19473,1.19543,1.19426,1.19432
1615784400,1.19431,1.19438,1.19258,1.1935
1615791600,1.19352,1.19399,1.19179,1.19369
1615798800,1.19368,1.19399,1.19192,1.19303
1615806000,1.19302,1.19342,1.19209,1.19247
1615813200,1.19249,1.19309,1.19155,1.19278
1615820400,1.19277,1.19373,1.19112,1.19229
1615827600,1.1923,1.19323,1.19193,1.19257
1615834800,1.19258,1.19335,1.19212,1.19296
1615842000,1.19241,1.19319,1.19237,1.19246
1615849200,1.19245,1.19317,1.19223,1.19229
1615856400,1.1923,1.1932,1.19221,1.19264
1615863600,1.19262,1.19385,1.19251,1.19377
1615870800,1.19376,1.19386,1.19274,1.19295
1615878000,1.19296,1.19297,1.19137,1.19266
1615885200,1.19265,1.19456,1.19225,1.19442
1615892400,1.19439,1.19519,1.19203,1.19229
1615899600,1.19228,1.19273,1.18974,1.1909
1615906800,1.19091,1.19098,1.18825,1.18932
1615914000,1.18931,1.19094,1.18927,1.19038
1615921200,1.19037,1.19101,1.19009,1.19025
1615928400,1.18985,1.19046,1.18982,1.19017
1615935600,1.19017,1.19061,1.19,1.19014
1615942800,1.19013,1.19022,1.18927,1.19017
1615950000,1.19015,1.19042,1.18994,1.19035
1615957200,1.19032,1.19079,1.18971,1.19076
1615964400,1.19076,1.1908,1.18863,1.1898
1615971600,1.18986,1.19167,1.18968,1.19112
1615978800,1.19111,1.19139,1.18914,1.19118
1615986000,1.19116,1.19151,1.19007,1.19079
1615993200,1.19078,1.19128,1.18969,1.19016
1616000400,1.19017,1.19851,1.18977,1.19774
1616007600,1.19773,1.19849,1.19614,1.19796
1616014800,1.19764,1.19874,1.19743,1.19784
1616022000,1.19783,1.19877,1.19781,1.19855
1616029200,1.19854,1.19864,1.19653,1.19706
1616036400,1.19707,1.19748,1.19555,1.19613
1616043600,1.19614,1.19797,1.19589,1.19793
1616050800,1.19791,1.19889,1.19351,1.19474
1616058000,1.19473,1.19502,1.19341,1.19399
1616065200,1.19396,1.19498,1.19219,1.19281
1616072400,1.19281,1.19292,1.19086,1.19199
1616079600,1.19197,1.19387,1.19155,1.19205
1616086800,1.19204,1.19317,1.19095,1.19135
1616094000,1.19135,1.19185,1.19063,1.19156
1616101200,1.19096,1.19204,1.19091,1.1917
1616108400,1.1917,1.19193,1.19044,1.19073
1616115600,1.19073,1.19129,1.1902,1.19087
1616122800,1.19087,1.19199,1.19048,1.19187
1616130000,1.19186,1.19275,1.19109,1.19253
1616137200,1.19254,1.19371,1.19202,1.19229
1616144400,1.19228,1.19235,1.18906,1.18979
1616151600,1.18977,1.19093,1.1894,1.18999
1616158800,1.19,1.19043,1.1874,1.18862
1616166000,1.18863,1.19119,1.18843,1.19075
1616173200,1.19073,1.19124,1.19048,1.19083
1616180400,1.19082,1.191,1.19019,1.19045
1616360400,1.18727,1.18886,1.18713,1.18845
1616367600,1.18845,1.18924,1.18818,1.1885
1616374800,1.1885,1.18931,1.18751,1.18925
1616382000,1.18925,1.1899,1.18914,1.18935
1616389200,1.18935,1.18997,1.18821,1.18827
1616396400,1.18827,1.19059,1.18746,1.19022
1616403600,1.19022,1.19109,1.18934,1.19105
1616410800,1.19105,1.19314,1.19099,1.19231
1616418000,1.19229,1.19281,1.19108,1.19216
1616425200,1.19217,1.19395,1.19204,1.19392
1616432400,1.19391,1.19467,1.19351,1.19419
1616439600,1.19417,1.19421,1.19323,1.19324
1616446800,1.19318,1.19351,1.19288,1.19335
1616454000,1.19335,1.19407,1.19285,1.19335
1616461200,1.19334,1.1937,1.19228,1.19256
1616468400,1.19256,1.19332,1.19229,1.19232
1616475600,1.1923,1.19288,1.19193,1.19273
1616482800,1.19273,1.19317,1.18858,1.18988
1616490000,1.18986,1.19001,1.18825,1.18843
1616497200,1.18845,1.18949,1.18773,1.18892
1616504400,1.18892,1.18915,1.18615,1.18737
1616511600,1.18736,1.18765,1.18583,1.18635
1616518800,1.18635,1.18662,1.18486,1.18517
1616526000,1.18518,1.18561,1.18423,1.18501
1616533200,1.18483,1.18527,1.18456,1.1847
1616540400,1.18473,1.18479,1.18361,1.18428
1616547600,1.18429,1.18508,1.18398,1.18451
1616554800,1.18452,1.18497,1.18426,1.18463
1616562000,1.18463,1.18473,1.18335,1.18467
1616569200,1.18467,1.18473,1.18123,1.18266
1616576400,1.18269,1.18447,1.18188,1.18226
1616583600,1.18226,1.18364,1.18221,1.18337
1616590800,1.18336,1.18337,1.18144,1.18286
1616598000,1.18285,1.1839,1.18229,1.18235
1616605200,1.18235,1.18306,1.18198,1.18211
1616612400,1.1821,1.18233,1.18096,1.18116
1616619600,1.18125,1.18151,1.18091,1.18117
1616626800,1.18117,1.18176,1.18107,1.18176
1616634000,1.18175,1.18251,1.18042,1.18239
1616641200,1.18241,1.18276,1.18187,1.18206
1616648400,1.18205,1.18261,1.18143,1.18161
1616655600,1.18161,1.18183,1.18013,1.18052
1616662800,1.18052,1.18181,1.18037,1.18141
1616670000,1.18142,1.18178,1.17911,1.17973
1616677200,1.17972,1.18155,1.17921,1.17995
1616684400,1.17996,1.17997,1.17626,1.17629
1616691600,1.1763,1.17819,1.17618,1.17771
1616698800,1.17769,1.17791,1.1762,1.17639
1616706000,1.17639,1.17738,1.17629,1.17736
1616713200,1.17733,1.17836,1.17711,1.17819
1616720400,1.17819,1.17845,1.17766,1.17797
1616727600,1.17798,1.1782,1.17746,1.17766
1616734800,1.17767,1.17867,1.17767,1.17833
1616742000,1.17832,1.1789,1.17752,1.17873
1616749200,1.17872,1.17973,1.17775,1.17821
1616756400,1.17821,1.17846,1.17718,1.17764
1616763600,1.17763,1.17912,1.17761,1.17902
1616770800,1.17903,1.1805,1.17854,1.17987
1616778000,1.17987,1.17998,1.17843,1.17893
1616785200,1.17895,1.18,1.17886,1.17932
1616965200,1.17907,1.17936,1.17889,1.1791
1616972400,1.17909,1.1791,1.17778,1.17804
1616979600,1.17805,1.17911,1.1775,1.17907
1616986800,1.17906,1.17907,1.17783,1.17788
1616994000,1.17787,1.17841,1.17728,1.17807
1617001200,1.17808,1.1794,1.17629,1.17665
1617008400,1.17666,1.17808,1.17656,1.17712
1617015600,1.17713,1.17885,1.17647,1.17855
1617022800,1.17855,1.17926,1.17629,1.17635
1617030000,1.17637,1.1784,1.17609,1.17736
1617037200,1.17737,1.17784,1.17634,1.17635
1617044400,1.17637,1.17711,1.17629,1.17651
1617051600,1.17632,1.17723,1.17569,1.17674
1617058800,1.17676,1.17712,1.17642,1.17703
1617066000,1.17702,1.17738,1.1764,1.17649
1617073200,1.1765,1.17707,1.17604,1.17641
1617080400,1.1764,1.17655,1.17408,1.17474
1617087600,1.17474,1.17549,1.17331,1.17464
1617094800,1.17462,1.17498,1.17306,1.17321
1617102000,1.17322,1.17431,1.17276,1.17313
1617109200,1.17312,1.17377,1.17112,1.17254
1617116400,1.17251,1.1733,1.17159,1.17185
1617123600,1.17185,1.17198,1.17137,1.1717
1617130800,1.17172,1.17231,1.17157,1.17158
1617138000,1.17172,1.17199,1.1714,1.17178
1617145200,1.17173,1.17258,1.1715,1.17225
1617152400,1.17224,1.1724,1.1707,1.1707
1617159600,1.1707,1.17092,1.17041,1.17076
1617166800,1.17076,1.17273,1.17048,1.17271
1617174000,1.17271,1.17479,1.17218,1.17463
1617181200,1.1746,1.1746,1.17214,1.17349
1617188400,1.17351,1.17397,1.1721,1.17256
1617195600,1.17255,1.17599,1.17211,1.17519
1617202800,1.17518,1.17531,1.17289,1.17499
1617210000,1.17498,1.17552,1.17239,1.17256
1617217200,1.17257,1.17304,1.17195,1.17299
1617224400,1.17287,1.17296,1.17207,1.17256
1617231600,1.1726,1.17322,1.17211,1.17293
1617238800,1.17293,1.17329,1.17215,1.17244
1617246000,1.17244,1.17272,1.17145,1.17157
1617253200,1.17154,1.17335,1.17127,1.17323
1617260400,1.17325,1.17446,1.17212,1.17287
1617267600,1.17284,1.17505,1.17243,1.17369
1617274800,1.17369,1.17539,1.17329,1.17451
1617282000,1.17451,1.17653,1.17388,1.17596
1617289200,1.17596,1.178,1.17557,1.17731
1617296400,1.1773,1.17786,1.17667,1.17713
1617303600,1.17713,1.17779,1.17687,1.17775
1617310800,1.17752,1.17826,1.17736,1.17801
1617318000,1.17803,1.17841,1.17701,1.17716
1617325200,1.17714,1.17782,1.17691,1.17781
1617332400,1.17782,1.17812,1.17761,1.17782
1617339600,1.17783,1.17815,1.17746,1.1775
1617346800,1.17751,1.17866,1.17695,1.1782
1617354000,1.1782,1.17852,1.17758,1.17779
1617361200,1.17779,1.17858,1.17543,1.17686
1617368400,1.17687,1.1769,1.17492,1.17577
1617375600,1.17577,1.17623,1.17552,1.17603
1617382800,1.176,1.17646,1.17595,1.17615
1617390000,1.17615,1.17641,1.17542,1.17601
1617570000,1.17547,1.17673,1.17519,1.17621
1617577200,1.17622,1.17679,1.17582,1.17649
1617584400,1.17648,1.17718,1.1764,1.17664
1617591600,1.17665,1.17706,1.1759,1.1759
1617598800,1.1759,1.17606,1.17477,1.17487
1617606000,1.17486,1.17572,1.17414,1.17473
1617613200,1.17471,1.17507,1.17379,1.17493
1617620400,1.17493,1.17809,1.17488,1.17787
1617627600,1.17789,1.18149,1.17779,1.17988
1617634800,1.17989,1.18167,1.17956,1.1816
1617642000,1.18159,1.18195,1.18093,1.18108
1617649200,1.1811,1.18138,1.18079,1.18122
1617656400,1.18129,1.18152,1.18094,1.18142
1617663600,1.18143,1.18215,1.18131,1.18139
1617670800,1.18138,1.18171,1.18033,1.18076
1617678000,1.18077,1.18099,1.17996,1.18054
1617685200,1.18055,1.18168,1.18026,1.18044
1617692400,1.18045,1.18209,1.17953,1.18135
1617699600,1.1814,1.18219,1.18024,1.1808
1617706800,1.1808,1.18335,1.18026,1.18287
1617714000,1.18289,1.18459,1.18262,1.18381
1617721200,1.18383,1.1856,1.18374,1.18556
1617728400,1.18556,1.18741,1.18521,1.18711
1617735600,1.18712,1.18776,1.1867,1.18762
1617742800,1.1874,1.18782,1.18689,1.18714
1617750000,1.18715,1.18756,1.18684,1.18722
1617757200,1.18724,1.18779,1.18658,1.1867
1617764400,1.18671,1.18718,1.18656,1.18707
1617771600,1.18707,1.18819,1.18639,1.18701
1617778800,1.18701,1.18875,1.18651,1.18861
1617786000,1.18861,1.18983,1.18772,1.18923
1617793200,1.18924,1.18971,1.1877,1.18847
1617800400,1.18847,1.19147,1.18824,1.19007
1617807600,1.19005,1.19036,1.18818,1.18823
1617814800,1.18823,1.18869,1.18648,1.18658
1617822000,1.18658,1.18749,1.18609,1.18716
1617829200,1.18641,1.18731,1.18635,1.187
1617836400,1.187,1.18741,1.18654,1.18665
1617843600,1.18664,1.18703,1.18608,1.18698
1617850800,1.18698,1.18739,1.18694,1.18726
1617858000,1.18726,1.18816,1.18673,1.18815
1617865200,1.18813,1.1893,1.18751,1.18813
1617872400,1.18812,1.18815,1.18617,1.1862
1617879600,1.1862,1.18948,1.18617,1.18926
1617886800,1.18925,1.19103,1.18835,1.18989
1617894000,1.18991,1.19273,1.18984,1.19217
1617901200,1.19216,1.19232,1.19133,1.1917
1617908400,1.19169,1.19173,1.1912,1.19161
1617915600,1.19132,1.19186,1.19106,1.1915
1617922800,1.19149,1.19201,1.19133,1.19191
1617930000,1.19192,1.192,1.19041,1.19053
1617937200,1.19053,1.19076,1.1903,1.1904
1617944400,1.19039,1.19044,1.18847,1.18913
1617951600,1.18913,1.18989,1.18839,1.18858
1617958800,1.18857,1.18954,1.18824,1.18838
1617966000,1.18838,1.19003,1.18674,1.1876
1617973200,1.18761,1.18983,1.18705,1.18894
1617980400,1.18893,1.19033,1.18825,1.19001
1617987600,1.19,1.19104,1.18998,1.19023
1617994800,1.19022,1.19058,1.19007,1.1901
1618174800,1.18896,1.1904,1.18863,1.18981
1618182000,1.18985,1.19036,1.18942,1.18974
1618189200,1.18976,1.18986,1.18853,1.189
1618196400,1.18897,1.1893,1.18873,1.18879
1618203600,1.1888,1.18941,1.18843,1.18854
1618210800,1.18855,1.1888,1.18712,1.18837
1618218000,1.18842,1.19182,1.18839,1.19098
1618225200,1.19097,1.1918,1.19027,1.19141
1618232400,1.19142,1.19179,1.19035,1.1907
1618239600,1.19067,1.19191,1.19052,1.19158
1618246800,1.19158,1.19174,1.19035,1.19052
1618254000,1.19053,1.19124,1.18989,1.19113
1618261200,1.19095,1.19156,1.19076,1.19125
1618268400,1.1913,1.19159,1.19022,1.1904
1618275600,1.19039,1.19046,1.18959,1.18984
1618282800,1.18983,1.18993,1.1886,1.18873
1618290000,1.18874,1.19005,1.1883,1.18841
1618297200,1.18842,1.19087,1.18842,1.19004
1618304400,1.19007,1.19038,1.18877,1.1891
1618311600,1.1891,1.19343,1.18777,1.19243
1618318800,1.19245,1.19428,1.19232,1.19263
1618326000,1.19263,1.19434,1.19236,1.1938
1618333200,1.1938,1.19479,1.19379,1.19466
1618340400,1.19466,1.19558,1.19441,1.19487
1618347600,1.19468,1.1953,1.1945,1.19488
1618354800,1.19487,1.19585,1.19487,1.19544
1618362000,1.19545,1.19631,1.19525,1.19598
1618369200,1.19599,1.1964,1.19577,1.19626
1618376400,1.19626,1.19698,1.19598,1.19692
1618383600,1.19691,1.19741,1.19549,1.19667
1618390800,1.19668,1.19697,1.19513,1.19532
1618398000,1.1953,1.19674,1.19511,1.19638
1618405200,1.19639,1.19742,1.1953,1.19655
1618412400,1.19656,1.19873,1.19653,1.1985
1618419600,1.19849,1.19855,1.19702,1.19711
1618426800,1.19712,1.19819,1.19697,1.19791
1618434000,1.19758,1.19845,1.19758,1.19808
1618441200,1.19809,1.19887,1.198,1.19862
1618448400,1.19861,1.199,1.19723,1.19735
1618455600,1.19736,1.19758,1.19699,1.19704
1618462800,1.19703,1.19803,1.19702,1.19747
1618470000,1.19748,1.19902,1.19734,1.1981
1618477200,1.19809,1.19933,1.19621,1.19621
1618484400,1.19623,1.19812,1.19572,1.19583
1618491600,1.19585,1.19838,1.19562,1.19707
1618498800,1.19706,1.19762,1.19572,1.1971
1618506000,1.1971,1.19773,1.19571,1.19751
1618513200,1.1975,1.19757,1.1965,1.19661
1618520400,1.1964,1.19703,1.19633,1.19671
1618527600,1.19672,1.19747,1.19562,1.1957
1618534800,1.19569,1.19626,1.19504,1.19511
1618542000,1.19512,1.19642,1.19512,1.19634
1618549200,1.19633,1.19722,1.19583,1.19623
1618556400,1.19623,1.19888,1.19602,1.1978
1618563600,1.19781,1.19946,1.19693,1.19887
1618570800,1.19887,1.19918,1.19773,1.19837
1618578000,1.1984,1.19937,1.19751,1.19794
1618585200,1.19792,1.19837,1.19749,1.19807
1618592400,1.19806,1.19835,1.19724,1.19783
1618599600,1.19782,1.19826,1.19782,1.1981
1618779600,1.19723,1.19773,1.19694,1.19714
1618786800,1.19713,1.1975,1.19605,1.19613
1618794000,1.19616,1.19639,1.19426,1.19523
1618801200,1.19524,1.19591,1.19522,1.19584
1618808400,1.19584,1.19809,1.1958,1.19762
1618815600,1.19761,1.20327,1.19761,1.20252
1618822800,1.20253,1.20429,1.20219,1.20417
1618830000,1.20416,1.20479,1.20309,1.20402
1618837200,1.20406,1.20407,1.20152,1.20213
1618844400,1.20217,1.20387,1.20174,1.2038
1618851600,1.20381,1.20408,1.20331,1.20393
1618858800,1.20392,1.20393,1.20338,1.20367
1618866000,1.20369,1.20388,1.20323,1.20382
1618873200,1.20383,1.20455,1.2037,1.20391
1618880400,1.20392,1.20551,1.20374,1.20547
1618887600,1.20547,1.20716,1.20522,1.20633
1618894800,1.20632,1.20741,1.20482,1.20728
1618902000,1.20727,1.20798,1.20627,1.20686
1618909200,1.20686,1.20709,1.20444,1.20493
1618916400,1.20494,1.20593,1.20264,1.20347
1618923600,1.20346,1.20566,1.2031,1.20487
1618930800,1.20487,1.20506,1.20256,1.20302
1618938000,1.20302,1.20333,1.20225,1.20303
1618945200,1.20303,1.20371,1.20288,1.20365
1618952400,1.20306,1.20369,1.20306,1.20335
1618959600,1.20336,1.20436,1.20306,1.20346
1618966800,1.20345,1.2042,1.20283,1.20323
1618974000,1.20323,1.20336,1.20246,1.20275
1618981200,1.20276,1.20355,1.20255,1.20286
1618988400,1.20285,1.20287,1.20034,1.20061
1618995600,1.20062,1.20161,1.19985,1.20096
1619002800,1.20097,1.20151,1.20033,1.2014
1619010000,1.20141,1.20318,1.19991,1.2028
1619017200,1.20281,1.20391,1.20258,1.20276
1619024400,1.20277,1.20322,1.20266,1.2029
1619031600,1.20289,1.2036,1.20278,1.20356
1619038800,1.203,1.20357,1.203,1.20347
1619046000,1.20348,1.20399,1.20325,1.20367
1619053200,1.20368,1.20468,1.20355,1.20467
1619060400,1.20469,1.20469,1.20323,1.20337
1619067600,1.20337,1.20453,1.20293,1.20419
1619074800,1.20418,1.20495,1.20244,1.20261
1619082000,1.2026,1.20556,1.20223,1.20506
1619089200,1.20506,1.20663,1.20417,1.20643
1619096400,1.20646,1.20695,1.20026,1.20228
1619103600,1.20227,1.20232,1.20062,1.20088
1619110800,1.20087,1.20128,1.19936,1.20076
1619118000,1.20077,1.20175,1.20034,1.2016
1619125200,1.20144,1.2018,1.20136,1.20149
1619132400,1.20148,1.20206,1.20128,1.20204
1619139600,1.20203,1.20263,1.2018,1.20216
1619146800,1.20215,1.20277,1.20199,1.20266
1619154000,1.20267,1.20369,1.20227,1.2035
1619161200,1.20351,1.2061,1.20333,1.20587
1619168400,1.20589,1.20616,1.20491,1.20572
1619175600,1.20571,1.20757,1.20518,1.20718
1619182800,1.20717,1.20742,1.20462,1.20493
1619190000,1.20493,1.20772,1.20488,1.20767
1619197200,1.20766,1.20934,1.20743,1.20926
1619204400,1.20925,1.21001,1.20919,1.20974
1619384400,1.20922,1.20983,1.20906,1.2092
1619391600,1.20921,1.21054,1.20886,1.21031
1619398800,1.21032,1.21137,1.21032,1.21131
1619406000,1.2113,1.21169,1.21071,1.21082
1619413200,1.2108,1.21154,1.20916,1.20928
1619420400,1.20925,1.21033,1.20888,1.20997
1619427600,1.20996,1.21093,1.20918,1.20921
1619434800,1.2092,1.20932,1.20766,1.20808
1619442000,1.20807,1.20876,1.20611,1.20816
1619449200,1.20816,1.20896,1.20728,1.20891
1619456400,1.20891,1.20936,1.20832,1.20917
1619463600,1.20918,1.20931,1.20841,1.20857
1619470800,1.2084,1.20888,1.20819,1.20822
1619478000,1.20825,1.20841,1.20746,1.20791
1619485200,1.20791,1.20811,1.20652,1.20656
1619492400,1.20657,1.20748,1.20657,1.20729
1619499600,1.20729,1.20803,1.20662,1.20697
1619506800,1.20698,1.20759,1.20573,1.20582
1619514000,1.20582,1.20852,1.20568,1.20839
1619521200,1.2084,1.20928,1.20755,1.20817
1619528400,1.20818,1.20902,1.20732,1.20807
1619535600,1.20806,1.2084,1.20694,1.20709
1619542800,1.2071,1.20897,1.20705,1.20881
1619550000,1.20882,1.20927,1.20854,1.20915
1619557200,1.20884,1.20929,1.20849,1.20885
1619564400,1.20887,1.20909,1.20781,1.20784
1619571600,1.20784,1.20849,1.20753,1.20793
1619578800,1.20792,1.20795,1.20725,1.20729
1619586000,1.20727,1.20784,1.20593,1.20594
1619593200,1.20593,1.20799,1.20562,1.20749
1619600400,1.20749,1.20772,1.20647,1.20668
1619607600,1.20668,1.20747,1.20617,1.20679
1619614800,1.20678,1.21,1.20572,1.20885
1619622000,1.20886,1.21026,1.20883,1.20902
1619629200,1.20901,1.21347,1.20657,1.21234
1619636400,1.21235,1.21308,1.21076,1.21256
1619643600,1.21233,1.21329,1.21211,1.21324
1619650800,1.21325,1.21418,1.21302,1.21417
1619658000,1.21418,1.21499,1.21358,1.21373
1619665200,1.21372,1.21381,1.2124,1.2132
1619672400,1.21319,1.21369,1.21166,1.21204
1619679600,1.21205,1.21244,1.21112,1.21156
1619686800,1.21155,1.21248,1.2114,1.21227
1619694000,1.21227,1.21356,1.2121,1.21227
1619701200,1.21225,1.21267,1.21021,1.21113
1619708400,1.21114,1.21218,1.21072,1.21178
1619715600,1.21179,1.2126,1.21126,1.21256
1619722800,1.21257,1.21294,1.21197,1.21199
1619730000,1.21199,1.21236,1.2114,1.21219
1619737200,1.21217,1.21262,1.21178,1.2122
1619744400,1.21221,1.21266,1.21172,1.21205
1619751600,1.21205,1.21219,1.21154,1.21171
1619758800,1.21172,1.21199,1.21103,1.21105
1619766000,1.21106,1.21128,1.20945,1.20952
1619773200,1.20951,1.20982,1.2079,1.20799
1619780400,1.208,1.20896,1.20774,1.20837
1619787600,1.20839,1.20921,1.2035,1.20394
1619794800,1.20395,1.20426,1.20239,1.20267
1619802000,1.20268,1.20305,1.20184,1.20214
1619809200,1.20215,1.20253,1.20167,1.20207
1619989200,1.20271,1.20322,1.20189,1.20271
1619996400,1.20272,1.20339,1.20204,1.20338
1620003600,1.20339,1.20355,1.20184,1.20196
1620010800,1.20197,1.20239,1.20171,1.20211
1620018000,1.20212,1.20398,1.20131,1.20379
1620025200,1.20378,1.20496,1.20313,1.20474
1620032400,1.20473,1.20576,1.20463,1.20572
1620039600,1.20567,1.20577,1.20418,1.20431
1620046800,1.2043,1.2076,1.20424,1.20735
1620054000,1.20735,1.20761,1.20515,1.2053
1620061200,1.20529,1.20673,1.20516,1.20667
1620068400,1.20667,1.20667,1.20611,1.2063
1620075600,1.20637,1.20638,1.20584,1.20593
1620082800,1.2059,1.206,1.2053,1.20556
1620090000,1.20557,1.20562,1.20422,1.20446
1620097200,1.20445,1.2045,1.2037,1.20405
1620104400,1.20406,1.20409,1.20321,1.2033
1620111600,1.2033,1.20356,1.20022,1.20033
1620118800,1.20032,1.20149,1.19991,1.20114
1620126000,1.20114,1.20303,1.20081,1.20258
1620133200,1.20259,1.20332,1.20166,1.20325
1620140400,1.20326,1.20356,1.20015,1.20176
1620147600,1.20175,1.20235,1.20112,1.20112
1620154800,1.20109,1.20203,1.20093,1.20136
1620162000,1.2012,1.20158,1.20087,1.20158
1620169200,1.20159,1.20209,1.2013,1.20197
1620176400,1.20198,1.20229,1.2018,1.20207
1620183600,1.20207,1.20265,1.20202,1.20224
1620190800,1.20225,1.20225,1.19929,1.19997
1620198000,1.19996,1.20048,1.19861,1.19967
1620205200,1.19965,1.20198,1.19932,1.2016
1620212400,1.20162,1.20187,1.19915,1.19969
1620219600,1.19971,1.2012,1.19938,1.20042
1620226800,1.20041,1.20061,1.19922,1.19938
1620234000,1.19939,1.20021,1.19912,1.19997
1620241200,1.19996,1.2006,1.19976,1.20053
1620248400,1.20036,1.20077,1.20017,1.20061
1620255600,1.20062,1.20098,1.2,1.20002
1620262800,1.20001,1.20117,1.19932,1.20001
1620270000,1.20001,1.20042,1.19971,1.20025
1620277200,1.20024,1.20204,1.20021,1.20141
1620284400,1.20144,1.20446,1.20124,1.20395
1620291600,1.20394,1.20527,1.20364,1.20415
1620298800,1.20417,1.20605,1.20386,1.20572
1620306000,1.2057,1.20716,1.20481,1.20597
1620313200,1.20598,1.20606,1.20442,1.20498
1620320400,1.20499,1.20598,1.20481,1.2055
1620327600,1.20551,1.20644,1.20549,1.20639
1620334800,1.20585,1.20652,1.20585,1.2061
1620342000,1.20609,1.20698,1.20607,1.20635
1620349200,1.20635,1.20674,1.20596,1.20657
1620356400,1.20654,1.20692,1.20634,1.20641
1620363600,1.2064,1.20665,1.20529,1.20578
1620370800,1.20577,1.20907,1.20565,1.20876
1620378000,1.20875,1.20875,1.20709,1.20714
1620385200,1.20713,1.21464,1.20582,1.21289
1620392400,1.21293,1.21507,1.21021,1.21412
1620399600,1.21413,1.21651,1.21393,1.21512
1620406800,1.2151,1.21655,1.21497,1.21654
1620414000,1.21653,1.21715,1.21617,1.21619
1620594000,1.21569,1.21745,1.21569,1.21675
1620601200,1.21676,1.21769,1.216,1.21615
1620608400,1.21616,1.21632,1.21514,1.21515
1620615600,1.21518,1.21572,1.2151,1.21516
1620622800,1.21515,1.2163,1.21507,1.21607
1620630000,1.21608,1.21754,1.21368,1.21711
1620637200,1.21706,1.21716,1.21572,1.21645
1620644400,1.21644,1.21744,1.21567,1.21712
1620651600,1.21711,1.21783,1.21528,1.21611
1620658800,1.21609,1.21729,1.21557,1.2159
1620666000,1.21594,1.21595,1.21424,1.21454
1620673200,1.21453,1.21471,1.21278,1.21282
1620680400,1.21284,1.21397,1.21266,1.21393
1620687600,1.21394,1.21427,1.2126,1.2128
1620694800,1.21279,1.21465,1.21263,1.21453
1620702000,1.21452,1.21494,1.21383,1.21417
1620709200,1.21418,1.21473,1.21296,1.21303
1620716400,1.21306,1.21644,1.21232,1.21624
1620723600,1.21625,1.21692,1.21538,1.21612
1620730800,1.21611,1.21715,1.21589,1.21681
1620738000,1.21681,1.21817,1.2148,1.21614
1620745200,1.21615,1.21719,1.21536,1.21637
1620752400,1.21637,1.21646,1.21472,1.21528
1620759600,1.21529,1.21556,1.2145,1.2148
1620766800,1.21466,1.21506,1.21442,1.21469
1620774000,1.21472,1.21492,1.21372,1.2138
1620781200,1.21381,1.21381,1.21242,1.21247
1620788400,1.21247,1.21283,1.21156,1.21203
1620795600,1.21202,1.21372,1.212,1.21317
1620802800,1.21316,1.21438,1.21262,1.21343
1620810000,1.21347,1.21368,1.21202,1.21258
1620817200,1.21258,1.21467,1.20719,1.21302
1620824400,1.21301,1.21522,1.20654,1.20759
1620831600,1.2076,1.20828,1.20656,1.20663
1620838800,1.20662,1.20826,1.20656,1.20798
1620846000,1.20797,1.20824,1.20689,1.20708
1620853200,1.20697,1.20785,1.20684,1.20745
1620860400,1.20745,1.20844,1.20706,1.20819
1620867600,1.20818,1.20889,1.20773,1.20808
1620874800,1.20807,1.2083,1.20719,1.20783
1620882000,1.20783,1.20994,1.2073,1.20949
1620889200,1.2095,1.21061,1.20514,1.20622
1620896400,1.20623,1.20716,1.20601,1.20693
1620903600,1.20694,1.20941,1.20675,1.20817
1620910800,1.20816,1.21001,1.20728,1.20742
1620918000,1.20741,1.20908,1.20643,1.20797
1620925200,1.20799,1.208,1.20621,1.20762
1620932400,1.20761,1.2087,1.20756,1.20783
1620939600,1.20788,1.20825,1.20742,1.20786
1620946800,1.20781,1.20794,1.20708,1.20751
1620954000,1.20751,1.20854,1.20729,1.20796
1620961200,1.20797,1.20881,1.20789,1.20858
1620968400,1.20857,1.2111,1.20845,1.21072
1620975600,1.21071,1.21294,1.21055,1.21253
1620982800,1.21252,1.21266,1.21029,1.21139
1620990000,1.21138,1.21372,1.21105,1.21296
1620997200,1.21296,1.21477,1.21243,1.21343
1621004400,1.21343,1.21438,1.21319,1.21368
1621011600,1.21368,1.2145,1.21339,1.21442
1621018800,1.21441,1.21453,1.21414,1.21442
1621198800,1.21432,1.21501,1.21331,1.2146
1621206000,1.21461,1.21512,1.21321,1.21339
1621213200,1.21338,1.21383,1.21292,1.2135
1621220400,1.21351,1.21387,1.2129,1.21298
1621227600,1.21296,1.21421,1.2126,1.21376
1621234800,1.21377,1.21498,1.21316,1.2148
1621242000,1.21479,1.21688,1.21415,1.21668
1621249200,1.2167,1.21688,1.21347,1.21398
1621256400,1.21396,1.21533,1.21379,1.21444
1621263600,1.21446,1.21577,1.21425,1.2156
1621270800,1.2156,1.21615,1.21519,1.21589
1621278000,1.21588,1.21604,1.21516,1.21516
1621285200,1.21503,1.21554,1.21495,1.2153
1621292400,1.21531,1.21589,1.21525,1.21564
1621299600,1.21565,1.21693,1.21557,1.2163
1621306800,1.2163,1.21689,1.21622,1.21646
1621314000,1.21645,1.21906,1.21637,1.21833
1621321200,1.21836,1.22196,1.21836,1.22185
1621328400,1.22185,1.22235,1.22076,1.22076
1621335600,1.22076,1.22341,1.22065,1.22212
1621342800,1.22213,1.22237,1.22051,1.22183
1621350000,1.22183,1.22198,1.21979,1.22167
1621357200,1.22168,1.22299,1.22149,1.22291
1621364400,1.22292,1.22302,1.2222,1.22232
1621371600,1.22174,1.22255,1.22173,1.22241
1621378800,1.2224,1.22328,1.2221,1.22264
1621386000,1.22263,1.22275,1.22174,1.22224
1621393200,1.22223,1.22352,1.22212,1.22314
1621400400,1.22314,1.22451,1.22307,1.22383
1621407600,1.22384,1.22453,1.22047,1.22165
1621414800,1.22164,1.22204,1.22002,1.2207
1621422000,1.22068,1.22154,1.21889,1.22077
1621429200,1.22078,1.22387,1.22039,1.22162
1621436400,1.22159,1.22232,1.22102,1.22108
1621443600,1.22109,1.22148,1.21688,1.2171
1621450800,1.21711,1.21796,1.21599,1.21757
1621458000,1.21672,1.21783,1.21671,1.21727
1621465200,1.21726,1.21851,1.2169,1.21851
1621472400,1.21849,1.21851,1.21698,1.21772
1621479600,1.21773,1.21853,1.2177,1.21822
1621486800,1.2182,1.2198,1.21773,1.21846
1621494000,1.21849,1.22048,1.21844,1.21882
1621501200,1.21883,1.21972,1.21812,1.21943
1621508400,1.21943,1.2208,1.21937,1.22002
1621515600,1.22,1.22188,1.21974,1.22137
1621522800,1.22137,1.22264,1.2208,1.22182
1621530000,1.22184,1.22223,1.22122,1.22197
1621537200,1.22197,1.22293,1.22182,1.22278
1621544400,1.22261,1.22301,1.22173,1.22259
1621551600,1.22261,1.22378,1.2224,1.22339
1621558800,1.2234,1.22392,1.22275,1.2232
1621566000,1.22321,1.22345,1.22297,1.22328
1621573200,1.22329,1.22396,1.22224,1.22261
1621580400,1.2226,1.22358,1.22098,1.22237
1621587600,1.22238,1.22379,1.22185,1.22191
1621594800,1.22192,1.22216,1.21783,1.22057
1621602000,1.2206,1.22101,1.21707,1.21886
1621609200,1.21887,1.21917,1.21608,1.21641
1621616400,1.21641,1.21817,1.21626,1.21812
1621623600,1.21812,1.21879,1.21783,1.21806
1621803600,1.21752,1.21816,1.2171,1.21789
1621810800,1.21792,1.21872,1.21773,1.21804
1621818000,1.21806,1.21854,1.21768,1.21784
1621825200,1.21785,1.21834,1.21751,1.21797
1621832400,1.21799,1.21954,1.21798,1.21901
1621839600,1.21903,1.22043,1.21751,1.21969
1621846800,1.21969,1.22193,1.2193,1.22143
1621854000,1.22144,1.22162,1.22049,1.22103
1621861200,1.22102,1.22299,1.22036,1.22168
1621868400,1.22168,1.22242,1.22047,1.22152
1621875600,1.22152,1.22177,1.22056,1.22138
1621882800,1.22137,1.22182,1.22128,1.22161
1621890000,1.22162,1.22173,1.22128,1.22164
1621897200,1.22165,1.22219,1.22117,1.22217
1621904400,1.22218,1.22301,1.22211,1.22285
1621911600,1.22285,1.22315,1.22249,1.22293
1621918800,1.22295,1.22531,1.22204,1.22458
1621926000,1.22457,1.22623,1.2244,1.22589
1621933200,1.2259,1.22619,1.22476,1.22482
1621940400,1.22481,1.22664,1.22462,1.22537
1621947600,1.22538,1.2257,1.22406,1.22461
1621954800,1.2246,1.22488,1.22265,1.22397
1621962000,1.22397,1.2257,1.2238,1.22558
1621969200,1.22559,1.2256,1.22459,1.22516
1621976400,1.2248,1.22567,1.22459,1.22533
1621983600,1.22536,1.22538,1.22445,1.22451
1621990800,1.22452,1.22531,1.22419,1.22497
1621998000,1.22497,1.22611,1.22496,1.22596
1622005200,1.22597,1.22628,1.22433,1.22492
1622012400,1.22492,1.22499,1.22327,1.22408
1622019600,1.22408,1.22471,1.22328,1.22384
1622026800,1.22386,1.22396,1.22172,1.22199
1622034000,1.22197,1.22399,1.22167,1.2217
1622041200,1.22171,1.22211,1.21957,1.21999
1622048400,1.22,1.22022,1.2182,1.21928
1622055600,1.21928,1.21971,1.21907,1.21923
1622062800,1.219,1.21969,1.2188,1.21927
1622070000,1.21928,1.21943,1.218,1.21883
1622077200,1.21884,1.21928,1.21752,1.21904
1622084400,1.21906,1.21956,1.21864,1.21935
1622091600,1.21936,1.22022,1.21868,1.21981
1622098800,1.21982,1.2215,1.218,1.21825
1622106000,1.21829,1.22083,1.21821,1.22052
1622113200,1.22053,1.22107,1.21845,1.21861
1622120400,1.21864,1.22116,1.21798,1.22017
1622127600,1.22013,1.22035,1.21854,1.21876
1622134800,1.21877,1.22047,1.21873,1.21987
1622142000,1.21988,1.22009,1.21922,1.21941
1622149200,1.21925,1.21959,1.21911,1.21916
1622156400,1.2192,1.21931,1.21825,1.21842
1622163600,1.21841,1.2187,1.21815,1.21857
1622170800,1.21857,1.21903,1.21827,1.21876
1622178000,1.21876,1.21887,1.21715,1.21825
1622185200,1.21825,1.22006,1.21776,1.21974
1622192400,1.21974,1.21979,1.21732,1.21777
1622199600,1.21774,1.21815,1.21328,1.21348
1622206800,1.21353,1.21886,1.21326,1.21799
1622214000,1.218,1.22042,1.21788,1.22006
1622221200,1.22006,1.22048,1.21951,1.21962
1622228400,1.21963,1.21975,1.21894,1.21895
1622408400,1.21975,1.21997,1.21853,1.21935
1622415600,1.21935,1.21961,1.21845,1.21916
1622422800,1.21914,1.22042,1.21887,1.22039
1622430000,1.22037,1.22043,1.21963,1.21981
1622437200,1.2198,1.22022,1.21834,1.21896
1622444400,1.21895,1.22038,1.21884,1.22005
1622451600,1.22006,1.22006,1.2185,1.21903
1622458800,1.21904,1.22018,1.21858,1.21987
1622466000,1.21986,1.22279,1.21938,1.22279
1622473200,1.22279,1.22313,1.22203,1.22281
1622480400,1.22281,1.22294,1.2226,1.22272
1622487600,1.22272,1.22286,1.22239,1.22244
1622494800,1.22241,1.22329,1.2224,1.223
1622502000,1.223,1.22345,1.22239,1.22296
1622509200,1.22297,1.22365,1.22264,1.22281
1622516400,1.2228,1.22321,1.22224,1.22224
1622523600,1.22228,1.22376,1.22182,1.22327
1622530800,1.22326,1.22415,1.22134,1.22299
1622538000,1.223,1.22386,1.22219,1.22232
1622545200,1.22231,1.22275,1.2217,1.22247
1622552400,1.22248,1.22543,1.22158,1.22461
1622559600,1.2246,1.22513,1.22324,1.2233
1622566800,1.22329,1.22341,1.22268,1.22287
1622574000,1.22286,1.22287,1.22117,1.22137
1622581200,1.22127,1.22171,1.22115,1.22143
1622588400,1.22146,1.22261,1.22141,1.22203
1622595600,1.22202,1.22265,1.22192,1.22236
1622602800,1.22235,1.22261,1.22169,1.22171
1622610000,1.22173,1.22198,1.22057,1.22099
1622617200,1.22099,1.22137,1.21795,1.21813
1622624400,1.21814,1.21896,1.21691,1.21735
1622631600,1.21734,1.2192,1.21641,1.21859
1622638800,1.21859,1.22073,1.21843,1.22068
1622646000,1.2207,1.22183,1.22028,1.22121
1622653200,1.22121,1.22153,1.22064,1.22105
1622660400,1.22105,1.2214,1.22058,1.22097
1622667600,1.22103,1.22125,1.2209,1.22103
1622674800,1.22102,1.22141,1.2208,1.22124
1622682000,1.22126,1.22134,1.22034,1.2204
1622689200,1.22042,1.22081,1.22011,1.22015
1622696400,1.22014,1.2204,1.21854,1.21864
1622703600,1.21863,1.21938,1.21788,1.21877
1622710800,1.21876,1.22083,1.21856,1.21869
1622718000,1.21867,1.21964,1.21568,1.21584
1622725200,1.21587,1.21622,1.21269,1.21385
1622732400,1.21381,1.21383,1.21184,1.21204
1622739600,1.21204,1.21271,1.21189,1.21254
1622746800,1.21255,1.21339,1.21254,1.21269
1622754000,1.21265,1.21309,1.21245,1.21306
1622761200,1.21307,1.21321,1.21143,1.21274
1622768400,1.21276,1.21304,1.2118,1.21204
1622775600,1.21205,1.21212,1.21123,1.21138
1622782800,1.21138,1.21146,1.21041,1.2113
1622790000,1.21129,1.21179,1.21054,1.21119
1622797200,1.21119,1.21179,1.21039,1.21075
1622804400,1.21074,1.21746,1.2107,1.21677
1622811600,1.21676,1.21857,1.21619,1.21633
1622818800,1.21634,1.21748,1.21609,1.21613
1622826000,1.21614,1.21676,1.21603,1.21652
1622833200,1.21652,1.21702,1.21637,1.21661
1623013200,1.21602,1.21671,1.216,1.21632
1623020400,1.21633,1.21727,1.21629,1.21673
1623027600,1.21675,1.21675,1.216,1.2163
1623034800,1.21629,1.21706,1.21622,1.21679
1623042000,1.2168,1.21681,1.21516,1.21525
1623049200,1.21525,1.21679,1.2145,1.2162
1623056400,1.2162,1.21643,1.21507,1.21559
1623063600,1.21557,1.21759,1.21549,1.21634
1623070800,1.21633,1.21919,1.21613,1.21876
1623078000,1.21879,1.22018,1.21853,1.21948
1623085200,1.2195,1.21991,1.21915,1.21946
1623092400,1.21945,1.21954,1.21892,1.21894
1623099600,1.21891,1.21939,1.2189,1.21917
1623106800,1.21918,1.21942,1.21826,1.21856
1623114000,1.21855,1.21909,1.21821,1.21831
1623121200,1.21827,1.21831,1.21773,1.21792
1623128400,1.21791,1.21852,1.21762,1.21768
1623135600,1.21769,1.21838,1.21643,1.21761
1623142800,1.21761,1.21809,1.21682,1.21777
1623150000,1.21778,1.21884,1.21713,1.21758
1623157200,1.21755,1.21931,1.21709,1.2186
1623164400,1.21861,1.21861,1.21768,1.21782
1623171600,1.21781,1.21819,1.2174,1.21798
1623178800,1.21797,1.21812,1.21713,1.21726
1623186000,1.21725,1.21744,1.21713,1.21718
1623193200,1.21718,1.21779,1.21712,1.2175
1623200400,1.21749,1.21842,1.21738,1.2184
1623207600,1.2184,1.21854,1.21786,1.21794
1623214800,1.21793,1.21869,1.21756,1.21803
1623222000,1.21804,1.21927,1.21761,1.21883
1623229200,1.21884,1.21951,1.21838,1.21922
1623236400,1.21923,1.21977,1.21894,1.21947
1623243600,1.21947,1.2218,1.21813,1.21858
1623250800,1.21857,1.21906,1.21741,1.21762
1623258000,1.2176,1.21839,1.21755,1.21791
1623265200,1.21789,1.2181,1.21744,1.21788
1623272400,1.21774,1.21801,1.21762,1.21778
1623279600,1.21777,1.21807,1.21721,1.21729
1623286800,1.21729,1.21758,1.21665,1.21667
1623294000,1.21669,1.217,1.21627,1.21642
1623301200,1.21642,1.21738,1.21617,1.21675
1623308400,1.21675,1.21712,1.21534,1.21667
1623315600,1.21666,1.21724,1.21599,1.21687
1623322800,1.21687,1.21947,1.21519,1.21861
1623330000,1.21864,1.21932,1.21433,1.21716
1623337200,1.21715,1.21779,1.21619,1.21766
1623344400,1.21767,1.21786,1.21715,1.21718
1623351600,1.21717,1.21777,1.21699,1.21761
1623358800,1.21676,1.2176,1.21676,1.21727
1623366000,1.21728,1.21787,1.21718,1.21781
1623373200,1.21783,1.21901,1.21759,1.21899
1623380400,1.219,1.21914,1.21867,1.21872
1623387600,1.21871,1.2193,1.21813,1.21834
1623394800,1.21837,1.21918,1.2164,1.21658
1623402000,1.21657,1.21672,1.2149,1.21512
1623409200,1.2151,1.21518,1.21224,1.21288
1623416400,1.21287,1.21302,1.21006,1.21094
1623423600,1.21092,1.21146,1.20929,1.20964
1623430800,1.20965,1.2103,1.20927,1.21027
1623438000,1.21027,1.21108,1.21016,1.21062
1623618000,1.21015,1.21122,1.21015,1.211
1623625200,1.21097,1.21113,1.20987,1.21002
1623632400,1.21001,1.21044,1.20954,1.20992
1623639600,1.20993,1.21049,1.20946,1.21042
1623646800,1.21042,1.21089,1.20946,1.21038
1623654000,1.21036,1.21207,1.20943,1.2109
1623661200,1.21088,1.21248,1.21086,1.21209
1623668400,1.21209,1.21211,1.21118,1.21195
1623675600,1.21196,1.21305,1.2117,1.21236
1623682800,1.21238,1.21283,1.21202,1.21222
1623690000,1.21223,1.21229,1.21175,1.21178
1623697200,1.21182,1.2123,1.21166,1.21195
1623704400,1.21187,1.21214,1.21173,1.21208
1623711600,1.21209,1.21236,1.21138,1.21198
1623718800,1.21198,1.21259,1.21147,1.21243
1623726000,1.21243,1.2126,1.21191,1.21258
1623733200,1.21257,1.2137,1.21241,1.2131
1623740400,1.21311,1.21473,1.21303,1.21303
1623747600,1.21302,1.21305,1.2113,1.21182
1623754800,1.21182,1.21207,1.21014,1.21117
1623762000,1.21116,1.21303,1.21088,1.21258
1623769200,1.21256,1.21311,1.21175,1.21241
1623776400,1.21243,1.21298,1.2122,1.21249
1623783600,1.21247,1.21291,1.21227,1.21252
1623790800,1.21259,1.21283,1.21249,1.21265
1623798000,1.21263,1.2127,1.21225,1.21226
1623805200,1.21227,1.21237,1.21167,1.21217
1623812400,1.21217,1.2129,1.21206,1.21285
1623819600,1.21284,1.21348,1.21227,1.21293
1623826800,1.21295,1.21338,1.21184,1.21288
1623834000,1.21287,1.21294,1.2115,1.21166
1623841200,1.21167,1.21276,1.21142,1.21185
1623848400,1.21186,1.21271,1.21101,1.21182
1623855600,1.21184,1.21216,1.21122,1.21175
1623862800,1.21174,1.21174,1.20083,1.20177
1623870000,1.20174,1.20368,1.19952,1.19957
1623877200,1.19943,1.19985,1.1991,1.1998
1623884400,1.1998,1.1998,1.19841,1.19881
1623891600,1.19883,1.20049,1.19877,1.20022
1623898800,1.20023,1.20038,1.19932,1.20008
1623906000,1.20007,1.20063,1.19735,1.19868
1623913200,1.19868,1.19894,1.19361,1.19477
1623920400,1.19475,1.19569,1.19262,1.19317
1623927600,1.19321,1.19469,1.19289,1.19312
1623934800,1.19312,1.1951,1.19213,1.19397
1623942000,1.19398,1.19428,1.1892,1.18961
1623949200,1.1896,1.19226,1.18959,1.1911
1623956400,1.19108,1.19145,1.19007,1.19057
1623963600,1.19065,1.19131,1.19049,1.19114
1623970800,1.19118,1.19154,1.19046,1.19074
1623978000,1.19078,1.19199,1.1906,1.19187
1623985200,1.19189,1.1925,1.19129,1.19134
1623992400,1.19134,1.19143,1.18853,1.18909
1623999600,1.18909,1.19243,1.18906,1.19127
1624006800,1.19127,1.19223,1.19054,1.19157
1624014000,1.1916,1.19162,1.18674,1.18876
1624021200,1.18877,1.18877,1.18473,1.18565
1624028400,1.18567,1.18822,1.185,1.18745
1624035600,1.18746,1.18818,1.18703,1.18718
1624042800,1.18716,1.18781,1.18568,1.18597
1624222800,1.18553,1.18764,1.18553,1.18722
1624230000,1.18721,1.18765,1.18674,1.18725
1624237200,1.18725,1.18739,1.18594,1.18656
1624244400,1.18655,1.18659,1.18477,1.18659
1624251600,1.18658,1.18848,1.18559,1.18755
1624258800,1.18755,1.18938,1.18512,1.18932
1624266000,1.18929,1.18996,1.18865,1.18953
1624273200,1.18951,1.18968,1.18849,1.18925
1624280400,1.18926,1.19207,1.18896,1.19104
1624287600,1.19105,1.19214,1.19039,1.1919
1624294800,1.19192,1.1921,1.19079,1.19081
1624302000,1.19083,1.19203,1.19083,1.19177
1624309200,1.19168,1.19201,1.19134,1.19137
1624316400,1.19139,1.1918,1.19049,1.19081
1624323600,1.1908,1.19108,1.19008,1.19108
1624330800,1.19107,1.19152,1.19023,1.19027
1624338000,1.1903,1.19053,1.18916,1.18989
1624345200,1.1899,1.19113,1.18921,1.18964
1624352400,1.18963,1.18996,1.1881,1.18932
1624359600,1.18933,1.19026,1.1882,1.1893
1624366800,1.18928,1.19104,1.189,1.18992
1624374000,1.18991,1.19421,1.18973,1.19346
1624381200,1.19346,1.19455,1.19317,1.19357
1624388400,1.19358,1.19527,1.19354,1.19409
1624395600,1.19368,1.19435,1.19365,1.19393
1624402800,1.19395,1.19423,1.19298,1.19319
1624410000,1.19319,1.19345,1.19204,1.19243
1624417200,1.19244,1.19273,1.19191,1.19193
1624424400,1.19195,1.19369,1.1916,1.19275
1624431600,1.19274,1.19455,1.19116,1.19326
1624438800,1.19327,1.19497,1.19325,1.19432
1624446000,1.19432,1.19552,1.1939,1.19537
1624453200,1.19536,1.19701,1.19472,1.19472
1624460400,1.19473,1.19507,1.19343,1.19356
1624467600,1.19358,1.19383,1.19287,1.19293
1624474800,1.19292,1.19296,1.19195,1.19265
1624482000,1.19266,1.19331,1.19248,1.19318
1624489200,1.19318,1.19332,1.19264,1.19309
1624496400,1.19308,1.19324,1.19193,1.19258
1624503600,1.19259,1.1926,1.19211,1.1924
1624510800,1.19244,1.19383,1.19178,1.19341
1624518000,1.1934,1.1943,1.1925,1.19252
1624525200,1.19251,1.19495,1.1925,1.19446
1624532400,1.19447,1.19563,1.19313,1.19544
1624539600,1.19546,1.1956,1.192,1.19261
1624546800,1.19263,1.1934,1.19247,1.19268
1624554000,1.19269,1.19339,1.19264,1.19305
1624561200,1.19304,1.19354,1.19304,1.19311
1624568400,1.19298,1.19326,1.1929,1.1932
1624575600,1.1932,1.19322,1.19268,1.19309
1624582800,1.1931,1.1945,1.1931,1.19396
1624590000,1.19395,1.1942,1.19368,1.1937
1624597200,1.19371,1.19495,1.1935,1.19453
1624604400,1.19454,1.19506,1.19375,1.19431
1624611600,1.19431,1.19471,1.19377,1.19458
1624618800,1.1946,1.19655,1.19386,1.19577
1624626000,1.19577,1.19752,1.19498,1.19499
1624633200,1.19504,1.19521,1.19326,1.19373
1624640400,1.19374,1.19376,1.19263,1.1931
1624647600,1.1931,1.19425,1.19307,1.19368
1624827600,1.19322,1.19402,1.1932,1.19389
1624834800,1.19391,1.1942,1.19326,1.19366
1624842000,1.19366,1.19382,1.19201,1.1924
1624849200,1.19239,1.19262,1.19212,1.19226
1624856400,1.19226,1.19334,1.19219,1.19306
1624863600,1.19308,1.19445,1.19255,1.19413
1624870800,1.19414,1.19439,1.19334,1.19385
1624878000,1.19388,1.19388,1.19025,1.19215
1624885200,1.19215,1.19397,1.19112,1.19261
1624892400,1.19263,1.19382,1.19204,1.19226
1624899600,1.19226,1.19291,1.192,1.19235
1624906800,1.19235,1.19261,1.19219,1.19241
1624914000,1.19286,1.19288,1.1921,1.19248
1624921200,1.19249,1.19297,1.19177,1.19193
1624928400,1.19194,1.19246,1.19124,1.1914
1624935600,1.1914,1.19152,1.19077,1.19103
1624942800,1.19105,1.19231,1.19104,1.19197
1624950000,1.19194,1.19217,1.18995,1.19014
1624957200,1.19015,1.19132,1.1897,1.19061
1624964400,1.19062,1.19077,1.18799,1.18826
1624971600,1.18825,1.19083,1.18777,1.19046
1624978800,1.19048,1.19116,1.1896,1.18961
1624986000,1.18959,1.19057,1.18931,1.1901
1624993200,1.19011,1.19028,1.18947,1.18963
1625000400,1.18955,1.19037,1.18951,1.18997
1625007600,1.18994,1.19066,1.18966,1.19002
1625014800,1.19002,1.1909,1.18966,1.19029
1625022000,1.19028,1.19044,1.18979,1.18997
1625029200,1.18997,1.1908,1.18942,1.19048
1625036400,1.19049,1.19052,1.1885,1.18861
1625043600,1.18861,1.18981,1.18836,1.18895
1625050800,1.18895,1.1895,1.18761,1.18823
1625058000,1.18823,1.18824,1.18494,1.18594
1625065200,1.18593,1.18699,1.18451,1.18484
1625072400,1.18485,1.1857,1.18461,1.18476
1625079600,1.18477,1.18614,1.18461,1.18573
1625086800,1.18561,1.18592,1.18545,1.18576
1625094000,1.18576,1.18602,1.18466,1.18486
1625101200,1.18489,1.18543,1.18475,1.18501
1625108400,1.185,1.18517,1.18463,1.18491
1625115600,1.18492,1.18562,1.18374,1.18547
1625122800,1.18547,1.18601,1.18384,1.18445
1625130000,1.18446,1.18669,1.18403,1.18668
1625137200,1.18667,1.18842,1.18643,1.18782
1625144400,1.18785,1.18821,1.18573,1.1868
1625151600,1.1868,1.18682,1.18471,1.18491
1625158800,1.18489,1.18546,1.18413,1.18415
1625166000,1.18414,1.18507,1.18409,1.18496
1625173200,1.185,1.1852,1.18425,1.18463
1625180400,1.1846,1.18476,1.18409,1.18429
1625187600,1.18429,1.18466,1.18406,1.18416
1625194800,1.18416,1.18463,1.18411,1.18447
1625202000,1.18448,1.18477,1.18353,1.18388
1625209200,1.18389,1.18392,1.18222,1.18278
1625216400,1.18278,1.18329,1.18204,1.18271
1625223600,1.1827,1.18571,1.1807,1.18474
1625230800,1.18474,1.18593,1.18258,1.18429
1625238000,1.18427,1.18507,1.1839,1.18435
1625245200,1.18433,1.18742,1.18414,1.1868
1625252400,1.1868,1.18691,1.18628,1.18643
1625432400,1.18584,1.18687,1.18584,1.18585
1625439600,1.18586,1.18619,1.18535,1.18573
1625446800,1.18574,1.18627,1.18519,1.18535
1625454000,1.18536,1.18583,1.18514,1.1857
1625461200,1.18567,1.18665,1.18519,1.18632
1625468400,1.18633,1.18732,1.18521,1.18704
1625475600,1.18702,1.18803,1.1869,1.1877
1625482800,1.18769,1.18806,1.18601,1.18634
1625490000,1.18634,1.18661,1.18554,1.18618
1625497200,1.18619,1.18693,1.18614,1.18678
1625504400,1.18678,1.18692,1.1866,1.18689
1625511600,1.1869,1.18697,1.18601,1.18612
1625518800,1.18609,1.18692,1.18595,1.18643
1625526000,1.18642,1.18664,1.18601,1.18606
1625533200,1.18607,1.18719,1.18584,1.18718
1625540400,1.18717,1.18759,1.18701,1.18742
1625547600,1.18742,1.18951,1.18739,1.18903
1625554800,1.18904,1.18924,1.18425,1.18452
1625562000,1.18453,1.18511,1.18311,1.18396
1625569200,1.18398,1.18466,1.18334,1.18361
1625576400,1.18359,1.18427,1.18206,1.18291
1625583600,1.18296,1.18308,1.18069,1.18146
1625590800,1.18148,1.18268,1.18133,1.18236
1625598000,1.18238,1.18281,1.18201,1.18232
1625605200,1.18236,1.18246,1.1817,1.18199
1625612400,1.18197,1.1825,1.18155,1.18209
1625619600,1.1821,1.18251,1.18176,1.18197
1625626800,1.18198,1.18268,1.18187,1.18236
1625634000,1.18235,1.18345,1.18218,1.18269
1625641200,1.18268,1.18321,1.18119,1.18239
1625648400,1.18236,1.18305,1.18175,1.18202
1625655600,1.18199,1.18362,1.18126,1.18158
1625662800,1.18158,1.18182,1.17816,1.17987
1625670000,1.17984,1.18057,1.17919,1.18003
1625677200,1.18004,1.18205,1.17979,1.18056
1625684400,1.18054,1.18068,1.17892,1.17907
1625691600,1.17895,1.17981,1.17894,1.17975
1625698800,1.17978,1.1799,1.17895,1.17909
1625706000,1.1791,1.17951,1.17835,1.17905
1625713200,1.17904,1.17961,1.17894,1.17961
1625720400,1.17961,1.18068,1.17923,1.17972
1625727600,1.17972,1.1825,1.17952,1.18222
1625734800,1.18224,1.18414,1.18214,1.18405
1625742000,1.18405,1.18592,1.1833,1.18514
1625749200,1.18511,1.18679,1.18438,1.1853
1625756400,1.18533,1.18598,1.18367,1.18445
1625763600,1.18446,1.18463,1.18352,1.18395
1625770800,1.18392,1.18485,1.1839,1.18463
1625778000,1.18417,1.18489,1.18405,1.18451
1625785200,1.18456,1.18498,1.18383,1.18407
1625792400,1.18405,1.18436,1.1835,1.18365
1625799600,1.18366,1.18398,1.18318,1.18318
1625806800,1.18321,1.1836,1.18251,1.18277
1625814000,1.18275,1.18467,1.1825,1.18323
1625821200,1.18322,1.18629,1.18289,1.18569
1625828400,1.18569,1.18687,1.18553,1.18686
1625835600,1.18686,1.18749,1.18605,1.18644
1625842800,1.18644,1.18697,1.18556,1.18681
1625850000,1.1868,1.18776,1.18673,1.18764
1625857200,1.18763,1.18811,1.18748,1.1877
1626037200,1.18716,1.18769,1.18673,1.18755
1626044400,1.18757,1.18763,1.187,1.18753
1626051600,1.18754,1.18801,1.18688,1.18714
1626058800,1.18714,1.18729,1.18654,1.18683
1626066000,1.18683,1.187,1.18561,1.18624
1626073200,1.18623,1.18798,1.18584,1.18705
1626080400,1.18706,1.18736,1.18424,1.1845
1626087600,1.18451,1.18568,1.18361,1.18531
1626094800,1.18531,1.18743,1.18509,1.18671
1626102000,1.18672,1.18679,1.1851,1.18576
1626109200,1.18576,1.18608,1.18551,1.18579
1626116400,1.1858,1.18621,1.18554,1.18598
1626123600,1.18609,1.18653,1.18593,1.18626
1626130800,1.18628,1.18687,1.18586,1.18665
1626138000,1.18665,1.18741,1.18621,1.18733
1626145200,1.18732,1.18751,1.18631,1.18637
1626152400,1.18637,1.18648,1.18529,1.18539
1626159600,1.18539,1.18654,1.18411,1.18499
1626166800,1.18498,1.18498,1.18357,1.18466
1626174000,1.18465,1.18508,1.17941,1.17995
1626181200,1.17996,1.18328,1.17917,1.18226
1626188400,1.18225,1.18259,1.1803,1.18043
1626195600,1.18042,1.18042,1.17819,1.17824
1626202800,1.17825,1.17842,1.17722,1.17765
1626210000,1.17746,1.17805,1.17733,1.17783
1626217200,1.1778,1.1779,1.17719,1.17764
1626224400,1.17765,1.17845,1.17759,1.17841
1626231600,1.17839,1.17854,1.1781,1.17837
1626238800,1.17838,1.1796,1.17823,1.17917
1626246000,1.17916,1.17994,1.17801,1.17837
1626253200,1.17838,1.17999,1.1776,1.17977
1626260400,1.17977,1.1828,1.17972,1.18219
1626267600,1.18219,1.18281,1.18131,1.18198
1626274800,1.18194,1.18353,1.18174,1.18324
1626282000,1.18325,1.18355,1.18255,1.18301
1626289200,1.18302,1.18388,1.18296,1.18364
1626296400,1.18371,1.18385,1.18346,1.18358
1626303600,1.18359,1.18386,1.18286,1.18334
1626310800,1.18336,1.18343,1.18212,1.18236
1626318000,1.18235,1.18348,1.18232,1.18308
1626325200,1.18309,1.18466,1.18308,1.18348
1626332400,1.18353,1.18508,1.18257,1.1849
1626339600,1.1849,1.18498,1.18169,1.18174
1626346800,1.18175,1.18218,1.18036,1.18065
1626354000,1.18063,1.18234,1.18049,1.18177
1626361200,1.18176,1.18198,1.18008,1.18029
1626368400,1.18028,1.18075,1.17963,1.18073
1626375600,1.18068,1.18131,1.18063,1.18108
1626382800,1.18057,1.18151,1.18057,1.18137
1626390000,1.18137,1.1817,1.181,1.18115
1626397200,1.18116,1.18119,1.1802,1.18078
1626404400,1.18078,1.18125,1.18068,1.18094
1626411600,1.18095,1.18134,1.18041,1.18101
1626418800,1.18102,1.18196,1.17971,1.1818
1626426000,1.18181,1.18224,1.18009,1.18023
1626433200,1.18023,1.18054,1.17923,1.18018
1626440400,1.18018,1.18137,1.17959,1.18089
1626447600,1.18089,1.18143,1.18032,1.18112
1626454800,1.18114,1.18187,1.18071,1.18092
1626462000,1.18092,1.18094,1.18028,1.18055
1626642000,1.18034,1.18101,1.18034,1.18096
1626649200,1.18096,1.18138,1.18012,1.18021
1626656400,1.18022,1.18067,1.17979,1.18034
1626663600,1.18032,1.18086,1.18021,1.18062
1626670800,1.18061,1.18085,1.17973,1.17974
1626678000,1.17974,1.17987,1.17655,1.17731
1626685200,1.17728,1.17828,1.17654,1.17763
1626692400,1.17764,1.17886,1.17638,1.17868
1626699600,1.17869,1.18244,1.17838,1.18056
1626706800,1.18057,1.181,1.17944,1.17991
1626714000,1.1799,1.18023,1.17911,1.17914
1626721200,1.17916,1.18007,1.17916,1.17989
1626728400,1.1796,1.18014,1.1794,1.1794
1626735600,1.17941,1.17992,1.17901,1.17949
1626742800,1.17951,1.18021,1.17919,1.17946
1626750000,1.17947,1.17954,1.1788,1.17887
1626757200,1.17887,1.17887,1.17758,1.17783
1626764400,1.17783,1.17949,1.17723,1.17879
1626771600,1.17879,1.18025,1.17811,1.17822
1626778800,1.17821,1.17928,1.1765,1.17724
1626786000,1.17725,1.17806,1.17556,1.17642
1626793200,1.17642,1.17799,1.17562,1.17778
1626800400,1.17779,1.17861,1.1774,1.17819
1626807600,1.17819,1.17846,1.17792,1.17805
1626814800,1.1779,1.17832,1.1777,1.17826
1626822000,1.17827,1.1783,1.1778,1.17797
1626829200,1.17797,1.17803,1.17701,1.17725
1626836400,1.17726,1.17771,1.17712,1.17722
1626843600,1.17722,1.17761,1.17603,1.17632
1626850800,1.17629,1.17823,1.17519,1.17795
1626858000,1.17796,1.17802,1.17679,1.17723
1626865200,1.17722,1.17785,1.17598,1.17661
1626872400,1.17661,1.17983,1.17624,1.17895
1626879600,1.17896,1.18037,1.17862,1.17933
1626886800,1.17933,1.18007,1.17917,1.18001
1626894000,1.18,1.18048,1.17918,1.17944
1626901200,1.17902,1.18006,1.17895,1.1793
1626908400,1.17928,1.17954,1.1788,1.17883
1626915600,1.17885,1.17985,1.17867,1.17902
1626922800,1.17901,1.18001,1.17901,1.17969
1626930000,1.1797,1.18013,1.17906,1.17949
1626937200,1.17949,1.18019,1.17792,1.17966
1626944400,1.17965,1.17997,1.1785,1.17917
1626951600,1.17915,1.18134,1.17708,1.17999
1626958800,1.17996,1.18304,1.17826,1.17911
1626966000,1.1791,1.1792,1.17575,1.17629
1626973200,1.17627,1.17728,1.17575,1.17716
1626980400,1.17716,1.17762,1.17668,1.17707
1626987600,1.17685,1.17762,1.1762,1.17726
1626994800,1.17727,1.17799,1.17712,1.17779
1627002000,1.17783,1.17804,1.17707,1.17744
1627009200,1.17743,1.1776,1.17672,1.17679
1627016400,1.1768,1.17743,1.17627,1.17716
1627023600,1.17716,1.17865,1.17643,1.17746
1627030800,1.17746,1.1777,1.17602,1.17636
1627038000,1.17637,1.1781,1.17544,1.17796
1627045200,1.178,1.17801,1.17549,1.1762
1627052400,1.17619,1.17695,1.17582,1.17684
1627059600,1.17683,1.17736,1.17683,1.17712
1627066800,1.17712,1.1776,1.17687,1.17688
1627246800,1.17686,1.17743,1.17684,1.1774
1627254000,1.17738,1.17744,1.17633,1.17663
1627261200,1.17664,1.17756,1.17654,1.17718
1627268400,1.1772,1.17802,1.17708,1.17785
1627275600,1.17786,1.17848,1.17709,1.1772
1627282800,1.17723,1.18004,1.17671,1.17839
1627290000,1.17838,1.17993,1.17811,1.17918
1627297200,1.17918,1.17973,1.17792,1.1783
1627304400,1.1783,1.18173,1.178,1.18078
1627311600,1.18078,1.18149,1.18068,1.18124
1627318800,1.18124,1.18133,1.18001,1.18001
1627326000,1.18001,1.18074,1.17992,1.18023
1627333200,1.1803,1.18047,1.17991,1.18005
1627340400,1.18004,1.18121,1.17999,1.18084
1627347600,1.18085,1.18089,1.18017,1.18059
1627354800,1.18058,1.18065,1.18009,1.18022
1627362000,1.18022,1.18024,1.17879,1.17882
1627369200,1.17882,1.17883,1.17701,1.17776
1627376400,1.17777,1.17898,1.17745,1.17886
1627383600,1.17886,1.18195,1.17859,1.18187
1627390800,1.18187,1.18277,1.18006,1.18251
1627398000,1.1825,1.1837,1.18237,1.18362
1627405200,1.18362,1.1841,1.18227,1.18229
1627412400,1.18228,1.1823,1.18151,1.18161
1627419600,1.18161,1.18208,1.18136,1.18168
1627426800,1.18169,1.18238,1.18124,1.18141
1627434000,1.18144,1.18248,1.18143,1.18248
1627441200,1.18249,1.18276,1.18196,1.18196
1627448400,1.18195,1.18199,1.18033,1.18037
1627455600,1.18037,1.18303,1.18022,1.1829
1627462800,1.18291,1.18292,1.18014,1.18042
1627470000,1.18041,1.18122,1.17918,1.17988
1627477200,1.17986,1.18053,1.17833,1.17998
1627484400,1.17999,1.18159,1.17974,1.18144
1627491600,1.18143,1.18429,1.17722,1.18386
1627498800,1.18387,1.18496,1.18306,1.18424
1627506000,1.18415,1.18458,1.18392,1.18447
1627513200,1.18444,1.18469,1.18407,1.18436
1627520400,1.18435,1.18576,1.18417,1.18545
1627527600,1.18545,1.18588,1.1851,1.18564
1627534800,1.18563,1.18636,1.18502,1.18522
1627542000,1.18523,1.18794,1.18517,1.18765
1627549200,1.18766,1.18802,1.18692,1.18751
1627556400,1.18753,1.18855,1.187,1.18842
1627563600,1.18843,1.18891,1.18759,1.18857
1627570800,1.18855,1.1891,1.18785,1.18847
1627578000,1.18846,1.18914,1.188,1.18914
1627585200,1.18913,1.18928,1.18845,1.18864
1627592400,1.1887,1.1891,1.18808,1.18906
1627599600,1.18907,1.18944,1.18814,1.18815
1627606800,1.18817,1.18845,1.18787,1.18808
1627614000,1.18807,1.18832,1.18777,1.18784
1627621200,1.18784,1.18858,1.18751,1.18857
1627628400,1.18856,1.19076,1.18842,1.19067
1627635600,1.19067,1.19086,1.18845,1.19011
1627642800,1.19013,1.19047,1.18774,1.18792
1627650000,1.18795,1.18865,1.18517,1.18589
1627657200,1.18588,1.18656,1.18554,1.1859
1627664400,1.18589,1.18628,1.18539,1.18562
1627671600,1.18562,1.18764,1.1855,1.18729
1627851600,1.18634,1.18694,1.18574,1.18682
1627858800,1.18682,1.18712,1.18621,1.18689
1627866000,1.18689,1.18715,1.18589,1.18713
1627873200,1.18714,1.18735,1.18692,1.18705
1627880400,1.18704,1.18842,1.18642,1.18827
1627887600,1.18829,1.18885,1.18784,1.18846
1627894800,1.18847,1.18969,1.18813,1.1891
1627902000,1.18908,1.18927,1.18716,1.18731
1627909200,1.18734,1.18891,1.18725,1.18786
1627916400,1.18787,1.18858,1.18667,1.18695
1627923600,1.18695,1.18738,1.18652,1.18738
1627930800,1.18739,1.18752,1.18662,1.18715
1627938000,1.18694,1.1876,1.18679,1.18738
1627945200,1.18739,1.18786,1.18704,1.18717
1627952400,1.18719,1.18769,1.1868,1.18707
1627959600,1.18707,1.18825,1.18701,1.18803
1627966800,1.18803,1.18816,1.18711,1.18729
1627974000,1.18733,1.18854,1.18727,1.18839
1627981200,1.18837,1.1892,1.18789,1.18877
1627988400,1.18878,1.18933,1.18804,1.18859
1627995600,1.18863,1.18874,1.1858,1.18588
1628002800,1.18585,1.18688,1.18536,1.18682
1628010000,1.18685,1.18698,1.18613,1.18626
1628017200,1.18626,1.18676,1.18615,1.1865
1628024400,1.18632,1.18693,1.1859,1.18693
1628031600,1.18694,1.18702,1.18607,1.18619
1628038800,1.18618,1.18737,1.18618,1.18734
1628046000,1.18734,1.18754,1.18695,1.18714
1628053200,1.18713,1.18796,1.18688,1.18787
1628060400,1.18788,1.18799,1.1842,1.1851
1628067600,1.18509,1.18605,1.18482,1.18563
1628074800,1.18564,1.18897,1.18535,1.18891
1628082000,1.18889,1.18997,1.18366,1.1843
1628089200,1.18434,1.18477,1.18327,1.18381
1628096400,1.18383,1.18426,1.18355,1.18389
1628103600,1.18387,1.18412,1.18355,1.1837
1628110800,1.18363,1.18393,1.1833,1.18381
1628118000,1.18381,1.18387,1.18316,1.18319
1628125200,1.18318,1.18392,1.18316,1.18359
1628132400,1.18359,1.18372,1.18328,1.18363
1628139600,1.18363,1.18397,1.18303,1.18379
1628146800,1.18379,1.18497,1.18299,1.18371
1628154000,1.18371,1.18468,1.18281,1.18461
1628161200,1.1846,1.18573,1.18334,1.18358
1628168400,1.1836,1.18514,1.18322,1.18391
1628175600,1.18389,1.1846,1.18343,1.18389
1628182800,1.18388,1.18398,1.18314,1.18358
1628190000,1.18359,1.18368,1.18306,1.18315
1628197200,1.18321,1.18354,1.1831,1.1832
1628204400,1.18321,1.18343,1.18251,1.18254
1628211600,1.18256,1.18278,1.18201,1.18214
1628218800,1.18213,1.18258,1.18185,1.18256
1628226000,1.18254,1.18294,1.18218,1.18281
1628233200,1.18281,1.18299,1.18075,1.1811
1628240400,1.18111,1.18127,1.18043,1.18048
1628247600,1.18048,1.18086,1.17766,1.17843
1628254800,1.17843,1.17882,1.17549,1.17612
1628262000,1.1761,1.17662,1.17544,1.1756
1628269200,1.17561,1.17636,1.17561,1.17572
1628276400,1.17573,1.17645,1.17564,1.17617
1628456400,1.17563,1.17609,1.17506,1.17543
1628463600,1.17542,1.17549,1.17425,1.17507
1628470800,1.17509,1.17609,1.17507,1.17602
1628478000,1.17598,1.17637,1.17577,1.17634
1628485200,1.17633,1.17666,1.17565,1.1759
1628492400,1.17589,1.17655,1.17501,1.17548
1628499600,1.17547,1.17629,1.1752,1.17535
1628506800,1.17536,1.17689,1.17528,1.17609
1628514000,1.17612,1.17669,1.17438,1.17443
1628521200,1.17442,1.17535,1.17406,1.17421
1628528400,1.1742,1.17486,1.17375,1.17404
1628535600,1.17403,1.1742,1.17349,1.17359
1628542800,1.17364,1.17387,1.17352,1.17373
1628550000,1.17373,1.17381,1.17322,1.17377
1628557200,1.17377,1.17394,1.17321,1.1738
1628564400,1.1738,1.17401,1.17357,1.17383
1628571600,1.17381,1.17428,1.17327,1.17388
1628578800,1.17388,1.17407,1.17262,1.1732
1628586000,1.17316,1.17316,1.17162,1.17263
1628593200,1.17263,1.17274,1.17162,1.17163
1628600400,1.17164,1.1722,1.17097,1.17197
1628607600,1.17194,1.17247,1.17157,1.17157
1628614800,1.17158,1.17236,1.17143,1.17225
1628622000,1.17224,1.17225,1.17168,1.17201
1628629200,1.17187,1.17218,1.17167,1.17217
1628636400,1.17217,1.17221,1.1713,1.1713
1628643600,1.17129,1.17252,1.17118,1.17251
1628650800,1.1725,1.17256,1.17171,1.17181
1628658000,1.17181,1.17212,1.17073,1.17093
1628665200,1.17092,1.17184,1.1706,1.17125
1628672400,1.17127,1.17168,1.17085,1.17146
1628679600,1.17145,1.17495,1.17097,1.17368
1628686800,1.17365,1.17467,1.17258,1.17392
1628694000,1.17391,1.17485,1.1733,1.17483
1628701200,1.17483,1.17537,1.17382,1.17383
1628708400,1.17386,1.17424,1.17379,1.17392
1628715600,1.17371,1.17423,1.17367,1.17416
1628722800,1.17416,1.17447,1.17376,1.17401
1628730000,1.17402,1.17418,1.17346,1.17391
1628737200,1.17391,1.17457,1.17391,1.17397
1628744400,1.17398,1.17453,1.17352,1.17356
1628751600,1.17354,1.17482,1.17327,1.17468
1628758800,1.17467,1.17473,1.1734,1.17358
1628766000,1.17359,1.17414,1.1728,1.17401
1628773200,1.17398,1.17398,1.17237,1.17297
1628780400,1.17297,1.17425,1.17269,1.17383
1628787600,1.1738,1.17426,1.17299,1.17301
1628794800,1.17302,1.17371,1.17297,1.173
1628802000,1.17289,1.17364,1.17287,1.17361
1628809200,1.17364,1.17386,1.17328,1.17361
1628816400,1.17361,1.17425,1.17345,1.17408
1628823600,1.17408,1.17415,1.1738,1.1739
1628830800,1.17388,1.17396,1.1732,1.17329
1628838000,1.17333,1.17428,1.17303,1.17423
1628845200,1.17425,1.17513,1.17404,1.17488
1628852400,1.17491,1.1769,1.17481,1.17658
1628859600,1.17659,1.17957,1.17639,1.17918
1628866800,1.17919,1.18046,1.17893,1.18001
1628874000,1.18001,1.18011,1.17925,1.17958
1628881200,1.17959,1.17989,1.17937,1.1796
1629061200,1.17943,1.1801,1.17917,1.17934
1629068400,1.17934,1.17974,1.1792,1.17957
1629075600,1.17956,1.18008,1.17945,1.17961
1629082800,1.17962,1.17962,1.17899,1.17936
1629090000,1.17936,1.17937,1.17825,1.17855
1629097200,1.17855,1.17928,1.17788,1.17872
1629104400,1.17872,1.1788,1.17779,1.17816
1629111600,1.17816,1.1783,1.17675,1.17774
1629118800,1.17774,1.17905,1.17723,1.17878
1629126000,1.17879,1.17894,1.17738,1.17753
1629133200,1.17752,1.17782,1.17745,1.17753
1629140400,1.17756,1.17796,1.17752,1.17756
1629147600,1.17773,1.17789,1.17728,1.17788
1629154800,1.17788,1.17805,1.17723,1.17738
1629162000,1.17739,1.17769,1.17693,1.17723
1629169200,1.17721,1.17723,1.17668,1.17684
1629176400,1.17684,1.17734,1.17603,1.17613
1629183600,1.1761,1.17847,1.17604,1.17773
1629190800,1.17775,1.17776,1.17642,1.17667
1629198000,1.17665,1.17722,1.17413,1.1744
1629205200,1.17441,1.17448,1.17141,1.17172
1629212400,1.17171,1.17184,1.17086,1.17086
1629219600,1.17086,1.17197,1.17085,1.1711
1629226800,1.17111,1.17138,1.17079,1.17079
1629234000,1.1708,1.17126,1.17019,1.17059
1629241200,1.17062,1.17134,1.17054,1.17121
1629248400,1.17119,1.17197,1.17102,1.17197
1629255600,1.17196,1.17229,1.1715,1.17182
1629262800,1.17181,1.17234,1.17128,1.17169
1629270000,1.1717,1.17295,1.17162,1.17202
1629277200,1.17201,1.17244,1.17122,1.17122
1629284400,1.1712,1.17262,1.17061,1.17176
1629291600,1.17178,1.17211,1.17064,1.17114
1629298800,1.17113,1.17118,1.16937,1.16992
1629306000,1.16991,1.17428,1.16979,1.17123
1629313200,1.17122,1.17155,1.17072,1.1709
1629320400,1.17138,1.17155,1.17089,1.17133
1629327600,1.17134,1.17149,1.1684,1.16873
1629334800,1.16873,1.16935,1.16748,1.16768
1629342000,1.1677,1.16782,1.16659,1.16768
1629349200,1.16768,1.16807,1.16689,1.16786
1629356400,1.16787,1.16973,1.16712,1.16868
1629363600,1.16867,1.16978,1.16801,1.16931
1629370800,1.16932,1.17041,1.1692,1.16988
1629378000,1.16988,1.17024,1.16818,1.16826
1629385200,1.16823,1.16973,1.16788,1.16884
1629392400,1.16883,1.16884,1.16724,1.16756
1629399600,1.16757,1.16801,1.16742,1.16763
1629406800,1.16739,1.16794,1.16739,1.16779
1629414000,1.16778,1.16837,1.16751,1.16823
1629421200,1.16823,1.16855,1.16758,1.16795
1629428400,1.16794,1.16875,1.16788,1.1686
1629435600,1.1686,1.16892,1.16781,1.1683
1629442800,1.16829,1.16865,1.16708,1.16741
1629450000,1.16741,1.16835,1.16706,1.16805
1629457200,1.16805,1.16808,1.1665,1.16683
1629464400,1.16682,1.16855,1.16639,1.16786
1629471600,1.16784,1.17045,1.16751,1.17033
1629478800,1.17035,1.17038,1.16921,1.16963
1629486000,1.16964,1.17045,1.16958,1.16995
1629666000,1.16893,1.1701,1.16893,1.16931
1629673200,1.16933,1.17028,1.16929,1.16992
1629680400,1.16992,1.17182,1.16987,1.17176
1629687600,1.17176,1.17237,1.17151,1.17188
1629694800,1.17188,1.17225,1.17081,1.17136
1629702000,1.17136,1.17321,1.17064,1.17309
1629709200,1.17308,1.17325,1.17152,1.17279
1629716400,1.17275,1.17339,1.1716,1.17321
1629723600,1.17321,1.17434,1.17239,1.17399
1629730800,1.17399,1.17408,1.17294,1.17393
1629738000,1.17394,1.175,1.17384,1.17483
1629745200,1.17482,1.17503,1.1742,1.17459
1629752400,1.17454,1.17484,1.1743,1.17454
1629759600,1.17455,1.17473,1.17385,1.17392
1629766800,1.17393,1.17424,1.17342,1.1742
1629774000,1.17421,1.17423,1.17372,1.17412
1629781200,1.17412,1.17468,1.17386,1.17396
1629788400,1.17394,1.17449,1.17272,1.17285
1629795600,1.17285,1.17393,1.17279,1.17358
1629802800,1.17356,1.17548,1.17348,1.17506
1629810000,1.17507,1.17651,1.17352,1.17608
1629817200,1.17607,1.1761,1.17428,1.17474
1629824400,1.17472,1.17555,1.17427,1.17545
1629831600,1.17547,1.1759,1.17518,1.17574
1629838800,1.17538,1.17585,1.17538,1.17567
1629846000,1.17567,1.17576,1.17401,1.17416
1629853200,1.17416,1.17424,1.17332,1.17377
1629860400,1.17376,1.17405,1.17345,1.17405
1629867600,1.17405,1.17452,1.17323,1.17331
1629874800,1.17333,1.17595,1.17324,1.17512
1629882000,1.17511,1.17555,1.17428,1.17473
1629889200,1.17472,1.17472,1.17261,1.17325
1629896400,1.17323,1.17556,1.17301,1.17493
1629903600,1.17497,1.17633,1.17462,1.17602
1629910800,1.17603,1.17743,1.17533,1.17713
1629918000,1.17713,1.17746,1.17653,1.17724
1629925200,1.17707,1.17731,1.17656,1.17708
1629932400,1.17706,1.17737,1.17663,1.17669
1629939600,1.17668,1.17678,1.17626,1.17647
1629946800,1.17648,1.17673,1.17611,1.17642
1629954000,1.17643,1.17697,1.17565,1.17573
1629961200,1.17572,1.17747,1.17565,1.1759
1629968400,1.17592,1.17785,1.17584,1.1775
1629975600,1.17749,1.17789,1.17518,1.17557
1629982800,1.17558,1.17673,1.17461,1.17538
1629990000,1.17536,1.17638,1.17526,1.17526
1629997200,1.17527,1.17561,1.17491,1.1752
1630004400,1.17522,1.17551,1.17501,1.17519
1630011600,1.17514,1.17566,1.17508,1.17562
1630018800,1.17563,1.17576,1.17421,1.17452
1630026000,1.17451,1.17574,1.17434,1.17526
1630033200,1.17525,1.17637,1.17522,1.17633
1630040400,1.17634,1.177,1.17588,1.1768
1630047600,1.17682,1.17713,1.17504,1.1751
1630054800,1.17508,1.17635,1.17499,1.17588
1630062000,1.17587,1.17661,1.17538,1.17561
1630069200,1.17564,1.18023,1.1735,1.17866
1630076400,1.17864,1.18019,1.1784,1.18006
1630083600,1.18005,1.18012,1.17922,1.17944
1630090800,1.17942,1.17985,1.17936,1.17958
1630270800,1.17935,1.18005,1.179,1.17983
1630278000,1.17984,1.18057,1.17953,1.18048
1630285200,1.18048,1.18099,1.18026,1.18054
1630292400,1.18056,1.18081,1.18025,1.18035
1630299600,1.18036,1.18051,1.17935,1.18006
1630306800,1.18003,1.18053,1.17938,1.17987
1630314000,1.17988,1.18028,1.17942,1.17961
1630321200,1.17962,1.18021,1.17838,1.17863
1630328400,1.17864,1.18002,1.17827,1.17999
1630335600,1.17998,1.18036,1.17912,1.17973
1630342800,1.17973,1.18042,1.17958,1.18037
1630350000,1.18037,1.18038,1.17962,1.17967
1630357200,1.17965,1.17992,1.17931,1.17969
1630364400,1.17973,1.1803,1.17953,1.18022
1630371600,1.18021,1.18086,1.17978,1.18078
1630378800,1.18079,1.18246,1.18064,1.18173
1630386000,1.18177,1.18315,1.18174,1.18251
1630393200,1.1825,1.18303,1.18202,1.18202
1630400400,1.18203,1.18371,1.18199,1.18335
1630407600,1.18336,1.18451,1.18308,1.18368
1630414800,1.18367,1.18378,1.17995,1.18036
1630422000,1.18038,1.18093,1.17965,1.18071
1630429200,1.1807,1.18131,1.18033,1.18129
1630436400,1.18129,1.18129,1.1806,1.18085
1630443600,1.18078,1.18111,1.18062,1.18098
1630450800,1.18102,1.18117,1.18012,1.18027
1630458000,1.18027,1.18058,1.18002,1.18031
1630465200,1.18032,1.18064,1.17988,1.17994
1630472400,1.17995,1.18113,1.17936,1.18094
1630479600,1.18094,1.18166,1.17955,1.1814
1630486800,1.18141,1.18235,1.18115,1.18201
1630494000,1.18202,1.18396,1.1813,1.18377
1630501200,1.18383,1.18571,1.1833,1.18542
1630508400,1.18542,1.18564,1.18467,1.1848
1630515600,1.18482,1.18512,1.18409,1.18466
1630522800,1.18465,1.18466,1.18376,1.18396
1630530000,1.18391,1.1842,1.18375,1.18408
1630537200,1.18412,1.18461,1.18399,1.18449
1630544400,1.18448,1.18454,1.18367,1.1839
1630551600,1.18391,1.18398,1.18347,1.18348
1630558800,1.18347,1.18465,1.18343,1.18454
1630566000,1.18458,1.18516,1.18402,1.18455
1630573200,1.18457,1.18557,1.18429,1.18547
1630580400,1.18547,1.18547,1.18365,1.18471
1630587600,1.18471,1.18688,1.18464,1.18681
1630594800,1.18678,1.18711,1.18569,1.1865
1630602000,1.18649,1.18747,1.18644,1.18747
1630609200,1.18745,1.18761,1.18721,1.18753
1630616400,1.18749,1.18753,1.18705,1.18744
1630623600,1.18743,1.18828,1.18731,1.18821
1630630800,1.1882,1.18843,1.18777,1.18788
1630638000,1.1879,1.188,1.18762,1.18762
1630645200,1.18762,1.18808,1.18735,1.18773
1630652400,1.18775,1.18827,1.18713,1.18747
1630659600,1.18745,1.18746,1.18662,1.18697
1630666800,1.18696,1.19091,1.18656,1.18913
1630674000,1.18917,1.19049,1.18717,1.18811
1630681200,1.1881,1.18902,1.18769,1.18895
1630688400,1.18896,1.1898,1.1889,1.18912
1630695600,1.1891,1.18911,1.1875,1.18772
1630875600,1.18771,1.18836,1.18758,1.18798
1630882800,1.18797,1.18864,1.18761,1.18785
1630890000,1.18783,1.18798,1.18715,1.18739
1630897200,1.1874,1.1874,1.18649,1.18692
1630904400,1.18692,1.18751,1.18664,1.18717
1630911600,1.1872,1.18729,1.18605,1.18641
1630918800,1.1864,1.1867,1.18558,1.18646
1630926000,1.18646,1.18672,1.18601,1.18662
1630933200,1.18662,1.18711,1.18578,1.18624
1630940400,1.18623,1.18712,1.186,1.18711
1630947600,1.18711,1.18715,1.18683,1.1869
1630954800,1.1869,1.18709,1.18676,1.18682
1630962000,1.18682,1.18719,1.18665,1.18713
1630969200,1.18717,1.18816,1.18709,1.18794
1630976400,1.18793,1.18852,1.18785,1.18803
1630983600,1.18802,1.18827,1.1875,1.18753
1630990800,1.18753,1.18755,1.18629,1.18712
1630998000,1.1871,1.18823,1.18596,1.18762
1631005200,1.18762,1.18803,1.18618,1.18747
1631012400,1.18747,1.18768,1.18497,1.18505
1631019600,1.18504,1.18603,1.18375,1.18464
1631026800,1.18462,1.18501,1.18378,1.18455
1631034000,1.18454,1.18534,1.18429,1.18458
1631041200,1.18459,1.18464,1.18381,1.18419
1631048400,1.18377,1.18454,1.18358,1.18441
1631055600,1.18442,1.1848,1.18404,1.1848
1631062800,1.18478,1.18511,1.18446,1.18449
1631070000,1.1845,1.18458,1.18407,1.18436
1631077200,1.18437,1.18437,1.18286,1.18335
1631084400,1.18331,1.18449,1.18162,1.18215
1631091600,1.18215,1.18268,1.18121,1.18176
1631098800,1.18176,1.18296,1.18158,1.18212
1631106000,1.18211,1.18226,1.18021,1.18122
1631113200,1.1812,1.18289,1.18108,1.18186
1631120400,1.18187,1.18299,1.18167,1.18243
1631127600,1.18243,1.18252,1.18154,1.18156
1631134800,1.18135,1.182,1.18131,1.18182
1631142000,1.18182,1.1819,1.18122,1.18141
1631149200,1.18142,1.18252,1.18136,1.18249
1631156400,1.18251,1.18253,1.18114,1.18141
1631163600,1.18141,1.18244,1.18114,1.18157
1631170800,1.18156,1.18361,1.18136,1.18339
1631178000,1.18338,1.18357,1.18262,1.18319
1631185200,1.18318,1.18414,1.18082,1.18233
1631192400,1.18236,1.18348,1.18052,1.18164
1631199600,1.18165,1.18328,1.18121,1.18315
1631206800,1.18316,1.18398,1.18281,1.18297
1631214000,1.18296,1.18307,1.1822,1.18236
1631221200,1.18232,1.18279,1.18227,1.18236
1631228400,1.18236,1.18276,1.18225,1.18241
1631235600,1.18242,1.18327,1.18188,1.18324
1631242800,1.18324,1.1833,1.18275,1.18299
1631250000,1.18298,1.18338,1.18246,1.18289
1631257200,1.18288,1.18511,1.18271,1.18478
1631264400,1.18476,1.18481,1.18271,1.18307
1631271600,1.18307,1.18415,1.18261,1.18269
1631278800,1.18271,1.18377,1.18213,1.18334
1631286000,1.18333,1.18341,1.18156,1.18187
1631293200,1.18187,1.18187,1.18121,1.18152
1631300400,1.18155,1.18169,1.18093,1.18107
1631480400,1.18145,1.18146,1.18088,1.18121
1631487600,1.18125,1.18128,1.18046,1.18052
1631494800,1.18053,1.18064,1.18022,1.18049
1631502000,1.1805,1.18068,1.17938,1.17956
1631509200,1.17954,1.17959,1.17789,1.17795
1631516400,1.17794,1.17911,1.17746,1.17895
1631523600,1.17894,1.17929,1.17753,1.17758
1631530800,1.17757,1.17866,1.17701,1.17826
1631538000,1.17825,1.18109,1.17825,1.18096
1631545200,1.18097,1.1817,1.18035,1.18073
1631552400,1.18073,1.18091,1.18014,1.1804
1631559600,1.18039,1.1811,1.18022,1.18106
1631566800,1.18092,1.18119,1.18061,1.18105
1631574000,1.18106,1.18118,1.18055,1.18085
1631581200,1.18083,1.1819,1.18062,1.18171
1631588400,1.18172,1.18177,1.18127,1.18132
1631595600,1.18129,1.18182,1.18066,1.1815
1631602800,1.18151,1.183,1.18132,1.18211
1631610000,1.18212,1.18242,1.18031,1.18036
1631617200,1.18033,1.18457,1.18001,1.18416
1631624400,1.18415,1.18458,1.18158,1.18222
1631631600,1.18223,1.18277,1.1818,1.18221
1631638800,1.1822,1.18261,1.18076,1.18077
1631646000,1.18076,1.18081,1.18001,1.1804
1631653200,1.18031,1.18073,1.18005,1.18012
1631660400,1.18013,1.18076,1.18007,1.18055
1631667600,1.18055,1.1812,1.18037,1.18062
1631674800,1.18063,1.18096,1.18044,1.18051
1631682000,1.18053,1.18118,1.17992,1.18076
1631689200,1.18075,1.18288,1.18056,1.18263
1631696400,1.18262,1.18319,1.182,1.18278
1631703600,1.18278,1.18319,1.18072,1.18116
1631710800,1.18116,1.18227,1.18082,1.18189
1631718000,1.18188,1.18216,1.18034,1.18039
1631725200,1.18037,1.18111,1.18037,1.18077
1631732400,1.18077,1.18182,1.18065,1.18154
1631739600,1.18152,1.18207,1.18145,1.182
1631746800,1.18201,1.18206,1.1816,1.18191
1631754000,1.18191,1.18199,1.18152,1.18189
1631761200,1.18193,1.18197,1.18092,1.18097
1631768400,1.18097,1.18118,1.17911,1.17917
1631775600,1.17917,1.17951,1.17722,1.17728
1631782800,1.17727,1.17779,1.17618,1.17662
1631790000,1.17663,1.17743,1.17521,1.1755
1631797200,1.1755,1.17684,1.17505,1.17628
1631804400,1.17627,1.17668,1.17553,1.17597
1631811600,1.17596,1.17615,1.17536,1.1754
1631818800,1.17539,1.17714,1.17534,1.17687
1631826000,1.17626,1.17692,1.17624,1.17654
1631833200,1.17656,1.1766,1.17592,1.17597
1631840400,1.17597,1.17682,1.17587,1.17673
1631847600,1.17673,1.17734,1.17663,1.17732
1631854800,1.17732,1.17748,1.17679,1.17724
1631862000,1.17722,1.17849,1.17685,1.17773
1631869200,1.17775,1.17878,1.17739,1.17827
1631876400,1.17827,1.17889,1.17727,1.17738
1631883600,1.17737,1.1775,1.17342,1.17378
1631890800,1.17379,1.17406,1.17248,1.17256
1631898000,1.17257,1.17321,1.17245,1.17291
1631905200,1.17292,1.17322,1.17246,1.17252
1632085200,1.173,1.17303,1.17232,1.17268
1632092400,1.1727,1.17297,1.17228,1.17236
1632099600,1.17237,1.17239,1.17104,1.17123
1632106800,1.1712,1.17156,1.17098,1.1715
1632114000,1.1715,1.17179,1.17112,1.17145
1632121200,1.17144,1.17184,1.17051,1.17095
1632128400,1.17096,1.17166,1.17002,1.17128
1632135600,1.17126,1.17169,1.17034,1.17144
1632142800,1.17143,1.17303,1.17115,1.1724
1632150000,1.17241,1.17364,1.1722,1.17223
1632157200,1.17225,1.17312,1.17222,1.17243
1632164400,1.17244,1.17305,1.17224,1.17267
1632171600,1.17233,1.17297,1.17229,1.17278
1632178800,1.1728,1.17307,1.1725,1.17256
1632186000,1.17255,1.17401,1.17233,1.17324
1632193200,1.17324,1.17349,1.17297,1.17317
1632200400,1.17318,1.17375,1.17295,1.17313
1632207600,1.1731,1.17369,1.17184,1.17342
1632214800,1.17341,1.17389,1.17299,1.17356
1632222000,1.17355,1.17487,1.17333,1.17395
1632229200,1.17395,1.17418,1.17168,1.17244
1632236400,1.17245,1.17292,1.17149,1.17285
1632243600,1.17284,1.1731,1.17187,1.17262
1632250800,1.17264,1.17324,1.17237,1.17255
1632258000,1.17229,1.17277,1.17226,1.17243
1632265200,1.17244,1.17251,1.1717,1.17195
1632272400,1.17195,1.17305,1.17166,1.17249
1632279600,1.17248,1.1725,1.17168,1.17218
1632286800,1.17219,1.17285,1.17168,1.17279
1632294000,1.17276,1.17374,1.17238,1.17342
1632301200,1.17343,1.17369,1.17284,1.17338
1632308400,1.17337,1.17342,1.17245,1.17295
1632315600,1.17297,1.17449,1.17242,1.17348
1632322800,1.17347,1.17418,1.17328,1.17352
1632330000,1.17353,1.17557,1.16904,1.16938
1632337200,1.16937,1.17117,1.16847,1.16881
1632344400,1.1687,1.16948,1.1686,1.16941
1632351600,1.16943,1.16944,1.16834,1.16888
1632358800,1.16887,1.16987,1.16863,1.16973
1632366000,1.16972,1.17098,1.16972,1.17095
1632373200,1.17095,1.17174,1.17064,1.17147
1632380400,1.17146,1.17291,1.17061,1.17211
1632387600,1.1721,1.17326,1.17111,1.17163
1632394800,1.1716,1.17325,1.17114,1.17291
1632402000,1.17288,1.17501,1.17215,1.17486
1632409200,1.17487,1.17502,1.17305,1.1744
1632416400,1.17441,1.17492,1.17432,1.17467
1632423600,1.17467,1.17491,1.17358,1.17387
1632430800,1.17384,1.17434,1.17343,1.1742
1632438000,1.17419,1.17476,1.17392,1.1746
1632445200,1.17461,1.17465,1.17378,1.17401
1632452400,1.17402,1.17431,1.17359,1.1737
1632459600,1.17372,1.17415,1.17311,1.17351
1632466800,1.17353,1.17412,1.1731,1.17361
1632474000,1.17361,1.1738,1.17283,1.17346
1632481200,1.17346,1.17369,1.17067,1.17067
1632488400,1.17066,1.17197,1.17008,1.1713
1632495600,1.17128,1.17254,1.17071,1.17161
1632502800,1.17162,1.17202,1.17134,1.1716
1632510000,1.17161,1.17222,1.17141,1.17207
1632690000,1.17257,1.17261,1.17096,1.17204
1632697200,1.17205,1.1724,1.17168,1.17172
1632704400,1.17172,1.17251,1.17166,1.17188
1632711600,1.17187,1.17249,1.17184,1.17223
1632718800,1.17224,1.17243,1.17107,1.17107
1632726000,1.17108,1.17146,1.16846,1.16893
1632733200,1.16894,1.17083,1.16892,1.17076
1632740400,1.17076,1.17106,1.16892,1.17073
1632747600,1.17072,1.17097,1.16908,1.16998
1632754800,1.16999,1.17076,1.16969,1.17021
1632762000,1.17019,1.17084,1.16991,1.16992
1632769200,1.16994,1.17006,1.16943,1.16944
1632776400,1.16963,1.16982,1.16937,1.16956
1632783600,1.16957,1.16967,1.16861,1.16887
1632790800,1.16891,1.1694,1.16851,1.16933
1632798000,1.16932,1.16987,1.1691,1.16987
1632805200,1.16987,1.17032,1.16743,1.16763
1632812400,1.16764,1.16887,1.16721,1.16805
1632819600,1.16806,1.16849,1.16731,1.16818
1632826800,1.16818,1.16933,1.16728,1.16805
1632834000,1.16804,1.17012,1.16716,1.16739
1632841200,1.16738,1.16903,1.16682,1.16819
1632848400,1.16821,1.16866,1.16754,1.16771
1632855600,1.16771,1.16892,1.16756,1.16835
1632862800,1.16832,1.16864,1.168,1.16852
1632870000,1.16854,1.16876,1.16801,1.16812
1632877200,1.16811,1.16901,1.1678,1.16856
1632884400,1.16856,1.16866,1.16824,1.16866
1632891600,1.16865,1.16879,1.16759,1.16777
1632898800,1.16778,1.16778,1.16565,1.16638
1632906000,1.16639,1.16714,1.16556,1.16589
1632913200,1.16588,1.16594,1.16401,1.16457
1632920400,1.16456,1.16465,1.1611,1.1614
1632927600,1.16139,1.16194,1.16008,1.16014
1632934800,1.16013,1.16049,1.15897,1.16013
1632942000,1.16014,1.16028,1.15895,1.1597
1632949200,1.15968,1.15991,1.15925,1.15983
1632956400,1.15984,1.16036,1.15977,1.16035
1632963600,1.16034,1.16084,1.16012,1.1607
1632970800,1.16071,1.16086,1.16013,1.16079
1632978000,1.1608,1.16082,1.15949,1.1606
1632985200,1.1606,1.16097,1.15915,1.16041
1632992400,1.16041,1.16066,1.1568,1.15712
1632999600,1.1571,1.15925,1.15688,1.15909
1633006800,1.15908,1.15982,1.15762,1.15885
1633014000,1.15885,1.1598,1.15625,1.15708
1633021200,1.15707,1.15848,1.15629,1.15845
1633028400,1.15846,1.15887,1.15751,1.15764
1633035600,1.1575,1.15824,1.15745,1.15807
1633042800,1.15811,1.15811,1.15651,1.15651
1633050000,1.15654,1.15792,1.1563,1.15774
1633057200,1.15776,1.15817,1.15746,1.15804
1633064400,1.15803,1.15889,1.15746,1.15878
1633071600,1.15875,1.15913,1.15751,1.15787
1633078800,1.15786,1.15878,1.15728,1.15828
1633086000,1.15833,1.16069,1.15827,1.16036
1633093200,1.16038,1.16073,1.15836,1.15962
1633100400,1.15963,1.16036,1.1589,1.15969
1633107600,1.1597,1.16025,1.15943,1.1597
1633114800,1.15971,1.15994,1.15911,1.15927
1633294800,1.15943,1.16111,1.1592,1.16075
1633302000,1.16077,1.16137,1.16021,1.16027
1633309200,1.16027,1.16038,1.1594,1.15947
1633316400,1.15946,1.15966,1.15876,1.15958
1633323600,1.15959,1.16093,1.15956,1.16068
1633330800,1.16067,1.16159,1.15995,1.16125
1633338000,1.16126,1.16217,1.16079,1.16203
1633345200,1.16202,1.16401,1.16187,1.16325
1633352400,1.16326,1.16394,1.16218,1.16241
1633359600,1.1624,1.16286,1.16151,1.16192
1633366800,1.16191,1.16279,1.16161,1.16236
1633374000,1.16235,1.16243,1.16169,1.16195
1633381200,1.16195,1.16219,1.16154,1.16162
1633388400,1.16162,1.162,1.16104,1.16115
1633395600,1.16115,1.16133,1.16021,1.16056
1633402800,1.16057,1.16058,1.15943,1.15947
1633410000,1.15947,1.16021,1.159,1.15989
1633417200,1.1599,1.16049,1.15921,1.15988
1633424400,1.15987,1.16034,1.15902,1.15943
1633431600,1.15942,1.16053,1.15927,1.16
1633438800,1.15998,1.16012,1.15806,1.15923
1633446000,1.15922,1.16132,1.15921,1.16053
1633453200,1.16053,1.16083,1.15967,1.1597
1633460400,1.15971,1.15992,1.15936,1.15967
1633467600,1.16042,1.16042,1.1593,1.15983
1633474800,1.15987,1.15988,1.15922,1.15937
1633482000,1.15938,1.15966,1.1588,1.15932
1633489200,1.15931,1.15943,1.15831,1.15845
1633496400,1.15845,1.15903,1.15756,1.15779
1633503600,1.15777,1.15797,1.15509,1.1552
1633510800,1.15521,1.15542,1.15293,1.15369
1633518000,1.1537,1.15473,1.15358,1.1545
1633525200,1.15451,1.15556,1.15351,1.15419
1633532400,1.15422,1.15499,1.15323,1.15433
1633539600,1.15433,1.15573,1.15433,1.15505
1633546800,1.15505,1.15595,1.15489,1.15564
1633554000,1.15535,1.15574,1.15521,1.15544
1633561200,1.15544,1.15612,1.15524,1.15584
1633568400,1.15583,1.15592,1.15511,1.15546
1633575600,1.15546,1.15572,1.15524,1.15555
1633582800,1.15556,1.15698,1.1549,1.15682
1633590000,1.15682,1.15706,1.15594,1.15601
1633597200,1.15601,1.15627,1.1555,1.15609
1633604400,1.1561,1.15721,1.15505,1.15559
1633611600,1.15558,1.15688,1.15474,1.15608
1633618800,1.15607,1.15689,1.15527,1.15555
1633626000,1.15556,1.15647,1.15494,1.15516
1633633200,1.15515,1.15555,1.15508,1.15529
1633640400,1.15518,1.1557,1.15492,1.15542
1633647600,1.15542,1.156,1.15525,1.15584
1633654800,1.15585,1.15591,1.15507,1.15547
1633662000,1.15546,1.15561,1.15473,1.15482
1633669200,1.15481,1.15529,1.15414,1.15458
1633676400,1.15458,1.15564,1.15433,1.15535
1633683600,1.15536,1.15692,1.15532,1.1563
1633690800,1.1563,1.15861,1.15558,1.15709
1633698000,1.1571,1.15787,1.15558,1.15734
1633705200,1.15733,1.15796,1.1561,1.15642
1633712400,1.15642,1.15784,1.15597,1.15772
1633719600,1.15773,1.15777,1.15681,1.15741
1633899600,1.15661,1.15761,1.15661,1.15692
1633906800,1.15695,1.1578,1.15636,1.15746
1633914000,1.15746,1.15793,1.15706,1.15707
1633921200,1.15708,1.15728,1.15682,1.15724
1633928400,1.15724,1.15867,1.15712,1.15828
1633935600,1.15826,1.15837,1.15642,1.15699
1633942800,1.157,1.15717,1.15523,1.15663
1633950000,1.15662,1.15739,1.15599,1.15612
1633957200,1.15616,1.15838,1.15612,1.15722
1633964400,1.15723,1.15749,1.15624,1.15635
1633971600,1.15636,1.15645,1.15556,1.15594
1633978800,1.1559,1.15602,1.15491,1.15532
1633986000,1.15502,1.15549,1.1549,1.15491
1633993200,1.15493,1.15542,1.15471,1.15493
1634000400,1.15494,1.15574,1.15477,1.15564
1634007600,1.15563,1.15608,1.15557,1.15563
1634014800,1.15564,1.15702,1.15562,1.15684
1634022000,1.15683,1.15687,1.15553,1.1562
1634029200,1.15619,1.1567,1.15511,1.15523
1634036400,1.15522,1.15586,1.15332,1.15415
1634043600,1.15418,1.15494,1.15338,1.15483
1634050800,1.15482,1.15501,1.15251,1.15282
1634058000,1.15283,1.15334,1.15244,1.15297
1634065200,1.15297,1.15349,1.15292,1.15298
1634072400,1.15296,1.1533,1.15249,1.1532
1634079600,1.15321,1.15427,1.15299,1.15412
1634086800,1.15413,1.15557,1.15407,1.15526
1634094000,1.15527,1.15535,1.15502,1.15524
1634101200,1.15525,1.15532,1.15471,1.15513
1634108400,1.15512,1.15602,1.15455,1.15564
1634115600,1.15563,1.15667,1.15478,1.1562
1634122800,1.1562,1.15652,1.15362,1.15428
1634130000,1.15427,1.15745,1.15403,1.15736
1634137200,1.15737,1.15786,1.15668,1.15778
1634144400,1.15779,1.15936,1.15779,1.15895
1634151600,1.15897,1.15973,1.15874,1.15959
1634158800,1.15927,1.15994,1.15887,1.15973
1634166000,1.15972,1.16011,1.15945,1.15989
1634173200,1.15989,1.16007,1.15888,1.15952
1634180400,1.15951,1.1596,1.15895,1.15898
1634187600,1.15898,1.1602,1.15875,1.16018
1634194800,1.16019,1.16188,1.16006,1.16162
1634202000,1.16161,1.16244,1.16031,1.16104
1634209200,1.16105,1.16155,1.15978,1.16064
1634216400,1.16064,1.1607,1.1586,1.15898
1634223600,1.15897,1.15948,1.15841,1.15882
1634230800,1.15881,1.15993,1.15844,1.15992
1634238000,1.15992,1.16021,1.15957,1.15969
1634245200,1.1595,1.1599,1.1594,1.15975
1634252400,1.15975,1.15988,1.15881,1.15938
1634259600,1.15939,1.16092,1.15936,1.16091
1634266800,1.1609,1.16118,1.16071,1.1608
1634274000,1.16081,1.16148,1.16041,1.16144
1634281200,1.16142,1.16188,1.15995,1.16032
1634288400,1.16032,1.16122,1.15988,1.161
1634295600,1.161,1.16107,1.1589,1.15921
1634302800,1.15925,1.16102,1.15891,1.16058
1634310000,1.16057,1.16089,1.15911,1.15951
1634317200,1.15952,1.16058,1.15932,1.16056
1634324400,1.16055,1.16059,1.15978,1.15985
1634504400,1.15926,1.16049,1.15925,1.15997
1634511600,1.15997,1.16012,1.15831,1.15841
1634518800,1.15842,1.15941,1.15832,1.15909
1634526000,1.15909,1.15917,1.15779,1.15788
1634533200,1.15789,1.15818,1.15717,1.15759
1634540400,1.15758,1.15962,1.15748,1.15807
1634547600,1.15808,1.1594,1.15767,1.15908
1634554800,1.15909,1.16098,1.15871,1.16016
1634562000,1.16015,1.16131,1.15962,1.16017
1634569200,1.16015,1.16219,1.15924,1.16219
1634576400,1.16218,1.16224,1.16104,1.16105
1634583600,1.16105,1.16133,1.16084,1.16105
1634590800,1.16085,1.1613,1.16084,1.16099
1634598000,1.16099,1.16254,1.16085,1.16251
1634605200,1.16254,1.16426,1.16242,1.16426
1634612400,1.16425,1.1655,1.16391,1.16455
1634619600,1.16456,1.16576,1.1645,1.16512
1634626800,1.16517,1.1661,1.16448,1.16601
1634634000,1.16602,1.16693,1.16535,1.16595
1634641200,1.16594,1.16622,1.16455,1.16458
1634648400,1.16459,1.16584,1.16315,1.16439
1634655600,1.16438,1.16452,1.16296,1.1636
1634662800,1.16359,1.16447,1.16338,1.16399
1634670000,1.16399,1.16401,1.1631,1.16322
1634677200,1.16308,1.16362,1.16298,1.16351
1634684400,1.16353,1.16354,1.16277,1.16349
1634691600,1.16349,1.16478,1.16327,1.16378
1634698800,1.1638,1.16514,1.16372,1.16508
1634706000,1.16509,1.16523,1.16362,1.16388
1634713200,1.16387,1.16404,1.16168,1.1626
1634720400,1.16261,1.16348,1.16212,1.16338
1634727600,1.16337,1.1643,1.16217,1.16386
1634734800,1.16387,1.16518,1.16361,1.16471
1634742000,1.16472,1.1658,1.16421,1.16561
1634749200,1.16562,1.16587,1.16503,1.16558
1634756400,1.16557,1.1657,1.16477,1.16504
1634763600,1.16505,1.16534,1.16456,1.1652
1634770800,1.1652,1.16581,1.16509,1.16566
1634778000,1.16565,1.16662,1.16548,1.16635
1634785200,1.16636,1.16674,1.16505,1.16515
1634792400,1.16515,1.16568,1.16453,1.16472
1634799600,1.16471,1.16472,1.16342,1.16419
1634806800,1.16419,1.16448,1.16363,1.16401
1634814000,1.16403,1.1651,1.16311,1.16431
1634821200,1.16432,1.16516,1.16355,1.16455
1634828400,1.16453,1.16466,1.16341,1.16359
1634835600,1.16359,1.16397,1.1622,1.16239
1634842800,1.1624,1.16254,1.16196,1.16243
1634850000,1.16213,1.16255,1.16211,1.16246
1634857200,1.16246,1.16282,1.16212,1.16257
1634864400,1.16256,1.16318,1.16248,1.16281
1634871600,1.16281,1.16294,1.16247,1.1626
1634878800,1.16259,1.16382,1.16232,1.16365
1634886000,1.16364,1.16467,1.16352,1.16412
1634893200,1.16412,1.16434,1.16337,1.16366
1634900400,1.16367,1.16441,1.16245,1.16372
1634907600,1.16371,1.16512,1.16332,1.16459
1634914800,1.16453,1.16557,1.16219,1.16324
1634922000,1.16324,1.16392,1.16241,1.16364
1634929200,1.16363,1.16441,1.16351,1.16441
1635109200,1.16378,1.16451,1.16359,1.16445
1635116400,1.16446,1.16484,1.16357,1.16455
1635123600,1.16456,1.16495,1.16393,1.16488
1635130800,1.16488,1.16651,1.16486,1.16599
1635138000,1.166,1.16616,1.16424,1.16448
1635145200,1.1645,1.16645,1.16411,1.16497
1635152400,1.16497,1.16499,1.16195,1.16238
1635159600,1.16239,1.16268,1.15907,1.15948
1635166800,1.15948,1.16143,1.15936,1.16131
1635174000,1.16131,1.16151,1.16049,1.16057
1635181200,1.16058,1.1617,1.16058,1.16129
1635188400,1.1613,1.16134,1.1608,1.16102
1635195600,1.16034,1.16122,1.16029,1.16078
1635202800,1.16077,1.16101,1.15989,1.1604
1635210000,1.16039,1.16097,1.15979,1.16014
1635217200,1.16014,1.16045,1.15969,1.16044
1635224400,1.16043,1.16065,1.16006,1.16046
1635231600,1.16049,1.16134,1.15941,1.16086
1635238800,1.16085,1.16247,1.16057,1.16224
1635246000,1.16225,1.16258,1.16112,1.16178
1635253200,1.16179,1.16224,1.15907,1.15932
1635260400,1.15933,1.15972,1.1585,1.1587
1635267600,1.15869,1.15998,1.15868,1.15971
1635274800,1.15972,1.16009,1.15957,1.15957
1635282000,1.15882,1.15962,1.15866,1.15948
1635289200,1.15948,1.16042,1.15938,1.16023
1635296400,1.16025,1.16043,1.15976,1.15988
1635303600,1.15988,1.16051,1.15983,1.16034
1635310800,1.16034,1.16079,1.15953,1.16061
1635318000,1.1606,1.1613,1.1592,1.15948
1635325200,1.15948,1.15973,1.1585,1.15944
1635332400,1.15943,1.16261,1.15937,1.1618
1635339600,1.1618,1.16242,1.15951,1.15972
1635346800,1.15973,1.16093,1.15881,1.16088
1635354000,1.16087,1.16162,1.16078,1.16092
1635361200,1.16094,1.16094,1.15987,1.16023
1635368400,1.16026,1.1605,1.16008,1.16023
1635375600,1.16027,1.16027,1.15901,1.15926
1635382800,1.15927,1.16098,1.15893,1.16091
1635390000,1.1609,1.16091,1.16029,1.16067
1635397200,1.16066,1.16079,1.15961,1.1598
1635404400,1.15982,1.16144,1.15832,1.159
1635411600,1.159,1.16072,1.15823,1.16063
1635418800,1.16068,1.1636,1.15824,1.163
1635426000,1.16303,1.16865,1.16245,1.16758
1635433200,1.16756,1.16922,1.16745,1.16786
1635440400,1.16784,1.16892,1.16713,1.16838
1635447600,1.16837,1.16849,1.16782,1.16826
1635454800,1.16794,1.16839,1.16792,1.16839
1635462000,1.16839,1.16899,1.168,1.16843
1635469200,1.16844,1.16861,1.16731,1.16759
1635476400,1.16759,1.16775,1.16639,1.16643
1635483600,1.16644,1.16739,1.16582,1.16629
1635490800,1.16629,1.16757,1.16491,1.16507
1635498000,1.16535,1.16568,1.1645,1.1653
1635505200,1.1653,1.16541,1.16211,1.16258
1635512400,1.16256,1.16358,1.15654,1.15712
1635519600,1.15712,1.15774,1.15352,1.15385
1635526800,1.15389,1.15627,1.1538,1.15592
1635534000,1.15593,1.1563,1.15522,1.15621
1635714000,1.15571,1.15644,1.15569,1.15606
1635721200,1.15611,1.15629,1.15515,1.15551
1635728400,1.1555,1.15603,1.15529,1.15543
1635735600,1.15543,1.1558,1.15461,1.15514
1635742800,1.15516,1.15638,1.15503,1.15549
1635750000,1.15552,1.15753,1.15473,1.15722
1635757200,1.15722,1.15739,1.15618,1.15713
1635764400,1.15713,1.15797,1.15667,1.15776
1635771600,1.15776,1.15838,1.15655,1.15838
1635778800,1.15837,1.15941,1.15801,1.15918
1635786000,1.15922,1.16088,1.15884,1.16061
1635793200,1.1606,1.1609,1.16015,1.16063
1635800400,1.16007,1.16063,1.15999,1.16019
1635807600,1.16021,1.16027,1.15954,1.1597
1635814800,1.15971,1.16002,1.1595,1.16001
1635822000,1.16,1.16085,1.15964,1.1604
1635829200,1.1604,1.16074,1.16002,1.16041
1635836400,1.16046,1.16134,1.15874,1.15885
1635843600,1.15887,1.16062,1.15859,1.1606
1635850800,1.16061,1.16077,1.1591,1.16072
1635858000,1.1607,1.16075,1.15821,1.15913
1635865200,1.15915,1.15996,1.15752,1.1578
1635872400,1.1578,1.15852,1.15771,1.15816
1635879600,1.15814,1.1584,1.15785,1.15788
1635886800,1.15766,1.15821,1.15752,1.15788
1635894000,1.15789,1.15799,1.15749,1.15798
1635901200,1.15797,1.15872,1.15772,1.15839
1635908400,1.15839,1.15849,1.15803,1.15834
1635915600,1.15835,1.15857,1.15806,1.15826
1635922800,1.15827,1.15892,1.15785,1.15856
1635930000,1.15855,1.15978,1.15791,1.15904
1635937200,1.15903,1.15928,1.15773,1.15838
1635944400,1.15836,1.15836,1.15623,1.15782
1635951600,1.15781,1.15859,1.15735,1.15826
1635958800,1.15826,1.16162,1.15721,1.16102
1635966000,1.16103,1.16157,1.15951,1.16121
1635973200,1.16106,1.1616,1.16058,1.16114
1635980400,1.16111,1.16164,1.16097,1.16124
1635987600,1.16126,1.16126,1.16003,1.16048
1635994800,1.16048,1.16053,1.15908,1.15908
1636002000,1.15908,1.15921,1.15779,1.15779
1636009200,1.15779,1.1582,1.1549,1.1553
1636016400,1.15531,1.15547,1.15427,1.15455
1636023600,1.15455,1.15628,1.15443,1.15622
1636030800,1.15623,1.15732,1.15399,1.15444
1636038000,1.15443,1.15525,1.15283,1.15439
1636045200,1.15443,1.15569,1.15429,1.15526
1636052400,1.15527,1.15578,1.15513,1.15541
1636059600,1.15517,1.15551,1.15506,1.15529
1636066800,1.15529,1.15559,1.1547,1.15513
1636074000,1.15515,1.15529,1.15415,1.15422
1636081200,1.15421,1.15576,1.15409,1.15574
1636088400,1.15574,1.15574,1.15506,1.15543
1636095600,1.15543,1.1563,1.15474,1.15493
1636102800,1.15492,1.15495,1.15314,1.15364
1636110000,1.15365,1.15403,1.15134,1.15146
1636117200,1.15145,1.15366,1.15134,1.1528
1636124400,1.15279,1.15666,1.15258,1.15634
1636131600,1.15634,1.15683,1.15483,1.15499
1636138800,1.15498,1.15732,1.15496,1.15663
1636322400,1.15569,1.15699,1.15528,1.15682
1636329600,1.15682,1.15682,1.15541,1.15549
1636336800,1.15549,1.15624,1.15531,1.15578
1636344000,1.15579,1.15632,1.15568,1.15601
1636351200,1.156,1.15688,1.15511,1.15597
1636358400,1.15598,1.15761,1.15505,1.15613
1636365600,1.15612,1.15742,1.15552,1.15715
1636372800,1.15715,1.15831,1.15677,1.15686
1636380000,1.15688,1.15947,1.15642,1.15889
1636387200,1.15888,1.15949,1.15838,1.1586
1636394400,1.15858,1.15897,1.15836,1.15891
1636401600,1.15891,1.15914,1.15827,1.15869
1636408800,1.15847,1.15888,1.15839,1.15877
1636416000,1.15878,1.15908,1.15772,1.15801
1636423200,1.15802,1.15886,1.15795,1.15852
1636430400,1.15851,1.16064,1.15851,1.15997
1636437600,1.15996,1.16064,1.1591,1.15961
1636444800,1.15962,1.15967,1.15802,1.15935
1636452000,1.15931,1.15985,1.15782,1.15797
1636459200,1.15799,1.15964,1.15698,1.15962
1636466400,1.1596,1.16089,1.15756,1.15851
1636473600,1.15847,1.15939,1.15714,1.15917
1636480800,1.15918,1.15948,1.15872,1.15942
1636488000,1.15943,1.15985,1.15922,1.15943
1636495200,1.15917,1.15946,1.15904,1.1594
1636502400,1.1594,1.15953,1.15882,1.15915
1636509600,1.15915,1.15922,1.15827,1.15842
1636516800,1.15842,1.15851,1.15769,1.15777
1636524000,1.15776,1.15822,1.15578,1.15686
1636531200,1.15685,1.15822,1.15595,1.15776
1636538400,1.15778,1.15811,1.15457,1.15493
1636545600,1.15495,1.15646,1.15331,1.15533
1636552800,1.15533,1.15743,1.15112,1.15188
1636560000,1.15187,1.15347,1.15057,1.15122
1636567200,1.15123,1.15158,1.1482,1.14836
1636574400,1.14835,1.14861,1.14758,1.14761
1636581600,1.14763,1.1487,1.14757,1.14857
1636588800,1.14857,1.14876,1.14729,1.14793
1636596000,1.14793,1.14846,1.14647,1.14762
1636603200,1.14763,1.14806,1.14707,1.14792
1636610400,1.14793,1.14849,1.14602,1.14602
1636617600,1.14603,1.14766,1.14539,1.14631
1636624800,1.14629,1.14746,1.14541,1.147
1636632000,1.14699,1.14748,1.14557,1.14597
1636639200,1.14597,1.14771,1.14569,1.14704
1636646400,1.14704,1.1471,1.14502,1.14512
1636653600,1.14513,1.14528,1.14447,1.14453
1636660800,1.14454,1.14497,1.14431,1.14489
1636668000,1.14508,1.14521,1.1445,1.14475
1636675200,1.14476,1.14485,1.1436,1.14387
1636682400,1.14387,1.14428,1.14362,1.14392
1636689600,1.14392,1.14444,1.14374,1.1444
1636696800,1.14438,1.1456,1.14405,1.14507
1636704000,1.14508,1.14551,1.14375,1.14426
1636711200,1.14425,1.14528,1.14376,1.14498
1636718400,1.14497,1.14552,1.1445,1.14457
1636725600,1.14457,1.14621,1.14329,1.14443
1636732800,1.1444,1.14518,1.14411,1.14492
1636740000,1.14491,1.14519,1.14425,1.14431
1636747200,1.14432,1.14471,1.14414,1.14433
1636927200,1.14467,1.14467,1.14412,1.14413
1636934400,1.14412,1.146,1.14412,1.14597
1636941600,1.14597,1.1464,1.14552,1.14579
1636948800,1.14577,1.14632,1.14551,1.14601
1636956000,1.14602,1.14621,1.1449,1.14502
1636963200,1.14502,1.14543,1.14368,1.14485
1636970400,1.14485,1.14565,1.14423,1.14501
1636977600,1.14502,1.14543,1.14392,1.14458
1636984800,1.14457,1.14461,1.14179,1.14202
1636992000,1.14201,1.14242,1.13803,1.13857
1636999200,1.13854,1.139,1.13779,1.13856
1637006400,1.13857,1.13869,1.13563,1.13667
1637013600,1.13677,1.13724,1.13595,1.1367
1637020800,1.13669,1.13796,1.13661,1.1379
1637028000,1.1379,1.13857,1.13771,1.13823
1637035200,1.13824,1.13846,1.13756,1.13771
1637042400,1.13771,1.13822,1.13683,1.13796
1637049600,1.13798,1.13798,1.13578,1.13611
1637056800,1.13611,1.13724,1.13516,1.13672
1637064000,1.13673,1.13748,1.13577,1.13619
1637071200,1.13617,1.13624,1.13298,1.13502
1637078400,1.13502,1.13557,1.13196,1.13275
1637085600,1.13276,1.13344,1.13161,1.13168
1637092800,1.13169,1.13231,1.13091,1.1319
1637100000,1.13218,1.13228,1.13097,1.1318
1637107200,1.13181,1.13267,1.13141,1.1323
1637114400,1.1323,1.13241,1.12635,1.12888
1637121600,1.12888,1.13029,1.12888,1.1299
1637128800,1.12991,1.13173,1.12955,1.13027
1637136000,1.13028,1.13209,1.12992,1.13125
1637143200,1.13124,1.13246,1.1307,1.13246
1637150400,1.13244,1.13322,1.12979,1.1299
1637157600,1.12994,1.1321,1.12932,1.13079
1637164800,1.13078,1.13267,1.12998,1.1319
1637172000,1.13191,1.13264,1.13124,1.13146
1637179200,1.13146,1.13233,1.13111,1.13186
1637186400,1.13191,1.13217,1.13156,1.13178
1637193600,1.13179,1.13283,1.13164,1.13243
1637200800,1.13244,1.1338,1.13241,1.13281
1637208000,1.13282,1.13306,1.13159,1.13181
1637215200,1.13181,1.13385,1.13138,1.13349
1637222400,1.13348,1.13397,1.13241,1.13317
1637229600,1.13316,1.13475,1.13289,1.13444
1637236800,1.13443,1.13484,1.1328,1.13348
1637244000,1.13346,1.13591,1.1327,1.13481
1637251200,1.1348,1.13738,1.13467,1.13698
1637258400,1.13698,1.13741,1.13668,1.13706
1637265600,1.13706,1.13739,1.13691,1.13726
1637272800,1.13678,1.13727,1.13677,1.13677
1637280000,1.1368,1.13691,1.13561,1.13568
1637287200,1.13569,1.13573,1.13522,1.13552
1637294400,1.13551,1.13581,1.1352,1.13527
1637301600,1.13527,1.13605,1.13438,1.13438
1637308800,1.13438,1.13454,1.12827,1.12991
1637316000,1.12992,1.13052,1.12838,1.12899
1637323200,1.129,1.12974,1.125,1.12879
1637330400,1.12879,1.13214,1.12876,1.13177
1637337600,1.13177,1.13221,1.12923,1.12984
1637344800,1.12986,1.13027,1.12856,1.12895
1637352000,1.12892,1.12917,1.12831,1.12832
1637532000,1.1289,1.12894,1.12716,1.12753
1637539200,1.12753,1.12897,1.12649,1.12726
1637546400,1.12725,1.12772,1.1265,1.1271
1637553600,1.12709,1.12788,1.12697,1.12775
1637560800,1.12774,1.12782,1.126,1.12601
1637568000,1.12602,1.12878,1.126,1.12802
1637575200,1.12799,1.12904,1.12652,1.12767
1637582400,1.12766,1.12825,1.1272,1.12801
1637589600,1.128,1.128,1.12361,1.12467
1637596800,1.12464,1.12655,1.12455,1.12485
1637604000,1.12486,1.12501,1.12312,1.12317
1637611200,1.12316,1.12388,1.12307,1.12321
1637618400,1.12338,1.12418,1.12335,1.12418
1637625600,1.12418,1.12439,1.12368,1.12374
1637632800,1.12374,1.12413,1.1226,1.12373
1637640000,1.12372,1.12402,1.12316,1.12341
1637647200,1.12341,1.12642,1.12322,1.1253
1637654400,1.1253,1.1275,1.12394,1.12593
1637661600,1.12592,1.12692,1.1242,1.12432
1637668800,1.12433,1.12595,1.12343,1.12519
1637676000,1.12517,1.12653,1.12401,1.12643
1637683200,1.12642,1.12714,1.12537,1.12542
1637690400,1.12541,1.12549,1.12462,1.12503
1637697600,1.12506,1.12537,1.12481,1.12486
1637704800,1.12453,1.12502,1.12422,1.12446
1637712000,1.12445,1.1247,1.1239,1.12395
1637719200,1.12394,1.12417,1.12326,1.12355
1637726400,1.12353,1.1245,1.12332,1.12393
1637733600,1.12393,1.12474,1.12392,1.12454
1637740800,1.12454,1.12552,1.12052,1.12078
1637748000,1.12079,1.12201,1.12035,1.12172
1637755200,1.12172,1.12195,1.11922,1.12069
1637762400,1.12068,1.1216,1.11861,1.11966
1637769600,1.11963,1.1199,1.11874,1.11955
1637776800,1.11956,1.12035,1.11885,1.11987
1637784000,1.11986,1.12055,1.11977,1.12003
1637791200,1.11964,1.12045,1.11964,1.12026
1637798400,1.12027,1.12123,1.12027,1.12072
1637805600,1.12071,1.12183,1.12065,1.12139
1637812800,1.12138,1.12161,1.121,1.12126
1637820000,1.12126,1.12201,1.12121,1.12155
1637827200,1.12156,1.12263,1.12146,1.1223
1637834400,1.12228,1.12293,1.12171,1.1219
1637841600,1.12185,1.12297,1.12151,1.12187
1637848800,1.12187,1.12221,1.12075,1.12097
1637856000,1.12096,1.12151,1.12061,1.12094
1637863200,1.12095,1.12122,1.12056,1.12092
1637870400,1.12092,1.12098,1.12051,1.12062
1637877600,1.12062,1.12125,1.12046,1.12092
1637884800,1.12092,1.12249,1.12068,1.12179
1637892000,1.12177,1.12272,1.12123,1.12189
1637899200,1.1219,1.12277,1.12175,1.12239
1637906400,1.12242,1.12443,1.12207,1.12338
1637913600,1.12339,1.12789,1.12302,1.12645
1637920800,1.12646,1.12953,1.12581,1.12779
1637928000,1.12782,1.12969,1.12741,1.1293
1637935200,1.12929,1.13211,1.12828,1.13168
1637942400,1.13168,1.13211,1.12907,1.13036
1637949600,1.13037,1.13217,1.12994,1.13146
1637956800,1.13151,1.13296,1.13127,1.13133
1638136800,1.12997,1.1312,1.12805,1.12925
1638144000,1.12925,1.12969,1.12829,1.12843
1638151200,1.12841,1.1285,1.1277,1.12812
1638158400,1.12811,1.12832,1.12727,1.12781
1638165600,1.12779,1.12852,1.12616,1.12642
1638172800,1.12642,1.12904,1.12602,1.1286
1638180000,1.12861,1.12948,1.12816,1.12921
1638187200,1.12922,1.1294,1.12618,1.12624
1638194400,1.12624,1.12756,1.12584,1.12663
1638201600,1.12664,1.12715,1.12586,1.12683
1638208800,1.12682,1.12755,1.12656,1.12732
1638216000,1.12733,1.12928,1.12732,1.12917
1638223200,1.12887,1.13006,1.12837,1.12926
1638230400,1.12926,1.12963,1.12847,1.12941
1638237600,1.1294,1.13048,1.12927,1.12987
1638244800,1.12986,1.13131,1.12953,1.13114
1638252000,1.13114,1.13324,1.13075,1.13287
1638259200,1.13287,1.13666,1.13284,1.13635
1638266400,1.13643,1.13728,1.13441,1.13474
1638273600,1.13474,1.13711,1.13413,1.1366
1638280800,1.13661,1.13829,1.12502,1.12592
1638288000,1.12592,1.13183,1.12352,1.13113
1638295200,1.13117,1.13248,1.13077,1.13248
1638302400,1.13247,1.13456,1.1319,1.13395
1638309600,1.13365,1.13427,1.13297,1.133
1638316800,1.13299,1.13363,1.13185,1.13203
1638324000,1.13204,1.13315,1.13165,1.13282
1638331200,1.13281,1.13372,1.13259,1.1337
1638338400,1.13371,1.13437,1.13171,1.13405
1638345600,1.13406,1.13596,1.13026,1.13255
1638352800,1.13257,1.13396,1.13185,1.13211
1638360000,1.13208,1.13406,1.13108,1.13373
1638367200,1.13372,1.13579,1.13336,1.13343
1638374400,1.13346,1.13354,1.13153,1.13236
1638381600,1.13236,1.13299,1.13162,1.13176
1638388800,1.13178,1.13205,1.13091,1.13192
1638396000,1.13192,1.13223,1.13151,1.1319
1638403200,1.1319,1.13283,1.1315,1.13282
1638410400,1.1328,1.13392,1.13266,1.13306
1638417600,1.13306,1.13337,1.13167,1.13182
1638424800,1.13182,1.13265,1.13072,1.13098
1638432000,1.13099,1.13275,1.13098,1.13244
1638439200,1.13244,1.13441,1.13227,1.13399
1638446400,1.134,1.13477,1.13281,1.13341
1638453600,1.13341,1.13473,1.13131,1.13178
1638460800,1.13176,1.13204,1.12957,1.13024
1638468000,1.13023,1.13081,1.12954,1.12969
1638475200,1.12968,1.13049,1.12966,1.13014
1638482400,1.13002,1.13064,1.12975,1.13058
1638489600,1.13058,1.13074,1.12907,1.12988
1638496800,1.12987,1.13011,1.12926,1.1294
1638504000,1.1294,1.13023,1.1293,1.12992
1638511200,1.12992,1.12998,1.12817,1.12922
1638518400,1.12921,1.12997,1.1285,1.12974
1638525600,1.12975,1.1316,1.12948,1.13085
1638532800,1.13087,1.13335,1.12881,1.13102
1638540000,1.131,1.13107,1.12666,1.12791
1638547200,1.1279,1.13143,1.12766,1.13108
1638554400,1.13107,1.13271,1.1308,1.13118
1638561600,1.13119,1.1315,1.13012,1.13088
1638741600,1.13027,1.13129,1.13002,1.13041
1638748800,1.1304,1.13041,1.12884,1.12943
1638756000,1.12942,1.12965,1.12886,1.12926
1638763200,1.12924,1.12933,1.12819,1.1282
1638770400,1.12821,1.12882,1.12748,1.12752
1638777600,1.12752,1.12997,1.12748,1.12974
1638784800,1.12973,1.13101,1.12922,1.12927
1638792000,1.12927,1.13021,1.1285,1.12971
1638799200,1.1297,1.13078,1.12666,1.12724
1638806400,1.12719,1.12883,1.12697,1.12788
1638813600,1.12789,1.12839,1.12726,1.12787
1638820800,1.12785,1.1286,1.12781,1.1285
1638828000,1.12826,1.12871,1.1282,1.12835
1638835200,1.12836,1.12843,1.12758,1.12818
1638842400,1.1282,1.12928,1.12809,1.12906
1638849600,1.12907,1.12929,1.12865,1.12873
1638856800,1.12873,1.12984,1.1287,1.12886
1638864000,1.12887,1.12949,1.12535,1.12746
1638871200,1.12745,1.12779,1.12549,1.12575
1638878400,1.12575,1.12597,1.12275,1.12401
1638885600,1.12402,1.12548,1.12352,1.1246
1638892800,1.1246,1.12517,1.12366,1.1244
1638900000,1.12439,1.12613,1.12419,1.12613
1638907200,1.12613,1.12738,1.12591,1.12682
1638914400,1.1265,1.12737,1.12633,1.12725
1638921600,1.1273,1.12815,1.12728,1.12791
1638928800,1.12792,1.12936,1.12791,1.12918
1638936000,1.12917,1.12957,1.12888,1.12936
1638943200,1.12936,1.12954,1.12838,1.12863
1638950400,1.12863,1.12936,1.12785,1.12851
1638957600,1.1285,1.13001,1.12683,1.12764
1638964800,1.12763,1.13176,1.12671,1.13162
1638972000,1.13164,1.13346,1.13003,1.13326
1638979200,1.13327,1.13495,1.13251,1.13485
1638986400,1.13483,1.13508,1.13441,1.13495
1638993600,1.13495,1.13548,1.13415,1.13418
1639000800,1.13419,1.13453,1.13377,1.13441
1639008000,1.1344,1.13443,1.13326,1.13344
1639015200,1.13346,1.13363,1.13294,1.13347
1639022400,1.13346,1.13368,1.13269,1.13269
1639029600,1.13268,1.13338,1.13172,1.13202
1639036800,1.13201,1.13269,1.13155,1.13191
1639044000,1.1319,1.13236,1.13107,1.13168
1639051200,1.13167,1.13206,1.13069,1.13166
1639058400,1.13166,1.13196,1.12787,1.12839
1639065600,1.12841,1.12945,1.12784,1.129
1639072800,1.12901,1.12941,1.12823,1.12872
1639080000,1.12873,1.12956,1.12871,1.12926
1639087200,1.12924,1.12982,1.12881,1.12936
1639094400,1.12935,1.12971,1.1287,1.12968
1639101600,1.12968,1.13017,1.12948,1.12983
1639108800,1.12982,1.13028,1.12947,1.12949
1639116000,1.12949,1.13011,1.12864,1.12941
1639123200,1.12939,1.12973,1.12805,1.12821
1639130400,1.12821,1.12827,1.12652,1.12677
1639137600,1.12677,1.13097,1.12669,1.12936
1639144800,1.12935,1.13071,1.12701,1.13016
1639152000,1.13015,1.1324,1.13004,1.13188
1639159200,1.13188,1.13229,1.13098,1.13113
1639166400,1.13114,1.13194,1.13107,1.13163
1639346400,1.13074,1.13193,1.13022,1.13108
1639353600,1.13106,1.1314,1.13027,1.13053
1639360800,1.13051,1.13057,1.12937,1.1298
1639368000,1.12979,1.12998,1.12922,1.12972
1639375200,1.12972,1.12976,1.12838,1.12904
1639382400,1.12905,1.12928,1.12602,1.12683
1639389600,1.12684,1.12797,1.12627,1.12743
1639396800,1.12742,1.12921,1.12727,1.12843
1639404000,1.12843,1.12977,1.12734,1.12756
1639411200,1.12754,1.13071,1.12744,1.12931
1639418400,1.1293,1.12999,1.12873,1.12873
1639425600,1.12871,1.1291,1.12818,1.12855
1639432800,1.12818,1.12842,1.12809,1.12834
1639440000,1.12836,1.12848,1.12737,1.12823
1639447200,1.12821,1.12838,1.12714,1.12733
1639454400,1.12733,1.12814,1.12723,1.12778
1639461600,1.12779,1.12832,1.12706,1.12707
1639468800,1.12707,1.13043,1.12663,1.13012
1639476000,1.13011,1.13238,1.13007,1.13187
1639483200,1.13186,1.13202,1.13048,1.13084
1639490400,1.13084,1.13088,1.12712,1.1273
1639497600,1.12728,1.12767,1.12652,1.12719
1639504800,1.12718,1.12719,1.12558,1.12559
1639512000,1.12559,1.12594,1.12536,1.12577
1639519200,1.12577,1.12595,1.12538,1.12576
1639526400,1.12575,1.12698,1.12571,1.12682
1639533600,1.12681,1.12691,1.12575,1.12598
1639540800,1.12598,1.12726,1.12598,1.12691
1639548000,1.12691,1.12768,1.12628,1.12641
1639555200,1.12641,1.12771,1.12635,1.12717
1639562400,1.12715,1.12769,1.12625,1.12698
1639569600,1.12701,1.12758,1.12557,1.12735
1639576800,1.12735,1.12744,1.12481,1.12519
1639584000,1.1252,1.12677,1.12502,1.12602
1639591200,1.12604,1.12752,1.12216,1.12725
1639598400,1.12726,1.12992,1.12634,1.12939
1639605600,1.12913,1.12986,1.12866,1.12903
1639612800,1.12904,1.12921,1.12811,1.1287
1639620000,1.12871,1.12907,1.1284,1.12856
1639627200,1.12856,1.12896,1.12836,1.12856
1639634400,1.12856,1.13122,1.12835,1.13052
1639641600,1.13053,1.13191,1.13016,1.13134
1639648800,1.13133,1.13148,1.12906,1.1296
1639656000,1.12959,1.13595,1.12916,1.13593
1639663200,1.13592,1.13604,1.12984,1.1307
1639670400,1.13067,1.13197,1.13014,1.1318
1639677600,1.13179,1.13261,1.13152,1.13248
1639684800,1.13247,1.13366,1.1319,1.13302
1639692000,1.13295,1.1335,1.13221,1.13337
1639699200,1.13336,1.13351,1.13208,1.13212
1639706400,1.13211,1.13274,1.13203,1.1327
1639713600,1.13271,1.13489,1.13266,1.13481
1639720800,1.1348,1.13487,1.13172,1.13182
1639728000,1.13181,1.13396,1.13177,1.13343
1639735200,1.1334,1.1334,1.13115,1.13184
1639742400,1.13183,1.13327,1.13051,1.13074
1639749600,1.13072,1.13157,1.12737,1.12741
1639756800,1.12739,1.12794,1.12669,1.12682
1639764000,1.12681,1.12712,1.12511,1.12522
1639771200,1.12519,1.12528,1.12347,1.12373
1639951200,1.1236,1.12441,1.12347,1.12431
1639958400,1.12429,1.12501,1.12375,1.12385
1639965600,1.12385,1.12503,1.12365,1.12483
1639972800,1.12483,1.12544,1.12445,1.12542
1639980000,1.12541,1.12612,1.12473,1.12551
1639987200,1.12552,1.12742,1.12498,1.1262
1639994400,1.12621,1.12767,1.1257,1.12704
1640001600,1.12705,1.12982,1.12681,1.12932
1640008800,1.12933,1.13038,1.12869,1.12889
1640016000,1.12888,1.13037,1.12782,1.12842
1640023200,1.12841,1.1287,1.12742,1.12742
1640030400,1.12742,1.12806,1.1272,1.12764
1640037600,1.12781,1.12823,1.12747,1.12772
1640044800,1.12775,1.12847,1.12731,1.12814
1640052000,1.12814,1.12869,1.1281,1.12823
1640059200,1.12825,1.12826,1.12763,1.12807
1640066400,1.12806,1.12956,1.12759,1.12879
1640073600,1.12878,1.13026,1.12846,1.12952
1640080800,1.12952,1.12979,1.12759,1.12855
1640088000,1.12854,1.13014,1.12827,1.12907
1640095200,1.12906,1.12919,1.1261,1.12642
1640102400,1.1264,1.12739,1.12608,1.12671
1640109600,1.12672,1.12819,1.1264,1.12814
1640116800,1.12813,1.12862,1.12791,1.12857
1640124000,1.12827,1.12871,1.1273,1.12871
1640131200,1.12873,1.12941,1.12816,1.1287
1640138400,1.12872,1.12874,1.12734,1.12762
1640145600,1.12761,1.12761,1.12683,1.12709
1640152800,1.1271,1.12747,1.12644,1.12676
1640160000,1.12675,1.12853,1.12658,1.1283
1640167200,1.12831,1.13107,1.12811,1.13011
1640174400,1.13012,1.13151,1.1298,1.13117
1640181600,1.13116,1.13242,1.13052,1.13213
1640188800,1.13214,1.13423,1.13189,1.13291
1640196000,1.13288,1.13328,1.13229,1.13325
1640203200,1.13325,1.13387,1.13264,1.13265
1640210400,1.13243,1.13281,1.13167,1.13266
1640217600,1.13263,1.13422,1.13258,1.13419
1640224800,1.13419,1.13419,1.13382,1.13388
1640232000,1.13388,1.13418,1.13374,1.13374
1640239200,1.13379,1.13406,1.13263,1.13283
1640246400,1.13282,1.13286,1.13107,1.13206
1640253600,1.13204,1.13305,1.13182,1.13238
1640260800,1.13238,1.13262,1.12977,1.12992
1640268000,1.12988,1.13281,1.12901,1.13087
1640275200,1.13086,1.13366,1.13062,1.13366
1640282400,1.13367,1.13377,1.13285,1.13341
1640289600,1.13342,1.13353,1.13232,1.13258
1640296800,1.1321,1.13293,1.13205,1.1323
1640304000,1.13231,1.13277,1.13221,1.13252
1640311200,1.13253,1.13305,1.13239,1.13285
1640318400,1.13284,1.13349,1.13265,1.13301
1640325600,1.13298,1.1332,1.13281,1.13314
1640332800,1.13314,1.13415,1.13308,1.13406
1640340000,1.13406,1.13435,1.13259,1.13275
1640347200,1.13275,1.13336,1.13129,1.1321
1640354400,1.13211,1.13278,1.13063,1.13065
1640361600,1.13066,1.13154,1.13064,1.13145
1640368800,1.13145,1.13248,1.13082,1.13107
1640376000,1.13106,1.13226,1.13017,1.13068
1640556000,1.13098,1.13261,1.13025,1.13232
1640563200,1.13233,1.13237,1.13137,1.13182
1640570400,1.13183,1.13238,1.13166,1.13238
1640577600,1.1324,1.13248,1.13141,1.13152
1640584800,1.13151,1.13304,1.13131,1.13297
1640592000,1.13297,1.13344,1.1303,1.13084
1640599200,1.13085,1.1323,1.13073,1.13149
1640606400,1.13143,1.13183,1.13035,1.13116
1640613600,1.13117,1.13311,1.13106,1.13186
1640620800,1.13185,1.13316,1.1318,1.13268
1640628000,1.13267,1.13297,1.13218,1.13253
1640635200,1.13252,1.13303,1.13237,1.13267
1640642400,1.13259,1.13295,1.1323,1.13294
1640649600,1.13295,1.13313,1.13198,1.13199
1640656800,1.13199,1.1327,1.13181,1.13254
1640664000,1.13255,1.13289,1.13235,1.13281
1640671200,1.13278,1.13289,1.13164,1.13173
1640678400,1.13175,1.1331,1.13158,1.13307
1640685600,1.1331,1.13334,1.13262,1.13327
1640692800,1.13327,1.13333,1.13213,1.13213
1640700000,1.13212,1.1323,1.12895,1.12955
1640707200,1.12957,1.13209,1.1295,1.13106
1640714400,1.13105,1.13105,1.1299,1.13025
1640721600,1.13023,1.13143,1.1302,1.13077
1640728800,1.13071,1.13143,1.1304,1.13131
1640736000,1.13133,1.13134,1.12975,1.13003
1640743200,1.13002,1.13093,1.12979,1.13063
1640750400,1.13064,1.13073,1.13032,1.13051
1640757600,1.1305,1.13061,1.12973,1.13002
1640764800,1.13001,1.13008,1.12737,1.12798
1640772000,1.12798,1.13033,1.12784,1.13009
1640779200,1.13009,1.1322,1.12918,1.13181
1640786400,1.1318,1.1369,1.13129,1.13491
1640793600,1.13496,1.13534,1.13356,1.13374
1640800800,1.13374,1.13436,1.13347,1.13429
1640808000,1.1343,1.13524,1.13404,1.13469
1640815200,1.13458,1.13598,1.13428,1.13597
1640822400,1.13597,1.13598,1.13445,1.13459
1640829600,1.13459,1.13473,1.13372,1.13379
1640836800,1.13378,1.13378,1.13246,1.13258
1640844000,1.13259,1.13268,1.13149,1.13174
1640851200,1.13175,1.13178,1.12997,1.13016
1640858400,1.13015,1.13259,1.13001,1.13259
1640865600,1.1326,1.13446,1.13032,1.13038
1640872800,1.1304,1.134,1.12985,1.13306
1640880000,1.13305,1.1332,1.13096,1.13152
1640887200,1.1315,1.13299,1.13038,1.13272
1640894400,1.13272,1.13303,1.13185,1.13253
1640901600,1.13222,1.13261,1.1319,1.13222
1640908800,1.1322,1.13286,1.13197,1.13199
1640916000,1.132,1.13204,1.13145,1.1316
1640923200,1.13161,1.13255,1.13095,1.13107
1640930400,1.13107,1.13167,1.1304,1.13048
1640937600,1.13049,1.13362,1.13033,1.13285
1640944800,1.13285,1.13364,1.13176,1.13189
1640952000,1.13187,1.13534,1.13121,1.13484
1640959200,1.13481,1.13752,1.13381,1.1372
1640966400,1.13719,1.13864,1.13589,1.13864
1640973600,1.1386,1.1386,1.13748,1.13826
1640980800,1.13824,1.13851,1.13755,1.13775
1641160800,1.1365,1.13788,1.1364,1.13727
1641168000,1.13728,1.13756,1.135,1.13587
1641175200,1.13586,1.13587,1.13412,1.13483
1641182400,1.13483,1.13489,1.13361,1.1338
1641189600,1.13381,1.13501,1.1335,1.13481
1641196800,1.13479,1.13563,1.13353,1.13517
1641204000,1.13517,1.13662,1.13505,1.13556
1641211200,1.13556,1.13643,1.1346,1.13508
1641218400,1.13508,1.13519,1.12903,1.12917
1641225600,1.12918,1.12988,1.12798,1.12838
1641232800,1.12839,1.12996,1.12834,1.12973
1641240000,1.12972,1.13003,1.1294,1.12976
1641247200,1.12952,1.13023,1.12932,1.13018
1641254400,1.13018,1.13088,1.13014,1.13066
1641261600,1.13067,1.13094,1.12955,1.12976
1641268800,1.12976,1.13058,1.12964,1.13049
1641276000,1.13048,1.13071,1.12833,1.12916
1641283200,1.12916,1.13081,1.12833,1.13019
1641290400,1.1302,1.13056,1.12761,1.12761
1641297600,1.12762,1.12899,1.12723,1.12802
1641304800,1.12804,1.13225,1.12774,1.13092
1641312000,1.13092,1.13156,1.12856,1.12936
1641319200,1.12936,1.12943,1.1278,1.12879
1641326400,1.12878,1.12896,1.12808,1.12877
1641333600,1.1284,1.12867,1.12818,1.12829
1641340800,1.12828,1.12886,1.1277,1.12857
1641348000,1.12856,1.12967,1.12851,1.12958
1641355200,1.12957,1.12959,1.12873,1.12938
1641362400,1.12937,1.13025,1.12929,1.12987
1641369600,1.12987,1.1311,1.12966,1.13061
1641376800,1.13062,1.13238,1.13044,1.1319
1641384000,1.13192,1.13287,1.13031,1.13239
1641391200,1.13239,1.13441,1.13211,1.1337
1641398400,1.13367,1.13464,1.13228,1.13414
1641405600,1.13413,1.13446,1.1308,1.13105
1641412800,1.13104,1.13133,1.13022,1.13124
1641420000,1.13109,1.13143,1.13071,1.13106
1641427200,1.13107,1.13187,1.13049,1.13167
1641434400,1.13167,1.13206,1.13086,1.1315
1641441600,1.1315,1.13164,1.1307,1.13091
1641448800,1.13091,1.13092,1.12847,1.12896
1641456000,1.12897,1.13095,1.12849,1.13053
1641463200,1.13053,1.13269,1.13022,1.13132
1641470400,1.13133,1.13199,1.13031,1.13122
1641477600,1.13122,1.13318,1.12928,1.12958
1641484800,1.12956,1.13092,1.12902,1.12959
1641492000,1.12958,1.12997,1.12867,1.12868
1641499200,1.12868,1.12998,1.12861,1.12982
1641506400,1.12952,1.12983,1.12934,1.12948
1641513600,1.12949,1.13007,1.129,1.13006
1641520800,1.13007,1.13017,1.12952,1.1299
1641528000,1.12991,1.13034,1.1298,1.13022
1641535200,1.13023,1.13061,1.12981,1.13056
1641542400,1.13055,1.13174,1.13016,1.13149
1641549600,1.13149,1.13192,1.1301,1.13045
1641556800,1.13047,1.13227,1.12924,1.13018
1641564000,1.13019,1.13492,1.12989,1.13472
1641571200,1.13473,1.13587,1.13377,1.13567
1641578400,1.13566,1.13648,1.13549,1.13628
1641585600,1.13626,1.13642,1.13572,1.13594
1641765600,1.13555,1.13604,1.13497,1.13534
1641772800,1.13534,1.1358,1.13499,1.13503
1641780000,1.13504,1.13518,1.13338,1.13375
1641787200,1.13375,1.13407,1.1332,1.13349
1641794400,1.13349,1.13362,1.13264,1.1329
1641801600,1.13291,1.13445,1.13207,1.13265
1641808800,1.13265,1.13362,1.13225,1.13254
1641816000,1.13253,1.13295,1.1295,1.12971
1641823200,1.12971,1.13272,1.12851,1.13187
1641830400,1.13186,1.13348,1.13161,1.13288
1641837600,1.13287,1.13313,1.13201,1.13233
1641844800,1.13232,1.13301,1.13223,1.13278
1641852000,1.13218,1.13325,1.13218,1.13299
1641859200,1.13297,1.13418,1.13284,1.13363
1641866400,1.13363,1.13436,1.13346,1.13415
1641873600,1.13415,1.13442,1.13377,1.13389
1641880800,1.13388,1.13446,1.13316,1.13418
1641888000,1.13416,1.13519,1.13287,1.13332
1641895200,1.13333,1.13436,1.13261,1.13388
1641902400,1.13389,1.13421,1.13231,1.13258
1641909600,1.13259,1.13453,1.1313,1.13404
1641916800,1.13403,1.13686,1.13403,1.13542
1641924000,1.13541,1.13751,1.13521,1.13668
1641931200,1.13667,1.13693,1.13641,1.13683
1641938400,1.13668,1.1371,1.13653,1.13659
1641945600,1.13658,1.13733,1.13643,1.13701
1641952800,1.13698,1.13755,1.13679,1.13747
1641960000,1.13747,1.1378,1.13726,1.13733
1641967200,1.13734,1.1375,1.13552,1.13584
1641974400,1.13587,1.13735,1.1355,1.13671
1641981600,1.13672,1.13681,1.13547,1.13616
1641988800,1.13616,1.14152,1.13598,1.14099
1641996000,1.14104,1.14251,1.13946,1.14207
1642003200,1.14208,1.14453,1.14189,1.1444
1642010400,1.1444,1.14527,1.14383,1.14501
1642017600,1.145,1.1451,1.14396,1.14412
1642024800,1.14403,1.14449,1.14394,1.14395
1642032000,1.14394,1.14481,1.14359,1.1439
1642039200,1.14391,1.14459,1.14358,1.14422
1642046400,1.14422,1.14473,1.14406,1.14411
1642053600,1.14412,1.14664,1.14385,1.14647
1642060800,1.14648,1.14783,1.14583,1.14713
1642068000,1.14712,1.14775,1.14574,1.14625
1642075200,1.14627,1.14719,1.14532,1.14719
1642082400,1.14719,1.14817,1.14472,1.14607
1642089600,1.14607,1.14719,1.1455,1.14614
1642096800,1.14614,1.14664,1.14575,1.14616
1642104000,1.14615,1.14622,1.14508,1.1454
1642111200,1.14526,1.14594,1.14526,1.14565
1642118400,1.14564,1.14682,1.14514,1.14661
1642125600,1.14661,1.14757,1.14625,1.14738
1642132800,1.14737,1.14827,1.14711,1.14788
1642140000,1.14789,1.14806,1.14603,1.14659
1642147200,1.14659,1.14745,1.14572,1.14581
1642154400,1.14581,1.1461,1.14485,1.14519
1642161600,1.14519,1.14561,1.14333,1.14382
1642168800,1.14381,1.14498,1.14239,1.14332
1642176000,1.14331,1.14358,1.13985,1.1402
1642183200,1.14021,1.14177,1.14013,1.14153
1642190400,1.14154,1.14177,1.14123,1.14154
1642370400,1.14122,1.14161,1.14058,1.14112
1642377600,1.14112,1.14117,1.14002,1.14047
1642384800,1.14048,1.14198,1.14038,1.14183
1642392000,1.14184,1.14225,1.14164,1.14191
1642399200,1.14191,1.14279,1.14119,1.14251
1642406400,1.14252,1.14344,1.14171,1.14238
1642413600,1.14238,1.14265,1.14063,1.14142
1642420800,1.14143,1.14165,1.13918,1.14015
1642428000,1.14015,1.14147,1.13955,1.14039
1642435200,1.14038,1.14157,1.14007,1.14118
1642442400,1.14119,1.14136,1.14047,1.14048
1642449600,1.14048,1.14092,1.14047,1.14061
1642456800,1.14052,1.14101,1.14048,1.141
1642464000,1.14099,1.14207,1.14077,1.14189
1642471200,1.1419,1.14215,1.13851,1.13926
1642478400,1.13926,1.14019,1.13913,1.1397
1642485600,1.1397,1.14046,1.13922,1.13972
1642492800,1.13973,1.14057,1.13858,1.1395
1642500000,1.13949,1.13994,1.13833,1.13866
1642507200,1.13867,1.13918,1.1363,1.13782
1642514400,1.13782,1.13787,1.13431,1.13431
1642521600,1.13433,1.1344,1.13204,1.13226
1642528800,1.13227,1.13346,1.13191,1.13271
1642536000,1.1327,1.13323,1.13146,1.13276
1642543200,1.13216,1.13305,1.13216,1.13287
1642550400,1.1329,1.13299,1.13189,1.13221
1642557600,1.13225,1.133,1.13201,1.13276
1642564800,1.13277,1.13336,1.13256,1.13299
1642572000,1.133,1.13427,1.13271,1.13307
1642579200,1.13307,1.13482,1.13295,1.134
1642586400,1.13399,1.13497,1.13368,1.13378
1642593600,1.1338,1.13507,1.13331,1.13439
1642600800,1.1344,1.1354,1.1336,1.13444
1642608000,1.13448,1.13572,1.13403,1.1344
1642615200,1.13441,1.13534,1.13417,1.13512
1642622400,1.13509,1.13548,1.13419,1.1342
1642629600,1.13411,1.13463,1.13404,1.13428
1642636800,1.13428,1.13653,1.13428,1.13602
1642644000,1.13601,1.13611,1.13504,1.13534
1642651200,1.13535,1.13535,1.13454,1.13498
1642658400,1.13496,1.13666,1.13474,1.13597
1642665600,1.13598,1.13689,1.13433,1.13475
1642672800,1.13475,1.13515,1.1333,1.13402
1642680000,1.13401,1.13579,1.13312,1.13517
1642687200,1.13518,1.13575,1.13287,1.13483
1642694400,1.1348,1.13532,1.13264,1.13271
1642701600,1.13272,1.13294,1.13115,1.13123
1642708800,1.13124,1.13186,1.13032,1.13104
1642716000,1.13089,1.1314,1.13076,1.1313
1642723200,1.13132,1.13177,1.13008,1.13172
1642730400,1.13172,1.13351,1.13155,1.13259
1642737600,1.13257,1.13271,1.13223,1.13254
1642744800,1.13254,1.13365,1.13227,1.13286
1642752000,1.13285,1.13453,1.13281,1.13394
1642759200,1.13393,1.13414,1.13257,1.13297
1642766400,1.13297,1.13518,1.13261,1.135
1642773600,1.13501,1.13598,1.13371,1.13461
1642780800,1.13461,1.13533,1.13397,1.13455
1642788000,1.13455,1.13491,1.13408,1.13415
1642795200,1.13414,1.13454,1.13384,1.13415
1642975200,1.13402,1.13449,1.13366,1.1341
1642982400,1.13411,1.13411,1.13325,1.13371
1642989600,1.13372,1.13379,1.13275,1.13289
1642996800,1.13289,1.13313,1.13168,1.13181
1643004000,1.13181,1.13293,1.13146,1.13239
1643011200,1.13237,1.13364,1.13099,1.13253
1643018400,1.13252,1.13281,1.13013,1.13042
1643025600,1.13044,1.13101,1.12949,1.12957
1643032800,1.12957,1.13247,1.12905,1.13088
1643040000,1.13089,1.13294,1.13045,1.13279
1643047200,1.1328,1.13351,1.13178,1.13198
1643054400,1.13198,1.13286,1.13183,1.13241
1643061600,1.13251,1.13285,1.13217,1.13236
1643068800,1.13236,1.1324,1.13162,1.13167
1643076000,1.13168,1.13185,1.1309,1.13125
1643083200,1.13127,1.13165,1.13081,1.131
1643090400,1.13099,1.13157,1.13014,1.1302
1643097600,1.13021,1.13157,1.12844,1.12877
1643104800,1.12877,1.12909,1.12687,1.12718
1643112000,1.12718,1.12803,1.12666,1.12756
1643119200,1.12757,1.12813,1.12633,1.12742
1643126400,1.12741,1.12892,1.12717,1.12878
1643133600,1.12878,1.13049,1.12862,1.13038
1643140800,1.13037,1.1307,1.12965,1.13012
1643148000,1.12988,1.13059,1.12931,1.1303
1643155200,1.13029,1.13059,1.13012,1.13053
1643162400,1.13053,1.13107,1.13033,1.13057
1643169600,1.13057,1.1306,1.13007,1.13045
1643176800,1.13045,1.13053,1.12893,1.12913
1643184000,1.12914,1.12973,1.12833,1.12868
1643191200,1.12867,1.1288,1.12754,1.12788
1643198400,1.12789,1.1286,1.12716,1.12823
1643205600,1.12823,1.12964,1.12738,1.12805
1643212800,1.12806,1.12883,1.1278,1.12879
1643220000,1.1288,1.13007,1.12472,1.12553
1643227200,1.1255,1.1255,1.12356,1.12414
1643234400,1.12412,1.12425,1.12355,1.12406
1643241600,1.12408,1.12432,1.12305,1.12329
1643248800,1.12328,1.12335,1.12211,1.12212
1643256000,1.12213,1.1227,1.12155,1.122
1643263200,1.12198,1.12214,1.11965,1.11985
1643270400,1.11986,1.12064,1.1193,1.11964
1643277600,1.11962,1.1201,1.11522,1.11588
1643284800,1.11589,1.11689,1.11349,1.11493
1643292000,1.11493,1.11622,1.11315,1.11495
1643299200,1.11493,1.11617,1.11365,1.11392
1643306400,1.11392,1.1147,1.11357,1.11403
1643313600,1.11405,1.11494,1.114,1.11445
1643320800,1.11454,1.11466,1.11388,1.11445
1643328000,1.11446,1.11483,1.1138,1.11475
1643335200,1.11475,1.11558,1.11464,1.11535
1643342400,1.11534,1.1155,1.11492,1.11541
1643349600,1.11542,1.11549,1.1126,1.11348
1643356800,1.11348,1.11396,1.11214,1.11326
1643364000,1.11325,1.11438,1.11278,1.11333
1643371200,1.11332,1.11688,1.11255,1.11686
1643378400,1.11681,1.11735,1.11382,1.11642
1643385600,1.11647,1.11695,1.11511,1.11512
1643392800,1.11514,1.11561,1.11433,1.11444
1643400000,1.11443,1.11513,1.11411,1.11474
1643580000,1.11399,1.11526,1.1138,1.11521
1643587200,1.11521,1.1158,1.11441,1.11578
1643594400,1.11577,1.11629,1.11547,1.1161
1643601600,1.11611,1.11658,1.11602,1.1165
1643608800,1.11649,1.11714,1.11608,1.11709
1643616000,1.11709,1.11825,1.11639,1.11749
1643623200,1.1175,1.11819,1.11531,1.11592
1643630400,1.11592,1.11938,1.11462,1.11932
1643637600,1.11931,1.12178,1.11833,1.12107
1643644800,1.12109,1.12196,1.11988,1.12192
1643652000,1.12191,1.12479,1.12186,1.12432
1643659200,1.12433,1.12457,1.12306,1.12327
1643666400,1.12335,1.12344,1.12292,1.12293
1643673600,1.12292,1.12304,1.1221,1.12264
1643680800,1.12263,1.12339,1.12257,1.12332
1643688000,1.12332,1.12451,1.12331,1.12402
1643695200,1.12402,1.1268,1.12342,1.12664
1643702400,1.12665,1.12694,1.12518,1.12612
1643709600,1.12613,1.12787,1.12553,1.12733
1643716800,1.1273,1.12737,1.12534,1.12658
1643724000,1.12658,1.12744,1.12453,1.12473
1643731200,1.12473,1.12541,1.12344,1.12449
1643738400,1.12451,1.12575,1.1243,1.12529
1643745600,1.1253,1.12737,1.12521,1.12736
1643752800,1.12702,1.12738,1.12688,1.1273
1643760000,1.1273,1.12769,1.12682,1.12764
1643767200,1.12763,1.12779,1.12706,1.12706
1643774400,1.12706,1.12758,1.12706,1.12731
1643781600,1.12732,1.12841,1.12667,1.12814
1643788800,1.12815,1.12943,1.12784,1.12932
1643796000,1.1295,1.132,1.12899,1.13161
1643803200,1.13163,1.13302,1.13111,1.13113
1643810400,1.13115,1.13211,1.12926,1.12967
1643817600,1.12969,1.13121,1.12929,1.13113
1643824800,1.13112,1.13144,1.1306,1.13102
1643832000,1.13103,1.1314,1.13021,1.13043
1643839200,1.13013,1.13067,1.12983,1.12993
1643846400,1.12994,1.13005,1.12932,1.13001
1643853600,1.13002,1.13083,1.12975,1.13048
1643860800,1.13047,1.13053,1.12946,1.13007
1643868000,1.13006,1.13014,1.12881,1.12973
1643875200,1.12972,1.13025,1.12839,1.12843
1643882400,1.12844,1.1286,1.12752,1.12803
1643889600,1.12802,1.13668,1.12673,1.13668
1643896800,1.13669,1.14237,1.13616,1.14175
1643904000,1.14174,1.14515,1.14146,1.14439
1643911200,1.14437,1.14497,1.14263,1.14332
1643918400,1.14334,1.14395,1.14281,1.14387
1643925600,1.14365,1.14423,1.14335,1.14356
1643932800,1.14356,1.1454,1.14319,1.14521
1643940000,1.1452,1.14689,1.14489,1.14623
1643947200,1.14621,1.14719,1.14592,1.14602
1643954400,1.14601,1.14686,1.14514,1.14673
1643961600,1.14671,1.14671,1.14398,1.14632
1643968800,1.14634,1.14838,1.1457,1.14785
1643976000,1.14785,1.14819,1.14219,1.14362
1643983200,1.14363,1.14581,1.14116,1.14421
1643990400,1.1442,1.14625,1.1436,1.14544
1643997600,1.14548,1.14642,1.14475,1.14482
1644004800,1.14482,1.14599,1.14478,1.14519
1644184800,1.14631,1.14638,1.14504,1.14545
1644192000,1.14545,1.14561,1.14395,1.14415
1644199200,1.14416,1.14427,1.14247,1.14328
1644206400,1.14328,1.14406,1.143,1.14306
1644213600,1.14305,1.14361,1.14257,1.14322
1644220800,1.14323,1.14493,1.14152,1.14233
1644228000,1.14234,1.14463,1.14163,1.14432
1644235200,1.14431,1.14587,1.14294,1.14398
1644242400,1.14397,1.1451,1.14207,1.14433
1644249600,1.14433,1.1451,1.14174,1.14186
1644256800,1.14186,1.14438,1.14171,1.14432
1644264000,1.14432,1.14432,1.14359,1.14413
1644271200,1.14411,1.14436,1.14334,1.14411
1644278400,1.14412,1.14488,1.14355,1.14357
1644285600,1.14355,1.14359,1.14268,1.143
1644292800,1.143,1.14308,1.14152,1.1417
1644300000,1.14169,1.14234,1.13964,1.13989
1644307200,1.1399,1.14091,1.1398,1.14057
1644314400,1.14056,1.14335,1.14024,1.14261
1644321600,1.14262,1.14273,1.14003,1.14088
1644328800,1.14089,1.14237,1.14032,1.14182
1644336000,1.14183,1.14234,1.14097,1.14207
1644343200,1.14205,1.14238,1.14015,1.14145
1644350400,1.14144,1.14206,1.14132,1.1417
1644357600,1.14129,1.1421,1.14122,1.14205
1644364800,1.14209,1.14234,1.14121,1.14229
1644372000,1.14229,1.14324,1.14226,1.14303
1644379200,1.14304,1.14314,1.14217,1.14222
1644386400,1.14222,1.1426,1.14027,1.1409
1644393600,1.1409,1.14278,1.14084,1.14267
1644400800,1.14265,1.14448,1.14232,1.14295
1644408000,1.14294,1.14459,1.14294,1.14357
1644415200,1.14356,1.14414,1.14255,1.14282
1644422400,1.14283,1.14479,1.14258,1.14374
1644429600,1.14374,1.14412,1.1427,1.14323
1644436800,1.14323,1.14336,1.14201,1.14224
1644444000,1.14229,1.14277,1.14201,1.1421
1644451200,1.14209,1.14227,1.14131,1.14194
1644458400,1.14195,1.143,1.14177,1.14287
1644465600,1.14287,1.14314,1.14228,1.14259
1644472800,1.14258,1.14287,1.14194,1.14287
1644480000,1.14287,1.14463,1.14225,1.14435
1644487200,1.14435,1.14455,1.14312,1.1432
1644494400,1.14319,1.14416,1.13823,1.14079
1644501600,1.14078,1.14737,1.1375,1.14668
1644508800,1.14668,1.14949,1.14475,1.14645
1644516000,1.14645,1.14752,1.14468,1.14496
1644523200,1.14494,1.14549,1.1407,1.14274
1644530400,1.1427,1.14303,1.14017,1.14113
1644537600,1.14113,1.14119,1.13858,1.14024
1644544800,1.14023,1.14068,1.13925,1.1393
1644552000,1.13929,1.1393,1.1375,1.13866
1644559200,1.13865,1.13921,1.137,1.13851
1644566400,1.13852,1.13979,1.13783,1.13863
1644573600,1.13862,1.13996,1.13839,1.13948
1644580800,1.13948,1.14181,1.13896,1.13907
1644588000,1.13907,1.14053,1.13802,1.14021
1644595200,1.14023,1.14082,1.13924,1.13967
1644602400,1.13965,1.13994,1.13298,1.13339
1644609600,1.1334,1.13521,1.13311,1.13479
1644789600,1.13369,1.13672,1.13359,1.13644
1644796800,1.13645,1.13691,1.13521,1.13536
1644804000,1.13536,1.13536,1.13405,1.13431
1644811200,1.13429,1.13523,1.13413,1.13515
1644818400,1.13515,1.13521,1.13359,1.13383
1644825600,1.1338,1.13432,1.13038,1.13121
1644832800,1.13122,1.13181,1.13009,1.1311
1644840000,1.1311,1.13424,1.1302,1.1315
1644847200,1.13149,1.13212,1.12916,1.13057
1644854400,1.13058,1.13143,1.12962,1.13105
1644861600,1.13106,1.13142,1.128,1.12948
1644868800,1.12947,1.13079,1.12929,1.13063
1644876000,1.13052,1.13075,1.1301,1.13058
1644883200,1.13058,1.13146,1.13032,1.13106
1644890400,1.13105,1.13226,1.13091,1.13176
1644897600,1.13171,1.1321,1.13149,1.13174
1644904800,1.13174,1.13281,1.13115,1.13126
1644912000,1.13126,1.13501,1.13094,1.1346
1644919200,1.1346,1.13537,1.13386,1.13457
1644926400,1.13461,1.136,1.13368,1.13558
1644933600,1.13558,1.13592,1.13203,1.13549
1644940800,1.13548,1.13682,1.13462,1.13588
1644948000,1.13586,1.13642,1.13546,1.13594
1644955200,1.13596,1.13637,1.13546,1.13574
1644962400,1.13558,1.13599,1.13549,1.13553
1644969600,1.1355,1.13596,1.13487,1.13521
1644976800,1.13521,1.13535,1.1345,1.13458
1644984000,1.13459,1.13555,1.13453,1.13538
1644991200,1.13537,1.13787,1.13532,1.13752
1644998400,1.13753,1.13953,1.13711,1.13775
1645005600,1.13775,1.13884,1.13734,1.1385
1645012800,1.13851,1.13868,1.13549,1.13631
1645020000,1.13632,1.13733,1.13532,1.13654
1645027200,1.13654,1.13828,1.13606,1.13743
1645034400,1.13744,1.13957,1.13704,1.13904
1645041600,1.13903,1.13935,1.13723,1.13726
1645048800,1.13715,1.13848,1.13672,1.13728
1645056000,1.13727,1.13827,1.13727,1.13818
1645063200,1.13817,1.1385,1.13295,1.13367
1645070400,1.13366,1.13643,1.13231,1.13565
1645077600,1.13564,1.13754,1.13517,1.13751
1645084800,1.1375,1.1386,1.13429,1.13613
1645092000,1.13616,1.13794,1.1355,1.13658
1645099200,1.13658,1.13791,1.13517,1.13593
1645106400,1.13592,1.13786,1.13506,1.13692
1645113600,1.13694,1.13756,1.13584,1.13592
1645120800,1.13593,1.13671,1.13571,1.1364
1645128000,1.13641,1.13648,1.13569,1.13618
1645135200,1.13585,1.13698,1.13577,1.13638
1645142400,1.13633,1.13712,1.13578,1.1368
1645149600,1.13679,1.13714,1.13625,1.13674
1645156800,1.13672,1.13687,1.13612,1.13658
1645164000,1.13659,1.13737,1.13656,1.13699
1645171200,1.13698,1.13769,1.13639,1.13709
1645178400,1.1371,1.13723,1.13469,1.13624
1645185600,1.13623,1.13682,1.1348,1.1349
1645192800,1.1349,1.13541,1.13273,1.13412
1645200000,1.13413,1.13423,1.13147,1.13225
1645207200,1.13224,1.13357,1.1322,1.13313
1645214400,1.13311,1.13318,1.13229,1.13232
1645394400,1.13158,1.13253,1.13132,1.13165
1645401600,1.13165,1.1358,1.13132,1.13536
1645408800,1.13535,1.13679,1.13529,1.13608
1645416000,1.13607,1.13645,1.13583,1.13626
1645423200,1.13625,1.13788,1.13623,1.13736
1645430400,1.13737,1.13906,1.1354,1.13634
1645437600,1.13635,1.13665,1.13458,1.13477
1645444800,1.13477,1.13502,1.1321,1.133
1645452000,1.133,1.1346,1.13251,1.13362
1645459200,1.13361,1.13494,1.1335,1.13364
1645466400,1.13364,1.13429,1.13067,1.13184
1645473600,1.13183,1.13188,1.13074,1.1309
1645480800,1.13072,1.13122,1.12964,1.13092
1645488000,1.13092,1.13198,1.12995,1.13038
1645495200,1.13038,1.13095,1.1288,1.12923
1645502400,1.12923,1.13093,1.12923,1.13068
1645509600,1.13067,1.13125,1.12926,1.12968
1645516800,1.12967,1.13366,1.12931,1.13196
1645524000,1.13197,1.13667,1.13183,1.1346
1645531200,1.1346,1.13593,1.13372,1.13412
1645538400,1.13412,1.13504,1.13307,1.13353
1645545600,1.13352,1.1354,1.13251,1.13337
1645552800,1.13336,1.13412,1.1322,1.13347
1645560000,1.13347,1.13411,1.13237,1.13251
1645567200,1.13231,1.13333,1.13223,1.13288
1645574400,1.13287,1.1336,1.13283,1.13349
1645581600,1.13352,1.13389,1.132,1.13258
1645588800,1.13258,1.13302,1.13218,1.13255
1645596000,1.13256,1.13428,1.1316,1.13398
1645603200,1.13398,1.13588,1.13339,1.13557
1645610400,1.13557,1.13582,1.13401,1.13404
1645617600,1.13404,1.13523,1.13365,1.13515
1645624800,1.13515,1.13519,1.13207,1.13244
1645632000,1.13246,1.13261,1.13061,1.13124
1645639200,1.13123,1.13124,1.13038,1.13077
1645646400,1.13076,1.13106,1.13012,1.13048
1645653600,1.13055,1.13087,1.13002,1.13054
1645660800,1.13056,1.1306,1.1275,1.1293
1645668000,1.12932,1.1294,1.1235,1.12381
1645675200,1.12381,1.1249,1.12086,1.12377
1645682400,1.12379,1.12557,1.12321,1.12451
1645689600,1.12452,1.12622,1.12092,1.12112
1645696800,1.12111,1.12123,1.11551,1.11741
1645704000,1.11741,1.1185,1.11528,1.1162
1645711200,1.11618,1.11712,1.11082,1.11098
1645718400,1.11098,1.11787,1.11064,1.11665
1645725600,1.11666,1.12124,1.11599,1.11875
1645732800,1.11875,1.12212,1.11846,1.11936
1645740000,1.11907,1.12029,1.11898,1.11905
1645747200,1.11906,1.12095,1.11864,1.12035
1645754400,1.12035,1.12178,1.11987,1.12172
1645761600,1.12168,1.12286,1.12143,1.12254
1645768800,1.12254,1.12255,1.1197,1.12103
1645776000,1.12101,1.12152,1.11694,1.11815
1645783200,1.11814,1.11871,1.1166,1.11852
1645790400,1.11854,1.12414,1.11837,1.12369
1645797600,1.1237,1.1251,1.12186,1.12441
1645804800,1.12445,1.12669,1.12351,1.12408
1645812000,1.12408,1.12659,1.12408,1.12634
1645819200,1.12635,1.12742,1.12581,1.12721
1645999200,1.11206,1.11883,1.11206,1.11802
1646006400,1.11805,1.11944,1.11594,1.11712
1646013600,1.11713,1.11741,1.11461,1.11509
1646020800,1.1151,1.11587,1.11421,1.11565
1646028000,1.11564,1.11999,1.11547,1.11895
1646035200,1.11898,1.11964,1.1164,1.11779
1646042400,1.11779,1.12321,1.11779,1.1199
1646049600,1.11991,1.12168,1.11793,1.12125
1646056800,1.1213,1.12364,1.12007,1.12316
1646064000,1.12313,1.12464,1.11973,1.12051
1646071200,1.1205,1.12236,1.12036,1.12224
1646078400,1.12225,1.12233,1.1209,1.1219
1646085600,1.12161,1.12203,1.12142,1.12142
1646092800,1.12143,1.12146,1.12018,1.12018
1646100000,1.12019,1.12053,1.11921,1.11921
1646107200,1.11922,1.12031,1.11907,1.1196
1646114400,1.11961,1.12298,1.11945,1.12296
1646121600,1.12297,1.12331,1.11899,1.11963
1646128800,1.11964,1.11986,1.11663,1.11759
1646136000,1.11758,1.11806,1.11404,1.11602
1646143200,1.11604,1.1162,1.11282,1.11402
1646150400,1.11402,1.11444,1.10898,1.11093
1646157600,1.11092,1.11349,1.10986,1.1122
1646164800,1.11221,1.1138,1.11164,1.11234
1646172000,1.11212,1.11343,1.1118,1.11324
1646179200,1.11323,1.11356,1.11217,1.11281
1646186400,1.11281,1.11318,1.11112,1.11191
1646193600,1.1119,1.11237,1.11133,1.11148
1646200800,1.11151,1.1118,1.10838,1.10933
1646208000,1.10934,1.1104,1.10589,1.10823
1646215200,1.10822,1.1103,1.1076,1.10994
1646222400,1.10992,1.11193,1.10887,1.11047
1646229600,1.11046,1.11047,1.10576,1.10685
1646236800,1.10684,1.1144,1.10637,1.11026
1646244000,1.11025,1.11342,1.11001,1.11242
1646251200,1.11244,1.11304,1.11176,1.11194
1646258400,1.1117,1.11215,1.11104,1.11123
1646265600,1.11122,1.11156,1.10942,1.10977
1646272800,1.10977,1.11068,1.109,1.10996
1646280000,1.10997,1.11047,1.10972,1.11017
1646287200,1.11018,1.11063,1.10913,1.10975
1646294400,1.10974,1.11001,1.10717,1.10798
1646301600,1.10799,1.10941,1.10778,1.10867
1646308800,1.10866,1.1097,1.10647,1.10856
1646316000,1.10854,1.10951,1.10578,1.10618
1646323200,1.10618,1.10679,1.10337,1.10511
1646330400,1.10511,1.10665,1.10475,1.10577
1646337600,1.10577,1.10667,1.10566,1.10655
1646344800,1.10634,1.10679,1.10623,1.10659
1646352000,1.10657,1.10665,1.101,1.10489
1646359200,1.1049,1.10494,1.10193,1.1026
1646366400,1.10257,1.10393,1.10235,1.10286
1646373600,1.10286,1.10318,1.10086,1.10122
1646380800,1.10123,1.10243,1.10086,1.10142
1646388000,1.10141,1.10197,1.09731,1.09758
1646395200,1.09757,1.09821,1.08859,1.09089
1646402400,1.09088,1.0928,1.08962,1.09191
1646409600,1.09192,1.09264,1.09081,1.09261
1646416800,1.09259,1.09369,1.09099,1.09131
1646424000,1.09133,1.09403,1.09127,1.09302
1646604000,1.09185,1.0928,1.08637,1.08736
1646611200,1.08736,1.08846,1.08215,1.08434
1646618400,1.08435,1.08863,1.08359,1.0871
1646625600,1.08711,1.08874,1.0863,1.08769
1646632800,1.0877,1.08979,1.08666,1.08711
1646640000,1.08718,1.08907,1.08501,1.08583
1646647200,1.08583,1.08646,1.08059,1.08595
1646654400,1.08596,1.09252,1.08558,1.08976
1646661600,1.08973,1.09323,1.08578,1.08762
1646668800,1.08763,1.08897,1.08486,1.08754
1646676000,1.08751,1.09004,1.08458,1.0848
1646683200,1.08483,1.08719,1.08467,1.08539
1646690400,1.08548,1.08663,1.08486,1.08662
1646697600,1.08662,1.08807,1.08492,1.08751
1646704800,1.0875,1.0885,1.08675,1.08678
1646712000,1.08678,1.08728,1.08558,1.08597
1646719200,1.08597,1.08837,1.08512,1.08613
1646726400,1.08614,1.09217,1.08562,1.08877
1646733600,1.08877,1.09049,1.08653,1.08912
1646740800,1.08914,1.0921,1.08836,1.09156
1646748000,1.09152,1.09244,1.08721,1.08757
1646755200,1.08757,1.09562,1.0875,1.09425
1646762400,1.09424,1.09583,1.09021,1.09064
1646769600,1.09063,1.09135,1.08942,1.08962
1646776800,1.09006,1.09049,1.08901,1.08978
1646784000,1.08984,1.09202,1.08965,1.09142
1646791200,1.09141,1.09203,1.09052,1.09073
1646798400,1.09075,1.09297,1.0907,1.09161
1646805600,1.09161,1.09278,1.09093,1.09165
1646812800,1.09167,1.09728,1.09111,1.09701
1646820000,1.097,1.09926,1.09417,1.09711
1646827200,1.0971,1.10164,1.09636,1.10142
1646834400,1.10143,1.10502,1.10043,1.10441
1646841600,1.10441,1.10951,1.1043,1.10919
1646848800,1.10918,1.1095,1.10617,1.10772
1646856000,1.10771,1.10835,1.10625,1.10761
1646863200,1.10704,1.10782,1.10653,1.10736
1646870400,1.10736,1.10737,1.10418,1.10513
1646877600,1.10513,1.10595,1.10453,1.10588
1646884800,1.10589,1.10626,1.10513,1.1059
1646892000,1.10592,1.1072,1.10523,1.10653
1646899200,1.10652,1.10801,1.10263,1.10413
1646906400,1.10415,1.10533,1.10255,1.10402
1646913600,1.10401,1.11211,1.10333,1.10639
1646920800,1.10639,1.10701,1.098,1.10188
1646928000,1.10187,1.10199,1.09901,1.09904
1646935200,1.09908,1.0994,1.0983,1.0985
1646942400,1.0985,1.09909,1.09762,1.09885
1646949600,1.0983,1.1015,1.09822,1.10136
1646956800,1.10133,1.10191,1.09805,1.09874
1646964000,1.09877,1.10049,1.09872,1.10046
1646971200,1.10046,1.10103,1.09935,1.09992
1646978400,1.09991,1.10088,1.0981,1.09835
1646985600,1.09837,1.09922,1.09601,1.09673
1646992800,1.09671,1.10435,1.09659,1.10111
1647000000,1.10111,1.10322,1.09739,1.09982
1647007200,1.09982,1.10016,1.09463,1.09652
1647014400,1.09653,1.09699,1.09129,1.09164
1647021600,1.09163,1.09214,1.0902,1.09092
1647028800,1.0909,1.09168,1.09056,1.09142
1647205200,1.092,1.0936,1.09089,1.09274
1647212400,1.09275,1.0939,1.092,1.09291
1647219600,1.09295,1.09377,1.09007,1.09094
1647226800,1.09093,1.09175,1.09011,1.09173
1647234000,1.09172,1.09229,1.09087,1.09175
1647241200,1.09177,1.096,1.09106,1.09565
1647248400,1.09566,1.09898,1.09517,1.09606
1647255600,1.09606,1.09668,1.09401,1.09579
1647262800,1.0957,1.0972,1.09351,1.09651
1647270000,1.09652,1.09939,1.09616,1.09742
1647277200,1.09741,1.09792,1.0957,1.09579
1647284400,1.09581,1.09661,1.09391,1.09399
1647291600,1.09395,1.09524,1.09334,1.09356
1647298800,1.09361,1.09555,1.09307,1.09505
1647306000,1.09504,1.09768,1.09376,1.09714
1647313200,1.09715,1.09853,1.09688,1.09826
1647320400,1.09826,1.09851,1.09701,1.09708
1647327600,1.09713,1.10198,1.0967,1.10037
1647334800,1.10037,1.10076,1.09912,1.0995
1647342000,1.09951,1.10042,1.09781,1.09904
1647349200,1.09903,1.1,1.0974,1.09828
1647356400,1.09831,1.09868,1.09381,1.09515
1647363600,1.09515,1.09538,1.09262,1.09404
1647370800,1.09405,1.09551,1.09396,1.09541
1647378000,1.0953,1.0965,1.09478,1.0965
1647385200,1.09649,1.09741,1.09551,1.0957
1647392400,1.09568,1.09773,1.0956,1.09712
1647399600,1.09712,1.09727,1.09657,1.0968
1647406800,1.0968,1.09823,1.09646,1.09789
1647414000,1.09791,1.10051,1.09562,1.09907
1647421200,1.09908,1.10147,1.09802,1.09992
1647428400,1.0999,1.10247,1.09824,1.09894
1647435600,1.09894,1.10401,1.09855,1.10174
1647442800,1.10172,1.10231,1.09903,1.10009
1647450000,1.10007,1.10106,1.09501,1.10011
1647457200,1.10014,1.1047,1.09931,1.10348
1647464400,1.10354,1.10357,1.10078,1.10181
1647471600,1.10181,1.10523,1.10163,1.10513
1647478800,1.10514,1.1052,1.103,1.10419
1647486000,1.10419,1.10421,1.10302,1.10344
1647493200,1.10344,1.10388,1.10221,1.10361
1647500400,1.10361,1.10671,1.10301,1.10528
1647507600,1.10529,1.10554,1.10232,1.10467
1647514800,1.10465,1.10653,1.10402,1.10458
1647522000,1.10461,1.10917,1.10442,1.10829
1647529200,1.10827,1.11336,1.10802,1.11309
1647536400,1.11311,1.11375,1.10988,1.11003
1647543600,1.11002,1.11002,1.10894,1.1091
1647550800,1.10906,1.1096,1.10888,1.10937
1647558000,1.10935,1.11186,1.10894,1.10998
1647565200,1.10999,1.11039,1.10814,1.10858
1647572400,1.10856,1.10898,1.10765,1.10767
1647579600,1.10768,1.10943,1.10757,1.10834
1647586800,1.10835,1.10894,1.10555,1.10678
1647594000,1.10679,1.10717,1.10318,1.10382
1647601200,1.10387,1.10415,1.10155,1.10204
1647608400,1.10205,1.10438,1.1003,1.10297
1647615600,1.10297,1.10722,1.1027,1.10607
1647622800,1.10611,1.10641,1.10423,1.10486
1647630000,1.10483,1.10569,1.10466,1.10497
1647810000,1.1057,1.10595,1.10433,1.10447
1647817200,1.10447,1.10478,1.10378,1.10453
1647824400,1.10451,1.10537,1.10429,1.1049
1647831600,1.10491,1.10519,1.10406,1.10411
1647838800,1.1041,1.10469,1.10349,1.10382
1647846000,1.10383,1.1063,1.10351,1.10564
1647853200,1.10566,1.10702,1.1045,1.10455
1647860400,1.10454,1.10457,1.10256,1.10339
1647867600,1.10339,1.10458,1.10288,1.10421
1647874800,1.10424,1.10523,1.10263,1.1042
1647882000,1.1042,1.10438,1.1015,1.10159
1647889200,1.10159,1.10196,1.10103,1.10166
1647896400,1.10146,1.10258,1.10139,1.10204
1647903600,1.10205,1.10219,1.09812,1.09866
1647910800,1.09867,1.10025,1.0984,1.10018
1647918000,1.10018,1.10051,1.09841,1.09855
1647925200,1.09854,1.09912,1.09675,1.09679
1647932400,1.0968,1.10115,1.0961,1.10075
1647939600,1.10072,1.10144,1.09873,1.10035
1647946800,1.10035,1.10344,1.09916,1.10157
1647954000,1.10156,1.10458,1.10152,1.10337
1647961200,1.10338,1.10343,1.10114,1.10177
1647968400,1.10177,1.10296,1.10146,1.10223
1647975600,1.10221,1.1033,1.10206,1.10304
1647982800,1.10245,1.10439,1.10242,1.10318
1647990000,1.10313,1.10345,1.10209,1.10254
1647997200,1.10253,1.10343,1.1021,1.10324
1648004400,1.10326,1.10348,1.1024,1.10275
1648011600,1.10276,1.10398,1.10269,1.10309
1648018800,1.10312,1.1036,1.10106,1.10163
1648026000,1.10163,1.10174,1.09887,1.1002
1648033200,1.10021,1.10066,1.0975,1.09866
1648040400,1.09868,1.09909,1.09641,1.09779
1648047600,1.09781,1.1007,1.09767,1.10021
1648054800,1.10022,1.1011,1.09972,1.10092
1648062000,1.10093,1.10119,1.10025,1.10055
1648069200,1.10064,1.10119,1.10012,1.10025
1648076400,1.10033,1.10138,1.10013,1.10025
1648083600,1.10024,1.10033,1.09822,1.09854
1648090800,1.09852,1.09916,1.09805,1.09856
1648098000,1.09855,1.0989,1.09753,1.0986
1648105200,1.09859,1.10008,1.09721,1.09775
1648112400,1.09775,1.09967,1.09774,1.09881
1648119600,1.09881,1.10012,1.09723,1.09832
1648126800,1.09832,1.09984,1.09659,1.09956
1648134000,1.09952,1.10134,1.09852,1.09858
1648141200,1.09857,1.10008,1.09824,1.09982
1648148400,1.09983,1.10058,1.09959,1.09968
1648155600,1.0996,1.10066,1.09937,1.10054
1648162800,1.10061,1.10112,1.10033,1.10092
1648170000,1.10091,1.10357,1.10081,1.10285
1648177200,1.10286,1.10377,1.10259,1.10321
1648184400,1.10322,1.10339,1.10191,1.10279
1648191600,1.10278,1.10306,1.1011,1.10159
1648198800,1.10159,1.10201,1.10008,1.10142
1648206000,1.10142,1.10223,1.10027,1.10033
1648213200,1.10036,1.10245,1.09921,1.10179
1648220400,1.1018,1.10217,1.09809,1.09878
1648227600,1.09879,1.09966,1.09835,1.09868
1648234800,1.09868,1.09905,1.09819,1.09849
1648414800,1.09848,1.09864,1.09796,1.09813
1648422000,1.09812,1.09846,1.09673,1.09709
1648429200,1.09706,1.09749,1.09511,1.09555
1648436400,1.09556,1.0959,1.09505,1.09541
1648443600,1.09541,1.09655,1.09448,1.09554
1648450800,1.09555,1.09993,1.09447,1.09909
1648458000,1.09907,1.09916,1.097,1.09884
1648465200,1.09884,1.09934,1.09511,1.09566
1648472400,1.09565,1.09787,1.09468,1.09698
1648479600,1.09698,1.09996,1.09661,1.09941
1648486800,1.0994,1.09992,1.09773,1.09902
1648494000,1.09905,1.09905,1.09747,1.09861
1648501200,1.09767,1.09941,1.09767,1.09882
1648508400,1.09883,1.09979,1.09695,1.09737
1648515600,1.09737,1.09949,1.09733,1.09922
1648522800,1.09921,1.09974,1.09844,1.09855
1648530000,1.09854,1.10092,1.09792,1.10034
1648537200,1.10035,1.10183,1.09793,1.09849
1648544400,1.09848,1.10577,1.09752,1.10474
1648551600,1.10473,1.1129,1.10319,1.11129
1648558800,1.1113,1.11371,1.10904,1.10997
1648566000,1.10998,1.1117,1.10782,1.10801
1648573200,1.10804,1.10909,1.10716,1.10891
1648580400,1.10889,1.10943,1.10833,1.1086
1648587600,1.10862,1.1099,1.10798,1.10919
1648594800,1.10917,1.10981,1.1088,1.10975
1648602000,1.10975,1.11161,1.1097,1.11124
1648609200,1.11124,1.11214,1.1109,1.11106
1648616400,1.11106,1.11209,1.11056,1.1112
1648623600,1.11122,1.11566,1.11122,1.11561
1648630800,1.11561,1.11617,1.11164,1.11291
1648638000,1.11293,1.11477,1.11119,1.1125
1648645200,1.11251,1.1171,1.11195,1.11625
1648652400,1.11623,1.11686,1.11522,1.11572
1648659600,1.11568,1.11623,1.11478,1.11608
1648666800,1.11611,1.11628,1.11515,1.11579
1648674000,1.11575,1.11648,1.11565,1.11587
1648681200,1.11582,1.11748,1.11562,1.11739
1648688400,1.11739,1.11848,1.11661,1.11666
1648695600,1.11666,1.11694,1.11575,1.11605
1648702800,1.11605,1.1173,1.11514,1.11687
1648710000,1.11688,1.11756,1.11128,1.11295
1648717200,1.11295,1.11318,1.1088,1.10937
1648724400,1.10938,1.11133,1.10927,1.11023
1648731600,1.11025,1.11328,1.10684,1.11192
1648738800,1.11192,1.11317,1.1076,1.10818
1648746000,1.10817,1.10937,1.10639,1.10697
1648753200,1.10697,1.10753,1.10609,1.10659
1648760400,1.10631,1.10761,1.10625,1.10733
1648767600,1.10733,1.10745,1.10597,1.10672
1648774800,1.10672,1.10731,1.10631,1.10648
1648782000,1.10649,1.10687,1.10616,1.10638
1648789200,1.10638,1.10758,1.10522,1.10739
1648796400,1.10735,1.10757,1.10429,1.10609
1648803600,1.10606,1.10674,1.10416,1.10672
1648810800,1.10675,1.10678,1.10366,1.1044
1648818000,1.10441,1.10537,1.1028,1.10373
1648825200,1.10372,1.10491,1.10298,1.10401
1648832400,1.10402,1.10479,1.10327,1.10391
1648839600,1.1039,1.10525,1.1039,1.10452
1649019600,1.103,1.1044,1.103,1.10433
1649026800,1.10433,1.10538,1.1041,1.10492
1649034000,1.10491,1.10545,1.10435,1.10489
1649041200,1.10488,1.10532,1.1046,1.10479
1649048400,1.1048,1.10539,1.10363,1.10392
1649055600,1.10396,1.10426,1.10194,1.10222
1649062800,1.10222,1.10321,1.10008,1.10012
1649070000,1.10011,1.10089,1.09958,1.09992
1649077200,1.09993,1.10028,1.09792,1.09947
1649084400,1.09946,1.10012,1.09743,1.09749
1649091600,1.0975,1.0977,1.09606,1.09712
1649098800,1.09712,1.09755,1.09692,1.09712
1649106000,1.09698,1.0975,1.09698,1.09725
1649113200,1.09728,1.09798,1.09703,1.09761
1649120400,1.09762,1.0977,1.09653,1.09692
1649127600,1.0969,1.09725,1.09622,1.09642
1649134800,1.09643,1.09807,1.09623,1.09756
1649142000,1.09759,1.09886,1.09623,1.09678
1649149200,1.09677,1.09854,1.09566,1.09696
1649156400,1.09695,1.09775,1.09561,1.0964
1649163600,1.09645,1.09756,1.09314,1.09384
1649170800,1.09385,1.09415,1.09123,1.09144
1649178000,1.09142,1.09211,1.0903,1.09045
1649185200,1.09045,1.09064,1.09001,1.09055
1649192400,1.09055,1.09081,1.09021,1.09074
1649199600,1.09072,1.09082,1.08941,1.08944
1649206800,1.08945,1.09034,1.08907,1.08964
1649214000,1.08963,1.09029,1.08931,1.08967
1649221200,1.08968,1.09007,1.08746,1.08881
1649228400,1.08881,1.09271,1.08838,1.09232
1649235600,1.0923,1.09256,1.08994,1.09121
1649242800,1.09118,1.09379,1.09047,1.09332
1649250000,1.09332,1.09374,1.09055,1.09196
1649257200,1.09196,1.09225,1.09028,1.09083
1649264400,1.09082,1.09289,1.08788,1.08994
1649271600,1.08996,1.09063,1.08916,1.0896
1649278800,1.08913,1.08994,1.08913,1.08958
1649286000,1.08959,1.09121,1.08952,1.09119
1649293200,1.09119,1.09128,1.09046,1.09116
1649300400,1.09114,1.0916,1.09054,1.09142
1649307600,1.09142,1.09342,1.09096,1.09173
1649314800,1.09175,1.09189,1.08755,1.08778
1649322000,1.08779,1.08986,1.08647,1.0894
1649329200,1.0894,1.09267,1.08909,1.09136
1649336400,1.09138,1.09383,1.08981,1.09112
1649343600,1.09113,1.09153,1.08767,1.08772
1649350800,1.08772,1.08923,1.08739,1.08802
1649358000,1.08803,1.08822,1.08678,1.08799
1649365200,1.08758,1.08823,1.08725,1.08751
1649372400,1.08752,1.08755,1.08579,1.08621
1649379600,1.08621,1.08698,1.08571,1.08588
1649386800,1.08589,1.08648,1.08548,1.08548
1649394000,1.08548,1.08692,1.08548,1.08616
1649401200,1.08615,1.08791,1.08482,1.08667
1649408400,1.08667,1.08918,1.08633,1.08861
1649415600,1.08864,1.08883,1.08501,1.08529
1649422800,1.08529,1.08803,1.08364,1.08726
1649430000,1.08725,1.08816,1.08678,1.08723
1649437200,1.08723,1.08853,1.08651,1.08836
1649444400,1.08837,1.08849,1.08721,1.08749
1649624400,1.0919,1.09198,1.08859,1.08917
1649631600,1.08918,1.08941,1.08806,1.0888
1649638800,1.08881,1.08947,1.08752,1.08766
1649646000,1.08766,1.08877,1.08761,1.0885
1649653200,1.08851,1.08931,1.08742,1.08821
1649660400,1.08822,1.09193,1.08777,1.09073
1649667600,1.09072,1.09332,1.09038,1.09125
1649674800,1.09124,1.09136,1.08925,1.09052
1649682000,1.0905,1.09058,1.08779,1.08957
1649689200,1.08957,1.08994,1.08728,1.08776
1649696400,1.08777,1.08946,1.08776,1.089
1649703600,1.08901,1.08908,1.08801,1.08835
1649710800,1.08825,1.08859,1.08799,1.08805
1649718000,1.08805,1.08873,1.08711,1.08746
1649725200,1.08745,1.08748,1.08665,1.08714
1649732400,1.08714,1.08832,1.08711,1.08795
1649739600,1.08796,1.08819,1.08602,1.08603
1649746800,1.08604,1.08727,1.08534,1.0862
1649754000,1.08619,1.08737,1.08598,1.08668
1649761200,1.08668,1.09037,1.08509,1.08958
1649768400,1.08955,1.09032,1.08688,1.08729
1649775600,1.08728,1.08753,1.08322,1.08416
1649782800,1.08412,1.08449,1.08214,1.08278
1649790000,1.08277,1.08337,1.08255,1.08257
1649797200,1.08259,1.08314,1.08251,1.08282
1649804400,1.08282,1.08293,1.08116,1.08157
1649811600,1.08157,1.08387,1.08144,1.08351
1649818800,1.08352,1.08408,1.08293,1.08334
1649826000,1.08333,1.08448,1.08214,1.08218
1649833200,1.08221,1.084,1.08152,1.08368
1649840400,1.08368,1.08368,1.08232,1.08268
1649847600,1.08267,1.08479,1.08151,1.08182
1649854800,1.08182,1.08488,1.08089,1.08475
1649862000,1.08476,1.08944,1.08451,1.08821
1649869200,1.0882,1.08871,1.08719,1.08857
1649876400,1.08855,1.08927,1.08826,1.08916
1649883600,1.08866,1.08932,1.08799,1.08894
1649890800,1.08899,1.08999,1.08828,1.08847
1649898000,1.08848,1.09088,1.08827,1.09021
1649905200,1.09022,1.09129,1.0902,1.09123
1649912400,1.09122,1.09234,1.09095,1.09182
1649919600,1.09185,1.09198,1.09031,1.09081
1649926800,1.09082,1.09179,1.09016,1.09057
1649934000,1.09055,1.09167,1.08436,1.08475
1649941200,1.08475,1.08489,1.07575,1.07776
1649948400,1.07778,1.08315,1.07736,1.08161
1649955600,1.08162,1.08311,1.08089,1.08303
1649962800,1.08301,1.0835,1.08238,1.08293
1649970000,1.08277,1.08298,1.08221,1.08234
1649977200,1.08237,1.08262,1.07973,1.0809
1649984400,1.08093,1.08156,1.07965,1.07972
1649991600,1.07973,1.08061,1.07966,1.0805
1649998800,1.08049,1.08077,1.08016,1.08022
1650006000,1.08022,1.08237,1.0802,1.08184
1650013200,1.08184,1.08195,1.08069,1.08085
1650020400,1.08086,1.08197,1.08044,1.08126
1650027600,1.08126,1.08131,1.08061,1.08073
1650034800,1.08073,1.08117,1.0805,1.08054
1650042000,1.0805,1.08115,1.08047,1.08097
1650049200,1.08091,1.08156,1.08055,1.08066
1650229200,1.08041,1.08215,1.08031,1.08205
1650236400,1.08204,1.08217,1.07937,1.0801
1650243600,1.08007,1.0812,1.07957,1.08018
1650250800,1.08018,1.08027,1.07895,1.07926
1650258000,1.07927,1.08001,1.07886,1.07938
1650265200,1.07937,1.08037,1.07833,1.07918
1650272400,1.07919,1.08013,1.07897,1.08006
1650279600,1.08006,1.08145,1.07991,1.08049
1650286800,1.08049,1.08108,1.0791,1.07926
1650294000,1.07926,1.07978,1.07699,1.07729
1650301200,1.07729,1.07864,1.07715,1.07843
1650308400,1.07842,1.07845,1.07782,1.07806
1650315600,1.07792,1.07881,1.07767,1.0781
1650322800,1.07809,1.07875,1.07731,1.0779
1650330000,1.07791,1.07846,1.07611,1.07686
1650337200,1.07685,1.07816,1.07669,1.07721
1650344400,1.07721,1.07877,1.07665,1.07828
1650351600,1.07827,1.08143,1.07813,1.08106
1650358800,1.08109,1.08112,1.07847,1.07939
1650366000,1.07938,1.08043,1.07852,1.07937
1650373200,1.07939,1.08085,1.0785,1.07856
1650380400,1.07854,1.07981,1.07819,1.07964
1650387600,1.07964,1.08034,1.07823,1.07901
1650394800,1.07902,1.07919,1.07829,1.07887
1650402000,1.07868,1.07927,1.07841,1.07901
1650409200,1.07902,1.07991,1.0787,1.07965
1650416400,1.07966,1.08096,1.0784,1.08071
1650423600,1.08076,1.08226,1.08061,1.08202
1650430800,1.08202,1.08202,1.08079,1.08131
1650438000,1.08131,1.08413,1.08058,1.08396
1650445200,1.08397,1.08669,1.08297,1.08588
1650452400,1.08585,1.08593,1.08206,1.0829
1650459600,1.08291,1.08658,1.08221,1.08645
1650466800,1.08643,1.08662,1.0841,1.08429
1650474000,1.08428,1.08573,1.08399,1.08413
1650481200,1.08411,1.08549,1.08406,1.08542
1650488400,1.08492,1.08541,1.08419,1.08529
1650495600,1.0853,1.08546,1.08311,1.08357
1650502800,1.08356,1.08436,1.08244,1.08259
1650510000,1.08256,1.08355,1.08236,1.08322
1650517200,1.08322,1.09036,1.08317,1.09022
1650524400,1.09023,1.09362,1.08881,1.09214
1650531600,1.09213,1.09253,1.08998,1.09003
1650538800,1.09004,1.09011,1.08746,1.08913
1650546000,1.08912,1.0896,1.08413,1.08427
1650553200,1.08428,1.08597,1.08332,1.08435
1650560400,1.08436,1.08584,1.08375,1.08385
1650567600,1.08385,1.08422,1.08306,1.08316
1650574800,1.08329,1.084,1.08328,1.08396
1650582000,1.08397,1.08431,1.0832,1.08374
1650589200,1.08375,1.08466,1.08347,1.08407
1650596400,1.08407,1.08505,1.08309,1.08458
1650603600,1.08456,1.08515,1.08249,1.08261
1650610800,1.08261,1.08288,1.07904,1.0798
1650618000,1.07985,1.08159,1.07924,1.08158
1650625200,1.08157,1.08251,1.08142,1.08192
1650632400,1.08195,1.08448,1.07755,1.07761
1650639600,1.07762,1.07921,1.07707,1.07793
1650646800,1.07792,1.07952,1.07784,1.07863
1650654000,1.07866,1.08016,1.07864,1.08016
1650834000,1.08028,1.08149,1.07961,1.08064
1650841200,1.08063,1.08121,1.08002,1.08023
1650848400,1.08025,1.08046,1.07774,1.07813
1650855600,1.07814,1.07883,1.07724,1.07743
1650862800,1.07742,1.07789,1.0707,1.07144
1650870000,1.07147,1.07543,1.07136,1.07448
1650877200,1.07447,1.0749,1.07198,1.07243
1650884400,1.07242,1.07582,1.07201,1.07427
1650891600,1.07429,1.07435,1.06968,1.07074
1650898800,1.07073,1.07188,1.06969,1.07153
1650906000,1.07154,1.07189,1.07089,1.07095
1650913200,1.07096,1.07182,1.07046,1.07113
1650920400,1.07124,1.07148,1.07096,1.07131
1650927600,1.07131,1.07315,1.07069,1.07304
1650934800,1.07303,1.07336,1.07205,1.07298
1650942000,1.07299,1.07387,1.07265,1.07281
1650949200,1.07281,1.07346,1.07008,1.07037
1650956400,1.07036,1.07111,1.06729,1.06808
1650963600,1.06809,1.06973,1.0679,1.06895
1650970800,1.06898,1.06941,1.06693,1.06789
1650978000,1.06789,1.06853,1.06418,1.06502
1650985200,1.06501,1.0665,1.06472,1.06591
1650992400,1.06591,1.06615,1.06406,1.06447
1650999600,1.06448,1.06475,1.06358,1.06371
1651006800,1.06374,1.06456,1.06351,1.06446
1651014000,1.06453,1.06479,1.06351,1.06436
1651021200,1.06437,1.06534,1.06341,1.06345
1651028400,1.06346,1.06504,1.06339,1.06498
1651035600,1.06498,1.06546,1.06163,1.06207
1651042800,1.06207,1.06285,1.05854,1.05887
1651050000,1.05885,1.06227,1.05862,1.06103
1651057200,1.06103,1.06108,1.05452,1.05554
1651064400,1.05553,1.05611,1.05148,1.05148
1651071600,1.05147,1.05712,1.05145,1.05631
1651078800,1.05629,1.05725,1.05559,1.05609
1651086000,1.05608,1.05622,1.05536,1.05585
1651093200,1.05621,1.05621,1.05501,1.05511
1651100400,1.05507,1.05563,1.05309,1.05385
1651107600,1.05385,1.05534,1.05328,1.05368
1651114800,1.05372,1.05406,1.05089,1.05176
1651122000,1.05175,1.05308,1.04814,1.05247
1651129200,1.05241,1.05648,1.05149,1.05159
1651136400,1.05157,1.05387,1.04967,1.04974
1651143600,1.04976,1.0524,1.04712,1.04854
1651150800,1.04858,1.05199,1.04816,1.05152
1651158000,1.05154,1.05312,1.04936,1.05126
1651165200,1.05124,1.05157,1.04971,1.05046
1651172400,1.05043,1.05108,1.04979,1.0499
1651179600,1.04976,1.05017,1.04913,1.04969
1651186800,1.04965,1.05172,1.04949,1.05158
1651194000,1.05157,1.05297,1.05052,1.05105
1651201200,1.05106,1.05209,1.05067,1.05166
1651208400,1.05166,1.05488,1.05166,1.0544
1651215600,1.05442,1.05929,1.05361,1.05691
1651222800,1.05691,1.05803,1.05615,1.05646
1651230000,1.05647,1.05791,1.05097,1.05315
1651237200,1.05314,1.05594,1.05185,1.0547
1651244400,1.05469,1.05543,1.05325,1.05494
1651251600,1.05491,1.05789,1.05485,1.05698
1651258800,1.05699,1.05699,1.05417,1.05465
1651438800,1.0549,1.05619,1.0537,1.05432
1651446000,1.05431,1.05532,1.05267,1.05293
1651453200,1.05294,1.05335,1.05181,1.05209
1651460400,1.0521,1.05275,1.05169,1.05186
1651467600,1.05185,1.05516,1.05101,1.05484
1651474800,1.05483,1.05684,1.05256,1.0529
1651482000,1.05289,1.05332,1.05189,1.05263
1651489200,1.05263,1.05328,1.05084,1.05105
1651496400,1.05107,1.05417,1.05033,1.05225
1651503600,1.05226,1.05263,1.05023,1.05092
1651510800,1.05093,1.05106,1.04903,1.04919
1651518000,1.04919,1.05115,1.04913,1.05074
1651525200,1.0502,1.05134,1.0501,1.05101
1651532400,1.05103,1.05258,1.05058,1.05253
1651539600,1.05253,1.05265,1.051,1.05137
1651546800,1.05132,1.0524,1.05017,1.05017
1651554000,1.05018,1.05124,1.04962,1.04977
1651561200,1.04977,1.05279,1.04944,1.04999
1651568400,1.05,1.05231,1.04923,1.05041
1651575600,1.05042,1.05778,1.0499,1.05677
1651582800,1.05674,1.05722,1.05352,1.05382
1651590000,1.05382,1.05483,1.05117,1.05157
1651597200,1.05159,1.05405,1.05126,1.05255
1651604400,1.05259,1.05279,1.05187,1.05192
1651611600,1.05204,1.0528,1.05185,1.05246
1651618800,1.05245,1.05341,1.05194,1.05249
1651626000,1.05248,1.05332,1.05186,1.05201
1651633200,1.05201,1.05237,1.05142,1.05167
1651640400,1.0517,1.05237,1.05063,1.05138
1651647600,1.05137,1.05345,1.05077,1.05222
1651654800,1.05221,1.05338,1.05147,1.05298
1651662000,1.05298,1.05552,1.05231,1.05532
1651669200,1.05531,1.05557,1.05246,1.05464
1651676400,1.05465,1.05643,1.05341,1.05489
1651683600,1.0549,1.06266,1.05149,1.0616
1651690800,1.06159,1.06311,1.05819,1.06223
1651698000,1.062,1.06247,1.0605,1.06059
1651705200,1.06057,1.06277,1.06038,1.06138
1651712400,1.06139,1.06419,1.06104,1.06231
1651719600,1.0623,1.06282,1.06098,1.06126
1651726800,1.06129,1.06194,1.05939,1.05948
1651734000,1.05951,1.06066,1.05817,1.06003
1651741200,1.06002,1.06077,1.05867,1.05978
1651748400,1.0598,1.06035,1.05458,1.05533
1651755600,1.05535,1.05656,1.05293,1.0533
1651762800,1.0533,1.0533,1.04926,1.0511
1651770000,1.05107,1.05283,1.05023,1.0516
1651777200,1.05163,1.05509,1.05163,1.0539
1651784400,1.0542,1.05504,1.05383,1.05503
1651791600,1.05502,1.05508,1.05337,1.05411
1651798800,1.05412,1.05457,1.05158,1.05286
1651806000,1.05288,1.05395,1.05258,1.05325
1651813200,1.05327,1.05341,1.0483,1.04862
1651820400,1.04863,1.05809,1.04829,1.05574
1651827600,1.05574,1.05988,1.05512,1.05886
1651834800,1.05885,1.05969,1.05476,1.05538
1651842000,1.05537,1.05959,1.05537,1.05818
1651849200,1.05817,1.0595,1.05662,1.05692
1651856400,1.05692,1.05746,1.05437,1.05473
1651863600,1.05472,1.05564,1.05362,1.05438
1652043600,1.05359,1.05435,1.05359,1.05379
1652050800,1.05378,1.05389,1.05184,1.05193
1652058000,1.05193,1.05267,1.05066,1.05067
1652065200,1.05068,1.05165,1.05028,1.05124
1652072400,1.05124,1.05142,1.04952,1.05029
1652079600,1.05028,1.05293,1.04979,1.05073
1652086800,1.05071,1.05498,1.05048,1.05451
1652094000,1.0545,1.05736,1.05326,1.05623
1652101200,1.05623,1.05633,1.05174,1.05277
1652108400,1.05278,1.05924,1.0527,1.05735
1652115600,1.05732,1.05752,1.05508,1.0566
1652122800,1.05661,1.05756,1.0556,1.05582
1652130000,1.05558,1.05624,1.05528,1.0557
1652137200,1.05569,1.05692,1.05533,1.05588
1652144400,1.05588,1.05797,1.05551,1.05726
1652151600,1.05726,1.0581,1.05693,1.0576
1652158800,1.05757,1.05855,1.05594,1.05604
1652166000,1.05602,1.05784,1.05513,1.05722
1652173200,1.05724,1.05758,1.05355,1.05532
1652180400,1.05532,1.05665,1.05469,1.05517
1652187600,1.05516,1.05749,1.05276,1.05411
1652194800,1.05412,1.05468,1.05256,1.05339
1652202000,1.0534,1.05414,1.05265,1.05307
1652209200,1.05307,1.05386,1.05276,1.05298
1652216400,1.05265,1.0535,1.05265,1.05331
1652223600,1.05338,1.05368,1.0527,1.05313
1652230800,1.05312,1.05378,1.05256,1.05347
1652238000,1.05346,1.05434,1.05326,1.05411
1652245200,1.05412,1.05503,1.05371,1.05416
1652252400,1.05419,1.05746,1.05419,1.0568
1652259600,1.05678,1.05757,1.05453,1.05464
1652266800,1.05463,1.05569,1.05019,1.05208
1652274000,1.05201,1.05771,1.0518,1.05483
1652281200,1.05485,1.0555,1.05289,1.05308
1652288400,1.05309,1.05355,1.05149,1.05314
1652295600,1.0531,1.05317,1.05099,1.05138
1652302800,1.05206,1.05206,1.05115,1.05171
1652310000,1.05175,1.05287,1.05075,1.05242
1652317200,1.05243,1.05293,1.05125,1.05157
1652324400,1.05158,1.05268,1.05145,1.05179
1652331600,1.0518,1.05208,1.04905,1.05036
1652338800,1.05034,1.0505,1.04406,1.04408
1652346000,1.0441,1.04462,1.04221,1.04366
1652353200,1.0437,1.04438,1.03888,1.04151
1652360400,1.04148,1.04258,1.03838,1.04122
1652367600,1.04121,1.04251,1.03546,1.03578
1652374800,1.03579,1.03752,1.03541,1.03702
1652382000,1.03706,1.03829,1.03677,1.03797
1652389200,1.03759,1.0384,1.03757,1.03781
1652396400,1.03785,1.03842,1.03732,1.03808
1652403600,1.03809,1.03917,1.03744,1.03899
1652410800,1.03898,1.03979,1.03879,1.03971
1652418000,1.03971,1.04059,1.03852,1.03928
1652425200,1.03929,1.04198,1.03838,1.04081
1652432400,1.04081,1.04088,1.03708,1.03882
1652439600,1.03881,1.03984,1.03733,1.03778
1652446800,1.03777,1.03965,1.03497,1.03944
1652454000,1.03943,1.0416,1.03918,1.04088
1652461200,1.04087,1.04159,1.03938,1.04048
1652468400,1.04047,1.04085,1.03963,1.04081
1652648400,1.04,1.04142,1.03926,1.04053
1652655600,1.04054,1.04109,1.03975,1.041
1652662800,1.04101,1.04172,1.03939,1.04025
1652670000,1.04024,1.04027,1.03891,1.03995
1652677200,1.03995,1.04096,1.0395,1.04035
1652684400,1.04038,1.04343,1.04028,1.04328
1652691600,1.04327,1.04382,1.0415,1.04357
1652698800,1.04355,1.04379,1.04126,1.04234
1652706000,1.04236,1.04332,1.03894,1.04028
1652713200,1.04028,1.04282,1.03976,1.04251
1652720400,1.04246,1.04419,1.04177,1.04373
1652727600,1.04372,1.04431,1.04299,1.04341
1652734800,1.0434,1.04383,1.04285,1.04362
1652742000,1.04363,1.04541,1.04355,1.04471
1652749200,1.04472,1.04501,1.04349,1.04378
1652756400,1.04379,1.04439,1.04319,1.04407
1652763600,1.04406,1.04643,1.04404,1.04578
1652770800,1.0458,1.0492,1.04517,1.04903
1652778000,1.04904,1.05274,1.04691,1.05156
1652785200,1.05155,1.05556,1.05145,1.05428
1652792400,1.05431,1.05453,1.05254,1.05347
1652799600,1.05349,1.05509,1.0528,1.05429
1652806800,1.05431,1.05548,1.05214,1.05431
1652814000,1.05436,1.05537,1.05377,1.05505
1652821200,1.05443,1.05529,1.05443,1.05493
1652828400,1.05492,1.05638,1.05456,1.05551
1652835600,1.05552,1.05571,1.05316,1.05353
1652842800,1.05353,1.05365,1.05245,1.05292
1652850000,1.05293,1.05406,1.05167,1.05213
1652857200,1.05211,1.05245,1.04942,1.05079
1652864400,1.0508,1.05292,1.05061,1.05185
1652871600,1.05185,1.05263,1.05046,1.05217
1652878800,1.05218,1.0542,1.04945,1.05101
1652886000,1.05104,1.05151,1.04825,1.04874
1652893200,1.04873,1.04887,1.04729,1.04742
1652900400,1.04742,1.04754,1.04603,1.04607
1652907600,1.04672,1.04751,1.04604,1.04745
1652914800,1.04752,1.05005,1.04681,1.04883
1652922000,1.04885,1.0501,1.04788,1.04967
1652929200,1.04966,1.05067,1.04958,1.04962
1652936400,1.04964,1.05021,1.04755,1.04789
1652943600,1.04788,1.05089,1.04652,1.04964
1652950800,1.04963,1.05349,1.04873,1.05284
1652958000,1.05283,1.05451,1.05133,1.05378
1652965200,1.05377,1.05934,1.05365,1.0591
1652972400,1.05906,1.05986,1.05757,1.05933
1652979600,1.05936,1.06071,1.05866,1.05982
1652986800,1.0598,1.06018,1.05811,1.05837
1652994000,1.05823,1.05871,1.05793,1.05807
1653001200,1.0581,1.05838,1.05683,1.05762
1653008400,1.05762,1.05814,1.0555,1.056
1653015600,1.056,1.05745,1.05593,1.05738
1653022800,1.05739,1.05933,1.05711,1.05783
1653030000,1.05782,1.05829,1.05547,1.05774
1653037200,1.05772,1.05988,1.05722,1.05889
1653044400,1.0589,1.0589,1.05611,1.05644
1653051600,1.05643,1.05711,1.05399,1.05566
1653058800,1.05566,1.0564,1.05395,1.05489
1653066000,1.05489,1.05546,1.0533,1.05458
1653073200,1.0546,1.05675,1.0544,1.0559
1653253200,1.056,1.05771,1.05538,1.05762
1653260400,1.05762,1.05905,1.05681,1.05829
1653267600,1.05829,1.05947,1.05797,1.05884
1653274800,1.05883,1.05948,1.05848,1.05906
1653282000,1.05909,1.0614,1.05884,1.06061
1653289200,1.0606,1.06488,1.05925,1.06459
1653296400,1.06462,1.06875,1.06449,1.06758
1653303600,1.0676,1.06812,1.06474,1.0649
1653310800,1.0649,1.06784,1.06444,1.06684
1653318000,1.06684,1.06911,1.06646,1.06772
1653325200,1.06774,1.06974,1.06716,1.06933
1653332400,1.06932,1.06941,1.06836,1.06921
1653339600,1.06878,1.0694,1.06794,1.06835
1653346800,1.06836,1.06896,1.06674,1.06692
1653354000,1.06696,1.06752,1.0661,1.06642
1653361200,1.06642,1.06736,1.06627,1.06633
1653368400,1.06633,1.06935,1.06622,1.06844
1653375600,1.06843,1.07361,1.06843,1.07046
1653382800,1.07047,1.07197,1.07042,1.07095
1653390000,1.07097,1.07278,1.06958,1.07075
1653397200,1.07076,1.0747,1.07042,1.07268
1653404400,1.07267,1.07485,1.07218,1.0731
1653411600,1.07309,1.07373,1.07221,1.07247
1653418800,1.07248,1.07386,1.07245,1.07359
1653426000,1.0734,1.0739,1.07268,1.07379
1653433200,1.07387,1.07387,1.07182,1.07229
1653440400,1.07229,1.07234,1.07033,1.07066
1653447600,1.07065,1.07151,1.07046,1.07056
1653454800,1.07056,1.0709,1.06915,1.06978
1653462000,1.06979,1.07,1.06667,1.067
1653469200,1.06699,1.06792,1.06557,1.06655
1653476400,1.06654,1.06737,1.06423,1.06509
1653483600,1.06509,1.0687,1.06478,1.06782
1653490800,1.06783,1.06825,1.06541,1.06548
1653498000,1.06547,1.06899,1.06519,1.06882
1653505200,1.06883,1.06946,1.06735,1.06785
1653512400,1.06821,1.06959,1.0676,1.06903
1653519600,1.06904,1.07064,1.06853,1.07043
1653526800,1.07041,1.07057,1.06876,1.06974
1653534000,1.06972,1.07028,1.06805,1.06823
1653541200,1.06823,1.06838,1.06624,1.06754
1653548400,1.06755,1.06957,1.06754,1.06826
1653555600,1.06824,1.07231,1.0679,1.07195
1653562800,1.07193,1.07195,1.0689,1.06983
1653570000,1.06983,1.07222,1.06923,1.07173
1653577200,1.07173,1.07294,1.07053,1.07056
1653584400,1.07059,1.0722,1.0702,1.072
1653591600,1.07199,1.07316,1.07175,1.07296
1653598800,1.07176,1.07317,1.07158,1.07295
1653606000,1.07304,1.07403,1.07292,1.074
1653613200,1.07401,1.0765,1.07341,1.07555
1653620400,1.07555,1.07624,1.07535,1.07547
1653627600,1.07545,1.0757,1.07382,1.07397
1653634800,1.07396,1.0755,1.07256,1.07303
1653642000,1.07301,1.07315,1.0697,1.06984
1653649200,1.06984,1.07281,1.06978,1.07153
1653656400,1.07156,1.07503,1.07095,1.07111
1653663600,1.07113,1.07166,1.07012,1.07103
1653670800,1.07102,1.07323,1.07064,1.07319
1653678000,1.0732,1.07341,1.07276,1.07316
1653858000,1.0733,1.0736,1.0725,1.07303
1653865200,1.07304,1.07347,1.07262,1.07299
1653872400,1.07299,1.07559,1.07269,1.07452
1653879600,1.07453,1.076,1.07374,1.07577
1653886800,1.07578,1.07699,1.07511,1.07539
1653894000,1.07542,1.07637,1.07403,1.07632
1653901200,1.07631,1.07751,1.0757,1.07749
1653908400,1.0775,1.07807,1.07484,1.07527
1653915600,1.07528,1.07825,1.07508,1.07811
1653922800,1.0781,1.07866,1.07753,1.07864
1653930000,1.07865,1.07869,1.07807,1.07833
1653937200,1.0783,1.07838,1.07773,1.07796
1653944400,1.0776,1.07792,1.07731,1.07751
1653951600,1.07747,1.07757,1.07436,1.07453
1653958800,1.07452,1.07578,1.07344,1.07513
1653966000,1.07514,1.07538,1.07437,1.07447
1653973200,1.07448,1.07553,1.07277,1.07338
1653980400,1.07334,1.07481,1.07252,1.07274
1653987600,1.0728,1.07386,1.0689,1.06961
1653994800,1.06963,1.07159,1.06801,1.06817
1654002000,1.06818,1.07359,1.0679,1.07121
1654009200,1.07119,1.0738,1.07102,1.07313
1654016400,1.07311,1.07466,1.07258,1.07367
1654023600,1.07366,1.07404,1.07297,1.07325
1654030800,1.07324,1.07378,1.07319,1.07367
1654038000,1.07367,1.07378,1.07266,1.0728
1654045200,1.07279,1.07285,1.0708,1.07166
1654052400,1.07166,1.07219,1.07074,1.07143
1654059600,1.07144,1.07257,1.07052,1.0724
1654066800,1.07242,1.07392,1.07113,1.0718
1654074000,1.07181,1.07284,1.07136,1.07175
1654081200,1.07176,1.07276,1.0702,1.07261
1654088400,1.07262,1.07308,1.06515,1.06674
1654095600,1.06673,1.06679,1.06273,1.06391
1654102800,1.06391,1.06591,1.06371,1.06552
1654110000,1.06552,1.06605,1.06468,1.06525
1654117200,1.0644,1.06541,1.06429,1.06522
1654124400,1.06522,1.06597,1.0646,1.06566
1654131600,1.06565,1.06584,1.0645,1.06497
1654138800,1.06498,1.06577,1.06485,1.06575
1654146000,1.06575,1.06787,1.06497,1.06764
1654153200,1.06761,1.06951,1.06747,1.06842
1654160400,1.06839,1.06969,1.06809,1.06955
1654167600,1.06955,1.0716,1.06843,1.07031
1654174800,1.0703,1.07185,1.06923,1.0716
1654182000,1.07159,1.07449,1.07126,1.07442
1654189200,1.07442,1.07488,1.07381,1.07394
1654196400,1.07393,1.07501,1.07378,1.07468
1654203600,1.07443,1.07512,1.07374,1.07482
1654210800,1.07483,1.07628,1.07468,1.07592
1654218000,1.07595,1.07643,1.07535,1.07578
1654225200,1.07577,1.07597,1.0746,1.07461
1654232400,1.0746,1.07585,1.0745,1.07531
1654239600,1.07528,1.07626,1.07449,1.07534
1654246800,1.07535,1.07556,1.07336,1.07405
1654254000,1.07406,1.07463,1.07039,1.07162
1654261200,1.07162,1.07521,1.07146,1.07232
1654268400,1.07231,1.0729,1.07107,1.07289
1654275600,1.07288,1.07295,1.07157,1.07209
1654282800,1.07207,1.07221,1.07147,1.07166
1654462800,1.0715,1.07261,1.07145,1.07247
1654470000,1.07252,1.07317,1.07155,1.07164
1654477200,1.07163,1.07258,1.07101,1.07225
1654484400,1.07228,1.07279,1.07211,1.07274
1654491600,1.07274,1.07362,1.07181,1.07237
1654498800,1.07238,1.0752,1.07236,1.07507
1654506000,1.07508,1.07511,1.07241,1.07279
1654513200,1.07278,1.0732,1.07157,1.07227
1654520400,1.07228,1.07239,1.06918,1.07177
1654527600,1.07178,1.07213,1.0684,1.07006
1654534800,1.07004,1.07032,1.06883,1.06905
1654542000,1.06905,1.06972,1.06852,1.06959
1654549200,1.06899,1.06968,1.06899,1.06941
1654556400,1.06946,1.06954,1.068,1.06845
1654563600,1.06844,1.06849,1.06706,1.0676
1654570800,1.0676,1.07001,1.06732,1.06828
1654578000,1.06829,1.06928,1.06652,1.06856
1654585200,1.06856,1.07048,1.06786,1.06793
1654592400,1.06794,1.06917,1.06711,1.06737
1654599600,1.06736,1.06756,1.06541,1.06558
1654606800,1.06556,1.07098,1.0652,1.07051
1654614000,1.0705,1.07083,1.06903,1.07012
1654621200,1.07012,1.07143,1.06931,1.07074
1654628400,1.07074,1.07124,1.07044,1.0705
1654635600,1.07019,1.0708,1.06995,1.0705
1654642800,1.07051,1.07069,1.06915,1.06932
1654650000,1.0693,1.06959,1.06845,1.06907
1654657200,1.06907,1.0692,1.06785,1.06787
1654664400,1.06785,1.06948,1.06779,1.06879
1654671600,1.0688,1.06949,1.06757,1.0679
1654678800,1.0679,1.07288,1.06713,1.07196
1654686000,1.07195,1.07409,1.07154,1.07317
1654693200,1.07317,1.07485,1.07248,1.07314
1654700400,1.07318,1.07433,1.07252,1.07286
1654707600,1.07284,1.07286,1.07127,1.07158
1654714800,1.07158,1.07196,1.07128,1.07154
1654722000,1.07157,1.07209,1.07133,1.07191
1654729200,1.07192,1.07209,1.07094,1.07122
1654736400,1.07122,1.07238,1.07096,1.0723
1654743600,1.07229,1.07337,1.07201,1.07266
1654750800,1.07265,1.07295,1.07091,1.07147
1654758000,1.07146,1.07176,1.06939,1.07154
1654765200,1.07154,1.07245,1.07115,1.07191
1654772400,1.0719,1.07739,1.06887,1.07343
1654779600,1.07345,1.07431,1.06453,1.06491
1654786800,1.0649,1.06662,1.06456,1.06524
1654794000,1.06525,1.06549,1.06183,1.06265
1654801200,1.06269,1.06271,1.06114,1.06177
1654808400,1.06154,1.06201,1.06113,1.06155
1654815600,1.06158,1.06244,1.06115,1.0624
1654822800,1.06238,1.063,1.06176,1.06299
1654830000,1.063,1.06354,1.06287,1.06307
1654837200,1.06307,1.06422,1.06191,1.063
1654844400,1.06298,1.06418,1.06076,1.06146
1654851600,1.06146,1.06177,1.05862,1.05933
1654858800,1.05935,1.05954,1.05211,1.05224
1654866000,1.0523,1.05443,1.05057,1.05306
1654873200,1.05302,1.05343,1.05112,1.05168
1654880400,1.05167,1.05333,1.05135,1.05221
1654887600,1.0522,1.05268,1.05148,1.05211
1655067600,1.05147,1.052,1.05022,1.05081
1655074800,1.0508,1.05137,1.04809,1.04849
1655082000,1.04849,1.04928,1.04756,1.04888
1655089200,1.0489,1.04942,1.04811,1.04909
1655096400,1.0491,1.04956,1.04703,1.04704
1655103600,1.04702,1.04895,1.04562,1.04753
1655110800,1.04754,1.04816,1.04581,1.04686
1655118000,1.04688,1.04742,1.04451,1.04654
1655125200,1.04653,1.04685,1.04182,1.04211
1655132400,1.04213,1.0456,1.04211,1.04372
1655139600,1.04373,1.04583,1.04221,1.04248
1655146800,1.04249,1.04493,1.03998,1.04079
1655154000,1.04068,1.04147,1.04018,1.0407
1655161200,1.04074,1.04243,1.04038,1.04228
1655168400,1.04225,1.04248,1.03971,1.04175
1655175600,1.04175,1.04361,1.0415,1.04246
1655182800,1.04246,1.04504,1.04178,1.04389
1655190000,1.04389,1.04848,1.04375,1.04656
1655197200,1.04655,1.04667,1.04255,1.04354
1655204400,1.04353,1.04683,1.04328,1.04489
1655211600,1.04488,1.04597,1.04082,1.04103
1655218800,1.04102,1.04257,1.04068,1.04203
1655226000,1.04202,1.04434,1.04111,1.04114
1655233200,1.04112,1.0418,1.03998,1.04174
1655240400,1.04088,1.04273,1.04067,1.0427
1655247600,1.04276,1.04404,1.0425,1.04349
1655254800,1.04345,1.04516,1.04321,1.0445
1655262000,1.0445,1.04474,1.04245,1.04268
1655269200,1.04267,1.04945,1.04244,1.04734
1655276400,1.04733,1.05078,1.04462,1.04939
1655283600,1.04938,1.04977,1.04719,1.04821
1655290800,1.04822,1.04893,1.04041,1.04146
1655298000,1.04147,1.04321,1.0403,1.04113
1655305200,1.04112,1.04118,1.03799,1.03817
1655312400,1.03816,1.0455,1.0359,1.04222
1655319600,1.04227,1.04696,1.04145,1.04471
1655326800,1.04428,1.04535,1.04402,1.04441
1655334000,1.0444,1.04692,1.04424,1.0453
1655341200,1.04529,1.04589,1.04312,1.04454
1655348400,1.04454,1.04515,1.04357,1.04384
1655355600,1.04384,1.04441,1.04084,1.04088
1655362800,1.04084,1.04168,1.03809,1.04095
1655370000,1.04095,1.04242,1.03917,1.04053
1655377200,1.0405,1.04367,1.03839,1.04284
1655384400,1.04285,1.04998,1.04278,1.04944
1655391600,1.04944,1.0573,1.04911,1.056
1655398800,1.05599,1.06013,1.05548,1.05752
1655406000,1.05751,1.0583,1.05459,1.05497
1655413200,1.05466,1.05605,1.05451,1.0548
1655420400,1.05479,1.05522,1.05354,1.05408
1655427600,1.05407,1.05427,1.05223,1.05267
1655434800,1.05265,1.05371,1.05174,1.05277
1655442000,1.05278,1.05286,1.04997,1.05003
1655449200,1.05002,1.05308,1.04941,1.05201
1655456400,1.052,1.05359,1.05108,1.05201
1655463600,1.05204,1.05234,1.04758,1.04948
1655470800,1.04947,1.05001,1.04446,1.04584
1655478000,1.04587,1.04774,1.04551,1.04675
1655485200,1.04674,1.05028,1.04667,1.04911
1655492400,1.04915,1.05001,1.0488,1.04969
1655672400,1.04745,1.04917,1.04732,1.04905
1655679600,1.04905,1.04967,1.04848,1.04933
1655686800,1.04933,1.05237,1.04911,1.05182
1655694000,1.05183,1.05304,1.05183,1.05229
1655701200,1.05229,1.05429,1.05215,1.05246
1655708400,1.05245,1.053,1.05101,1.05244
1655715600,1.05246,1.05458,1.05242,1.05319
1655722800,1.0532,1.05356,1.05149,1.05173
1655730000,1.05172,1.05417,1.05074,1.05349
1655737200,1.0535,1.05384,1.05192,1.05233
1655744400,1.05232,1.05233,1.04986,1.0499
1655751600,1.04996,1.05141,1.04981,1.05105
1655758800,1.05071,1.05186,1.05058,1.05183
1655766000,1.05184,1.05332,1.05137,1.05327
1655773200,1.05327,1.05424,1.05302,1.05334
1655780400,1.05334,1.05339,1.05206,1.05223
1655787600,1.05223,1.05326,1.05131,1.05323
1655794800,1.05323,1.05793,1.05315,1.05783
1655802000,1.05783,1.05825,1.05507,1.05522
1655809200,1.05522,1.0563,1.05444,1.05518
1655816400,1.05517,1.05662,1.05444,1.05653
1655823600,1.05655,1.05667,1.05281,1.05341
1655830800,1.0534,1.05404,1.05188,1.05314
1655838000,1.05317,1.05404,1.05286,1.05346
1655845200,1.05328,1.05392,1.05322,1.05381
1655852400,1.05382,1.05388,1.05104,1.05126
1655859600,1.05125,1.05154,1.05021,1.05099
1655866800,1.05098,1.05141,1.04935,1.04966
1655874000,1.04963,1.05084,1.04832,1.04915
1655881200,1.04915,1.0514,1.04689,1.05078
1655888400,1.05076,1.05279,1.05046,1.05202
1655895600,1.05201,1.05356,1.051,1.05306
1655902800,1.05308,1.06057,1.05305,1.05971
1655910000,1.0597,1.05974,1.05702,1.0575
1655917200,1.05749,1.05844,1.05656,1.05669
1655924400,1.0567,1.05747,1.05635,1.05687
1655931600,1.05647,1.05695,1.05631,1.05673
1655938800,1.05674,1.05752,1.0561,1.05742
1655946000,1.05742,1.05811,1.05558,1.05708
1655953200,1.05708,1.05749,1.05645,1.05672
1655960400,1.05672,1.05793,1.05576,1.0578
1655967600,1.05778,1.05792,1.04828,1.04936
1655974800,1.04936,1.05219,1.04914,1.05046
1655982000,1.05046,1.05185,1.04902,1.05041
1655989200,1.05043,1.05541,1.05038,1.05289
1655996400,1.05288,1.05418,1.04943,1.05083
1656003600,1.05084,1.05217,1.05046,1.05205
1656010800,1.05202,1.05338,1.05197,1.0521
1656018000,1.0521,1.0528,1.0518,1.05264
1656025200,1.05263,1.05284,1.05121,1.05167
1656032400,1.0517,1.05373,1.05137,1.05343
1656039600,1.05343,1.05432,1.05287,1.05401
1656046800,1.054,1.05466,1.05307,1.05344
1656054000,1.0534,1.05459,1.05191,1.05444
1656061200,1.05443,1.05548,1.0536,1.05378
1656068400,1.05379,1.05404,1.05142,1.05234
1656075600,1.05232,1.05712,1.05158,1.05432
1656082800,1.05426,1.05598,1.05365,1.05467
1656090000,1.05468,1.05523,1.05345,1.05486
1656097200,1.05485,1.05593,1.05451,1.05539
1656277200,1.0547,1.05647,1.0546,1.05647
1656284400,1.05648,1.05748,1.05526,1.0556
1656291600,1.0556,1.05668,1.0555,1.05562
1656298800,1.05562,1.05653,1.05502,1.05646
1656306000,1.05649,1.05706,1.05543,1.05683
1656313200,1.05683,1.05912,1.05632,1.0584
1656320400,1.05841,1.05889,1.0568,1.05846
1656327600,1.0585,1.0586,1.05535,1.05681
1656334800,1.05689,1.05987,1.05689,1.05969
1656342000,1.05968,1.06149,1.05936,1.05975
1656349200,1.05974,1.05992,1.05796,1.05843
1656356400,1.05845,1.0589,1.05781,1.05817
1656363600,1.05832,1.05854,1.05766,1.05799
1656370800,1.05798,1.05854,1.05706,1.05761
1656378000,1.05761,1.05867,1.05715,1.05769
1656385200,1.05767,1.05849,1.05741,1.05755
1656392400,1.05755,1.06061,1.05705,1.05826
1656399600,1.0583,1.05974,1.05742,1.0592
1656406800,1.05917,1.05969,1.05778,1.05782
1656414000,1.05781,1.05883,1.05328,1.05375
1656421200,1.05376,1.0542,1.05035,1.05173
1656428400,1.05172,1.05414,1.05134,1.05232
1656435600,1.05231,1.05342,1.05168,1.05223
1656442800,1.05222,1.0528,1.05188,1.05206
1656450000,1.05181,1.05266,1.05177,1.05264
1656457200,1.05268,1.05312,1.05188,1.05211
1656464400,1.05211,1.05355,1.05172,1.05284
1656471600,1.05284,1.05324,1.0501,1.05044
1656478800,1.05046,1.05151,1.04862,1.04893
1656486000,1.04905,1.05205,1.04905,1.05102
1656493200,1.05103,1.05287,1.05049,1.05209
1656500400,1.05208,1.05351,1.05052,1.05211
1656507600,1.05214,1.05263,1.04672,1.04775
1656514800,1.04776,1.04791,1.04444,1.04458
1656522000,1.04455,1.04537,1.0441,1.04413
1656529200,1.04413,1.04448,1.04352,1.04412
1656536400,1.04395,1.04457,1.0437,1.04441
1656543600,1.04443,1.04472,1.0438,1.0442
1656550800,1.04421,1.04568,1.0433,1.04523
1656558000,1.04523,1.04574,1.04488,1.04533
1656565200,1.04534,1.04687,1.04387,1.04406
1656572400,1.04407,1.04681,1.04299,1.04413
1656579600,1.04412,1.04427,1.04005,1.04007
1656586800,1.04004,1.04146,1.03827,1.0398
1656594000,1.03978,1.04606,1.03976,1.04514
1656601200,1.04514,1.04853,1.04426,1.04825
1656608400,1.04826,1.04887,1.04768,1.04805
1656615600,1.04804,1.0485,1.04676,1.04832
1656622800,1.04787,1.04847,1.04737,1.04771
1656630000,1.04771,1.04795,1.04666,1.04714
1656637200,1.04714,1.04738,1.04619,1.04664
1656644400,1.04661,1.04676,1.04473,1.04542
1656651600,1.04541,1.04704,1.04406,1.04614
1656658800,1.04615,1.04637,1.04328,1.04587
1656666000,1.04585,1.04741,1.0448,1.04505
1656673200,1.04507,1.04599,1.04066,1.04068
1656680400,1.04067,1.04132,1.03656,1.03904
1656687600,1.03903,1.04199,1.0384,1.04016
1656694800,1.04012,1.04325,1.03934,1.04238
1656702000,1.04237,1.0433,1.04216,1.04268
1656882000,1.04183,1.04367,1.0416,1.04366
1656889200,1.04363,1.04443,1.04291,1.04339
1656896400,1.0434,1.04397,1.04263,1.04316
1656903600,1.04319,1.04389,1.04246,1.04274
1656910800,1.04276,1.04387,1.0422,1.0425
1656918000,1.0425,1.0439,1.04207,1.04376
1656925200,1.04377,1.04571,1.0435,1.04518
1656932400,1.04519,1.04627,1.04455,1.0451
1656939600,1.0451,1.04574,1.04223,1.04233
1656946800,1.04232,1.04348,1.04171,1.04233
1656954000,1.04234,1.04252,1.04182,1.04249
1656961200,1.04248,1.04253,1.04212,1.04226
1656968400,1.04199,1.04278,1.04188,1.04274
1656975600,1.04273,1.04364,1.04265,1.04337
1656982800,1.04337,1.04381,1.04231,1.04295
1656990000,1.04296,1.0438,1.04277,1.04379
1656997200,1.04378,1.04488,1.04299,1.04358
1657004400,1.04358,1.04397,1.03058,1.03073
1657011600,1.03075,1.03248,1.02803,1.02996
1657018800,1.02997,1.03035,1.02841,1.02917
1657026000,1.02918,1.02934,1.02384,1.02422
1657033200,1.02422,1.02611,1.02353,1.02449
1657040400,1.0245,1.02707,1.02396,1.02618
1657047600,1.02617,1.02712,1.02561,1.0264
1657054800,1.02677,1.02717,1.02635,1.02679
1657062000,1.0268,1.02696,1.02539,1.02663
1657069200,1.02664,1.02714,1.02551,1.02655
1657076400,1.02655,1.02698,1.02394,1.02471
1657083600,1.02472,1.02767,1.02385,1.02692
1657090800,1.0269,1.02742,1.02265,1.02445
1657098000,1.02446,1.02446,1.01861,1.01955
1657105200,1.01954,1.02012,1.01661,1.01871
1657112400,1.0187,1.02011,1.01615,1.01936
1657119600,1.01935,1.01956,1.01616,1.0173
1657126800,1.01729,1.01987,1.01721,1.01813
1657134000,1.01819,1.01887,1.01768,1.01808
1657141200,1.01806,1.01883,1.01775,1.01875
1657148400,1.0188,1.01891,1.01761,1.01869
1657155600,1.01869,1.02097,1.01804,1.02038
1657162800,1.02043,1.02087,1.01983,1.02016
1657170000,1.02017,1.0221,1.02005,1.02006
1657177200,1.02007,1.02131,1.0182,1.01976
1657184400,1.01976,1.02176,1.01748,1.01906
1657191600,1.01904,1.01987,1.01695,1.01702
1657198800,1.01702,1.01936,1.0165,1.01712
1657206000,1.01711,1.01755,1.0151,1.01551
1657213200,1.01552,1.01681,1.01441,1.01575
1657220400,1.01576,1.01669,1.01538,1.01613
1657227600,1.01624,1.01674,1.016,1.01657
1657234800,1.0166,1.01871,1.01623,1.01867
1657242000,1.01867,1.01914,1.01628,1.01653
1657249200,1.01649,1.0166,1.01396,1.01544
1657256400,1.01545,1.017,1.01452,1.01601
1657263600,1.016,1.01644,1.0072,1.01134
1657270800,1.0113,1.01509,1.01053,1.01385
1657278000,1.01384,1.01688,1.01157,1.01428
1657285200,1.01428,1.01817,1.01343,1.01734
1657292400,1.01735,1.01905,1.01584,1.01675
1657299600,1.01675,1.01777,1.01636,1.01738
1657306800,1.01738,1.0184,1.01717,1.01831
1657486800,1.01774,1.01834,1.01712,1.0175
1657494000,1.01748,1.01756,1.01533,1.01543
1657501200,1.01544,1.01554,1.01351,1.01495
1657508400,1.01496,1.01562,1.01459,1.01512
1657515600,1.01513,1.01522,1.01196,1.01274
1657522800,1.01274,1.01373,1.01056,1.01187
1657530000,1.01186,1.01253,1.00957,1.01125
1657537200,1.01129,1.01188,1.00749,1.00809
1657544400,1.00809,1.0093,1.00519,1.00817
1657551600,1.00815,1.00915,1.00625,1.00637
1657558800,1.00639,1.00732,1.00595,1.0063
1657566000,1.0063,1.00657,1.00337,1.00407
1657573200,1.00365,1.00465,1.00352,1.00402
1657580400,1.00403,1.00554,1.00355,1.00401
1657587600,1.00402,1.00417,1.00061,1.00254
1657594800,1.00255,1.00286,1.00087,1.00154
1657602000,1.00153,1.00392,1.00049,1.00223
1657609200,1.00226,1.00295,1.00018,1.00106
1657616400,1.00105,1.00274,1.00001,1.00209
1657623600,1.00205,1.00695,1.00182,1.00532
1657630800,1.00528,1.00634,1.00333,1.00497
1657638000,1.00498,1.00738,1.00486,1.00622
1657645200,1.00623,1.00645,1.00423,1.00449
1657652400,1.00449,1.00472,1.00316,1.0036
1657659600,1.00372,1.00376,1.00253,1.00312
1657666800,1.00315,1.00396,1.00259,1.00302
1657674000,1.00305,1.00451,1.00228,1.004
1657681200,1.00401,1.00472,1.00329,1.00357
1657688400,1.00357,1.00503,1.00299,1.00332
1657695600,1.00334,1.00528,1.00061,1.00366
1657702800,1.00365,1.00675,1.00321,1.00612
1657710000,1.00613,1.01024,0.9998,1.002
1657717200,1.00201,1.01222,1.00086,1.01074
1657724400,1.01075,1.0115,1.00743,1.00821
1657731600,1.00823,1.00874,1.00604,1.00628
1657738800,1.00629,1.00645,1.0054,1.00574
1657746000,1.0058,1.00589,1.00503,1.00537
1657753200,1.00535,1.00536,1.00208,1.00218
1657760400,1.00219,1.00288,1.00137,1.00217
1657767600,1.00218,1.00403,1.00209,1.00229
1657774800,1.0023,1.00271,1.00061,1.00067
1657782000,1.00068,1.00464,1.00053,1.002
1657789200,1.00199,1.00505,1.00129,1.0016
1657796400,1.00161,1.00181,1.00021,1.00022
1657803600,1.00022,1.00119,0.99522,0.99962
1657810800,0.99961,1.00477,0.99838,0.99905
1657818000,0.99909,1.00377,0.99909,1.00292
1657825200,1.00293,1.00319,1.00103,1.00202
1657832400,1.00132,1.00238,1.00131,1.00182
1657839600,1.00189,1.00278,1.00112,1.00192
1657846800,1.00193,1.00411,1.00177,1.00371
1657854000,1.00372,1.00377,1.00224,1.00305
1657861200,1.00305,1.00315,1.00085,1.00162
1657868400,1.00161,1.00356,1.00068,1.0031
1657875600,1.00309,1.00594,1.00283,1.00585
1657882800,1.00584,1.00766,1.00436,1.00723
1657890000,1.00725,1.0088,1.0041,1.00804
1657897200,1.00807,1.00978,1.00721,1.00811
1657904400,1.00812,1.00938,1.00725,1.008
1657911600,1.00803,1.00877,1.00727,1.00859
1658091600,1.00822,1.00889,1.00786,1.00847
1658098800,1.00848,1.00987,1.00802,1.00915
1658106000,1.00916,1.01142,1.00914,1.01015
1658113200,1.01014,1.01102,1.00869,1.00915
1658120400,1.00916,1.01118,1.00812,1.01109
1658127600,1.01109,1.01492,1.01038,1.01304
1658134800,1.01305,1.01754,1.01238,1.01562
1658142000,1.01563,1.01595,1.01195,1.01367
1658149200,1.01368,1.02012,1.01241,1.01941
1658156400,1.01942,1.01981,1.0158,1.01671
1658163600,1.01673,1.01775,1.01503,1.01507
1658170800,1.01503,1.01559,1.01408,1.01438
1658178000,1.01387,1.01483,1.01387,1.01417
1658185200,1.01418,1.01484,1.01286,1.0129
1658192400,1.0129,1.01367,1.01196,1.01295
1658199600,1.01295,1.01434,1.0124,1.01281
1658206800,1.01281,1.01689,1.01273,1.01662
1658214000,1.01665,1.02535,1.01651,1.0244
1658221200,1.02441,1.02692,1.02201,1.02645
1658228400,1.02643,1.02673,1.02247,1.02289
1658235600,1.02287,1.02645,1.02285,1.02458
1658242800,1.02457,1.0255,1.02297,1.02402
1658250000,1.02402,1.02439,1.02259,1.02319
1658257200,1.02318,1.02319,1.02213,1.02243
1658264400,1.02235,1.02415,1.02223,1.02353
1658271600,1.02354,1.02485,1.023,1.02459
1658278800,1.02466,1.02467,1.02312,1.02419
1658286000,1.02418,1.02482,1.02394,1.02436
1658293200,1.02437,1.02507,1.02285,1.02501
1658300400,1.025,1.02731,1.02192,1.02313
1658307600,1.02312,1.02528,1.01734,1.01976
1658314800,1.01976,1.02208,1.01796,1.02108
1658322000,1.02104,1.02378,1.0204,1.02124
1658329200,1.02124,1.02175,1.01831,1.01906
1658336400,1.01904,1.0193,1.01554,1.01773
1658343600,1.01774,1.01839,1.01739,1.01818
1658350800,1.01764,1.01876,1.01737,1.01817
1658358000,1.01816,1.01934,1.01767,1.01869
1658365200,1.01874,1.02105,1.01815,1.02095
1658372400,1.02096,1.02254,1.02042,1.0223
1658379600,1.02231,1.02306,1.02014,1.02056
1658386800,1.02057,1.02178,1.0171,1.01911
1658394000,1.01912,1.01991,1.01658,1.01887
1658401200,1.0189,1.02781,1.01794,1.02647
1658408400,1.02645,1.02749,1.01532,1.01913
1658415600,1.01915,1.02122,1.01749,1.01813
1658422800,1.01813,1.01999,1.01768,1.01929
1658430000,1.0193,1.02335,1.01919,1.02278
1658437200,1.02258,1.02283,1.02221,1.02236
1658444400,1.02236,1.02305,1.02034,1.02043
1658451600,1.02043,1.02083,1.01907,1.01957
1658458800,1.01956,1.01978,1.01805,1.01811
1658466000,1.01809,1.02088,1.01804,1.02086
1658473200,1.02085,1.02136,1.01298,1.01532
1658480400,1.01531,1.01726,1.01432,1.01725
1658487600,1.01724,1.01971,1.01541,1.01872
1658494800,1.01872,1.02554,1.018,1.02304
1658502000,1.02303,1.02392,1.02141,1.0232
1658509200,1.02321,1.02376,1.019,1.01951
1658516400,1.01951,1.0216,1.01918,1.02111
1658696400,1.02107,1.02187,1.02067,1.02124
1658703600,1.02124,1.0214,1.0182,1.01823
1658710800,1.01822,1.02129,1.01809,1.02109
1658718000,1.0211,1.02122,1.02038,1.02073
1658725200,1.02073,1.02094,1.01932,1.01965
1658732400,1.01967,1.02285,1.0179,1.02222
1658739600,1.02221,1.0254,1.02144,1.02345
1658746800,1.02342,1.02578,1.02232,1.02454
1658754000,1.02456,1.0255,1.02033,1.02183
1658761200,1.02184,1.0225,1.02059,1.02212
1658768400,1.02212,1.02289,1.02136,1.02211
1658775600,1.02212,1.02268,1.02175,1.02183
1658782800,1.02159,1.02224,1.02159,1.022
1658790000,1.02199,1.0233,1.02163,1.02301
1658797200,1.02302,1.025,1.02275,1.02385
1658804400,1.02387,1.02428,1.0223,1.02255
1658811600,1.02255,1.02295,1.02101,1.02124
1658818800,1.02124,1.02361,1.02021,1.02079
1658826000,1.0208,1.02081,1.01355,1.01514
1658833200,1.01516,1.01525,1.01161,1.01483
1658840400,1.01482,1.01527,1.012,1.01341
1658847600,1.01339,1.01406,1.01076,1.01271
1658854800,1.01271,1.01328,1.01165,1.01217
1658862000,1.01222,1.01271,1.0114,1.01177
1658869200,1.01146,1.01329,1.01144,1.01292
1658876400,1.01297,1.01441,1.01278,1.01402
1658883600,1.01401,1.01476,1.01372,1.01441
1658890800,1.0144,1.01521,1.01414,1.01506
1658898000,1.01507,1.01588,1.01278,1.01312
1658905200,1.01313,1.01526,1.01313,1.01415
1658912400,1.01414,1.01547,1.01383,1.01536
1658919600,1.01535,1.01719,1.01407,1.01428
1658926800,1.01429,1.01523,1.01091,1.01203
1658934000,1.01201,1.01379,1.00966,1.0111
1658941200,1.01112,1.02121,1.0107,1.02001
1658948400,1.02007,1.02209,1.0187,1.01989
1658955600,1.02004,1.02028,1.01887,1.02023
1658962800,1.02021,1.02122,1.01804,1.01861
1658970000,1.01863,1.02148,1.01836,1.02051
1658977200,1.02051,1.02233,1.02004,1.02021
1658984400,1.02022,1.02343,1.02016,1.02161
1658991600,1.02166,1.02195,1.01851,1.02175
1658998800,1.02171,1.02171,1.01234,1.01337
1659006000,1.01337,1.0175,1.0114,1.01637
1659013200,1.01636,1.01735,1.01262,1.01561
1659020400,1.01561,1.01711,1.01421,1.01578
1659027600,1.01578,1.01768,1.01553,1.01766
1659034800,1.01767,1.01997,1.01764,1.01968
1659042000,1.01972,1.01972,1.01899,1.01949
1659049200,1.0195,1.02029,1.01888,1.0198
1659056400,1.0198,1.02041,1.0191,1.01958
1659063600,1.01959,1.02248,1.01915,1.02092
1659070800,1.02095,1.02543,1.02095,1.02422
1659078000,1.02421,1.02526,1.02035,1.02215
1659085200,1.02211,1.02456,1.01853,1.02411
1659092400,1.0241,1.0241,1.01742,1.01771
1659099600,1.01772,1.01978,1.0146,1.01955
1659106800,1.01957,1.02129,1.01773,1.01969
1659114000,1.01968,1.02204,1.01935,1.02198
1659121200,1.02199,1.02271,1.02125,1.02263
1659301200,1.02167,1.02232,1.02078,1.0215
1659308400,1.02152,1.02264,1.02054,1.02203
1659315600,1.02203,1.02413,1.02155,1.02398
1659322800,1.02399,1.02405,1.02206,1.0224
1659330000,1.02241,1.02408,1.02134,1.02335
1659337200,1.02342,1.02677,1.02247,1.02557
1659344400,1.02557,1.02701,1.02462,1.02518
1659351600,1.02518,1.02544,1.02252,1.0236
1659358800,1.02361,1.02749,1.02266,1.02727
1659366000,1.02727,1.02754,1.02629,1.02741
1659373200,1.02739,1.02742,1.02455,1.02538
1659380400,1.02537,1.02613,1.02495,1.02601
1659387600,1.02592,1.02634,1.02524,1.02618
1659394800,1.0262,1.02938,1.02562,1.02865
1659402000,1.02865,1.02865,1.02611,1.02746
1659409200,1.02746,1.02826,1.02655,1.02712
1659416400,1.02711,1.02766,1.0236,1.02417
1659423600,1.02417,1.02483,1.02152,1.02407
1659430800,1.02402,1.02455,1.02213,1.02267
1659438000,1.02268,1.02426,1.02069,1.02118
1659445200,1.02125,1.02359,1.0181,1.01997
1659452400,1.01995,1.02132,1.01911,1.0195
1659459600,1.01948,1.01959,1.01709,1.01729
1659466800,1.01728,1.01806,1.01633,1.01659
1659474000,1.01647,1.01727,1.01621,1.01641
1659481200,1.01642,1.01658,1.01501,1.0158
1659488400,1.01584,1.0182,1.01567,1.01805
1659495600,1.01804,1.01936,1.01772,1.01858
1659502800,1.01859,1.01871,1.01541,1.01596
1659510000,1.01596,1.01914,1.01593,1.01879
1659517200,1.01877,1.02001,1.01788,1.01878
1659524400,1.01877,1.02099,1.01799,1.0186
1659531600,1.01857,1.01874,1.01253,1.01303
1659538800,1.01303,1.01665,1.01227,1.015
1659546000,1.01499,1.01604,1.01485,1.01549
1659553200,1.01547,1.0174,1.01541,1.01686
1659560400,1.01626,1.01709,1.01563,1.01618
1659567600,1.01617,1.01662,1.01544,1.0165
1659574800,1.01649,1.0176,1.01611,1.01646
1659582000,1.01646,1.01705,1.01601,1.01641
1659589200,1.0164,1.01739,1.01566,1.01681
1659596400,1.0168,1.0194,1.01664,1.01916
1659603600,1.01915,1.01978,1.01853,1.01921
1659610800,1.01908,1.01955,1.01603,1.01881
1659618000,1.0188,1.02122,1.01735,1.02117
1659625200,1.02121,1.02393,1.0206,1.02364
1659632400,1.02364,1.02503,1.02305,1.02497
1659639600,1.02498,1.02537,1.02424,1.02453
1659646800,1.02459,1.02478,1.02423,1.02475
1659654000,1.02475,1.0252,1.02314,1.02322
1659661200,1.02321,1.02386,1.02294,1.02342
1659668400,1.02342,1.02395,1.02334,1.0235
1659675600,1.0235,1.02372,1.02225,1.02357
1659682800,1.02356,1.02392,1.02183,1.02236
1659690000,1.0224,1.02362,1.02222,1.0236
1659697200,1.02359,1.02385,1.01541,1.01579
1659704400,1.01579,1.01861,1.01417,1.01666
1659711600,1.01664,1.01875,1.01511,1.0183
1659718800,1.0183,1.01928,1.01722,1.01766
1659726000,1.01766,1.01849,1.01733,1.01779
1659906000,1.0176,1.01788,1.0169,1.01731
1659913200,1.0173,1.01757,1.01591,1.01666
1659920400,1.01665,1.01832,1.01646,1.01802
1659927600,1.01801,1.01859,1.01782,1.01857
1659934800,1.01857,1.01887,1.01711,1.01778
1659942000,1.0178,1.02148,1.01748,1.01921
1659949200,1.0192,1.01932,1.01729,1.01917
1659956400,1.01917,1.02023,1.01839,1.01985
1659963600,1.01988,1.02193,1.0191,1.0217
1659970800,1.02171,1.02219,1.01946,1.01959
1659978000,1.01963,1.02054,1.01853,1.01868
1659985200,1.01867,1.01961,1.01862,1.01935
1659992400,1.01913,1.01956,1.01897,1.01946
1659999600,1.01945,1.02009,1.01888,1.01913
1660006800,1.01914,1.01941,1.01887,1.01933
1660014000,1.01934,1.01974,1.01916,1.01941
1660021200,1.01939,1.02094,1.01927,1.02055
1660028400,1.02054,1.02446,1.01954,1.02395
1660035600,1.02393,1.02474,1.02245,1.02249
1660042800,1.02252,1.02427,1.02147,1.02373
1660050000,1.02372,1.02441,1.02193,1.02227
1660057200,1.02225,1.02318,1.02146,1.02183
1660064400,1.02182,1.02201,1.02035,1.0205
1660071600,1.02051,1.02154,1.02025,1.02131
1660078800,1.0212,1.02146,1.02053,1.02062
1660086000,1.0206,1.02098,1.02026,1.02077
1660093200,1.02074,1.02192,1.02052,1.02182
1660100400,1.0218,1.02186,1.02119,1.02132
1660107600,1.02133,1.02186,1.02051,1.02114
1660114800,1.02114,1.02258,1.0202,1.02223
1660122000,1.02224,1.02453,1.02172,1.02417
1660129200,1.02417,1.03461,1.02343,1.03241
1660136400,1.03243,1.03567,1.03052,1.0355
1660143600,1.03551,1.03686,1.03167,1.03249
1660150800,1.03249,1.03283,1.03022,1.03037
1660158000,1.03037,1.03055,1.02944,1.02975
1660165200,1.02978,1.03047,1.02969,1.03018
1660172400,1.03019,1.0304,1.02935,1.02982
1660179600,1.0298,1.02981,1.02819,1.02833
1660186800,1.02837,1.02934,1.02813,1.02831
1660194000,1.02832,1.03139,1.02754,1.03118
1660201200,1.03117,1.03414,1.03077,1.03411
1660208400,1.0341,1.03429,1.03246,1.0337
1660215600,1.03369,1.03517,1.03221,1.0347
1660222800,1.03471,1.03644,1.03302,1.03444
1660230000,1.03443,1.03463,1.03237,1.03301
1660237200,1.03304,1.03326,1.03095,1.03245
1660244400,1.03244,1.03264,1.03119,1.03196
1660251600,1.03179,1.03273,1.03158,1.03217
1660258800,1.0322,1.0325,1.03066,1.0313
1660266000,1.03136,1.03157,1.03049,1.03115
1660273200,1.03112,1.03216,1.03082,1.03175
1660280400,1.03175,1.03242,1.03098,1.03113
1660287600,1.03115,1.03164,1.02882,1.0302
1660294800,1.0302,1.03084,1.02851,1.02916
1660302000,1.02915,1.02975,1.0269,1.02705
1660309200,1.02706,1.02842,1.02385,1.02448
1660316400,1.02447,1.02616,1.02439,1.02564
1660323600,1.02565,1.02679,1.02565,1.02653
1660330800,1.02654,1.02667,1.02545,1.02565
1660510800,1.02565,1.02628,1.02541,1.02596
1660518000,1.02597,1.02672,1.02534,1.02661
1660525200,1.02661,1.02682,1.02397,1.02453
1660532400,1.02454,1.02558,1.0242,1.02505
1660539600,1.02506,1.02523,1.02322,1.0236
1660546800,1.02363,1.02447,1.02002,1.02071
1660554000,1.02071,1.02111,1.01859,1.0204
1660561200,1.02041,1.02144,1.01896,1.02008
1660568400,1.02007,1.02232,1.01852,1.01941
1660575600,1.01942,1.01963,1.01715,1.01757
1660582800,1.01757,1.01783,1.01545,1.0156
1660590000,1.01561,1.01641,1.01561,1.01591
1660597200,1.0161,1.0167,1.01536,1.01625
1660604400,1.01624,1.01634,1.01474,1.01536
1660611600,1.01536,1.01688,1.0149,1.01688
1660618800,1.01691,1.01699,1.01577,1.0159
1660626000,1.01591,1.01687,1.01514,1.01542
1660633200,1.01541,1.01628,1.0134,1.01389
1660640400,1.0139,1.01423,1.01248,1.01335
1660647600,1.01334,1.01465,1.01225,1.01437
1660654800,1.01436,1.01948,1.0143,1.01788
1660662000,1.01789,1.01838,1.0163,1.01658
1660669200,1.01658,1.01808,1.01627,1.01682
1660676400,1.01685,1.01726,1.0162,1.01705
1660683600,1.01649,1.01731,1.01646,1.01706
1660690800,1.01706,1.01749,1.01661,1.01705
1660698000,1.01706,1.01793,1.01665,1.01737
1660705200,1.01736,1.01838,1.01685,1.01816
1660712400,1.01815,1.01864,1.01567,1.01633
1660719600,1.01633,1.01839,1.01493,1.01739
1660726800,1.01738,1.01838,1.01657,1.01744
1660734000,1.01744,1.01747,1.01454,1.01584
1660741200,1.01583,1.01985,1.0153,1.0162
1660748400,1.01622,1.01733,1.01606,1.01653
1660755600,1.01654,1.02029,1.0163,1.01845
1660762800,1.01846,1.01908,1.01752,1.01772
1660770000,1.01772,1.018,1.01731,1.0178
1660777200,1.0178,1.01931,1.01726,1.01878
1660784400,1.01878,1.01913,1.01802,1.01803
1660791600,1.01806,1.01811,1.0163,1.01669
1660798800,1.0167,1.01784,1.01495,1.0151
1660806000,1.01513,1.01767,1.01459,1.0167
1660813200,1.01669,1.01816,1.0158,1.01737
1660820400,1.01738,1.01883,1.01587,1.01701
1660827600,1.017,1.01721,1.01117,1.01286
1660834800,1.01288,1.01394,1.00889,1.00904
1660842000,1.00901,1.00936,1.00797,1.00905
1660849200,1.00907,1.00992,1.00862,1.00867
1660856400,1.00856,1.00911,1.0084,1.00866
1660863600,1.00866,1.00923,1.0074,1.00792
1660870800,1.00792,1.00862,1.00698,1.00858
1660878000,1.00858,1.00868,1.00719,1.00761
1660885200,1.0076,1.00898,1.0074,1.00807
1660892400,1.00806,1.00955,1.00744,1.00886
1660899600,1.00886,1.00891,1.00547,1.00576
1660906800,1.00577,1.00677,1.00456,1.00654
1660914000,1.00654,1.00685,1.00397,1.00415
1660921200,1.00412,1.00506,1.00326,1.00358
1660928400,1.00358,1.00457,1.00321,1.00329
1660935600,1.00332,1.00432,1.0032,1.00391
1661115600,1.00369,1.00406,1.00326,1.00359
1661122800,1.0036,1.00369,1.00249,1.00258
1661130000,1.00257,1.00456,1.00234,1.00452
1661137200,1.00452,1.00465,1.00355,1.00381
1661144400,1.00379,1.00396,1.0022,1.00224
1661151600,1.00223,1.00274,0.99893,1.0014
1661158800,1.00141,1.00182,0.99991,1.00099
1661166000,1.00098,1.00141,0.99953,1.00061
1661173200,1.00062,1.00075,0.99602,0.99668
1661180400,0.99669,0.99677,0.99277,0.9932
1661187600,0.9932,0.99378,0.99262,0.99332
1661194800,0.99331,0.99462,0.99331,0.99421
1661202000,0.99417,0.99451,0.99395,0.9943
1661209200,0.99432,0.99501,0.99301,0.99398
1661216400,0.99398,0.99491,0.99355,0.99448
1661223600,0.99449,0.99461,0.99345,0.99347
1661230800,0.99346,0.99367,0.9902,0.9906
1661238000,0.9906,0.99496,0.99006,0.99322
1661245200,0.99322,0.99405,0.99127,0.99242
1661252400,0.99242,0.99352,0.9914,0.99236
1661259600,0.9924,1.00183,0.99205,0.99871
1661266800,0.99871,1.00057,0.99659,0.99792
1661274000,0.99791,0.99804,0.99601,0.99607
1661281200,0.99608,0.99706,0.99595,0.99676
1661288400,0.99667,0.99734,0.99667,0.99728
1661295600,0.99729,0.99729,0.9952,0.99525
1661302800,0.99526,0.99554,0.99429,0.99455
1661310000,0.99454,0.99605,0.99441,0.99573
1661317200,0.99572,0.9962,0.99349,0.99493
1661324400,0.99494,0.99593,0.99416,0.9946
1661331600,0.99461,0.99583,0.99164,0.99216
1661338800,0.99216,0.99399,0.99144,0.99284
1661346000,0.99283,0.99946,0.99101,0.99904
1661353200,0.99899,0.99993,0.99447,0.99531
1661360400,0.9953,0.99677,0.99514,0.9963
1661367600,0.99631,0.99758,0.99603,0.99678
1661374800,0.99647,0.99711,0.99623,0.99686
1661382000,0.99686,0.99878,0.9963,0.99825
1661389200,0.99824,0.99926,0.99763,0.9983
1661396400,0.9983,1.00086,0.99823,0.99988
1661403600,0.99989,1.00334,0.99897,1.00109
1661410800,1.00106,1.00236,0.99872,1.00074
1661418000,1.00075,1.00112,0.99739,0.99801
1661425200,0.99804,0.99948,0.99634,0.99694
1661432400,0.99693,1.00005,0.99552,0.9981
1661439600,0.99809,0.99823,0.99491,0.99607
1661446800,0.99606,0.9975,0.99585,0.99692
1661454000,0.99691,0.9979,0.99677,0.99739
1661461200,0.99731,0.99771,0.99726,0.99747
1661468400,0.99747,0.99747,0.99626,0.99656
1661475600,0.99657,0.99707,0.99626,0.99682
1661482800,0.9968,0.99747,0.9962,0.99625
1661490000,0.99623,0.99686,0.99466,0.99511
1661497200,0.9951,0.99912,0.99496,0.99889
1661504400,0.99889,1.00236,0.99879,1.00158
1661511600,1.00158,1.0033,0.99858,1.00327
1661518800,1.00329,1.00901,1.00146,1.00146
1661526000,1.00145,1.0021,0.99753,0.99798
1661533200,0.99799,0.99831,0.99587,0.99643
1661540400,0.9964,0.99693,0.99566,0.99651
1661720400,0.99625,0.99659,0.9946,0.99482
1661727600,0.99482,0.9952,0.99285,0.99302
1661734800,0.99303,0.99377,0.99181,0.99277
1661742000,0.99278,0.99289,0.99146,0.99165
1661749200,0.99164,0.99439,0.99143,0.99364
1661756400,0.99364,0.99506,0.99198,0.99384
1661763600,0.99383,0.9995,0.99379,0.99844
1661770800,0.99841,1.00291,0.99689,1.00085
1661778000,1.00086,1.00272,0.99814,0.99826
1661785200,0.99824,1.00146,0.9981,1.00144
1661792400,1.00143,1.00226,0.99898,0.99912
1661799600,0.99915,0.99998,0.99902,0.99977
1661806800,0.99934,1.00028,0.9992,1.00011
1661814000,1.0001,1.00133,0.9997,1.00056
1661821200,1.00055,1.00105,0.9982,0.99906
1661828400,0.99907,1.00079,0.99887,0.99997
1661835600,0.99997,1.0007,0.99869,0.99918
1661842800,0.99917,1.00341,0.99823,1.00247
1661850000,1.00244,1.00547,1.00237,1.00313
1661857200,1.00314,1.00434,1.00084,1.00115
1661864400,1.00112,1.00416,0.99826,0.99902
1661871600,0.999,1.00351,0.99879,1.00236
1661878800,1.00237,1.00313,1.00101,1.00214
1661886000,1.00213,1.00308,1.0014,1.00147
1661893200,1.00135,1.00204,1.00135,1.00171
1661900400,1.00171,1.00346,1.00153,1.00273
1661907600,1.00273,1.00331,1.00165,1.00255
1661914800,1.00257,1.00447,1.00203,1.00402
1661922000,1.00403,1.00458,1.00143,1.00157
1661929200,1.00157,1.00271,0.99744,0.99795
1661936400,0.99795,0.9997,0.99713,0.99778
1661943600,0.9978,1.00181,0.99768,1.00081
1661950800,1.00083,1.00599,0.9995,1.00545
1661958000,1.00544,1.00791,1.00413,1.00534
1661965200,1.00533,1.00572,1.00355,1.00441
1661972400,1.00446,1.00551,1.00408,1.00524
1661979600,1.00511,1.00543,1.00442,1.00509
1661986800,1.00507,1.00507,1.00202,1.00233
1661994000,1.00232,1.00318,1.00206,1.00227
1662001200,1.00226,1.00267,1.00092,1.00141
1662008400,1.00141,1.00262,1.0008,1.00206
1662015600,1.00207,1.00487,1.00131,1.00369
1662022800,1.00369,1.00468,1.00023,1.00193
1662030000,1.00189,1.00222,0.99858,0.99883
1662037200,0.99885,0.99998,0.99108,0.99319
1662044400,0.9932,0.996,0.99315,0.99368
1662051600,0.99368,0.99601,0.99356,0.99444
1662058800,0.99443,0.99562,0.99421,0.99456
1662066000,0.99436,0.99488,0.99413,0.99449
1662073200,0.99449,0.99587,0.99432,0.99563
1662080400,0.9956,0.99627,0.99536,0.99582
1662087600,0.99583,0.99673,0.99578,0.99665
1662094800,0.99667,0.99786,0.99638,0.99742
1662102000,0.99742,0.99963,0.99716,0.99728
1662109200,0.99729,1.00177,0.99679,0.99975
1662116400,0.99976,1.00295,0.99796,1.00104
1662123600,1.00103,1.00299,0.99895,1.00256
1662130800,1.00259,1.00335,0.99621,0.99695
1662138000,0.99695,0.99731,0.99463,0.99655
1662145200,0.99655,0.99683,0.99452,0.99573
1662325200,0.99253,0.99348,0.99031,0.99218
1662332400,0.99219,0.99289,0.99059,0.99156
1662339600,0.99153,0.99246,0.99009,0.99138
1662346800,0.99136,0.99184,0.99007,0.99052
1662354000,0.99051,0.99139,0.98778,0.99072
1662361200,0.99071,0.9937,0.98935,0.9911
1662368400,0.99111,0.99442,0.99071,0.99338
1662375600,0.99337,0.99364,0.99124,0.99236
1662382800,0.99238,0.99347,0.99191,0.99198
1662390000,0.992,0.99327,0.99178,0.99292
1662397200,0.99295,0.99358,0.99276,0.99287
1662404400,0.99286,0.99325,0.99277,0.99314
1662411600,0.99248,0.99492,0.99247,0.99413
1662418800,0.99413,0.99691,0.99401,0.99683
1662426000,0.99684,0.99707,0.99492,0.99586
1662433200,0.99586,0.99589,0.99426,0.99462
1662440400,0.99463,0.99795,0.99446,0.99698
1662447600,0.99702,0.99863,0.9947,0.99579
1662454800,0.99579,0.99602,0.99219,0.99257
1662462000,0.99256,0.99374,0.98992,0.99003
1662469200,0.99009,0.9908,0.98639,0.9904
1662476400,0.99041,0.9929,0.98995,0.99086
1662483600,0.99087,0.99118,0.98954,0.99094
1662490800,0.99097,0.99114,0.98998,0.99066
1662498000,0.99036,0.99078,0.98958,0.98965
1662505200,0.98965,0.99039,0.98832,0.98906
1662512400,0.98903,0.98929,0.98775,0.98844
1662519600,0.98843,0.98964,0.9877,0.98924
1662526800,0.98927,0.9913,0.98875,0.99067
1662534000,0.99068,0.99301,0.98919,0.99072
1662541200,0.99073,0.99144,0.98937,0.9897
1662548400,0.98972,0.99025,0.98753,0.98928
1662555600,0.98928,0.99498,0.98836,0.99486
1662562800,0.99487,0.99756,0.99382,0.99734
1662570000,0.99733,1.00029,0.99713,0.99824
1662577200,0.99823,1.00109,0.99815,1.00063
1662584400,1.00074,1.00129,1.00044,1.00058
1662591600,1.00055,1.00055,0.99829,0.99852
1662598800,0.99852,0.99915,0.99841,0.99875
1662606000,0.99874,0.99946,0.99792,0.99897
1662613200,0.99897,1.00149,0.99896,0.99984
1662620400,0.99984,1.00038,0.99764,0.99977
1662627600,0.99977,1.00174,0.99927,1.00098
1662634800,1.00099,1.00294,0.9985,1.00003
1662642000,0.99999,1.00014,0.99307,0.99564
1662649200,0.99569,0.99724,0.99444,0.99687
1662656400,0.99688,0.99999,0.99647,0.99917
1662663600,0.99915,1,0.99909,0.99984
1662670800,0.99943,1.0004,0.99943,1.00035
1662678000,1.00035,1.00511,1.00015,1.0044
1662685200,1.0044,1.00729,1.00439,1.00677
1662692400,1.00678,1.00842,1.00635,1.00725
1662699600,1.00723,1.00737,1.00584,1.0069
1662706800,1.00687,1.01133,1.00625,1.01066
1662714000,1.01071,1.01072,1.00736,1.0074
1662721200,1.00739,1.00759,1.00345,1.00445
1662728400,1.00444,1.00625,1.00335,1.00417
1662735600,1.00418,1.00543,1.00321,1.0054
1662742800,1.0054,1.00552,1.0037,1.00439
1662750000,1.00437,1.00488,1.00397,1.00461
1662930000,1.01002,1.01048,1.00597,1.00675
1662937200,1.00674,1.00753,1.00624,1.00702
1662944400,1.00702,1.00952,1.00689,1.00817
1662951600,1.00817,1.00847,1.00737,1.00779
1662958800,1.00779,1.0145,1.00776,1.0144
1662966000,1.01441,1.01978,1.01373,1.01918
1662973200,1.01917,1.01917,1.01291,1.01369
1662980400,1.01369,1.01628,1.01298,1.01415
1662987600,1.01415,1.01435,1.01046,1.01288
1662994800,1.01291,1.01442,1.01207,1.01437
1663002000,1.01439,1.01443,1.01109,1.01181
1663009200,1.0118,1.01244,1.01122,1.01217
1663016400,1.01221,1.01254,1.0115,1.01229
1663023600,1.0123,1.01464,1.01228,1.0135
1663030800,1.0135,1.0138,1.01242,1.01311
1663038000,1.0131,1.01336,1.01195,1.01285
1663045200,1.01282,1.01502,1.01269,1.01388
1663052400,1.01389,1.0156,1.0127,1.01546
1663059600,1.01545,1.01803,1.01432,1.01791
1663066800,1.01792,1.01871,1.00303,1.00373
1663074000,1.00375,1.00428,1.00049,1.00148
1663081200,1.00153,1.00184,0.99895,0.99983
1663088400,0.99981,1.00062,0.99738,0.99774
1663095600,0.99775,0.99797,0.99669,0.99671
1663102800,0.99683,0.99775,0.99555,0.99693
1663110000,0.99694,0.99831,0.99644,0.99787
1663117200,0.9979,0.99902,0.99716,0.99862
1663124400,0.99862,1.00008,0.9982,0.99952
1663131600,0.99952,1.00023,0.99596,0.99666
1663138800,0.99666,1.001,0.99646,0.99914
1663146000,0.99913,1.00235,0.99825,1.0008
1663153200,1.00082,1.00099,0.998,0.99978
1663160400,0.99977,1.00077,0.99705,0.99972
1663167600,0.99974,1.00084,0.99872,0.99972
1663174800,0.99973,0.99997,0.99791,0.99792
1663182000,0.99793,0.9982,0.99691,0.99793
1663189200,0.99736,0.99845,0.99724,0.99823
1663196400,0.99823,0.99837,0.99716,0.99754
1663203600,0.99755,0.99825,0.99692,0.9974
1663210800,0.9974,0.99762,0.99663,0.99682
1663218000,0.99681,0.99688,0.99557,0.99625
1663225200,0.99623,0.99953,0.99565,0.99924
1663232400,0.99925,1.00005,0.9969,0.99795
1663239600,0.99794,1.00178,0.99716,1.00076
1663246800,1.00077,1.00137,0.99814,0.99967
1663254000,0.99967,1.00064,0.99873,1.00056
1663261200,1.00056,1.00154,0.99911,0.99921
1663268400,0.9992,0.99997,0.99881,0.99963
1663275600,0.99979,0.99979,0.99902,0.99937
1663282800,0.99932,1.00108,0.99861,1.00058
1663290000,1.00057,1.00122,0.9991,0.99943
1663297200,0.99944,1.0003,0.99929,0.99958
1663304400,0.99959,0.99959,0.99763,0.99923
1663311600,0.99924,0.99986,0.99451,0.99553
1663318800,0.99553,0.99891,0.99549,0.99853
1663326000,0.99851,0.99872,0.99532,0.99553
1663333200,0.99554,1.00365,0.99535,1.00304
1663340400,1.00303,1.00324,1.00004,1.00069
1663347600,1.0007,1.0011,0.99932,1.00026
1663354800,1.00025,1.00143,1.00024,1.0013
1663534800,1.00113,1.00229,1.0005,1.00204
1663542000,1.00204,1.00293,1.00099,1.00112
1663549200,1.00111,1.00129,0.99945,1.00031
1663556400,1.00028,1.00032,0.99905,0.99921
1663563600,0.9992,0.99936,0.99686,0.99709
1663570800,0.99709,0.9982,0.99659,0.9976
1663578000,0.9976,1.00048,0.99671,0.99938
1663585200,0.99938,1.00021,0.99806,0.99828
1663592400,0.99829,1.00134,0.99758,1.00116
1663599600,1.00118,1.00181,1.00009,1.00124
1663606800,1.00125,1.00133,1.00031,1.00119
1663614000,1.00119,1.00276,1.00119,1.00249
1663621200,1.00208,1.00318,1.00208,1.00271
1663628400,1.00271,1.00506,1.00227,1.00347
1663635600,1.00345,1.00375,1.002,1.00335
1663642800,1.00335,1.00335,1.00197,1.00223
1663650000,1.00222,1.00369,1.00129,1.00277
1663657200,1.00276,1.00419,1.00002,1.00098
1663664400,1.00097,1.00186,1,1.00062
1663671600,1.00065,1.00137,0.99551,0.99711
1663678800,0.99709,0.99972,0.99591,0.99943
1663686000,0.99942,0.99996,0.99727,0.998
1663693200,0.998,0.99834,0.99603,0.99691
1663700400,0.99689,0.99788,0.99627,0.99696
1663707600,0.99677,0.99754,0.99651,0.99708
1663714800,0.99707,0.99751,0.99574,0.99626
1663722000,0.99625,0.99709,0.99595,0.99642
1663729200,0.99645,0.99674,0.99573,0.996
1663736400,0.99601,0.99684,0.98846,0.98976
1663743600,0.9898,0.99187,0.98957,0.99018
1663750800,0.99017,0.99374,0.98994,0.99216
1663758000,0.99217,0.99251,0.98957,0.99133
1663765200,0.99132,0.99165,0.9878,0.98787
1663772400,0.98788,0.98858,0.98661,0.98698
1663779600,0.98699,0.99103,0.98126,0.99055
1663786800,0.99055,0.99102,0.98365,0.98369
1663794000,0.98359,0.98482,0.98339,0.98386
1663801200,0.98388,0.98409,0.98077,0.98156
1663808400,0.98155,0.98378,0.98089,0.98224
1663815600,0.98225,0.98293,0.9816,0.98285
1663822800,0.98286,0.98395,0.98131,0.98205
1663830000,0.98209,0.99075,0.9816,0.98792
1663837200,0.98792,0.98866,0.98553,0.98768
1663844400,0.98767,0.98879,0.98568,0.98767
1663851600,0.98766,0.98777,0.98121,0.98153
1663858800,0.98152,0.985,0.98122,0.98397
1663866000,0.98398,0.98521,0.983,0.98305
1663873200,0.98307,0.9844,0.98302,0.9834
1663880400,0.98313,0.98405,0.9829,0.98325
1663887600,0.98326,0.98483,0.98323,0.98433
1663894800,0.98432,0.98518,0.98251,0.98281
1663902000,0.98281,0.98327,0.98183,0.98229
1663909200,0.98228,0.98381,0.98083,0.98123
1663916400,0.98123,0.98137,0.9751,0.97531
1663923600,0.97532,0.97715,0.97364,0.97499
1663930800,0.97498,0.97687,0.9739,0.97556
1663938000,0.97558,0.97748,0.9703,0.97048
1663945200,0.97047,0.97332,0.97021,0.97075
1663952400,0.97074,0.97185,0.96681,0.96726
1663959600,0.96726,0.96962,0.96726,0.96886
1664139600,0.967,0.97098,0.96677,0.96988
1664146800,0.96988,0.97012,0.95507,0.95687
1664154000,0.95694,0.96637,0.95635,0.96594
1664161200,0.96595,0.96607,0.96241,0.96282
1664168400,0.9628,0.96558,0.96205,0.96412
1664175600,0.96412,0.97014,0.96412,0.9685
1664182800,0.96849,0.96976,0.96335,0.96406
1664190000,0.96407,0.96895,0.9619,0.96695
1664197200,0.96693,0.96821,0.96355,0.96476
1664204400,0.96479,0.96567,0.96079,0.96217
1664211600,0.96214,0.96227,0.95999,0.96111
1664218800,0.96111,0.96275,0.96063,0.96083
1664226000,0.96089,0.96136,0.95839,0.9607
1664233200,0.96069,0.96385,0.96069,0.96342
1664240400,0.96341,0.96412,0.96237,0.9633
1664247600,0.96329,0.96458,0.96305,0.96365
1664254800,0.96366,0.96709,0.96349,0.96444
1664262000,0.96445,0.96673,0.96212,0.96242
1664269200,0.96241,0.96475,0.96066,0.96272
1664276400,0.96275,0.96527,0.96201,0.96226
1664283600,0.96227,0.96436,0.95991,0.96229
1664290800,0.96226,0.96281,0.95692,0.95815
1664298000,0.95813,0.9601,0.9571,0.95998
1664305200,0.95996,0.95997,0.95856,0.95932
1664312400,0.95929,0.95993,0.9585,0.95874
1664319600,0.95875,0.96006,0.95676,0.95722
1664326800,0.95721,0.95762,0.95437,0.95486
1664334000,0.95487,0.95642,0.9543,0.95506
1664341200,0.95506,0.95702,0.95358,0.95392
1664348400,0.95393,0.95886,0.95393,0.95562
1664355600,0.95566,0.96026,0.95379,0.95741
1664362800,0.95741,0.95966,0.95503,0.95849
1664370000,0.95841,0.96383,0.95759,0.96311
1664377200,0.96313,0.97082,0.96239,0.97019
1664384400,0.9702,0.97509,0.97007,0.97445
1664391600,0.97444,0.97444,0.97217,0.97362
1664398800,0.97309,0.97371,0.97185,0.97187
1664406000,0.97187,0.97242,0.96891,0.96892
1664413200,0.96891,0.96996,0.96745,0.96811
1664420400,0.96811,0.96897,0.96796,0.96858
1664427600,0.96859,0.96879,0.96542,0.96652
1664434800,0.96635,0.96763,0.96358,0.96654
1664442000,0.96652,0.97192,0.9664,0.97154
1664449200,0.97153,0.97466,0.96836,0.9688
1664456400,0.96881,0.97706,0.96848,0.97654
1664463600,0.97657,0.97977,0.9759,0.97763
1664470800,0.97762,0.97969,0.97694,0.97913
1664478000,0.97914,0.9815,0.97867,0.98133
1664485200,0.98171,0.9844,0.98096,0.98182
1664492400,0.98183,0.98383,0.98142,0.98252
1664499600,0.98252,0.98293,0.97943,0.98091
1664506800,0.98093,0.98126,0.97978,0.97991
1664514000,0.97993,0.98336,0.97901,0.97994
1664521200,0.97998,0.98538,0.9797,0.9833
1664528400,0.98336,0.98381,0.97548,0.97615
1664535600,0.97617,0.97845,0.97351,0.97545
1664542800,0.97548,0.98094,0.97348,0.97942
1664550000,0.97943,0.98184,0.97704,0.97901
1664557200,0.979,0.98157,0.97828,0.98069
1664564400,0.98068,0.98125,0.97923,0.9799
1664744400,0.97921,0.98101,0.97881,0.98007
1664751600,0.98004,0.9804,0.97853,0.98013
1664758800,0.98014,0.98283,0.98013,0.98125
1664766000,0.98126,0.98151,0.97853,0.97853
1664773200,0.97854,0.98346,0.97843,0.97976
1664780400,0.97979,0.98273,0.97868,0.98109
1664787600,0.98109,0.98128,0.97526,0.97788
1664794800,0.97787,0.97832,0.97542,0.97656
1664802000,0.97654,0.98278,0.97578,0.98136
1664809200,0.98138,0.98445,0.97958,0.98079
1664816400,0.98078,0.98212,0.97881,0.98168
1664823600,0.98173,0.98288,0.98052,0.98247
1664830800,0.98243,0.98314,0.982,0.98289
1664838000,0.98289,0.98378,0.982,0.98267
1664845200,0.98267,0.983,0.98063,0.98281
1664852400,0.98284,0.98453,0.98217,0.98336
1664859600,0.98335,0.9872,0.9826,0.98705
1664866800,0.98706,0.9896,0.98635,0.98747
1664874000,0.98752,0.99039,0.98525,0.98915
1664881200,0.98916,0.99346,0.98772,0.99239
1664888400,0.99246,0.99581,0.991,0.99569
1664895600,0.99569,0.99937,0.9954,0.99702
1664902800,0.99701,0.99988,0.99603,0.99979
1664910000,0.99976,0.99997,0.99771,0.99863
1664917200,0.99854,0.99863,0.99791,0.9983
1664924400,0.9983,0.99902,0.99702,0.9976
1664931600,0.99758,0.99908,0.99604,0.99675
1664938800,0.99675,0.99716,0.99596,0.99662
1664946000,0.99661,0.9995,0.99617,0.99776
1664953200,0.99777,0.99781,0.9923,0.99475
1664960400,0.99474,0.99516,0.99114,0.99242
1664967600,0.99241,0.99271,0.9892,0.99117
1664974800,0.99115,0.99142,0.9835,0.98549
1664982000,0.98549,0.9876,0.98495,0.98631
1664989200,0.98631,0.98954,0.98602,0.98948
1664996400,0.9895,0.98969,0.98824,0.98858
1665003600,0.98773,0.98902,0.9876,0.98892
1665010800,0.98893,0.99263,0.98881,0.99167
1665018000,0.99168,0.99196,0.99031,0.99153
1665025200,0.99153,0.99264,0.99093,0.99209
1665032400,0.99209,0.9926,0.9893,0.98965
1665039600,0.98965,0.99205,0.98752,0.98884
1665046800,0.98885,0.99026,0.98741,0.98853
1665054000,0.98854,0.98933,0.98558,0.98684
1665061200,0.98683,0.98703,0.98182,0.98407
1665068400,0.98414,0.98449,0.97883,0.98025
1665075600,0.98023,0.98169,0.97921,0.97925
1665082800,0.97922,0.98021,0.97895,0.97911
1665090000,0.97895,0.97974,0.97858,0.97927
1665097200,0.97928,0.97976,0.97865,0.97932
1665104400,0.97934,0.98119,0.97864,0.98075
1665111600,0.98076,0.98117,0.97915,0.97915
1665118800,0.97916,0.98039,0.97657,0.97817
1665126000,0.97818,0.98169,0.97816,0.98017
1665133200,0.98019,0.98112,0.97909,0.97967
1665140400,0.97966,0.98045,0.97263,0.97502
1665147600,0.97504,0.97911,0.97418,0.97861
1665154800,0.97859,0.97901,0.97553,0.97611
1665162000,0.97611,0.97692,0.97343,0.97356
1665169200,0.97352,0.97424,0.97308,0.9738
1665349200,0.97293,0.97396,0.97291,0.97316
1665356400,0.97315,0.97412,0.97245,0.97377
1665363600,0.97378,0.97532,0.9737,0.97455
1665370800,0.97453,0.97461,0.97324,0.97397
1665378000,0.97397,0.97434,0.97159,0.97189
1665385200,0.97191,0.97332,0.96818,0.96882
1665392400,0.96885,0.97094,0.96883,0.96926
1665399600,0.96925,0.97192,0.9687,0.97146
1665406800,0.97146,0.97458,0.96942,0.97025
1665414000,0.97025,0.97048,0.96855,0.96918
1665421200,0.96918,0.97238,0.96854,0.97033
1665428400,0.97034,0.97094,0.97012,0.97031
1665435600,0.96994,0.97088,0.96994,0.97081
1665442800,0.97083,0.97226,0.96985,0.97202
1665450000,0.97201,0.97211,0.96809,0.96869
1665457200,0.96871,0.96958,0.96709,0.96771
1665464400,0.9677,0.97027,0.96746,0.96905
1665471600,0.96906,0.97248,0.96893,0.97076
1665478800,0.97077,0.97193,0.96918,0.97174
1665486000,0.97171,0.97379,0.97147,0.97198
1665493200,0.97201,0.97215,0.96908,0.97075
1665500400,0.97075,0.97747,0.97075,0.97653
1665507600,0.97655,0.97667,0.97065,0.9709
1665514800,0.97087,0.97145,0.96937,0.97047
1665522000,0.97043,0.97178,0.97014,0.97135
1665529200,0.97135,0.9714,0.96902,0.9703
1665536400,0.97031,0.9712,0.96829,0.96993
1665543600,0.96993,0.97347,0.96931,0.97148
1665550800,0.97152,0.9733,0.97061,0.97216
1665558000,0.97217,0.97263,0.96956,0.97037
1665565200,0.97037,0.97169,0.96975,0.97161
1665572400,0.97162,0.97199,0.96873,0.97053
1665579600,0.97055,0.97112,0.96679,0.97013
1665586800,0.97014,0.97095,0.96803,0.96836
1665594000,0.96834,0.97204,0.96806,0.96977
1665601200,0.96975,0.97064,0.96917,0.97023
1665608400,0.97014,0.97097,0.96971,0.97076
1665615600,0.97077,0.97219,0.96975,0.97144
1665622800,0.97146,0.97149,0.96962,0.96984
1665630000,0.96984,0.97059,0.9695,0.9704
1665637200,0.97041,0.9709,0.96886,0.96898
1665644400,0.96902,0.97144,0.96855,0.97139
1665651600,0.97135,0.97441,0.9711,0.97249
1665658800,0.9725,0.97531,0.96318,0.96682
1665666000,0.96681,0.9726,0.96453,0.9718
1665673200,0.9718,0.9799,0.97109,0.97747
1665680400,0.97746,0.98061,0.97685,0.97866
1665687600,0.97867,0.97893,0.97711,0.97772
1665694800,0.97707,0.97782,0.97688,0.97775
1665702000,0.97775,0.97787,0.97617,0.97679
1665709200,0.9768,0.98087,0.97678,0.97902
1665716400,0.97906,0.97973,0.97788,0.97816
1665723600,0.97816,0.9797,0.97752,0.97883
1665730800,0.97878,0.97878,0.97448,0.97503
1665738000,0.97504,0.97579,0.97192,0.9734
1665745200,0.97341,0.97769,0.97091,0.9773
1665752400,0.97732,0.97998,0.97071,0.97536
1665759600,0.97537,0.97688,0.97133,0.97176
1665766800,0.97176,0.9732,0.97137,0.97234
1665774000,0.97238,0.97304,0.97163,0.97245
1665954000,0.97225,0.97378,0.97184,0.97323
1665961200,0.97326,0.97506,0.97309,0.97456
1665968400,0.97457,0.97521,0.97386,0.97449
1665975600,0.97449,0.97476,0.97324,0.97366
1665982800,0.97366,0.97559,0.97307,0.97317
1665990000,0.97319,0.97569,0.97204,0.97386
1665997200,0.97386,0.97707,0.97364,0.97488
1666004400,0.97488,0.9785,0.97297,0.97753
1666011600,0.97752,0.9819,0.97727,0.98167
1666018800,0.98168,0.98521,0.98047,0.98391
1666026000,0.98392,0.98507,0.98368,0.98468
1666033200,0.98469,0.98469,0.98323,0.9844
1666040400,0.98412,0.98459,0.98357,0.98421
1666047600,0.98421,0.98527,0.98391,0.9841
1666054800,0.9841,0.98415,0.98267,0.98314
1666062000,0.98315,0.98663,0.98231,0.98572
1666069200,0.98573,0.98728,0.98467,0.98626
1666076400,0.98627,0.98735,0.98246,0.98292
1666083600,0.98289,0.98535,0.98127,0.98191
1666090800,0.98194,0.98578,0.98186,0.98545
1666098000,0.98545,0.98757,0.98249,0.98499
1666105200,0.98498,0.98604,0.98215,0.98559
1666112400,0.9856,0.98602,0.98417,0.985
1666119600,0.985,0.98637,0.98452,0.98601
1666126800,0.98535,0.98689,0.98522,0.9867
1666134000,0.9867,0.98724,0.98531,0.9861
1666141200,0.98611,0.98641,0.9849,0.98525
1666148400,0.98525,0.98554,0.9837,0.98399
1666155600,0.98398,0.98439,0.98205,0.98218
1666162800,0.98225,0.98393,0.98126,0.98168
1666170000,0.98168,0.9824,0.97809,0.97809
1666177200,0.9781,0.97843,0.97596,0.97797
1666184400,0.978,0.98026,0.97705,0.97904
1666191600,0.97902,0.97944,0.9765,0.97659
1666198800,0.97658,0.97785,0.97573,0.97668
1666206000,0.97668,0.97766,0.97647,0.97721
1666213200,0.97717,0.97759,0.97644,0.97651
1666220400,0.9765,0.97717,0.97584,0.97649
1666227600,0.97648,0.97664,0.97547,0.97653
1666234800,0.97653,0.97857,0.97566,0.97783
1666242000,0.9778,0.97941,0.97746,0.9792
1666249200,0.97919,0.97945,0.97715,0.97816
1666256400,0.97818,0.98072,0.9773,0.98067
1666263600,0.98067,0.98372,0.97955,0.98025
1666270800,0.98028,0.98455,0.97798,0.98447
1666278000,0.98448,0.98449,0.97978,0.98026
1666285200,0.98021,0.98027,0.97749,0.97844
1666292400,0.97842,0.97898,0.97732,0.97877
1666299600,0.97838,0.97887,0.97779,0.97829
1666306800,0.97831,0.97831,0.97679,0.97709
1666314000,0.97709,0.97799,0.97651,0.97766
1666321200,0.97766,0.97833,0.97646,0.9771
1666328400,0.9771,0.97774,0.97616,0.97658
1666335600,0.9766,0.98024,0.97527,0.97562
1666342800,0.97563,0.97633,0.97322,0.97498
1666350000,0.975,0.97774,0.97048,0.97577
1666357200,0.97573,0.9817,0.97519,0.9797
1666364400,0.97969,0.98679,0.97795,0.9839
1666371600,0.9839,0.98526,0.98243,0.98441
1666378800,0.98448,0.9869,0.9843,0.98627
1666558800,0.98729,0.98994,0.98471,0.9849
1666566000,0.98489,0.98889,0.98312,0.98491
1666573200,0.98492,0.98492,0.98286,0.98433
1666580400,0.98432,0.98491,0.98254,0.98478
1666587600,0.98475,0.98617,0.98319,0.98458
1666594800,0.98459,0.98617,0.98164,0.98348
1666602000,0.98353,0.98357,0.98068,0.98224
1666609200,0.98224,0.98577,0.98131,0.98433
1666616400,0.98434,0.98936,0.98268,0.98855
1666623600,0.98853,0.98913,0.98633,0.98707
1666630800,0.98708,0.98768,0.98683,0.9875
1666638000,0.98751,0.98809,0.98711,0.9873
1666645200,0.98739,0.98874,0.98668,0.98871
1666652400,0.9887,0.98971,0.98787,0.98943
1666659600,0.98942,0.98985,0.98774,0.98845
1666666800,0.98846,0.98891,0.98774,0.98789
1666674000,0.98788,0.98802,0.98555,0.98613
1666681200,0.98614,0.98761,0.98527,0.98571
1666688400,0.98574,0.98754,0.98542,0.98584
1666695600,0.98586,0.98753,0.98488,0.98745
1666702800,0.98741,0.99765,0.98731,0.99571
1666710000,0.99567,0.99768,0.99467,0.99536
1666717200,0.99535,0.99697,0.99507,0.99592
1666724400,0.99592,0.99696,0.99583,0.99677
1666731600,0.99633,0.99673,0.99554,0.996
1666738800,0.99597,0.99674,0.99436,0.99471
1666746000,0.99471,0.99577,0.99451,0.99524
1666753200,0.99523,0.99608,0.99508,0.99546
1666760400,0.99545,0.99852,0.99515,0.99828
1666767600,0.9983,1.00452,0.99736,1.00381
1666774800,1.00379,1.00476,1.00087,1.0023
1666782000,1.00231,1.00325,0.99956,1.00045
1666789200,1.00043,1.00502,1.00018,1.0048
1666796400,1.00481,1.00836,1.0043,1.00765
1666803600,1.00764,1.00887,1.00671,1.00813
1666810800,1.0081,1.00851,1.00754,1.00832
1666818000,1.00707,1.00855,1.00707,1.00799
1666825200,1.00798,1.00936,1.00745,1.00782
1666832400,1.0078,1.00841,1.00619,1.00666
1666839600,1.00667,1.00742,1.00636,1.00704
1666846800,1.00706,1.00838,1.00542,1.0057
1666854000,1.00567,1.00778,1.00547,1.00601
1666861200,1.00602,1.00628,1.00296,1.00358
1666868400,1.00358,1.00513,0.99861,1.00064
1666875600,1.00066,1.00437,0.99723,0.99981
1666882800,0.9998,1.00116,0.99705,0.99779
1666890000,0.99779,0.99955,0.99576,0.99628
1666897200,0.99629,0.99725,0.9959,0.99648
1666904400,0.99639,0.99722,0.99613,0.99714
1666911600,0.99713,0.99721,0.9958,0.99667
1666918800,0.99668,0.99979,0.99644,0.99886
1666926000,0.99886,0.99926,0.99798,0.99849
1666933200,0.99849,0.999,0.99632,0.99678
1666940400,0.99667,0.9977,0.99267,0.9941
1666947600,0.99442,0.99647,0.99353,0.99475
1666954800,0.99473,0.99755,0.9936,0.99691
1666962000,0.99692,0.99899,0.99392,0.99508
1666969200,0.99509,0.9953,0.99287,0.99383
1666976400,0.99385,0.99572,0.99342,0.99556
1666983600,0.99557,0.99675,0.99525,0.99654
1667163600,0.99481,0.99611,0.99433,0.99573
1667170800,0.99573,0.99648,0.99532,0.99591
1667178000,0.9959,0.99636,0.99432,0.99554
1667185200,0.99555,0.99658,0.99524,0.99606
1667192400,0.99605,0.99618,0.9938,0.99521
1667199600,0.99523,0.99547,0.99142,0.99229
1667206800,0.99229,0.99488,0.99215,0.99326
1667214000,0.99324,0.99392,0.99074,0.99088
1667221200,0.99087,0.99157,0.98806,0.98898
1667228400,0.98897,0.98954,0.98729,0.98754
1667235600,0.98756,0.98957,0.98731,0.98881
1667242800,0.98882,0.98883,0.98767,0.98824
1667250000,0.98769,0.98856,0.98752,0.98845
1667257200,0.98844,0.989,0.98823,0.98851
1667264400,0.9885,0.99081,0.9884,0.99064
1667271600,0.99065,0.99079,0.98945,0.99051
1667278800,0.99052,0.99383,0.99044,0.9933
1667286000,0.99328,0.99478,0.99087,0.99225
1667293200,0.99229,0.99416,0.99151,0.99365
1667300400,0.99366,0.99478,0.9926,0.99408
1667307600,0.99411,0.99541,0.9859,0.98692
1667314800,0.98691,0.99097,0.98528,0.98612
1667322000,0.98613,0.98861,0.9858,0.98826
1667329200,0.98825,0.98839,0.98729,0.98738
1667336400,0.98778,0.98809,0.98701,0.98742
1667343600,0.9874,0.98877,0.9872,0.98872
1667350800,0.98871,0.98965,0.98789,0.98938
1667358000,0.98938,0.98997,0.98794,0.98841
1667365200,0.98842,0.9893,0.98785,0.98827
1667372400,0.98824,0.99068,0.98711,0.98999
1667379600,0.99,0.99118,0.98865,0.99014
1667386800,0.99017,0.99077,0.98845,0.9906
1667394000,0.9906,0.99148,0.98724,0.98735
1667401200,0.98735,0.98861,0.98589,0.98675
1667408400,0.98675,0.99759,0.98589,0.98847
1667415600,0.98853,0.99048,0.98129,0.98143
1667422800,0.98147,0.98317,0.98125,0.9815
1667430000,0.98149,0.98226,0.98099,0.9821
1667437200,0.98209,0.98395,0.98199,0.98272
1667444400,0.98271,0.98359,0.98242,0.98346
1667451600,0.98346,0.98358,0.98098,0.98117
1667458800,0.98115,0.98132,0.97611,0.97677
1667466000,0.97678,0.97702,0.973,0.97452
1667473200,0.97451,0.97636,0.9733,0.97409
1667480400,0.97406,0.97947,0.97352,0.97855
1667487600,0.97853,0.97873,0.97454,0.97481
1667494800,0.9748,0.97566,0.97424,0.97535
1667502000,0.97538,0.97617,0.97476,0.97498
1667509200,0.97498,0.97556,0.97424,0.97513
1667516400,0.97511,0.976,0.97471,0.97529
1667523600,0.9753,0.97714,0.97482,0.97667
1667530800,0.97666,0.97888,0.97666,0.97865
1667538000,0.97865,0.97964,0.97729,0.97805
1667545200,0.978,0.97855,0.97569,0.97738
1667552400,0.97742,0.97963,0.97716,0.97918
1667559600,0.97915,0.98509,0.97511,0.98469
1667566800,0.98467,0.99405,0.98394,0.99291
1667574000,0.99293,0.99336,0.98874,0.9915
1667581200,0.9915,0.99493,0.99133,0.99484
1667588400,0.99485,0.99666,0.99445,0.99595
1667772000,0.99055,0.99447,0.99054,0.99285
1667779200,0.99284,0.99469,0.99177,0.99303
1667786400,0.99303,0.9945,0.99254,0.99376
1667793600,0.99373,0.99553,0.99361,0.99442
1667800800,0.99442,0.99484,0.9924,0.99278
1667808000,0.9928,1.00071,0.99247,0.99855
1667815200,0.99855,0.99956,0.99747,0.99812
1667822400,0.9981,0.99984,0.99658,0.99939
1667829600,0.99943,1.00058,0.99809,1.0001
1667836800,1.00009,1.00265,0.99885,1.00218
1667844000,1.00217,1.0034,1.00194,1.00264
1667851200,1.00266,1.00312,1.00188,1.00209
1667858400,1.00167,1.00221,1.00139,1.00173
1667865600,1.00173,1.00311,1.00109,1.0014
1667872800,1.00139,1.00155,1.00063,1.00131
1667880000,1.00132,1.00144,0.99954,0.99954
1667887200,0.99959,1.00078,0.9987,0.99992
1667894400,0.99996,1.00055,0.9972,1.00034
1667901600,1.00033,1.00096,0.99897,0.99984
1667908800,0.99985,1.00045,0.99852,0.99996
1667916000,0.99993,1.00732,0.99985,1.00662
1667923200,1.00661,1.00942,1.00605,1.00883
1667930400,1.00881,1.00964,1.00541,1.00725
1667937600,1.00724,1.00827,1.00695,1.0073
1667944800,1.00742,1.00851,1.00689,1.00805
1667952000,1.00805,1.00805,1.0059,1.00628
1667959200,1.00631,1.00882,1.0063,1.0072
1667966400,1.00719,1.00731,1.00634,1.00682
1667973600,1.00682,1.00716,1.00561,1.00643
1667980800,1.00644,1.00853,1.00402,1.00469
1667988000,1.00469,1.00643,1.0034,1.00543
1667995200,1.00542,1.00567,1.00227,1.00286
1668002400,1.00292,1.00866,1.00111,1.00279
1668009600,1.0028,1.00527,1.00225,1.00271
1668016800,1.00273,1.00311,0.99929,1.00027
1668024000,1.00027,1.00159,1.00016,1.00119
1668031200,1.00077,1.00205,1.00055,1.00191
1668038400,1.00195,1.00291,1.00154,1.00239
1668045600,1.0024,1.00294,1.00102,1.00264
1668052800,1.00263,1.00384,1.00233,1.00347
1668060000,1.00348,1.0043,0.99964,0.99979
1668067200,0.99977,1.00141,0.99595,0.99612
1668074400,0.99612,0.99694,0.99355,0.99445
1668081600,0.99449,1.01601,0.99418,1.01229
1668088800,1.0123,1.01853,1.01101,1.01813
1668096000,1.01812,1.01815,1.01288,1.01426
1668103200,1.01439,1.01821,1.01427,1.01813
1668110400,1.01812,1.02218,1.01782,1.0208
1668117600,1.02013,1.02044,1.01884,1.01917
1668124800,1.01917,1.01964,1.01631,1.01663
1668132000,1.01662,1.01985,1.01662,1.01843
1668139200,1.01842,1.02231,1.01778,1.0219
1668146400,1.0219,1.02534,1.02081,1.02447
1668153600,1.02444,1.02739,1.02262,1.02691
1668160800,1.02696,1.02947,1.02541,1.0291
1668168000,1.02911,1.03241,1.0284,1.03119
1668175200,1.03118,1.03269,1.02659,1.03265
1668182400,1.03264,1.03451,1.03124,1.0342
1668189600,1.0342,1.03642,1.03381,1.03623
1668196800,1.03623,1.03623,1.03482,1.03527
1668376800,1.03377,1.03414,1.03143,1.03269
1668384000,1.03267,1.03501,1.03213,1.03275
1668391200,1.03276,1.03344,1.03165,1.03269
1668398400,1.03268,1.03272,1.02979,1.03005
1668405600,1.03005,1.03288,1.03005,1.03278
1668412800,1.03277,1.03507,1.03083,1.03127
1668420000,1.03126,1.0318,1.02751,1.02841
1668427200,1.02838,1.03363,1.02715,1.03178
1668434400,1.03182,1.03361,1.02974,1.03301
1668441600,1.03298,1.03511,1.03248,1.03357
1668448800,1.03358,1.03586,1.03338,1.03534
1668456000,1.03535,1.03553,1.03254,1.03257
1668463200,1.03259,1.03299,1.03155,1.03197
1668470400,1.03198,1.03285,1.03122,1.03195
1668477600,1.03195,1.03275,1.03136,1.03202
1668484800,1.03202,1.03351,1.03163,1.03321
1668492000,1.03318,1.04181,1.03276,1.04075
1668499200,1.04071,1.04171,1.03886,1.04037
1668506400,1.04057,1.04378,1.0395,1.04112
1668513600,1.04116,1.04812,1.03923,1.04387
1668520800,1.04386,1.04447,1.03608,1.03684
1668528000,1.03683,1.03899,1.03485,1.0385
1668535200,1.03853,1.03888,1.028,1.03643
1668542400,1.03646,1.03775,1.03428,1.03471
1668549600,1.03483,1.03612,1.03396,1.03573
1668556800,1.03577,1.03615,1.03309,1.03438
1668564000,1.03439,1.03871,1.03413,1.03534
1668571200,1.03535,1.03786,1.03376,1.03736
1668578400,1.03733,1.04145,1.03659,1.04025
1668585600,1.04029,1.04254,1.03877,1.042
1668592800,1.04205,1.04386,1.04114,1.04165
1668600000,1.04167,1.04282,1.03843,1.03909
1668607200,1.03912,1.04104,1.03726,1.04039
1668614400,1.04038,1.04127,1.03715,1.03838
1668621600,1.03839,1.03926,1.03546,1.03925
1668628800,1.03922,1.04048,1.0383,1.03942
1668636000,1.03933,1.03983,1.0387,1.03934
1668643200,1.03936,1.03951,1.03741,1.03774
1668650400,1.03774,1.03799,1.03598,1.0372
1668657600,1.03722,1.03833,1.03685,1.03802
1668664800,1.03802,1.03951,1.037,1.03928
1668672000,1.03927,1.04067,1.03569,1.03638
1668679200,1.0364,1.03701,1.03274,1.03465
1668686400,1.03466,1.03552,1.03108,1.03124
1668693600,1.03124,1.03498,1.03053,1.03289
1668700800,1.0329,1.0357,1.03191,1.03502
1668708000,1.03502,1.03697,1.03484,1.03638
1668715200,1.03637,1.03696,1.03577,1.03646
1668722400,1.03597,1.03666,1.0359,1.0361
1668729600,1.03608,1.0378,1.03572,1.03678
1668736800,1.03678,1.0391,1.03647,1.03827
1668744000,1.03826,1.03832,1.03612,1.03718
1668751200,1.03721,1.0386,1.03597,1.03755
1668758400,1.03754,1.03961,1.03423,1.03816
1668765600,1.03816,1.03817,1.03605,1.03663
1668772800,1.03662,1.03867,1.03566,1.03646
1668780000,1.03648,1.037,1.03262,1.03646
1668787200,1.0364,1.03718,1.03302,1.03334
1668794400,1.03333,1.03373,1.032,1.03277
1668801600,1.03277,1.03331,1.03135,1.03189
1668981600,1.03219,1.03333,1.03205,1.03306
1668988800,1.03309,1.03329,1.03002,1.03118
1668996000,1.03119,1.03119,1.0288,1.03015
1669003200,1.03014,1.03037,1.02723,1.02823
1669010400,1.02824,1.0287,1.02502,1.02552
1669017600,1.02553,1.02733,1.02262,1.02269
1669024800,1.02272,1.02464,1.02262,1.02346
1669032000,1.02348,1.02561,1.02282,1.02544
1669039200,1.02545,1.02628,1.02388,1.02397
1669046400,1.02399,1.02507,1.02227,1.02326
1669053600,1.02322,1.02485,1.02304,1.02395
1669060800,1.02397,1.02467,1.02323,1.02408
1669068000,1.0241,1.02466,1.02389,1.02452
1669075200,1.02451,1.02685,1.02419,1.02606
1669082400,1.02605,1.02677,1.02582,1.02613
1669089600,1.02612,1.02629,1.02457,1.02535
1669096800,1.02535,1.02679,1.02461,1.02658
1669104000,1.02658,1.02862,1.02535,1.02689
1669111200,1.02687,1.0291,1.02617,1.027
1669118400,1.02703,1.02769,1.0256,1.02605
1669125600,1.0261,1.02886,1.02541,1.02834
1669132800,1.02833,1.0296,1.02669,1.02959
1669140000,1.02955,1.03082,1.02896,1.02956
1669147200,1.02953,1.03061,1.02938,1.03023
1669154400,1.03007,1.03107,1.03007,1.03106
1669161600,1.03108,1.03214,1.03005,1.03109
1669168800,1.03107,1.03249,1.03081,1.03155
1669176000,1.03155,1.03311,1.03105,1.03272
1669183200,1.03273,1.03488,1.0322,1.03433
1669190400,1.03433,1.03433,1.03021,1.03253
1669197600,1.03244,1.03251,1.02967,1.03199
1669204800,1.03205,1.03406,1.03149,1.03319
1669212000,1.0332,1.0384,1.03269,1.03764
1669219200,1.03765,1.03788,1.03555,1.0364
1669226400,1.03638,1.0405,1.03594,1.04007
1669233600,1.04008,1.04033,1.03911,1.03944
1669240800,1.03967,1.04191,1.03924,1.04177
1669248000,1.04177,1.0425,1.04051,1.04234
1669255200,1.04234,1.04479,1.04176,1.04458
1669262400,1.04458,1.04485,1.04318,1.0434
1669269600,1.0434,1.04398,1.04152,1.04163
1669276800,1.0416,1.04255,1.04001,1.04194
1669284000,1.04195,1.04293,1.03819,1.04046
1669291200,1.04047,1.04257,1.03981,1.04228
1669298400,1.04232,1.04275,1.04044,1.04095
1669305600,1.04096,1.04147,1.04019,1.04089
1669312800,1.04088,1.04137,1.04012,1.04134
1669320000,1.04135,1.04143,1.0406,1.04102
1669327200,1.04082,1.04097,1.04065,1.04077
1669334400,1.04077,1.04151,1.03961,1.04096
1669341600,1.04097,1.04183,1.04047,1.04164
1669348800,1.04163,1.04293,1.04073,1.04112
1669356000,1.04111,1.0423,1.04073,1.04093
1669363200,1.04092,1.04283,1.03825,1.03934
1669370400,1.03934,1.04218,1.03887,1.03902
1669377600,1.03901,1.03976,1.03611,1.03727
1669384800,1.03726,1.04072,1.03547,1.04069
1669392000,1.04067,1.04115,1.03915,1.0406
1669399200,1.04061,1.04145,1.03969,1.04117
1669406400,1.0412,1.0414,1.0385,1.03888
1669586400,1.03705,1.03811,1.03655,1.03669
1669593600,1.0367,1.03839,1.03413,1.03482
1669600800,1.03483,1.03652,1.03433,1.03549
1669608000,1.03548,1.03631,1.03468,1.03507
1669615200,1.03508,1.03851,1.03482,1.03739
1669622400,1.0374,1.04564,1.03673,1.04478
1669629600,1.04481,1.0497,1.04389,1.04744
1669636800,1.04746,1.04774,1.04443,1.04631
1669644000,1.0463,1.0463,1.03909,1.03984
1669651200,1.03979,1.04023,1.03685,1.03698
1669658400,1.03696,1.0373,1.03372,1.03378
1669665600,1.03383,1.03423,1.03303,1.03396
1669672800,1.03369,1.03468,1.03357,1.03435
1669680000,1.03434,1.03625,1.03341,1.03597
1669687200,1.03596,1.03832,1.03472,1.03788
1669694400,1.03789,1.03944,1.03751,1.03867
1669701600,1.03868,1.03895,1.03522,1.03815
1669708800,1.03805,1.03927,1.03509,1.03648
1669716000,1.03646,1.03935,1.03637,1.03826
1669723200,1.03825,1.03845,1.03247,1.03303
1669730400,1.03305,1.03732,1.03258,1.03563
1669737600,1.03565,1.03586,1.03311,1.03401
1669744800,1.03402,1.03464,1.03227,1.03277
1669752000,1.03278,1.03309,1.03201,1.03293
1669759200,1.03323,1.03323,1.0319,1.03238
1669766400,1.03243,1.03531,1.03207,1.03479
1669773600,1.03478,1.03523,1.03403,1.0348
1669780800,1.03481,1.0361,1.0348,1.03486
1669788000,1.03486,1.03572,1.03358,1.03513
1669795200,1.03512,1.03812,1.03417,1.03582
1669802400,1.03582,1.038,1.03466,1.03591
1669809600,1.03594,1.03918,1.03562,1.03589
1669816800,1.0359,1.03997,1.02947,1.02986
1669824000,1.02987,1.03333,1.02903,1.0315
1669831200,1.03149,1.04153,1.03064,1.04138
1669838400,1.04134,1.04288,1.0399,1.04083
1669845600,1.04033,1.04303,1.04007,1.04232
1669852800,1.04231,1.04479,1.0422,1.04262
1669860000,1.04259,1.04328,1.04189,1.04317
1669867200,1.04317,1.04515,1.04261,1.04457
1669874400,1.04457,1.0464,1.03943,1.04038
1669881600,1.04046,1.04468,1.03932,1.04416
1669888800,1.04416,1.045,1.04178,1.04377
1669896000,1.04376,1.05139,1.04348,1.04894
1669903200,1.04895,1.0534,1.04714,1.04874
1669910400,1.04873,1.05127,1.04696,1.05073
1669917600,1.05075,1.05202,1.04963,1.05187
1669924800,1.05188,1.05304,1.05121,1.05253
1669932000,1.05203,1.05393,1.0517,1.05279
1669939200,1.05278,1.05279,1.05065,1.05133
1669946400,1.05134,1.05258,1.05051,1.05246
1669953600,1.05245,1.05286,1.05166,1.05233
1669960800,1.05233,1.05425,1.0523,1.05295
1669968000,1.05295,1.05451,1.05129,1.053
1669975200,1.05299,1.05393,1.05163,1.05373
1669982400,1.05374,1.05447,1.04284,1.04624
1669989600,1.0462,1.04911,1.04452,1.04734
1669996800,1.04733,1.05341,1.04662,1.05253
1670004000,1.05258,1.05368,1.05105,1.05362
1670011200,1.05361,1.05423,1.05309,1.05414
1670191200,1.05308,1.05439,1.053,1.05437
1670198400,1.0544,1.05743,1.05395,1.05681
1670205600,1.0568,1.05829,1.05575,1.05804
1670212800,1.05804,1.05849,1.05747,1.05832
1670220000,1.05832,1.05832,1.05306,1.05392
1670227200,1.05391,1.05654,1.05338,1.05594
1670234400,1.05593,1.05769,1.05199,1.05645
1670241600,1.05643,1.05949,1.05601,1.05658
1670248800,1.05656,1.05686,1.05036,1.05251
1670256000,1.05252,1.05381,1.04903,1.04955
1670263200,1.04954,1.05064,1.04818,1.04926
1670270400,1.04926,1.04975,1.04802,1.04931
1670277600,1.04866,1.04986,1.04847,1.04964
1670284800,1.04965,1.05188,1.0495,1.05105
1670292000,1.05104,1.05151,1.04879,1.04925
1670299200,1.04922,1.04992,1.04833,1.0494
1670306400,1.0494,1.04981,1.04757,1.04907
1670313600,1.04906,1.05094,1.0479,1.04941
1670320800,1.04938,1.05228,1.04915,1.05169
1670328000,1.05166,1.0533,1.05034,1.05134
1670335200,1.05133,1.05191,1.04861,1.04989
1670342400,1.0499,1.0529,1.04797,1.04821
1670349600,1.04819,1.04827,1.04594,1.04633
1670356800,1.04635,1.04719,1.04622,1.04673
1670364000,1.04631,1.047,1.04631,1.04675
1670371200,1.04675,1.04741,1.04552,1.04729
1670378400,1.04726,1.04766,1.04581,1.04672
1670385600,1.04671,1.0471,1.04586,1.04665
1670392800,1.04668,1.04682,1.04432,1.04597
1670400000,1.04598,1.04844,1.04496,1.0476
1670407200,1.04761,1.05068,1.04727,1.04894
1670414400,1.04893,1.05472,1.04862,1.05424
1670421600,1.05431,1.05498,1.04949,1.05042
1670428800,1.05041,1.05221,1.04881,1.05181
1670436000,1.05182,1.05288,1.05065,1.05143
1670443200,1.05141,1.0517,1.05027,1.05058
1670450400,1.05066,1.05151,1.05031,1.05119
1670457600,1.0512,1.05152,1.04947,1.05016
1670464800,1.05017,1.05074,1.04943,1.05039
1670472000,1.0504,1.05059,1.04939,1.05035
1670479200,1.05035,1.05308,1.05024,1.05259
1670486400,1.05259,1.05275,1.04896,1.04946
1670493600,1.04947,1.05142,1.04908,1.05082
1670500800,1.05079,1.0532,1.05063,1.05205
1670508000,1.05204,1.0549,1.05175,1.05459
1670515200,1.05458,1.0565,1.05343,1.05443
1670522400,1.05441,1.05635,1.05385,1.05603
1670529600,1.05599,1.0561,1.05533,1.05547
1670536800,1.05523,1.05635,1.0549,1.05556
1670544000,1.05556,1.05854,1.0552,1.0579
1670551200,1.05791,1.05841,1.05662,1.05806
1670558400,1.05811,1.05867,1.05747,1.05772
1670565600,1.05771,1.05883,1.05669,1.05681
1670572800,1.05682,1.0577,1.05467,1.05573
1670580000,1.05576,1.05689,1.05511,1.05537
1670587200,1.05543,1.05665,1.05019,1.05389
1670594400,1.05394,1.05581,1.05191,1.05409
1670601600,1.05408,1.0554,1.05322,1.05455
1670608800,1.05454,1.0556,1.05397,1.05471
1670616000,1.0547,1.0548,1.05289,1.05329
1670796000,1.05288,1.05375,1.0518,1.05208
1670803200,1.05209,1.05231,1.05058,1.05125
1670810400,1.05124,1.05202,1.05061,1.0515
1670817600,1.05152,1.05199,1.05083,1.05164
1670824800,1.05163,1.05369,1.05088,1.05264
1670832000,1.05267,1.05649,1.05204,1.05595
1670839200,1.05596,1.05742,1.05548,1.05657
1670846400,1.05656,1.05777,1.05534,1.05715
1670853600,1.05717,1.05803,1.05207,1.05238
1670860800,1.05237,1.05497,1.05176,1.05342
1670868000,1.05343,1.05355,1.05107,1.05222
1670875200,1.05223,1.05388,1.0521,1.05385
1670882400,1.05303,1.05422,1.05302,1.05412
1670889600,1.05412,1.05495,1.05373,1.05465
1670896800,1.05466,1.05542,1.05335,1.05348
1670904000,1.05349,1.05516,1.05314,1.05509
1670911200,1.05513,1.05604,1.05455,1.05513
1670918400,1.05514,1.05607,1.0531,1.05432
1670925600,1.05432,1.05462,1.05279,1.05356
1670932800,1.05353,1.06619,1.05327,1.06463
1670940000,1.06471,1.06733,1.06209,1.06363
1670947200,1.06367,1.06587,1.06108,1.06146
1670954400,1.06145,1.0641,1.06104,1.06362
1670961600,1.0636,1.06382,1.06253,1.06322
1670968800,1.06321,1.0636,1.06208,1.06242
1670976000,1.0624,1.06389,1.0623,1.06345
1670983200,1.06345,1.06385,1.0624,1.06261
1670990400,1.06261,1.06304,1.06196,1.06259
1670997600,1.06259,1.06424,1.06198,1.06297
1671004800,1.06302,1.0665,1.06189,1.06622
1671012000,1.06621,1.06719,1.06452,1.06517
1671019200,1.06518,1.06532,1.06362,1.06465
1671026400,1.06464,1.06615,1.06317,1.06468
1671033600,1.06474,1.06676,1.06418,1.06513
1671040800,1.06515,1.06847,1.06208,1.06637
1671048000,1.06642,1.06952,1.06618,1.06812
1671055200,1.06809,1.06823,1.06726,1.06759
1671062400,1.06759,1.06826,1.06597,1.06624
1671069600,1.06625,1.06651,1.0654,1.06546
1671076800,1.06546,1.06591,1.06455,1.06585
1671084000,1.06585,1.06608,1.06402,1.0641
1671091200,1.06412,1.06468,1.06056,1.06217
1671098400,1.06215,1.06276,1.06067,1.06242
1671105600,1.06243,1.06678,1.06139,1.06526
1671112800,1.06525,1.07363,1.06233,1.06484
1671120000,1.06482,1.06565,1.05928,1.05991
1671127200,1.05999,1.06371,1.05923,1.06307
1671134400,1.06308,1.06381,1.06199,1.0626
1671141600,1.06213,1.06389,1.06201,1.06385
1671148800,1.06386,1.06472,1.06343,1.06417
1671156000,1.06418,1.06624,1.0641,1.06477
1671163200,1.06481,1.06513,1.06405,1.06455
1671170400,1.0645,1.06632,1.06307,1.06313
1671177600,1.06322,1.06605,1.061,1.06116
1671184800,1.06113,1.06395,1.06093,1.06353
1671192000,1.06352,1.06383,1.06134,1.06341
1671199200,1.06342,1.06487,1.06079,1.06169
1671206400,1.06165,1.06246,1.05976,1.06051
1671213600,1.0605,1.06171,1.05953,1.05994
1671220800,1.05994,1.06062,1.05848,1.05897
1671400800,1.05843,1.05962,1.05825,1.05842
1671408000,1.05843,1.06064,1.05817,1.06063
1671415200,1.0606,1.06132,1.06019,1.06085
1671422400,1.06091,1.0611,1.06012,1.06075
1671429600,1.06075,1.06378,1.06034,1.06242
1671436800,1.06247,1.06578,1.06165,1.06177
1671444000,1.06182,1.06352,1.06042,1.06061
1671451200,1.06061,1.06154,1.05973,1.06063
1671458400,1.06065,1.06155,1.05759,1.05796
1671465600,1.05799,1.0631,1.05797,1.0625
1671472800,1.06251,1.06264,1.0601,1.06044
1671480000,1.06046,1.06093,1.06008,1.06067
1671487200,1.06036,1.06127,1.06027,1.06121
1671494400,1.06122,1.06123,1.05978,1.06052
1671501600,1.06052,1.06518,1.06021,1.06081
1671508800,1.06082,1.06156,1.05789,1.05862
1671516000,1.05863,1.06156,1.05828,1.06112
1671523200,1.06112,1.06378,1.06039,1.06371
1671530400,1.06368,1.0646,1.06205,1.06429
1671537600,1.0643,1.06437,1.0594,1.06156
1671544800,1.06155,1.06586,1.05983,1.06401
1671552000,1.06402,1.0642,1.06103,1.0615
1671559200,1.06148,1.06229,1.05993,1.06216
1671566400,1.06215,1.06292,1.06138,1.06242
1671573600,1.0625,1.06281,1.06187,1.0625
1671580800,1.06251,1.06262,1.06136,1.06199
1671588000,1.06199,1.06257,1.06128,1.06165
1671595200,1.06164,1.06177,1.06069,1.06175
1671602400,1.06175,1.06345,1.06099,1.06314
1671609600,1.06322,1.06373,1.06124,1.06145
1671616800,1.06144,1.06287,1.06046,1.06057
1671624000,1.06061,1.06455,1.06046,1.06286
1671631200,1.06285,1.06334,1.05962,1.06152
1671638400,1.06154,1.0616,1.05903,1.06005
1671645600,1.06006,1.062,1.05931,1.06143
1671652800,1.06145,1.06166,1.06033,1.06037
1671660000,1.06034,1.06115,1.06034,1.06077
1671667200,1.06077,1.06299,1.06057,1.06294
1671674400,1.06293,1.06444,1.06256,1.06431
1671681600,1.06432,1.06484,1.06354,1.06399
1671688800,1.064,1.06497,1.06349,1.0639
1671696000,1.06384,1.06595,1.06261,1.06463
1671703200,1.06464,1.06562,1.06138,1.06154
1671710400,1.06155,1.0639,1.06036,1.06113
1671717600,1.06112,1.06185,1.05865,1.06021
1671724800,1.06017,1.06059,1.05821,1.05842
1671732000,1.05841,1.05968,1.05732,1.05926
1671739200,1.05924,1.06031,1.05881,1.05981
1671746400,1.05916,1.06026,1.05916,1.06012
1671753600,1.06011,1.0604,1.05865,1.06018
1671760800,1.06018,1.06123,1.06018,1.06075
1671768000,1.06075,1.06101,1.0603,1.06036
1671775200,1.06035,1.06304,1.06019,1.06283
1671782400,1.06284,1.06284,1.05961,1.06098
1671789600,1.06097,1.0627,1.06075,1.06136
1671796800,1.06137,1.06329,1.05947,1.06081
1671804000,1.0608,1.0632,1.05922,1.06136
1671811200,1.06135,1.06299,1.06094,1.06204
1671818400,1.06203,1.06232,1.06058,1.06208
1672092000,1.06349,1.06457,1.06301,1.06397
1672099200,1.06395,1.06535,1.06344,1.06519
1672106400,1.06518,1.06604,1.06354,1.064
1672113600,1.06398,1.0657,1.06391,1.06554
1672120800,1.06558,1.06679,1.06434,1.06453
1672128000,1.06455,1.06639,1.06383,1.06606
1672135200,1.06605,1.06694,1.06517,1.06544
1672142400,1.06542,1.06574,1.06195,1.06275
1672149600,1.06273,1.06544,1.06114,1.06497
1672156800,1.06499,1.06603,1.06336,1.06374
1672164000,1.06374,1.06564,1.06357,1.06414
1672171200,1.06414,1.06468,1.0636,1.06387
1672178400,1.06385,1.06421,1.06306,1.06367
1672185600,1.06368,1.06429,1.06248,1.0642
1672192800,1.06412,1.06422,1.06319,1.06375
1672200000,1.06374,1.06468,1.0636,1.06459
1672207200,1.0646,1.06547,1.06437,1.06456
1672214400,1.06457,1.0648,1.06278,1.0637
1672221600,1.0637,1.06521,1.06294,1.06464
1672228800,1.06466,1.06576,1.06339,1.06417
1672236000,1.06414,1.06745,1.06115,1.06186
1672243200,1.06192,1.06329,1.06129,1.06289
1672250400,1.06291,1.06356,1.06146,1.0617
1672257600,1.06168,1.06177,1.06064,1.06123
1672264800,1.0607,1.06293,1.0607,1.0629
1672272000,1.06287,1.06372,1.06231,1.06279
1672279200,1.0628,1.06325,1.06198,1.06229
1672286400,1.06232,1.0629,1.06192,1.06247
1672293600,1.0625,1.06268,1.0611,1.06233
1672300800,1.06238,1.0658,1.06223,1.06561
1672308000,1.0656,1.06563,1.06316,1.0638
1672315200,1.06382,1.06671,1.06366,1.0655
1672322400,1.06552,1.067,1.06362,1.06669
1672329600,1.0667,1.06904,1.06567,1.06819
1672336800,1.0682,1.06834,1.06711,1.0678
1672344000,1.0678,1.0678,1.06601,1.06618
1672351200,1.06599,1.06635,1.06544,1.06602
1672358400,1.06604,1.06694,1.06569,1.06604
1672365600,1.06604,1.06631,1.06549,1.06589
1672372800,1.06582,1.06593,1.06423,1.06433
1672380000,1.06432,1.06512,1.06384,1.06511
1672387200,1.06512,1.06746,1.06498,1.06546
1672394400,1.06546,1.06987,1.06534,1.06759
1672401600,1.0676,1.0688,1.06452,1.06686
1672408800,1.06687,1.07011,1.06593,1.06723
1672416000,1.06722,1.07117,1.06709,1.07107
1672423200,1.07119,1.0713,1.06949,1.06997
1672610400,1.06967,1.06983,1.06927,1.06983
1672617600,1.06984,1.07069,1.06858,1.0691
1672624800,1.06909,1.07029,1.06828,1.06897
1672632000,1.06894,1.07022,1.06803,1.0692
1672639200,1.06921,1.06973,1.06629,1.06784
1672646400,1.06785,1.0699,1.06713,1.06786
1672653600,1.06786,1.06895,1.06743,1.06844
1672660800,1.06844,1.06873,1.06762,1.06779
1672668000,1.0678,1.06818,1.06586,1.06602
1672675200,1.06601,1.06697,1.06513,1.06599
1672682400,1.06599,1.06605,1.06505,1.06561
1672689600,1.06562,1.06713,1.06541,1.06594
1672696800,1.06645,1.06833,1.06502,1.06766
1672704000,1.06765,1.06784,1.06505,1.06598
1672711200,1.06596,1.06784,1.06576,1.06724
1672718400,1.06725,1.06802,1.0659,1.06636
1672725600,1.06635,1.06677,1.062,1.06237
1672732800,1.06238,1.06282,1.0534,1.05475
1672740000,1.05479,1.05548,1.05194,1.05283
1672747200,1.05282,1.05698,1.05241,1.05602
1672754400,1.05601,1.05972,1.05547,1.05554
1672761600,1.05556,1.05591,1.05373,1.05462
1672768800,1.05461,1.05683,1.05432,1.05663
1672776000,1.05665,1.05687,1.05462,1.05486
1672783200,1.05457,1.05539,1.05405,1.05455
1672790400,1.05455,1.05698,1.05451,1.05668
1672797600,1.05667,1.05697,1.05614,1.05688
1672804800,1.05689,1.05783,1.05645,1.05692
1672812000,1.05692,1.06059,1.05596,1.05937
1672819200,1.05938,1.06351,1.05901,1.06106
1672826400,1.06109,1.06244,1.06022,1.06044
1672833600,1.06043,1.06197,1.05949,1.06104
1672840800,1.06106,1.06283,1.05813,1.06031
1672848000,1.06031,1.06207,1.05927,1.06072
1672855200,1.06074,1.06127,1.0585,1.06055
1672862400,1.06054,1.06099,1.06009,1.06035
1672869600,1.06018,1.06113,1.05983,1.06063
1672876800,1.06058,1.06313,1.0603,1.06203
1672884000,1.06201,1.06201,1.06064,1.06072
1672891200,1.06071,1.06115,1.06015,1.06106
1672898400,1.06109,1.06199,1.05902,1.06054
1672905600,1.06055,1.06289,1.0605,1.06233
1672912800,1.06236,1.06259,1.0603,1.06111
1672920000,1.0611,1.06174,1.05514,1.05524
1672927200,1.05522,1.05675,1.05151,1.05184
1672934400,1.05188,1.05329,1.05176,1.053
1672941600,1.05301,1.05431,1.0529,1.05301
1672948800,1.053,1.05305,1.05155,1.05218
1672956000,1.05214,1.05261,1.05188,1.05207
1672963200,1.05207,1.05326,1.05189,1.0525
1672970400,1.05251,1.05365,1.05248,1.05323
1672977600,1.05317,1.05344,1.05107,1.05145
1672984800,1.05148,1.05226,1.05069,1.05125
1672992000,1.05126,1.0531,1.04964,1.05074
1672999200,1.05074,1.05159,1.04923,1.04942
1673006400,1.04945,1.05449,1.04819,1.05426
1673013600,1.05425,1.06123,1.0501,1.06017
1673020800,1.06018,1.0638,1.05968,1.06376
1673028000,1.06377,1.06479,1.06295,1.06455
1673035200,1.06454,1.0648,1.0642,1.06427
1673215200,1.06386,1.0663,1.0637,1.06627
1673222400,1.06628,1.06722,1.06514,1.06666
1673229600,1.06667,1.06777,1.06661,1.06674
1673236800,1.06672,1.06829,1.06667,1.06771
1673244000,1.0677,1.06948,1.0668,1.06731
1673251200,1.06732,1.06995,1.06601,1.06721
1673258400,1.06723,1.06855,1.06616,1.06842
1673265600,1.06839,1.07317,1.06808,1.0725
1673272800,1.07251,1.07492,1.07115,1.07401
1673280000,1.07402,1.07606,1.07399,1.07501
1673287200,1.07503,1.07541,1.07376,1.07517
1673294400,1.07516,1.07538,1.07301,1.07326
1673301600,1.0728,1.07385,1.07263,1.07326
1673308800,1.07327,1.07396,1.07206,1.07362
1673316000,1.07362,1.07424,1.07211,1.07323
1673323200,1.07324,1.07441,1.07279,1.07427
1673330400,1.07428,1.07431,1.07219,1.07318
1673337600,1.0732,1.07517,1.07293,1.07459
1673344800,1.07459,1.07459,1.07317,1.0735
1673352000,1.07348,1.07353,1.0712,1.07216
1673359200,1.07217,1.07593,1.07216,1.07277
1673366400,1.07278,1.07438,1.07241,1.07334
1673373600,1.07329,1.07432,1.07277,1.07408
1673380800,1.07409,1.0744,1.07306,1.0734
1673388000,1.07322,1.07391,1.07283,1.07385
1673395200,1.07385,1.07453,1.07255,1.07309
1673402400,1.07305,1.07381,1.07266,1.07336
1673409600,1.07337,1.07569,1.0732,1.07475
1673416800,1.07476,1.07573,1.07436,1.07467
1673424000,1.07468,1.07488,1.07254,1.07415
1673431200,1.07416,1.07552,1.074,1.07483
1673438400,1.07482,1.07527,1.07281,1.07497
1673445600,1.07498,1.07763,1.07451,1.0755
1673452800,1.07552,1.07618,1.07363,1.07468
1673460000,1.07467,1.07681,1.07351,1.07633
1673467200,1.07628,1.07628,1.07519,1.07562
1673474400,1.07538,1.07673,1.0749,1.07653
1673481600,1.07654,1.07744,1.07601,1.07666
1673488800,1.07666,1.07712,1.07614,1.07684
1673496000,1.07685,1.07753,1.07622,1.07625
1673503200,1.07625,1.07688,1.07554,1.07625
1673510400,1.07627,1.07735,1.07427,1.07652
1673517600,1.07654,1.07684,1.07516,1.07616
1673524800,1.07617,1.08386,1.07293,1.08293
1673532000,1.08295,1.08338,1.07519,1.08068
1673539200,1.08069,1.08489,1.08023,1.08488
1673546400,1.08487,1.08667,1.08393,1.08492
1673553600,1.08493,1.0855,1.08413,1.08506
1673560800,1.08448,1.08599,1.0841,1.08595
1673568000,1.08596,1.08679,1.08452,1.08556
1673575200,1.08557,1.08561,1.08315,1.08455
1673582400,1.08456,1.08463,1.08316,1.0837
1673589600,1.08375,1.0851,1.08332,1.08489
1673596800,1.08491,1.08643,1.08332,1.08425
1673604000,1.08426,1.08518,1.08081,1.08121
1673611200,1.08121,1.08202,1.07927,1.07938
1673618400,1.07936,1.08387,1.07805,1.08295
1673625600,1.08294,1.08336,1.08011,1.08281
1673632800,1.08283,1.08353,1.08181,1.08292
1673640000,1.08294,1.08358,1.08271,1.08324
1673820000,1.08295,1.0835,1.08201,1.08226
1673827200,1.08226,1.08721,1.08211,1.0868
1673834400,1.08681,1.08742,1.08593,1.08602
1673841600,1.08602,1.08641,1.08508,1.08604
1673848800,1.08605,1.08605,1.08266,1.08311
1673856000,1.08309,1.08322,1.08015,1.08211
1673863200,1.0821,1.08367,1.08207,1.0827
1673870400,1.08263,1.08285,1.08059,1.08158
1673877600,1.08158,1.08291,1.08139,1.08253
1673884800,1.08255,1.08267,1.08118,1.08137
1673892000,1.08137,1.08195,1.08109,1.08195
1673899200,1.08196,1.08246,1.08175,1.08212
1673906400,1.082,1.08324,1.0816,1.08297
1673913600,1.08298,1.08337,1.08141,1.08172
1673920800,1.08171,1.0833,1.08061,1.08251
1673928000,1.0825,1.08323,1.08218,1.0831
1673935200,1.08309,1.08356,1.08119,1.08282
1673942400,1.08281,1.08386,1.0811,1.08175
1673949600,1.08176,1.08338,1.0809,1.08324
1673956800,1.08323,1.08581,1.08223,1.08426
1673964000,1.08426,1.08694,1.07951,1.08018
1673971200,1.08019,1.08093,1.07745,1.07823
1673978400,1.07819,1.08039,1.07798,1.07935
1673985600,1.07936,1.07971,1.07867,1.0788
1673992800,1.07882,1.07933,1.07855,1.07895
1674000000,1.07894,1.07963,1.07824,1.07962
1674007200,1.07962,1.07993,1.07662,1.07731
1674014400,1.07731,1.07801,1.07672,1.07796
1674021600,1.07796,1.08366,1.07795,1.08255
1674028800,1.08258,1.08716,1.08253,1.08701
1674036000,1.08703,1.08703,1.08116,1.0815
1674043200,1.08152,1.08679,1.08151,1.08583
1674050400,1.08584,1.08875,1.0827,1.08333
1674057600,1.08334,1.08358,1.07873,1.0796
1674064800,1.07964,1.0799,1.07868,1.07952
1674072000,1.0795,1.07973,1.07875,1.07939
1674079200,1.07895,1.07981,1.07881,1.07975
1674086400,1.07977,1.07983,1.07826,1.07879
1674093600,1.07882,1.08057,1.07824,1.08006
1674100800,1.08005,1.08022,1.07912,1.07916
1674108000,1.07915,1.0814,1.07824,1.08081
1674115200,1.0808,1.08294,1.08035,1.08248
1674122400,1.08249,1.08384,1.08158,1.08219
1674129600,1.08218,1.08271,1.07957,1.08097
1674136800,1.08095,1.08252,1.07838,1.07893
1674144000,1.07895,1.08246,1.07874,1.08163
1674151200,1.08164,1.08354,1.08131,1.08307
1674158400,1.08306,1.084,1.08279,1.08306
1674165600,1.08281,1.08372,1.08268,1.08335
1674172800,1.08335,1.08441,1.08281,1.08363
1674180000,1.08363,1.0844,1.08314,1.08344
1674187200,1.08343,1.08356,1.0825,1.08352
1674194400,1.08353,1.08466,1.08208,1.08401
1674201600,1.08404,1.08591,1.08286,1.0831
1674208800,1.08311,1.08474,1.08246,1.08251
1674216000,1.08252,1.08277,1.08023,1.08067
1674223200,1.08066,1.08478,1.08045,1.08311
1674230400,1.08314,1.08474,1.08275,1.08438
1674237600,1.08439,1.08585,1.08338,1.0854
1674244800,1.08539,1.08584,1.08521,1.08561
1674424800,1.0867,1.08697,1.08614,1.08642
1674432000,1.08643,1.08996,1.08643,1.08949
1674439200,1.08949,1.09032,1.089,1.08985
1674446400,1.08984,1.08988,1.08891,1.08923
1674453600,1.08922,1.09269,1.08872,1.09142
1674460800,1.0914,1.09204,1.08932,1.09117
1674468000,1.09116,1.09155,1.0879,1.08814
1674475200,1.08813,1.08832,1.08533,1.08589
1674482400,1.08588,1.08692,1.08462,1.08648
1674489600,1.08647,1.0876,1.0857,1.08625
1674496800,1.08626,1.08731,1.08476,1.0859
1674504000,1.08591,1.08717,1.08571,1.08712
1674511200,1.0871,1.08761,1.08679,1.08713
1674518400,1.08713,1.08825,1.08677,1.08809
1674525600,1.08809,1.0883,1.08731,1.08746
1674532800,1.08745,1.08826,1.08694,1.08783
1674540000,1.08783,1.0898,1.08777,1.08887
1674547200,1.08888,1.08959,1.08519,1.08608
1674554400,1.08606,1.08759,1.08522,1.08666
1674561600,1.08666,1.08809,1.08542,1.0866
1674568800,1.08659,1.08806,1.08352,1.08753
1674576000,1.08754,1.08872,1.08672,1.08834
1674583200,1.08833,1.08889,1.08741,1.08838
1674590400,1.08841,1.08889,1.08792,1.0888
1674597600,1.08862,1.08904,1.08789,1.08899
1674604800,1.08899,1.08942,1.08809,1.08931
1674612000,1.08931,1.09016,1.08926,1.08972
1674619200,1.08973,1.09027,1.0892,1.08975
1674626400,1.08975,1.09113,1.08786,1.08811
1674633600,1.08807,1.08918,1.08679,1.08813
1674640800,1.08809,1.0881,1.08573,1.08647
1674648000,1.08646,1.08849,1.08587,1.08721
1674655200,1.0872,1.09237,1.08687,1.09023
1674662400,1.09019,1.09037,1.08743,1.08993
1674669600,1.08995,1.09181,1.08995,1.09146
1674676800,1.09147,1.09179,1.09066,1.09151
1674684000,1.09155,1.09228,1.09091,1.09207
1674691200,1.09207,1.09248,1.0907,1.09191
1674698400,1.09192,1.09218,1.09108,1.09132
1674705600,1.0913,1.09189,1.0909,1.09188
1674712800,1.09186,1.09295,1.09067,1.09197
1674720000,1.09195,1.09282,1.08925,1.08957
1674727200,1.08956,1.09079,1.08939,1.0903
1674734400,1.09031,1.09084,1.08729,1.09026
1674741600,1.09026,1.09175,1.0851,1.08553
1674748800,1.08555,1.08718,1.08506,1.08648
1674756000,1.08648,1.08903,1.08636,1.08892
1674763200,1.08893,1.08951,1.08864,1.08912
1674770400,1.08895,1.08965,1.08868,1.08931
1674777600,1.08932,1.09003,1.08861,1.08896
1674784800,1.08896,1.089,1.08706,1.08737
1674792000,1.08736,1.08739,1.08656,1.08738
1674799200,1.08739,1.08796,1.08663,1.08739
1674806400,1.08745,1.08923,1.08658,1.08839
1674813600,1.08837,1.08954,1.08755,1.08791
1674820800,1.08792,1.08808,1.08595,1.08623
1674828000,1.08622,1.08792,1.0838,1.08386
1674835200,1.08387,1.08719,1.08382,1.08666
1674842400,1.08665,1.08724,1.08565,1.08686
1674849600,1.08687,1.0873,1.08641,1.08674
1675029600,1.08641,1.08727,1.08578,1.08718
1675036800,1.08717,1.08753,1.08612,1.08736
1675044000,1.08734,1.08735,1.08644,1.08686
1675051200,1.08684,1.08795,1.08643,1.08692
1675058400,1.08692,1.08699,1.08529,1.08596
1675065600,1.08603,1.09041,1.08603,1.09019
1675072800,1.0902,1.09137,1.08908,1.08964
1675080000,1.08966,1.09113,1.08862,1.08863
1675087200,1.08863,1.08998,1.08677,1.08708
1675094400,1.08709,1.08748,1.08574,1.08578
1675101600,1.08576,1.08607,1.08393,1.08462
1675108800,1.0846,1.08546,1.0844,1.08514
1675116000,1.0848,1.08516,1.08467,1.08498
1675123200,1.08502,1.08602,1.08488,1.08577
1675130400,1.08577,1.08592,1.08441,1.08448
1675137600,1.0845,1.08468,1.0833,1.08346
1675144800,1.08351,1.08496,1.08316,1.08441
1675152000,1.08442,1.08449,1.0802,1.08298
1675159200,1.08301,1.08383,1.08204,1.08359
1675166400,1.08361,1.08632,1.08256,1.08511
1675173600,1.08513,1.08644,1.08335,1.08602
1675180800,1.08601,1.08679,1.08507,1.08654
1675188000,1.08655,1.08749,1.0863,1.08641
1675195200,1.08643,1.08731,1.086,1.08614
1675202400,1.08611,1.08656,1.08596,1.08606
1675209600,1.08605,1.08642,1.0857,1.08573
1675216800,1.08574,1.08629,1.08522,1.08629
1675224000,1.08628,1.0875,1.08627,1.08717
1675231200,1.08715,1.08839,1.08659,1.08801
1675238400,1.08808,1.08886,1.08697,1.08836
1675245600,1.08806,1.08969,1.08794,1.08925
1675252800,1.08925,1.09101,1.08882,1.0904
1675260000,1.09041,1.09247,1.0888,1.09197
1675267200,1.09196,1.09241,1.09048,1.09079
1675274400,1.09081,1.09858,1.08887,1.09779
1675281600,1.09782,1.10009,1.09695,1.09893
1675288800,1.09871,1.10329,1.09848,1.10126
1675296000,1.10126,1.10268,1.10064,1.10134
1675303200,1.1013,1.10212,1.10119,1.10176
1675310400,1.10176,1.10256,1.10162,1.10201
1675317600,1.10203,1.10218,1.09915,1.09936
1675324800,1.09935,1.10106,1.0989,1.09988
1675332000,1.09993,1.10022,1.09805,1.09992
1675339200,1.09994,1.10043,1.09444,1.09452
1675346400,1.09454,1.09664,1.08855,1.09368
1675353600,1.09366,1.09488,1.09057,1.09086
1675360800,1.0909,1.09228,1.09053,1.0908
1675368000,1.09081,1.09163,1.09056,1.09102
1675375200,1.09082,1.09114,1.09045,1.09046
1675382400,1.09047,1.09052,1.08912,1.08937
1675389600,1.08938,1.0896,1.08879,1.08941
1675396800,1.08942,1.08985,1.08873,1.08937
1675404000,1.08937,1.09061,1.0882,1.08996
1675411200,1.08999,1.0931,1.08847,1.09301
1675418400,1.093,1.09371,1.09248,1.09292
1675425600,1.09291,1.09402,1.08266,1.08398
1675432800,1.08394,1.08763,1.08092,1.08584
1675440000,1.08587,1.08617,1.08225,1.08247
1675447200,1.08245,1.08249,1.0802,1.08049
1675454400,1.08047,1.08049,1.07924,1.07935
1675634400,1.07833,1.07982,1.0781,1.07893
1675641600,1.0789,1.07948,1.07814,1.0785
1675648800,1.07848,1.07984,1.07821,1.07902
1675656000,1.07903,1.07989,1.07887,1.07968
1675663200,1.07969,1.07979,1.078,1.07801
1675670400,1.07802,1.07952,1.07652,1.07666
1675677600,1.07669,1.07777,1.07567,1.07662
1675684800,1.07658,1.07832,1.07571,1.07581
1675692000,1.0758,1.07662,1.07222,1.07303
1675699200,1.07305,1.07394,1.07095,1.07132
1675706400,1.07133,1.07375,1.07103,1.07247
1675713600,1.07248,1.0731,1.07187,1.07256
1675720800,1.07252,1.0729,1.07213,1.0729
1675728000,1.0729,1.07427,1.0728,1.07411
1675735200,1.07412,1.07427,1.0736,1.07382
1675742400,1.07381,1.07417,1.07286,1.07403
1675749600,1.07403,1.07438,1.07232,1.07241
1675756800,1.07243,1.07349,1.0697,1.0711
1675764000,1.07111,1.07228,1.06981,1.07051
1675771200,1.07053,1.07123,1.06859,1.06953
1675778400,1.06954,1.06995,1.06691,1.06927
1675785600,1.06928,1.07667,1.06886,1.07604
1675792800,1.07601,1.07625,1.06875,1.07195
1675800000,1.07194,1.07298,1.07084,1.07275
1675807200,1.07229,1.0731,1.07222,1.07306
1675814400,1.07306,1.0735,1.07234,1.07264
1675821600,1.07263,1.07347,1.07238,1.07323
1675828800,1.0732,1.0735,1.07273,1.07338
1675836000,1.07335,1.07598,1.0724,1.07588
1675843200,1.07588,1.07608,1.0741,1.07552
1675850400,1.07553,1.07559,1.0733,1.0735
1675857600,1.07347,1.07491,1.07257,1.07315
1675864800,1.07317,1.07432,1.07137,1.07253
1675872000,1.07249,1.07402,1.07187,1.07284
1675879200,1.07287,1.07393,1.0721,1.07232
1675886400,1.07231,1.07246,1.07095,1.07139
1675893600,1.07095,1.0717,1.07079,1.07153
1675900800,1.07152,1.0726,1.07093,1.07248
1675908000,1.07248,1.07327,1.07237,1.07295
1675915200,1.07295,1.0738,1.07273,1.07356
1675922400,1.07356,1.07448,1.07241,1.0733
1675929600,1.0733,1.07688,1.07326,1.07635
1675936800,1.07636,1.07785,1.07588,1.07632
1675944000,1.07628,1.079,1.07591,1.07897
1675951200,1.07901,1.07908,1.07617,1.07628
1675958400,1.07627,1.07633,1.0739,1.07488
1675965600,1.07486,1.07486,1.07333,1.07374
1675972800,1.07375,1.07396,1.07315,1.07385
1675980000,1.07348,1.07419,1.07326,1.07392
1675987200,1.07394,1.07396,1.07256,1.07336
1675994400,1.07335,1.07343,1.07175,1.07208
1676001600,1.07209,1.07269,1.07174,1.0726
1676008800,1.0726,1.07447,1.07191,1.07412
1676016000,1.07412,1.07528,1.07041,1.07066
1676023200,1.07065,1.07114,1.06917,1.06986
1676030400,1.06986,1.07006,1.06813,1.06959
1676037600,1.06957,1.07069,1.06746,1.0677
1676044800,1.06771,1.06871,1.06663,1.06683
1676052000,1.06682,1.06768,1.06678,1.06734
1676059200,1.06735,1.06809,1.06733,1.06786
1676239200,1.06805,1.06815,1.06708,1.06773
1676246400,1.06773,1.06789,1.06555,1.0667
1676253600,1.06669,1.0671,1.06604,1.06607
1676260800,1.06607,1.06707,1.06606,1.06694
1676268000,1.06695,1.06898,1.06671,1.06831
1676275200,1.06833,1.06856,1.06633,1.06771
1676282400,1.06773,1.0685,1.06732,1.06757
1676289600,1.06758,1.06967,1.06737,1.06806
1676296800,1.06807,1.07274,1.06764,1.07197
1676304000,1.07198,1.07234,1.07103,1.07183
1676311200,1.07184,1.073,1.07117,1.07173
1676318400,1.07174,1.07251,1.07142,1.0725
1676325600,1.07199,1.07325,1.07192,1.07309
1676332800,1.07309,1.07368,1.07258,1.07287
1676340000,1.07288,1.0736,1.07255,1.07345
1676347200,1.07344,1.074,1.07319,1.07385
1676354400,1.07384,1.07465,1.07287,1.07319
1676361600,1.07321,1.0767,1.0729,1.07613
1676368800,1.07613,1.07662,1.07486,1.07553
1676376000,1.07552,1.08048,1.07174,1.07604
1676383200,1.07608,1.07719,1.07068,1.07158
1676390400,1.07157,1.0734,1.07125,1.07279
1676397600,1.07278,1.07456,1.07233,1.07394
1676404800,1.07388,1.07424,1.07323,1.07355
1676412000,1.07365,1.07396,1.0733,1.07354
1676419200,1.07354,1.07446,1.07329,1.07398
1676426400,1.07396,1.07398,1.07171,1.07181
1676433600,1.07181,1.07211,1.07137,1.07151
1676440800,1.07152,1.072,1.07002,1.07082
1676448000,1.07084,1.07299,1.07049,1.07259
1676455200,1.07258,1.0733,1.07103,1.07111
1676462400,1.07111,1.07182,1.06738,1.0683
1676469600,1.06832,1.06891,1.06653,1.0676
1676476800,1.06757,1.06877,1.06619,1.06671
1676484000,1.06672,1.06863,1.06605,1.0681
1676491200,1.06813,1.06915,1.06798,1.06865
1676498400,1.06865,1.06923,1.06837,1.06913
1676505600,1.06914,1.07081,1.06845,1.07048
1676512800,1.07046,1.0715,1.07026,1.07095
1676520000,1.07095,1.07106,1.0701,1.07054
1676527200,1.07055,1.07103,1.06962,1.07089
1676534400,1.07091,1.07224,1.06891,1.07003
1676541600,1.07004,1.07128,1.06936,1.07052
1676548800,1.07053,1.07088,1.06699,1.06795
1676556000,1.06793,1.06893,1.06545,1.06731
1676563200,1.06735,1.06961,1.06683,1.06929
1676570400,1.06928,1.06976,1.06834,1.06904
1676577600,1.06903,1.06911,1.06692,1.06727
1676584800,1.06715,1.06746,1.06623,1.06655
1676592000,1.06654,1.06656,1.06522,1.06535
1676599200,1.06534,1.06559,1.06484,1.06528
1676606400,1.06527,1.06531,1.06328,1.06385
1676613600,1.06384,1.06463,1.06295,1.06441
1676620800,1.0644,1.06615,1.06306,1.0637
1676628000,1.06368,1.06448,1.06238,1.06257
1676635200,1.06257,1.06438,1.06127,1.06411
1676642400,1.06412,1.06822,1.06368,1.06622
1676649600,1.06623,1.06938,1.0657,1.06786
1676656800,1.06789,1.06969,1.06776,1.06963
1676664000,1.06964,1.06985,1.06926,1.06934
1676844000,1.0687,1.06936,1.06825,1.06841
1676851200,1.0684,1.06855,1.06731,1.0676
1676858400,1.06759,1.06868,1.06754,1.06818
1676865600,1.06818,1.06933,1.06815,1.06909
1676872800,1.06906,1.07038,1.06875,1.07017
1676880000,1.07016,1.07047,1.06792,1.06795
1676887200,1.06797,1.06923,1.06781,1.06852
1676894400,1.06856,1.06863,1.06704,1.06806
1676901600,1.06804,1.06938,1.06784,1.06863
1676908800,1.06864,1.06905,1.06833,1.06856
1676916000,1.06857,1.06875,1.06835,1.06874
1676923200,1.06873,1.06874,1.06824,1.06846
1676930400,1.06843,1.06886,1.06821,1.06821
1676937600,1.06822,1.0685,1.06675,1.06736
1676944800,1.06736,1.06752,1.06622,1.06667
1676952000,1.06669,1.06742,1.06628,1.06737
1676959200,1.06738,1.06738,1.066,1.06697
1676966400,1.06698,1.06886,1.06428,1.06632
1676973600,1.06631,1.06684,1.06457,1.06575
1676980800,1.06573,1.06696,1.06472,1.06529
1676988000,1.0653,1.06982,1.06439,1.06854
1676995200,1.06857,1.06857,1.06528,1.06608
1677002400,1.06608,1.06614,1.06374,1.06486
1677009600,1.06487,1.06526,1.06432,1.06461
1677016800,1.06438,1.06534,1.06438,1.06511
1677024000,1.06512,1.06641,1.06485,1.06576
1677031200,1.06575,1.06626,1.06537,1.06597
1677038400,1.06596,1.06601,1.06511,1.06576
1677045600,1.06576,1.06635,1.06524,1.06536
1677052800,1.06533,1.06579,1.06357,1.06376
1677060000,1.06379,1.06422,1.06246,1.06303
1677067200,1.06306,1.06505,1.06254,1.06463
1677074400,1.06462,1.06603,1.06251,1.0627
1677081600,1.06269,1.06346,1.06173,1.06283
1677088800,1.06282,1.06361,1.05993,1.0601
1677096000,1.06011,1.06072,1.05992,1.06048
1677103200,1.06042,1.061,1.06012,1.06054
1677110400,1.06054,1.06218,1.06054,1.06197
1677117600,1.06197,1.06248,1.06144,1.06225
1677124800,1.06224,1.06245,1.06154,1.06225
1677132000,1.06224,1.06278,1.06104,1.06166
1677139200,1.06165,1.06178,1.05875,1.05909
1677146400,1.05908,1.06044,1.05859,1.06041
1677153600,1.0604,1.0621,1.05943,1.06076
1677160800,1.06078,1.06166,1.05876,1.0597
1677168000,1.05968,1.05982,1.05771,1.05853
1677175200,1.05856,1.0603,1.0581,1.05957
1677182400,1.05956,1.06034,1.0594,1.05941
1677189600,1.05919,1.06016,1.05914,1.05975
1677196800,1.05975,1.06144,1.05935,1.06013
1677204000,1.06007,1.06063,1.05947,1.06
1677211200,1.06,1.06022,1.05958,1.05975
1677218400,1.05976,1.06023,1.05887,1.05893
1677225600,1.05893,1.0596,1.05799,1.05858
1677232800,1.05862,1.05961,1.05735,1.05797
1677240000,1.05795,1.05798,1.05442,1.05539
1677247200,1.05536,1.05607,1.05362,1.05423
1677254400,1.05428,1.05597,1.05403,1.05472
1677261600,1.05475,1.05552,1.05441,1.05508
1677268800,1.05507,1.05556,1.05439,1.05449
1677448800,1.05485,1.05554,1.05449,1.05533
1677456000,1.05533,1.05595,1.05452,1.05593
1677463200,1.05586,1.056,1.054,1.05443
1677470400,1.05443,1.05506,1.05389,1.05395
1677477600,1.05396,1.05529,1.0533,1.05479
1677484800,1.05482,1.05613,1.05482,1.05512
1677492000,1.05512,1.05692,1.05487,1.05622
1677499200,1.05623,1.05833,1.055,1.05828
1677506400,1.05829,1.062,1.05761,1.06012
1677513600,1.06011,1.06043,1.05797,1.06013
1677520800,1.06014,1.06129,1.05988,1.06075
1677528000,1.06076,1.06103,1.06045,1.06088
1677535200,1.06026,1.06106,1.05958,1.06095
1677542400,1.06098,1.0615,1.05861,1.05865
1677549600,1.05866,1.05988,1.05856,1.05925
1677556800,1.05923,1.05927,1.0582,1.05847
1677564000,1.05842,1.05968,1.0582,1.05934
1677571200,1.05947,1.0626,1.05947,1.0606
1677578400,1.06059,1.06187,1.06057,1.06091
1677585600,1.06092,1.0632,1.06058,1.06313
1677592800,1.06311,1.06454,1.06017,1.06052
1677600000,1.06053,1.06171,1.05952,1.06056
1677607200,1.06054,1.06067,1.05827,1.05839
1677614400,1.0584,1.0584,1.05741,1.05756
1677621600,1.05731,1.05803,1.0572,1.05767
1677628800,1.05768,1.05852,1.05653,1.05843
1677636000,1.05844,1.05956,1.05815,1.05932
1677643200,1.05931,1.05954,1.05883,1.0591
1677650400,1.0591,1.06451,1.05894,1.06415
1677657600,1.06414,1.06578,1.06257,1.06423
1677664800,1.06422,1.06741,1.064,1.06699
1677672000,1.067,1.06916,1.06636,1.06714
1677679200,1.06707,1.06798,1.06436,1.06723
1677686400,1.06724,1.06785,1.06593,1.06653
1677693600,1.06652,1.06653,1.06465,1.06572
1677700800,1.06577,1.06713,1.06564,1.06687
1677708000,1.06663,1.06726,1.0664,1.06686
1677715200,1.06687,1.06728,1.06466,1.06515
1677722400,1.06516,1.06568,1.06446,1.06457
1677729600,1.06457,1.06508,1.06372,1.06413
1677736800,1.06415,1.06447,1.06322,1.06364
1677744000,1.06363,1.0643,1.06191,1.06241
1677751200,1.06241,1.06312,1.06131,1.06249
1677758400,1.0625,1.06311,1.05819,1.05861
1677765600,1.05857,1.06147,1.05856,1.06087
1677772800,1.06086,1.06129,1.05766,1.05799
1677780000,1.05801,1.05995,1.05765,1.05903
1677787200,1.05903,1.06065,1.05861,1.0597
1677794400,1.05956,1.06008,1.05945,1.05983
1677801600,1.05983,1.06145,1.05967,1.06084
1677808800,1.06084,1.06149,1.06019,1.06062
1677816000,1.06063,1.06133,1.06052,1.0609
1677823200,1.06092,1.06231,1.0609,1.06099
1677830400,1.06101,1.06292,1.06074,1.06099
1677837600,1.061,1.06234,1.06005,1.06146
1677844800,1.06146,1.06297,1.06032,1.06225
1677852000,1.06225,1.06295,1.05883,1.05978
1677859200,1.05982,1.06251,1.05926,1.06248
1677866400,1.06249,1.06357,1.062,1.06347
1677873600,1.06347,1.06387,1.06303,1.0633
1678053600,1.06238,1.06288,1.06227,1.06257
1678060800,1.06256,1.06382,1.06241,1.06364
1678068000,1.06364,1.06501,1.06281,1.06457
1678075200,1.06458,1.0649,1.06411,1.06484
1678082400,1.06486,1.06568,1.06372,1.06484
1678089600,1.06481,1.06573,1.06281,1.06292
1678096800,1.06292,1.06478,1.06222,1.06395
1678104000,1.06397,1.06583,1.06323,1.06547
1678111200,1.06547,1.06898,1.06503,1.06788
1678118400,1.06785,1.06944,1.06756,1.06851
1678125600,1.06851,1.06861,1.06684,1.06757
1678132800,1.06756,1.06838,1.06721,1.06826
1678140000,1.06727,1.06868,1.06727,1.06855
1678147200,1.06855,1.06889,1.06765,1.06866
1678154400,1.06864,1.06927,1.06845,1.06911
1678161600,1.0691,1.06933,1.06812,1.06851
1678168800,1.06846,1.06944,1.06746,1.06855
1678176000,1.06855,1.06865,1.06556,1.06569
1678183200,1.06569,1.0669,1.06543,1.06566
1678190400,1.06565,1.06721,1.06502,1.06564
1678197600,1.06563,1.06612,1.05739,1.05855
1678204800,1.05854,1.05961,1.05658,1.05673
1678212000,1.05676,1.05739,1.05461,1.05517
1678219200,1.05516,1.05574,1.05473,1.0549
1678226400,1.05473,1.05532,1.05461,1.05485
1678233600,1.05483,1.05507,1.05421,1.05448
1678240800,1.05448,1.05471,1.05276,1.05294
1678248000,1.05296,1.05365,1.05242,1.0531
1678255200,1.0531,1.0547,1.05304,1.05435
1678262400,1.05435,1.05487,1.05348,1.05355
1678269600,1.05352,1.05461,1.0534,1.05378
1678276800,1.05375,1.05492,1.05368,1.05413
1678284000,1.05418,1.05739,1.05294,1.05528
1678291200,1.05537,1.05679,1.05423,1.05452
1678298400,1.05451,1.05507,1.05397,1.05459
1678305600,1.05459,1.05501,1.05412,1.05438
1678312800,1.05435,1.05497,1.05368,1.0549
1678320000,1.0549,1.05534,1.0538,1.05404
1678327200,1.05405,1.05509,1.05393,1.05493
1678334400,1.05494,1.05556,1.0546,1.05523
1678341600,1.05524,1.05596,1.05483,1.05563
1678348800,1.05562,1.05697,1.05481,1.05586
1678356000,1.05584,1.05815,1.05534,1.05711
1678363200,1.0571,1.05778,1.05525,1.05742
1678370400,1.05741,1.05865,1.05664,1.05689
1678377600,1.05685,1.05838,1.05637,1.05773
1678384800,1.05772,1.05912,1.0573,1.05757
1678392000,1.05756,1.05828,1.05725,1.05822
1678399200,1.05764,1.05855,1.05764,1.05855
1678406400,1.05855,1.05992,1.05853,1.05945
1678413600,1.05946,1.05983,1.05792,1.05968
1678420800,1.05967,1.05986,1.05856,1.05866
1678428000,1.05865,1.06069,1.05811,1.05948
1678435200,1.05947,1.05989,1.0574,1.05814
1678442400,1.05814,1.06039,1.05777,1.05896
1678449600,1.05897,1.06443,1.05808,1.06219
1678456800,1.06215,1.07008,1.06122,1.06873
1678464000,1.06872,1.06874,1.06552,1.06685
1678471200,1.06685,1.06728,1.0636,1.06436
1678478400,1.06435,1.0648,1.06366,1.06388
1678654800,1.06778,1.07027,1.06719,1.06901
1678662000,1.06901,1.07022,1.06758,1.06814
1678669200,1.06815,1.07315,1.06639,1.07302
1678676400,1.07301,1.07368,1.07163,1.07177
1678683600,1.07177,1.07297,1.07131,1.07214
1678690800,1.07213,1.07372,1.0704,1.07075
1678698000,1.07074,1.07074,1.06602,1.0674
1678705200,1.06742,1.0698,1.06504,1.06965
1678712400,1.06964,1.0728,1.06854,1.07229
1678719600,1.07228,1.07424,1.07117,1.07395
1678726800,1.07394,1.07486,1.07292,1.07338
1678734000,1.07339,1.07349,1.07209,1.07314
1678741200,1.07315,1.07315,1.0725,1.0727
1678748400,1.07269,1.07292,1.07115,1.0719
1678755600,1.0719,1.07212,1.06988,1.07007
1678762800,1.07009,1.07072,1.06981,1.07027
1678770000,1.07025,1.07156,1.06932,1.06972
1678777200,1.06979,1.07074,1.06789,1.07063
1678784400,1.07063,1.07209,1.06913,1.07202
1678791600,1.07197,1.07491,1.06915,1.07356
1678798800,1.07355,1.07435,1.0698,1.07179
1678806000,1.07181,1.07316,1.07104,1.07174
1678813200,1.07175,1.07496,1.07173,1.07418
1678820400,1.07417,1.07434,1.07321,1.07327
1678827600,1.07314,1.07355,1.07288,1.07319
1678834800,1.07319,1.07367,1.07252,1.07338
1678842000,1.07338,1.07599,1.07313,1.07563
1678849200,1.07562,1.07573,1.07431,1.07449
1678856400,1.07449,1.07463,1.07307,1.07342
1678863600,1.07349,1.0745,1.07269,1.07317
1678870800,1.07316,1.07329,1.06196,1.0627
1678878000,1.06269,1.06296,1.05527,1.05563
1678885200,1.05562,1.05649,1.05223,1.05472
1678892400,1.05476,1.05503,1.05161,1.05422
1678899600,1.05423,1.05904,1.05421,1.05858
1678906800,1.05858,1.05925,1.05741,1.05757
1678914000,1.05741,1.05819,1.0574,1.05784
1678921200,1.05785,1.05982,1.0573,1.05898
1678928400,1.05894,1.05989,1.05861,1.05924
1678935600,1.05924,1.06033,1.05899,1.06026
1678942800,1.06024,1.06156,1.05983,1.06055
1678950000,1.06055,1.06355,1.05928,1.06125
1678957200,1.06124,1.06209,1.06002,1.06161
1678964400,1.06162,1.06204,1.05758,1.05881
1678971600,1.05885,1.06212,1.05509,1.06004
1678978800,1.06004,1.06268,1.05863,1.06186
1678986000,1.06188,1.06206,1.05916,1.06123
1678993200,1.06124,1.06194,1.06103,1.06133
1679000400,1.06047,1.06155,1.06047,1.06123
1679007600,1.06122,1.06203,1.06116,1.06182
1679014800,1.06181,1.06391,1.06143,1.06337
1679022000,1.06337,1.06493,1.06316,1.06492
1679029200,1.0649,1.06629,1.06443,1.06625
1679036400,1.06625,1.067,1.06514,1.06523
1679043600,1.06523,1.06598,1.06252,1.06331
1679050800,1.06331,1.06401,1.06122,1.0626
1679058000,1.06263,1.06442,1.06171,1.06335
1679065200,1.06335,1.06758,1.063,1.06675
1679072400,1.06675,1.06853,1.06635,1.06807
1679079600,1.06808,1.06829,1.06586,1.06649
1679259600,1.06865,1.06884,1.06659,1.06701
1679266800,1.06702,1.06885,1.06676,1.06808
1679274000,1.06808,1.06899,1.06693,1.06795
1679281200,1.06794,1.06795,1.06647,1.06698
1679288400,1.06695,1.06811,1.06588,1.0661
1679295600,1.06611,1.06708,1.06313,1.06615
1679302800,1.06619,1.06995,1.06498,1.06962
1679310000,1.06961,1.07177,1.06887,1.07052
1679317200,1.07051,1.0731,1.07029,1.07269
1679324400,1.07268,1.07269,1.07068,1.07254
1679331600,1.07257,1.07285,1.07142,1.07243
1679338800,1.07243,1.07258,1.0719,1.07235
1679346000,1.07169,1.07241,1.07166,1.07226
1679353200,1.07225,1.07261,1.07153,1.07175
1679360400,1.07176,1.07224,1.07151,1.07221
1679367600,1.07221,1.07221,1.07097,1.07122
1679374800,1.07122,1.07177,1.07039,1.07074
1679382000,1.07071,1.07386,1.07061,1.073
1679389200,1.07295,1.07646,1.07249,1.07633
1679396400,1.07634,1.07844,1.07612,1.07811
1679403600,1.07812,1.07888,1.07607,1.07742
1679410800,1.07744,1.07829,1.07622,1.07675
1679418000,1.07679,1.07721,1.07565,1.07647
1679425200,1.07648,1.07744,1.07626,1.07695
1679432400,1.07651,1.077,1.07651,1.07698
1679439600,1.07699,1.07761,1.07659,1.07679
1679446800,1.0768,1.07768,1.07653,1.07693
1679454000,1.07691,1.07723,1.0766,1.07689
1679461200,1.07689,1.07752,1.07639,1.07667
1679468400,1.07667,1.0783,1.0759,1.07803
1679475600,1.07807,1.07948,1.07756,1.07922
1679482800,1.07924,1.08003,1.07791,1.07819
1679490000,1.07818,1.07984,1.07757,1.07952
1679497200,1.07953,1.08005,1.07837,1.07991
1679504400,1.0799,1.09124,1.07897,1.08806
1679511600,1.08806,1.08927,1.08525,1.08549
1679518800,1.08567,1.08644,1.0855,1.08578
1679526000,1.08578,1.08837,1.08578,1.08835
1679533200,1.08832,1.08991,1.08789,1.08956
1679540400,1.08957,1.09056,1.08931,1.09038
1679547600,1.09037,1.09297,1.09021,1.09151
1679554800,1.09151,1.09269,1.08912,1.08997
1679562000,1.08997,1.09036,1.08668,1.08771
1679569200,1.08772,1.08938,1.08696,1.08732
1679576400,1.08733,1.08954,1.08729,1.08913
1679583600,1.08913,1.0908,1.08836,1.08956
1679590800,1.08955,1.08955,1.08281,1.08419
1679598000,1.08421,1.08532,1.08242,1.08323
1679605200,1.08293,1.08387,1.0827,1.08317
1679612400,1.08318,1.08358,1.08245,1.08326
1679619600,1.08326,1.08353,1.08198,1.08206
1679626800,1.08207,1.08344,1.08173,1.08343
1679634000,1.08343,1.08371,1.08245,1.08248
1679641200,1.08248,1.08353,1.07679,1.07798
1679648400,1.07796,1.07909,1.07214,1.07277
1679655600,1.07279,1.07521,1.07132,1.07492
1679662800,1.07496,1.07675,1.07415,1.07501
1679670000,1.07502,1.0767,1.07417,1.07573
1679677200,1.0757,1.07677,1.07541,1.07606
1679684400,1.07607,1.07665,1.07577,1.07604
1679864400,1.07754,1.07801,1.0765,1.07775
1679871600,1.07775,1.07789,1.07609,1.07611
1679878800,1.07611,1.07704,1.07577,1.07698
1679886000,1.07697,1.07749,1.07641,1.07677
1679893200,1.07677,1.07707,1.07511,1.07632
1679900400,1.07633,1.07821,1.07449,1.07667
1679907600,1.07666,1.07698,1.07565,1.07678
1679914800,1.07684,1.07809,1.0767,1.0773
1679922000,1.07731,1.07949,1.07702,1.07816
1679929200,1.07815,1.07951,1.07775,1.07911
1679936400,1.07914,1.07966,1.07862,1.07958
1679943600,1.07959,1.08002,1.0792,1.07984
1679950800,1.07951,1.08013,1.07947,1.07993
1679958000,1.07994,1.08179,1.07988,1.08158
1679965200,1.08158,1.08195,1.08104,1.08139
1679972400,1.08141,1.08179,1.081,1.08122
1679979600,1.08121,1.08191,1.08061,1.08083
1679986800,1.08085,1.08342,1.08085,1.08123
1679994000,1.08122,1.08293,1.08104,1.08227
1680001200,1.08226,1.08469,1.08205,1.08393
1680008400,1.08394,1.08411,1.08165,1.08322
1680015600,1.08323,1.0846,1.08312,1.08421
1680022800,1.08423,1.08443,1.08356,1.08432
1680030000,1.08431,1.08486,1.08414,1.08457
1680037200,1.084,1.08447,1.084,1.08415
1680044400,1.08414,1.08476,1.08364,1.08471
1680051600,1.08472,1.08496,1.08369,1.08378
1680058800,1.08378,1.0844,1.08337,1.08376
1680066000,1.08384,1.08407,1.08226,1.08228
1680073200,1.08229,1.08394,1.08177,1.08329
1680080400,1.0833,1.08628,1.08321,1.08574
1680087600,1.08577,1.08716,1.08388,1.08536
1680094800,1.08537,1.08585,1.08259,1.08312
1680102000,1.08311,1.08437,1.08235,1.08276
1680109200,1.08277,1.08483,1.08257,1.08444
1680116400,1.08443,1.0847,1.08384,1.08443
1680123600,1.0843,1.08485,1.08391,1.08444
1680130800,1.08445,1.08458,1.08354,1.08376
1680138000,1.08376,1.08377,1.08274,1.08306
1680145200,1.08306,1.0841,1.08263,1.0839
1680152400,1.08391,1.08504,1.08326,1.08465
1680159600,1.08453,1.08796,1.08236,1.08732
1680166800,1.08746,1.08846,1.0859,1.08789
1680174000,1.08788,1.09111,1.08724,1.09101
1680181200,1.091,1.09264,1.09072,1.09127
1680188400,1.09126,1.09135,1.08946,1.09049
1680195600,1.0905,1.09061,1.08921,1.09055
1680202800,1.09056,1.09079,1.09022,1.09054
1680210000,1.09043,1.09062,1.09023,1.09024
1680217200,1.09024,1.09171,1.09019,1.09156
1680224400,1.09156,1.09258,1.0904,1.09074
1680231600,1.09072,1.09095,1.09013,1.09033
1680238800,1.09033,1.09052,1.08878,1.0904
1680246000,1.09042,1.09108,1.0873,1.08897
1680253200,1.08889,1.08961,1.08677,1.08693
1680260400,1.08694,1.08947,1.08641,1.08873
1680267600,1.08874,1.09019,1.08576,1.0867
1680274800,1.0868,1.08757,1.08588,1.08694
1680282000,1.08695,1.08713,1.08482,1.08557
1680289200,1.08556,1.08567,1.08369,1.08426
1680469200,1.08408,1.08434,1.08047,1.08193
1680476400,1.08193,1.08233,1.07988,1.08139
1680483600,1.08138,1.08169,1.07909,1.07939
1680490800,1.07944,1.07979,1.07883,1.0793
1680498000,1.07931,1.08163,1.07893,1.08148
1680505200,1.08148,1.08498,1.08126,1.08427
1680512400,1.08426,1.08723,1.08426,1.08704
1680519600,1.08703,1.08779,1.08608,1.08651
1680526800,1.08658,1.09167,1.08644,1.08872
1680534000,1.08873,1.08941,1.08785,1.08886
1680541200,1.08885,1.09008,1.088,1.08967
1680548400,1.08969,1.09083,1.08948,1.09024
1680555600,1.08878,1.0906,1.08878,1.09041
1680562800,1.09042,1.09099,1.0899,1.09011
1680570000,1.09011,1.09016,1.08885,1.08909
1680577200,1.08908,1.08989,1.08879,1.08945
1680584400,1.08944,1.09084,1.08829,1.09072
1680591600,1.09074,1.09383,1.0902,1.09171
1680598800,1.0917,1.09361,1.0916,1.09208
1680606000,1.09207,1.09207,1.08868,1.08912
1680613200,1.08914,1.09735,1.08885,1.09696
1680620400,1.09693,1.09703,1.09434,1.09462
1680627600,1.09461,1.09539,1.09436,1.09533
1680634800,1.09535,1.09581,1.09511,1.09557
1680642000,1.0949,1.096,1.09473,1.09574
1680649200,1.09575,1.09696,1.09565,1.09607
1680656400,1.0961,1.09644,1.09563,1.09611
1680663600,1.09615,1.09628,1.09537,1.09549
1680670800,1.09549,1.09594,1.09466,1.09483
1680678000,1.09485,1.09675,1.0941,1.09513
1680685200,1.09511,1.09602,1.09413,1.09456
1680692400,1.09456,1.0963,1.09349,1.09578
1680699600,1.0958,1.0967,1.09028,1.09101
1680706800,1.09102,1.09236,1.08963,1.08969
1680714000,1.08968,1.09096,1.08911,1.09089
1680721200,1.0909,1.09098,1.09012,1.0907
1680728400,1.09006,1.09103,1.08988,1.09099
1680735600,1.091,1.091,1.08929,1.08939
1680742800,1.0894,1.08942,1.08846,1.08866
1680750000,1.08867,1.08959,1.08861,1.08926
1680757200,1.08926,1.09064,1.08897,1.09023
1680764400,1.09023,1.09171,1.08934,1.08995
1680771600,1.08995,1.09104,1.08925,1.08998
1680778800,1.08997,1.0919,1.08896,1.08922
1680786000,1.08921,1.09241,1.08859,1.09232
1680793200,1.09231,1.09377,1.09197,1.09343
1680800400,1.09342,1.09362,1.09293,1.09311
1680807600,1.09312,1.09313,1.09168,1.09208
1680814800,1.09184,1.09205,1.09156,1.09167
1680822000,1.09174,1.09241,1.09142,1.09158
1680829200,1.09159,1.09217,1.09148,1.09206
1680836400,1.09205,1.09211,1.09148,1.09148
1680843600,1.09147,1.09194,1.09115,1.09182
1680850800,1.09183,1.09196,1.09131,1.09156
1680858000,1.09153,1.09217,1.09106,1.09216
1680865200,1.09216,1.09216,1.08764,1.09037
1680872400,1.09036,1.0915,1.08935,1.09149
1680879600,1.09147,1.09156,1.09058,1.09097
1680886800,1.09096,1.09103,1.09031,1.09063
1680894000,1.09064,1.09077,1.08955,1.08972
1681074000,1.08957,1.09114,1.0894,1.09094
1681081200,1.09094,1.09147,1.09034,1.09034
1681088400,1.09034,1.09069,1.08973,1.08985
1681095600,1.08986,1.09018,1.08952,1.08963
1681102800,1.08962,1.09055,1.08909,1.09048
1681110000,1.09049,1.09173,1.09043,1.0912
1681117200,1.09119,1.09167,1.09047,1.09064
1681124400,1.09063,1.09083,1.08472,1.08489
1681131600,1.08488,1.08574,1.08314,1.08383
1681138800,1.08384,1.08524,1.08374,1.08477
1681146000,1.08479,1.08594,1.08479,1.08593
1681153200,1.08594,1.08632,1.08551,1.08604
1681160400,1.086,1.08659,1.08586,1.08649
1681167600,1.0865,1.0879,1.08639,1.08776
1681174800,1.08775,1.08853,1.08672,1.08826
1681182000,1.08825,1.08879,1.08796,1.08824
1681189200,1.08824,1.08974,1.0881,1.08844
1681196400,1.08843,1.09103,1.08834,1.0907
1681203600,1.09069,1.09268,1.09064,1.09227
1681210800,1.09227,1.09244,1.09023,1.09119
1681218000,1.09121,1.09281,1.09074,1.09114
1681225200,1.09113,1.09161,1.08975,1.08989
1681232400,1.08991,1.09119,1.08962,1.09074
1681239600,1.09079,1.0917,1.09074,1.09129
1681246800,1.09129,1.09177,1.09079,1.09169
1681254000,1.09167,1.09277,1.09144,1.09254
1681261200,1.09253,1.09288,1.0917,1.09192
1681268400,1.09191,1.09286,1.09165,1.09257
1681275600,1.09256,1.09374,1.0916,1.09268
1681282800,1.09267,1.09341,1.09182,1.09239
1681290000,1.09235,1.0936,1.09208,1.09247
1681297200,1.09248,1.099,1.09198,1.09642
1681304400,1.09641,1.10001,1.09583,1.09762
1681311600,1.0976,1.09965,1.09704,1.09961
1681318800,1.09963,1.10006,1.09893,1.09949
1681326000,1.09948,1.09966,1.09867,1.09911
1681333200,1.09903,1.09951,1.09885,1.0995
1681340400,1.09951,1.1005,1.0988,1.10021
1681347600,1.10021,1.10034,1.09925,1.09928
1681354800,1.09926,1.09934,1.09838,1.099
1681362000,1.09899,1.09915,1.09767,1.09811
1681369200,1.09812,1.10251,1.0981,1.10148
1681376400,1.10145,1.10319,1.10108,1.10143
1681383600,1.10144,1.10537,1.10084,1.1049
1681390800,1.10493,1.10678,1.10434,1.10472
1681398000,1.10471,1.10617,1.10462,1.10557
1681405200,1.10559,1.10597,1.10441,1.10486
1681412400,1.10485,1.10496,1.10444,1.10469
1681419600,1.10449,1.10491,1.10441,1.10481
1681426800,1.1048,1.10591,1.1048,1.10545
1681434000,1.10545,1.10753,1.10531,1.10703
1681441200,1.10699,1.10736,1.10663,1.1069
1681448400,1.10691,1.10758,1.10621,1.10669
1681455600,1.10667,1.10716,1.10539,1.10591
1681462800,1.10591,1.10668,1.10555,1.10586
1681470000,1.10587,1.10735,1.10184,1.10347
1681477200,1.10346,1.10366,1.09964,1.10062
1681484400,1.10063,1.10096,1.09724,1.09779
1681491600,1.09776,1.0999,1.09753,1.09989
1681498800,1.09988,1.09993,1.09922,1.09944
1681678800,1.09911,1.09943,1.09855,1.09869
1681686000,1.0987,1.09916,1.09728,1.09729
1681693200,1.09733,1.09821,1.09617,1.09808
1681700400,1.09808,1.09849,1.09758,1.09845
1681707600,1.09847,1.09946,1.09835,1.09866
1681714800,1.09867,1.09997,1.09642,1.09649
1681722000,1.09648,1.0985,1.09645,1.09816
1681729200,1.09817,1.09844,1.09519,1.09538
1681736400,1.09539,1.0957,1.0909,1.09144
1681743600,1.09142,1.09242,1.09105,1.09118
1681750800,1.09118,1.09273,1.09118,1.0926
1681758000,1.09261,1.09313,1.09252,1.09271
1681765200,1.0922,1.09283,1.0922,1.0924
1681772400,1.0924,1.0929,1.09223,1.09253
1681779600,1.09253,1.0936,1.09234,1.09341
1681786800,1.09339,1.09389,1.09331,1.09369
1681794000,1.09368,1.09527,1.09343,1.09492
1681801200,1.09487,1.0983,1.09469,1.0981
1681808400,1.0981,1.0983,1.09693,1.09783
1681815600,1.09786,1.09786,1.09545,1.09559
1681822800,1.09558,1.0971,1.09431,1.09622
1681830000,1.09623,1.09703,1.09547,1.09703
1681837200,1.09703,1.09744,1.09673,1.09714
1681844400,1.09715,1.09749,1.09697,1.09734
1681851600,1.09705,1.09752,1.09672,1.09738
1681858800,1.09739,1.09828,1.09732,1.09827
1681866000,1.09825,1.09841,1.0965,1.0974
1681873200,1.09743,1.09755,1.09674,1.09686
1681880400,1.09686,1.09706,1.09465,1.09561
1681887600,1.09563,1.09723,1.09485,1.09558
1681894800,1.09558,1.09632,1.09262,1.09338
1681902000,1.09339,1.09498,1.09173,1.09498
1681909200,1.09499,1.09794,1.09474,1.09572
1681916400,1.09573,1.09669,1.09512,1.09658
1681923600,1.09659,1.09669,1.09519,1.09528
1681930800,1.09527,1.0957,1.09518,1.09556
1681938000,1.09528,1.09576,1.09518,1.09528
1681945200,1.09528,1.09592,1.09469,1.09568
1681952400,1.09567,1.09616,1.09496,1.09541
1681959600,1.09542,1.09619,1.09532,1.09591
1681966800,1.09592,1.09731,1.09552,1.0967
1681974000,1.09671,1.09785,1.095,1.09715
1681981200,1.09713,1.09784,1.09563,1.0971
1681988400,1.0971,1.09853,1.09336,1.09775
1681995600,1.09776,1.09898,1.09646,1.09797
1682002800,1.09796,1.09807,1.09634,1.09672
1682010000,1.09673,1.09727,1.09587,1.0965
1682017200,1.09646,1.09707,1.09564,1.09705
1682024400,1.09642,1.09718,1.0963,1.09685
1682031600,1.0969,1.09723,1.09619,1.09702
1682038800,1.09703,1.09733,1.09633,1.09654
1682046000,1.09653,1.09666,1.09587,1.09605
1682053200,1.09604,1.09637,1.09379,1.09418
1682060400,1.09416,1.09722,1.09386,1.09597
1682067600,1.09598,1.09713,1.0949,1.09652
1682074800,1.09653,1.09901,1.09627,1.09881
1682082000,1.09879,1.09938,1.09426,1.09719
1682089200,1.09724,1.09798,1.09693,1.09792
1682096400,1.09788,1.0988,1.09722,1.09766
1682103600,1.09766,1.0993,1.09748,1.09895
1682283600,1.09884,1.0993,1.09865,1.09923
1682290800,1.09924,1.09962,1.09844,1.09947
1682298000,1.0995,1.0995,1.09804,1.0981
1682305200,1.09809,1.09849,1.09797,1.09804
1682312400,1.09805,1.09866,1.09726,1.09749
1682319600,1.0975,1.10097,1.09659,1.10087
1682326800,1.10086,1.10206,1.0999,1.10165
1682334000,1.10166,1.1025,1.09994,1.1023
1682341200,1.10229,1.10369,1.10129,1.10295
1682348400,1.10294,1.10341,1.10204,1.10338
1682355600,1.10339,1.10502,1.10337,1.10465
1682362800,1.10466,1.1047,1.10419,1.10462
1682370000,1.10447,1.10521,1.10413,1.10511
1682377200,1.10511,1.10666,1.10495,1.10593
1682384400,1.1059,1.10671,1.10519,1.10539
1682391600,1.10538,1.1059,1.10507,1.10512
1682398800,1.10512,1.10565,1.10452,1.10517
1682406000,1.10516,1.10516,1.10246,1.10398
1682413200,1.10397,1.10441,1.10197,1.10206
1682420400,1.10205,1.10294,1.10096,1.10173
1682427600,1.10173,1.10188,1.09751,1.09768
1682434800,1.09769,1.09876,1.09654,1.09681
1682442000,1.09683,1.09738,1.09641,1.09726
1682449200,1.09725,1.09761,1.09687,1.09736
1682456400,1.09701,1.098,1.0966,1.09782
1682463600,1.09781,1.09803,1.0972,1.09782
1682470800,1.09781,1.09788,1.09684,1.0977
1682478000,1.09771,1.09819,1.09723,1.09812
1682485200,1.09811,1.10117,1.09799,1.10068
1682492400,1.10067,1.10433,1.10042,1.10419
1682499600,1.10418,1.10628,1.1037,1.10452
1682506800,1.10453,1.10585,1.10313,1.10538
1682514000,1.10537,1.10955,1.1042,1.10435
1682521200,1.10439,1.10569,1.1033,1.10411
1682528400,1.1041,1.10421,1.10325,1.10392
1682535600,1.10388,1.10419,1.10324,1.10386
1682542800,1.10397,1.10444,1.10343,1.10398
1682550000,1.10399,1.10475,1.10388,1.10457
1682557200,1.10456,1.10538,1.1039,1.10531
1682564400,1.10534,1.10551,1.10457,1.10507
1682571600,1.10508,1.10636,1.10489,1.1056
1682578800,1.10559,1.10594,1.10399,1.10529
1682586000,1.10524,1.10558,1.10341,1.10448
1682593200,1.10447,1.1057,1.10008,1.10132
1682600400,1.10134,1.10249,1.09922,1.10107
1682607600,1.1011,1.10271,1.10061,1.10086
1682614800,1.10086,1.10274,1.10055,1.1027
1682622000,1.10269,1.10299,1.10228,1.10289
1682629200,1.10232,1.10294,1.10208,1.10269
1682636400,1.10269,1.10395,1.10267,1.10345
1682643600,1.10346,1.10347,1.10155,1.10171
1682650800,1.1017,1.10218,1.10083,1.10137
1682658000,1.10135,1.10365,1.10056,1.10252
1682665200,1.10248,1.10248,1.09768,1.09908
1682672400,1.09907,1.09985,1.09817,1.09838
1682679600,1.09839,1.09955,1.09625,1.09845
1682686800,1.09846,1.10413,1.09827,1.1037
1682694000,1.10369,1.1045,1.10282,1.10309
1682701200,1.10308,1.10311,1.10153,1.10172
1682708400,1.10173,1.10209,1.1012,1.1017
1682888400,1.10266,1.10266,1.10107,1.10113
1682895600,1.10114,1.10143,1.10046,1.10056
1682902800,1.10056,1.10085,1.10009,1.10081
1682910000,1.1008,1.10144,1.10033,1.10065
1682917200,1.10064,1.10089,1.09945,1.09978
1682924400,1.09979,1.10058,1.09915,1.09921
1682931600,1.09922,1.10097,1.09885,1.1009
1682938800,1.10094,1.10336,1.10063,1.10328
1682946000,1.10329,1.10356,1.0978,1.09815
1682953200,1.09813,1.09822,1.09644,1.09675
1682960400,1.09675,1.09758,1.09654,1.09696
1682967600,1.09697,1.09767,1.09658,1.09759
1682974800,1.09677,1.0976,1.09677,1.0974
1682982000,1.0974,1.09792,1.09673,1.09791
1682989200,1.09789,1.09945,1.09785,1.09886
1682996400,1.09886,1.09892,1.09791,1.09845
1683003600,1.09846,1.09948,1.09831,1.09915
1683010800,1.09916,1.10067,1.09599,1.09715
1683018000,1.09728,1.09818,1.0948,1.09569
1683025200,1.09568,1.09763,1.09543,1.09552
1683032400,1.09553,1.09931,1.09422,1.09793
1683039600,1.09791,1.10032,1.09779,1.1
1683046800,1.10005,1.10037,1.09947,1.10012
1683054000,1.10013,1.1008,1.09988,1.09992
1683061200,1.09965,1.10065,1.09955,1.10063
1683068400,1.10061,1.10205,1.10049,1.10173
1683075600,1.10172,1.10258,1.10131,1.10253
1683082800,1.10253,1.10301,1.10214,1.10218
1683090000,1.10219,1.1032,1.10144,1.10307
1683097200,1.10303,1.1047,1.10261,1.10396
1683104400,1.10392,1.10469,1.10296,1.1033
1683111600,1.10333,1.10437,1.10211,1.10385
1683118800,1.10387,1.10595,1.1029,1.10528
1683126000,1.10527,1.10587,1.10445,1.10471
1683133200,1.1047,1.10914,1.10372,1.10601
1683140400,1.10603,1.10637,1.10406,1.10617
1683147600,1.10575,1.1078,1.10541,1.1068
1683154800,1.10676,1.10875,1.10642,1.1076
1683162000,1.10759,1.10876,1.10715,1.10842
1683169200,1.10843,1.10874,1.10795,1.10815
1683176400,1.10814,1.10917,1.10727,1.10754
1683183600,1.10755,1.10768,1.10372,1.10402
1683190800,1.10407,1.10634,1.10366,1.10608
1683198000,1.10604,1.10826,1.10013,1.10095
1683205200,1.10094,1.10554,1.09863,1.10009
1683212400,1.1001,1.10306,1.09954,1.10248
1683219600,1.10247,1.10316,1.10113,1.10158
1683226800,1.10157,1.102,1.10116,1.10122
1683234000,1.10093,1.10215,1.10087,1.10214
1683241200,1.10213,1.10297,1.1019,1.10252
1683248400,1.10251,1.10372,1.10251,1.10313
1683255600,1.10314,1.10448,1.10313,1.10418
1683262800,1.10418,1.10468,1.103,1.10454
1683270000,1.10454,1.10477,1.10242,1.10284
1683277200,1.10285,1.10319,1.10214,1.1025
1683284400,1.10249,1.10258,1.09667,1.0976
1683291600,1.09763,1.10078,1.09762,1.10071
1683298800,1.10069,1.10366,1.10049,1.10322
1683306000,1.10323,1.10346,1.10098,1.10265
1683313200,1.1026,1.10264,1.10168,1.10184
1683493200,1.10216,1.10233,1.10144,1.10161
1683500400,1.10161,1.10253,1.10142,1.10243
1683507600,1.10243,1.10372,1.10186,1.10321
1683514800,1.10322,1.10444,1.10314,1.10436
1683522000,1.10437,1.10507,1.10367,1.10483
1683529200,1.10484,1.10537,1.1036,1.10361
1683536400,1.1036,1.10501,1.10229,1.1048
1683543600,1.10481,1.10514,1.10301,1.10371
1683550800,1.10372,1.10442,1.1013,1.10158
1683558000,1.10159,1.10292,1.10117,1.10274
1683565200,1.10276,1.10293,1.10051,1.10058
1683572400,1.10061,1.10079,1.10001,1.10039
1683579600,1.10008,1.10051,1.09974,1.10014
1683586800,1.10012,1.10024,1.09851,1.09901
1683594000,1.099,1.0995,1.0985,1.09906
1683601200,1.09906,1.09953,1.09881,1.0989
1683608400,1.09887,1.10008,1.09847,1.09941
1683615600,1.09942,1.10003,1.09727,1.09788
1683622800,1.09787,1.09843,1.09775,1.09798
1683630000,1.09797,1.09828,1.09499,1.09501
1683637200,1.09501,1.09646,1.09413,1.0956
1683644400,1.09561,1.09609,1.09493,1.09554
1683651600,1.09553,1.09724,1.09544,1.09666
1683658800,1.09672,1.09698,1.09595,1.09612
1683666000,1.09597,1.09672,1.09436,1.0965
1683673200,1.0965,1.0972,1.0964,1.09693
1683680400,1.09693,1.09749,1.09684,1.09743
1683687600,1.09744,1.09775,1.09719,1.0972
1683694800,1.09719,1.09752,1.09623,1.09696
1683702000,1.09696,1.09826,1.09502,1.09521
1683709200,1.09518,1.09607,1.09479,1.09549
1683716400,1.09547,1.1006,1.09416,1.10008
1683723600,1.1001,1.1007,1.09643,1.09724
1683730800,1.09723,1.09799,1.09652,1.09704
1683738000,1.09703,1.09827,1.09617,1.09769
1683745200,1.0977,1.09849,1.09759,1.09822
1683752400,1.0979,1.09864,1.09771,1.09862
1683759600,1.09861,1.09931,1.09823,1.09927
1683766800,1.09929,1.09982,1.09751,1.09806
1683774000,1.09807,1.09819,1.09696,1.09753
1683781200,1.09752,1.09824,1.09293,1.09305
1683788400,1.09306,1.09388,1.09182,1.09284
1683795600,1.09285,1.09344,1.0918,1.09227
1683802800,1.09226,1.09482,1.09214,1.09329
1683810000,1.09327,1.09333,1.09002,1.09176
1683817200,1.09174,1.09291,1.09095,1.09253
1683824400,1.09252,1.09259,1.09109,1.09186
1683831600,1.09187,1.09217,1.09152,1.09156
1683838800,1.09145,1.09186,1.09145,1.09164
1683846000,1.09164,1.09216,1.09115,1.09215
1683853200,1.09214,1.09254,1.09171,1.09187
1683860400,1.09188,1.0927,1.09151,1.09262
1683867600,1.09261,1.09345,1.09198,1.09289
1683874800,1.0929,1.09355,1.09046,1.09136
1683882000,1.09137,1.09174,1.0899,1.09054
1683889200,1.09053,1.09058,1.08813,1.08871
1683896400,1.08869,1.08975,1.08617,1.08624
1683903600,1.08625,1.0865,1.08485,1.08519
1683910800,1.08518,1.08569,1.08488,1.08531
1683918000,1.08532,1.08551,1.08479,1.08497
1684098000,1.08566,1.08566,1.08457,1.08501
1684105200,1.08502,1.08558,1.08478,1.08531
1684112400,1.08533,1.08645,1.08524,1.08555
1684119600,1.08554,1.08636,1.0855,1.08632
1684126800,1.08631,1.0872,1.08602,1.08698
1684134000,1.08697,1.08802,1.08646,1.08685
1684141200,1.08685,1.08792,1.08556,1.08781
1684148400,1.0878,1.08909,1.08734,1.08791
1684155600,1.08785,1.0882,1.08647,1.08648
1684162800,1.0865,1.0879,1.08641,1.0879
1684170000,1.08789,1.0879,1.08736,1.08742
1684177200,1.08741,1.08771,1.08729,1.08742
1684184400,1.08725,1.08772,1.08724,1.0876
1684191600,1.08761,1.08821,1.08732,1.08818
1684198800,1.08819,1.08837,1.08683,1.08835
1684206000,1.08836,1.08846,1.08799,1.0883
1684213200,1.08831,1.08831,1.08629,1.08763
1684220400,1.08761,1.08978,1.08719,1.08912
1684227600,1.08913,1.09047,1.08892,1.08951
1684234800,1.0895,1.08974,1.08681,1.08816
1684242000,1.08816,1.08893,1.08598,1.08665
1684249200,1.08667,1.08721,1.08549,1.08669
1684256400,1.08672,1.08712,1.08616,1.08678
1684263600,1.08679,1.08697,1.08581,1.08625
1684270800,1.08594,1.08638,1.0859,1.08625
1684278000,1.08627,1.08719,1.08607,1.08704
1684285200,1.08704,1.08736,1.08622,1.08696
1684292400,1.08697,1.08713,1.08631,1.08646
1684299600,1.08647,1.08653,1.08501,1.08539
1684306800,1.08538,1.08637,1.08273,1.08292
1684314000,1.08288,1.08328,1.08207,1.08304
1684321200,1.08305,1.08415,1.08137,1.08241
1684328400,1.0824,1.08391,1.08102,1.08207
1684335600,1.0821,1.08454,1.08178,1.0842
1684342800,1.08423,1.08492,1.08365,1.08376
1684350000,1.08375,1.08429,1.0837,1.08384
1684357200,1.08378,1.08458,1.0837,1.08384
1684364400,1.08385,1.08434,1.08348,1.08423
1684371600,1.08422,1.08481,1.08379,1.08462
1684378800,1.08463,1.08473,1.08327,1.0833
1684386000,1.08331,1.08359,1.08235,1.0826
1684393200,1.0826,1.08311,1.08093,1.08167
1684400400,1.08165,1.08201,1.08056,1.08153
1684407600,1.08154,1.0818,1.07852,1.07902
1684414800,1.07903,1.07951,1.0767,1.07694
1684422000,1.07693,1.07812,1.07627,1.07631
1684429200,1.07632,1.0769,1.07625,1.07668
1684436400,1.07669,1.07749,1.07661,1.07694
1684443600,1.0767,1.07767,1.07669,1.07762
1684450800,1.0776,1.07802,1.07726,1.07739
1684458000,1.07738,1.07758,1.07599,1.07724
1684465200,1.07723,1.07725,1.07606,1.07636
1684472400,1.07634,1.0792,1.07615,1.07815
1684479600,1.07814,1.07945,1.07711,1.07882
1684486800,1.07881,1.08044,1.07876,1.07945
1684494000,1.07944,1.08234,1.07925,1.0806
1684501200,1.08055,1.08079,1.07844,1.07859
1684508400,1.0786,1.08265,1.07822,1.08208
1684515600,1.08209,1.08289,1.0808,1.08084
1684522800,1.08085,1.08094,1.07978,1.08054
1684702800,1.08049,1.08199,1.08044,1.08172
1684710000,1.08173,1.0825,1.08167,1.08236
1684717200,1.08238,1.08299,1.08187,1.08231
1684724400,1.0823,1.08254,1.08178,1.08185
1684731600,1.08186,1.08243,1.08073,1.08107
1684738800,1.08107,1.0813,1.07957,1.08104
1684746000,1.08103,1.08296,1.08082,1.0822
1684753200,1.0822,1.08314,1.08125,1.08194
1684760400,1.08193,1.08243,1.07974,1.07985
1684767600,1.07984,1.08171,1.07962,1.08098
1684774800,1.08099,1.08217,1.08081,1.08193
1684782000,1.0819,1.082,1.08097,1.08121
1684789200,1.08064,1.08148,1.08064,1.08127
1684796400,1.08127,1.08205,1.08065,1.08116
1684803600,1.08115,1.08119,1.08027,1.08103
1684810800,1.08102,1.08106,1.08048,1.08103
1684818000,1.08102,1.08129,1.08002,1.08092
1684825200,1.08092,1.08098,1.07852,1.08034
1684832400,1.08033,1.08038,1.07697,1.07778
1684839600,1.07777,1.07845,1.0763,1.07639
1684846800,1.07639,1.07956,1.07629,1.07789
1684854000,1.07788,1.07809,1.07604,1.07669
1684861200,1.07669,1.07808,1.07644,1.07762
1684868400,1.07763,1.07765,1.07666,1.07699
1684875600,1.07666,1.07732,1.07663,1.07723
1684882800,1.07722,1.07751,1.07677,1.07725
1684890000,1.07726,1.07768,1.07678,1.07745
1684897200,1.07747,1.07825,1.07726,1.07801
1684904400,1.07804,1.07895,1.07762,1.07777
1684911600,1.07775,1.0795,1.07703,1.07777
1684918800,1.07776,1.0782,1.07482,1.07514
1684926000,1.0751,1.08015,1.0751,1.07897
1684933200,1.07898,1.07942,1.07582,1.07627
1684940400,1.07628,1.07649,1.07496,1.07562
1684947600,1.07563,1.07661,1.07498,1.07507
1684954800,1.07512,1.07573,1.07489,1.07489
1684962000,1.07496,1.07566,1.07424,1.0755
1684969200,1.07545,1.07567,1.07454,1.07506
1684976400,1.07504,1.07534,1.07402,1.07417
1684983600,1.07418,1.07424,1.0733,1.07343
1684990800,1.07342,1.0744,1.07282,1.07323
1684998000,1.07322,1.07371,1.07141,1.07229
1685005200,1.07228,1.07382,1.07223,1.07226
1685012400,1.07227,1.07403,1.07148,1.07184
1685019600,1.07183,1.07325,1.07073,1.07285
1685026800,1.07285,1.0731,1.07119,1.07125
1685034000,1.07128,1.07294,1.07114,1.07209
1685041200,1.0721,1.07255,1.07153,1.07248
1685048400,1.07164,1.07281,1.07164,1.07261
1685055600,1.07261,1.07274,1.0719,1.07253
1685062800,1.07255,1.07374,1.07244,1.07342
1685070000,1.07343,1.0741,1.0734,1.07398
1685077200,1.07399,1.07428,1.07286,1.07294
1685084400,1.07294,1.07445,1.07254,1.07318
1685091600,1.07315,1.07468,1.07257,1.07442
1685098800,1.07441,1.07588,1.07292,1.0742
1685106000,1.07423,1.07506,1.07021,1.07053
1685113200,1.07054,1.0722,1.07019,1.07197
1685120400,1.07198,1.07328,1.07188,1.07294
1685127600,1.07296,1.07313,1.07249,1.07253
1685307600,1.07159,1.07292,1.07154,1.07192
1685314800,1.07194,1.07239,1.07173,1.07199
1685322000,1.07199,1.07356,1.07185,1.07313
1685329200,1.07314,1.07362,1.07293,1.0736
1685336400,1.07361,1.07436,1.0734,1.07365
1685343600,1.07366,1.07388,1.07153,1.0724
1685350800,1.07239,1.07239,1.07121,1.07152
1685358000,1.07149,1.0719,1.07099,1.07149
1685365200,1.07148,1.07157,1.0706,1.07086
1685372400,1.07088,1.07153,1.07082,1.07128
1685379600,1.07129,1.07149,1.07105,1.07108
1685386800,1.07108,1.07109,1.07056,1.07085
1685394000,1.07053,1.07127,1.07053,1.07098
1685401200,1.07097,1.07198,1.07041,1.07139
1685408400,1.07139,1.07262,1.07137,1.07214
1685415600,1.07215,1.07219,1.07013,1.07081
1685422800,1.07081,1.07084,1.06812,1.06944
1685430000,1.06914,1.07084,1.06726,1.07046
1685437200,1.07051,1.07359,1.06971,1.07317
1685444400,1.07318,1.07467,1.07218,1.07225
1685451600,1.07226,1.07409,1.07186,1.07277
1685458800,1.07276,1.07286,1.07164,1.07208
1685466000,1.07207,1.07217,1.07143,1.07196
1685473200,1.07195,1.07348,1.07182,1.07338
1685480400,1.07302,1.07342,1.0728,1.07322
1685487600,1.07323,1.07359,1.07274,1.0735
1685494800,1.0735,1.07355,1.07027,1.07046
1685502000,1.07047,1.07051,1.06944,1.06982
1685509200,1.0698,1.0699,1.06793,1.06849
1685516400,1.06843,1.06846,1.06588,1.06599
1685523600,1.06616,1.06788,1.06604,1.06763
1685530800,1.06766,1.06875,1.06749,1.06808
1685538000,1.06809,1.07055,1.06576,1.06613
1685545200,1.06614,1.06673,1.06352,1.0638
1685552400,1.06386,1.06799,1.06355,1.06741
1685559600,1.0674,1.06922,1.06706,1.06882
1685566800,1.06848,1.06946,1.06807,1.06929
1685574000,1.0693,1.06973,1.06854,1.06865
1685581200,1.06866,1.0694,1.06802,1.06906
1685588400,1.06904,1.06935,1.06813,1.06816
1685595600,1.06816,1.06855,1.06734,1.06841
1685602800,1.06842,1.06869,1.06618,1.06866
1685610000,1.06866,1.07147,1.0683,1.0709
1685617200,1.07089,1.07155,1.06845,1.07081
1685624400,1.07083,1.0742,1.0703,1.07315
1685631600,1.07317,1.07641,1.0728,1.07599
1685638800,1.076,1.07685,1.07556,1.07618
1685646000,1.07617,1.07635,1.07569,1.07621
1685653200,1.07608,1.07655,1.0756,1.07655
1685660400,1.07655,1.07655,1.07583,1.07617
1685667600,1.07618,1.07669,1.07588,1.07655
1685674800,1.07655,1.07691,1.0762,1.07631
1685682000,1.07631,1.07791,1.0762,1.07709
1685689200,1.07711,1.07772,1.07601,1.07743
1685696400,1.07744,1.07769,1.07603,1.07674
1685703600,1.07675,1.07695,1.07347,1.07476
1685710800,1.0748,1.07711,1.07213,1.07235
1685718000,1.07236,1.07299,1.07086,1.071
1685725200,1.07101,1.07159,1.07058,1.07125
1685732400,1.07128,1.07143,1.07053,1.07058
1685912400,1.07109,1.07109,1.07012,1.07013
1685919600,1.07014,1.07017,1.06904,1.06938
1685926800,1.06938,1.07046,1.06908,1.07003
1685934000,1.07002,1.07041,1.06966,1.06999
1685941200,1.07,1.07038,1.06894,1.06938
1685948400,1.06938,1.06994,1.06835,1.0696
1685955600,1.0696,1.06992,1.06869,1.06929
1685962800,1.06928,1.06951,1.06745,1.06789
1685970000,1.0679,1.07225,1.06778,1.07108
1685977200,1.07107,1.07213,1.07032,1.07116
1685984400,1.07115,1.07174,1.07074,1.07138
1685991600,1.07142,1.07176,1.07097,1.0712
1685998800,1.07121,1.07141,1.0709,1.07135
1686006000,1.07135,1.0717,1.07076,1.07161
1686013200,1.07161,1.07248,1.07129,1.07184
1686020400,1.07184,1.0724,1.07144,1.07234
1686027600,1.07234,1.07329,1.07214,1.07241
1686034800,1.0724,1.07274,1.06951,1.06992
1686042000,1.06994,1.07012,1.06825,1.06978
1686049200,1.06977,1.07004,1.06671,1.06706
1686056400,1.06705,1.06913,1.06692,1.06909
1686063600,1.06908,1.06979,1.06846,1.06885
1686070800,1.06882,1.06963,1.06824,1.0694
1686078000,1.06941,1.06961,1.06904,1.06921
1686085200,1.06929,1.06953,1.06915,1.0695
1686092400,1.06946,1.07044,1.06924,1.07005
1686099600,1.07005,1.07015,1.06889,1.06929
1686106800,1.0693,1.06957,1.06894,1.06906
1686114000,1.06904,1.06906,1.0673,1.06766
1686121200,1.06765,1.06935,1.06683,1.06931
1686128400,1.06935,1.07186,1.06901,1.0715
1686135600,1.07151,1.07231,1.07054,1.07161
1686142800,1.07162,1.07398,1.07031,1.07079
1686150000,1.07078,1.07107,1.06928,1.06933
1686157200,1.06935,1.07034,1.06911,1.07023
1686164400,1.07024,1.07053,1.06935,1.06987
1686171600,1.06977,1.07016,1.06951,1.06992
1686178800,1.06992,1.07099,1.06967,1.07085
1686186000,1.07086,1.07116,1.0703,1.07068
1686193200,1.07067,1.07136,1.07056,1.07116
1686200400,1.07113,1.07192,1.07077,1.07112
1686207600,1.07111,1.07301,1.07011,1.07266
1686214800,1.07266,1.0734,1.0721,1.07299
1686222000,1.07297,1.07592,1.0724,1.07468
1686229200,1.07467,1.0776,1.07421,1.07693
1686236400,1.07694,1.07871,1.07671,1.07848
1686243600,1.07844,1.07859,1.07778,1.07792
1686250800,1.07793,1.0783,1.07736,1.0783
1686258000,1.07785,1.07842,1.07784,1.0784
1686265200,1.07839,1.07852,1.07814,1.0782
1686272400,1.07822,1.07852,1.07758,1.07769
1686279600,1.07768,1.07802,1.07747,1.07755
1686286800,1.07756,1.0784,1.07725,1.07788
1686294000,1.07787,1.07798,1.07593,1.07634
1686301200,1.07634,1.07683,1.07566,1.07613
1686308400,1.07613,1.07841,1.07602,1.0767
1686315600,1.07671,1.07752,1.07537,1.07567
1686322800,1.07566,1.07598,1.07436,1.07482
1686330000,1.07483,1.07523,1.0746,1.07497
1686337200,1.07496,1.07509,1.0743,1.07495
1686517200,1.07455,1.07492,1.07433,1.0745
1686524400,1.07449,1.07515,1.07439,1.07455
1686531600,1.07452,1.0746,1.07332,1.07386
1686538800,1.0738,1.07445,1.07364,1.0741
1686546000,1.07411,1.07538,1.07407,1.07492
1686553200,1.07488,1.07841,1.07442,1.07771
1686560400,1.07772,1.07901,1.07676,1.07728
1686567600,1.07727,1.07758,1.07607,1.07662
1686574800,1.07663,1.07717,1.07431,1.07473
1686582000,1.07472,1.07569,1.07439,1.07487
1686589200,1.07486,1.07591,1.07451,1.07561
1686596400,1.07562,1.07635,1.07561,1.07574
1686603600,1.07544,1.07615,1.07532,1.07602
1686610800,1.07601,1.07668,1.07594,1.07607
1686618000,1.07603,1.07758,1.07595,1.07743
1686625200,1.07744,1.0783,1.07743,1.07821
1686632400,1.07822,1.07982,1.07815,1.07929
1686639600,1.07926,1.08084,1.07925,1.08075
1686646800,1.08075,1.08107,1.07953,1.07986
1686654000,1.07988,1.08237,1.07799,1.08142
1686661200,1.08144,1.08179,1.07782,1.08018
1686668400,1.0802,1.08091,1.07862,1.08026
1686675600,1.08025,1.08043,1.07829,1.07902
1686682800,1.07901,1.07958,1.07847,1.07928
1686690000,1.07931,1.07944,1.07882,1.07914
1686697200,1.07915,1.07929,1.07857,1.07901
1686704400,1.07903,1.07962,1.07882,1.0796
1686711600,1.07959,1.07961,1.07847,1.07897
1686718800,1.07896,1.07905,1.0774,1.07854
1686726000,1.07856,1.08048,1.07855,1.08022
1686733200,1.0802,1.08101,1.07966,1.08067
1686740400,1.08068,1.08334,1.08017,1.08311
1686747600,1.08309,1.08564,1.08273,1.08558
1686754800,1.08557,1.08643,1.08483,1.08624
1686762000,1.08626,1.0863,1.08013,1.08343
1686769200,1.08344,1.08442,1.08208,1.08308
1686776400,1.0824,1.08353,1.0824,1.08324
1686783600,1.08323,1.08445,1.08317,1.08383
1686790800,1.08382,1.08382,1.08085,1.08133
1686798000,1.08132,1.08158,1.081,1.08116
1686805200,1.08116,1.08235,1.08038,1.08106
1686812400,1.08109,1.08373,1.08058,1.08328
1686819600,1.08331,1.08489,1.08312,1.08423
1686826800,1.08424,1.0881,1.08146,1.08646
1686834000,1.08641,1.09214,1.08584,1.09106
1686841200,1.09102,1.09451,1.091,1.09438
1686848400,1.09437,1.09512,1.09395,1.09504
1686855600,1.09503,1.09526,1.0945,1.09452
1686862800,1.09411,1.09494,1.09408,1.09491
1686870000,1.09491,1.09512,1.094,1.0942
1686877200,1.0942,1.09484,1.09356,1.09364
1686884400,1.09363,1.09429,1.09363,1.09389
1686891600,1.09388,1.09626,1.09376,1.09473
1686898800,1.09477,1.09537,1.0934,1.09507
1686906000,1.09506,1.09514,1.09399,1.09445
1686913200,1.09446,1.09707,1.09445,1.09509
1686920400,1.0951,1.09672,1.09178,1.09253
1686927600,1.09254,1.0934,1.09218,1.0934
1686934800,1.09339,1.09456,1.09321,1.09445
1686942000,1.09444,1.09444,1.09347,1.09408
1687122000,1.09398,1.0943,1.09278,1.09427
1687129200,1.09428,1.09463,1.0935,1.09367
1687136400,1.09366,1.09408,1.09336,1.09363
1687143600,1.09362,1.09381,1.09322,1.09347
1687150800,1.09348,1.09414,1.09276,1.09295
1687158000,1.09298,1.09388,1.09252,1.09296
1687165200,1.09293,1.09297,1.09071,1.09197
1687172400,1.09198,1.09296,1.09171,1.0926
1687179600,1.09257,1.09263,1.09124,1.09229
1687186800,1.0923,1.0929,1.09159,1.09163
1687194000,1.09163,1.09211,1.09159,1.09192
1687201200,1.09193,1.09224,1.09174,1.09202
1687208400,1.0917,1.09261,1.0917,1.09231
1687215600,1.0923,1.09261,1.0917,1.09203
1687222800,1.092,1.09238,1.09106,1.09224
1687230000,1.09223,1.09238,1.0913,1.09136
1687237200,1.09136,1.09325,1.09117,1.09217
1687244400,1.09214,1.09463,1.09151,1.0938
1687251600,1.09376,1.09401,1.09227,1.09284
1687258800,1.09283,1.09359,1.09122,1.09195
1687266000,1.09191,1.09246,1.08923,1.09014
1687273200,1.09016,1.09163,1.08957,1.09151
1687280400,1.0915,1.09176,1.09116,1.09172
1687287600,1.09171,1.09187,1.09097,1.09179
1687294800,1.09137,1.09217,1.09136,1.09197
1687302000,1.09195,1.09224,1.09146,1.0916
1687309200,1.09159,1.0921,1.09119,1.09125
1687316400,1.09126,1.09196,1.09124,1.09162
1687323600,1.09161,1.09175,1.09057,1.09102
1687330800,1.09103,1.09339,1.09091,1.09249
1687338000,1.09252,1.09298,1.09136,1.09183
1687345200,1.09186,1.09268,1.09083,1.09253
1687352400,1.09249,1.09642,1.09106,1.09547
1687359600,1.09546,1.09739,1.09434,1.09706
1687366800,1.09707,1.099,1.09672,1.09848
1687374000,1.09847,1.09909,1.09817,1.09862
1687381200,1.09859,1.09909,1.09818,1.09908
1687388400,1.09906,1.09924,1.09867,1.09884
1687395600,1.09883,1.09949,1.09871,1.09935
1687402800,1.09936,1.09944,1.09867,1.09872
1687410000,1.09874,1.09906,1.09807,1.09828
1687417200,1.09827,1.10037,1.09797,1.09929
1687424400,1.09929,1.10082,1.09922,1.10048
1687431600,1.10045,1.10124,1.09803,1.09824
1687438800,1.09823,1.09893,1.09584,1.09592
1687446000,1.09591,1.09668,1.09486,1.09546
1687453200,1.09547,1.09604,1.095,1.09591
1687460400,1.09592,1.09616,1.09531,1.09554
1687467600,1.09554,1.09581,1.09528,1.09534
1687474800,1.09537,1.0959,1.09526,1.09553
1687482000,1.09552,1.09563,1.09322,1.09386
1687489200,1.09385,1.09405,1.09289,1.0933
1687496400,1.09331,1.09341,1.09206,1.09232
1687503600,1.09229,1.09262,1.08484,1.08492
1687510800,1.08491,1.08724,1.08444,1.08683
1687518000,1.08681,1.08958,1.08661,1.08874
1687525200,1.08875,1.09024,1.0879,1.08826
1687532400,1.08825,1.08924,1.0879,1.08857
1687539600,1.0886,1.08964,1.08859,1.0892
1687546800,1.08917,1.08947,1.08875,1.08943
1687726800,1.09034,1.09073,1.08937,1.09067
1687734000,1.09066,1.09093,1.08988,1.09055
1687741200,1.09054,1.091,1.09019,1.09047
1687748400,1.09046,1.09094,1.08998,1.09026
1687755600,1.09025,1.0911,1.08977,1.09032
1687762800,1.09033,1.09086,1.08875,1.08921
1687770000,1.08919,1.09074,1.08909,1.09044
1687777200,1.09043,1.09201,1.0903,1.09175
1687784400,1.09176,1.09202,1.09027,1.09082
1687791600,1.09083,1.09178,1.09,1.09087
1687798800,1.09089,1.09154,1.09064,1.0915
1687806000,1.09148,1.09152,1.09041,1.0905
1687813200,1.09052,1.0912,1.09046,1.09108
1687820400,1.09107,1.09114,1.09022,1.09045
1687827600,1.09046,1.09352,1.09038,1.0923
1687834800,1.09229,1.09293,1.09216,1.09233
1687842000,1.09233,1.09336,1.09163,1.0931
1687849200,1.0931,1.09439,1.09294,1.09396
1687856400,1.09395,1.09529,1.09261,1.09517
1687863600,1.09519,1.0972,1.09429,1.09653
1687870800,1.09656,1.09768,1.09425,1.09489
1687878000,1.09492,1.09657,1.09459,1.09589
1687885200,1.09586,1.09639,1.09551,1.09598
1687892400,1.09599,1.0964,1.09594,1.09604
1687899600,1.09581,1.09628,1.09563,1.09571
1687906800,1.09571,1.09614,1.09529,1.09546
1687914000,1.09549,1.09563,1.09423,1.09492
1687921200,1.09492,1.09545,1.09464,1.09488
1687928400,1.09487,1.09549,1.09361,1.09381
1687935600,1.09384,1.09605,1.09383,1.09528
1687942800,1.09529,1.09622,1.09445,1.09544
1687950000,1.09544,1.09557,1.09261,1.09277
1687957200,1.09277,1.09444,1.08969,1.08986
1687964400,1.08987,1.09186,1.08981,1.0911
1687971600,1.09109,1.0924,1.091,1.09225
1687978800,1.09224,1.09224,1.09111,1.09128
1687986000,1.09123,1.09153,1.09114,1.09138
1687993200,1.0914,1.09187,1.09013,1.09071
1688000400,1.09071,1.09146,1.08931,1.08935
1688007600,1.08934,1.08957,1.08808,1.08855
1688014800,1.08856,1.09003,1.0884,1.08975
1688022000,1.08974,1.09219,1.08974,1.09145
1688029200,1.09147,1.09278,1.09115,1.09277
1688036400,1.09277,1.09415,1.08733,1.08811
1688043600,1.08813,1.08939,1.08603,1.08896
1688050800,1.08895,1.08965,1.08688,1.08707
1688058000,1.08709,1.08751,1.08657,1.08671
1688065200,1.0867,1.08721,1.08635,1.08637
1688072400,1.08619,1.08669,1.08619,1.08656
1688079600,1.08655,1.08741,1.08634,1.0872
1688086800,1.08722,1.08754,1.08604,1.08666
1688094000,1.08665,1.08751,1.08658,1.08699
1688101200,1.08701,1.08756,1.08568,1.0864
1688108400,1.08641,1.08694,1.08353,1.0839
1688115600,1.08375,1.08539,1.08356,1.08533
1688122800,1.08534,1.08978,1.08492,1.0897
1688130000,1.08965,1.0932,1.08962,1.09104
1688137200,1.09103,1.09226,1.09066,1.09183
1688144400,1.09184,1.0923,1.09098,1.09113
1688151600,1.09114,1.09148,1.0908,1.09107
1688331600,1.09085,1.09132,1.09075,1.09095
1688338800,1.09095,1.09104,1.09004,1.09016
1688346000,1.09013,1.09176,1.09013,1.09074
1688353200,1.09074,1.09183,1.09064,1.09176
1688360400,1.09175,1.09183,1.08882,1.08902
1688367600,1.08903,1.08908,1.08704,1.08865
1688374800,1.08864,1.08962,1.08761,1.0892
1688382000,1.08921,1.091,1.08873,1.09089
1688389200,1.09089,1.0934,1.09028,1.09068
1688396400,1.09073,1.0923,1.0902,1.09158
1688403600,1.09159,1.09165,1.09085,1.09117
1688410800,1.09118,1.09143,1.0909,1.09132
1688418000,1.09089,1.09156,1.09085,1.09128
1688425200,1.09132,1.09149,1.09086,1.09097
1688432400,1.09098,1.09164,1.09026,1.09058
1688439600,1.09055,1.09093,1.09006,1.09008
1688446800,1.09006,1.09149,1.08942,1.09149
1688454000,1.09148,1.09149,1.08922,1.08956
1688461200,1.08955,1.09038,1.08944,1.08961
1688468400,1.0896,1.09021,1.08897,1.09008
1688475600,1.09007,1.09075,1.08961,1.09019
1688482800,1.09018,1.09028,1.08919,1.08943
1688490000,1.08946,1.08973,1.0887,1.08873
1688497200,1.08874,1.0888,1.08767,1.08791
1688504400,1.08777,1.0882,1.08774,1.08805
1688511600,1.08806,1.08908,1.08795,1.08866
1688518800,1.08867,1.08872,1.08751,1.08782
1688526000,1.08782,1.08795,1.08751,1.08757
1688533200,1.08757,1.0889,1.08678,1.08825
1688540400,1.08827,1.0908,1.08664,1.0888
1688547600,1.08879,1.08956,1.08754,1.08781
1688554800,1.08781,1.09021,1.08755,1.08942
1688562000,1.08945,1.09014,1.08671,1.08737
1688569200,1.08738,1.08772,1.08591,1.08609
1688576400,1.08605,1.08656,1.0851,1.08535
1688583600,1.08539,1.08568,1.08527,1.08535
1688590800,1.08515,1.08571,1.08515,1.0853
1688598000,1.0853,1.08562,1.08464,1.0849
1688605200,1.0849,1.08537,1.08429,1.08471
1688612400,1.08471,1.08471,1.08338,1.08432
1688619600,1.08429,1.08693,1.08416,1.08674
1688626800,1.08673,1.08754,1.08455,1.08641
1688634000,1.08641,1.08899,1.08602,1.08867
1688641200,1.08868,1.09007,1.08584,1.08739
1688648400,1.08738,1.0888,1.08335,1.08682
1688655600,1.08681,1.0886,1.08584,1.08727
1688662800,1.08728,1.08858,1.08725,1.08808
1688670000,1.08808,1.08925,1.08808,1.08921
1688677200,1.08857,1.08913,1.08857,1.08913
1688684400,1.08913,1.08951,1.08824,1.08851
1688691600,1.08851,1.08914,1.08834,1.08862
1688698800,1.08859,1.08952,1.08857,1.08911
1688706000,1.08912,1.09004,1.08811,1.08829
1688713200,1.08829,1.08911,1.08671,1.08779
1688720400,1.0878,1.08965,1.087,1.08923
1688727600,1.08924,1.09316,1.08747,1.09121
1688734800,1.09119,1.09541,1.08955,1.09489
1688742000,1.09488,1.09728,1.09447,1.09719
1688749200,1.09716,1.09733,1.09656,1.09675
1688756400,1.09673,1.09697,1.09633,1.09661
1688936400,1.096,1.09697,1.09587,1.09663
1688943600,1.09664,1.09689,1.0957,1.09642
1688950800,1.0964,1.09695,1.09566,1.09606
1688958000,1.09607,1.09623,1.09527,1.09531
1688965200,1.09531,1.09563,1.09452,1.09505
1688972400,1.09504,1.09658,1.09485,1.09648
1688979600,1.09647,1.09733,1.09547,1.09594
1688986800,1.09595,1.09622,1.09435,1.0947
1688994000,1.09472,1.09803,1.09471,1.09748
1689001200,1.09749,1.09928,1.09748,1.09893
1689008400,1.09893,1.09994,1.09876,1.09991
1689015600,1.0999,1.10015,1.09964,1.10009
1689022800,1.10006,1.10027,1.09929,1.10014
1689030000,1.10013,1.10088,1.10013,1.10067
1689037200,1.10067,1.10201,1.10058,1.10188
1689044400,1.10188,1.10204,1.10121,1.10198
1689051600,1.10198,1.10271,1.1006,1.10214
1689058800,1.10215,1.1023,1.10024,1.10028
1689066000,1.10029,1.10128,1.09972,1.10061
1689073200,1.1006,1.10065,1.09771,1.09819
1689080400,1.0982,1.09938,1.09785,1.09901
1689087600,1.09898,1.10032,1.09863,1.10026
1689094800,1.10027,1.10093,1.09976,1.09992
1689102000,1.09995,1.10086,1.09992,1.10082
1689109200,1.10067,1.10123,1.1,1.10121
1689116400,1.10121,1.10217,1.10112,1.10188
1689123600,1.10185,1.10335,1.10185,1.10314
1689130800,1.10313,1.10369,1.10267,1.10362
1689138000,1.10361,1.10363,1.10206,1.10227
1689145200,1.10228,1.10306,1.10217,1.10223
1689152400,1.1022,1.1028,1.10183,1.10221
1689159600,1.10221,1.10719,1.10138,1.10583
1689166800,1.10584,1.11235,1.10564,1.11205
1689174000,1.11204,1.11336,1.11108,1.11321
1689181200,1.11317,1.11402,1.11246,1.11384
1689188400,1.1138,1.11404,1.11306,1.11313
1689195600,1.11284,1.11372,1.11273,1.11351
1689202800,1.11352,1.11452,1.11341,1.11383
1689210000,1.11384,1.11476,1.11364,1.11462
1689217200,1.11461,1.11488,1.11407,1.11409
1689224400,1.11409,1.11502,1.11299,1.11484
1689231600,1.11485,1.11701,1.11363,1.11609
1689238800,1.11608,1.11745,1.11551,1.11714
1689246000,1.11715,1.11898,1.11616,1.11796
1689253200,1.11798,1.11961,1.11764,1.1196
1689260400,1.11957,1.12092,1.11859,1.12059
1689267600,1.1206,1.12227,1.12023,1.12226
1689274800,1.12225,1.1228,1.12195,1.12262
1689282000,1.1214,1.12297,1.12057,1.12247
1689289200,1.12247,1.1228,1.12135,1.12229
1689296400,1.12228,1.12387,1.12222,1.12354
1689303600,1.12355,1.12431,1.12327,1.12331
1689310800,1.12331,1.12354,1.12056,1.12101
1689318000,1.12101,1.1236,1.12042,1.12313
1689325200,1.12314,1.1245,1.12156,1.12203
1689332400,1.12204,1.12343,1.12102,1.12259
1689339600,1.12258,1.12445,1.12154,1.12419
1689346800,1.12417,1.12444,1.12331,1.12395
1689354000,1.12397,1.12397,1.12265,1.12341
1689361200,1.12339,1.12341,1.12245,1.12287
1689541200,1.12315,1.12349,1.12237,1.12256
1689548400,1.12258,1.12296,1.12232,1.12247
1689555600,1.12247,1.12281,1.12146,1.12265
1689562800,1.12264,1.12286,1.12223,1.12269
1689570000,1.12268,1.124,1.12221,1.12334
1689577200,1.12337,1.12489,1.12297,1.12379
1689584400,1.12377,1.12449,1.12307,1.12313
1689591600,1.12314,1.12378,1.12209,1.12356
1689598800,1.12355,1.12358,1.12034,1.12319
1689606000,1.12323,1.12384,1.12256,1.1233
1689613200,1.12331,1.12445,1.12321,1.12432
1689620400,1.12431,1.12462,1.12368,1.1238
1689627600,1.12329,1.12401,1.12314,1.12395
1689634800,1.12394,1.12465,1.12346,1.12419
1689642000,1.12422,1.12563,1.12387,1.12478
1689649200,1.12475,1.12564,1.12445,1.12518
1689656400,1.12518,1.12641,1.12405,1.12562
1689663600,1.12562,1.12758,1.1228,1.12372
1689670800,1.12373,1.12602,1.12369,1.12573
1689678000,1.12573,1.12705,1.1223,1.12398
1689685200,1.124,1.12461,1.12167,1.12369
1689692400,1.1237,1.12456,1.12091,1.12147
1689699600,1.12146,1.1231,1.12093,1.12289
1689706800,1.12288,1.12316,1.12243,1.12278
1689714000,1.1224,1.12327,1.1224,1.12315
1689721200,1.12315,1.12328,1.12252,1.12296
1689728400,1.12297,1.12313,1.12163,1.12217
1689735600,1.12216,1.12269,1.12198,1.12215
1689742800,1.12216,1.12357,1.1196,1.1213
1689750000,1.1213,1.12372,1.12125,1.12325
1689757200,1.12324,1.12401,1.12157,1.12159
1689764400,1.12161,1.12241,1.12089,1.12171
1689771600,1.12172,1.12247,1.11744,1.11908
1689778800,1.11907,1.11993,1.11801,1.11922
1689786000,1.11923,1.12022,1.11903,1.1202
1689793200,1.12019,1.12051,1.11984,1.12022
1689800400,1.11978,1.1204,1.11947,1.12035
1689807600,1.12035,1.12202,1.12023,1.12184
1689814800,1.12181,1.12291,1.12156,1.12252
1689822000,1.12252,1.12274,1.12186,1.12212
1689829200,1.12214,1.12232,1.12056,1.12107
1689836400,1.12107,1.12209,1.1198,1.12085
1689843600,1.1208,1.12169,1.12016,1.12041
1689850800,1.1204,1.12128,1.11772,1.11827
1689858000,1.11823,1.11887,1.11407,1.1147
1689865200,1.11471,1.11526,1.11185,1.11242
1689872400,1.11242,1.11347,1.1122,1.11264
1689879600,1.11264,1.11335,1.11264,1.11293
1689886800,1.11282,1.11369,1.11282,1.11351
1689894000,1.11351,1.11382,1.11297,1.11376
1689901200,1.11375,1.11419,1.1131,1.11396
1689908400,1.11395,1.11406,1.11345,1.11396
1689915600,1.11397,1.11451,1.11338,1.11429
1689922800,1.11429,1.11448,1.11215,1.11284
1689930000,1.11283,1.11321,1.11203,1.11256
1689937200,1.11255,1.11345,1.11173,1.11283
1689944400,1.11284,1.11381,1.11079,1.11134
1689951600,1.11136,1.11261,1.11121,1.11235
1689958800,1.11236,1.11303,1.11229,1.11248
1689966000,1.11249,1.11292,1.11192,1.11254
1690146000,1.11207,1.1131,1.11202,1.11286
1690153200,1.11285,1.11329,1.11229,1.11297
1690160400,1.11298,1.11313,1.11196,1.11265
1690167600,1.11264,1.11293,1.11168,1.11201
1690174800,1.11202,1.11412,1.11187,1.11359
1690182000,1.11357,1.11469,1.1066,1.10709
1690189200,1.1071,1.10935,1.10694,1.10917
1690196400,1.10916,1.11091,1.10825,1.10879
1690203600,1.10878,1.11046,1.10692,1.10792
1690210800,1.10788,1.10842,1.10711,1.10814
1690218000,1.1081,1.10846,1.10673,1.10707
1690225200,1.1071,1.10723,1.10603,1.10645
1690232400,1.10633,1.10681,1.10622,1.10626
1690239600,1.10625,1.10703,1.10599,1.10673
1690246800,1.10674,1.10816,1.1067,1.10807
1690254000,1.10807,1.10808,1.10688,1.10703
1690261200,1.10702,1.10869,1.10694,1.10799
1690268400,1.10797,1.10847,1.10527,1.10649
1690275600,1.10648,1.10678,1.10411,1.1045
1690282800,1.10449,1.10534,1.10392,1.10487
1690290000,1.10488,1.10496,1.1021,1.10445
1690297200,1.10446,1.10548,1.10411,1.10424
1690304400,1.10422,1.10458,1.10355,1.10453
1690311600,1.10452,1.10552,1.10433,1.1055
1690318800,1.10474,1.10573,1.10474,1.10513
1690326000,1.10512,1.10531,1.10441,1.10459
1690333200,1.10457,1.10465,1.10378,1.10458
1690340400,1.10459,1.10533,1.10449,1.10481
1690347600,1.10479,1.10712,1.10476,1.10635
1690354800,1.10633,1.10776,1.10572,1.10756
1690362000,1.10757,1.10863,1.10688,1.10821
1690369200,1.10822,1.10839,1.10574,1.10682
1690376400,1.10681,1.10733,1.10577,1.10636
1690383600,1.10637,1.10824,1.10617,1.10718
1690390800,1.10715,1.11049,1.10566,1.11038
1690398000,1.11041,1.11068,1.10785,1.10856
1690405200,1.10815,1.10893,1.10815,1.10849
1690412400,1.10849,1.10874,1.10774,1.10866
1690419600,1.10865,1.1118,1.10865,1.10992
1690426800,1.10991,1.11078,1.10961,1.10961
1690434000,1.10961,1.11003,1.10881,1.11
1690441200,1.11002,1.11395,1.10985,1.11391
1690448400,1.11393,1.11498,1.11269,1.11373
1690455600,1.11375,1.11412,1.10477,1.10595
1690462800,1.10593,1.10654,1.09839,1.0992
1690470000,1.09919,1.10034,1.09861,1.09903
1690477200,1.09907,1.10104,1.09718,1.09735
1690484400,1.09734,1.09769,1.0966,1.09768
1690491600,1.09755,1.09835,1.0975,1.09829
1690498800,1.0983,1.09832,1.09761,1.09804
1690506000,1.09803,1.09861,1.09736,1.09831
1690513200,1.09832,1.09885,1.09597,1.09728
1690520400,1.09729,1.09914,1.09488,1.09711
1690527600,1.09813,1.09884,1.09436,1.09597
1690534800,1.09598,1.09967,1.09566,1.09937
1690542000,1.09936,1.10334,1.09921,1.10093
1690549200,1.10092,1.10476,1.09932,1.10356
1690556400,1.10358,1.10432,1.10221,1.10255
1690563600,1.10251,1.10299,1.10151,1.10235
1690570800,1.10236,1.10267,1.10149,1.10166
1690750800,1.10133,1.10278,1.10121,1.10271
1690758000,1.10272,1.10286,1.10195,1.10221
1690765200,1.10222,1.10266,1.10093,1.10155
1690772400,1.10156,1.10182,1.10058,1.10059
1690779600,1.10058,1.10175,1.10054,1.1011
1690786800,1.10113,1.10358,1.1011,1.10338
1690794000,1.1034,1.10403,1.10257,1.10367
1690801200,1.10364,1.10388,1.1019,1.10283
1690808400,1.10281,1.1046,1.10146,1.10252
1690815600,1.1025,1.10298,1.1004,1.10071
1690822800,1.10068,1.10114,1.09977,1.09988
1690830000,1.09989,1.10008,1.09935,1.09966
1690837200,1.09935,1.1003,1.09927,1.10011
1690844400,1.10012,1.10018,1.09884,1.09889
1690851600,1.09889,1.09909,1.09805,1.09852
1690858800,1.09854,1.09911,1.0982,1.09903
1690866000,1.09902,1.10003,1.09868,1.09947
1690873200,1.09948,1.09949,1.09702,1.09748
1690880400,1.09748,1.09847,1.09659,1.09823
1690887600,1.09823,1.09824,1.09524,1.09563
1690894800,1.09565,1.09891,1.0956,1.09783
1690902000,1.09785,1.09849,1.09608,1.09721
1690909200,1.0972,1.09766,1.09627,1.09738
1690916400,1.09736,1.09852,1.09735,1.09836
1690923600,1.09803,1.10199,1.09787,1.10094
1690930800,1.10094,1.10169,1.09928,1.09962
1690938000,1.09961,1.10073,1.09802,1.09843
1690945200,1.09844,1.09895,1.09803,1.09893
1690952400,1.09894,1.10007,1.09813,1.09899
1690959600,1.09899,1.09972,1.0976,1.09842
1690966800,1.09841,1.0985,1.09683,1.09789
1690974000,1.09789,1.09872,1.09575,1.09598
1690981200,1.09599,1.0968,1.09181,1.09273
1690988400,1.09268,1.09528,1.09232,1.09506
1690995600,1.09506,1.09578,1.09409,1.09431
1691002800,1.09429,1.09459,1.09348,1.09382
1691010000,1.09357,1.09446,1.09357,1.09445
1691017200,1.09444,1.09457,1.09371,1.094
1691024400,1.09397,1.09493,1.09345,1.09351
1691031600,1.09351,1.09358,1.09225,1.09234
1691038800,1.09234,1.09434,1.09195,1.09217
1691046000,1.09215,1.0928,1.09124,1.09249
1691053200,1.09248,1.09384,1.09217,1.09343
1691060400,1.09344,1.09565,1.09219,1.09381
1691067600,1.09376,1.09481,1.09155,1.09319
1691074800,1.0932,1.09629,1.093,1.09552
1691082000,1.09551,1.0957,1.09424,1.09433
1691089200,1.09434,1.09503,1.09385,1.09487
1691096400,1.09421,1.09523,1.09393,1.09518
1691103600,1.09518,1.09557,1.09465,1.09554
1691110800,1.09553,1.09615,1.09525,1.09557
1691118000,1.09556,1.09604,1.09494,1.09503
1691125200,1.09502,1.09584,1.09462,1.09481
1691132400,1.0948,1.09543,1.09377,1.09402
1691139600,1.09402,1.09488,1.09353,1.09443
1691146800,1.09447,1.0998,1.09302,1.09891
1691154000,1.09887,1.10299,1.09863,1.10235
1691161200,1.10233,1.1042,1.10184,1.1034
1691168400,1.1034,1.10391,1.10085,1.10092
1691175600,1.10094,1.10112,1.10038,1.1011
1691355600,1.101,1.10152,1.10027,1.10055
1691362800,1.10054,1.1012,1.10007,1.101
1691370000,1.10099,1.10101,1.09953,1.10004
1691377200,1.10004,1.10023,1.09918,1.09968
1691384400,1.09967,1.09975,1.09709,1.09802
1691391600,1.09804,1.0995,1.09736,1.09748
1691398800,1.09746,1.09773,1.09655,1.0973
1691406000,1.09731,1.09962,1.09717,1.09956
1691413200,1.09957,1.10117,1.09858,1.10018
1691420400,1.1001,1.10064,1.09922,1.10009
1691427600,1.10008,1.10101,1.09955,1.10069
1691434800,1.1007,1.1008,1.0999,1.10032
1691442000,1.10009,1.10049,1.10006,1.10018
1691449200,1.10018,1.10054,1.09896,1.09918
1691456400,1.09915,1.09918,1.09768,1.09884
1691463600,1.09885,1.09926,1.09801,1.09922
1691470800,1.09922,1.10112,1.09899,1.09976
1691478000,1.09977,1.09983,1.09737,1.09854
1691485200,1.09855,1.09865,1.0952,1.09538
1691492400,1.09539,1.09571,1.09348,1.09432
1691499600,1.09431,1.09562,1.09291,1.09458
1691506800,1.09457,1.09579,1.09414,1.09483
1691514000,1.09482,1.09611,1.09479,1.09593
1691521200,1.09593,1.0962,1.09531,1.09562
1691528400,1.09512,1.09568,1.09495,1.09518
1691535600,1.0952,1.09655,1.0952,1.09577
1691542800,1.09576,1.09699,1.09552,1.09684
1691550000,1.09685,1.09709,1.09633,1.09669
1691557200,1.09669,1.09797,1.09669,1.09727
1691564400,1.09726,1.09888,1.0971,1.09839
1691571600,1.09838,1.09872,1.09746,1.09763
1691578800,1.0976,1.09819,1.09621,1.09815
1691586000,1.09817,1.09954,1.09717,1.09828
1691593200,1.09826,1.09878,1.09734,1.09785
1691600400,1.09783,1.09918,1.09749,1.09753
1691607600,1.09754,1.09821,1.09711,1.09737
1691614800,1.0972,1.09789,1.09714,1.09772
1691622000,1.0977,1.09777,1.09674,1.0971
1691629200,1.09711,1.09808,1.09678,1.0979
1691636400,1.09789,1.09882,1.0978,1.09795
1691643600,1.09794,1.0999,1.09786,1.09945
1691650800,1.09943,1.10266,1.09932,1.10186
1691658000,1.10185,1.10279,1.10162,1.10279
1691665200,1.1028,1.10653,1.10109,1.1042
1691672400,1.10417,1.1046,1.10077,1.10188
1691679600,1.10189,1.10222,1.10087,1.10134
1691686800,1.10133,1.10143,1.09762,1.09909
1691694000,1.09906,1.09913,1.09777,1.09805
1691701200,1.09802,1.09845,1.09781,1.09827
1691708400,1.09829,1.09891,1.09796,1.09879
1691715600,1.09881,1.09979,1.09858,1.09887
1691722800,1.09886,1.09917,1.09839,1.09852
1691730000,1.09852,1.10022,1.09839,1.09911
1691737200,1.09909,1.10033,1.09876,1.09995
1691744400,1.09994,1.10005,1.09762,1.09932
1691751600,1.09931,1.10051,1.0966,1.09683
1691758800,1.0968,1.09838,1.0955,1.09723
1691766000,1.09724,1.09758,1.09458,1.09465
1691773200,1.09464,1.09557,1.09431,1.09508
1691780400,1.09508,1.09512,1.09433,1.09481
1691960400,1.0947,1.09523,1.09402,1.09422
1691967600,1.09421,1.09468,1.09361,1.09371
1691974800,1.0937,1.09408,1.09302,1.09306
1691982000,1.09306,1.09358,1.09292,1.09354
1691989200,1.09356,1.09405,1.09263,1.09323
1691996400,1.09322,1.09604,1.09298,1.09462
1692003600,1.09463,1.09531,1.09419,1.09453
1692010800,1.0945,1.09461,1.09022,1.09057
1692018000,1.09058,1.09095,1.08747,1.09033
1692025200,1.09032,1.0936,1.09023,1.09284
1692032400,1.09286,1.09312,1.09038,1.09047
1692039600,1.09048,1.09132,1.09028,1.09063
1692046800,1.09012,1.09083,1.09012,1.09073
1692054000,1.09071,1.09095,1.09015,1.09074
1692061200,1.09075,1.09174,1.09005,1.09095
1692068400,1.09096,1.09175,1.09096,1.09102
1692075600,1.09101,1.09263,1.09062,1.09236
1692082800,1.09235,1.09344,1.09155,1.0928
1692090000,1.0928,1.09448,1.09213,1.09349
1692097200,1.09348,1.09362,1.08968,1.0922
1692104400,1.09219,1.09524,1.09169,1.09411
1692111600,1.09412,1.09445,1.0915,1.09179
1692118800,1.09178,1.09211,1.09036,1.09044
1692126000,1.09043,1.09065,1.08992,1.09047
1692133200,1.09036,1.09062,1.09017,1.09031
1692140400,1.0903,1.09053,1.08992,1.09031
1692147600,1.0903,1.09119,1.08989,1.09046
1692154800,1.09046,1.09136,1.09041,1.09135
1692162000,1.09134,1.09273,1.09106,1.09193
1692169200,1.09194,1.09345,1.09168,1.09281
1692176400,1.0928,1.09326,1.09159,1.09182
1692183600,1.09182,1.09195,1.09024,1.09024
1692190800,1.0902,1.09235,1.08959,1.09068
1692198000,1.09067,1.09125,1.08862,1.08869
1692205200,1.08868,1.09004,1.08774,1.08808
1692212400,1.08809,1.0881,1.08716,1.08791
1692219600,1.08761,1.08833,1.08735,1.08793
1692226800,1.08792,1.08798,1.08664,1.08694
1692234000,1.08696,1.08708,1.08618,1.0866
1692241200,1.0866,1.08691,1.08628,1.08684
1692248400,1.08685,1.08868,1.08627,1.08835
1692255600,1.08834,1.08855,1.08697,1.08731
1692262800,1.08729,1.08876,1.08638,1.08836
1692270000,1.08837,1.09184,1.08813,1.09064
1692277200,1.09063,1.09179,1.08845,1.08895
1692284400,1.08894,1.08903,1.08669,1.08781
1692291600,1.08782,1.08786,1.08566,1.08571
1692298800,1.08572,1.0874,1.08571,1.08723
1692306000,1.08669,1.08744,1.08633,1.08736
1692313200,1.08737,1.08921,1.08718,1.08898
1692320400,1.08899,1.08939,1.08839,1.08885
1692327600,1.08884,1.0889,1.08803,1.08824
1692334800,1.08825,1.08872,1.0871,1.08718
1692342000,1.08716,1.08783,1.08638,1.08675
1692349200,1.08675,1.08764,1.0862,1.08631
1692356400,1.08634,1.08707,1.0845,1.08555
1692363600,1.08556,1.08816,1.08531,1.08721
1692370800,1.08721,1.08796,1.08681,1.08731
1692378000,1.08732,1.08814,1.08685,1.08782
1692385200,1.08781,1.0879,1.08684,1.08722
1692565200,1.0868,1.08786,1.08618,1.08741
1692572400,1.08743,1.08843,1.08717,1.08798
1692579600,1.08797,1.0884,1.08696,1.08813
1692586800,1.08812,1.0883,1.08783,1.08812
1692594000,1.08813,1.08874,1.08726,1.08774
1692601200,1.08775,1.08898,1.08724,1.08861
1692608400,1.08861,1.09049,1.08857,1.08991
1692615600,1.0899,1.09138,1.08937,1.08984
1692622800,1.08988,1.09002,1.08753,1.08874
1692630000,1.08872,1.09043,1.08819,1.09017
1692637200,1.09018,1.09035,1.08966,1.08986
1692644400,1.08985,1.09017,1.08928,1.08952
1692651600,1.0891,1.08977,1.08894,1.0896
1692658800,1.0896,1.09015,1.08934,1.09005
1692666000,1.09006,1.09129,1.0898,1.09077
1692673200,1.09074,1.09169,1.09059,1.09092
1692680400,1.09092,1.09209,1.09046,1.09179
1692687600,1.09178,1.09304,1.09068,1.091
1692694800,1.09099,1.09125,1.08856,1.08868
1692702000,1.08867,1.08907,1.08649,1.08662
1692709200,1.0866,1.08713,1.0833,1.08512
1692716400,1.0851,1.08558,1.08445,1.08494
1692723600,1.08495,1.08554,1.08476,1.08524
1692730800,1.08523,1.08525,1.08435,1.08456
1692738000,1.08441,1.08476,1.08415,1.08461
1692745200,1.08461,1.08536,1.08457,1.08473
1692752400,1.08472,1.08577,1.08446,1.08545
1692759600,1.08546,1.08609,1.08519,1.08607
1692766800,1.08607,1.08647,1.08522,1.08613
1692774000,1.08609,1.08714,1.08118,1.08189
1692781200,1.0819,1.08205,1.08054,1.08076
1692788400,1.08073,1.08184,1.08025,1.08042
1692795600,1.08042,1.0854,1.08035,1.08457
1692802800,1.08458,1.08684,1.08447,1.08629
1692810000,1.08628,1.08702,1.08557,1.08588
1692817200,1.08589,1.08667,1.08584,1.08632
1692824400,1.08619,1.08675,1.08607,1.08645
1692831600,1.08646,1.08754,1.08611,1.08698
1692838800,1.08697,1.08702,1.08585,1.08649
1692846000,1.08649,1.08711,1.08631,1.08698
1692853200,1.08699,1.08766,1.08564,1.08568
1692860400,1.08569,1.08645,1.0852,1.0862
1692867600,1.08621,1.08636,1.08466,1.08548
1692874800,1.08547,1.08587,1.08143,1.08208
1692882000,1.08209,1.08489,1.08205,1.08394
1692889200,1.08393,1.08407,1.0818,1.08213
1692896400,1.08215,1.08241,1.08089,1.08092
1692903600,1.08093,1.08125,1.08052,1.08101
1692910800,1.08069,1.08158,1.08064,1.08073
1692918000,1.08072,1.08072,1.07927,1.07945
1692925200,1.07944,1.07952,1.07829,1.0786
1692932400,1.0786,1.07876,1.0777,1.07824
1692939600,1.07822,1.07916,1.07783,1.0781
1692946800,1.07808,1.07922,1.07662,1.07864
1692954000,1.07865,1.08035,1.07847,1.08029
1692961200,1.0803,1.08173,1.07995,1.08127
1692968400,1.08125,1.08419,1.07659,1.07717
1692975600,1.07719,1.08004,1.07683,1.07963
1692982800,1.07965,1.08126,1.07907,1.08072
1692990000,1.08071,1.08108,1.07914,1.07937
1693170000,1.07952,1.08009,1.07939,1.07946
1693177200,1.07951,1.08049,1.07934,1.08024
1693184400,1.08022,1.081,1.08014,1.08087
1693191600,1.08086,1.08114,1.0806,1.08077
1693198800,1.08076,1.08191,1.08054,1.08161
1693206000,1.08162,1.08209,1.07995,1.08006
1693213200,1.08006,1.08223,1.08001,1.08118
1693220400,1.08117,1.08126,1.08024,1.08102
1693227600,1.08103,1.08141,1.0799,1.08056
1693234800,1.08058,1.08125,1.08028,1.08076
1693242000,1.08079,1.08123,1.08041,1.08117
1693249200,1.08118,1.08198,1.08091,1.08191
1693256400,1.08132,1.08271,1.08129,1.08258
1693263600,1.08258,1.08316,1.08214,1.08237
1693270800,1.08238,1.0837,1.08233,1.08355
1693278000,1.08356,1.08383,1.08241,1.08242
1693285200,1.08242,1.08262,1.08084,1.08088
1693292400,1.08087,1.08298,1.08084,1.08102
1693299600,1.08101,1.08163,1.08041,1.08066
1693306800,1.08066,1.0812,1.07862,1.07924
1693314000,1.07923,1.08504,1.07824,1.0828
1693321200,1.08281,1.08642,1.0826,1.08628
1693328400,1.08626,1.08769,1.08604,1.08719
1693335600,1.0872,1.0892,1.08695,1.08789
1693342800,1.0876,1.08848,1.08719,1.08844
1693350000,1.08845,1.08849,1.08671,1.08698
1693357200,1.08699,1.08723,1.08637,1.08672
1693364400,1.0867,1.08693,1.08604,1.08606
1693371600,1.08606,1.08766,1.08557,1.0869
1693378800,1.08694,1.08735,1.08552,1.08674
1693386000,1.08676,1.08938,1.08663,1.08905
1693393200,1.08904,1.0926,1.08746,1.09211
1693400400,1.09207,1.09454,1.09132,1.0929
1693407600,1.09289,1.09346,1.09182,1.09259
1693414800,1.09259,1.09328,1.09168,1.09236
1693422000,1.09232,1.09246,1.09191,1.09228
1693429200,1.09198,1.09292,1.09171,1.09265
1693436400,1.09265,1.0934,1.09263,1.09331
1693443600,1.09329,1.09397,1.09209,1.09218
1693450800,1.09216,1.09231,1.09183,1.09187
1693458000,1.09185,1.09247,1.09067,1.09072
1693465200,1.09073,1.09089,1.08772,1.08779
1693472400,1.08775,1.0881,1.08629,1.08732
1693479600,1.08733,1.08852,1.08576,1.08743
1693486800,1.08744,1.08748,1.08403,1.08549
1693494000,1.0855,1.08591,1.08352,1.08387
1693501200,1.08392,1.08543,1.08366,1.08458
1693508400,1.08455,1.08505,1.08413,1.08436
1693515600,1.08384,1.08444,1.08362,1.0842
1693522800,1.0842,1.08451,1.08363,1.08377
1693530000,1.08377,1.08542,1.08377,1.08442
1693537200,1.08441,1.08471,1.0838,1.08466
1693544400,1.08466,1.08497,1.08284,1.08494
1693551600,1.08495,1.08595,1.08447,1.08486
1693558800,1.08483,1.08559,1.08437,1.08459
1693566000,1.08458,1.08819,1.08325,1.08639
1693573200,1.08645,1.08813,1.08042,1.08085
1693580400,1.08084,1.08084,1.078,1.07841
1693587600,1.07842,1.07892,1.07754,1.07787
1693594800,1.07788,1.07806,1.07722,1.07735
1693774800,1.0776,1.07809,1.07719,1.07735
1693782000,1.07731,1.07802,1.07717,1.07788
1693789200,1.07788,1.07874,1.07748,1.07858
1693796400,1.07859,1.07872,1.07813,1.07869
1693803600,1.07869,1.07943,1.07835,1.079
1693810800,1.07903,1.08068,1.07888,1.07977
1693818000,1.07978,1.08048,1.07925,1.08048
1693825200,1.08049,1.08089,1.07952,1.07974
1693832400,1.07973,1.08054,1.07834,1.07844
1693839600,1.07843,1.08001,1.07836,1.07938
1693846800,1.07939,1.07964,1.07932,1.07953
1693854000,1.07952,1.07968,1.07929,1.07965
1693861200,1.07911,1.07978,1.07894,1.07946
1693868400,1.07947,1.0795,1.07888,1.07932
1693875600,1.07933,1.07984,1.07835,1.07873
1693882800,1.07873,1.0794,1.0781,1.07923
1693890000,1.07923,1.07937,1.07579,1.07667
1693897200,1.07669,1.07719,1.0742,1.07483
1693904400,1.07479,1.07571,1.07385,1.07395
1693911600,1.07396,1.07481,1.07167,1.0744
1693918800,1.07447,1.07487,1.07072,1.07084
1693926000,1.07081,1.07324,1.07065,1.07296
1693933200,1.07297,1.07315,1.07208,1.07216
1693940400,1.07216,1.07273,1.07192,1.07219
1693947600,1.07222,1.07264,1.0721,1.07264
1693954800,1.07263,1.07283,1.07152,1.07193
1693962000,1.07194,1.07344,1.07135,1.07342
1693969200,1.07339,1.07361,1.07292,1.07359
1693976400,1.0736,1.07396,1.07276,1.07315
1693983600,1.07314,1.07481,1.07239,1.0734
1693990800,1.07341,1.07443,1.07247,1.07386
1693998000,1.07387,1.07489,1.07342,1.0737
1694005200,1.07367,1.07404,1.07026,1.07091
1694012400,1.0709,1.0721,1.0705,1.07208
1694019600,1.07209,1.07294,1.072,1.07259
1694026800,1.0726,1.07283,1.07233,1.07258
1694034000,1.07218,1.07275,1.07216,1.07252
1694041200,1.07252,1.07259,1.07191,1.07221
1694048400,1.0722,1.07311,1.07201,1.07279
1694055600,1.07279,1.07319,1.07178,1.07192
1694062800,1.07192,1.07258,1.07149,1.07166
1694070000,1.07167,1.07197,1.0708,1.07105
1694077200,1.07104,1.07178,1.07042,1.07063
1694084400,1.07062,1.07135,1.06863,1.06935
1694091600,1.06934,1.07099,1.06864,1.07031
1694098800,1.07032,1.07097,1.06947,1.07042
1694106000,1.07041,1.07095,1.06942,1.06942
1694113200,1.06943,1.07016,1.06939,1.06954
1694120400,1.06961,1.06986,1.06954,1.06956
1694127600,1.06957,1.07153,1.06943,1.07141
1694134800,1.07141,1.07232,1.07048,1.07178
1694142000,1.07178,1.07184,1.07127,1.07135
1694149200,1.07136,1.07281,1.07135,1.07154
1694156400,1.07157,1.07191,1.07078,1.07118
1694163600,1.07117,1.07117,1.06967,1.07004
1694170800,1.07005,1.07137,1.06941,1.07024
1694178000,1.07025,1.07437,1.06997,1.07154
1694185200,1.07153,1.07175,1.07006,1.07045
1694192400,1.07045,1.07108,1.0697,1.06979
1694199600,1.06979,1.07031,1.06972,1.07003
1694379600,1.07148,1.07197,1.07075,1.07115
1694386800,1.07115,1.07209,1.07082,1.07133
1694394000,1.07133,1.07282,1.07101,1.0724
1694401200,1.07241,1.07377,1.07195,1.07354
1694408400,1.07354,1.07414,1.07243,1.07332
1694415600,1.07329,1.07374,1.07222,1.07286
1694422800,1.07286,1.07346,1.07235,1.07321
1694430000,1.07321,1.07324,1.07155,1.07275
1694437200,1.07276,1.07594,1.07224,1.07458
1694444400,1.07455,1.07579,1.07411,1.07512
1694451600,1.07511,1.07524,1.07442,1.07453
1694458800,1.07456,1.07509,1.07444,1.07499
1694466000,1.07413,1.0753,1.07413,1.07499
1694473200,1.07498,1.07508,1.07423,1.07439
1694480400,1.07438,1.07692,1.07377,1.0751
1694487600,1.0751,1.07511,1.07387,1.07391
1694494800,1.07392,1.07411,1.07304,1.07325
1694502000,1.07326,1.07348,1.07122,1.07147
1694509200,1.07146,1.07262,1.07121,1.0716
1694516400,1.07162,1.0721,1.07058,1.07075
1694523600,1.0707,1.07189,1.07055,1.0714
1694530800,1.07141,1.07376,1.07139,1.07233
1694538000,1.07233,1.07345,1.07233,1.07323
1694545200,1.07324,1.07649,1.07276,1.07547
1694552400,1.07491,1.07626,1.0748,1.07561
1694559600,1.0756,1.07642,1.07526,1.07594
1694566800,1.07593,1.07648,1.07452,1.07466
1694574000,1.07467,1.07537,1.07446,1.07523
1694581200,1.07523,1.07547,1.07349,1.07383
1694588400,1.07384,1.07489,1.07312,1.07351
1694595600,1.07352,1.07399,1.07287,1.07378
1694602800,1.07377,1.07618,1.0711,1.07479
1694610000,1.07477,1.0756,1.07271,1.0738
1694617200,1.07383,1.07465,1.07313,1.07407
1694624400,1.07408,1.07493,1.0732,1.07322
1694631600,1.07323,1.07326,1.0728,1.07291
1694638800,1.0728,1.07342,1.07274,1.0733
1694646000,1.0733,1.07424,1.07302,1.074
1694653200,1.074,1.07434,1.07318,1.07406
1694660400,1.07407,1.0749,1.07407,1.07473
1694667600,1.07475,1.07522,1.07408,1.07429
1694674800,1.07433,1.07433,1.07322,1.0734
1694682000,1.0734,1.07375,1.07246,1.0735
1694689200,1.07351,1.07475,1.06556,1.06771
1694696400,1.06767,1.06975,1.0654,1.06642
1694703600,1.06641,1.06755,1.06452,1.06486
1694710800,1.06485,1.06509,1.0632,1.06348
1694718000,1.06349,1.06469,1.06345,1.06439
1694725200,1.06327,1.06438,1.06313,1.06424
1694732400,1.06425,1.06437,1.06343,1.06422
1694739600,1.06423,1.06485,1.06333,1.0643
1694746800,1.06435,1.06537,1.06417,1.06534
1694754000,1.06533,1.06676,1.06488,1.06607
1694761200,1.06608,1.06688,1.06499,1.06657
1694768400,1.06656,1.06695,1.06541,1.06562
1694775600,1.0656,1.06621,1.06451,1.06505
1694782800,1.06504,1.06878,1.06498,1.06644
1694790000,1.06643,1.06804,1.06619,1.06722
1694797200,1.06725,1.06765,1.06606,1.06609
1694804400,1.06608,1.06638,1.0657,1.06625
1694984400,1.06597,1.06691,1.0656,1.0664
1694991600,1.06639,1.0672,1.06624,1.06716
1694998800,1.06718,1.06738,1.0661,1.06654
1695006000,1.06655,1.06694,1.06632,1.06688
1695013200,1.06689,1.06778,1.06586,1.06586
1695020400,1.06583,1.06661,1.06563,1.0664
1695027600,1.06639,1.06749,1.0662,1.06679
1695034800,1.06678,1.06705,1.06561,1.06569
1695042000,1.06568,1.06757,1.06547,1.06751
1695049200,1.0675,1.06988,1.06742,1.06922
1695056400,1.06925,1.06982,1.0678,1.06784
1695063600,1.06783,1.06921,1.06782,1.06919
1695070800,1.06919,1.06939,1.06776,1.06914
1695078000,1.06915,1.06967,1.0688,1.06885
1695085200,1.06885,1.06895,1.06809,1.06846
1695092400,1.06846,1.06858,1.06789,1.06801
1695099600,1.06796,1.06838,1.06763,1.06786
1695106800,1.06787,1.06953,1.06752,1.06867
1695114000,1.06863,1.07096,1.06821,1.07004
1695121200,1.07003,1.0718,1.06943,1.06998
1695128400,1.06997,1.07015,1.06824,1.06896
1695135600,1.06897,1.06928,1.06785,1.06848
1695142800,1.06847,1.06918,1.06772,1.06776
1695150000,1.06773,1.06814,1.06762,1.0679
1695157200,1.06757,1.06829,1.06751,1.06822
1695164400,1.06823,1.0686,1.06793,1.0685
1695171600,1.06849,1.06897,1.06801,1.06831
1695178800,1.0683,1.06843,1.06783,1.06786
1695186000,1.06787,1.0693,1.06732,1.06819
1695193200,1.06818,1.06972,1.06752,1.06963
1695200400,1.06964,1.07051,1.06933,1.07032
1695207600,1.07031,1.0705,1.06922,1.06981
1695214800,1.06983,1.07272,1.06971,1.07197
1695222000,1.07196,1.07368,1.07135,1.07346
1695229200,1.07353,1.07355,1.06737,1.06868
1695236400,1.06863,1.06891,1.06502,1.06601
1695243600,1.06566,1.06644,1.06527,1.06552
1695250800,1.06552,1.06552,1.063,1.06314
1695258000,1.06315,1.06414,1.06169,1.06273
1695265200,1.06274,1.0638,1.06271,1.06371
1695272400,1.06374,1.06548,1.06328,1.06504
1695279600,1.06503,1.06638,1.06387,1.06556
1695286800,1.06552,1.06648,1.0647,1.06506
1695294000,1.065,1.065,1.06243,1.06423
1695301200,1.06427,1.06736,1.06379,1.06598
1695308400,1.06597,1.06687,1.06546,1.06559
1695315600,1.06558,1.06709,1.06556,1.06618
1695322800,1.06619,1.0667,1.06575,1.06609
1695330000,1.06531,1.06637,1.06519,1.06615
1695337200,1.06616,1.06629,1.06535,1.06575
1695344400,1.06575,1.06576,1.0641,1.06482
1695351600,1.06481,1.06569,1.06475,1.06548
1695358800,1.06547,1.06599,1.06473,1.06597
1695366000,1.06598,1.06679,1.06149,1.06463
1695373200,1.06463,1.06488,1.06341,1.06356
1695380400,1.06357,1.06607,1.06357,1.06557
1695387600,1.06556,1.06719,1.06422,1.06582
1695394800,1.0658,1.06655,1.06537,1.06557
1695402000,1.06558,1.06615,1.06394,1.0647
1695409200,1.06468,1.06513,1.06415,1.0644
1695589200,1.06497,1.06516,1.06399,1.06492
1695596400,1.06492,1.06556,1.06474,1.06546
1695603600,1.06547,1.06551,1.06431,1.06491
1695610800,1.06492,1.06509,1.06459,1.06489
1695618000,1.0649,1.06532,1.06421,1.06462
1695625200,1.0646,1.06529,1.06243,1.06258
1695632400,1.06257,1.06418,1.0624,1.06372
1695639600,1.06375,1.06436,1.06192,1.06223
1695646800,1.06225,1.06245,1.05755,1.05775
1695654000,1.05776,1.05963,1.05761,1.05893
1695661200,1.05892,1.05987,1.05857,1.0587
1695668400,1.05871,1.05947,1.05855,1.05919
1695675600,1.05906,1.05967,1.05897,1.0594
1695682800,1.0594,1.05953,1.05807,1.05843
1695690000,1.05842,1.05877,1.058,1.05801
1695697200,1.058,1.05929,1.05784,1.05927
1695704400,1.05928,1.0593,1.05711,1.05715
1695711600,1.05716,1.06001,1.057,1.0596
1695718800,1.05961,1.06031,1.05932,1.05962
1695726000,1.05959,1.06091,1.05896,1.06057
1695733200,1.06056,1.06065,1.05783,1.05839
1695740400,1.05837,1.05845,1.05676,1.05692
1695747600,1.05693,1.05763,1.05622,1.05664
1695754800,1.05666,1.05755,1.05646,1.05717
1695762000,1.0566,1.05741,1.05631,1.05715
1695769200,1.05716,1.05732,1.0556,1.05599
1695776400,1.05599,1.05702,1.05588,1.05645
1695783600,1.05645,1.05651,1.05573,1.05603
1695790800,1.05602,1.05706,1.0555,1.05693
1695798000,1.05694,1.0574,1.05573,1.056
1695805200,1.05599,1.05638,1.05527,1.05544
1695812400,1.05543,1.05549,1.05344,1.05467
1695819600,1.05464,1.0549,1.05086,1.05088
1695826800,1.05089,1.0524,1.05006,1.0503
1695834000,1.05031,1.05107,1.04881,1.0507
1695841200,1.05069,1.05189,1.04986,1.05026
1695848400,1.05003,1.05078,1.04999,1.05035
1695855600,1.05035,1.05152,1.05023,1.05152
1695862800,1.05152,1.05161,1.04989,1.04997
1695870000,1.04996,1.0506,1.04971,1.05043
1695877200,1.05046,1.05096,1.04911,1.04951
1695884400,1.04951,1.05243,1.04942,1.05166
1695891600,1.05169,1.05419,1.05153,1.05398
1695898800,1.05397,1.05574,1.0518,1.05182
1695906000,1.05181,1.05679,1.05179,1.05629
1695913200,1.05627,1.05788,1.05563,1.05579
1695920400,1.0558,1.05646,1.05499,1.0555
1695927600,1.05555,1.05675,1.05526,1.05658
1695934800,1.05562,1.05676,1.05549,1.0565
1695942000,1.0565,1.0565,1.05581,1.05641
1695949200,1.05641,1.05829,1.05621,1.05792
1695956400,1.05791,1.05813,1.05751,1.05801
1695963600,1.05795,1.05922,1.05743,1.05901
1695970800,1.059,1.06164,1.05881,1.0609
1695978000,1.0608,1.06171,1.06039,1.06091
1695985200,1.06094,1.06112,1.05881,1.06
1695992400,1.05999,1.06075,1.05699,1.05871
1695999600,1.0587,1.05905,1.05728,1.05777
1696006800,1.05776,1.05798,1.0564,1.05777
1696014000,1.05778,1.05792,1.05694,1.05735
1696194000,1.05654,1.05715,1.05578,1.05591
1696201200,1.05592,1.05684,1.05579,1.05641
1696208400,1.05642,1.05708,1.05641,1.05679
1696215600,1.0568,1.05713,1.05679,1.05687
1696222800,1.05686,1.05898,1.05601,1.05896
1696230000,1.0589,1.0592,1.056,1.05622
1696237200,1.05626,1.05628,1.05339,1.05397
1696244400,1.05398,1.05425,1.05249,1.05293
1696251600,1.05293,1.05327,1.04923,1.04954
1696258800,1.04958,1.05128,1.04883,1.04893
1696266000,1.04894,1.05053,1.04892,1.04927
1696273200,1.04928,1.04942,1.04774,1.04775
1696280400,1.04768,1.04829,1.04765,1.04767
1696287600,1.04767,1.04827,1.04646,1.04724
1696294800,1.04722,1.04747,1.04637,1.04665
1696302000,1.04665,1.04708,1.04598,1.04635
1696309200,1.0463,1.04747,1.04607,1.0473
1696316400,1.04731,1.04936,1.04692,1.04853
1696323600,1.0485,1.04913,1.04754,1.0476
1696330800,1.04759,1.04816,1.04622,1.04661
1696338000,1.04663,1.0486,1.04497,1.04758
1696345200,1.04757,1.04759,1.04484,1.04622
1696352400,1.04621,1.04798,1.04595,1.04746
1696359600,1.04748,1.04786,1.04646,1.0466
1696366800,1.04661,1.0468,1.04581,1.04646
1696374000,1.04647,1.04757,1.04631,1.04715
1696381200,1.04715,1.0472,1.04599,1.04633
1696388400,1.04634,1.04701,1.04573,1.047
1696395600,1.04701,1.04741,1.04541,1.04605
1696402800,1.04604,1.04889,1.04514,1.04862
1696410000,1.04862,1.05116,1.04849,1.05033
1696417200,1.05034,1.05322,1.04962,1.05253
1696424400,1.0525,1.0526,1.04831,1.04931
1696431600,1.0493,1.05219,1.04904,1.05123
1696438800,1.0512,1.0513,1.0498,1.05031
1696446000,1.05033,1.05195,1.05018,1.05035
1696453200,1.05024,1.05085,1.05009,1.05065
1696460400,1.05064,1.05222,1.05022,1.05204
1696467600,1.05203,1.0529,1.05201,1.05231
1696474800,1.0523,1.05286,1.05205,1.05207
1696482000,1.05207,1.05262,1.05048,1.05071
1696489200,1.05072,1.05204,1.05016,1.05042
1696496400,1.05043,1.05232,1.05033,1.0519
1696503600,1.05189,1.05299,1.05001,1.05149
1696510800,1.05148,1.05332,1.0508,1.05302
1696518000,1.05303,1.05401,1.05203,1.0536
1696525200,1.0536,1.05517,1.0529,1.0551
1696532400,1.05507,1.05519,1.05447,1.05506
1696539600,1.05432,1.05509,1.05432,1.05483
1696546800,1.05482,1.05486,1.05413,1.05417
1696554000,1.05417,1.05476,1.05383,1.05449
1696561200,1.05448,1.05463,1.05399,1.05406
1696568400,1.05405,1.05419,1.05316,1.05347
1696575600,1.05347,1.05534,1.05342,1.05482
1696582800,1.05483,1.05635,1.05458,1.05549
1696590000,1.05548,1.05683,1.04825,1.04963
1696597200,1.04966,1.05555,1.04885,1.05377
1696604400,1.05378,1.06,1.0536,1.05793
1696611600,1.05794,1.05996,1.05772,1.05934
1696618800,1.05935,1.05963,1.05825,1.05833
1696798800,1.05478,1.0563,1.05416,1.05582
1696806000,1.05584,1.05745,1.05584,1.05737
1696813200,1.05736,1.05742,1.0557,1.05614
1696820400,1.05613,1.05613,1.05478,1.05501
1696827600,1.05506,1.05587,1.05316,1.05372
1696834800,1.05373,1.05418,1.05195,1.05417
1696842000,1.05418,1.05452,1.05235,1.05282
1696849200,1.05283,1.05405,1.05225,1.05331
1696856400,1.05332,1.05577,1.05326,1.05455
1696863600,1.05452,1.05531,1.05345,1.05355
1696870800,1.05357,1.05675,1.05353,1.05644
1696878000,1.05642,1.05723,1.05642,1.05665
1696885200,1.05602,1.05717,1.05577,1.05688
1696892400,1.05688,1.05837,1.05679,1.05728
1696899600,1.05728,1.05809,1.05666,1.05671
1696906800,1.0567,1.05703,1.05607,1.05615
1696914000,1.05614,1.05692,1.05547,1.05615
1696921200,1.05611,1.06096,1.05544,1.06044
1696928400,1.06042,1.06112,1.05908,1.05921
1696935600,1.05921,1.05953,1.0572,1.05936
1696942800,1.0593,1.06066,1.05847,1.05972
1696950000,1.05971,1.06199,1.05961,1.06172
1696957200,1.06171,1.06186,1.05925,1.05988
1696964400,1.05988,1.06066,1.05939,1.06047
1696971600,1.06009,1.06068,1.06009,1.06053
1696978800,1.06054,1.06144,1.06035,1.06106
1696986000,1.06107,1.06124,1.06013,1.06076
1696993200,1.06077,1.06082,1.06028,1.06028
1697000400,1.06029,1.06146,1.05992,1.06103
1697007600,1.06104,1.06286,1.05933,1.06085
1697014800,1.06084,1.06148,1.05977,1.06019
1697022000,1.06021,1.06145,1.05807,1.06145
1697029200,1.06143,1.06348,1.06065,1.06242
1697036400,1.06243,1.06247,1.05996,1.06073
1697043600,1.06072,1.06098,1.0585,1.06072
1697050800,1.06071,1.06203,1.06071,1.06187
1697058000,1.06139,1.0622,1.0605,1.06192
1697065200,1.06192,1.06281,1.06188,1.06224
1697072400,1.06224,1.0627,1.06201,1.06241
1697079600,1.0624,1.06319,1.06207,1.0631
1697086800,1.0631,1.06398,1.06277,1.06356
1697094000,1.06355,1.0636,1.06194,1.06264
1697101200,1.06268,1.06274,1.06161,1.06186
1697108400,1.06188,1.06255,1.0572,1.05817
1697115600,1.05816,1.05863,1.05446,1.05557
1697122800,1.05558,1.0561,1.05454,1.05486
1697130000,1.05485,1.05492,1.05257,1.05268
1697137200,1.0527,1.0534,1.05266,1.05279
1697144400,1.05271,1.05321,1.05265,1.05315
1697151600,1.05315,1.05396,1.05308,1.0539
1697158800,1.05389,1.05467,1.05375,1.05463
1697166000,1.05463,1.05501,1.05426,1.05499
1697173200,1.055,1.0551,1.05335,1.05367
1697180400,1.05366,1.05586,1.05315,1.05539
1697187600,1.05538,1.05549,1.05157,1.0518
1697194800,1.05179,1.05475,1.0514,1.05376
1697202000,1.05374,1.05413,1.04995,1.05034
1697209200,1.05036,1.05152,1.04955,1.05091
1697216400,1.05092,1.05123,1.05009,1.05113
1697223600,1.05112,1.0516,1.05056,1.05068
1697403600,1.05049,1.05256,1.05028,1.05217
1697410800,1.05216,1.05237,1.05155,1.05176
1697418000,1.05177,1.05258,1.05176,1.05217
1697425200,1.05217,1.0527,1.052,1.0526
1697432400,1.05261,1.05383,1.05231,1.05348
1697439600,1.05349,1.05432,1.05234,1.05409
1697446800,1.05408,1.05425,1.05278,1.05323
1697454000,1.05324,1.0546,1.05263,1.05418
1697461200,1.0542,1.05555,1.05257,1.05497
1697468400,1.05499,1.05527,1.05395,1.05474
1697475600,1.05475,1.05567,1.05437,1.05542
1697482800,1.05543,1.05628,1.05527,1.05593
1697490000,1.05585,1.05621,1.05558,1.05561
1697497200,1.05559,1.05606,1.05529,1.05557
1697504400,1.05557,1.05559,1.05464,1.055
1697511600,1.055,1.05544,1.05455,1.05474
1697518800,1.05475,1.05505,1.05341,1.05371
1697526000,1.05372,1.05549,1.0533,1.05356
1697533200,1.05366,1.05626,1.05361,1.05533
1697540400,1.05535,1.05794,1.05384,1.05473
1697547600,1.0547,1.0587,1.05398,1.05754
1697554800,1.05755,1.0595,1.05755,1.05796
1697562000,1.05795,1.05812,1.05641,1.05691
1697569200,1.05693,1.05811,1.05692,1.05759
1697576400,1.05703,1.05772,1.05668,1.05759
1697583600,1.05758,1.05762,1.05605,1.05645
1697590800,1.05642,1.05792,1.05613,1.05756
1697598000,1.05755,1.05788,1.05723,1.05756
1697605200,1.05755,1.05943,1.05746,1.0579
1697612400,1.05789,1.05851,1.05705,1.05833
1697619600,1.05828,1.05868,1.05543,1.0556
1697626800,1.05559,1.05745,1.05493,1.0557
1697634000,1.05573,1.05643,1.05323,1.05375
1697641200,1.05376,1.05429,1.05232,1.0537
1697648400,1.05369,1.0554,1.05346,1.05359
1697655600,1.0536,1.05378,1.05317,1.05362
1697662800,1.05322,1.05397,1.05322,1.05371
1697670000,1.05375,1.054,1.05327,1.0539
1697677200,1.0539,1.0542,1.05325,1.0535
1697684400,1.05349,1.05371,1.05305,1.05335
1697691600,1.05336,1.05423,1.05282,1.05403
1697698800,1.05402,1.05482,1.05296,1.05359
1697706000,1.0536,1.05525,1.05353,1.05513
1697713200,1.05515,1.05798,1.05515,1.05764
1697720400,1.05766,1.05817,1.05656,1.05689
1697727600,1.0569,1.06168,1.05558,1.05964
1697734800,1.05963,1.06066,1.05782,1.05808
1697742000,1.05809,1.05904,1.05804,1.05816
1697749200,1.05766,1.05835,1.05766,1.0581
1697756400,1.0581,1.05867,1.05738,1.05761
1697763600,1.0576,1.058,1.05684,1.05782
1697770800,1.05781,1.058,1.05734,1.05754
1697778000,1.05755,1.05788,1.0565,1.05741
1697785200,1.05742,1.05954,1.05684,1.05879
1697792400,1.05878,1.05934,1.05799,1.05854
1697799600,1.05852,1.0599,1.05654,1.05836
1697806800,1.05838,1.06008,1.05723,1.05879
1697814000,1.05878,1.05964,1.05813,1.05896
1697821200,1.05897,1.06037,1.05865,1.05926
1697828400,1.05927,1.0595,1.05884,1.05948
1698008400,1.0594,1.05966,1.05886,1.05916
1698015600,1.05916,1.05936,1.0584,1.05871
1698022800,1.05872,1.05872,1.05734,1.05737
1698030000,1.05736,1.05785,1.05736,1.05763
1698037200,1.05761,1.05865,1.05715,1.05825
1698044400,1.05827,1.06106,1.05767,1.06027
1698051600,1.06027,1.06151,1.05905,1.06043
1698058800,1.06043,1.06188,1.05951,1.06099
1698066000,1.06098,1.06321,1.05911,1.06288
1698073200,1.06285,1.06648,1.0628,1.06647
1698080400,1.06644,1.06779,1.06598,1.06744
1698087600,1.06742,1.06749,1.06603,1.06686
1698094800,1.06634,1.0672,1.06634,1.0668
1698102000,1.0668,1.06735,1.06669,1.06723
1698109200,1.06724,1.06873,1.06679,1.06817
1698116400,1.06816,1.06862,1.06791,1.06791
1698123600,1.06791,1.06868,1.06769,1.06855
1698130800,1.06854,1.06942,1.06442,1.06502
1698138000,1.06494,1.06513,1.06218,1.06254
1698145200,1.06253,1.06416,1.06123,1.06159
1698152400,1.06156,1.06244,1.05904,1.05999
1698159600,1.05998,1.06023,1.05831,1.05869
1698166800,1.05867,1.05941,1.05846,1.05885
1698174000,1.05882,1.05944,1.0587,1.05905
1698181200,1.05864,1.05937,1.05827,1.05935
1698188400,1.05936,1.05989,1.05896,1.05927
1698195600,1.05929,1.06045,1.05919,1.06038
1698202800,1.06039,1.06064,1.0601,1.06061
1698210000,1.06062,1.06066,1.05924,1.05925
1698217200,1.05923,1.05969,1.05783,1.05852
1698224400,1.05852,1.05852,1.05657,1.05743
1698231600,1.05743,1.05798,1.05697,1.0575
1698238800,1.05749,1.05914,1.05668,1.05851
1698246000,1.05851,1.05957,1.05708,1.05747
1698253200,1.05746,1.05766,1.05658,1.05666
1698260400,1.05668,1.05703,1.05657,1.0566
1698267600,1.05661,1.05686,1.05641,1.05654
1698274800,1.05655,1.05693,1.05578,1.05597
1698282000,1.05596,1.05614,1.05437,1.05454
1698289200,1.05453,1.05481,1.05414,1.05456
1698296400,1.05457,1.05494,1.0533,1.05387
1698303600,1.05389,1.05526,1.05381,1.05456
1698310800,1.05455,1.0552,1.05352,1.05373
1698318000,1.05375,1.05592,1.05216,1.05592
1698325200,1.05592,1.05608,1.0531,1.05429
1698332400,1.05428,1.05451,1.0525,1.05286
1698339600,1.05287,1.05647,1.05282,1.0561
1698346800,1.05609,1.05644,1.05484,1.05627
1698354000,1.05522,1.05651,1.05522,1.05645
1698361200,1.05647,1.05656,1.0556,1.0558
1698368400,1.05579,1.05667,1.05526,1.05645
1698375600,1.05646,1.05679,1.0561,1.05672
1698382800,1.05673,1.057,1.05548,1.05562
1698390000,1.05562,1.05631,1.05521,1.0562
1698397200,1.05619,1.05672,1.05559,1.05559
1698404400,1.05557,1.05696,1.05355,1.0556
1698411600,1.05559,1.05948,1.05553,1.05783
1698418800,1.05783,1.05972,1.05773,1.05829
1698426000,1.05828,1.05832,1.05574,1.05677
1698433200,1.05676,1.05709,1.05621,1.05655
1698613200,1.05621,1.05702,1.0559,1.0561
1698620400,1.0561,1.05641,1.05551,1.05627
1698627600,1.05628,1.05658,1.05596,1.05625
1698634800,1.05624,1.05637,1.05585,1.0561
1698642000,1.05609,1.05659,1.05565,1.05652
1698649200,1.05641,1.05676,1.05473,1.05599
1698656400,1.05598,1.05882,1.05598,1.05748
1698663600,1.05747,1.06086,1.05734,1.06068
1698670800,1.06069,1.06183,1.05908,1.06055
1698678000,1.06054,1.06251,1.06049,1.06072
1698685200,1.06074,1.0619,1.06003,1.06178
1698692400,1.06177,1.06218,1.06138,1.0615
1698699600,1.06149,1.06172,1.06075,1.0612
1698706800,1.06119,1.06152,1.06095,1.06116
1698714000,1.06115,1.06126,1.05988,1.0601
1698721200,1.06009,1.06013,1.05907,1.05939
1698728400,1.05938,1.06093,1.05926,1.06089
1698735600,1.06084,1.06457,1.06036,1.06454
1698742800,1.06454,1.06748,1.06356,1.06642
1698750000,1.06642,1.0667,1.06213,1.06242
1698757200,1.0624,1.06256,1.05947,1.06022
1698764400,1.06027,1.06056,1.05575,1.05675
1698771600,1.05674,1.05819,1.05658,1.05817
1698778800,1.05813,1.05858,1.05729,1.05753
1698786000,1.05709,1.05796,1.05699,1.05794
1698793200,1.05796,1.05806,1.05686,1.05735
1698800400,1.05734,1.05764,1.05665,1.05703
1698807600,1.05704,1.05738,1.05659,1.05672
1698814800,1.05672,1.05764,1.05653,1.05741
1698822000,1.0574,1.05776,1.05571,1.05585
1698829200,1.05584,1.05628,1.05454,1.05484
1698836400,1.05482,1.05575,1.0537,1.05386
1698843600,1.05382,1.0571,1.05216,1.05526
1698850800,1.05527,1.05594,1.05323,1.05339
1698858000,1.05339,1.0552,1.05166,1.0542
1698865200,1.05417,1.0576,1.05415,1.05696
1698872400,1.05617,1.05788,1.05617,1.05785
1698879600,1.05786,1.06021,1.05773,1.06019
1698886800,1.06018,1.06022,1.05933,1.0596
1698894000,1.05959,1.06005,1.0594,1.05961
1698901200,1.05961,1.0602,1.05937,1.05999
1698908400,1.06,1.06101,1.05912,1.06006
1698915600,1.06007,1.06372,1.05991,1.06347
1698922800,1.06345,1.06676,1.06303,1.06643
1698930000,1.06639,1.06668,1.06272,1.06397
1698937200,1.06396,1.06432,1.06106,1.06156
1698944400,1.06155,1.06326,1.06138,1.06259
1698951600,1.06259,1.06264,1.06166,1.06222
1698958800,1.06181,1.06236,1.06144,1.06171
1698966000,1.06172,1.06219,1.06149,1.06181
1698973200,1.06182,1.06285,1.06148,1.06262
1698980400,1.06264,1.06289,1.06245,1.06264
1698987600,1.06265,1.06339,1.0626,1.06312
1698994800,1.06306,1.06338,1.06197,1.06272
1699002000,1.06269,1.06485,1.06242,1.0643
1699009200,1.06429,1.07197,1.06409,1.07097
1699016400,1.07093,1.0735,1.06936,1.07199
1699023600,1.072,1.07394,1.07154,1.07393
1699030800,1.07393,1.07468,1.07309,1.07358
1699038000,1.07358,1.07375,1.07224,1.07277
1699221600,1.07167,1.07334,1.07167,1.07315
1699228800,1.07317,1.07322,1.07223,1.07284
1699236000,1.07285,1.07344,1.07264,1.07344
1699243200,1.07343,1.0739,1.07331,1.07357
1699250400,1.07356,1.07437,1.07319,1.07331
1699257600,1.07331,1.07563,1.07317,1.07472
1699264800,1.07473,1.07558,1.07443,1.07515
1699272000,1.07513,1.07542,1.07351,1.07375
1699279200,1.07374,1.07462,1.07261,1.07438
1699286400,1.07439,1.07494,1.07339,1.07356
1699293600,1.07355,1.0737,1.07221,1.07242
1699300800,1.07236,1.07242,1.07162,1.0717
1699308000,1.07063,1.07227,1.07055,1.07183
1699315200,1.07185,1.07194,1.0708,1.07104
1699322400,1.07104,1.0714,1.0706,1.0709
1699329600,1.07091,1.07112,1.07052,1.07104
1699336800,1.07104,1.07117,1.06918,1.0697
1699344000,1.06966,1.07064,1.06831,1.06837
1699351200,1.06836,1.06977,1.06656,1.06741
1699358400,1.06743,1.06868,1.06722,1.0676
1699365600,1.06762,1.069,1.06642,1.0685
1699372800,1.06849,1.06929,1.06726,1.06774
1699380000,1.06773,1.07049,1.06762,1.06952
1699387200,1.06952,1.07009,1.06895,1.06998
1699394400,1.06989,1.07005,1.06952,1.06957
1699401600,1.06956,1.06978,1.06865,1.06919
1699408800,1.06921,1.06992,1.06885,1.06899
1699416000,1.06899,1.06929,1.06854,1.06862
1699423200,1.06862,1.06881,1.06755,1.06805
1699430400,1.06804,1.06829,1.06603,1.06652
1699437600,1.06646,1.06779,1.06593,1.06771
1699444800,1.06771,1.06771,1.06601,1.06693
1699452000,1.06693,1.07078,1.06689,1.07053
1699459200,1.07053,1.07161,1.07012,1.07078
1699466400,1.07079,1.07142,1.07012,1.07022
1699473600,1.07023,1.07109,1.07,1.07087
1699480800,1.06971,1.07113,1.0697,1.07113
1699488000,1.07113,1.07147,1.07024,1.07121
1699495200,1.0712,1.07158,1.07065,1.07079
1699502400,1.0708,1.07119,1.07023,1.07026
1699509600,1.07028,1.07098,1.07014,1.07053
1699516800,1.07054,1.07099,1.06937,1.06978
1699524000,1.06978,1.06997,1.06804,1.06883
1699531200,1.06884,1.07089,1.06866,1.07077
1699538400,1.07078,1.07255,1.07003,1.07151
1699545600,1.07148,1.07172,1.06999,1.07049
1699552800,1.07048,1.07055,1.06601,1.06674
1699560000,1.06676,1.06756,1.06625,1.06681
1699567200,1.06655,1.06699,1.06642,1.06671
1699574400,1.06675,1.06751,1.0663,1.06721
1699581600,1.0672,1.06745,1.0669,1.067
1699588800,1.067,1.06721,1.06658,1.06693
1699596000,1.06691,1.06702,1.06562,1.06632
1699603200,1.06634,1.06801,1.06631,1.06773
1699610400,1.06772,1.0689,1.06693,1.0677
1699617600,1.06769,1.06928,1.06701,1.06886
1699624800,1.0689,1.06897,1.06624,1.06699
1699632000,1.06698,1.06819,1.06632,1.06792
1699639200,1.06794,1.06875,1.0673,1.06797
1699646400,1.06796,1.06875,1.06771,1.06839
1699826400,1.0682,1.06908,1.06799,1.06907
1699833600,1.06905,1.06906,1.0681,1.06868
1699840800,1.06867,1.06873,1.06815,1.06857
1699848000,1.06857,1.06892,1.06835,1.06857
1699855200,1.06857,1.06975,1.06836,1.06927
1699862400,1.06926,1.07015,1.06855,1.06897
1699869600,1.06895,1.06997,1.0685,1.06872
1699876800,1.06873,1.06881,1.06652,1.06728
1699884000,1.06731,1.06928,1.0668,1.0689
1699891200,1.06897,1.07062,1.06853,1.06958
1699898400,1.06957,1.07058,1.06901,1.07021
1699905600,1.07018,1.07043,1.06975,1.06986
1699912800,1.0692,1.07014,1.06915,1.07013
1699920000,1.07015,1.07024,1.06946,1.06988
1699927200,1.06985,1.07023,1.06953,1.06966
1699934400,1.06965,1.07,1.0693,1.06956
1699941600,1.06955,1.07096,1.06943,1.07063
1699948800,1.07065,1.07177,1.0696,1.07155
1699956000,1.07159,1.07307,1.07149,1.07193
1699963200,1.07193,1.08002,1.07018,1.07893
1699970400,1.07891,1.08423,1.07889,1.08377
1699977600,1.08378,1.08737,1.08366,1.0873
1699984800,1.08727,1.08828,1.08678,1.08816
1699992000,1.08815,1.08875,1.08756,1.08787
1699999200,1.08758,1.08829,1.08714,1.08777
1700006400,1.0878,1.08784,1.08658,1.0872
1700013600,1.08722,1.08828,1.08708,1.08822
1700020800,1.08823,1.08838,1.08725,1.08727
1700028000,1.08726,1.08769,1.08648,1.08728
1700035200,1.08732,1.08794,1.0844,1.08521
1700042400,1.08521,1.08682,1.08506,1.08662
1700049600,1.08663,1.08857,1.084,1.08592
1700056800,1.08591,1.08654,1.08315,1.08654
1700064000,1.08656,1.08688,1.08432,1.08541
1700071200,1.08541,1.08546,1.0841,1.08463
1700078400,1.08461,1.08478,1.08425,1.08466
1700085600,1.08461,1.08544,1.08407,1.08541
1700092800,1.08542,1.08559,1.0842,1.08439
1700100000,1.0844,1.08442,1.08302,1.08324
1700107200,1.08324,1.08396,1.08321,1.0838
1700114400,1.0838,1.08462,1.0834,1.08408
1700121600,1.08408,1.08609,1.08384,1.0851
1700128800,1.08509,1.08584,1.08431,1.08523
1700136000,1.08524,1.08815,1.08391,1.08812
1700143200,1.08811,1.08956,1.08582,1.08784
1700150400,1.08782,1.0883,1.08466,1.08599
1700157600,1.08602,1.08658,1.08519,1.08557
1700164800,1.08559,1.08583,1.08449,1.0853
1700172000,1.08467,1.08557,1.08441,1.08531
1700179200,1.08532,1.08569,1.08489,1.0853
1700186400,1.0853,1.0857,1.08493,1.0854
1700193600,1.08538,1.08557,1.08479,1.08531
1700200800,1.08533,1.08564,1.0835,1.08384
1700208000,1.08382,1.08585,1.08247,1.08528
1700215200,1.08529,1.08748,1.08517,1.08661
1700222400,1.08661,1.08775,1.08574,1.08712
1700229600,1.08713,1.08932,1.08586,1.08868
1700236800,1.08869,1.08912,1.08748,1.08903
1700244000,1.08903,1.09047,1.08885,1.08997
1700251200,1.08996,1.09139,1.08973,1.09131
1700431200,1.09109,1.09111,1.09054,1.09056
1700438400,1.09055,1.09109,1.08976,1.09085
1700445600,1.09084,1.09251,1.09082,1.09239
1700452800,1.0924,1.09358,1.09186,1.09187
1700460000,1.09191,1.0923,1.09131,1.09161
1700467200,1.09162,1.09402,1.09152,1.09368
1700474400,1.09367,1.09368,1.09214,1.09229
1700481600,1.09227,1.09323,1.09208,1.09266
1700488800,1.09266,1.09457,1.09187,1.09383
1700496000,1.09382,1.09517,1.09352,1.09376
1700503200,1.09376,1.0952,1.09369,1.09465
1700510400,1.09464,1.09478,1.09395,1.094
1700517600,1.09359,1.09469,1.09359,1.09446
1700524800,1.09447,1.09574,1.09421,1.09524
1700532000,1.09514,1.09643,1.09483,1.09636
1700539200,1.09636,1.09652,1.09533,1.09562
1700546400,1.09563,1.0963,1.09508,1.0954
1700553600,1.0954,1.09639,1.09425,1.09438
1700560800,1.09439,1.09539,1.09391,1.09393
1700568000,1.09394,1.09613,1.09391,1.0945
1700575200,1.09451,1.09594,1.09314,1.09343
1700582400,1.09342,1.09438,1.09188,1.09209
1700589600,1.09208,1.09216,1.09001,1.09153
1700596800,1.09152,1.09167,1.09098,1.09105
1700604000,1.09066,1.09186,1.09066,1.09172
1700611200,1.09173,1.09229,1.0909,1.09134
1700618400,1.09133,1.09204,1.09118,1.09144
1700625600,1.09143,1.09156,1.09051,1.09073
1700632800,1.09072,1.09167,1.08956,1.09146
1700640000,1.09148,1.09199,1.08826,1.09026
1700647200,1.09025,1.09079,1.08951,1.09001
1700654400,1.09002,1.09178,1.08912,1.08961
1700661600,1.08963,1.08985,1.08524,1.08657
1700668800,1.08659,1.08838,1.08615,1.08787
1700676000,1.08784,1.08879,1.08776,1.08839
1700683200,1.08838,1.08895,1.08817,1.08884
1700690400,1.08834,1.08883,1.08814,1.08879
1700697600,1.08881,1.08961,1.08878,1.08951
1700704800,1.08952,1.0906,1.08947,1.09052
1700712000,1.09051,1.09119,1.09011,1.09106
1700719200,1.09107,1.09178,1.09056,1.09137
1700726400,1.09137,1.09305,1.08954,1.09232
1700733600,1.09233,1.09243,1.09123,1.09147
1700740800,1.09146,1.09153,1.08967,1.09017
1700748000,1.09016,1.09106,1.08871,1.09096
1700755200,1.09095,1.091,1.09024,1.09058
1700762400,1.09057,1.09073,1.09032,1.09037
1700769600,1.09037,1.09067,1.09026,1.09038
1700776800,1.0902,1.09067,1.08992,1.09039
1700784000,1.09041,1.09105,1.09012,1.0902
1700791200,1.09021,1.09036,1.0895,1.08991
1700798400,1.0899,1.09121,1.08974,1.09118
1700805600,1.09119,1.09119,1.09031,1.0908
1700812800,1.09079,1.09209,1.09015,1.09028
1700820000,1.09028,1.09167,1.09018,1.09142
1700827200,1.09142,1.09283,1.09069,1.09221
1700834400,1.0922,1.09453,1.09173,1.094
1700841600,1.09399,1.09417,1.09283,1.09405
1700848800,1.09404,1.09486,1.09383,1.09459
1700856000,1.09458,1.09477,1.09292,1.09329
1701036000,1.09436,1.09477,1.09384,1.09396
1701043200,1.09397,1.09498,1.09268,1.09469
1701050400,1.0947,1.09473,1.0938,1.09453
1701057600,1.09452,1.09507,1.09419,1.09495
1701064800,1.09496,1.09592,1.09455,1.09477
1701072000,1.09476,1.09524,1.09392,1.09487
1701079200,1.09486,1.09566,1.09456,1.09537
1701086400,1.09538,1.09553,1.09434,1.0944
1701093600,1.09439,1.09451,1.09251,1.09327
1701100800,1.09327,1.09385,1.09277,1.09344
1701108000,1.09345,1.09566,1.09323,1.09562
1701115200,1.09561,1.09574,1.09506,1.09536
1701122400,1.0953,1.09594,1.09475,1.09592
1701129600,1.09593,1.09619,1.09542,1.09577
1701136800,1.09575,1.09628,1.09534,1.09551
1701144000,1.0955,1.09553,1.095,1.09511
1701151200,1.09511,1.09522,1.09344,1.09359
1701158400,1.0936,1.09553,1.0936,1.09538
1701165600,1.09537,1.09577,1.09464,1.09501
1701172800,1.09499,1.09741,1.09454,1.09724
1701180000,1.09727,1.10021,1.09641,1.0981
1701187200,1.09809,1.1009,1.09775,1.09869
1701194400,1.0987,1.09938,1.09733,1.09912
1701201600,1.09911,1.09953,1.09759,1.09947
1701208800,1.09897,1.10056,1.09883,1.1004
1701216000,1.10045,1.10172,1.09977,1.10059
1701223200,1.10059,1.10086,1.09979,1.09986
1701230400,1.09984,1.10044,1.09968,1.10021
1701237600,1.1002,1.10046,1.09821,1.09846
1701244800,1.09826,1.09984,1.09719,1.09744
1701252000,1.09743,1.09851,1.09689,1.09848
1701259200,1.09847,1.09951,1.09716,1.09728
1701266400,1.09729,1.09911,1.09601,1.09748
1701273600,1.09747,1.09784,1.09616,1.0976
1701280800,1.09761,1.0995,1.09723,1.09831
1701288000,1.0983,1.0984,1.09684,1.09688
1701295200,1.09682,1.09742,1.09667,1.09733
1701302400,1.09735,1.0984,1.09686,1.09696
1701309600,1.09695,1.09779,1.09672,1.09743
1701316800,1.09742,1.09761,1.09652,1.09724
1701324000,1.09721,1.0982,1.09405,1.09517
1701331200,1.09518,1.09593,1.09201,1.09248
1701338400,1.09247,1.09304,1.09091,1.09157
1701345600,1.09158,1.09499,1.0911,1.0916
1701352800,1.09162,1.09226,1.08924,1.09111
1701360000,1.0911,1.0917,1.08882,1.089
1701367200,1.08901,1.09,1.08836,1.08902
1701374400,1.08899,1.0892,1.08794,1.08882
1701381600,1.08835,1.08946,1.08798,1.08917
1701388800,1.08916,1.09103,1.08916,1.0907
1701396000,1.09069,1.09129,1.08997,1.09008
1701403200,1.09005,1.09123,1.08983,1.09109
1701410400,1.0911,1.0912,1.08946,1.08947
1701417600,1.08947,1.09048,1.0886,1.08979
1701424800,1.08978,1.09038,1.08828,1.08974
1701432000,1.08974,1.09012,1.08664,1.08676
1701439200,1.08675,1.08703,1.08328,1.08378
1701446400,1.08378,1.08856,1.08288,1.08818
1701453600,1.08817,1.08929,1.08701,1.08721
1701460800,1.08722,1.08818,1.08708,1.08811
1701640800,1.08744,1.08951,1.08726,1.0886
1701648000,1.08863,1.08868,1.08666,1.08731
1701655200,1.08733,1.0886,1.087,1.08802
1701662400,1.08801,1.08806,1.08684,1.08694
1701669600,1.08694,1.08765,1.08499,1.08541
1701676800,1.0854,1.08808,1.0854,1.08748
1701684000,1.08747,1.08789,1.08588,1.08692
1701691200,1.0869,1.0876,1.08534,1.08545
1701698400,1.08546,1.08551,1.0804,1.08148
1701705600,1.08151,1.0827,1.08117,1.08257
1701712800,1.08259,1.08292,1.08152,1.08276
1701720000,1.08277,1.08371,1.08277,1.08359
1701727200,1.08344,1.08378,1.08254,1.08373
1701734400,1.08374,1.08464,1.08346,1.08393
1701741600,1.08394,1.08431,1.08348,1.08404
1701748800,1.08403,1.08475,1.08394,1.08474
1701756000,1.08474,1.08475,1.08041,1.08071
1701763200,1.08073,1.08426,1.08061,1.0832
1701770400,1.08319,1.08398,1.08152,1.08188
1701777600,1.08189,1.08339,1.08124,1.08287
1701784800,1.08285,1.0839,1.07991,1.08058
1701792000,1.08057,1.08133,1.0782,1.07921
1701799200,1.07922,1.07932,1.07782,1.0784
1701806400,1.07841,1.0799,1.0782,1.07978
1701813600,1.07892,1.07977,1.07811,1.07933
1701820800,1.07934,1.07986,1.07879,1.07922
1701828000,1.07921,1.07987,1.07881,1.07968
1701835200,1.07968,1.08018,1.07918,1.08011
1701842400,1.08011,1.08013,1.07779,1.07901
1701849600,1.079,1.07977,1.07751,1.07912
1701856800,1.07912,1.07959,1.07781,1.078
1701864000,1.07799,1.07998,1.07726,1.07981
1701871200,1.07979,1.08046,1.07854,1.07902
1701878400,1.07903,1.08003,1.0781,1.07815
1701885600,1.07812,1.07844,1.07672,1.07686
1701892800,1.07687,1.07697,1.07587,1.0764
1701900000,1.07623,1.07685,1.07619,1.07662
1701907200,1.07663,1.07724,1.07642,1.07673
1701914400,1.07672,1.07709,1.07594,1.07597
1701921600,1.07596,1.0763,1.0757,1.07615
1701928800,1.07616,1.07812,1.0755,1.0781
1701936000,1.07811,1.07847,1.07719,1.078
1701943200,1.07797,1.07835,1.07636,1.07709
1701950400,1.07708,1.07981,1.07594,1.07904
1701957600,1.07903,1.07936,1.07671,1.0784
1701964800,1.07839,1.08175,1.07838,1.08137
1701972000,1.08135,1.08138,1.07981,1.07983
1701979200,1.07984,1.08038,1.07906,1.0793
1701986400,1.07899,1.07968,1.07881,1.07897
1701993600,1.07901,1.08008,1.07852,1.0788
1702000800,1.0788,1.07958,1.07838,1.0792
1702008000,1.07919,1.07921,1.07824,1.07838
1702015200,1.07839,1.07873,1.0773,1.07792
1702022400,1.07793,1.07913,1.07724,1.07769
1702029600,1.07768,1.079,1.07753,1.0783
1702036800,1.07829,1.07861,1.07234,1.07469
1702044000,1.07472,1.07857,1.07304,1.07683
1702051200,1.07685,1.07707,1.07403,1.0756
1702058400,1.0756,1.07626,1.07529,1.07587
1702065600,1.07585,1.07666,1.0757,1.07624
1702245600,1.07559,1.07679,1.07551,1.07651
1702252800,1.07655,1.0774,1.0765,1.07675
1702260000,1.07674,1.07681,1.07635,1.0765
1702267200,1.07649,1.07683,1.0761,1.07681
1702274400,1.0768,1.07709,1.0753,1.07558
1702281600,1.07556,1.07709,1.07513,1.0767
1702288800,1.07671,1.0779,1.07635,1.07683
1702296000,1.07682,1.07706,1.07523,1.07636
1702303200,1.07639,1.07639,1.07418,1.07442
1702310400,1.07442,1.07551,1.07416,1.0744
1702317600,1.0744,1.07698,1.07424,1.07613
1702324800,1.07612,1.07652,1.07607,1.07642
1702332000,1.07605,1.07655,1.07541,1.07652
1702339200,1.07653,1.07696,1.07634,1.07648
1702346400,1.07647,1.07704,1.07612,1.07681
1702353600,1.07683,1.07709,1.07641,1.07691
1702360800,1.07693,1.07833,1.07686,1.07778
1702368000,1.07775,1.07978,1.07732,1.07934
1702375200,1.07932,1.08074,1.07921,1.07965
1702382400,1.07964,1.08282,1.07736,1.07763
1702389600,1.07763,1.08002,1.07671,1.07845
1702396800,1.07849,1.07958,1.07812,1.07882
1702404000,1.07883,1.07987,1.07868,1.07902
1702411200,1.07903,1.07991,1.07892,1.07943
1702418400,1.07884,1.07993,1.07832,1.07982
1702425600,1.07983,1.07998,1.07912,1.07935
1702432800,1.07936,1.07941,1.07842,1.07874
1702440000,1.07871,1.07911,1.07858,1.079
1702447200,1.079,1.07922,1.07803,1.07852
1702454400,1.0785,1.07928,1.07807,1.07874
1702461600,1.07873,1.07874,1.07731,1.07839
1702468800,1.07838,1.08036,1.07811,1.08006
1702476000,1.08004,1.08095,1.07827,1.07946
1702483200,1.07947,1.07969,1.07831,1.07843
1702490400,1.07842,1.08917,1.078,1.08879
1702497600,1.0888,1.08966,1.08648,1.0875
1702504800,1.08692,1.0885,1.08679,1.08826
1702512000,1.08829,1.08981,1.08792,1.08965
1702519200,1.08965,1.09154,1.08931,1.09058
1702526400,1.09058,1.09096,1.08929,1.08939
1702533600,1.08941,1.09081,1.0881,1.0881
1702540800,1.08811,1.09131,1.08799,1.09041
1702548000,1.09039,1.09318,1.08981,1.09298
1702555200,1.09295,1.09515,1.0905,1.09437
1702562400,1.09432,1.09973,1.0936,1.09936
1702569600,1.09929,1.10094,1.09892,1.10049
1702576800,1.10049,1.1006,1.09796,1.09921
1702584000,1.09922,1.0997,1.09881,1.09917
1702591200,1.0991,1.09966,1.0987,1.09933
1702598400,1.09936,1.09943,1.09768,1.09848
1702605600,1.09849,1.1001,1.09848,1.0999
1702612800,1.09989,1.10037,1.09836,1.09844
1702620000,1.09843,1.09954,1.09807,1.09938
1702627200,1.09938,1.09994,1.09459,1.09604
1702634400,1.09601,1.09694,1.09565,1.09684
1702641600,1.09685,1.09695,1.09043,1.09163
1702648800,1.09164,1.09285,1.0905,1.09157
1702656000,1.09156,1.09168,1.09017,1.09103
1702663200,1.09102,1.09111,1.08885,1.08996
1702670400,1.08995,1.09093,1.08921,1.08951
1702850400,1.089,1.0898,1.089,1.08948
1702857600,1.08949,1.09013,1.08938,1.08977
1702864800,1.08976,1.09137,1.08975,1.09111
1702872000,1.0911,1.0916,1.09092,1.09155
1702879200,1.09156,1.093,1.09117,1.09216
1702886400,1.09216,1.09283,1.09138,1.09197
1702893600,1.09196,1.09209,1.09071,1.09127
1702900800,1.09132,1.09292,1.09092,1.09213
1702908000,1.09214,1.09312,1.0911,1.0914
1702915200,1.09141,1.0928,1.09133,1.09277
1702922400,1.09279,1.09279,1.09131,1.09168
1702929600,1.09169,1.09244,1.09137,1.09238
1702936800,1.09107,1.09245,1.09104,1.09233
1702944000,1.09235,1.09259,1.09176,1.09188
1702951200,1.09187,1.09293,1.09147,1.09255
1702958400,1.09256,1.09284,1.09201,1.09278
1702965600,1.09279,1.09414,1.09229,1.09285
1702972800,1.09284,1.09495,1.09274,1.09413
1702980000,1.09414,1.09453,1.09304,1.09372
1702987200,1.09372,1.0974,1.09372,1.0962
1702994400,1.09619,1.09875,1.09592,1.0986
1703001600,1.09859,1.09863,1.09724,1.09751
1703008800,1.0975,1.09781,1.09693,1.09761
1703016000,1.09763,1.09808,1.09721,1.09806
1703023200,1.09755,1.09829,1.09743,1.09795
1703030400,1.09794,1.09795,1.0968,1.09699
1703037600,1.09698,1.09728,1.09672,1.097
1703044800,1.09699,1.09711,1.09644,1.09649
1703052000,1.0965,1.09704,1.09507,1.09668
1703059200,1.09663,1.09715,1.09532,1.09645
1703066400,1.09645,1.09652,1.09356,1.09375
1703073600,1.09374,1.09632,1.0934,1.09606
1703080800,1.09607,1.09751,1.09535,1.09741
1703088000,1.0974,1.09757,1.09497,1.0958
1703095200,1.0958,1.09638,1.09425,1.09467
1703102400,1.09465,1.09487,1.09298,1.09426
1703109600,1.09351,1.0946,1.09351,1.09433
1703116800,1.09433,1.09534,1.09409,1.09524
1703124000,1.09523,1.09543,1.09452,1.0949
1703131200,1.09489,1.09559,1.09472,1.09546
1703138400,1.09547,1.09547,1.09424,1.09469
1703145600,1.0947,1.09549,1.09353,1.09438
1703152800,1.09438,1.09849,1.094,1.09798
1703160000,1.09799,1.10023,1.09715,1.09909
1703167200,1.09912,1.10013,1.09754,1.09898
1703174400,1.09897,1.09947,1.09781,1.09864
1703181600,1.09863,1.1001,1.09785,1.09992
1703188800,1.09992,1.10126,1.09928,1.10106
1703196000,1.10079,1.10125,1.0984,1.10057
1703203200,1.10058,1.10097,1.0997,1.0998
1703210400,1.09979,1.10049,1.09954,1.09978
1703217600,1.0998,1.10032,1.09958,1.09968
1703224800,1.09968,1.10076,1.09939,1.10002
1703232000,1.10003,1.10136,1.09992,1.10044
1703239200,1.10043,1.10297,1.10036,1.10258
1703246400,1.10258,1.10379,1.10016,1.10291
1703253600,1.10288,1.10403,1.10091,1.10114
1703260800,1.10113,1.10238,1.10002,1.10159
1703268000,1.10158,1.10192,1.10023,1.10156
1703275200,1.10155,1.10158,1.10078,1.10109
1703541600,1.10016,1.1023,1.10009,1.10186
1703548800,1.10187,1.10228,1.10157,1.10221
1703556000,1.10221,1.10287,1.10196,1.10276
1703563200,1.10276,1.10278,1.1021,1.10265
1703570400,1.10265,1.10267,1.1021,1.10224
1703577600,1.10226,1.10266,1.10096,1.10142
1703584800,1.10143,1.10195,1.10109,1.10139
1703592000,1.10137,1.10245,1.10086,1.10176
1703599200,1.10175,1.10328,1.10139,1.10248
1703606400,1.10248,1.10377,1.1024,1.10351
1703613600,1.10353,1.10449,1.10341,1.10444
1703620800,1.10442,1.10451,1.10405,1.10417
1703628000,1.10409,1.10442,1.10399,1.10424
1703635200,1.10423,1.10426,1.10321,1.10361
1703642400,1.1036,1.10366,1.10286,1.10364
1703649600,1.10364,1.1044,1.10363,1.10433
1703656800,1.10434,1.10491,1.10365,1.10413
1703664000,1.10412,1.10549,1.10379,1.10545
1703671200,1.10548,1.10597,1.10501,1.10591
1703678400,1.1059,1.1074,1.10485,1.10704
1703685600,1.10707,1.11156,1.10689,1.11073
1703692800,1.11072,1.11228,1.11025,1.11053
1703700000,1.11053,1.11141,1.1099,1.11016
1703707200,1.11017,1.11078,1.1101,1.11062
1703714400,1.1101,1.11098,1.10971,1.11082
1703721600,1.11083,1.1122,1.11079,1.11219
1703728800,1.11217,1.11226,1.11097,1.11184
1703736000,1.11183,1.11185,1.11084,1.11092
1703743200,1.11091,1.11259,1.11048,1.11168
1703750400,1.11169,1.11395,1.11045,1.11292
1703757600,1.11291,1.11324,1.11144,1.11201
1703764800,1.112,1.11201,1.10725,1.10729
1703772000,1.10732,1.11135,1.10723,1.1107
1703779200,1.11069,1.1107,1.1066,1.10739
1703786400,1.10739,1.10741,1.10553,1.10645
1703793600,1.10644,1.10709,1.106,1.10619
1703800800,1.10601,1.10678,1.10535,1.10678
1703808000,1.10678,1.10844,1.10664,1.1079
1703815200,1.10789,1.10793,1.10639,1.10652
1703822400,1.10651,1.10687,1.1061,1.10661
1703829600,1.10662,1.10763,1.1064,1.1066
1703836800,1.10653,1.10775,1.10444,1.10493
1703844000,1.10489,1.10771,1.10475,1.10765
1703851200,1.10767,1.10805,1.10466,1.10487
1703858400,1.10488,1.10787,1.10427,1.10473
1703865600,1.10473,1.10669,1.10434,1.1064
1703872800,1.10639,1.10639,1.1038,1.10408
1703880000,1.10409,1.10508,1.10342,1.10348
1704146400,1.10429,1.10442,1.10357,1.10365
1704153600,1.10366,1.10436,1.10342,1.1035
1704160800,1.10349,1.10361,1.10179,1.10247
1704168000,1.10246,1.10337,1.10167,1.10334
1704175200,1.10333,1.10382,1.10152,1.10154
1704182400,1.10164,1.10388,1.10108,1.10152
1704189600,1.10149,1.10172,1.09667,1.09693
1704196800,1.09695,1.09719,1.09496,1.09529
1704204000,1.09528,1.09684,1.09411,1.09437
1704211200,1.09438,1.09618,1.0941,1.09506
1704218400,1.09505,1.0956,1.09427,1.09466
1704225600,1.09467,1.09514,1.09385,1.09411
1704232800,1.09413,1.0944,1.09385,1.09415
1704240000,1.09417,1.09548,1.09411,1.09515
1704247200,1.09515,1.09622,1.09487,1.0961
1704254400,1.09609,1.09629,1.09513,1.09514
1704261600,1.09513,1.09628,1.09512,1.09603
1704268800,1.09602,1.09654,1.09349,1.09364
1704276000,1.09363,1.0939,1.09154,1.09195
1704283200,1.09196,1.09323,1.09102,1.09217
1704290400,1.09217,1.09389,1.08981,1.09047
1704297600,1.09048,1.09184,1.09029,1.09067
1704304800,1.09071,1.09259,1.0893,1.09179
1704312000,1.09181,1.09237,1.09149,1.09218
1704319200,1.09087,1.09277,1.09085,1.0926
1704326400,1.09261,1.09266,1.09162,1.09178
1704333600,1.09178,1.09307,1.0916,1.09263
1704340800,1.09262,1.09286,1.0922,1.09266
1704348000,1.09265,1.09439,1.09209,1.09377
1704355200,1.09378,1.09691,1.09346,1.09676
1704362400,1.09676,1.09723,1.09462,1.09479
1704369600,1.09478,1.09559,1.09327,1.0947
1704376800,1.09471,1.09654,1.09382,1.09552
1704384000,1.09555,1.09638,1.09416,1.09505
1704391200,1.09504,1.09545,1.09435,1.0947
1704398400,1.09471,1.09501,1.0943,1.09455
1704405600,1.09404,1.09495,1.09389,1.09463
1704412800,1.09462,1.0956,1.09444,1.09516
1704420000,1.09517,1.09543,1.09391,1.09392
1704427200,1.09392,1.09413,1.09342,1.09374
1704434400,1.09374,1.09374,1.09227,1.09234
1704441600,1.09233,1.09306,1.09028,1.09127
1704448800,1.09128,1.09177,1.09038,1.09142
1704456000,1.09143,1.09281,1.08769,1.09212
1704463200,1.09218,1.09984,1.09218,1.09783
1704470400,1.09782,1.09806,1.09433,1.09463
1704477600,1.09462,1.09598,1.09353,1.09453
1704484800,1.09452,1.09472,1.09357,1.09407
1704664800,1.09397,1.09451,1.0935,1.09417
1704672000,1.09418,1.09532,1.09402,1.09481
1704679200,1.0948,1.0948,1.09315,1.09331
1704686400,1.0933,1.09375,1.09307,1.09374
1704693600,1.09371,1.09523,1.09363,1.09452
1704700800,1.09453,1.09453,1.09227,1.0937
1704708000,1.09381,1.09507,1.09342,1.09379
1704715200,1.0938,1.09564,1.09373,1.09508
1704722400,1.09507,1.09747,1.09494,1.09697
1704729600,1.09698,1.09788,1.09626,1.09646
1704736800,1.09645,1.09658,1.09488,1.09611
1704744000,1.0961,1.0961,1.09493,1.09501
1704751200,1.09487,1.0955,1.09467,1.09498
1704758400,1.09499,1.0962,1.09494,1.09616
1704765600,1.09619,1.09665,1.09606,1.09629
1704772800,1.09628,1.09632,1.09481,1.09498
1704780000,1.09497,1.09629,1.09461,1.09565
1704787200,1.09566,1.09566,1.09379,1.09441
1704794400,1.09446,1.09481,1.09287,1.09313
1704801600,1.09313,1.09469,1.09289,1.09459
1704808800,1.0946,1.09512,1.09178,1.0918
1704816000,1.09179,1.09393,1.09104,1.09342
1704823200,1.09343,1.09402,1.09201,1.09253
1704830400,1.09254,1.09315,1.0925,1.09311
1704837600,1.09264,1.09328,1.09217,1.09318
1704844800,1.09319,1.09365,1.09261,1.09322
1704852000,1.09323,1.0936,1.09278,1.09292
1704859200,1.0929,1.09342,1.09289,1.09323
1704866400,1.09323,1.09454,1.09237,1.09262
1704873600,1.09263,1.09519,1.0923,1.09472
1704880800,1.0947,1.09556,1.09417,1.0946
1704888000,1.09459,1.0952,1.09405,1.09406
1704895200,1.09404,1.09691,1.09321,1.09673
1704902400,1.09675,1.09692,1.09525,1.09671
1704909600,1.09672,1.09709,1.09594,1.09703
1704916800,1.09704,1.09729,1.09615,1.09723
1704924000,1.09664,1.09747,1.09654,1.0974
1704931200,1.09743,1.09804,1.09729,1.09789
1704938400,1.0979,1.0985,1.09772,1.09804
1704945600,1.09804,1.09829,1.09757,1.09783
1704952800,1.09782,1.09886,1.09746,1.0979
1704960000,1.09789,1.09814,1.09589,1.09638
1704967200,1.09637,1.09825,1.09587,1.09787
1704974400,1.0979,1.09996,1.09356,1.09396
1704981600,1.09397,1.09739,1.09304,1.09464
1704988800,1.09466,1.09574,1.09367,1.09511
1704996000,1.0951,1.09829,1.095,1.09821
1705003200,1.09821,1.09827,1.09562,1.09731
1705010400,1.09617,1.09827,1.09617,1.09824
1705017600,1.09825,1.09848,1.09725,1.09827
1705024800,1.09826,1.09854,1.09772,1.09777
1705032000,1.09774,1.09804,1.09732,1.09756
1705039200,1.09757,1.09787,1.0961,1.09667
1705046400,1.0966,1.0983,1.0961,1.09626
1705053600,1.09625,1.09642,1.09466,1.09497
1705060800,1.09497,1.09696,1.0936,1.09554
1705068000,1.09553,1.09871,1.09528,1.09665
1705075200,1.09663,1.09739,1.09472,1.09496
1705082400,1.09497,1.09636,1.09492,1.09561
1705089600,1.0956,1.09565,1.09482,1.09496
1705269600,1.09457,1.09503,1.09388,1.09451
1705276800,1.09451,1.09564,1.09409,1.09549
1705284000,1.09551,1.09676,1.09551,1.09643
1705291200,1.09642,1.09659,1.09587,1.09639
1705298400,1.0964,1.09667,1.09515,1.09534
1705305600,1.09537,1.09651,1.09431,1.09468
1705312800,1.09469,1.0949,1.09335,1.09455
1705320000,1.09453,1.09591,1.09438,1.09505
1705327200,1.09506,1.0952,1.09382,1.09499
1705334400,1.09498,1.09525,1.09463,1.09482
1705341600,1.09481,1.09536,1.09477,1.09505
1705348800,1.09506,1.0952,1.09491,1.09503
1705356000,1.09477,1.09509,1.09421,1.0945
1705363200,1.09451,1.09462,1.09155,1.09276
1705370400,1.09275,1.09277,1.09162,1.0919
1705377600,1.09188,1.09202,1.09127,1.09154
1705384800,1.09153,1.09267,1.09086,1.09186
1705392000,1.09185,1.09235,1.0884,1.08862
1705399200,1.08861,1.08946,1.08741,1.08924
1705406400,1.08923,1.0898,1.08717,1.08742
1705413600,1.08741,1.08893,1.08657,1.08858
1705420800,1.0886,1.08947,1.0862,1.08631
1705428000,1.08632,1.08771,1.08629,1.08737
1705435200,1.08736,1.08777,1.087,1.08751
1705442400,1.08699,1.08788,1.08645,1.08787
1705449600,1.08788,1.08824,1.08723,1.08774
1705456800,1.08775,1.08845,1.08651,1.08664
1705464000,1.08663,1.08721,1.08609,1.08649
1705471200,1.0865,1.08739,1.08555,1.08701
1705478400,1.08702,1.08817,1.0861,1.08764
1705485600,1.08763,1.08839,1.08671,1.08787
1705492800,1.08787,1.08814,1.08513,1.08639
1705500000,1.0864,1.08711,1.08446,1.08491
1705507200,1.08492,1.087,1.08476,1.08671
1705514400,1.08669,1.0879,1.08566,1.08739
1705521600,1.08738,1.08828,1.08704,1.08819
1705528800,1.08803,1.08862,1.08791,1.08862
1705536000,1.08863,1.0901,1.08803,1.0896
1705543200,1.0896,1.0903,1.08906,1.08955
1705550400,1.08954,1.08964,1.08904,1.08948
1705557600,1.08948,1.09069,1.08865,1.08881
1705564800,1.08878,1.08996,1.08766,1.08847
1705572000,1.08846,1.0896,1.08829,1.08892
1705579200,1.08893,1.08941,1.08505,1.08527
1705586400,1.08526,1.08691,1.08467,1.08521
1705593600,1.08523,1.087,1.08501,1.08597
1705600800,1.08598,1.08692,1.08543,1.08619
1705608000,1.08618,1.08776,1.08607,1.08756
1705615200,1.08713,1.08806,1.0859,1.088
1705622400,1.08801,1.08874,1.08761,1.08856
1705629600,1.08853,1.08898,1.08826,1.0889
1705636800,1.0889,1.08895,1.08796,1.0881
1705644000,1.08806,1.08863,1.08746,1.08796
1705651200,1.08795,1.0885,1.0868,1.08829
1705658400,1.08827,1.08931,1.08731,1.08873
1705665600,1.08874,1.08897,1.08754,1.08806
1705672800,1.08805,1.08898,1.08657,1.08825
1705680000,1.08827,1.08935,1.08801,1.08897
1705687200,1.08897,1.08964,1.08858,1.08924
1705694400,1.08925,1.08978,1.08899,1.08976
1705874400,1.089,1.08975,1.08814,1.08922
1705881600,1.08921,1.09049,1.08912,1.0902
1705888800,1.09021,1.09093,1.08996,1.0902
1705896000,1.09019,1.09048,1.08984,1.09016
1705903200,1.09017,1.09096,1.08973,1.08976
1705910400,1.08974,1.09023,1.08872,1.0897
1705917600,1.08969,1.08971,1.08816,1.08901
1705924800,1.089,1.08997,1.088,1.08917
1705932000,1.08918,1.08982,1.08825,1.08853
1705939200,1.08854,1.09,1.0882,1.08962
1705946400,1.08964,1.08965,1.08803,1.0885
1705953600,1.08851,1.08857,1.08803,1.08825
1705960800,1.08824,1.08846,1.08763,1.08773
1705968000,1.08773,1.08887,1.08758,1.08884
1705975200,1.08885,1.08952,1.0885,1.08928
1705982400,1.08927,1.0908,1.08917,1.09069
1705989600,1.0907,1.09161,1.09016,1.09083
1705996800,1.09084,1.09106,1.08835,1.08875
1706004000,1.08874,1.08884,1.08602,1.08664
1706011200,1.08663,1.08759,1.08604,1.0874
1706018400,1.08741,1.08741,1.08216,1.08309
1706025600,1.0831,1.08397,1.08243,1.08314
1706032800,1.08316,1.08477,1.08304,1.08453
1706040000,1.08454,1.0856,1.08437,1.08536
1706047200,1.08536,1.08591,1.08413,1.08572
1706054400,1.08573,1.08599,1.08514,1.0858
1706061600,1.08581,1.08616,1.08534,1.08591
1706068800,1.08595,1.08661,1.08582,1.0862
1706076000,1.0862,1.08793,1.08604,1.08734
1706083200,1.08736,1.09077,1.08626,1.09028
1706090400,1.09026,1.09049,1.08909,1.08928
1706097600,1.08927,1.09273,1.08875,1.09249
1706104800,1.09248,1.09323,1.08932,1.09008
1706112000,1.09008,1.09088,1.08905,1.09054
1706119200,1.09053,1.09062,1.08814,1.08885
1706126400,1.08884,1.08907,1.08777,1.08845
1706133600,1.08822,1.08866,1.08761,1.08811
1706140800,1.08812,1.08814,1.08702,1.08776
1706148000,1.08777,1.0882,1.08749,1.0878
1706155200,1.08779,1.08814,1.08745,1.08783
1706162400,1.08784,1.08914,1.08756,1.08878
1706169600,1.08879,1.08998,1.08829,1.0896
1706176800,1.08962,1.08988,1.08867,1.08949
1706184000,1.08952,1.0902,1.08669,1.08794
1706191200,1.08793,1.08793,1.08292,1.08318
1706198400,1.08317,1.08522,1.08242,1.08378
1706205600,1.08377,1.08468,1.08217,1.0836
1706212800,1.08361,1.08483,1.08334,1.08458
1706220000,1.08378,1.08477,1.08378,1.08456
1706227200,1.08457,1.08468,1.08374,1.08446
1706234400,1.08447,1.08489,1.08438,1.0845
1706241600,1.08451,1.08452,1.0838,1.08425
1706248800,1.08426,1.08428,1.0813,1.08195
1706256000,1.08194,1.08505,1.08174,1.08443
1706263200,1.08442,1.0876,1.08442,1.08745
1706270400,1.08746,1.08859,1.08563,1.0872
1706277600,1.0872,1.08804,1.08551,1.0864
1706284800,1.0864,1.08706,1.08589,1.08637
1706292000,1.08636,1.0866,1.08539,1.08582
1706299200,1.08582,1.08623,1.0852,1.08529
1706479200,1.08418,1.08487,1.08363,1.08425
1706486400,1.08426,1.08491,1.08412,1.08441
1706493600,1.0844,1.08469,1.08394,1.08452
1706500800,1.08453,1.08477,1.08397,1.08401
1706508000,1.08403,1.08502,1.0835,1.08372
1706515200,1.08371,1.08421,1.08231,1.08252
1706522400,1.08251,1.08272,1.08138,1.0823
1706529600,1.0823,1.08369,1.08138,1.08204
1706536800,1.08203,1.08227,1.07961,1.07975
1706544000,1.07974,1.08161,1.07959,1.08117
1706551200,1.08117,1.08201,1.08093,1.0819
1706558400,1.08196,1.08405,1.08193,1.08333
1706565600,1.08304,1.0837,1.08241,1.08337
1706572800,1.08339,1.08421,1.08325,1.08351
1706580000,1.0835,1.08362,1.083,1.08307
1706587200,1.08306,1.08337,1.08219,1.08226
1706594400,1.08227,1.08261,1.08119,1.08228
1706601600,1.08246,1.08323,1.08163,1.0827
1706608800,1.08269,1.08482,1.0823,1.08419
1706616000,1.0842,1.08501,1.08341,1.08346
1706623200,1.08345,1.08574,1.08282,1.0837
1706630400,1.08371,1.08474,1.08345,1.08389
1706637600,1.08389,1.08471,1.08316,1.08461
1706644800,1.08462,1.08486,1.08408,1.08455
1706652000,1.0838,1.0845,1.08368,1.08429
1706659200,1.08431,1.08483,1.08314,1.08314
1706666400,1.08313,1.08314,1.0816,1.08188
1706673600,1.08187,1.08224,1.08177,1.08205
1706680800,1.08206,1.0822,1.08061,1.08161
1706688000,1.08164,1.08369,1.08094,1.08223
1706695200,1.08223,1.08405,1.08214,1.08389
1706702400,1.0839,1.08629,1.08336,1.08575
1706709600,1.08575,1.08875,1.08522,1.08616
1706716800,1.08612,1.08679,1.08419,1.08498
1706724000,1.08497,1.08641,1.08158,1.08403
1706731200,1.08412,1.08418,1.07949,1.08176
1706738400,1.08162,1.082,1.08033,1.0804
1706745600,1.08039,1.08146,1.08019,1.08091
1706752800,1.0809,1.0822,1.08086,1.08119
1706760000,1.0812,1.08137,1.08026,1.08026
1706767200,1.08027,1.08051,1.07839,1.07932
1706774400,1.0793,1.08018,1.07799,1.07984
1706781600,1.07995,1.08134,1.07914,1.08084
1706788800,1.08083,1.08274,1.08056,1.08137
1706796000,1.08136,1.0832,1.07969,1.08266
1706803200,1.08267,1.08748,1.08267,1.08728
1706810400,1.08729,1.0875,1.0863,1.08721
1706817600,1.08722,1.08748,1.08681,1.08721
1706824800,1.08707,1.08763,1.08634,1.08743
1706832000,1.08744,1.08797,1.08701,1.08717
1706839200,1.08717,1.08789,1.08714,1.08768
1706846400,1.08767,1.08826,1.08719,1.08776
1706853600,1.08774,1.08871,1.08742,1.08809
1706860800,1.0881,1.08976,1.08735,1.08908
1706868000,1.08907,1.08951,1.08782,1.08838
1706875200,1.08837,1.08862,1.08037,1.08072
1706882400,1.08065,1.08172,1.07833,1.08026
1706889600,1.08027,1.08039,1.07809,1.07835
1706896800,1.07834,1.07958,1.07805,1.07926
1706904000,1.07927,1.07974,1.07875,1.07889
1707084000,1.07851,1.07855,1.077,1.07799
1707091200,1.078,1.07831,1.07673,1.07783
1707098400,1.07782,1.07812,1.07744,1.07792
1707105600,1.07792,1.07822,1.07734,1.07821
1707112800,1.0782,1.07849,1.07727,1.07803
1707120000,1.07805,1.07862,1.07521,1.07537
1707127200,1.07536,1.07589,1.0747,1.0755
1707134400,1.07551,1.07577,1.07361,1.07375
1707141600,1.07374,1.0745,1.07233,1.07254
1707148800,1.07254,1.0743,1.07247,1.07394
1707156000,1.07393,1.07467,1.07374,1.0743
1707163200,1.07429,1.07443,1.07368,1.07424
1707170400,1.07385,1.07435,1.07366,1.07411
1707177600,1.07412,1.07473,1.07411,1.07454
1707184800,1.07453,1.07491,1.07435,1.0744
1707192000,1.07439,1.07542,1.07435,1.07536
1707199200,1.07535,1.07624,1.07483,1.0752
1707206400,1.07519,1.07601,1.07256,1.07293
1707213600,1.07292,1.0743,1.07243,1.07387
1707220800,1.07386,1.07439,1.07226,1.07305
1707228000,1.07303,1.07484,1.07291,1.07433
1707235200,1.07434,1.07553,1.07391,1.07511
1707242400,1.0751,1.07556,1.07435,1.07495
1707249600,1.07497,1.07574,1.07494,1.07541
1707256800,1.0752,1.07569,1.07467,1.07569
1707264000,1.07571,1.0765,1.07561,1.07635
1707271200,1.07636,1.07666,1.07585,1.07588
1707278400,1.07588,1.07646,1.07567,1.07628
1707285600,1.07629,1.07729,1.07567,1.07727
1707292800,1.07726,1.07737,1.07579,1.07694
1707300000,1.07695,1.0774,1.07624,1.07712
1707307200,1.07711,1.0784,1.07661,1.07703
1707314400,1.07702,1.07799,1.07559,1.07567
1707321600,1.0757,1.07713,1.07563,1.0765
1707328800,1.07648,1.07754,1.07643,1.0772
1707336000,1.07721,1.07748,1.07709,1.07729
1707343200,1.07703,1.07769,1.07625,1.07756
1707350400,1.07753,1.07799,1.07744,1.07787
1707357600,1.07788,1.0785,1.07784,1.07825
1707364800,1.07826,1.07884,1.07784,1.07826
1707372000,1.07827,1.07889,1.07767,1.07802
1707379200,1.07801,1.07843,1.07685,1.07831
1707386400,1.07832,1.07856,1.07611,1.0763
1707393600,1.07632,1.07637,1.07415,1.07442
1707400800,1.07437,1.07677,1.07434,1.07613
1707408000,1.07612,1.07767,1.07603,1.07733
1707415200,1.07734,1.0783,1.07727,1.07749
1707422400,1.07749,1.07799,1.07749,1.07779
1707429600,1.07753,1.07781,1.07711,1.07778
1707436800,1.0778,1.07788,1.07724,1.07744
1707444000,1.07743,1.07784,1.07702,1.07709
1707451200,1.0771,1.07739,1.07695,1.07711
1707458400,1.07712,1.07828,1.07699,1.07803
1707465600,1.07805,1.07848,1.07661,1.07671
1707472800,1.0767,1.07733,1.07621,1.07717
1707480000,1.07718,1.0795,1.07632,1.07831
1707487200,1.0783,1.07951,1.07749,1.07865
1707494400,1.07864,1.07882,1.07793,1.07856
1707501600,1.07856,1.07909,1.07814,1.07826
1707508800,1.07825,1.07885,1.07797,1.07848
1707688800,1.07783,1.07984,1.07773,1.07979
1707696000,1.0798,1.07999,1.07936,1.07957
1707703200,1.07957,1.07979,1.07911,1.07918
1707710400,1.07918,1.07946,1.07895,1.07917
1707717600,1.07915,1.08056,1.07894,1.08032
1707724800,1.08028,1.0803,1.07668,1.07692
1707732000,1.07692,1.07789,1.07631,1.07693
1707739200,1.07694,1.07738,1.07611,1.07639
1707746400,1.07638,1.07742,1.07559,1.07675
1707753600,1.07676,1.07825,1.07653,1.07824
1707760800,1.07825,1.07862,1.0768,1.07694
1707768000,1.07695,1.07752,1.07695,1.07715
1707775200,1.0771,1.07751,1.07631,1.07718
1707782400,1.07719,1.07747,1.07658,1.0767
1707789600,1.07671,1.07671,1.07606,1.07618
1707796800,1.07617,1.0768,1.07612,1.07668
1707804000,1.07669,1.07778,1.07658,1.07714
1707811200,1.07717,1.07747,1.07569,1.07665
1707818400,1.07666,1.07818,1.07663,1.0778
1707825600,1.07777,1.07952,1.0703,1.07085
1707832800,1.07086,1.0727,1.07007,1.07169
1707840000,1.0717,1.07222,1.07123,1.07154
1707847200,1.07155,1.07203,1.07007,1.07013
1707854400,1.07014,1.07103,1.07007,1.0709
1707861600,1.07074,1.07109,1.07068,1.07084
1707868800,1.07084,1.07144,1.07034,1.07118
1707876000,1.07117,1.0714,1.07083,1.07126
1707883200,1.07125,1.0715,1.07093,1.0714
1707890400,1.0714,1.07188,1.07052,1.07077
1707897600,1.07078,1.07083,1.0695,1.07001
1707904800,1.07001,1.07103,1.06965,1.07079
1707912000,1.07078,1.07168,1.07012,1.07087
1707919200,1.07087,1.07254,1.07066,1.07213
1707926400,1.07214,1.07346,1.07193,1.07308
1707933600,1.07307,1.07338,1.07255,1.07282
1707940800,1.07283,1.07289,1.07256,1.07275
1707948000,1.07248,1.07324,1.07238,1.07322
1707955200,1.07324,1.07356,1.07263,1.07283
1707962400,1.07283,1.07317,1.07251,1.07257
1707969600,1.07258,1.07323,1.07247,1.07292
1707976800,1.07291,1.07415,1.07271,1.0733
1707984000,1.0733,1.07377,1.0728,1.07332
1707991200,1.07331,1.07402,1.07309,1.07354
1707998400,1.07355,1.07728,1.07353,1.07664
1708005600,1.07664,1.07849,1.07587,1.07611
1708012800,1.07612,1.07632,1.07552,1.07625
1708020000,1.07625,1.07724,1.07605,1.07688
1708027200,1.07689,1.07739,1.0768,1.07721
1708034400,1.07648,1.07768,1.07633,1.07727
1708041600,1.07728,1.07738,1.07613,1.07648
1708048800,1.07648,1.0765,1.07591,1.076
1708056000,1.076,1.07619,1.07574,1.07602
1708063200,1.07601,1.0768,1.07585,1.07607
1708070400,1.07609,1.07718,1.07595,1.07662
1708077600,1.0766,1.07801,1.07628,1.07776
1708084800,1.07775,1.07781,1.0732,1.07466
1708092000,1.07468,1.07771,1.0741,1.0771
1708099200,1.07711,1.0778,1.07628,1.0778
1708106400,1.07778,1.07875,1.0774,1.07771
1708113600,1.0777,1.07779,1.0773,1.07762
1708293600,1.07718,1.07851,1.07693,1.0784
1708300800,1.0784,1.07891,1.07784,1.07804
1708308000,1.07804,1.07833,1.0775,1.07756
1708315200,1.07755,1.07829,1.07749,1.07817
1708322400,1.07818,1.07894,1.07801,1.07826
1708329600,1.07828,1.07873,1.07724,1.0775
1708336800,1.07749,1.07818,1.07723,1.07771
1708344000,1.0777,1.07797,1.07676,1.07703
1708351200,1.07702,1.07707,1.07621,1.07673
1708358400,1.07674,1.07765,1.07628,1.07762
1708365600,1.07763,1.07836,1.07759,1.07786
1708372800,1.07787,1.07823,1.07771,1.07774
1708380000,1.07766,1.07794,1.07665,1.07753
1708387200,1.07752,1.07769,1.0765,1.0766
1708394400,1.07658,1.07688,1.07616,1.0768
1708401600,1.07679,1.07711,1.07653,1.0768
1708408800,1.07677,1.07749,1.07674,1.07698
1708416000,1.07697,1.0799,1.07689,1.07981
1708423200,1.07978,1.08096,1.07937,1.07984
1708430400,1.07985,1.08249,1.07954,1.08231
1708437600,1.08235,1.08389,1.08132,1.08227
1708444800,1.08228,1.08249,1.08091,1.08119
1708452000,1.08117,1.08131,1.08065,1.08066
1708459200,1.08064,1.08128,1.08044,1.08077
1708466400,1.08061,1.08111,1.08038,1.08098
1708473600,1.08099,1.08127,1.08055,1.08119
1708480800,1.0812,1.0819,1.08119,1.0818
1708488000,1.0818,1.08191,1.08125,1.08152
1708495200,1.08152,1.08153,1.08065,1.08108
1708502400,1.08105,1.08147,1.079,1.07999
1708509600,1.08001,1.08033,1.07942,1.0799
1708516800,1.07989,1.08114,1.07964,1.081
1708524000,1.08101,1.08199,1.08043,1.08051
1708531200,1.08052,1.0819,1.08008,1.08076
1708538400,1.08075,1.08243,1.08,1.08165
1708545600,1.08164,1.08209,1.08124,1.08195
1708552800,1.08127,1.08225,1.08101,1.08202
1708560000,1.08203,1.08319,1.082,1.08266
1708567200,1.08263,1.08273,1.08189,1.08257
1708574400,1.08257,1.08378,1.08252,1.08335
1708581600,1.08334,1.08538,1.08332,1.08531
1708588800,1.0853,1.08882,1.0848,1.08529
1708596000,1.08528,1.08588,1.08448,1.08573
1708603200,1.08572,1.08586,1.08211,1.08231
1708610400,1.0823,1.08245,1.08027,1.08101
1708617600,1.08102,1.08241,1.08088,1.082
1708624800,1.08201,1.08262,1.08143,1.08225
1708632000,1.08224,1.08237,1.08184,1.08228
1708639200,1.08221,1.08259,1.08169,1.08253
1708646400,1.08253,1.08319,1.08148,1.08269
1708653600,1.08271,1.08306,1.08226,1.08252
1708660800,1.08252,1.08286,1.08212,1.08227
1708668000,1.08228,1.08318,1.08217,1.08294
1708675200,1.08295,1.08324,1.08139,1.08174
1708682400,1.08176,1.08314,1.08172,1.0827
1708689600,1.08271,1.08396,1.08245,1.08318
1708696800,1.08314,1.08368,1.08118,1.08206
1708704000,1.08206,1.08288,1.08149,1.08247
1708711200,1.08247,1.08298,1.08202,1.08229
1708718400,1.08229,1.08244,1.08176,1.08206
1708898400,1.0821,1.08291,1.08133,1.0819
1708905600,1.08189,1.08202,1.08126,1.08165
1708912800,1.08164,1.08194,1.08143,1.08184
1708920000,1.08184,1.08241,1.08174,1.0823
1708927200,1.0823,1.08367,1.0822,1.08321
1708934400,1.08321,1.08403,1.08269,1.08399
1708941600,1.08399,1.0854,1.08385,1.08519
1708948800,1.08519,1.08597,1.08483,1.0858
1708956000,1.08581,1.08589,1.08386,1.08508
1708963200,1.08508,1.08557,1.08435,1.08453
1708970400,1.08452,1.08475,1.08397,1.08465
1708977600,1.08464,1.08526,1.08462,1.08512
1708984800,1.08463,1.08513,1.0842,1.08503
1708992000,1.08504,1.08508,1.08454,1.08499
1708999200,1.085,1.08534,1.08482,1.08529
1709006400,1.0853,1.08553,1.08486,1.0852
1709013600,1.0852,1.08625,1.08471,1.0856
1709020800,1.08559,1.08659,1.08518,1.08529
1709028000,1.0853,1.08589,1.08418,1.08575
1709035200,1.08574,1.08631,1.08448,1.08479
1709042400,1.08479,1.08512,1.08329,1.08469
1709049600,1.08471,1.08578,1.08448,1.08507
1709056800,1.08505,1.08566,1.08408,1.08443
1709064000,1.08442,1.08478,1.08418,1.08449
1709071200,1.08423,1.0846,1.08403,1.0841
1709078400,1.08411,1.08457,1.08378,1.08394
1709085600,1.08393,1.08403,1.08327,1.08343
1709092800,1.08345,1.08356,1.08254,1.08267
1709100000,1.08265,1.08296,1.08164,1.08232
1709107200,1.08232,1.08241,1.07966,1.07999
1709114400,1.07997,1.0818,1.07992,1.08154
1709121600,1.08155,1.08308,1.08066,1.08277
1709128800,1.08275,1.08379,1.08213,1.08342
1709136000,1.08342,1.08458,1.08312,1.08383
1709143200,1.08384,1.08404,1.08324,1.08337
1709150400,1.08336,1.08398,1.0833,1.08384
1709157600,1.08335,1.08401,1.08305,1.08383
1709164800,1.08384,1.08401,1.08279,1.0829
1709172000,1.08289,1.08378,1.08287,1.08369
1709179200,1.08369,1.08376,1.08318,1.08355
1709186400,1.08354,1.08394,1.08259,1.08285
1709193600,1.08284,1.08519,1.08284,1.08505
1709200800,1.08506,1.08542,1.08288,1.08342
1709208000,1.08343,1.08466,1.08218,1.08378
1709215200,1.08377,1.08558,1.08191,1.08224
1709222400,1.08224,1.08251,1.07957,1.07999
1709229600,1.08,1.08111,1.07983,1.08025
1709236800,1.08026,1.08095,1.08026,1.08048
1709244000,1.07991,1.08056,1.07982,1.08055
1709251200,1.08055,1.08212,1.08051,1.08212
1709258400,1.08212,1.08218,1.08165,1.08169
1709265600,1.0817,1.0817,1.08111,1.0812
1709272800,1.0812,1.08174,1.08081,1.08125
1709280000,1.08126,1.08199,1.08085,1.08152
1709287200,1.08156,1.08226,1.07983,1.08185
1709294400,1.08185,1.08246,1.08077,1.08127
1709301600,1.08127,1.08417,1.07981,1.0835
1709308800,1.08349,1.08398,1.08234,1.08375
1709316000,1.08373,1.08432,1.08314,1.08412
1709323200,1.08412,1.08413,1.08332,1.08396
1709503200,1.08286,1.0844,1.08286,1.08416
1709510400,1.08417,1.0848,1.08385,1.08401
1709517600,1.084,1.08458,1.08384,1.08439
1709524800,1.0844,1.08468,1.08428,1.08443
1709532000,1.08442,1.0854,1.08431,1.08536
1709539200,1.08537,1.08579,1.08377,1.08492
1709546400,1.08491,1.0857,1.08459,1.08561
1709553600,1.08562,1.08576,1.084,1.08486
1709560800,1.08487,1.08637,1.0845,1.08632
1709568000,1.08633,1.08667,1.08554,1.08579
1709575200,1.08578,1.08606,1.08552,1.08565
1709582400,1.08566,1.08597,1.0855,1.08555
1709589600,1.0853,1.08579,1.08503,1.08539
1709596800,1.08539,1.08554,1.08475,1.08494
1709604000,1.08493,1.08548,1.08484,1.08543
1709611200,1.08543,1.08543,1.0849,1.08528
1709618400,1.08528,1.08533,1.08414,1.08464
1709625600,1.08469,1.08558,1.0843,1.08514
1709632800,1.08509,1.08549,1.08478,1.08498
1709640000,1.08499,1.08516,1.0842,1.08463
1709647200,1.08465,1.0876,1.08401,1.08713
1709654400,1.08714,1.08719,1.08577,1.08599
1709661600,1.08598,1.08599,1.08513,1.08529
1709668800,1.08528,1.08591,1.0849,1.08564
1709676000,1.08522,1.08586,1.08522,1.08554
1709683200,1.08554,1.08556,1.08421,1.08438
1709690400,1.08439,1.08533,1.08439,1.08507
1709697600,1.08507,1.08568,1.08495,1.0855
1709704800,1.0855,1.08663,1.08548,1.08619
1709712000,1.08618,1.08777,1.08591,1.08764
1709719200,1.08764,1.08795,1.08715,1.08756
1709726400,1.08756,1.08848,1.08675,1.08847
1709733600,1.08849,1.09088,1.08812,1.09052
1709740800,1.09053,1.09153,1.08994,1.09022
1709748000,1.09023,1.09077,1.08933,1.08966
1709755200,1.08965,1.08995,1.08929,1.08987
1709762400,1.08936,1.09015,1.08923,1.08995
1709769600,1.08995,1.09073,1.08964,1.08978
1709776800,1.08978,1.09015,1.08936,1.09005
1709784000,1.09004,1.09056,1.08997,1.09004
1709791200,1.09003,1.09043,1.08911,1.08937
1709798400,1.08936,1.09028,1.08876,1.09016
1709805600,1.09015,1.09018,1.08896,1.0894
1709812800,1.08939,1.09002,1.08677,1.08723
1709820000,1.08723,1.09308,1.08692,1.09299
1709827200,1.09298,1.09421,1.09246,1.0937
1709834400,1.0937,1.09487,1.09365,1.09467
1709841600,1.09466,1.09492,1.09425,1.09482
1709848800,1.09407,1.09513,1.09407,1.0951
1709856000,1.09509,1.09557,1.09465,1.09479
1709863200,1.09478,1.09509,1.09442,1.09473
1709870400,1.09473,1.09493,1.09444,1.09464
1709877600,1.09463,1.09511,1.09316,1.09336
1709884800,1.09336,1.09388,1.09261,1.09352
1709892000,1.09352,1.09388,1.09264,1.09345
1709899200,1.09342,1.09812,1.09181,1.09582
1709906400,1.09584,1.09666,1.09434,1.09609
1709913600,1.09609,1.09613,1.09368,1.09394
1709920800,1.09392,1.09421,1.09333,1.09417
1709928000,1.09416,1.09438,1.09344,1.0939
1710104400,1.09416,1.09416,1.09328,1.09374
1710111600,1.09374,1.09464,1.09374,1.09423
1710118800,1.09423,1.09457,1.09371,1.09388
1710126000,1.09388,1.09445,1.09369,1.09386
1710133200,1.09387,1.09437,1.09354,1.09421
1710140400,1.0942,1.0948,1.09371,1.09445
1710147600,1.09446,1.09449,1.0933,1.09416
1710154800,1.09417,1.09434,1.09293,1.09294
1710162000,1.09294,1.09316,1.09156,1.09243
1710169200,1.09244,1.09288,1.09145,1.09272
1710176400,1.09271,1.09303,1.09183,1.09241
1710183600,1.0924,1.09275,1.09219,1.09252
1710190800,1.09185,1.0927,1.09155,1.0925
1710198000,1.0925,1.09324,1.0925,1.09285
1710205200,1.09285,1.09364,1.09268,1.09363
1710212400,1.09363,1.09381,1.09341,1.09369
1710219600,1.09369,1.09392,1.09342,1.09379
1710226800,1.09379,1.09393,1.09212,1.09248
1710234000,1.09248,1.09344,1.09231,1.0934
1710241200,1.0934,1.09436,1.09022,1.092
1710248400,1.09201,1.09231,1.09023,1.09171
1710255600,1.0917,1.0919,1.09074,1.09176
1710262800,1.09176,1.09246,1.09128,1.09241
1710270000,1.0924,1.09273,1.0921,1.0926
1710277200,1.09227,1.09288,1.09227,1.09274
1710284400,1.09274,1.09297,1.09257,1.09269
1710291600,1.0927,1.09289,1.09233,1.09269
1710298800,1.09268,1.09306,1.0922,1.09234
1710306000,1.09234,1.09292,1.09228,1.09278
1710313200,1.09278,1.09327,1.09208,1.09276
1710320400,1.09275,1.09333,1.09201,1.09305
1710327600,1.09304,1.09473,1.09301,1.09366
1710334800,1.09366,1.09444,1.09313,1.09419
1710342000,1.09416,1.09493,1.0938,1.0949
1710349200,1.09489,1.09638,1.09486,1.09509
1710356400,1.09508,1.09516,1.09456,1.09478
1710363600,1.09472,1.0952,1.09436,1.09488
1710370800,1.0949,1.09548,1.09459,1.09486
1710378000,1.09486,1.09528,1.0943,1.09438
1710385200,1.09439,1.09453,1.09389,1.09425
1710392400,1.09425,1.09431,1.09369,1.09376
1710399600,1.09377,1.0944,1.09316,1.09377
1710406800,1.09379,1.09453,1.0937,1.09396
1710414000,1.09397,1.09447,1.09242,1.09298
1710421200,1.09296,1.09311,1.08959,1.08978
1710428400,1.08975,1.08994,1.08829,1.08871
1710435600,1.0887,1.08898,1.0881,1.0885
1710442800,1.0885,1.08918,1.08806,1.08835
1710450000,1.08798,1.08859,1.08794,1.0884
1710457200,1.08839,1.08851,1.0876,1.08778
1710464400,1.08778,1.08802,1.08728,1.08732
1710471600,1.08733,1.08782,1.08732,1.08765
1710478800,1.08764,1.08806,1.08732,1.08798
1710486000,1.08798,1.08869,1.0878,1.0883
1710493200,1.08829,1.08996,1.08825,1.08911
1710500400,1.08911,1.08964,1.08843,1.08872
1710507600,1.08872,1.08948,1.08832,1.08879
1710514800,1.0888,1.08899,1.08814,1.08859
1710522000,1.08862,1.0891,1.08833,1.08903
1710529200,1.08903,1.08913,1.08869,1.08885
1710709200,1.089,1.08912,1.08755,1.08865
1710716400,1.08866,1.08881,1.08806,1.08853
1710723600,1.08853,1.08917,1.08828,1.08891
1710730800,1.08891,1.08905,1.08852,1.08875
1710738000,1.08875,1.08894,1.08853,1.08888
1710745200,1.0889,1.08978,1.08888,1.08938
1710752400,1.08935,1.09018,1.08926,1.08998
1710759600,1.08997,1.09062,1.08898,1.08922
1710766800,1.08922,1.08935,1.08843,1.08856
1710774000,1.08854,1.08889,1.08694,1.08724
1710781200,1.08728,1.08751,1.0866,1.0871
1710788400,1.08708,1.08733,1.08675,1.0872
1710795600,1.08679,1.08738,1.08679,1.08719
1710802800,1.08719,1.08746,1.08692,1.08693
1710810000,1.08695,1.08747,1.08667,1.08734
1710817200,1.08735,1.08766,1.08673,1.08706
1710824400,1.08705,1.08721,1.08619,1.08675
1710831600,1.08675,1.08675,1.08423,1.08475
1710838800,1.08476,1.08501,1.08346,1.08445
1710846000,1.08441,1.0856,1.08429,1.08516
1710853200,1.08515,1.08654,1.08492,1.08623
1710860400,1.08623,1.08639,1.08533,1.08634
1710867600,1.08635,1.08675,1.08597,1.08625
1710874800,1.08625,1.08664,1.08609,1.08655
1710882000,1.08585,1.08669,1.08569,1.08654
1710889200,1.08655,1.08664,1.08582,1.08645
1710896400,1.08644,1.08693,1.08621,1.08688
1710903600,1.0869,1.08711,1.08662,1.08669
1710910800,1.08667,1.08705,1.0865,1.08702
1710918000,1.08698,1.0872,1.085,1.08521
1710925200,1.08521,1.08522,1.08364,1.08396
1710932400,1.08395,1.08449,1.08371,1.08421
1710939600,1.08422,1.08513,1.08373,1.08496
1710946800,1.08497,1.08612,1.08487,1.08606
1710954000,1.08607,1.09175,1.08586,1.09143
1710961200,1.09144,1.09228,1.09019,1.0922
1710968400,1.09191,1.09322,1.09114,1.09321
1710975600,1.09321,1.09374,1.09293,1.09334
1710982800,1.09333,1.09388,1.09326,1.09354
1710990000,1.09353,1.09369,1.09327,1.09331
1710997200,1.09331,1.09381,1.09315,1.09377
1711004400,1.09377,1.09425,1.08873,1.08916
1711011600,1.08926,1.09236,1.0889,1.09193
1711018800,1.09194,1.09204,1.09035,1.09114
1711026000,1.09115,1.09118,1.08705,1.08787
1711033200,1.08787,1.08791,1.08556,1.08609
1711040400,1.08608,1.08661,1.08561,1.08623
1711047600,1.08624,1.08627,1.08555,1.08596
1711054800,1.08553,1.08622,1.08519,1.08618
1711062000,1.08615,1.08682,1.08606,1.08651
1711069200,1.08651,1.08658,1.08388,1.08389
1711076400,1.0839,1.08414,1.0831,1.08333
1711083600,1.08332,1.08419,1.0827,1.08303
1711090800,1.08302,1.08345,1.08081,1.08116
1711098000,1.08118,1.08232,1.08116,1.08163
1711105200,1.08165,1.08311,1.08115,1.08264
1711112400,1.08263,1.08317,1.08147,1.08149
1711119600,1.08148,1.08218,1.08057,1.08058
1711126800,1.08057,1.08106,1.0804,1.0804
1711134000,1.08039,1.08098,1.08017,1.08086
1711314000,1.08072,1.08104,1.0805,1.08085
1711321200,1.08084,1.08099,1.08025,1.08035
1711328400,1.08036,1.08221,1.08021,1.08217
1711335600,1.08217,1.08218,1.08107,1.08131
1711342800,1.08131,1.08223,1.08123,1.08175
1711350000,1.08174,1.08238,1.08071,1.08137
1711357200,1.08139,1.0822,1.08117,1.08179
1711364400,1.08176,1.08339,1.08164,1.08305
1711371600,1.08305,1.08424,1.08291,1.08389
1711378800,1.08391,1.08391,1.08314,1.08365
1711386000,1.08365,1.08379,1.08332,1.08359
1711393200,1.0836,1.08409,1.08356,1.08371
1711400400,1.08359,1.08383,1.08316,1.08369
1711407600,1.0837,1.08429,1.0836,1.08426
1711414800,1.08426,1.08456,1.08387,1.08426
1711422000,1.08427,1.08442,1.08357,1.08402
1711429200,1.08401,1.0852,1.08398,1.08507
1711436400,1.08506,1.08528,1.08386,1.08495
1711443600,1.08495,1.08643,1.08455,1.08552
1711450800,1.08551,1.08599,1.08485,1.0852
1711458000,1.08517,1.08586,1.08379,1.0841
1711465200,1.08412,1.08443,1.08242,1.08283
1711472400,1.08283,1.08356,1.08268,1.08327
1711479600,1.08327,1.0835,1.08283,1.08311
1711486800,1.08303,1.08331,1.08299,1.08326
1711494000,1.08327,1.0833,1.08274,1.08294
1711501200,1.08293,1.08308,1.08204,1.08259
1711508400,1.08258,1.08305,1.08241,1.08298
1711515600,1.08297,1.08327,1.08245,1.08322
1711522800,1.08322,1.08338,1.08212,1.08287
1711530000,1.08286,1.0839,1.0826,1.08328
1711537200,1.08325,1.08351,1.0815,1.0819
1711544400,1.08188,1.08213,1.08108,1.08145
1711551600,1.08144,1.08256,1.08137,1.0823
1711558800,1.08231,1.08251,1.08174,1.08223
1711566000,1.08221,1.08291,1.08205,1.08276
1711573200,1.08253,1.08265,1.08102,1.08135
1711580400,1.08136,1.08202,1.0808,1.08175
1711587600,1.08175,1.0826,1.08148,1.08223
1711594800,1.08222,1.08242,1.08203,1.08235
1711602000,1.08235,1.08265,1.08151,1.08178
1711609200,1.08179,1.08186,1.07897,1.07919
1711616400,1.07917,1.07929,1.0775,1.07892
1711623600,1.07895,1.08088,1.07826,1.08082
1711630800,1.08082,1.08186,1.07976,1.08002
1711638000,1.08,1.08075,1.07929,1.07993
1711645200,1.07992,1.08019,1.07859,1.07874
1711652400,1.07872,1.07894,1.07846,1.07872
1711659600,1.07853,1.07937,1.07843,1.07863
1711666800,1.07868,1.07918,1.07836,1.07839
1711674000,1.0784,1.07847,1.07738,1.07788
1711681200,1.07787,1.07793,1.07745,1.07766
1711688400,1.07766,1.07777,1.07738,1.07756
1711695600,1.07753,1.07813,1.07679,1.07785
1711702800,1.07784,1.07887,1.07723,1.07839
1711710000,1.07838,1.08046,1.07742,1.07978
1711717200,1.07975,1.08032,1.07936,1.07944
1711724400,1.07943,1.07951,1.07867,1.0788
1711731600,1.07879,1.07904,1.07872,1.07893
1711738800,1.07892,1.07927,1.07881,1.07899
1711918800,1.07855,1.07968,1.07847,1.07867
1711926000,1.07866,1.07987,1.07855,1.07913
1711933200,1.07914,1.07946,1.07848,1.07878
1711940400,1.0788,1.07913,1.07841,1.07868
1711947600,1.07867,1.07905,1.07828,1.07866
1711954800,1.07867,1.07921,1.0783,1.07898
1711962000,1.07897,1.07909,1.07796,1.07813
1711969200,1.07814,1.07878,1.07771,1.07818
1711976400,1.07817,1.07829,1.07394,1.07443
1711983600,1.07443,1.07453,1.07309,1.07365
1711990800,1.07365,1.0744,1.07365,1.07376
1711998000,1.07377,1.0743,1.07374,1.07428
1712005200,1.07413,1.07439,1.07348,1.07399
1712012400,1.07398,1.07398,1.07309,1.07372
1712019600,1.07371,1.07381,1.07295,1.07348
1712026800,1.07349,1.07362,1.07293,1.07332
1712034000,1.07331,1.07348,1.07246,1.07288
1712041200,1.07286,1.07427,1.0726,1.07314
1712048400,1.07314,1.07458,1.07311,1.0745
1712055600,1.0745,1.07561,1.0743,1.0749
1712062800,1.07491,1.0779,1.07479,1.07657
1712070000,1.07659,1.07717,1.07643,1.07682
1712077200,1.07682,1.07689,1.07622,1.07635
1712084400,1.07637,1.07692,1.07603,1.0769
1712091600,1.07667,1.0773,1.07667,1.07681
1712098800,1.07681,1.07716,1.07658,1.07687
1712106000,1.07687,1.0775,1.07657,1.07743
1712113200,1.07744,1.07793,1.07742,1.07746
1712120400,1.07747,1.07774,1.07671,1.07691
1712127600,1.07694,1.07773,1.0764,1.07715
1712134800,1.07713,1.07767,1.0765,1.07755
1712142000,1.07755,1.07863,1.0773,1.07782
1712149200,1.07782,1.08241,1.07777,1.08228
1712156400,1.08229,1.08361,1.08193,1.08306
1712163600,1.08307,1.08368,1.08255,1.08348
1712170800,1.08345,1.08365,1.08292,1.08358
1712178000,1.0829,1.08381,1.08287,1.08377
1712185200,1.08374,1.08435,1.08347,1.08431
1712192400,1.0843,1.08446,1.08381,1.08428
1712199600,1.08429,1.08449,1.084,1.08426
1712206800,1.08426,1.08464,1.0839,1.08398
1712214000,1.08399,1.08626,1.08391,1.08619
1712221200,1.08618,1.08655,1.08554,1.08597
1712228400,1.08598,1.08703,1.08506,1.08696
1712235600,1.08697,1.08766,1.08641,1.08675
1712242800,1.08675,1.08689,1.0858,1.08588
1712250000,1.08587,1.08618,1.08465,1.08501
1712257200,1.085,1.08507,1.08318,1.08363
1712264400,1.08339,1.08401,1.0831,1.08364
1712271600,1.08365,1.08439,1.08349,1.08416
1712278800,1.08416,1.0843,1.08233,1.08252
1712286000,1.08253,1.0828,1.08247,1.08263
1712293200,1.08264,1.08331,1.08224,1.08305
1712300400,1.08304,1.08463,1.08302,1.08375
1712307600,1.08374,1.08421,1.08326,1.08344
1712314800,1.08345,1.08478,1.08001,1.08092
1712322000,1.08093,1.08264,1.07914,1.08187
1712329200,1.08187,1.08443,1.08161,1.08357
1712336400,1.08358,1.08389,1.08307,1.08348
1712343600,1.08347,1.08376,1.08319,1.08371
1712523600,1.08357,1.08372,1.08272,1.0828
1712530800,1.0828,1.0833,1.0823,1.08272
1712538000,1.08268,1.08433,1.08268,1.08406
1712545200,1.08405,1.08417,1.08311,1.08322
1712552400,1.08322,1.08376,1.08297,1.08339
1712559600,1.08341,1.08378,1.08222,1.08234
1712566800,1.08232,1.08341,1.08208,1.08323
1712574000,1.08323,1.08355,1.08215,1.08342
1712581200,1.08342,1.08564,1.08342,1.08532
1712588400,1.08532,1.08588,1.08467,1.08502
1712595600,1.08502,1.08621,1.08495,1.08573
1712602800,1.0857,1.08599,1.08559,1.08592
1712610000,1.08545,1.08611,1.08529,1.08605
1712617200,1.08605,1.08634,1.08576,1.08587
1712624400,1.08586,1.08622,1.08557,1.08569
1712631600,1.08568,1.08585,1.08539,1.08565
1712638800,1.08564,1.08627,1.08511,1.08521
1712646000,1.0852,1.086,1.0849,1.08575
1712653200,1.08574,1.08707,1.08564,1.0869
1712660400,1.08691,1.08839,1.08592,1.08806
1712667600,1.08806,1.0885,1.0853,1.08572
1712674800,1.08573,1.086,1.08522,1.08546
1712682000,1.08546,1.08554,1.085,1.0853
1712689200,1.08529,1.08591,1.08476,1.08566
1712696400,1.0855,1.08589,1.08519,1.08587
1712703600,1.08587,1.08597,1.0855,1.08571
1712710800,1.08571,1.08589,1.08508,1.08534
1712718000,1.08535,1.08544,1.08505,1.08525
1712725200,1.08525,1.08557,1.08477,1.08532
1712732400,1.08532,1.08605,1.08509,1.08604
1712739600,1.08604,1.08658,1.08566,1.08644
1712746800,1.08643,1.08665,1.07783,1.07808
1712754000,1.07808,1.07811,1.07456,1.07533
1712761200,1.07532,1.07547,1.07287,1.07361
1712768400,1.07361,1.07542,1.0729,1.07362
1712775600,1.07361,1.07456,1.07356,1.07422
1712782800,1.07399,1.07442,1.07374,1.07432
1712790000,1.07432,1.07459,1.07381,1.07425
1712797200,1.07426,1.07469,1.0741,1.07454
1712804400,1.07454,1.07488,1.07439,1.07461
1712811600,1.07462,1.07472,1.07266,1.07283
1712818800,1.07282,1.07499,1.07278,1.07405
1712826000,1.07404,1.07408,1.07262,1.07298
1712833200,1.07296,1.07468,1.0714,1.07414
1712840400,1.07416,1.07565,1.06992,1.07051
1712847600,1.07051,1.07234,1.0702,1.07176
1712854800,1.07176,1.07344,1.07151,1.07255
1712862000,1.07254,1.0732,1.07252,1.07258
1712869200,1.07225,1.07292,1.07205,1.0728
1712876400,1.07281,1.07282,1.07224,1.07259
1712883600,1.07264,1.07282,1.07229,1.07266
1712890800,1.07265,1.07267,1.07107,1.07111
1712898000,1.07111,1.0714,1.06809,1.0683
1712905200,1.06835,1.06874,1.06708,1.06711
1712912400,1.06714,1.06748,1.06439,1.06469
1712919600,1.06469,1.06592,1.06313,1.06383
1712926800,1.06385,1.06463,1.06223,1.06299
1712934000,1.06299,1.06509,1.06292,1.06417
1712941200,1.06418,1.06506,1.06389,1.0639
1712948400,1.0639,1.06443,1.06371,1.06413
1713128400,1.06319,1.06516,1.06293,1.06496
1713135600,1.06495,1.065,1.06431,1.06455
1713142800,1.06455,1.0655,1.06391,1.06506
1713150000,1.06506,1.06541,1.0647,1.06524
1713157200,1.06524,1.06649,1.06505,1.06546
1713164400,1.06543,1.06618,1.06499,1.06563
1713171600,1.06563,1.06625,1.06516,1.06576
1713178800,1.06576,1.06651,1.06309,1.06471
1713186000,1.06474,1.06607,1.06218,1.06269
1713193200,1.06268,1.06474,1.06226,1.0636
1713200400,1.06359,1.06395,1.0623,1.0625
1713207600,1.06251,1.06272,1.06202,1.0624
1713214800,1.06179,1.0628,1.06168,1.06269
1713222000,1.0627,1.06283,1.06179,1.06184
1713229200,1.06183,1.06193,1.06061,1.06098
1713236400,1.06098,1.06143,1.0607,1.06138
1713243600,1.06138,1.06204,1.06023,1.06103
1713250800,1.06102,1.06247,1.06102,1.06161
1713258000,1.0616,1.06349,1.06159,1.06262
1713265200,1.06262,1.06536,1.06258,1.06389
1713272400,1.06388,1.0645,1.06275,1.06318
1713279600,1.06318,1.06395,1.06188,1.0625
1713286800,1.06251,1.06349,1.06011,1.0631
1713294000,1.06309,1.06319,1.06166,1.06187
1713301200,1.06148,1.06198,1.06126,1.06196
1713308400,1.06197,1.06252,1.06171,1.06223
1713315600,1.06222,1.06356,1.06203,1.06341
1713322800,1.0634,1.06345,1.06244,1.06249
1713330000,1.06249,1.06377,1.0606,1.06347
1713337200,1.06346,1.06489,1.06241,1.06404
1713344400,1.06402,1.06487,1.06353,1.06394
1713351600,1.06393,1.06492,1.06315,1.06348
1713358800,1.06346,1.06528,1.063,1.06356
1713366000,1.06357,1.06564,1.06356,1.06499
1713373200,1.06498,1.06795,1.06479,1.06704
1713380400,1.06701,1.06736,1.06642,1.06726
1713387600,1.06709,1.06756,1.06675,1.06725
1713394800,1.06727,1.06738,1.06641,1.06698
1713402000,1.067,1.0679,1.06644,1.06779
1713409200,1.06778,1.06802,1.06754,1.06784
1713416400,1.06784,1.069,1.06749,1.06853
1713423600,1.06854,1.06881,1.06748,1.06785
1713430800,1.06786,1.06813,1.06698,1.06758
1713438000,1.06758,1.06797,1.06599,1.06627
1713445200,1.06628,1.06685,1.06463,1.06538
1713452400,1.06538,1.06648,1.06516,1.06533
1713459600,1.06533,1.06548,1.06419,1.0645
1713466800,1.06451,1.06482,1.06414,1.06435
1713474000,1.06422,1.06446,1.06404,1.06405
1713481200,1.06405,1.06445,1.0636,1.06387
1713488400,1.06386,1.06401,1.06105,1.06181
1713495600,1.06173,1.06432,1.06152,1.06348
1713502800,1.06347,1.06494,1.0627,1.06448
1713510000,1.06449,1.06593,1.0643,1.06456
1713517200,1.06457,1.06621,1.06452,1.06473
1713524400,1.06472,1.06737,1.0643,1.06654
1713531600,1.06652,1.06776,1.06587,1.06695
1713538800,1.06693,1.06718,1.06401,1.06535
1713546000,1.06534,1.06584,1.06465,1.06506
1713553200,1.06506,1.06576,1.06497,1.06572
1713733200,1.06523,1.06615,1.06435,1.06589
1713740400,1.06594,1.0665,1.06526,1.06533
1713747600,1.06532,1.06706,1.06532,1.06639
1713754800,1.0664,1.06686,1.06603,1.06654
1713762000,1.06658,1.06693,1.06605,1.06639
1713769200,1.06639,1.06678,1.06473,1.06568
1713776400,1.06567,1.0662,1.06474,1.06506
1713783600,1.06504,1.0651,1.06308,1.06397
1713790800,1.06397,1.06478,1.06239,1.06449
1713798000,1.06449,1.06508,1.06406,1.06488
1713805200,1.06487,1.06609,1.0648,1.06585
1713812400,1.06585,1.06585,1.06504,1.06538
1713819600,1.06516,1.06545,1.06498,1.06543
1713826800,1.06542,1.06593,1.06524,1.06586
1713834000,1.06586,1.06606,1.06535,1.06584
1713841200,1.06584,1.0659,1.06541,1.06551
1713848400,1.06548,1.06548,1.06385,1.06451
1713855600,1.06451,1.06952,1.06434,1.06707
1713862800,1.06706,1.06706,1.06532,1.06549
1713870000,1.0655,1.06781,1.06548,1.06719
1713877200,1.06719,1.07113,1.06601,1.06984
1713884400,1.06983,1.07034,1.069,1.07
1713891600,1.06999,1.07077,1.06993,1.07038
1713898800,1.07038,1.07055,1.07001,1.07021
1713906000,1.07017,1.07048,1.06988,1.07031
1713913200,1.07033,1.07107,1.06995,1.07096
1713920400,1.07096,1.07142,1.07076,1.071
1713927600,1.071,1.07109,1.07042,1.07052
1713934800,1.07051,1.07057,1.06921,1.06945
1713942000,1.06946,1.0696,1.06808,1.06834
1713949200,1.06833,1.06919,1.06833,1.06883
1713956400,1.06877,1.06931,1.06779,1.06868
1713963600,1.06867,1.07025,1.0684,1.0688
1713970800,1.06879,1.06912,1.0681,1.06907
1713978000,1.06906,1.06976,1.0687,1.06932
1713985200,1.06932,1.07065,1.06921,1.06989
1713992400,1.06927,1.07003,1.06887,1.06973
1713999600,1.06974,1.07047,1.06967,1.07033
1714006800,1.07034,1.07089,1.06969,1.07073
1714014000,1.07073,1.07099,1.07035,1.07091
1714021200,1.07091,1.07277,1.07076,1.07204
1714028400,1.07205,1.07288,1.07114,1.07258
1714035600,1.07257,1.07296,1.07212,1.07247
1714042800,1.07248,1.07404,1.06855,1.0692
1714050000,1.06925,1.07207,1.06783,1.07119
1714057200,1.07117,1.07351,1.07077,1.07311
1714064400,1.0731,1.07388,1.07229,1.07274
1714071600,1.07275,1.07347,1.07269,1.07296
1714078800,1.07251,1.07303,1.07227,1.0729
1714086000,1.07289,1.07302,1.07228,1.07273
1714093200,1.07273,1.07293,1.07185,1.07229
1714100400,1.07229,1.07253,1.07186,1.07223
1714107600,1.0722,1.07386,1.07215,1.07353
1714114800,1.07354,1.07528,1.07259,1.07408
1714122000,1.07408,1.07433,1.07262,1.07281
1714129200,1.07276,1.07415,1.07103,1.07164
1714136400,1.07165,1.07239,1.06762,1.068
1714143600,1.06799,1.06965,1.06739,1.06945
1714150800,1.06946,1.07057,1.0693,1.07056
1714158000,1.07055,1.07072,1.06908,1.0694
1714338000,1.06862,1.07037,1.06825,1.07019
1714345200,1.07018,1.07111,1.07004,1.07097
1714352400,1.07096,1.07199,1.07074,1.07174
1714359600,1.07175,1.07335,1.07144,1.07289
1714366800,1.07287,1.07336,1.07147,1.07153
1714374000,1.07152,1.07255,1.07011,1.07046
1714381200,1.07045,1.07196,1.06972,1.07174
1714388400,1.07174,1.07272,1.0702,1.07035
1714395600,1.07034,1.07134,1.06901,1.07129
1714402800,1.07129,1.0729,1.0712,1.07259
1714410000,1.0726,1.07296,1.07179,1.07245
1714417200,1.07246,1.07246,1.07151,1.07197
1714424400,1.07166,1.07223,1.07162,1.07172
1714431600,1.07173,1.07193,1.07101,1.0715
1714438800,1.07151,1.07178,1.0703,1.07066
1714446000,1.07066,1.07074,1.07023,1.07055
1714453200,1.07056,1.07068,1.06899,1.07048
1714460400,1.0705,1.07122,1.0693,1.07109
1714467600,1.07113,1.07354,1.07107,1.07281
1714474800,1.07281,1.07281,1.06896,1.07004
1714482000,1.07003,1.07196,1.0687,1.0691
1714489200,1.06914,1.0699,1.06759,1.06789
1714496400,1.0679,1.06831,1.06751,1.0678
1714503600,1.06781,1.06808,1.06648,1.06654
1714510800,1.06644,1.06727,1.06623,1.06675
1714518000,1.06676,1.06676,1.0658,1.06616
1714525200,1.06617,1.06632,1.06572,1.06588
1714532400,1.06587,1.06591,1.06549,1.06557
1714539600,1.06557,1.06584,1.06494,1.06517
1714546800,1.06516,1.06704,1.06516,1.06694
1714554000,1.06696,1.06733,1.06666,1.06689
1714561200,1.06688,1.06848,1.06671,1.06842
1714568400,1.0684,1.06919,1.06747,1.06831
1714575600,1.06832,1.06855,1.06706,1.06715
1714582800,1.06718,1.07327,1.06707,1.0728
1714590000,1.07282,1.07303,1.06867,1.07135
1714597200,1.0705,1.07203,1.06998,1.07162
1714604400,1.07163,1.07181,1.07095,1.07116
1714611600,1.07115,1.07209,1.07069,1.07187
1714618800,1.07188,1.07204,1.07126,1.07177
1714626000,1.07177,1.07274,1.07122,1.07175
1714633200,1.07173,1.07282,1.06999,1.07042
1714640400,1.07041,1.0709,1.06956,1.07039
1714647600,1.07041,1.07123,1.06935,1.07011
1714654800,1.07011,1.07032,1.06742,1.06882
1714662000,1.06882,1.07216,1.06857,1.07166
1714669200,1.07167,1.07301,1.07139,1.07301
1714676400,1.073,1.073,1.07233,1.07246
1714683600,1.07223,1.07296,1.07178,1.07289
1714690800,1.07289,1.07317,1.07244,1.07314
1714698000,1.07313,1.07394,1.07308,1.07333
1714705200,1.07332,1.07361,1.07313,1.07323
1714712400,1.07323,1.0738,1.07296,1.07299
1714719600,1.07299,1.07442,1.07244,1.07425
1714726800,1.07425,1.07478,1.07387,1.07432
1714734000,1.07432,1.08128,1.07425,1.07936
1714741200,1.07939,1.07982,1.07515,1.07658
1714748400,1.07659,1.07801,1.07616,1.07634
1714755600,1.07634,1.07682,1.07591,1.07674
1714762800,1.07673,1.07694,1.07631,1.07632
1714942800,1.07609,1.07645,1.07568,1.07625
1714950000,1.07626,1.07691,1.07552,1.07675
1714957200,1.07676,1.07717,1.07626,1.07652
1714964400,1.07653,1.07669,1.07622,1.07629
1714971600,1.07628,1.07653,1.07593,1.07625
1714978800,1.07625,1.07762,1.07576,1.07685
1714986000,1.07684,1.07732,1.07661,1.07721
1714993200,1.07722,1.07908,1.07689,1.07876
1715000400,1.07874,1.07887,1.07784,1.07802
1715007600,1.07801,1.07801,1.0771,1.07743
1715014800,1.07743,1.07766,1.0772,1.07746
1715022000,1.07745,1.07748,1.07663,1.077
1715029200,1.07644,1.07707,1.07595,1.07686
1715036400,1.07685,1.07763,1.07657,1.0775
1715043600,1.0775,1.07769,1.07607,1.07637
1715050800,1.07636,1.07696,1.0763,1.07658
1715058000,1.07659,1.07694,1.07542,1.07635
1715065200,1.07638,1.07697,1.07556,1.0764
1715072400,1.07639,1.07697,1.07552,1.07689
1715079600,1.07689,1.07793,1.07626,1.07754
1715086800,1.07757,1.07875,1.07728,1.07779
1715094000,1.07778,1.07828,1.0766,1.07704
1715101200,1.07706,1.07707,1.07479,1.07515
1715108400,1.07515,1.07578,1.07514,1.07548
1715115600,1.07522,1.07561,1.07507,1.07512
1715122800,1.07513,1.07543,1.07469,1.0748
1715130000,1.07481,1.07489,1.07379,1.07412
1715137200,1.07412,1.07437,1.07386,1.07413
1715144400,1.07412,1.07492,1.07386,1.07448
1715151600,1.07446,1.07462,1.0735,1.07442
1715158800,1.07442,1.07535,1.07442,1.07489
1715166000,1.07489,1.0754,1.07398,1.0749
1715173200,1.0749,1.07549,1.07461,1.07492
1715180400,1.07492,1.07575,1.07441,1.07458
1715187600,1.07459,1.0747,1.07409,1.07453
1715194800,1.07454,1.07484,1.07431,1.07479
1715202000,1.07428,1.07506,1.07426,1.0749
1715209200,1.07493,1.07496,1.07423,1.07432
1715216400,1.07432,1.07487,1.07422,1.07474
1715223600,1.07475,1.07517,1.07449,1.07452
1715230800,1.07453,1.07465,1.07361,1.07374
1715238000,1.07374,1.07414,1.0726,1.07281
1715245200,1.07282,1.07384,1.07261,1.07347
1715252400,1.07348,1.07624,1.07239,1.07593
1715259600,1.07588,1.07803,1.07506,1.07757
1715266800,1.07758,1.07818,1.07692,1.0776
1715274000,1.07758,1.07827,1.07735,1.07818
1715281200,1.07817,1.07846,1.07806,1.07815
1715288400,1.07795,1.07858,1.07723,1.07845
1715295600,1.07848,1.07854,1.07765,1.07792
1715302800,1.07793,1.07826,1.07731,1.07741
1715310000,1.07742,1.0777,1.07737,1.07739
1715317200,1.07739,1.07833,1.07715,1.07769
1715324400,1.07771,1.07868,1.07763,1.07808
1715331600,1.0781,1.07862,1.07754,1.07785
1715338800,1.07785,1.07813,1.07661,1.077
1715346000,1.07701,1.07901,1.07603,1.0764
1715353200,1.07639,1.07795,1.07625,1.07758
1715360400,1.07759,1.07775,1.07698,1.07737
1715367600,1.07737,1.07759,1.07684,1.07696
1715547600,1.07708,1.0773,1.0765,1.07729
1715554800,1.07731,1.07753,1.07681,1.07693
1715562000,1.07694,1.07733,1.07657,1.07713
1715569200,1.07713,1.07726,1.07691,1.07697
1715576400,1.07696,1.07759,1.07687,1.07702
1715583600,1.07702,1.07846,1.07691,1.07838
1715590800,1.07836,1.0789,1.07772,1.07817
1715598000,1.07817,1.07998,1.07811,1.07982
1715605200,1.07983,1.08069,1.07957,1.08039
1715612400,1.0804,1.08043,1.07893,1.07935
1715619600,1.07934,1.07941,1.07867,1.07896
1715626800,1.07896,1.07901,1.07866,1.07898
1715634000,1.07866,1.07909,1.07865,1.079
1715641200,1.07899,1.07937,1.07851,1.07876
1715648400,1.07874,1.07897,1.07843,1.07868
1715655600,1.07866,1.07889,1.07852,1.07855
1715662800,1.07853,1.07895,1.07828,1.07877
1715670000,1.07878,1.07891,1.07753,1.07836
1715677200,1.07836,1.07989,1.07835,1.07963
1715684400,1.07962,1.08107,1.07665,1.08031
1715691600,1.08031,1.08257,1.08007,1.08247
1715698800,1.08247,1.0825,1.08138,1.08169
1715706000,1.08169,1.08231,1.08155,1.08199
1715713200,1.082,1.08219,1.08177,1.08196
1715720400,1.08164,1.08195,1.08152,1.08167
1715727600,1.08167,1.08178,1.0813,1.08169
1715734800,1.0817,1.08267,1.08165,1.08253
1715742000,1.08255,1.08278,1.08205,1.08215
1715749200,1.08216,1.08308,1.08212,1.08304
1715756400,1.08306,1.08346,1.08245,1.08295
1715763600,1.08299,1.0832,1.08234,1.08245
1715770800,1.08246,1.08693,1.08218,1.08611
1715778000,1.08612,1.08659,1.08315,1.08573
1715785200,1.08575,1.08747,1.08556,1.08721
1715792400,1.08721,1.08806,1.08715,1.08783
1715799600,1.08783,1.08861,1.08776,1.08837
1715806800,1.08842,1.089,1.08774,1.08891
1715814000,1.08895,1.08951,1.08864,1.08937
1715821200,1.08935,1.0894,1.08813,1.08872
1715828400,1.08873,1.08893,1.0884,1.08848
1715835600,1.0885,1.08852,1.08745,1.08764
1715842800,1.08762,1.0882,1.08662,1.08733
1715850000,1.08734,1.0875,1.08664,1.08724
1715857200,1.08723,1.08749,1.08606,1.08633
1715864400,1.08633,1.08703,1.08543,1.08703
1715871600,1.08704,1.08758,1.08666,1.08734
1715878800,1.08735,1.08756,1.08657,1.08708
1715886000,1.08709,1.08709,1.08646,1.0867
1715893200,1.08634,1.08692,1.08621,1.08678
1715900400,1.08679,1.08688,1.08598,1.08629
1715907600,1.08628,1.08638,1.08543,1.08571
1715914800,1.08573,1.08616,1.08554,1.0856
1715922000,1.08561,1.08668,1.08555,1.08626
1715929200,1.08627,1.08684,1.08415,1.08443
1715936400,1.08443,1.08468,1.0836,1.08383
1715943600,1.08383,1.08458,1.08357,1.0843
1715950800,1.08431,1.08772,1.08429,1.08762
1715958000,1.08763,1.08785,1.0865,1.08685
1715965200,1.08686,1.08767,1.08682,1.08757
1715972400,1.08756,1.08763,1.08689,1.08702
1716152400,1.08658,1.08731,1.0863,1.08706
1716159600,1.08707,1.08773,1.08689,1.08752
1716166800,1.08751,1.08766,1.08715,1.08741
1716174000,1.0874,1.08823,1.08727,1.08808
1716181200,1.08809,1.08846,1.08777,1.08782
1716188400,1.0878,1.08809,1.08694,1.08746
1716195600,1.08744,1.08751,1.08664,1.08707
1716202800,1.08707,1.08717,1.08543,1.08576
1716210000,1.08575,1.08699,1.08574,1.0865
1716217200,1.0865,1.08662,1.08579,1.08659
1716224400,1.08659,1.08707,1.08611,1.0865
1716231600,1.08649,1.0865,1.08565,1.08566
1716238800,1.08556,1.08595,1.08546,1.08588
1716246000,1.08587,1.08618,1.08564,1.08614
1716253200,1.08613,1.08614,1.08508,1.08555
1716260400,1.08554,1.086,1.08536,1.08587
1716267600,1.0859,1.08636,1.08565,1.08613
1716274800,1.08614,1.08695,1.08592,1.08665
1716282000,1.08668,1.08747,1.08657,1.08666
1716289200,1.08666,1.08706,1.08546,1.08567
1716296400,1.08569,1.08618,1.08426,1.08594
1716303600,1.08593,1.08612,1.08518,1.08539
1716310800,1.08539,1.08555,1.08462,1.08518
1716318000,1.08519,1.08564,1.08506,1.08537
1716325200,1.0854,1.08575,1.08519,1.0857
1716332400,1.08573,1.08598,1.08537,1.08574
1716339600,1.0857,1.08635,1.08552,1.0859
1716346800,1.08589,1.08592,1.08525,1.08535
1716354000,1.08534,1.08634,1.08521,1.08614
1716361200,1.08615,1.08636,1.08462,1.08486
1716368400,1.08486,1.085,1.08367,1.08376
1716375600,1.08376,1.08384,1.08217,1.0832
1716382800,1.08319,1.0841,1.08316,1.08335
1716390000,1.08336,1.08443,1.08331,1.08425
1716397200,1.08424,1.08471,1.08176,1.08214
1716404400,1.08213,1.08235,1.08175,1.0822
1716411600,1.08209,1.0826,1.08203,1.08253
1716418800,1.08253,1.08289,1.0824,1.08255
1716426000,1.08257,1.08302,1.08219,1.08284
1716433200,1.08285,1.08323,1.08266,1.08267
1716440400,1.08265,1.08283,1.08213,1.0827
1716447600,1.08269,1.08449,1.08123,1.08386
1716454800,1.08385,1.08484,1.08336,1.08452
1716462000,1.08451,1.08544,1.08429,1.08527
1716469200,1.08528,1.0861,1.08234,1.08246
1716476400,1.08246,1.08311,1.0818,1.08183
1716483600,1.08184,1.08202,1.08047,1.08054
1716490800,1.08052,1.08157,1.08047,1.08155
1716498000,1.08115,1.0815,1.08094,1.08135
1716505200,1.08135,1.0815,1.08074,1.08101
1716512400,1.081,1.08139,1.0807,1.08088
1716519600,1.08086,1.08104,1.08055,1.08092
1716526800,1.08091,1.0818,1.08076,1.08128
1716534000,1.08129,1.08283,1.08128,1.08247
1716541200,1.08248,1.08443,1.08236,1.08403
1716548400,1.08402,1.08539,1.08344,1.08511
1716555600,1.08512,1.08535,1.0842,1.08461
1716562800,1.08461,1.08578,1.08456,1.08471
1716570000,1.08469,1.08534,1.08459,1.08497
1716577200,1.08492,1.08501,1.08458,1.0846
1716757200,1.08403,1.08514,1.08402,1.08505
1716764400,1.08503,1.08505,1.08461,1.08486
1716771600,1.08485,1.08521,1.08481,1.08499
1716778800,1.08499,1.08506,1.08472,1.08485
1716786000,1.08484,1.08518,1.08441,1.08511
1716793200,1.0851,1.08535,1.0845,1.08494
1716800400,1.08494,1.08673,1.08488,1.08629
1716807600,1.08627,1.08642,1.08407,1.08491
1716814800,1.08492,1.08597,1.08444,1.08584
1716822000,1.08585,1.08619,1.08561,1.08598
1716829200,1.08599,1.08607,1.08571,1.08574
1716836400,1.08573,1.08606,1.08562,1.08566
1716843600,1.08572,1.08607,1.08486,1.08597
1716850800,1.08598,1.08684,1.08588,1.08649
1716858000,1.08645,1.08768,1.08642,1.08758
1716865200,1.08759,1.08801,1.08737,1.0876
1716872400,1.08762,1.08801,1.08726,1.08753
1716879600,1.08754,1.08797,1.0867,1.08701
1716886800,1.08702,1.08797,1.08672,1.08783
1716894000,1.08782,1.0889,1.08747,1.08765
1716901200,1.08764,1.08802,1.08579,1.08749
1716908400,1.0875,1.08796,1.08706,1.08748
1716915600,1.08747,1.08758,1.0855,1.08584
1716922800,1.08585,1.0862,1.08557,1.08565
1716930000,1.08579,1.08595,1.08543,1.08567
1716937200,1.08568,1.0857,1.08477,1.08512
1716944400,1.0851,1.08571,1.08459,1.08463
1716951600,1.08462,1.08485,1.08439,1.08476
1716958800,1.08477,1.08557,1.08442,1.08522
1716966000,1.08521,1.08588,1.08292,1.08372
1716973200,1.08371,1.08563,1.08367,1.08467
1716980400,1.08468,1.08586,1.08354,1.08462
1716987600,1.08462,1.0847,1.08112,1.08146
1716994800,1.08145,1.08174,1.08074,1.08156
1717002000,1.08155,1.0816,1.08048,1.0806
1717009200,1.08059,1.08062,1.08,1.08006
1717016400,1.08014,1.08041,1.07999,1.08008
1717023600,1.0801,1.08024,1.07953,1.07964
1717030800,1.07965,1.08045,1.07937,1.07975
1717038000,1.07976,1.07989,1.07919,1.07959
1717045200,1.07958,1.07966,1.0788,1.07956
1717052400,1.07955,1.08186,1.07929,1.08149
1717059600,1.08149,1.08199,1.08083,1.08174
1717066800,1.08175,1.08328,1.08129,1.08291
1717074000,1.08292,1.08444,1.08253,1.08408
1717081200,1.08409,1.08451,1.08357,1.08401
1717088400,1.084,1.08433,1.08352,1.08368
1717095600,1.08368,1.08368,1.08269,1.0832
1717102800,1.08262,1.08341,1.08245,1.08335
1717110000,1.08334,1.08337,1.08293,1.08321
1717117200,1.08321,1.08336,1.08113,1.08114
1717124400,1.08113,1.082,1.08111,1.08183
1717131600,1.08183,1.08255,1.08145,1.08241
1717138800,1.08241,1.08387,1.08166,1.08342
1717146000,1.08342,1.08515,1.08341,1.08496
1717153200,1.08496,1.08824,1.08483,1.08803
1717160400,1.088,1.08807,1.08512,1.08556
1717167600,1.08557,1.0859,1.08397,1.08474
1717174800,1.08473,1.08528,1.0841,1.08425
1717182000,1.08425,1.08521,1.08405,1.08495
1717362000,1.08434,1.08544,1.08415,1.08512
1717369200,1.08513,1.08575,1.08502,1.08564
1717376400,1.08563,1.08588,1.08519,1.08539
1717383600,1.0854,1.0857,1.08492,1.08519
1717390800,1.08518,1.08586,1.08465,1.08563
1717398000,1.08562,1.08588,1.08334,1.08401
1717405200,1.08402,1.08412,1.08277,1.08371
1717412400,1.08372,1.08499,1.0837,1.08443
1717419600,1.08444,1.08825,1.08444,1.08701
1717426800,1.087,1.08905,1.08694,1.08852
1717434000,1.08849,1.08977,1.08813,1.08972
1717441200,1.08973,1.09044,1.0896,1.09039
1717448400,1.09016,1.09098,1.08986,1.09072
1717455600,1.09073,1.0916,1.09063,1.0913
1717462800,1.09129,1.09138,1.09052,1.09077
1717470000,1.09077,1.09099,1.09067,1.09093
1717477200,1.09092,1.09108,1.08963,1.08971
1717484400,1.0897,1.08986,1.0874,1.08808
1717491600,1.08808,1.0882,1.0863,1.08664
1717498800,1.08664,1.08707,1.08589,1.08646
1717506000,1.08646,1.08821,1.08616,1.08803
1717513200,1.08803,1.08836,1.08749,1.08803
1717520400,1.08802,1.08877,1.08781,1.08822
1717527600,1.08822,1.08827,1.08782,1.08789
1717534800,1.08785,1.08805,1.08776,1.08796
1717542000,1.08797,1.08863,1.08784,1.08843
1717549200,1.08841,1.08861,1.08806,1.08833
1717556400,1.08833,1.08837,1.08765,1.08803
1717563600,1.08804,1.08823,1.08721,1.08758
1717570800,1.08757,1.08795,1.08699,1.08758
1717578000,1.08755,1.08774,1.08647,1.08686
1717585200,1.08683,1.08843,1.08599,1.0884
1717592400,1.08839,1.08914,1.08619,1.08663
1717599600,1.08662,1.08707,1.08544,1.08644
1717606800,1.08644,1.08773,1.08606,1.08756
1717614000,1.08755,1.08766,1.08679,1.0869
1717621200,1.08697,1.08731,1.08672,1.08729
1717628400,1.08728,1.08823,1.08728,1.0882
1717635600,1.08819,1.08959,1.08819,1.08919
1717642800,1.08919,1.08937,1.08865,1.08873
1717650000,1.08872,1.08875,1.08768,1.0884
1717657200,1.08839,1.08883,1.08711,1.08774
1717664400,1.08769,1.08821,1.08752,1.08763
1717671600,1.08766,1.0902,1.08619,1.08816
1717678800,1.08814,1.08913,1.08718,1.0878
1717686000,1.08779,1.08878,1.08775,1.08819
1717693200,1.08819,1.08943,1.0881,1.08929
1717700400,1.0893,1.08944,1.08882,1.08893
1717707600,1.08887,1.08933,1.08875,1.0892
1717714800,1.08922,1.08929,1.08867,1.08894
1717722000,1.08895,1.08979,1.08871,1.08969
1717729200,1.08969,1.08979,1.08936,1.08954
1717736400,1.08955,1.08966,1.08878,1.08922
1717743600,1.08923,1.08985,1.08831,1.0889
1717750800,1.08889,1.08964,1.0888,1.08888
1717758000,1.08887,1.09019,1.0824,1.08333
1717765200,1.08332,1.08357,1.08103,1.08125
1717772400,1.08123,1.0813,1.08032,1.08052
1717779600,1.08051,1.08069,1.08008,1.08057
1717786800,1.08057,1.08072,1.07994,1.0802
1717966800,1.07717,1.07782,1.07615,1.07773
1717974000,1.07775,1.07817,1.07738,1.0778
1717981200,1.0778,1.07801,1.07667,1.07677
1717988400,1.07676,1.07684,1.0748,1.07543
1717995600,1.07544,1.07588,1.07479,1.07519
1718002800,1.07518,1.07682,1.07478,1.07566
1718010000,1.07567,1.07592,1.07327,1.07369
1718017200,1.07369,1.07605,1.07369,1.07414
1718024400,1.07413,1.07492,1.07336,1.07337
1718031600,1.07338,1.07588,1.07331,1.07542
1718038800,1.0754,1.07623,1.07503,1.07617
1718046000,1.07616,1.07665,1.0761,1.07656
1718053200,1.07628,1.07681,1.07569,1.07654
1718060400,1.07653,1.07655,1.07611,1.07637
1718067600,1.07638,1.0769,1.07623,1.07679
1718074800,1.07678,1.07707,1.07666,1.07685
1718082000,1.07684,1.07735,1.07642,1.07682
1718089200,1.07681,1.07695,1.07435,1.07453
1718096400,1.07454,1.07565,1.07363,1.07408
1718103600,1.0741,1.07415,1.07238,1.07324
1718110800,1.07323,1.07368,1.07194,1.07225
1718118000,1.07224,1.07389,1.07219,1.07374
1718125200,1.07373,1.07453,1.07367,1.07436
1718132400,1.07435,1.07494,1.0739,1.07404
1718139600,1.0735,1.07428,1.07341,1.07409
1718146800,1.07411,1.07415,1.07348,1.07362
1718154000,1.07361,1.07427,1.07345,1.07419
1718161200,1.0742,1.07433,1.07364,1.07368
1718168400,1.07367,1.07471,1.0736,1.07415
1718175600,1.07415,1.0754,1.07356,1.07466
1718182800,1.07467,1.07602,1.07441,1.07588
1718190000,1.07587,1.08301,1.07573,1.08265
1718197200,1.08266,1.08497,1.08176,1.08479
1718204400,1.0848,1.08524,1.08414,1.08442
1718211600,1.08441,1.08459,1.08076,1.08118
1718218800,1.08117,1.08182,1.08036,1.0809
1718226000,1.08061,1.08148,1.08045,1.0811
1718233200,1.08109,1.08157,1.08105,1.08129
1718240400,1.08129,1.08158,1.08038,1.0808
1718247600,1.08081,1.08093,1.08031,1.0804
1718254800,1.08039,1.08072,1.08003,1.08022
1718262000,1.08021,1.08164,1.08021,1.08063
1718269200,1.08061,1.08115,1.07932,1.07943
1718276400,1.07942,1.08163,1.07805,1.07938
1718283600,1.07938,1.08078,1.0763,1.07715
1718290800,1.07714,1.07723,1.07328,1.07352
1718298000,1.07351,1.07439,1.07351,1.07394
1718305200,1.07392,1.07434,1.07375,1.07381
1718312400,1.07353,1.07401,1.07332,1.07387
1718319600,1.07386,1.0741,1.07362,1.07363
1718326800,1.07364,1.07437,1.07353,1.0743
1718334000,1.07429,1.0745,1.07349,1.07364
1718341200,1.07362,1.07373,1.07156,1.0725
1718348400,1.07248,1.07272,1.06896,1.06917
1718355600,1.06918,1.0699,1.06717,1.06979
1718362800,1.06978,1.07059,1.06791,1.06893
1718370000,1.06894,1.06924,1.06676,1.06871
1718377200,1.0687,1.07019,1.06835,1.07005
1718384400,1.07006,1.07046,1.06945,1.06996
1718391600,1.06997,1.07074,1.06988,1.07056
1718571600,1.0697,1.07091,1.0697,1.07066
1718578800,1.07066,1.07075,1.07005,1.0704
1718586000,1.07039,1.07048,1.06988,1.07041
1718593200,1.07041,1.07055,1.07017,1.07042
1718600400,1.07042,1.07052,1.06864,1.06975
1718607600,1.06976,1.07124,1.06922,1.07071
1718614800,1.07072,1.07147,1.07021,1.07101
1718622000,1.07102,1.07179,1.0707,1.07138
1718629200,1.07137,1.07209,1.07115,1.0716
1718636400,1.07159,1.07278,1.07152,1.07252
1718643600,1.07252,1.07378,1.07233,1.07363
1718650800,1.07364,1.07364,1.07302,1.07337
1718658000,1.07334,1.07401,1.07294,1.07377
1718665200,1.07377,1.0741,1.07346,1.07361
1718672400,1.07361,1.07369,1.07243,1.07244
1718679600,1.07243,1.07264,1.07202,1.07216
1718686800,1.07216,1.07338,1.07183,1.07329
1718694000,1.07331,1.07352,1.07149,1.07195
1718701200,1.07194,1.07257,1.07153,1.07178
1718708400,1.07179,1.07341,1.07099,1.0731
1718715600,1.07311,1.07615,1.07299,1.07383
1718722800,1.07385,1.07426,1.07342,1.07394
1718730000,1.07393,1.07433,1.07321,1.07399
1718737200,1.07398,1.07409,1.07362,1.07396
1718744400,1.07388,1.07411,1.07359,1.07408
1718751600,1.07406,1.07411,1.07366,1.07375
1718758800,1.07374,1.07424,1.07353,1.07386
1718766000,1.07387,1.07405,1.07352,1.07357
1718773200,1.07358,1.07415,1.07276,1.07312
1718780400,1.07313,1.07418,1.07248,1.07404
1718787600,1.07402,1.07521,1.07325,1.07497
1718794800,1.075,1.07534,1.07425,1.07459
1718802000,1.07462,1.07509,1.07408,1.07482
1718809200,1.07481,1.07495,1.07412,1.0747
1718816400,1.0747,1.07473,1.07424,1.07433
1718823600,1.07432,1.07457,1.07427,1.07433
1718830800,1.07409,1.07467,1.07398,1.07457
1718838000,1.07458,1.07488,1.07449,1.07462
1718845200,1.07463,1.07481,1.07387,1.07395
1718852400,1.07396,1.07449,1.0739,1.07427
1718859600,1.07426,1.07436,1.07304,1.07327
1718866800,1.07324,1.07363,1.07126,1.07168
1718874000,1.07169,1.07317,1.07142,1.07284
1718881200,1.07288,1.07322,1.07129,1.07193
1718888400,1.07191,1.07307,1.07166,1.07218
1718895600,1.07217,1.07226,1.07034,1.07071
1718902800,1.07071,1.07178,1.07039,1.07104
1718910000,1.07103,1.07111,1.07019,1.07024
1718917200,1.07016,1.07042,1.07002,1.07024
1718924400,1.07022,1.07076,1.0702,1.07067
1718931600,1.07064,1.07177,1.0705,1.07169
1718938800,1.07166,1.07187,1.07135,1.07184
1718946000,1.07185,1.07206,1.07084,1.071
1718953200,1.07099,1.07103,1.06709,1.06909
1718960400,1.0691,1.06982,1.06766,1.06809
1718967600,1.0681,1.06952,1.06796,1.06947
1718974800,1.06946,1.06978,1.06779,1.06815
1718982000,1.06814,1.0696,1.06805,1.06923
1718989200,1.06921,1.06968,1.06906,1.06948
1718996400,1.06946,1.06968,1.0691,1.0693
1719176400,1.06834,1.06939,1.06791,1.06939
1719183600,1.0694,1.06956,1.06849,1.06919
1719190800,1.06917,1.06935,1.06837,1.06893
1719198000,1.06892,1.06946,1.06891,1.06946
1719205200,1.06945,1.07072,1.06944,1.07033
1719212400,1.07032,1.07179,1.07023,1.07134
1719219600,1.07133,1.07309,1.0713,1.07301
1719226800,1.073,1.07359,1.07263,1.07346
1719234000,1.07346,1.07464,1.07271,1.07299
1719241200,1.07301,1.07332,1.07234,1.07278
1719248400,1.07278,1.07377,1.0722,1.07356
1719255600,1.07355,1.07383,1.07335,1.0734
1719262800,1.07295,1.07345,1.07244,1.07329
1719270000,1.07327,1.07357,1.07308,1.07342
1719277200,1.07341,1.07371,1.07322,1.07369
1719284400,1.0737,1.07402,1.07358,1.07395
1719291600,1.07396,1.07442,1.07313,1.07319
1719298800,1.07318,1.07358,1.07208,1.07342
1719306000,1.0734,1.07353,1.07212,1.07233
1719313200,1.07234,1.07244,1.07021,1.0705
1719320400,1.07051,1.07131,1.06906,1.07007
1719327600,1.07006,1.07095,1.07004,1.07046
1719334800,1.07047,1.07174,1.07043,1.0716
1719342000,1.07158,1.07176,1.07111,1.0714
1719349200,1.07094,1.07152,1.07026,1.07124
1719356400,1.07123,1.07125,1.07062,1.07114
1719363600,1.07114,1.07181,1.07087,1.071
1719370800,1.07099,1.07126,1.07074,1.07105
1719378000,1.07105,1.07113,1.06937,1.06947
1719385200,1.06948,1.06999,1.06853,1.06948
1719392400,1.06948,1.06995,1.0682,1.06849
1719399600,1.06848,1.06947,1.06769,1.06772
1719406800,1.06772,1.06959,1.06659,1.06801
1719414000,1.068,1.06877,1.06744,1.06822
1719421200,1.0682,1.06909,1.06782,1.068
1719428400,1.06799,1.06817,1.06751,1.06801
1719435600,1.06793,1.06821,1.06771,1.06806
1719442800,1.06806,1.06819,1.0677,1.06782
1719450000,1.06783,1.06916,1.06777,1.06893
1719457200,1.06894,1.06948,1.06881,1.06944
1719464400,1.06942,1.0699,1.06909,1.0693
1719471600,1.06929,1.0698,1.06804,1.0688
1719478800,1.06879,1.07045,1.06872,1.07037
1719486000,1.07038,1.07222,1.06926,1.07194
1719493200,1.07195,1.07265,1.07077,1.07125
1719500400,1.07126,1.07132,1.07002,1.07067
1719507600,1.07067,1.07085,1.0702,1.07055
1719514800,1.07056,1.07073,1.07012,1.07036
1719522000,1.07047,1.07055,1.0701,1.07039
1719529200,1.0704,1.07109,1.06974,1.06976
1719536400,1.06975,1.0699,1.06854,1.0694
1719543600,1.06941,1.0695,1.06856,1.06868
1719550800,1.06868,1.06983,1.06862,1.0697
1719558000,1.06971,1.0704,1.06916,1.06978
1719565200,1.06979,1.07103,1.06935,1.07094
1719572400,1.07094,1.07195,1.06919,1.07047
1719579600,1.07046,1.07222,1.06926,1.07185
1719586800,1.07184,1.07217,1.07095,1.0716
1719594000,1.07159,1.07248,1.0711,1.07118
1719601200,1.07117,1.07137,1.07061,1.07129
1719781200,1.07393,1.07436,1.07323,1.07369
1719788400,1.07372,1.07497,1.07338,1.07457
1719795600,1.07457,1.07616,1.07428,1.0755
1719802800,1.07549,1.07587,1.07515,1.07548
1719810000,1.07549,1.07764,1.07541,1.07699
1719817200,1.077,1.07726,1.07495,1.07684
1719824400,1.07681,1.07687,1.07473,1.07487
1719831600,1.07487,1.07523,1.07397,1.07482
1719838800,1.07484,1.07687,1.07285,1.07301
1719846000,1.07302,1.07333,1.07197,1.07312
1719853200,1.07313,1.07336,1.07242,1.07296
1719860400,1.07296,1.07426,1.07294,1.07399
1719867600,1.07398,1.07405,1.07342,1.07373
1719874800,1.07372,1.07385,1.07328,1.07347
1719882000,1.07348,1.07365,1.07319,1.07351
1719889200,1.07352,1.07356,1.07282,1.07297
1719896400,1.07294,1.07358,1.0725,1.0725
1719903600,1.07251,1.07282,1.0712,1.07207
1719910800,1.07207,1.07227,1.07099,1.07173
1719918000,1.07174,1.07337,1.07149,1.07318
1719925200,1.07317,1.0747,1.07242,1.07433
1719932400,1.07432,1.07446,1.07305,1.07321
1719939600,1.0732,1.07429,1.07316,1.07422
1719946800,1.0742,1.07471,1.07416,1.07453
1719954000,1.07422,1.07491,1.07406,1.07489
1719961200,1.07489,1.07544,1.07468,1.0748
1719968400,1.0748,1.0748,1.07404,1.07439
1719975600,1.07434,1.07453,1.0742,1.07425
1719982800,1.07424,1.07482,1.07363,1.0747
1719990000,1.07471,1.07636,1.07469,1.07582
1719997200,1.07581,1.07629,1.07525,1.07584
1720004400,1.07585,1.07785,1.07548,1.07747
1720011600,1.07746,1.08169,1.07719,1.08059
1720018800,1.08058,1.08092,1.0792,1.07958
1720026000,1.07958,1.07959,1.07781,1.07802
1720033200,1.07802,1.07886,1.07798,1.07868
1720040400,1.0784,1.07902,1.07807,1.07896
1720047600,1.07896,1.07938,1.07882,1.07924
1720054800,1.07925,1.0795,1.07863,1.07863
1720062000,1.07864,1.07875,1.07835,1.07865
1720069200,1.07865,1.07935,1.07848,1.07924
1720076400,1.07925,1.08031,1.07889,1.08019
1720083600,1.08018,1.08032,1.07939,1.0801
1720090800,1.08009,1.08023,1.0796,1.07972
1720098000,1.07969,1.08093,1.07947,1.08083
1720105200,1.08084,1.08139,1.0807,1.08122
1720112400,1.08121,1.08129,1.08107,1.08119
1720119600,1.08122,1.08137,1.0811,1.08111
1720126800,1.08108,1.08138,1.08096,1.08116
1720134000,1.08116,1.0818,1.08092,1.08149
1720141200,1.08148,1.08181,1.08139,1.0818
1720148400,1.08179,1.08246,1.08177,1.08218
1720155600,1.08221,1.0826,1.08188,1.08192
1720162800,1.08193,1.08307,1.08164,1.0828
1720170000,1.08278,1.0832,1.08221,1.08247
1720177200,1.08248,1.08422,1.0796,1.08297
1720184400,1.08295,1.08342,1.08107,1.08242
1720191600,1.08241,1.08309,1.08191,1.08256
1720198800,1.08256,1.08375,1.08248,1.08371
1720206000,1.08369,1.08427,1.08365,1.08391
1720386000,1.07998,1.08332,1.07998,1.08246
1720393200,1.08245,1.08295,1.0819,1.08217
1720400400,1.08215,1.08301,1.08198,1.08261
1720407600,1.0826,1.08363,1.08204,1.08287
1720414800,1.08288,1.08301,1.08147,1.08218
1720422000,1.08217,1.0843,1.08208,1.08385
1720429200,1.08384,1.08419,1.08237,1.08297
1720436400,1.08298,1.08446,1.08267,1.08438
1720443600,1.08436,1.08451,1.08321,1.08347
1720450800,1.08347,1.08362,1.08285,1.08325
1720458000,1.08323,1.08337,1.08234,1.0826
1720465200,1.08259,1.08266,1.08223,1.08245
1720472400,1.08231,1.08259,1.08223,1.08257
1720479600,1.08258,1.08334,1.08257,1.08271
1720486800,1.0827,1.08297,1.08192,1.08264
1720494000,1.08264,1.08313,1.08258,1.08296
1720501200,1.08295,1.08308,1.08239,1.08248
1720508400,1.08247,1.08299,1.08152,1.08226
1720515600,1.08225,1.08285,1.08187,1.08221
1720522800,1.08222,1.08241,1.08121,1.08157
1720530000,1.08159,1.08282,1.08095,1.08156
1720537200,1.08157,1.08194,1.08055,1.08099
1720544400,1.081,1.08141,1.08064,1.08135
1720551600,1.08134,1.08166,1.08108,1.08137
1720558800,1.08128,1.08153,1.08116,1.08145
1720566000,1.08145,1.08168,1.08111,1.08122
1720573200,1.08121,1.0817,1.08109,1.08169
1720580400,1.08168,1.08211,1.08164,1.08186
1720587600,1.08185,1.08235,1.08147,1.08221
1720594800,1.0822,1.0825,1.08119,1.08154
1720602000,1.08155,1.08252,1.08135,1.08217
1720609200,1.08216,1.08283,1.08198,1.08271
1720616400,1.0827,1.0829,1.08199,1.08233
1720623600,1.08232,1.08277,1.08209,1.0827
1720630800,1.08269,1.08286,1.08172,1.08251
1720638000,1.0825,1.08305,1.08236,1.08301
1720645200,1.08298,1.08333,1.08254,1.08328
1720652400,1.08329,1.08368,1.0831,1.08353
1720659600,1.08352,1.08401,1.08325,1.08372
1720666800,1.08371,1.08388,1.08355,1.08365
1720674000,1.08364,1.08398,1.08323,1.0834
1720681200,1.08341,1.08479,1.08324,1.08474
1720688400,1.08472,1.08527,1.08431,1.08488
1720695600,1.08488,1.08998,1.08443,1.08868
1720702800,1.08867,1.08991,1.08686,1.08784
1720710000,1.08785,1.08808,1.0864,1.0867
1720717200,1.08669,1.08691,1.08598,1.0868
1720724400,1.08681,1.087,1.08641,1.08678
1720731600,1.08658,1.08683,1.08638,1.08663
1720738800,1.08664,1.08746,1.08649,1.08698
1720746000,1.08698,1.08722,1.08633,1.08659
1720753200,1.08658,1.0871,1.08646,1.08698
1720760400,1.08699,1.08725,1.08632,1.0865
1720767600,1.08651,1.08873,1.08618,1.08867
1720774800,1.08866,1.08919,1.08814,1.089
1720782000,1.08899,1.0893,1.08724,1.08905
1720789200,1.08906,1.09094,1.08868,1.09092
1720796400,1.0909,1.09109,1.09004,1.09047
1720803600,1.09046,1.09075,1.09009,1.0906
1720810800,1.09061,1.09114,1.0904,1.09049
1720990800,1.08843,1.08927,1.08826,1.0887
1720998000,1.08872,1.0889,1.08832,1.08883
1721005200,1.08883,1.08919,1.0886,1.08917
1721012400,1.08918,1.08958,1.08907,1.08936
1721019600,1.08937,1.08961,1.08862,1.08894
1721026800,1.08895,1.09093,1.08838,1.09083
1721034000,1.09084,1.09204,1.09048,1.09099
1721041200,1.09098,1.0915,1.0902,1.09073
1721048400,1.09074,1.09178,1.09067,1.09171
1721055600,1.09172,1.09224,1.08999,1.09063
1721062800,1.09064,1.09064,1.08932,1.09013
1721070000,1.09014,1.09014,1.08943,1.08944
1721077200,1.08932,1.08977,1.08912,1.08944
1721084400,1.08943,1.08988,1.0891,1.08913
1721091600,1.08913,1.08937,1.08887,1.08909
1721098800,1.0891,1.08947,1.08909,1.08924
1721106000,1.08923,1.08926,1.08836,1.08887
1721113200,1.08886,1.09028,1.08885,1.09003
1721120400,1.09002,1.09042,1.08937,1.08989
1721127600,1.0899,1.09056,1.08756,1.08806
1721134800,1.08807,1.08849,1.08716,1.08786
1721142000,1.08787,1.08892,1.08784,1.08887
1721149200,1.08888,1.08974,1.08876,1.0896
1721156400,1.08958,1.09029,1.08953,1.08986
1721163600,1.08986,1.09022,1.08976,1.09022
1721170800,1.0902,1.0903,1.08957,1.08976
1721178000,1.08977,1.0907,1.08954,1.09042
1721185200,1.09043,1.09069,1.09004,1.09029
1721192400,1.09031,1.0907,1.08975,1.08976
1721199600,1.08977,1.09439,1.08952,1.09419
1721206800,1.09419,1.0945,1.09301,1.09308
1721214000,1.09307,1.09441,1.09289,1.09425
1721221200,1.09424,1.09481,1.09316,1.09325
1721228400,1.09323,1.09362,1.09237,1.09296
1721235600,1.09297,1.09395,1.09282,1.09369
1721242800,1.09367,1.094,1.09347,1.09396
1721250000,1.09387,1.09398,1.09367,1.09397
1721257200,1.09397,1.09411,1.09366,1.09371
1721264400,1.0937,1.09392,1.09321,1.09351
1721271600,1.09352,1.09366,1.09316,1.09336
1721278800,1.09336,1.09383,1.09275,1.0931
1721286000,1.09311,1.09388,1.09261,1.09308
1721293200,1.09307,1.09363,1.09271,1.09331
1721300400,1.09329,1.0937,1.09237,1.09284
1721307600,1.09285,1.09291,1.09049,1.09148
1721314800,1.09143,1.09184,1.09049,1.09161
1721322000,1.0916,1.09165,1.08957,1.0899
1721329200,1.0899,1.09,1.08936,1.08959
1721336400,1.08951,1.09001,1.08946,1.08976
1721343600,1.08977,1.09018,1.08907,1.0892
1721350800,1.08921,1.08948,1.08863,1.0892
1721358000,1.08918,1.08923,1.0886,1.08871
1721365200,1.08874,1.08904,1.08827,1.08851
1721372400,1.0885,1.08906,1.08761,1.0879
1721379600,1.08788,1.08864,1.08769,1.08841
1721386800,1.0884,1.08941,1.08829,1.08889
1721394000,1.08891,1.08901,1.08793,1.08898
1721401200,1.08897,1.08912,1.08835,1.0885
1721408400,1.08849,1.08855,1.08756,1.08788
1721415600,1.08788,1.08831,1.08769,1.08818
1721595600,1.08835,1.09,1.08806,1.08999
1721602800,1.08998,1.09027,1.08924,1.08939
1721610000,1.08938,1.08954,1.08842,1.08927
1721617200,1.08928,1.08939,1.08869,1.08873
1721624400,1.08874,1.08902,1.08787,1.08811
1721631600,1.0881,1.08924,1.08804,1.08881
1721638800,1.0888,1.08953,1.08853,1.08895
1721646000,1.08894,1.08912,1.08751,1.08781
1721653200,1.0878,1.08862,1.0873,1.08845
1721660400,1.08846,1.08868,1.08766,1.08863
1721667600,1.08864,1.08918,1.08863,1.08895
1721674800,1.08896,1.08913,1.08857,1.08905
1721682000,1.08903,1.0893,1.08826,1.08909
1721689200,1.0891,1.08925,1.0887,1.08897
1721696400,1.08897,1.0894,1.08875,1.08921
1721703600,1.08922,1.08967,1.08903,1.08908
1721710800,1.08911,1.08913,1.08792,1.0885
1721718000,1.0885,1.08887,1.08681,1.08778
1721725200,1.08779,1.08783,1.08564,1.08615
1721732400,1.08613,1.08684,1.08548,1.0856
1721739600,1.08559,1.08563,1.08438,1.08448
1721746800,1.08447,1.08579,1.08447,1.08535
1721754000,1.08534,1.08566,1.085,1.08522
1721761200,1.08521,1.08566,1.08492,1.08529
1721768400,1.08534,1.08543,1.0849,1.08509
1721775600,1.0851,1.08521,1.08456,1.08468
1721782800,1.08467,1.08503,1.08417,1.08429
1721790000,1.08429,1.08477,1.08426,1.08469
1721797200,1.08469,1.08532,1.08424,1.08432
1721804400,1.08428,1.08539,1.08257,1.0835
1721811600,1.0835,1.08464,1.08323,1.08425
1721818800,1.08426,1.08594,1.08385,1.08583
1721826000,1.08584,1.08665,1.08505,1.08537
1721833200,1.08538,1.08577,1.08475,1.08508
1721840400,1.0851,1.0855,1.08366,1.08376
1721847600,1.08374,1.08426,1.08358,1.08392
1721854800,1.08391,1.08422,1.08348,1.08393
1721862000,1.08394,1.08414,1.08349,1.08396
1721869200,1.08395,1.08429,1.08362,1.08395
1721876400,1.08396,1.08441,1.08377,1.08399
1721883600,1.084,1.08456,1.08334,1.08346
1721890800,1.08347,1.08577,1.08284,1.08462
1721898000,1.0846,1.0859,1.08438,1.08514
1721905200,1.08516,1.0855,1.08362,1.08499
1721912400,1.08497,1.08569,1.08302,1.08546
1721919600,1.08545,1.08648,1.08544,1.08618
1721926800,1.08621,1.08701,1.08478,1.08479
1721934000,1.08478,1.08537,1.08434,1.0845
1721941200,1.08455,1.08485,1.08434,1.08471
1721948400,1.08472,1.08555,1.08469,1.0854
1721955600,1.08539,1.08606,1.0852,1.08553
1721962800,1.08553,1.08597,1.0854,1.08583
1721970000,1.08584,1.08608,1.08499,1.08523
1721977200,1.08522,1.08555,1.08422,1.08514
1721984400,1.08515,1.08587,1.08499,1.08562
1721991600,1.08561,1.08656,1.08486,1.08607
1721998800,1.08606,1.08682,1.08513,1.08559
1722006000,1.08558,1.08669,1.08525,1.08653
1722013200,1.08652,1.08655,1.0856,1.08568
1722020400,1.08567,1.08592,1.08551,1.08551
1722200400,1.08544,1.086,1.08527,1.08559
1722207600,1.0856,1.08665,1.08507,1.08634
1722214800,1.08635,1.087,1.08605,1.08643
1722222000,1.08644,1.08658,1.08582,1.0859
1722229200,1.08591,1.08631,1.0855,1.0858
1722236400,1.08579,1.08597,1.08316,1.08321
1722243600,1.08321,1.0842,1.08266,1.08359
1722250800,1.08358,1.08358,1.08149,1.0816
1722258000,1.08161,1.08175,1.08021,1.08154
1722265200,1.08155,1.08238,1.08149,1.08215
1722272400,1.08214,1.0826,1.08194,1.08215
1722279600,1.08216,1.08256,1.08197,1.08212
1722286800,1.08183,1.08236,1.08151,1.08223
1722294000,1.08222,1.08223,1.08153,1.08171
1722301200,1.0817,1.08201,1.08142,1.0818
1722308400,1.08181,1.08252,1.08174,1.0824
1722315600,1.08237,1.0825,1.08177,1.08226
1722322800,1.08223,1.08347,1.08161,1.08287
1722330000,1.08287,1.08358,1.08277,1.08333
1722337200,1.08334,1.08334,1.08018,1.0802
1722344400,1.0802,1.08153,1.07981,1.0805
1722351600,1.08051,1.08166,1.07985,1.08137
1722358800,1.08138,1.08177,1.08092,1.08111
1722366000,1.08111,1.08154,1.08083,1.08142
1722373200,1.08138,1.08165,1.08109,1.08147
1722380400,1.08147,1.082,1.08126,1.082
1722387600,1.08199,1.08283,1.08166,1.08266
1722394800,1.08264,1.08303,1.08213,1.08255
1722402000,1.08256,1.08269,1.08156,1.08252
1722409200,1.08251,1.08277,1.08062,1.0823
1722416400,1.0823,1.08353,1.0822,1.08331
1722423600,1.08332,1.0848,1.08252,1.08409
1722430800,1.08408,1.08495,1.08172,1.08216
1722438000,1.08216,1.08279,1.08043,1.08093
1722445200,1.08092,1.08293,1.08018,1.08265
1722452400,1.08264,1.0833,1.0817,1.08258
1722459600,1.08239,1.0831,1.08234,1.08244
1722466800,1.08246,1.08301,1.08217,1.08277
1722474000,1.08276,1.08337,1.0824,1.08263
1722481200,1.08262,1.08355,1.08255,1.08268
1722488400,1.08268,1.08298,1.08109,1.08163
1722495600,1.08165,1.08199,1.07813,1.07844
1722502800,1.07843,1.07896,1.07774,1.07843
1722510000,1.07844,1.08084,1.07805,1.07965
1722517200,1.07966,1.08184,1.07872,1.07922
1722524400,1.07925,1.07967,1.07802,1.07862
1722531600,1.07863,1.0792,1.07829,1.07838
1722538800,1.07839,1.07955,1.07826,1.07914
1722546000,1.0786,1.07934,1.0786,1.07886
1722553200,1.07887,1.07925,1.07817,1.0791
1722560400,1.07909,1.07939,1.07846,1.07902
1722567600,1.07901,1.07987,1.07901,1.07977
1722574800,1.07976,1.08088,1.0793,1.07963
1722582000,1.07961,1.08153,1.07861,1.08145
1722589200,1.08145,1.08248,1.08144,1.08229
1722596400,1.0823,1.0897,1.0823,1.08911
1722603600,1.08905,1.09266,1.08843,1.09223
1722610800,1.09224,1.09249,1.09032,1.0912
1722618000,1.09121,1.09166,1.09071,1.09129
1722625200,1.0913,1.09166,1.0908,1.09107
1722805200,1.09237,1.09237,1.09028,1.09062
1722812400,1.09064,1.09225,1.09043,1.09167
1722819600,1.09167,1.0924,1.09118,1.09218
1722826800,1.09217,1.09397,1.09208,1.09325
1722834000,1.09324,1.09386,1.08925,1.09051
1722841200,1.09052,1.09749,1.09033,1.09509
1722848400,1.09509,1.09609,1.09328,1.09485
1722855600,1.09486,1.10087,1.09434,1.09912
1722862800,1.09912,1.10032,1.09565,1.09793
1722870000,1.09793,1.09863,1.09477,1.09599
1722877200,1.09597,1.09644,1.09471,1.09512
1722884400,1.09511,1.09603,1.09492,1.09511
1722891600,1.09474,1.09621,1.0945,1.09549
1722898800,1.09549,1.09631,1.09436,1.09626
1722906000,1.09627,1.09631,1.095,1.09518
1722913200,1.09519,1.09561,1.09495,1.0952
1722920400,1.09518,1.09549,1.09344,1.09391
1722927600,1.09389,1.09409,1.09184,1.09277
1722934800,1.09276,1.09276,1.0904,1.09085
1722942000,1.09088,1.09178,1.09038,1.09051
1722949200,1.09052,1.09349,1.09052,1.09337
1722956400,1.09338,1.09342,1.09206,1.09279
1722963600,1.09278,1.09337,1.09225,1.09286
1722970800,1.09286,1.0932,1.09227,1.09315
1722978000,1.09243,1.09316,1.09241,1.09294
1722985200,1.09296,1.09304,1.09231,1.09297
1722992400,1.09296,1.09304,1.0911,1.09163
1722999600,1.09164,1.09176,1.09115,1.09116
1723006800,1.09113,1.09154,1.09054,1.09151
1723014000,1.09151,1.0928,1.09128,1.09188
1723021200,1.09187,1.09234,1.09081,1.09179
1723028400,1.09181,1.09266,1.09133,1.09219
1723035600,1.09218,1.0934,1.09124,1.09319
1723042800,1.09318,1.09366,1.0921,1.09221
1723050000,1.09221,1.09271,1.09175,1.09222
1723057200,1.09221,1.09268,1.09201,1.09237
1723064400,1.09196,1.0927,1.09185,1.09268
1723071600,1.09269,1.09339,1.09258,1.09281
1723078800,1.09281,1.09351,1.09235,1.09336
1723086000,1.09337,1.09378,1.09299,1.09316
1723093200,1.09317,1.09447,1.09299,1.09428
1723100400,1.09428,1.09451,1.09332,1.0937
1723107600,1.09369,1.09397,1.09208,1.09253
1723114800,1.09253,1.09333,1.08916,1.08976
1723122000,1.08977,1.09078,1.08815,1.09063
1723129200,1.09062,1.09147,1.09049,1.09087
1723136400,1.09088,1.09188,1.09073,1.09183
1723143600,1.09181,1.09191,1.09132,1.09188
1723150800,1.09108,1.09191,1.09107,1.09185
1723158000,1.09185,1.09196,1.09115,1.0913
1723165200,1.0913,1.09246,1.09119,1.09214
1723172400,1.09213,1.09242,1.09198,1.09201
1723179600,1.09202,1.09282,1.09174,1.09275
1723186800,1.09274,1.09292,1.09128,1.09175
1723194000,1.09174,1.0926,1.09167,1.09176
1723201200,1.09175,1.09207,1.09091,1.09118
1723208400,1.09116,1.09314,1.09097,1.09232
1723215600,1.09233,1.09278,1.09177,1.09187
1723222800,1.09188,1.09237,1.09153,1.09195
1723230000,1.09195,1.09212,1.09146,1.09156
1723410000,1.09137,1.09184,1.09101,1.0913
1723417200,1.09129,1.09198,1.09116,1.09183
1723424400,1.09184,1.09232,1.09176,1.09179
1723431600,1.0918,1.09215,1.09128,1.0919
1723438800,1.09191,1.09236,1.09158,1.09212
1723446000,1.09211,1.09286,1.09162,1.09209
1723453200,1.09209,1.093,1.09177,1.09265
1723460400,1.09266,1.09293,1.09175,1.09201
1723467600,1.09199,1.09335,1.09151,1.09311
1723474800,1.0931,1.09393,1.09218,1.09229
1723482000,1.09227,1.0935,1.09221,1.09305
1723489200,1.09304,1.09333,1.09273,1.09321
1723496400,1.09277,1.09331,1.09274,1.09325
1723503600,1.09324,1.09365,1.09293,1.093
1723510800,1.093,1.09376,1.0929,1.09355
1723518000,1.09356,1.09393,1.09352,1.09393
1723525200,1.09392,1.09411,1.09326,1.09335
1723532400,1.09334,1.0935,1.09206,1.09233
1723539600,1.09235,1.09272,1.09137,1.09231
1723546800,1.09232,1.09466,1.09225,1.09409
1723554000,1.0941,1.09626,1.09379,1.09559
1723561200,1.0956,1.09742,1.0948,1.09722
1723568400,1.09722,1.09995,1.09696,1.09992
1723575600,1.0999,1.09997,1.09925,1.09928
1723582800,1.09846,1.09974,1.09831,1.09966
1723590000,1.09967,1.09984,1.09918,1.09919
1723597200,1.09918,1.09966,1.099,1.09916
1723604400,1.09917,1.09933,1.09886,1.09929
1723611600,1.0993,1.10018,1.09862,1.1
1723618800,1.09999,1.10201,1.0996,1.10192
1723626000,1.10191,1.10287,1.1015,1.10221
1723633200,1.1022,1.10345,1.10041,1.10168
1723640400,1.10166,1.10473,1.1016,1.10356
1723647600,1.10357,1.10362,1.10153,1.10183
1723654800,1.10183,1.10186,1.10109,1.10161
1723662000,1.10157,1.10166,1.10103,1.10124
1723669200,1.10113,1.10159,1.1011,1.10134
1723676400,1.10133,1.10144,1.10091,1.10098
1723683600,1.10096,1.10114,1.10033,1.10087
1723690800,1.10088,1.10123,1.10074,1.10117
1723698000,1.10116,1.10155,1.10079,1.10145
1723705200,1.10146,1.10157,1.10053,1.10062
1723712400,1.10058,1.10142,1.10032,1.10102
1723719600,1.10103,1.10144,1.09519,1.09567
1723726800,1.09569,1.09863,1.09497,1.09831
1723734000,1.0983,1.09896,1.09775,1.0978
1723741200,1.09778,1.09799,1.09716,1.09783
1723748400,1.09782,1.098,1.09705,1.09712
1723755600,1.09694,1.09744,1.09693,1.09714
1723762800,1.09714,1.09771,1.09713,1.09757
1723770000,1.09758,1.09827,1.09744,1.09813
1723777200,1.09814,1.09825,1.09761,1.09822
1723784400,1.09821,1.09869,1.09803,1.09816
1723791600,1.09817,1.09899,1.09767,1.09809
1723798800,1.0981,1.09952,1.09789,1.09938
1723806000,1.09939,1.09949,1.09853,1.09938
1723813200,1.0994,1.10046,1.09826,1.09906
1723820400,1.09904,1.10043,1.09901,1.10038
1723827600,1.10039,1.10214,1.10036,1.10207
1723834800,1.10206,1.10296,1.10181,1.10268
1724014800,1.10253,1.10342,1.10212,1.10252
1724022000,1.10253,1.1036,1.10228,1.10303
1724029200,1.10302,1.10335,1.10274,1.10308
1724036400,1.10308,1.10419,1.10302,1.10396
1724043600,1.10397,1.10502,1.10396,1.1042
1724050800,1.10418,1.10507,1.10357,1.10372
1724058000,1.10372,1.10413,1.1031,1.10369
1724065200,1.10368,1.10444,1.10326,1.10389
1724072400,1.1039,1.10737,1.10303,1.10656
1724079600,1.10655,1.10742,1.10597,1.10736
1724086800,1.1073,1.10852,1.10703,1.10816
1724094000,1.10815,1.10866,1.10789,1.10852
1724101200,1.10819,1.10875,1.10803,1.10853
1724108400,1.10854,1.10872,1.108,1.1082
1724115600,1.10821,1.10874,1.1075,1.10762
1724122800,1.10763,1.10794,1.10749,1.10771
1724130000,1.1077,1.10822,1.10727,1.10811
1724137200,1.1081,1.10889,1.10717,1.10797
1724144400,1.10797,1.10829,1.10749,1.1082
1724151600,1.10819,1.10988,1.10766,1.10982
1724158800,1.1098,1.1117,1.10924,1.11118
1724166000,1.11117,1.1119,1.10997,1.11149
1724173200,1.11149,1.11225,1.11087,1.11207
1724180400,1.11206,1.11303,1.11193,1.113
1724187600,1.1122,1.11293,1.11193,1.11286
1724194800,1.11285,1.11328,1.11252,1.11279
1724202000,1.11278,1.11281,1.11189,1.11217
1724209200,1.11218,1.11225,1.11166,1.11192
1724216400,1.11193,1.11211,1.11129,1.11179
1724223600,1.1118,1.1129,1.11106,1.11185
1724230800,1.11184,1.1126,1.11134,1.11248
1724238000,1.11249,1.11301,1.11099,1.1125
1724245200,1.11251,1.11298,1.10982,1.11246
1724252400,1.11244,1.11483,1.11244,1.11463
1724259600,1.11465,1.11741,1.11455,1.11617
1724266800,1.11616,1.11616,1.11471,1.11499
1724274000,1.1144,1.11563,1.11422,1.11563
1724281200,1.11563,1.11582,1.11455,1.11477
1724288400,1.11478,1.11492,1.11402,1.11432
1724295600,1.11433,1.11458,1.11407,1.11433
1724302800,1.11434,1.11498,1.11401,1.11495
1724310000,1.11494,1.11647,1.11272,1.11425
1724317200,1.11427,1.11463,1.11324,1.11454
1724324400,1.11453,1.11453,1.11249,1.11402
1724331600,1.11404,1.11416,1.10979,1.11149
1724338800,1.11144,1.11177,1.1105,1.11105
1724346000,1.11106,1.1111,1.10987,1.11103
1724353200,1.11102,1.11135,1.11048,1.11113
1724360400,1.11037,1.11163,1.11021,1.11137
1724367600,1.11138,1.11224,1.11129,1.11197
1724374800,1.11198,1.11288,1.11182,1.11251
1724382000,1.11252,1.11286,1.11231,1.11277
1724389200,1.11277,1.11305,1.11202,1.11284
1724396400,1.11287,1.1132,1.11124,1.1123
1724403600,1.11229,1.11272,1.11151,1.11197
1724410800,1.11195,1.11229,1.11104,1.11141
1724418000,1.11142,1.11848,1.11052,1.1175
1724425200,1.11749,1.11961,1.11641,1.1174
1724432400,1.11739,1.12009,1.11729,1.11874
1724439600,1.11874,1.11956,1.11856,1.11932
1724619600,1.11832,1.11951,1.11832,1.11911
1724626800,1.11912,1.12017,1.11865,1.11937
1724634000,1.11938,1.12003,1.11857,1.1187
1724641200,1.11868,1.1189,1.11817,1.11833
1724648400,1.11834,1.11895,1.11775,1.11813
1724655600,1.11812,1.11851,1.11757,1.11804
1724662800,1.11805,1.11829,1.11691,1.11716
1724670000,1.11715,1.11736,1.11584,1.11614
1724677200,1.11615,1.11789,1.11501,1.11767
1724684400,1.11768,1.11769,1.11598,1.11712
1724691600,1.11713,1.11756,1.11593,1.11636
1724698800,1.11635,1.11656,1.11585,1.11611
1724706000,1.11572,1.11639,1.11568,1.11629
1724713200,1.1163,1.11669,1.11596,1.1161
1724720400,1.11609,1.11708,1.11598,1.11682
1724727600,1.11679,1.11696,1.1165,1.11685
1724734800,1.11684,1.11725,1.11615,1.11619
1724742000,1.11618,1.11741,1.11617,1.11666
1724749200,1.11664,1.11788,1.11618,1.11661
1724756400,1.1166,1.11699,1.115,1.11585
1724763600,1.11583,1.11719,1.11525,1.11661
1724770800,1.11662,1.11701,1.11587,1.11658
1724778000,1.11659,1.11905,1.11645,1.11859
1724785200,1.11858,1.11859,1.11812,1.11843
1724792400,1.11804,1.11851,1.11793,1.1184
1724799600,1.11839,1.11847,1.11745,1.11799
1724806800,1.118,1.118,1.11666,1.11667
1724814000,1.11668,1.11693,1.11582,1.11595
1724821200,1.11596,1.11608,1.1135,1.11479
1724828400,1.11479,1.11593,1.1139,1.11412
1724835600,1.11414,1.11458,1.11219,1.11252
1724842800,1.11253,1.11312,1.11049,1.11118
1724850000,1.11117,1.11376,1.11104,1.11301
1724857200,1.11302,1.11313,1.11103,1.11148
1724864400,1.11147,1.11173,1.11053,1.11159
1724871600,1.1116,1.112,1.11124,1.11199
1724878800,1.11195,1.11244,1.11181,1.1124
1724886000,1.11241,1.11326,1.11227,1.11315
1724893200,1.11314,1.1134,1.11274,1.11316
1724900400,1.11316,1.1137,1.113,1.11354
1724907600,1.11355,1.11402,1.11256,1.11284
1724914800,1.11285,1.11316,1.1072,1.1085
1724922000,1.10849,1.11002,1.10833,1.10974
1724929200,1.10975,1.10998,1.10729,1.10843
1724936400,1.10845,1.10897,1.10556,1.10699
1724943600,1.107,1.10882,1.10668,1.10817
1724950800,1.10818,1.10854,1.10752,1.10791
1724958000,1.10792,1.10814,1.10747,1.1078
1724965200,1.10747,1.10804,1.10738,1.10801
1724972400,1.10801,1.10831,1.10788,1.10807
1724979600,1.10804,1.10821,1.10697,1.1072
1724986800,1.1072,1.10776,1.10713,1.1074
1724994000,1.10742,1.10856,1.10734,1.1085
1725001200,1.1085,1.10951,1.10737,1.10749
1725008400,1.10748,1.10855,1.10746,1.10792
1725015600,1.10793,1.10884,1.10577,1.1068
1725022800,1.1068,1.10802,1.10539,1.10686
1725030000,1.10685,1.1072,1.10439,1.10497
1725037200,1.10496,1.10567,1.10479,1.1052
1725044400,1.10519,1.10552,1.10472,1.10483
1725224400,1.10459,1.10496,1.10426,1.1046
1725231600,1.10459,1.10559,1.1042,1.10535
1725238800,1.10535,1.10558,1.10457,1.10515
1725246000,1.10514,1.10556,1.10439,1.10485
1725253200,1.10486,1.10705,1.10453,1.10659
1725260400,1.10659,1.10775,1.10558,1.10676
1725267600,1.10676,1.10729,1.10612,1.10665
1725274800,1.10666,1.10715,1.10583,1.1068
1725282000,1.10682,1.10719,1.10599,1.10691
1725289200,1.10689,1.1071,1.10624,1.10659
1725296400,1.10658,1.10715,1.10658,1.10709
1725303600,1.10708,1.10729,1.10705,1.10723
1725310800,1.10644,1.1073,1.10644,1.10667
1725318000,1.10668,1.10689,1.1059,1.10606
1725325200,1.10607,1.10703,1.10601,1.10637
1725332400,1.10636,1.10637,1.10538,1.10543
1725339600,1.10542,1.10616,1.10512,1.10615
1725346800,1.10615,1.10676,1.10478,1.10485
1725354000,1.10486,1.10508,1.10331,1.10358
1725361200,1.10357,1.10525,1.10335,1.1048
1725368400,1.10481,1.10688,1.1037,1.10423
1725375600,1.10422,1.10471,1.10361,1.10392
1725382800,1.10394,1.10401,1.10263,1.1038
1725390000,1.10379,1.10446,1.10373,1.10435
1725397200,1.10392,1.10469,1.10337,1.10457
1725404400,1.10458,1.10513,1.10449,1.10481
1725411600,1.10484,1.10563,1.10474,1.10527
1725418800,1.10526,1.10571,1.10502,1.10563
1725426000,1.10563,1.10601,1.10475,1.10533
1725433200,1.10536,1.10629,1.1047,1.10516
1725440400,1.10519,1.10585,1.10497,1.10531
1725447600,1.10532,1.1054,1.10399,1.10526
1725454800,1.10526,1.10953,1.10501,1.10897
1725462000,1.10896,1.10918,1.1076,1.10845
1725469200,1.10844,1.10862,1.10651,1.10761
1725476400,1.1076,1.10837,1.1075,1.1083
1725483600,1.10803,1.10865,1.10792,1.10849
1725490800,1.10851,1.10854,1.10756,1.10792
1725498000,1.10793,1.10855,1.10776,1.10799
1725505200,1.10798,1.10799,1.10747,1.1077
1725512400,1.10768,1.10884,1.10765,1.10838
1725519600,1.10837,1.11003,1.10796,1.10991
1725526800,1.1099,1.11005,1.10921,1.10989
1725534000,1.10987,1.11197,1.10871,1.10923
1725541200,1.10924,1.11083,1.10763,1.10798
1725548400,1.10798,1.11055,1.10781,1.11009
1725555600,1.1101,1.11135,1.10996,1.11042
1725562800,1.11041,1.11114,1.11028,1.11106
1725570000,1.11061,1.11115,1.11061,1.11096
1725577200,1.11098,1.11146,1.11085,1.11133
1725584400,1.11134,1.1114,1.11092,1.11112
1725591600,1.1111,1.11177,1.11109,1.11159
1725598800,1.11158,1.11211,1.11138,1.11207
1725606000,1.11207,1.1121,1.11109,1.11175
1725613200,1.11174,1.11175,1.11069,1.11076
1725620400,1.11075,1.11545,1.10782,1.11209
1725627600,1.11211,1.11258,1.10656,1.1102
1725634800,1.11021,1.11349,1.10697,1.10768
1725642000,1.10768,1.10894,1.10696,1.10864
1725649200,1.10863,1.10897,1.10822,1.10861
1725829200,1.10752,1.10905,1.10752,1.10869
1725836400,1.1087,1.10912,1.10823,1.10833
1725843600,1.10834,1.10909,1.10804,1.10807
1725850800,1.10808,1.10817,1.10745,1.10757
1725858000,1.10758,1.10761,1.10607,1.10646
1725865200,1.10645,1.10665,1.10456,1.10477
1725872400,1.10478,1.10592,1.10369,1.10402
1725879600,1.10403,1.10491,1.10356,1.10398
1725886800,1.10397,1.10523,1.1034,1.10421
1725894000,1.10422,1.10509,1.10355,1.10488
1725901200,1.1049,1.10539,1.10414,1.1043
1725908400,1.10431,1.10431,1.10338,1.10351
1725915600,1.10325,1.10398,1.10322,1.10377
1725922800,1.10377,1.10383,1.10283,1.10308
1725930000,1.10309,1.10363,1.10306,1.10349
1725937200,1.1035,1.10406,1.10349,1.10401
1725944400,1.104,1.10496,1.10336,1.10496
1725951600,1.10493,1.10494,1.10335,1.10378
1725958800,1.10378,1.10422,1.10324,1.10404
1725966000,1.10405,1.10439,1.10265,1.10299
1725973200,1.10298,1.10349,1.10153,1.10187
1725980400,1.10187,1.10291,1.10174,1.10268
1725987600,1.10267,1.1028,1.10205,1.10245
1725994800,1.10243,1.10279,1.10183,1.10192
1726002000,1.10192,1.10216,1.10185,1.10199
1726009200,1.102,1.10238,1.10167,1.10202
1726016400,1.10202,1.10445,1.10183,1.10332
1726023600,1.10333,1.1047,1.10316,1.10467
1726030800,1.10466,1.10517,1.10407,1.10451
1726038000,1.10451,1.10521,1.10364,1.10438
1726045200,1.10439,1.1049,1.10385,1.10487
1726052400,1.10488,1.1055,1.10035,1.10163
1726059600,1.10161,1.10262,1.10019,1.10103
1726066800,1.10104,1.10178,1.10077,1.10159
1726074000,1.1016,1.10229,1.10151,1.10183
1726081200,1.10181,1.10265,1.10109,1.10111
1726088400,1.10103,1.1015,1.10102,1.10123
1726095600,1.10124,1.10131,1.10061,1.10067
1726102800,1.10069,1.1013,1.10066,1.10098
1726110000,1.10099,1.10171,1.10096,1.10164
1726117200,1.10163,1.10238,1.10076,1.10081
1726124400,1.10083,1.1022,1.10054,1.10155
1726131600,1.10156,1.10236,1.10129,1.10218
1726138800,1.10217,1.10324,1.10098,1.1025
1726146000,1.10251,1.10472,1.10245,1.104
1726153200,1.10403,1.10482,1.1031,1.1046
1726160400,1.10463,1.10623,1.10424,1.10608
1726167600,1.10606,1.10752,1.106,1.10747
1726174800,1.10677,1.10757,1.10677,1.10717
1726182000,1.10719,1.10875,1.10718,1.10871
1726189200,1.10874,1.109,1.10793,1.10869
1726196400,1.10868,1.10903,1.1084,1.10845
1726203600,1.10843,1.10863,1.10746,1.10789
1726210800,1.10788,1.10941,1.1073,1.10927
1726218000,1.10929,1.11008,1.10867,1.10904
1726225200,1.10906,1.10936,1.10793,1.10931
1726232400,1.10933,1.11018,1.10845,1.1089
1726239600,1.10892,1.1092,1.10771,1.10838
1726246800,1.10839,1.1086,1.10766,1.1078
1726254000,1.10781,1.10814,1.10727,1.10745
1726434000,1.10757,1.10874,1.10737,1.10868
1726441200,1.10872,1.10923,1.10851,1.10895
1726448400,1.10893,1.10927,1.10867,1.1089
1726455600,1.10891,1.11049,1.1088,1.1097
1726462800,1.10969,1.11158,1.10958,1.11146
1726470000,1.11145,1.11262,1.11096,1.11227
1726477200,1.11228,1.1129,1.11182,1.1122
1726484400,1.11222,1.11327,1.11161,1.11251
1726491600,1.11253,1.11375,1.11182,1.11237
1726498800,1.11234,1.113,1.11166,1.1129
1726506000,1.1129,1.113,1.11162,1.11209
1726513200,1.11211,1.11334,1.11188,1.11326
1726520400,1.11315,1.11324,1.11269,1.11274
1726527600,1.11276,1.11313,1.11219,1.1123
1726534800,1.11229,1.11298,1.11227,1.11271
1726542000,1.1127,1.11284,1.11218,1.11243
1726549200,1.11242,1.11334,1.11211,1.11211
1726556400,1.11211,1.11462,1.11157,1.11445
1726563600,1.11447,1.11448,1.11317,1.11344
1726570800,1.11345,1.11437,1.1118,1.11247
1726578000,1.11248,1.11284,1.11117,1.11246
1726585200,1.11247,1.11263,1.11152,1.11194
1726592400,1.11194,1.11227,1.1111,1.11223
1726599600,1.11222,1.11234,1.11126,1.11141
1726606800,1.11118,1.11187,1.11117,1.11182
1726614000,1.11181,1.11286,1.11181,1.1127
1726621200,1.11269,1.11305,1.11246,1.11282
1726628400,1.11283,1.11286,1.112,1.11201
1726635600,1.11199,1.11263,1.11155,1.11188
1726642800,1.11187,1.11332,1.11175,1.11297
1726650000,1.11296,1.114,1.11268,1.11301
1726657200,1.113,1.11304,1.11179,1.11223
1726664400,1.11225,1.11399,1.11082,1.11182
1726671600,1.11184,1.11262,1.11118,1.11243
1726678800,1.11244,1.11888,1.11171,1.11496
1726686000,1.1149,1.1149,1.10968,1.11177
1726693200,1.11116,1.11238,1.11114,1.11218
1726700400,1.11217,1.11218,1.10791,1.10816
1726707600,1.10814,1.11037,1.10687,1.11018
1726714800,1.11017,1.11214,1.10994,1.11202
1726722000,1.11204,1.11453,1.11202,1.11452
1726729200,1.11455,1.1169,1.11402,1.11628
1726736400,1.11627,1.1179,1.11623,1.11704
1726743600,1.11706,1.11761,1.11258,1.11261
1726750800,1.1126,1.11405,1.11165,1.11292
1726758000,1.11294,1.11583,1.11257,1.11557
1726765200,1.11556,1.11679,1.11522,1.11655
1726772400,1.11656,1.11668,1.11591,1.11616
1726779600,1.11604,1.11627,1.11593,1.11609
1726786800,1.1161,1.11618,1.11572,1.11604
1726794000,1.11606,1.11638,1.11572,1.11615
1726801200,1.11614,1.11693,1.11613,1.1165
1726808400,1.1165,1.11785,1.1161,1.11765
1726815600,1.11764,1.11819,1.11525,1.11644
1726822800,1.11646,1.11662,1.11551,1.11592
1726830000,1.11595,1.11769,1.11541,1.11743
1726837200,1.11742,1.11763,1.11382,1.11439
1726844400,1.11442,1.11758,1.11363,1.11738
1726851600,1.11737,1.11745,1.11574,1.1165
1726858800,1.1165,1.1166,1.11561,1.1163
1727038800,1.11582,1.11649,1.11577,1.11622
1727046000,1.11623,1.11639,1.11558,1.1159
1727053200,1.11586,1.11638,1.11557,1.11623
1727060400,1.11622,1.11651,1.11599,1.11635
1727067600,1.11635,1.11674,1.11552,1.11589
1727074800,1.11581,1.11597,1.10833,1.10926
1727082000,1.10925,1.11192,1.10923,1.11131
1727089200,1.11129,1.11257,1.11087,1.11226
1727096400,1.11231,1.11434,1.11154,1.11325
1727103600,1.11326,1.11371,1.11214,1.11252
1727110800,1.11254,1.11286,1.1116,1.11169
1727118000,1.11168,1.11179,1.11097,1.11107
1727125200,1.11101,1.11147,1.11092,1.1111
1727132400,1.11114,1.11138,1.11043,1.11058
1727139600,1.1106,1.11114,1.11034,1.11055
1727146800,1.11054,1.11177,1.11054,1.11169
1727154000,1.11174,1.11196,1.11043,1.11151
1727161200,1.1115,1.11448,1.11125,1.11403
1727168400,1.11399,1.11461,1.1127,1.11282
1727175600,1.11281,1.11478,1.11222,1.1141
1727182800,1.11408,1.11635,1.11324,1.11507
1727190000,1.11506,1.11621,1.11468,1.11584
1727197200,1.11583,1.11672,1.11549,1.11663
1727204400,1.11661,1.11808,1.11652,1.11797
1727211600,1.1177,1.11889,1.11754,1.11888
1727218800,1.11885,1.11939,1.11833,1.11933
1727226000,1.11936,1.11961,1.11854,1.11949
1727233200,1.11947,1.11989,1.11918,1.11957
1727240400,1.11958,1.11961,1.11871,1.11904
1727247600,1.11906,1.11965,1.11822,1.11849
1727254800,1.11847,1.11891,1.11781,1.11872
1727262000,1.11873,1.12079,1.11834,1.11977
1727269200,1.11978,1.12138,1.11655,1.11728
1727276400,1.11729,1.11752,1.11329,1.11345
1727283600,1.11346,1.11388,1.11215,1.11342
1727290800,1.11341,1.11359,1.11251,1.11327
1727298000,1.11319,1.11334,1.11292,1.11319
1727305200,1.11318,1.11371,1.1129,1.11366
1727312400,1.11369,1.11419,1.11316,1.11411
1727319600,1.11409,1.11453,1.11378,1.11417
1727326800,1.11414,1.11566,1.11405,1.11536
1727334000,1.11534,1.11581,1.11259,1.11414
1727341200,1.11416,1.11553,1.11396,1.1154
1727348400,1.11542,1.11655,1.11376,1.11511
1727355600,1.11512,1.11746,1.11259,1.11651
1727362800,1.1165,1.11893,1.11643,1.11694
1727370000,1.11693,1.11825,1.11683,1.11796
1727377200,1.11797,1.11842,1.11745,1.11765
1727384400,1.11762,1.11777,1.11734,1.11762
1727391600,1.11766,1.11775,1.1168,1.11693
1727398800,1.11692,1.1172,1.11625,1.11692
1727406000,1.11691,1.11731,1.11637,1.11647
1727413200,1.11648,1.1176,1.11403,1.11511
1727420400,1.11507,1.11507,1.11251,1.11447
1727427600,1.11448,1.1171,1.11371,1.11635
1727434800,1.11633,1.12016,1.11541,1.11997
1727442000,1.11991,1.12028,1.11693,1.11784
1727449200,1.11782,1.11784,1.11464,1.11518
1727456400,1.11519,1.1168,1.11505,1.11679
1727463600,1.11677,1.1168,1.11591,1.11594
1727643600,1.11529,1.11725,1.11521,1.11708
1727650800,1.11709,1.11738,1.11676,1.11708
1727658000,1.11709,1.11727,1.11564,1.11605
1727665200,1.11607,1.11622,1.11563,1.11618
1727672400,1.11617,1.11694,1.11562,1.11682
1727679600,1.11681,1.12088,1.11595,1.12057
1727686800,1.12058,1.12058,1.11832,1.11901
1727694000,1.11902,1.12029,1.11863,1.11899
1727701200,1.119,1.11913,1.11409,1.11581
1727708400,1.11583,1.11643,1.1135,1.11484
1727715600,1.11485,1.11622,1.11139,1.11323
1727722800,1.11321,1.11366,1.11217,1.1135
1727730000,1.11262,1.1142,1.11252,1.11416
1727737200,1.11419,1.11427,1.11273,1.11323
1727744400,1.11324,1.11434,1.11313,1.11389
1727751600,1.1139,1.11414,1.11347,1.11407
1727758800,1.11409,1.11442,1.11308,1.11346
1727766000,1.11345,1.11369,1.10981,1.11032
1727773200,1.11032,1.11146,1.1084,1.10871
1727780400,1.10873,1.10999,1.107,1.10711
1727787600,1.10713,1.10868,1.1057,1.10766
1727794800,1.10765,1.10778,1.10482,1.10544
1727802000,1.10541,1.10723,1.10459,1.10717
1727809200,1.10719,1.10772,1.10656,1.10679
1727816400,1.10615,1.10708,1.10615,1.10672
1727823600,1.10671,1.1072,1.10633,1.10657
1727830800,1.10658,1.1074,1.10633,1.10666
1727838000,1.10665,1.10738,1.10605,1.10632
1727845200,1.10631,1.10702,1.10541,1.10665
1727852400,1.10666,1.10828,1.1063,1.10724
1727859600,1.10725,1.10766,1.10611,1.10667
1727866800,1.10669,1.10773,1.1051,1.10535
1727874000,1.10536,1.10657,1.10354,1.10364
1727881200,1.10363,1.10548,1.10325,1.10467
1727888400,1.10467,1.105,1.10376,1.10383
1727895600,1.10384,1.10536,1.10368,1.10453
1727902800,1.10432,1.10495,1.10431,1.10464
1727910000,1.10462,1.1048,1.10374,1.10392
1727917200,1.10391,1.10409,1.10353,1.1036
1727924400,1.10358,1.10369,1.10322,1.10327
1727931600,1.1033,1.10423,1.10249,1.10379
1727938800,1.10378,1.10462,1.10277,1.10376
1727946000,1.10376,1.10468,1.10343,1.10427
1727953200,1.10428,1.10469,1.10281,1.10322
1727960400,1.10319,1.10437,1.10085,1.10171
1727967600,1.10171,1.10338,1.1012,1.10304
1727974800,1.10306,1.10363,1.10257,1.1026
1727982000,1.10262,1.10319,1.10251,1.10297
1727989200,1.10302,1.10352,1.10292,1.10343
1727996400,1.10344,1.10396,1.1033,1.10347
1728003600,1.10346,1.10363,1.10281,1.10305
1728010800,1.10307,1.10316,1.10251,1.10278
1728018000,1.10277,1.10353,1.10265,1.10322
1728025200,1.1032,1.10357,1.10213,1.10255
1728032400,1.10256,1.10337,1.102,1.10276
1728039600,1.10274,1.1037,1.0959,1.0961
1728046800,1.09607,1.09816,1.09587,1.09696
1728054000,1.09696,1.09741,1.09513,1.09598
1728061200,1.09598,1.09739,1.09578,1.09727
1728068400,1.09728,1.09779,1.09708,1.09757
1728248400,1.09639,1.09719,1.09605,1.09694
1728255600,1.09696,1.09755,1.0968,1.09701
1728262800,1.097,1.09777,1.09695,1.09715
1728270000,1.09715,1.09737,1.09682,1.09685
1728277200,1.09684,1.09723,1.09636,1.09713
1728284400,1.0971,1.0979,1.09583,1.09701
1728291600,1.09702,1.09702,1.09542,1.09654
1728298800,1.09652,1.09837,1.09621,1.09774
1728306000,1.09773,1.0985,1.09696,1.09748
1728313200,1.09747,1.09848,1.09732,1.09841
1728320400,1.09839,1.09869,1.09682,1.09691
1728327600,1.0969,1.09751,1.09656,1.09742
1728334800,1.09701,1.09789,1.0968,1.0978
1728342000,1.09786,1.09842,1.09736,1.09818
1728349200,1.09817,1.09851,1.09727,1.09817
1728356400,1.09818,1.09869,1.09816,1.09855
1728363600,1.09854,1.09889,1.0981,1.09837
1728370800,1.09838,1.09973,1.09782,1.0994
1728378000,1.09941,1.09947,1.09821,1.09854
1728385200,1.09852,1.09899,1.09713,1.09761
1728392400,1.09758,1.09839,1.09663,1.09709
1728399600,1.0971,1.0978,1.09606,1.09757
1728406800,1.09756,1.09765,1.09657,1.09724
1728414000,1.09723,1.09807,1.09696,1.09805
1728421200,1.09678,1.09809,1.09671,1.09809
1728428400,1.0981,1.0981,1.09738,1.09755
1728435600,1.09754,1.09774,1.09687,1.09708
1728442800,1.09707,1.09713,1.09622,1.09633
1728450000,1.09639,1.09761,1.09623,1.0963
1728457200,1.09629,1.09669,1.0951,1.09578
1728464400,1.09577,1.09708,1.0957,1.09657
1728471600,1.09656,1.09669,1.09527,1.09568
1728478800,1.09568,1.09599,1.09397,1.09481
1728486000,1.0948,1.09562,1.09402,1.09415
1728493200,1.09417,1.09427,1.09361,1.09367
1728500400,1.09366,1.09415,1.09366,1.09399
1728507600,1.09381,1.09426,1.0937,1.09408
1728514800,1.09409,1.0943,1.09389,1.09406
1728522000,1.09403,1.09463,1.09389,1.09421
1728529200,1.0942,1.0946,1.09383,1.0941
1728536400,1.09411,1.09432,1.09364,1.0937
1728543600,1.0937,1.09433,1.09281,1.0933
1728550800,1.09331,1.09398,1.09277,1.09391
1728558000,1.09393,1.09548,1.0907,1.0944
1728565200,1.09446,1.09498,1.09138,1.09223
1728572400,1.09226,1.093,1.09032,1.09061
1728579600,1.09065,1.09268,1.09003,1.0922
1728586800,1.09222,1.09377,1.09211,1.09373
1728594000,1.09224,1.09367,1.09213,1.0934
1728601200,1.0934,1.09379,1.09321,1.09373
1728608400,1.09374,1.09379,1.09296,1.0937
1728615600,1.09369,1.09407,1.09353,1.09357
1728622800,1.09358,1.09407,1.09323,1.09402
1728630000,1.09399,1.09537,1.09321,1.09496
1728637200,1.09494,1.09511,1.09311,1.09351
1728644400,1.09352,1.09506,1.0926,1.0933
1728651600,1.09329,1.09491,1.09279,1.09429
1728658800,1.09428,1.09526,1.09403,1.09449
1728666000,1.0945,1.09474,1.0939,1.09391
1728673200,1.09393,1.09395,1.09324,1.09353
1728853200,1.09308,1.09336,1.0927,1.09272
1728860400,1.09273,1.09285,1.09154,1.09216
1728867600,1.09214,1.09269,1.09178,1.09248
1728874800,1.09247,1.09293,1.09233,1.09237
1728882000,1.09238,1.09305,1.09224,1.0925
1728889200,1.09249,1.09317,1.09237,1.0927
1728896400,1.09269,1.09368,1.09219,1.09228
1728903600,1.09227,1.09247,1.09074,1.09096
1728910800,1.09095,1.09274,1.09048,1.09149
1728918000,1.0915,1.09165,1.09008,1.09016
1728925200,1.09015,1.09052,1.0895,1.08974
1728932400,1.08979,1.09091,1.08883,1.09089
1728939600,1.09037,1.09097,1.09037,1.09087
1728946800,1.09086,1.09105,1.0904,1.09073
1728954000,1.09072,1.0909,1.09003,1.09022
1728961200,1.09021,1.0903,1.08916,1.0893
1728968400,1.08929,1.08958,1.0885,1.08926
1728975600,1.08926,1.09161,1.08848,1.09103
1728982800,1.09104,1.09152,1.09027,1.09029
1728990000,1.09026,1.09126,1.08974,1.091
1728997200,1.09101,1.09168,1.0899,1.09029
1729004400,1.0903,1.09073,1.08896,1.08896
1729011600,1.08894,1.08905,1.08817,1.08873
1729018800,1.08872,1.08925,1.08858,1.08915
1729026000,1.08889,1.08929,1.08877,1.08897
1729033200,1.08897,1.08903,1.0882,1.08854
1729040400,1.08854,1.08934,1.08844,1.08927
1729047600,1.08928,1.08956,1.08875,1.08895
1729054800,1.089,1.08904,1.08762,1.08777
1729062000,1.08776,1.08855,1.08752,1.08832
1729069200,1.08833,1.08972,1.08824,1.08899
1729076400,1.08897,1.09015,1.08864,1.08889
1729083600,1.08893,1.08975,1.08713,1.08799
1729090800,1.088,1.08801,1.08662,1.08682
1729098000,1.08684,1.08684,1.08553,1.08558
1729105200,1.08557,1.08626,1.08534,1.08621
1729112400,1.08532,1.08689,1.08531,1.08587
1729119600,1.08586,1.08643,1.08562,1.08632
1729126800,1.08633,1.08652,1.08591,1.0862
1729134000,1.08619,1.08621,1.08508,1.08534
1729141200,1.08533,1.08586,1.08499,1.08508
1729148400,1.08507,1.08577,1.08489,1.08518
1729155600,1.08517,1.08649,1.08503,1.08641
1729162800,1.08642,1.08738,1.08336,1.0843
1729170000,1.08431,1.08449,1.08112,1.08288
1729177200,1.08289,1.08407,1.08224,1.08248
1729184400,1.08255,1.0832,1.08209,1.0825
1729191600,1.08251,1.08312,1.08236,1.08307
1729198800,1.08252,1.08333,1.08233,1.08291
1729206000,1.08292,1.08324,1.08254,1.08289
1729213200,1.0829,1.08399,1.08274,1.0839
1729220400,1.08386,1.08407,1.08371,1.08406
1729227600,1.08407,1.08487,1.08382,1.08443
1729234800,1.08442,1.0847,1.08346,1.08378
1729242000,1.0838,1.08491,1.08343,1.08451
1729249200,1.0845,1.08601,1.0842,1.08595
1729256400,1.08594,1.08646,1.0851,1.08573
1729263600,1.08572,1.08684,1.0853,1.08668
1729270800,1.08667,1.08682,1.0859,1.08654
1729278000,1.08655,1.08696,1.08623,1.08675
1729458000,1.08594,1.08715,1.08586,1.08691
1729465200,1.08692,1.08699,1.0864,1.0865
1729472400,1.08649,1.08683,1.08636,1.08645
1729479600,1.08644,1.08681,1.08584,1.08588
1729486800,1.0859,1.08635,1.08495,1.08524
1729494000,1.08523,1.0858,1.08463,1.08553
1729501200,1.08554,1.08584,1.08447,1.08474
1729508400,1.08476,1.08592,1.08467,1.08575
1729515600,1.08574,1.08581,1.08333,1.0835
1729522800,1.08349,1.08352,1.08171,1.08187
1729530000,1.08186,1.08231,1.08112,1.08113
1729537200,1.08116,1.08169,1.08111,1.08146
1729544400,1.08132,1.08177,1.08131,1.08156
1729551600,1.08157,1.08184,1.0814,1.08162
1729558800,1.08158,1.08215,1.08151,1.08158
1729566000,1.08156,1.08209,1.08149,1.08203
1729573200,1.08204,1.08289,1.08181,1.08255
1729580400,1.08254,1.08382,1.08208,1.08271
1729587600,1.08269,1.08307,1.08143,1.08287
1729594800,1.08288,1.08292,1.08113,1.08117
1729602000,1.08115,1.08186,1.0801,1.08096
1729609200,1.08097,1.08155,1.08032,1.08077
1729616400,1.08078,1.0809,1.08,1.08001
1729623600,1.07999,1.08019,1.0792,1.07986
1729630800,1.07978,1.08004,1.0795,1.07984
1729638000,1.07984,1.08007,1.07922,1.07954
1729645200,1.07955,1.08054,1.07937,1.08047
1729652400,1.08049,1.08054,1.07987,1.08021
1729659600,1.08022,1.08067,1.07924,1.07925
1729666800,1.0792,1.07923,1.0779,1.07882
1729674000,1.07884,1.07894,1.07773,1.07776
1729681200,1.07777,1.078,1.07613,1.07743
1729688400,1.07746,1.07831,1.07697,1.07747
1729695600,1.07746,1.07864,1.07705,1.07732
1729702800,1.07731,1.07826,1.07674,1.07806
1729710000,1.07807,1.07866,1.07798,1.07823
1729717200,1.07808,1.07835,1.07801,1.07823
1729724400,1.07826,1.07899,1.07793,1.07887
1729731600,1.07888,1.07892,1.07812,1.07876
1729738800,1.07877,1.07937,1.07852,1.07932
1729746000,1.07931,1.07932,1.07818,1.07835
1729753200,1.07831,1.08081,1.07706,1.08031
1729760400,1.08029,1.08052,1.07954,1.07991
1729767600,1.0799,1.08041,1.07879,1.07966
1729774800,1.07968,1.08112,1.07951,1.07981
1729782000,1.0798,1.08111,1.07964,1.08107
1729789200,1.08106,1.08262,1.08105,1.08231
1729796400,1.0823,1.083,1.08211,1.08279
1729803600,1.08261,1.08287,1.08243,1.08244
1729810800,1.08243,1.0825,1.08201,1.08218
1729818000,1.08219,1.08277,1.082,1.0826
1729825200,1.08261,1.08261,1.08202,1.0822
1729832400,1.08219,1.08257,1.08142,1.08157
1729839600,1.08161,1.08373,1.08139,1.08238
1729846800,1.08239,1.0828,1.08221,1.08242
1729854000,1.08241,1.08395,1.0821,1.08387
1729861200,1.08385,1.08386,1.08257,1.08308
1729868400,1.08307,1.08349,1.08026,1.08051
1729875600,1.0805,1.08066,1.07988,1.08031
1729882800,1.0803,1.08031,1.07929,1.07956
1730062800,1.07928,1.07983,1.07863,1.07959
1730070000,1.07958,1.08018,1.0794,1.07942
1730077200,1.07938,1.07959,1.07857,1.07885
1730084400,1.07884,1.079,1.07824,1.07878
1730091600,1.07876,1.07968,1.07821,1.07942
1730098800,1.07941,1.08215,1.07931,1.08191
1730106000,1.08192,1.082,1.08085,1.08167
1730113200,1.08165,1.08263,1.08131,1.08157
1730120400,1.08159,1.08278,1.0814,1.08242
1730127600,1.08244,1.08262,1.08137,1.08155
1730134800,1.08156,1.08181,1.081,1.08122
1730142000,1.0812,1.08191,1.08111,1.08119
1730149200,1.08106,1.08152,1.08102,1.08126
1730156400,1.08127,1.08194,1.08108,1.08158
1730163600,1.08157,1.08182,1.08114,1.08123
1730170800,1.08125,1.08135,1.08061,1.08088
1730178000,1.08089,1.0814,1.08066,1.08115
1730185200,1.08113,1.08206,1.08056,1.08186
1730192400,1.08184,1.08264,1.0803,1.08057
1730199600,1.08056,1.08061,1.07722,1.07775
1730206800,1.07774,1.08121,1.0769,1.08007
1730214000,1.08009,1.08077,1.07852,1.07991
1730221200,1.07988,1.08163,1.0798,1.08134
1730228400,1.08135,1.08184,1.08109,1.0818
1730235600,1.08135,1.08216,1.08115,1.08201
1730242800,1.08206,1.08262,1.0818,1.0822
1730250000,1.08221,1.08259,1.08172,1.08182
1730257200,1.08183,1.08183,1.08131,1.08167
1730264400,1.08166,1.08263,1.08139,1.08236
1730271600,1.08238,1.08445,1.08159,1.08344
1730278800,1.08345,1.08593,1.08312,1.08343
1730286000,1.08344,1.08356,1.08082,1.08142
1730293200,1.08142,1.0858,1.08115,1.08489
1730300400,1.0849,1.08669,1.08419,1.08612
1730307600,1.08609,1.08713,1.08537,1.08693
1730314800,1.08694,1.08694,1.08554,1.08566
1730322000,1.08558,1.08597,1.08542,1.08585
1730329200,1.08586,1.08601,1.0853,1.08536
1730336400,1.08536,1.08584,1.08441,1.08491
1730343600,1.0849,1.08535,1.08448,1.0848
1730350800,1.08479,1.0856,1.08466,1.08519
1730358000,1.08521,1.08638,1.08475,1.08563
1730365200,1.08562,1.08756,1.08544,1.0867
1730372400,1.08666,1.08867,1.08592,1.08797
1730379600,1.08797,1.08882,1.08513,1.08653
1730386800,1.08652,1.08652,1.08468,1.08583
1730394000,1.08584,1.08732,1.08555,1.08705
1730401200,1.08707,1.0885,1.08681,1.08839
1730408400,1.08827,1.08864,1.08813,1.0886
1730415600,1.08862,1.08875,1.08806,1.08866
1730422800,1.08865,1.08888,1.08766,1.08784
1730430000,1.08788,1.08792,1.08751,1.08772
1730437200,1.08773,1.08781,1.08709,1.08731
1730444400,1.0873,1.08776,1.08575,1.08624
1730451600,1.08628,1.08686,1.08523,1.08607
1730458800,1.08604,1.09059,1.08588,1.08862
1730466000,1.08861,1.08898,1.08498,1.08545
1730473200,1.08544,1.08588,1.08464,1.08526
1730480400,1.08523,1.0853,1.0834,1.08395
1730487600,1.08391,1.08419,1.08319,1.08341
1730671200,1.08748,1.0881,1.08711,1.08729
1730678400,1.08728,1.08913,1.08698,1.08883
1730685600,1.0888,1.09049,1.08848,1.09016
1730692800,1.09015,1.0903,1.08942,1.0899
1730700000,1.08991,1.09021,1.08872,1.08913
1730707200,1.08916,1.09022,1.08894,1.08962
1730714400,1.08963,1.09141,1.08936,1.09134
1730721600,1.09133,1.09148,1.08933,1.09053
1730728800,1.09054,1.09099,1.08956,1.08994
1730736000,1.08993,1.09011,1.08799,1.08888
1730743200,1.08889,1.08892,1.08777,1.08789
1730750400,1.0879,1.08816,1.0874,1.08769
1730757600,1.08755,1.08794,1.08734,1.08737
1730764800,1.08739,1.08783,1.08727,1.08776
1730772000,1.08775,1.088,1.08753,1.08758
1730779200,1.08757,1.08802,1.08743,1.08786
1730786400,1.08786,1.0891,1.08772,1.08887
1730793600,1.08888,1.08978,1.08842,1.0892
1730800800,1.0892,1.09018,1.08905,1.08995
1730808000,1.08996,1.09015,1.08895,1.08928
1730815200,1.08929,1.09123,1.08889,1.09021
1730822400,1.09019,1.09305,1.09011,1.09302
1730829600,1.09303,1.09367,1.09271,1.0931
1730836800,1.09311,1.09312,1.09241,1.09297
1730844000,1.09239,1.09373,1.09119,1.09341
1730851200,1.0934,1.0934,1.08217,1.08363
1730858400,1.08363,1.08391,1.0719,1.07466
1730865600,1.07469,1.07946,1.07394,1.07602
1730872800,1.07603,1.07615,1.07027,1.07343
1730880000,1.07337,1.07814,1.07321,1.07554
1730887200,1.07551,1.07619,1.07013,1.07081
1730894400,1.0708,1.07191,1.06826,1.07098
1730901600,1.07096,1.07399,1.06985,1.07385
1730908800,1.07383,1.07452,1.07258,1.07273
1730916000,1.07276,1.07583,1.07261,1.07353
1730923200,1.07354,1.07385,1.07283,1.07288
1730930400,1.07245,1.07345,1.07243,1.07317
1730937600,1.07315,1.07374,1.07128,1.07178
1730944800,1.0718,1.07414,1.07174,1.07399
1730952000,1.07397,1.07479,1.07342,1.07463
1730959200,1.07462,1.07702,1.07412,1.07522
1730966400,1.07525,1.07717,1.07461,1.07464
1730973600,1.07463,1.07666,1.07463,1.07591
1730980800,1.07592,1.07946,1.07564,1.07924
1730988000,1.07923,1.08248,1.07813,1.08108
1730995200,1.0811,1.0815,1.07847,1.08048
1731002400,1.0805,1.08067,1.07672,1.07819
1731009600,1.0782,1.08097,1.07801,1.0803
1731016800,1.08046,1.0805,1.07942,1.07955
1731024000,1.07956,1.07977,1.0779,1.0787
1731031200,1.07871,1.07899,1.07769,1.07782
1731038400,1.07783,1.07866,1.07764,1.07818
1731045600,1.0782,1.0784,1.07728,1.07798
1731052800,1.07797,1.07894,1.07611,1.0779
1731060000,1.07792,1.07975,1.0767,1.0783
1731067200,1.07833,1.07845,1.07444,1.07532
1731074400,1.07531,1.0766,1.07401,1.07484
1731081600,1.07483,1.07504,1.0687,1.07091
1731088800,1.07092,1.07188,1.06999,1.07136
1731096000,1.07133,1.07216,1.07105,1.07179
1731276000,1.0704,1.0717,1.07039,1.07133
1731283200,1.07129,1.0728,1.07086,1.07204
1731290400,1.07205,1.0727,1.07152,1.07169
1731297600,1.07168,1.0719,1.07078,1.07175
1731304800,1.07174,1.07222,1.06858,1.06901
1731312000,1.06901,1.06945,1.06681,1.06816
1731319200,1.06814,1.06887,1.06557,1.06627
1731326400,1.06625,1.06647,1.06369,1.06482
1731333600,1.06483,1.06577,1.06286,1.06474
1731340800,1.06476,1.06566,1.06449,1.06492
1731348000,1.06489,1.06572,1.06458,1.06513
1731355200,1.06511,1.06579,1.06511,1.06557
1731362400,1.06479,1.0663,1.0646,1.0663
1731369600,1.06629,1.0663,1.06478,1.06484
1731376800,1.06483,1.06521,1.06381,1.06385
1731384000,1.06384,1.06459,1.06381,1.06399
1731391200,1.06392,1.06394,1.06219,1.06323
1731398400,1.06322,1.06342,1.06166,1.0626
1731405600,1.06261,1.06298,1.06113,1.06189
1731412800,1.06188,1.06272,1.06062,1.06231
1731420000,1.0623,1.0626,1.06016,1.06091
1731427200,1.06089,1.06158,1.05946,1.06069
1731434400,1.0607,1.06187,1.06065,1.06125
1731441600,1.06121,1.06268,1.06094,1.06236
1731448800,1.06211,1.06233,1.06138,1.06166
1731456000,1.06168,1.06293,1.06109,1.0628
1731463200,1.06281,1.06294,1.06178,1.06191
1731470400,1.0619,1.06226,1.06097,1.06131
1731477600,1.06131,1.0617,1.06024,1.06031
1731484800,1.06031,1.06298,1.05931,1.0627
1731492000,1.06271,1.06383,1.06103,1.06377
1731499200,1.06379,1.06535,1.06233,1.06366
1731506400,1.06367,1.06382,1.05557,1.05888
1731513600,1.05889,1.05922,1.05616,1.05688
1731520800,1.05689,1.0576,1.05565,1.05655
1731528000,1.05662,1.05689,1.05589,1.05643
1731535200,1.05626,1.0566,1.05576,1.05657
1731542400,1.05657,1.05687,1.0551,1.05561
1731549600,1.0556,1.05578,1.05454,1.05478
1731556800,1.05477,1.05503,1.05344,1.05471
1731564000,1.05471,1.05548,1.05406,1.05512
1731571200,1.05513,1.05583,1.05179,1.05204
1731578400,1.05203,1.0534,1.04967,1.05291
1731585600,1.05291,1.05451,1.05135,1.05304
1731592800,1.05301,1.05777,1.05297,1.05748
1731600000,1.05744,1.05826,1.05546,1.05593
1731607200,1.05595,1.05607,1.05434,1.05478
1731614400,1.05478,1.05498,1.0512,1.05301
1731621600,1.05269,1.05329,1.05258,1.05296
1731628800,1.05297,1.05416,1.05236,1.05319
1731636000,1.05318,1.05461,1.05318,1.05404
1731643200,1.05403,1.0546,1.05391,1.05403
1731650400,1.05402,1.0564,1.05337,1.05565
1731657600,1.05563,1.05799,1.05522,1.05623
1731664800,1.05622,1.05801,1.05588,1.05772
1731672000,1.05773,1.05927,1.05541,1.05586
1731679200,1.05584,1.05633,1.05232,1.05353
1731686400,1.05354,1.05601,1.05332,1.05488
1731693600,1.05491,1.05548,1.05361,1.05373
1731700800,1.05372,1.05379,1.05165,1.05333
1731880800,1.05294,1.05388,1.05282,1.05364
1731888000,1.05364,1.05507,1.05331,1.05422
1731895200,1.0542,1.05466,1.05303,1.05342
1731902400,1.05343,1.05441,1.05336,1.05381
1731909600,1.05377,1.05485,1.05362,1.05472
1731916800,1.05473,1.05712,1.05417,1.05663
1731924000,1.0566,1.05671,1.05325,1.05425
1731931200,1.05426,1.05686,1.05347,1.05678
1731938400,1.05677,1.05755,1.05605,1.05735
1731945600,1.05735,1.05926,1.05651,1.05911
1731952800,1.05907,1.06072,1.0587,1.05909
1731960000,1.05907,1.06005,1.0589,1.05982
1731967200,1.0597,1.05992,1.05932,1.05946
1731974400,1.05947,1.05963,1.05873,1.05932
1731981600,1.05933,1.06007,1.05889,1.05969
1731988800,1.05968,1.06008,1.05826,1.05835
1731996000,1.05836,1.05964,1.05744,1.05777
1732003200,1.05775,1.05882,1.05237,1.05495
1732010400,1.05495,1.05693,1.05434,1.05619
1732017600,1.0562,1.05968,1.05595,1.05768
1732024800,1.05769,1.06008,1.05657,1.05867
1732032000,1.05868,1.05929,1.05709,1.05804
1732039200,1.05801,1.05953,1.05709,1.05938
1732046400,1.05936,1.05979,1.05914,1.05962
1732053600,1.059,1.0608,1.05889,1.06073
1732060800,1.06073,1.06099,1.05959,1.06001
1732068000,1.06003,1.06034,1.05884,1.05898
1732075200,1.05897,1.05945,1.05867,1.05873
1732082400,1.05872,1.05956,1.05766,1.05785
1732089600,1.05784,1.05792,1.05533,1.05557
1732096800,1.05555,1.05616,1.05422,1.05544
1732104000,1.05546,1.05679,1.05515,1.05567
1732111200,1.05566,1.0557,1.0516,1.05218
1732118400,1.05217,1.05364,1.0507,1.05321
1732125600,1.0532,1.05423,1.05255,1.05395
1732132800,1.05396,1.05444,1.05362,1.05434
1732140000,1.05405,1.05459,1.054,1.05457
1732147200,1.05456,1.05498,1.05423,1.05458
1732154400,1.05459,1.05534,1.05454,1.05532
1732161600,1.05531,1.05549,1.0546,1.05465
1732168800,1.0547,1.05544,1.05297,1.05365
1732176000,1.05366,1.05433,1.05139,1.05169
1732183200,1.05171,1.05315,1.05139,1.05202
1732190400,1.05205,1.05391,1.05147,1.05329
1732197600,1.05332,1.05446,1.05091,1.05105
1732204800,1.05104,1.05149,1.04623,1.04876
1732212000,1.04874,1.04893,1.04731,1.04846
1732219200,1.04844,1.04869,1.04715,1.04736
1732226400,1.04732,1.04775,1.04677,1.0469
1732233600,1.04691,1.04779,1.04663,1.04716
1732240800,1.04717,1.04784,1.0467,1.0475
1732248000,1.04746,1.04763,1.04616,1.04647
1732255200,1.04646,1.04893,1.04624,1.04862
1732262400,1.04861,1.04978,1.0331,1.0402
1732269600,1.04021,1.04374,1.03851,1.04168
1732276800,1.04172,1.04343,1.03978,1.04295
1732284000,1.04296,1.04349,1.03952,1.04106
1732291200,1.04111,1.04206,1.03918,1.04191
1732298400,1.04188,1.04254,1.04088,1.04109
1732305600,1.04108,1.04184,1.04081,1.04175
1732485600,1.04786,1.05012,1.04612,1.04794
1732492800,1.04793,1.04902,1.04736,1.0478
1732500000,1.04777,1.04894,1.04744,1.0478
1732507200,1.04778,1.04831,1.04743,1.04793
1732514400,1.04792,1.04897,1.04499,1.04504
1732521600,1.04508,1.04973,1.04491,1.04896
1732528800,1.04894,1.04969,1.0475,1.04796
1732536000,1.04795,1.05305,1.0474,1.05285
1732543200,1.05287,1.05301,1.04864,1.04886
1732550400,1.04887,1.04948,1.04668,1.04861
1732557600,1.04859,1.05109,1.04858,1.05057
1732564800,1.05056,1.05095,1.04919,1.0496
1732572000,1.04856,1.05009,1.04431,1.04439
1732579200,1.04444,1.04645,1.0425,1.04542
1732586400,1.04542,1.04802,1.04511,1.0478
1732593600,1.04781,1.04907,1.04741,1.04753
1732600800,1.04752,1.04857,1.04718,1.0472
1732608000,1.04722,1.0519,1.04701,1.05073
1732615200,1.05072,1.05209,1.0505,1.05134
1732622400,1.05133,1.05447,1.05001,1.05038
1732629600,1.05037,1.051,1.04783,1.04797
1732636800,1.04798,1.04864,1.04635,1.04705
1732644000,1.04706,1.04803,1.04572,1.04727
1732651200,1.04728,1.04903,1.04718,1.04894
1732658400,1.04792,1.04919,1.04792,1.04918
1732665600,1.04917,1.04967,1.04846,1.04869
1732672800,1.04866,1.04882,1.04777,1.04829
1732680000,1.0483,1.04839,1.04744,1.04769
1732687200,1.0477,1.05053,1.04754,1.04982
1732694400,1.04981,1.05403,1.04961,1.05166
1732701600,1.05165,1.05307,1.05103,1.05262
1732708800,1.05261,1.05739,1.05199,1.05727
1732716000,1.05731,1.05799,1.05331,1.05705
1732723200,1.05706,1.05877,1.05548,1.05766
1732730400,1.05765,1.05787,1.05606,1.05629
1732737600,1.05628,1.05684,1.05593,1.05666
1732744800,1.05642,1.05696,1.05609,1.0562
1732752000,1.05621,1.05629,1.05474,1.05573
1732759200,1.05578,1.05612,1.05501,1.05524
1732766400,1.05529,1.05582,1.05489,1.05499
1732773600,1.055,1.05554,1.05321,1.05415
1732780800,1.05413,1.05568,1.05276,1.0532
1732788000,1.05321,1.05565,1.05299,1.055
1732795200,1.05499,1.0554,1.05302,1.0534
1732802400,1.0534,1.05572,1.05314,1.05525
1732809600,1.05526,1.05557,1.05475,1.05528
1732816800,1.05529,1.05571,1.05521,1.05568
1732824000,1.05569,1.05571,1.0553,1.05539
1732831200,1.05452,1.05622,1.05438,1.05602
1732838400,1.05601,1.05747,1.05567,1.056
1732845600,1.05599,1.05758,1.0559,1.05739
1732852800,1.05738,1.05769,1.05663,1.0568
1732860000,1.05678,1.05971,1.05652,1.05796
1732867200,1.05796,1.05823,1.0552,1.05577
1732874400,1.05575,1.05735,1.0555,1.05626
1732881600,1.05628,1.05686,1.05481,1.0563
1732888800,1.05632,1.05678,1.05454,1.05612
1732896000,1.05613,1.05677,1.05414,1.05672
1732903200,1.05674,1.05802,1.05674,1.05799
1732910400,1.05798,1.05846,1.05751,1.05767
1733090400,1.05641,1.0569,1.05337,1.0544
1733097600,1.05438,1.05464,1.05273,1.05306
1733104800,1.05305,1.05321,1.05199,1.05235
1733112000,1.05236,1.05293,1.05151,1.0522
1733119200,1.05219,1.05371,1.05018,1.05028
1733126400,1.05022,1.05192,1.04961,1.05135
1733133600,1.05139,1.05286,1.05061,1.05231
1733140800,1.0523,1.05381,1.04949,1.05058
1733148000,1.05061,1.05146,1.04623,1.04692
1733155200,1.04695,1.04991,1.04605,1.04877
1733162400,1.04879,1.04945,1.04847,1.04904
1733169600,1.04903,1.05163,1.04888,1.04976
1733176800,1.0497,1.05017,1.04942,1.05008
1733184000,1.05003,1.05016,1.04839,1.04881
1733191200,1.0488,1.04945,1.04825,1.04904
1733198400,1.04905,1.04925,1.04808,1.04915
1733205600,1.04914,1.05116,1.04834,1.04981
1733212800,1.0498,1.05309,1.04971,1.05203
1733220000,1.05207,1.05299,1.05122,1.05225
1733227200,1.05226,1.05269,1.05063,1.0524
1733234400,1.05244,1.05291,1.0492,1.05166
1733241600,1.0517,1.05303,1.05031,1.05283
1733248800,1.05284,1.05352,1.05045,1.05046
1733256000,1.05039,1.05128,1.05028,1.05094
1733263200,1.05052,1.05112,1.05018,1.05101
1733270400,1.05102,1.05126,1.04971,1.05061
1733277600,1.05062,1.05085,1.04881,1.04937
1733284800,1.04937,1.05203,1.04909,1.05151
1733292000,1.05154,1.05292,1.05074,1.05089
1733299200,1.05088,1.05151,1.04824,1.05029
1733306400,1.05031,1.05125,1.04957,1.0505
1733313600,1.05048,1.05051,1.04795,1.04835
1733320800,1.04833,1.05443,1.04719,1.05292
1733328000,1.05295,1.05428,1.05201,1.05373
1733335200,1.05372,1.0539,1.05074,1.05138
1733342400,1.05137,1.05175,1.05049,1.05102
1733349600,1.05079,1.05155,1.05055,1.05125
1733356800,1.05125,1.05159,1.05082,1.05122
1733364000,1.05123,1.05234,1.05102,1.0523
1733371200,1.05231,1.0529,1.05173,1.05265
1733378400,1.05266,1.05387,1.05229,1.05354
1733385600,1.0535,1.05466,1.05215,1.05289
1733392800,1.05281,1.0538,1.05235,1.05367
1733400000,1.05367,1.05684,1.05238,1.05671
1733407200,1.05674,1.05895,1.05511,1.05725
1733414400,1.05724,1.05784,1.05575,1.05674
1733421600,1.05676,1.05888,1.0557,1.05874
1733428800,1.05873,1.05884,1.05809,1.05876
1733436000,1.05839,1.05883,1.05818,1.05865
1733443200,1.05865,1.05865,1.0566,1.05687
1733450400,1.05688,1.05804,1.05683,1.0576
1733457600,1.05759,1.05772,1.05688,1.05723
1733464800,1.05724,1.05847,1.05674,1.0584
1733472000,1.05839,1.05944,1.05712,1.05774
1733479200,1.05775,1.0589,1.05714,1.05873
1733486400,1.05871,1.06296,1.05792,1.06046
1733493600,1.06045,1.06071,1.05444,1.05635
1733500800,1.05641,1.05755,1.05472,1.05512
1733508000,1.05511,1.05612,1.05422,1.05545
1733515200,1.05549,1.05693,1.0554,1.05681
1733695200,1.05549,1.05695,1.05539,1.05657
1733702400,1.05658,1.0566,1.05513,1.05519
1733709600,1.0552,1.05566,1.05367,1.05373
1733716800,1.05373,1.05401,1.05322,1.05373
1733724000,1.05372,1.05663,1.05367,1.05643
1733731200,1.05644,1.05751,1.05566,1.05663
1733738400,1.05665,1.05854,1.05665,1.0569
1733745600,1.05689,1.05777,1.05578,1.05761
1733752800,1.05762,1.05927,1.05717,1.05911
1733760000,1.0591,1.05946,1.05666,1.05669
1733767200,1.0567,1.05676,1.05515,1.05554
1733774400,1.05555,1.05577,1.05471,1.05536
1733781600,1.05535,1.0557,1.0551,1.05542
1733788800,1.05543,1.05545,1.05455,1.05533
1733796000,1.05532,1.05615,1.0549,1.05566
1733803200,1.05567,1.05628,1.05541,1.05621
1733810400,1.05622,1.05681,1.0547,1.05489
1733817600,1.05489,1.05516,1.05231,1.05312
1733824800,1.05311,1.0538,1.05239,1.05316
1733832000,1.05316,1.05337,1.05159,1.0523
1733839200,1.05232,1.05314,1.04984,1.05038
1733846400,1.05041,1.05169,1.04997,1.05096
1733853600,1.05097,1.05314,1.05086,1.05268
1733860800,1.05269,1.05307,1.05237,1.05274
1733868000,1.05271,1.05321,1.05262,1.05311
1733875200,1.05315,1.05358,1.05277,1.05346
1733882400,1.05345,1.05395,1.05278,1.05284
1733889600,1.05282,1.05306,1.05205,1.05241
1733896800,1.0524,1.05284,1.04881,1.04902
1733904000,1.04905,1.05126,1.04898,1.05007
1733911200,1.05005,1.05052,1.0487,1.05034
1733918400,1.05035,1.05374,1.05001,1.05242
1733925600,1.05238,1.05291,1.04802,1.04908
1733932800,1.0491,1.05121,1.04852,1.04877
1733940000,1.04878,1.05001,1.04816,1.04913
1733947200,1.04915,1.04975,1.04883,1.04957
1733954400,1.04928,1.05064,1.04904,1.05055
1733961600,1.05055,1.05089,1.05023,1.05061
1733968800,1.05062,1.05087,1.05008,1.05054
1733976000,1.05053,1.05095,1.05035,1.05065
1733983200,1.05067,1.0531,1.05043,1.05163
1733990400,1.05158,1.05207,1.05048,1.051
1733997600,1.05099,1.05143,1.04944,1.05026
1734004800,1.05026,1.05039,1.04692,1.04846
1734012000,1.04851,1.05212,1.04638,1.04727
1734019200,1.04728,1.05174,1.04718,1.05008
1734026400,1.05011,1.05026,1.04723,1.04727
1734033600,1.04726,1.04747,1.04641,1.04662
1734040800,1.04643,1.04742,1.04643,1.04738
1734048000,1.04735,1.04806,1.04635,1.04652
1734055200,1.04654,1.04668,1.04597,1.04602
1734062400,1.04601,1.04659,1.04563,1.04653
1734069600,1.04652,1.04663,1.0453,1.04595
1734076800,1.04595,1.0494,1.04564,1.04867
1734084000,1.04875,1.04958,1.04834,1.04888
1734091200,1.04887,1.05242,1.04879,1.05105
1734098400,1.05106,1.05106,1.04822,1.04891
1734105600,1.04892,1.05062,1.04868,1.04965
1734112800,1.04964,1.05027,1.04892,1.04951
1734120000,1.04952,1.05044,1.04928,1.05036
1734300000,1.04854,1.05111,1.04829,1.05097
1734307200,1.05095,1.05212,1.05093,1.05189
1734314400,1.05189,1.0523,1.05098,1.05119
1734321600,1.05121,1.05215,1.05118,1.05195
1734328800,1.05193,1.05209,1.05044,1.0505
1734336000,1.05047,1.05246,1.05001,1.05052
1734343200,1.05053,1.05063,1.04834,1.04907
1734350400,1.04911,1.05082,1.04899,1.05079
1734357600,1.05077,1.05124,1.04743,1.05066
1734364800,1.05065,1.05206,1.04954,1.05113
1734372000,1.05114,1.05227,1.05058,1.051
1734379200,1.05101,1.05157,1.05068,1.05115
1734386400,1.05101,1.05185,1.05072,1.0517
1734393600,1.05168,1.05344,1.0515,1.05214
1734400800,1.05213,1.0527,1.05113,1.05124
1734408000,1.05122,1.05126,1.05026,1.05048
1734415200,1.05048,1.05093,1.04956,1.04975
1734422400,1.04974,1.04999,1.04804,1.04853
1734429600,1.04868,1.04942,1.0479,1.04913
1734436800,1.04912,1.05065,1.04881,1.05048
1734444000,1.05046,1.05116,1.04957,1.04988
1734451200,1.04989,1.05159,1.04946,1.04999
1734458400,1.04996,1.05044,1.04881,1.04885
1734465600,1.04886,1.0493,1.04853,1.04915
1734472800,1.04908,1.04955,1.04905,1.04946
1734480000,1.04945,1.0503,1.04928,1.05022
1734487200,1.05024,1.05037,1.04963,1.04991
1734494400,1.04992,1.05059,1.04961,1.05023
1734501600,1.05024,1.05129,1.04937,1.0497
1734508800,1.04968,1.04988,1.04877,1.04942
1734516000,1.04944,1.05036,1.0489,1.04967
1734523200,1.04968,1.05022,1.04827,1.04921
1734530400,1.04922,1.05032,1.04698,1.04738
1734537600,1.04742,1.04808,1.04671,1.04753
1734544800,1.04754,1.04926,1.03733,1.0377
1734552000,1.03774,1.03805,1.03443,1.03498
1734559200,1.03475,1.03607,1.0347,1.03508
1734566400,1.03506,1.03801,1.03505,1.03781
1734573600,1.03785,1.03908,1.03723,1.03783
1734580800,1.03782,1.03856,1.03747,1.03822
1734588000,1.03821,1.04093,1.03775,1.0395
1734595200,1.03949,1.04224,1.03905,1.04125
1734602400,1.04124,1.04158,1.04002,1.04034
1734609600,1.04035,1.04139,1.03859,1.0399
1734616800,1.03991,1.04071,1.03768,1.038
1734624000,1.03799,1.03846,1.03547,1.03617
1734631200,1.03618,1.03773,1.03555,1.03613
1734638400,1.03617,1.03694,1.03588,1.0363
1734645600,1.03614,1.03657,1.03608,1.03645
1734652800,1.03644,1.03693,1.03589,1.03636
1734660000,1.03634,1.03657,1.03592,1.0362
1734667200,1.03622,1.03668,1.03566,1.03662
1734674400,1.03664,1.03853,1.0343,1.03828
1734681600,1.03829,1.03985,1.03759,1.0383
1734688800,1.03831,1.03976,1.03795,1.03916
1734696000,1.03919,1.04191,1.03876,1.04075
1734703200,1.0407,1.04091,1.03861,1.0397
1734710400,1.03969,1.04448,1.03959,1.04286
1734717600,1.04285,1.04475,1.04225,1.0445
1734724800,1.04449,1.04472,1.04221,1.04285
1734904800,1.04262,1.04444,1.04262,1.04337
1734912000,1.04338,1.04384,1.04267,1.04361
1734919200,1.04362,1.04432,1.04359,1.04394
1734926400,1.04392,1.04454,1.04388,1.04402
1734933600,1.04402,1.04421,1.04114,1.04128
1734940800,1.04129,1.04195,1.04072,1.04078
1734948000,1.0408,1.04097,1.03869,1.04
1734955200,1.03998,1.0403,1.03856,1.03994
1734962400,1.03998,1.04084,1.03842,1.03908
1734969600,1.03907,1.0418,1.03895,1.03977
1734976800,1.03975,1.04126,1.03975,1.04115
1734984000,1.04112,1.04141,1.04033,1.04064
1734991200,1.04,1.04084,1.03993,1.04041
1734998400,1.0404,1.04047,1.0398,1.04029
1735005600,1.04028,1.04088,1.03887,1.0391
1735012800,1.03909,1.03977,1.03909,1.0397
1735020000,1.03971,1.03986,1.03903,1.03907
1735027200,1.03909,1.04057,1.03901,1.0392
1735034400,1.03919,1.04035,1.03892,1.03948
1735041600,1.03948,1.04037,1.03891,1.04026
1735048800,1.04025,1.04103,1.03906,1.03917
1735056000,1.03918,1.03964,1.03835,1.03884
1735063200,1.03884,1.03976,1.03869,1.03924
1735164000,1.03997,1.04039,1.03957,1.03991
1735171200,1.0399,1.04009,1.0393,1.03972
1735178400,1.03971,1.04044,1.03967,1.04008
1735185600,1.04006,1.04028,1.03971,1.03978
1735192800,1.03977,1.04004,1.03906,1.03976
1735200000,1.03974,1.04002,1.03912,1.03992
1735207200,1.03992,1.04031,1.03983,1.04013
1735214400,1.04013,1.04058,1.03927,1.04027
1735221600,1.04027,1.04151,1.0395,1.0409
1735228800,1.04091,1.0423,1.04065,1.04121
1735236000,1.04118,1.043,1.04117,1.04176
1735243200,1.04174,1.04232,1.04156,1.04229
1735250400,1.04148,1.04244,1.04135,1.04219
1735257600,1.04219,1.0424,1.04123,1.04132
1735264800,1.04133,1.0414,1.04068,1.04127
1735272000,1.04126,1.04134,1.04073,1.04094
1735279200,1.04093,1.04249,1.0405,1.0422
1735286400,1.04219,1.04258,1.04091,1.04169
1735293600,1.0417,1.04408,1.04116,1.04388
1735300800,1.04387,1.0444,1.04283,1.04385
1735308000,1.04389,1.04399,1.04159,1.04219
1735315200,1.0422,1.04327,1.04147,1.04213
1735322400,1.04212,1.04305,1.04208,1.04285
1735329600,1.04283,1.04285,1.04219,1.0424
1735509600,1.04266,1.0434,1.04243,1.04295
1735516800,1.04303,1.04314,1.04251,1.04253
1735524000,1.04252,1.04276,1.04208,1.04246
1735531200,1.04247,1.04269,1.04229,1.04252
1735538400,1.04253,1.04316,1.04212,1.04269
1735545600,1.04262,1.04393,1.04095,1.04339
1735552800,1.04338,1.04521,1.04327,1.04479
1735560000,1.0448,1.04585,1.03854,1.0388
1735567200,1.03883,1.04089,1.03717,1.03805
1735574400,1.03805,1.03954,1.03747,1.03942
1735581600,1.03944,1.04071,1.03937,1.03967
1735588800,1.03966,1.04067,1.03953,1.04065
1735596000,1.03972,1.04061,1.0397,1.04058
1735603200,1.04059,1.04133,1.03971,1.04121
1735610400,1.0412,1.04148,1.04072,1.04087
1735617600,1.04086,1.04093,1.04025,1.0404
1735624800,1.04041,1.04131,1.03997,1.0412
1735632000,1.04122,1.04245,1.0406,1.04188
1735639200,1.04187,1.042,1.04052,1.04104
1735646400,1.04103,1.04143,1.03836,1.03931
1735653600,1.03932,1.03944,1.03527,1.03549
1735660800,1.0355,1.03614,1.03439,1.0349
1735668000,1.03486,1.03645,1.03457,1.0356
1735768800,1.03516,1.03574,1.03466,1.03509
1735776000,1.0351,1.03608,1.03444,1.03579
1735783200,1.0358,1.03743,1.03576,1.03716
1735790400,1.03716,1.03751,1.03618,1.03639
1735797600,1.0364,1.03726,1.036,1.03627
1735804800,1.03636,1.03709,1.03463,1.03516
1735812000,1.03515,1.03571,1.03137,1.03321
1735819200,1.03322,1.03343,1.03115,1.03134
1735826400,1.03135,1.03238,1.02725,1.0274
1735833600,1.02741,1.02762,1.02247,1.02649
1735840800,1.0265,1.02663,1.0248,1.02511
1735848000,1.02512,1.0268,1.02508,1.0267
1735855200,1.02541,1.02682,1.02528,1.02678
1735862400,1.02679,1.02736,1.0266,1.02675
1735869600,1.02674,1.02748,1.02668,1.02708
1735876800,1.02707,1.02736,1.02645,1.02718
1735884000,1.02716,1.02848,1.02688,1.02809
1735891200,1.02807,1.03,1.02727,1.02903
1735898400,1.02902,1.03029,1.02792,1.02973
1735905600,1.02972,1.03011,1.02914,1.02931
1735912800,1.0293,1.03059,1.02732,1.02892
1735920000,1.0289,1.03057,1.02835,1.0298
1735927200,1.02981,1.03062,1.02925,1.03014
1735934400,1.03012,1.03099,1.02989,1.03081
1736114400,1.03022,1.03081,1.02939,1.03052
1736121600,1.03051,1.03138,1.02955,1.03123
1736128800,1.03122,1.03183,1.03109,1.03165
1736136000,1.03163,1.03182,1.03086,1.0309
1736143200,1.03088,1.03285,1.03078,1.03273
1736150400,1.03274,1.03688,1.03266,1.03558
1736157600,1.03559,1.04326,1.03288,1.04218
1736164800,1.04219,1.0437,1.03922,1.04167
1736172000,1.04168,1.04237,1.03528,1.03935
1736179200,1.03938,1.04029,1.03795,1.03874
1736186400,1.03875,1.03919,1.03772,1.03885
1736193600,1.0388,1.03923,1.03859,1.03898
1736200800,1.0382,1.0391,1.03779,1.03833
1736208000,1.03834,1.03854,1.03763,1.03813
1736215200,1.03811,1.03931,1.038,1.03929
1736222400,1.03928,1.04034,1.03905,1.03968
1736229600,1.03967,1.04244,1.03963,1.04148
1736236800,1.04146,1.04343,1.04033,1.04275
1736244000,1.0427,1.04345,1.04052,1.04135
1736251200,1.04136,1.04173,1.03866,1.03965
1736258400,1.03966,1.03978,1.03552,1.03729
1736265600,1.0373,1.03816,1.03539,1.03671
1736272800,1.0367,1.03695,1.03495,1.03554
1736280000,1.03551,1.03561,1.03397,1.03399
1736287200,1.03393,1.03451,1.03381,1.03415
1736294400,1.03417,1.03531,1.03416,1.0353
1736301600,1.03529,1.03549,1.03462,1.03478
1736308800,1.03477,1.0356,1.03474,1.0355
1736316000,1.0355,1.03576,1.03283,1.03326
1736323200,1.0332,1.03399,1.03154,1.03196
1736330400,1.03193,1.03214,1.02733,1.02977
1736337600,1.02978,1.03045,1.02807,1.03035
1736344800,1.03034,1.031,1.02888,1.03016
1736352000,1.03017,1.03145,1.02945,1.03054
1736359200,1.03055,1.03244,1.03053,1.03092
1736366400,1.03094,1.03195,1.0308,1.03194
1736373600,1.03136,1.03188,1.03129,1.03133
1736380800,1.03133,1.03174,1.03047,1.03143
1736388000,1.03144,1.03216,1.03108,1.03109
1736395200,1.03109,1.03127,1.03056,1.03066
1736402400,1.03067,1.03084,1.02878,1.02909
1736409600,1.0291,1.03178,1.02836,1.03058
1736416800,1.03059,1.03126,1.02968,1.03011
1736424000,1.0301,1.03188,1.02964,1.03081
1736431200,1.03079,1.03147,1.0295,1.02993
1736438400,1.02994,1.0302,1.0291,1.02974
1736445600,1.02972,1.03026,1.0294,1.0298
1736452800,1.02984,1.03037,1.02984,1.02996
1736460000,1.02988,1.03019,1.02957,1.02966
1736467200,1.02965,1.03045,1.02921,1.03018
1736474400,1.03019,1.03039,1.02976,1.02985
1736481600,1.02984,1.03001,1.02845,1.02859
1736488800,1.02858,1.02972,1.02812,1.0297
1736496000,1.02971,1.0312,1.02928,1.03
1736503200,1.02999,1.03061,1.0299,1.03018
1736510400,1.03017,1.03119,1.02133,1.02564
1736517600,1.02562,1.02784,1.02364,1.02504
1736524800,1.02503,1.02514,1.02277,1.02444
1736532000,1.02446,1.02489,1.02351,1.02455
1736539200,1.02456,1.02488,1.0237,1.02447
1736719200,1.02293,1.0247,1.02293,1.0243
1736726400,1.02431,1.025,1.02366,1.02419
1736733600,1.0242,1.02452,1.0213,1.02154
1736740800,1.02155,1.02204,1.02079,1.02195
1736748000,1.02196,1.0225,1.02073,1.02153
1736755200,1.02154,1.02313,1.01773,1.01934
1736762400,1.01932,1.02073,1.01862,1.01959
1736769600,1.01962,1.02207,1.0188,1.02085
1736776800,1.02085,1.02128,1.01957,1.0197
1736784000,1.01971,1.02197,1.01918,1.02179
1736791200,1.0218,1.02216,1.02073,1.02074
1736798400,1.02072,1.02467,1.02071,1.02426
1736805600,1.02386,1.02776,1.02383,1.0264
1736812800,1.02638,1.0264,1.02411,1.02491
1736820000,1.02496,1.02552,1.02385,1.02485
1736827200,1.02484,1.0255,1.02424,1.0245
1736834400,1.02456,1.02661,1.02453,1.02544
1736841600,1.02547,1.02747,1.02531,1.02596
1736848800,1.02594,1.02635,1.02521,1.02539
1736856000,1.02537,1.02729,1.02397,1.02531
1736863200,1.02534,1.02958,1.02436,1.0295
1736870400,1.02948,1.03043,1.02792,1.02882
1736877600,1.02881,1.03057,1.02868,1.02981
1736884800,1.02982,1.03084,1.02965,1.03079
1736892000,1.03045,1.03084,1.03007,1.03062
1736899200,1.03061,1.03063,1.02979,1.03
1736906400,1.03001,1.03022,1.02955,1.03019
1736913600,1.03019,1.03055,1.02925,1.02933
1736920800,1.02931,1.03081,1.02867,1.0306
1736928000,1.03057,1.03168,1.02941,1.03099
1736935200,1.03098,1.03142,1.02996,1.03013
1736942400,1.03012,1.03543,1.02934,1.03447
1736949600,1.03448,1.03456,1.02988,1.03061
1736956800,1.0306,1.03079,1.02593,1.02857
1736964000,1.02862,1.02947,1.02844,1.02933
1736971200,1.02932,1.0299,1.02882,1.02903
1736978400,1.0283,1.02958,1.02826,1.02953
1736985600,1.02954,1.02999,1.0285,1.02895
1736992800,1.02893,1.02929,1.02845,1.0289
1737000000,1.02891,1.02939,1.02807,1.02824
1737007200,1.02825,1.03016,1.02823,1.02976
1737014400,1.02982,1.02999,1.02818,1.02861
1737021600,1.02861,1.02963,1.0283,1.02903
1737028800,1.02902,1.02903,1.02606,1.02816
1737036000,1.0281,1.03058,1.02679,1.03009
1737043200,1.03011,1.03152,1.02862,1.02966
1737050400,1.02965,1.03077,1.02934,1.03018
1737057600,1.03017,1.03038,1.02969,1.03019
1737064800,1.02938,1.03043,1.02923,1.03015
1737072000,1.03013,1.03094,1.0298,1.0305
1737079200,1.03055,1.03092,1.02997,1.03007
1737086400,1.03005,1.0301,1.02875,1.02933
1737093600,1.02934,1.02938,1.02776,1.02845
1737100800,1.02847,1.0304,1.02846,1.02965
1737108000,1.02966,1.03102,1.02965,1.03047
1737115200,1.03048,1.03067,1.02855,1.02901
1737122400,1.02902,1.03304,1.02654,1.02991
1737129600,1.02991,1.03004,1.02787,1.02809
1737136800,1.02808,1.0292,1.02727,1.02763
1737144000,1.02759,1.02816,1.02692,1.02699
1737324000,1.02777,1.02808,1.02665,1.02806
1737331200,1.02804,1.0293,1.02784,1.02908
1737338400,1.0291,1.03065,1.02867,1.03061
1737345600,1.03062,1.03072,1.03017,1.03025
1737352800,1.03024,1.03189,1.02996,1.03164
1737360000,1.03173,1.03177,1.0305,1.03062
1737367200,1.03063,1.03266,1.03063,1.03261
1737374400,1.03263,1.04,1.03079,1.03982
1737381600,1.03983,1.04301,1.03796,1.04006
1737388800,1.04005,1.04056,1.03539,1.03857
1737396000,1.03855,1.04236,1.03835,1.04206
1737403200,1.042,1.04345,1.041,1.04167
1737410400,1.04117,1.04257,1.04055,1.04209
1737417600,1.0421,1.04344,1.03523,1.03701
1737424800,1.03698,1.04012,1.0369,1.03876
1737432000,1.03878,1.03991,1.03776,1.03789
1737439200,1.03787,1.0386,1.03654,1.03734
1737446400,1.03732,1.03732,1.03419,1.03533
1737453600,1.03535,1.03596,1.03429,1.03534
1737460800,1.03533,1.03779,1.03457,1.03777
1737468000,1.03788,1.04106,1.03731,1.04007
1737475200,1.04005,1.04303,1.03982,1.04215
1737482400,1.04214,1.04353,1.04159,1.0418
1737489600,1.04181,1.04297,1.04158,1.0424
1737496800,1.04255,1.04331,1.03923,1.04057
1737504000,1.04057,1.04246,1.04056,1.04098
1737511200,1.04095,1.04165,1.04061,1.0412
1737518400,1.04119,1.04214,1.04083,1.04158
1737525600,1.04155,1.04199,1.04,1.04117
1737532800,1.04116,1.04472,1.04096,1.04468
1737540000,1.04466,1.04574,1.04406,1.04427
1737547200,1.04426,1.0446,1.04224,1.04316
1737554400,1.04312,1.04318,1.04142,1.04201
1737561600,1.04199,1.04231,1.0412,1.04171
1737568800,1.04172,1.04229,1.04119,1.04202
1737576000,1.042,1.04231,1.04079,1.04095
1737583200,1.04029,1.0411,1.04029,1.04079
1737590400,1.04078,1.0416,1.04019,1.04038
1737597600,1.04037,1.04093,1.0397,1.0409
1737604800,1.0409,1.04128,1.04043,1.04053
1737612000,1.04054,1.04122,1.03902,1.04003
1737619200,1.04002,1.04149,1.03902,1.04116
1737626400,1.04118,1.04203,1.04012,1.04034
1737633600,1.04035,1.04149,1.03941,1.04108
1737640800,1.04111,1.04179,1.0387,1.03975
1737648000,1.03976,1.04381,1.03723,1.04355
1737655200,1.04354,1.0437,1.042,1.0423
1737662400,1.04227,1.04293,1.04127,1.04154
1737669600,1.04115,1.04178,1.04115,1.04158
1737676800,1.04157,1.04231,1.04118,1.04159
1737684000,1.04159,1.04539,1.04159,1.04461
1737691200,1.04458,1.04539,1.04431,1.04516
1737698400,1.0452,1.04701,1.04473,1.0461
1737705600,1.04608,1.05153,1.0458,1.04945
1737712800,1.04946,1.04978,1.0481,1.04861
1737720000,1.0486,1.04878,1.04636,1.04686
1737727200,1.04687,1.05207,1.04673,1.05164
1737734400,1.05161,1.05216,1.05057,1.05112
1737741600,1.05111,1.05119,1.0492,1.04954
1737748800,1.04946,1.04974,1.0488,1.04957
1737928800,1.04793,1.04852,1.04652,1.04675
1737936000,1.04675,1.04788,1.04614,1.04629
1737943200,1.0463,1.04776,1.04591,1.04685
1737950400,1.04686,1.0469,1.04559,1.0463
1737957600,1.04633,1.04714,1.0454,1.04573
1737964800,1.04571,1.04937,1.04544,1.04885
1737972000,1.04887,1.05182,1.04887,1.05131
1737979200,1.05134,1.05331,1.05091,1.052
1737986400,1.052,1.05246,1.04938,1.04991
1737993600,1.0499,1.05077,1.04849,1.04887
1738000800,1.04885,1.04943,1.04788,1.04927
1738008000,1.04929,1.04945,1.04858,1.04918
1738015200,1.04864,1.0493,1.04284,1.0437
1738022400,1.04376,1.04565,1.04299,1.04377
1738029600,1.04378,1.04416,1.04248,1.04294
1738036800,1.04294,1.04391,1.04257,1.04364
1738044000,1.04366,1.04442,1.0428,1.04341
1738051200,1.04343,1.04444,1.04194,1.04353
1738058400,1.04352,1.04374,1.04226,1.04234
1738065600,1.04234,1.04312,1.04139,1.04251
1738072800,1.04247,1.04408,1.04212,1.04242
1738080000,1.04243,1.04346,1.04226,1.0428
1738087200,1.04284,1.04383,1.04226,1.0435
1738094400,1.04351,1.04355,1.04295,1.04308
1738101600,1.04261,1.04302,1.04243,1.04274
1738108800,1.04275,1.04345,1.0427,1.04273
1738116000,1.04272,1.04391,1.04258,1.04375
1738123200,1.04375,1.04426,1.04355,1.04405
1738130400,1.0441,1.04439,1.04134,1.04161
1738137600,1.04173,1.04307,1.04023,1.04037
1738144800,1.04039,1.04086,1.03949,1.04016
1738152000,1.04017,1.04057,1.03825,1.03879
1738159200,1.03878,1.0427,1.03863,1.04195
1738166400,1.04196,1.04285,1.04115,1.04214
1738173600,1.04215,1.0429,1.03882,1.04164
1738180800,1.04159,1.04254,1.04058,1.04199
1738188000,1.04184,1.04274,1.04159,1.04246
1738195200,1.04245,1.04289,1.04189,1.04201
1738202400,1.042,1.04268,1.04199,1.04252
1738209600,1.04251,1.04276,1.04175,1.0422
1738216800,1.04219,1.04239,1.04096,1.04238
1738224000,1.04257,1.04286,1.0402,1.04075
1738231200,1.04072,1.04122,1.03915,1.03919
1738238400,1.03919,1.04597,1.03902,1.04564
1738245600,1.04562,1.04676,1.04193,1.04315
1738252800,1.04314,1.04348,1.04096,1.04173
1738260000,1.04174,1.04301,1.04158,1.0428
1738267200,1.04282,1.04323,1.03861,1.0392
1738274400,1.0381,1.03983,1.0381,1.03969
1738281600,1.03968,1.04026,1.03772,1.03885
1738288800,1.03886,1.0395,1.03837,1.03851
1738296000,1.03849,1.03908,1.03829,1.03889
1738303200,1.0389,1.04128,1.03874,1.04041
1738310400,1.04042,1.04067,1.03655,1.03839
1738317600,1.03837,1.03841,1.03722,1.03758
1738324800,1.03759,1.03953,1.03747,1.03823
1738332000,1.03825,1.04007,1.03602,1.03964
1738339200,1.03959,1.04338,1.03862,1.04203
1738346400,1.04201,1.04218,1.03619,1.03765
1738353600,1.03758,1.0387,1.03499,1.03587
1738533600,1.02384,1.02703,1.02345,1.02472
1738540800,1.02473,1.02675,1.02109,1.02378
1738548000,1.02379,1.0238,1.02123,1.02216
1738555200,1.02214,1.02435,1.02207,1.02405
1738562400,1.02406,1.02518,1.02216,1.0225
1738569600,1.02256,1.02544,1.02128,1.02304
1738576800,1.02306,1.02562,1.02301,1.02523
1738584000,1.02522,1.02875,1.02512,1.02638
1738591200,1.0264,1.03357,1.02442,1.03162
1738598400,1.03163,1.03215,1.02714,1.02798
1738605600,1.02795,1.02969,1.0271,1.02847
1738612800,1.02851,1.035,1.0283,1.03423
1738620000,1.03345,1.03503,1.03264,1.03282
1738627200,1.03281,1.03309,1.03084,1.0322
1738634400,1.03221,1.03242,1.03119,1.03147
1738641600,1.03147,1.03151,1.02724,1.02932
1738648800,1.02932,1.03172,1.02923,1.03116
1738656000,1.03118,1.03494,1.03092,1.03386
1738663200,1.03385,1.03434,1.03219,1.03221
1738670400,1.03222,1.03405,1.03202,1.03404
1738677600,1.03406,1.03859,1.03403,1.03802
1738684800,1.038,1.03874,1.03659,1.03768
1738692000,1.03767,1.03863,1.03744,1.03815
1738699200,1.03819,1.03877,1.03778,1.03792
1738706400,1.03722,1.03804,1.03708,1.03715
1738713600,1.03717,1.03866,1.03697,1.03734
1738720800,1.03735,1.03861,1.03729,1.03796
1738728000,1.03795,1.03825,1.03734,1.03779
1738735200,1.0378,1.04095,1.03743,1.04028
1738742400,1.04021,1.04179,1.03901,1.0404
1738749600,1.04042,1.04304,1.04018,1.04148
1738756800,1.04147,1.04257,1.04016,1.0408
1738764000,1.04081,1.04422,1.04062,1.04222
1738771200,1.04224,1.04249,1.04104,1.04199
1738778400,1.04197,1.04218,1.04047,1.04072
1738785600,1.04071,1.04073,1.0397,1.04024
1738792800,1.03998,1.04054,1.03974,1.03987
1738800000,1.03986,1.04048,1.03949,1.04026
1738807200,1.04024,1.04057,1.03894,1.0392
1738814400,1.03921,1.03939,1.03848,1.03864
1738821600,1.03865,1.03926,1.03781,1.03799
1738828800,1.038,1.03811,1.03562,1.03594
1738836000,1.03594,1.03679,1.03558,1.03623
1738843200,1.03621,1.03674,1.03524,1.03605
1738850400,1.03603,1.03764,1.03598,1.03693
1738857600,1.03692,1.03805,1.0366,1.03793
1738864800,1.03792,1.03966,1.0374,1.0385
1738872000,1.03849,1.03909,1.03827,1.03828
1738879200,1.03816,1.03869,1.03808,1.03852
1738886400,1.03853,1.03911,1.03744,1.03839
1738893600,1.03839,1.03862,1.03773,1.038
1738900800,1.03801,1.03835,1.0374,1.03752
1738908000,1.03751,1.03904,1.03728,1.03892
1738915200,1.03888,1.04001,1.03853,1.03912
1738922400,1.03913,1.03916,1.03775,1.03825
1738929600,1.03825,1.0411,1.03494,1.03637
1738936800,1.03636,1.0389,1.03277,1.03553
1738944000,1.03553,1.03601,1.03056,1.03218
1738951200,1.03219,1.03371,1.03212,1.03324
1738958400,1.03325,1.03387,1.03215,1.03258
1739138400,1.02856,1.03137,1.02794,1.03095
1739145600,1.03097,1.03186,1.03002,1.03033
1739152800,1.03032,1.03118,1.02986,1.03116
1739160000,1.03115,1.03218,1.03112,1.03162
1739167200,1.03163,1.03254,1.031,1.03128
1739174400,1.03129,1.0335,1.03067,1.03267
1739181600,1.03267,1.03364,1.03201,1.03206
1739188800,1.03205,1.03266,1.03085,1.03215
1739196000,1.03214,1.03238,1.03042,1.03153
1739203200,1.03154,1.03181,1.03045,1.03126
1739210400,1.03124,1.03162,1.03053,1.03069
1739217600,1.0307,1.03085,1.0305,1.03068
1739224800,1.03019,1.03078,1.02983,1.03006
1739232000,1.03007,1.03069,1.02998,1.03021
1739239200,1.03022,1.03029,1.02922,1.02982
1739246400,1.02981,1.0306,1.02976,1.03047
1739253600,1.03046,1.03103,1.03009,1.03034
1739260800,1.03036,1.03221,1.02999,1.03181
1739268000,1.03182,1.03253,1.03145,1.03219
1739275200,1.03218,1.03286,1.03165,1.03226
1739282400,1.03223,1.03435,1.0322,1.034
1739289600,1.03399,1.03515,1.0339,1.03455
1739296800,1.03454,1.03813,1.0342,1.03582
1739304000,1.03582,1.03675,1.03576,1.03613
1739311200,1.03591,1.03677,1.03589,1.03634
1739318400,1.03642,1.03643,1.03542,1.03607
1739325600,1.03606,1.03679,1.03587,1.03622
1739332800,1.0362,1.03637,1.0355,1.03585
1739340000,1.03586,1.03794,1.03569,1.03758
1739347200,1.03757,1.03801,1.03647,1.03737
1739354400,1.03741,1.03857,1.037,1.03752
1739361600,1.0375,1.03789,1.03169,1.0333
1739368800,1.03332,1.03827,1.03252,1.03745
1739376000,1.03744,1.04276,1.03506,1.04263
1739383200,1.04262,1.043,1.03846,1.03911
1739390400,1.03912,1.03976,1.03804,1.0383
1739397600,1.03757,1.03925,1.03757,1.03923
1739404800,1.03922,1.0402,1.03874,1.03998
1739412000,1.03997,1.04218,1.03966,1.04192
1739419200,1.04191,1.04386,1.04187,1.0435
1739426400,1.04349,1.044,1.04224,1.04258
1739433600,1.04261,1.04266,1.04105,1.0423
1739440800,1.04231,1.0429,1.03927,1.04032
1739448000,1.04032,1.04072,1.03753,1.03927
1739455200,1.03924,1.04381,1.03824,1.04334
1739462400,1.04335,1.04454,1.04246,1.04256
1739469600,1.04255,1.04429,1.03731,1.04373
1739476800,1.04371,1.04668,1.04355,1.04656
1739484000,1.04627,1.04689,1.04561,1.04616
1739491200,1.04615,1.0467,1.04578,1.04592
1739498400,1.04593,1.04617,1.04541,1.04589
1739505600,1.04588,1.0464,1.04472,1.04526
1739512800,1.04528,1.04723,1.04519,1.0465
1739520000,1.04647,1.04877,1.04634,1.04814
1739527200,1.04813,1.0483,1.04631,1.04674
1739534400,1.04673,1.04978,1.04569,1.04883
1739541600,1.04882,1.05142,1.04873,1.05086
1739548800,1.05083,1.05103,1.04942,1.05073
1739556000,1.05074,1.05082,1.04949,1.04986
1739563200,1.04987,1.04987,1.04885,1.04887
1739743200,1.04853,1.04944,1.04841,1.04886
1739750400,1.04887,1.05065,1.04855,1.05054
1739757600,1.05053,1.05057,1.04943,1.04948
1739764800,1.04949,1.04984,1.04847,1.04898
1739772000,1.04894,1.04956,1.04807,1.04827
1739779200,1.04831,1.04848,1.04711,1.04742
1739786400,1.04741,1.04894,1.04734,1.0482
1739793600,1.04821,1.04852,1.04672,1.04743
1739800800,1.04744,1.04842,1.04713,1.04797
1739808000,1.04796,1.04848,1.04767,1.04825
1739815200,1.04824,1.0484,1.04792,1.04815
1739822400,1.04816,1.04854,1.04807,1.04833
1739829600,1.0476,1.04859,1.04735,1.04851
1739836800,1.0485,1.04864,1.04628,1.04662
1739844000,1.04663,1.04725,1.04618,1.0463
1739851200,1.04629,1.04642,1.04523,1.04551
1739858400,1.04553,1.04692,1.04546,1.04637
1739865600,1.04635,1.04693,1.04547,1.04639
1739872800,1.04644,1.04671,1.0459,1.0463
1739880000,1.04629,1.0467,1.04419,1.04447
1739887200,1.04448,1.04671,1.04416,1.04662
1739894400,1.04664,1.04694,1.04393,1.0446
1739901600,1.04459,1.04498,1.0435,1.04452
1739908800,1.04447,1.04495,1.04414,1.04456
1739916000,1.04442,1.04514,1.04442,1.04482
1739923200,1.04481,1.04493,1.0441,1.04465
1739930400,1.04467,1.04523,1.04448,1.04514
1739937600,1.04516,1.04564,1.04483,1.04563
1739944800,1.04563,1.04615,1.04486,1.04512
1739952000,1.04516,1.04564,1.04285,1.0429
1739959200,1.04291,1.04333,1.0419,1.04247
1739966400,1.04248,1.04352,1.04217,1.04339
1739973600,1.0434,1.04413,1.04216,1.04242
1739980800,1.04241,1.04251,1.0401,1.04098
1739988000,1.041,1.04325,1.04086,1.04258
1739995200,1.04256,1.04265,1.04207,1.04223
1740002400,1.04151,1.04258,1.04151,1.04209
1740009600,1.0421,1.04327,1.04185,1.04213
1740016800,1.04214,1.04376,1.04201,1.04311
1740024000,1.04313,1.04343,1.04241,1.04277
1740031200,1.04277,1.04345,1.04235,1.04316
1740038400,1.04315,1.0442,1.04287,1.04371
1740045600,1.0437,1.04465,1.04308,1.04386
1740052800,1.04388,1.04549,1.04332,1.04483
1740060000,1.04482,1.04754,1.04418,1.04741
1740067200,1.0474,1.04946,1.04644,1.04893
1740074400,1.04887,1.05036,1.04853,1.05017
1740081600,1.05016,1.05035,1.04953,1.05015
1740088800,1.0492,1.05056,1.04919,1.05004
1740096000,1.05002,1.05006,1.04845,1.0487
1740103200,1.04868,1.05046,1.04865,1.05026
1740110400,1.05025,1.0505,1.04915,1.04929
1740117600,1.04929,1.04998,1.04878,1.04922
1740124800,1.04921,1.04942,1.04667,1.04693
1740132000,1.04692,1.04739,1.04632,1.04692
1740139200,1.04693,1.04779,1.04592,1.04753
1740146400,1.0475,1.04926,1.04527,1.04542
1740153600,1.0454,1.04644,1.04493,1.04631
1740160800,1.04632,1.04679,1.04509,1.04626
1740168000,1.04616,1.04646,1.04574,1.04596
1740348000,1.04712,1.04848,1.04591,1.0474
1740355200,1.04743,1.05206,1.04717,1.0518
1740362400,1.05179,1.05282,1.05156,1.05195
1740369600,1.05194,1.05207,1.05101,1.05165
1740376800,1.05164,1.05164,1.04869,1.0491
1740384000,1.04915,1.04927,1.04689,1.04718
1740391200,1.04721,1.04813,1.04639,1.04682
1740398400,1.04682,1.04757,1.04603,1.0467
1740405600,1.04671,1.04707,1.04528,1.0469
1740412800,1.04686,1.04838,1.04658,1.04726
1740420000,1.04721,1.04858,1.04708,1.04752
1740427200,1.04754,1.04796,1.04619,1.0468
1740434400,1.0464,1.04696,1.04603,1.04614
1740441600,1.04617,1.04658,1.04598,1.04652
1740448800,1.04653,1.04764,1.0465,1.04732
1740456000,1.04734,1.04782,1.04722,1.0477
1740463200,1.04771,1.04804,1.04634,1.04642
1740470400,1.0464,1.0479,1.04562,1.04731
1740477600,1.0473,1.04899,1.04652,1.04893
1740484800,1.04894,1.05097,1.04884,1.05002
1740492000,1.05003,1.05192,1.0492,1.04985
1740499200,1.04981,1.0506,1.04839,1.05024
1740506400,1.05025,1.05183,1.05022,1.05106
1740513600,1.05105,1.05192,1.05091,1.05149
1740520800,1.05121,1.05229,1.05107,1.05205
1740528000,1.05202,1.05251,1.05138,1.05154
1740535200,1.05156,1.05171,1.05014,1.05046
1740542400,1.05045,1.05055,1.04906,1.04914
1740549600,1.04915,1.05013,1.04873,1.0494
1740556800,1.04937,1.05115,1.04918,1.04971
1740564000,1.0497,1.05023,1.04864,1.04918
1740571200,1.04917,1.0495,1.04748,1.04843
1740578400,1.04842,1.05092,1.04795,1.05058
1740585600,1.05062,1.05286,1.04832,1.04924
1740592800,1.04925,1.05005,1.0482,1.04911
1740600000,1.0491,1.04912,1.04784,1.04848
1740607200,1.048,1.04927,1.048,1.0488
1740614400,1.0488,1.04881,1.0473,1.04784
1740621600,1.04786,1.04805,1.04649,1.04657
1740628800,1.04658,1.04697,1.04589,1.04651
1740636000,1.04649,1.04803,1.0464,1.04751
1740643200,1.04753,1.04854,1.04705,1.04843
1740650400,1.04842,1.04874,1.04738,1.0476
1740657600,1.04758,1.04894,1.04196,1.04238
1740664800,1.04234,1.04416,1.04095,1.0415
1740672000,1.04153,1.04183,1.04005,1.04074
1740679200,1.04077,1.0418,1.04034,1.04045
1740686400,1.04046,1.04085,1.03969,1.03983
1740693600,1.03968,1.04006,1.03878,1.03939
1740700800,1.03938,1.04042,1.03846,1.0385
1740708000,1.03851,1.03917,1.03809,1.03884
1740715200,1.03885,1.0391,1.03844,1.0389
1740722400,1.03887,1.04007,1.03826,1.03962
1740729600,1.03961,1.04079,1.03944,1.03955
1740736800,1.03954,1.04059,1.03924,1.03987
1740744000,1.03986,1.04162,1.0398,1.0407
1740751200,1.04071,1.04201,1.03935,1.04003
1740758400,1.04001,1.04115,1.03902,1.03966
1740765600,1.03964,1.03983,1.03597,1.03677
1740772800,1.03676,1.03771,1.03623,1.03757
1740952800,1.04032,1.0421,1.03973,1.04122
1740960000,1.04121,1.04233,1.04024,1.04199
1740967200,1.04198,1.04233,1.04102,1.04171
1740974400,1.04169,1.04206,1.04123,1.04146
1740981600,1.04145,1.04165,1.0402,1.04055
1740988800,1.04054,1.04291,1.03888,1.04269
1740996000,1.04272,1.04579,1.04272,1.04527
1741003200,1.04528,1.04765,1.04528,1.0472
1741010400,1.04719,1.05037,1.04688,1.04848
1741017600,1.04847,1.05014,1.0484,1.04906
1741024800,1.04905,1.05042,1.04725,1.04731
1741032000,1.04734,1.04927,1.04669,1.04882
1741039200,1.04861,1.04924,1.04768,1.04857
1741046400,1.04856,1.0496,1.04769,1.04885
1741053600,1.04886,1.04902,1.04751,1.04773
1741060800,1.04775,1.04864,1.04713,1.04834
1741068000,1.04835,1.05007,1.04789,1.04932
1741075200,1.0493,1.05271,1.04864,1.0512
1741082400,1.05122,1.05446,1.05026,1.05443
1741089600,1.05446,1.05595,1.05309,1.05392
1741096800,1.05388,1.05485,1.04965,1.05266
1741104000,1.05263,1.05441,1.05153,1.05416
1741111200,1.05417,1.06019,1.05376,1.06007
1741118400,1.06006,1.06273,1.06006,1.06257
1741125600,1.06216,1.06371,1.06163,1.06233
1741132800,1.0623,1.06275,1.06088,1.06126
1741140000,1.06124,1.06202,1.06022,1.06182
1741147200,1.06183,1.06326,1.06154,1.06317
1741154400,1.06314,1.06762,1.06243,1.06746
1741161600,1.0674,1.07221,1.06587,1.07118
1741168800,1.07117,1.07153,1.06766,1.06789
1741176000,1.0679,1.07227,1.06787,1.07159
1741183200,1.07157,1.07772,1.07138,1.07652
1741190400,1.0765,1.07881,1.07615,1.0785
1741197600,1.07856,1.07909,1.0764,1.07902
1741204800,1.079,1.07968,1.07857,1.07891
1741212000,1.07886,1.07952,1.07873,1.07943
1741219200,1.07943,1.08204,1.07873,1.08151
1741226400,1.08153,1.08193,1.07883,1.07896
1741233600,1.07897,1.08119,1.07842,1.08106
1741240800,1.08103,1.08223,1.07921,1.07992
1741248000,1.07991,1.0817,1.07806,1.07999
1741255200,1.07998,1.08033,1.07832,1.07993
1741262400,1.07994,1.08454,1.07881,1.08262
1741269600,1.08261,1.08535,1.08116,1.08171
1741276800,1.08172,1.08379,1.07915,1.07973
1741284000,1.07971,1.08115,1.07658,1.08017
1741291200,1.08018,1.08035,1.07751,1.07843
1741298400,1.07779,1.07965,1.07779,1.07874
1741305600,1.07873,1.07953,1.07813,1.079
1741312800,1.07901,1.08148,1.07848,1.08058
1741320000,1.08057,1.08178,1.08029,1.08133
1741327200,1.08135,1.08407,1.0808,1.08298
1741334400,1.083,1.08713,1.08265,1.08615
1741341600,1.08616,1.0867,1.08446,1.08495
1741348800,1.08494,1.08888,1.08413,1.08451
1741356000,1.08447,1.08861,1.08352,1.08702
1741363200,1.08699,1.08729,1.08321,1.08433
1741370400,1.0843,1.08447,1.08258,1.08427
1741377600,1.08426,1.08513,1.08349,1.08361
1741554000,1.08256,1.08596,1.08256,1.08496
1741561200,1.08496,1.08674,1.08483,1.08642
1741568400,1.08643,1.08714,1.0836,1.08372
1741575600,1.08371,1.08387,1.08302,1.08308
1741582800,1.08307,1.08449,1.08281,1.08374
1741590000,1.08378,1.08441,1.08051,1.081
1741597200,1.08102,1.08747,1.08089,1.08613
1741604400,1.08611,1.08646,1.08126,1.0844
1741611600,1.0844,1.08507,1.08317,1.08452
1741618800,1.08451,1.08482,1.0821,1.08304
1741626000,1.08303,1.08457,1.08179,1.08298
1741633200,1.08288,1.08365,1.08175,1.08361
1741640400,1.08341,1.08416,1.08256,1.08348
1741647600,1.08354,1.08536,1.08351,1.08515
1741654800,1.08516,1.08604,1.08436,1.08559
1741662000,1.0856,1.08616,1.0849,1.08545
1741669200,1.08546,1.08762,1.08359,1.08566
1741676400,1.08561,1.09192,1.08553,1.09173
1741683600,1.09172,1.09212,1.08823,1.08906
1741690800,1.08908,1.09207,1.08812,1.09181
1741698000,1.0918,1.09307,1.08953,1.09193
1741705200,1.09195,1.09294,1.09121,1.09252
1741712400,1.09253,1.09475,1.0924,1.09312
1741719600,1.0931,1.09341,1.09101,1.09193
1741726800,1.09181,1.09187,1.09059,1.09158
1741734000,1.09156,1.09178,1.09059,1.0909
1741741200,1.09091,1.09155,1.09034,1.09037
1741748400,1.09038,1.09049,1.08959,1.0899
1741755600,1.08991,1.09088,1.08919,1.08924
1741762800,1.08924,1.09217,1.08874,1.09214
1741770000,1.09215,1.09265,1.09046,1.09063
1741777200,1.09061,1.09305,1.08762,1.08784
1741784400,1.08782,1.09136,1.08756,1.0913
1741791600,1.09132,1.09278,1.09056,1.09057
1741798800,1.09059,1.09143,1.08798,1.08848
1741806000,1.08849,1.08975,1.08831,1.08872
1741813200,1.08869,1.089,1.08858,1.08892
1741820400,1.08891,1.08918,1.08826,1.08916
1741827600,1.08916,1.08973,1.08864,1.08954
1741834800,1.08955,1.08956,1.08816,1.08933
1741842000,1.08934,1.08935,1.08695,1.08747
1741849200,1.08746,1.08852,1.08595,1.08734
1741856400,1.08735,1.08855,1.08625,1.08703
1741863600,1.08702,1.08782,1.08262,1.08348
1741870800,1.0835,1.08699,1.08224,1.08652
1741878000,1.08653,1.08784,1.08542,1.08726
1741885200,1.08727,1.08736,1.0852,1.08536
1741892400,1.08537,1.0857,1.08467,1.08519
1741899600,1.08478,1.08556,1.0843,1.08523
1741906800,1.08524,1.08587,1.08483,1.08492
1741914000,1.08493,1.08495,1.08344,1.08402
1741921200,1.08403,1.08463,1.08377,1.08411
1741928400,1.0841,1.08516,1.08352,1.08385
1741935600,1.08365,1.08568,1.08306,1.08541
1741942800,1.0854,1.09125,1.0847,1.08951
1741950000,1.08948,1.09114,1.08876,1.08946
1741957200,1.08947,1.08982,1.08656,1.08779
1741964400,1.08778,1.089,1.08669,1.08833
1741971600,1.08831,1.08883,1.08735,1.08802
1741978800,1.08798,1.0886,1.08783,1.08821
1742158800,1.08772,1.08855,1.08747,1.08815
1742166000,1.0882,1.08855,1.08756,1.08796
1742173200,1.08795,1.08902,1.08741,1.08813
1742180400,1.08812,1.08939,1.0877,1.08822
1742187600,1.08823,1.08844,1.08733,1.08779
1742194800,1.08776,1.0887,1.08688,1.08838
1742202000,1.0884,1.091,1.0877,1.09077
1742209200,1.09078,1.09119,1.08875,1.09017
1742216400,1.09018,1.09184,1.08971,1.0916
1742223600,1.09159,1.09298,1.09144,1.09212
1742230800,1.09213,1.09265,1.09116,1.09255
1742238000,1.09255,1.09279,1.09183,1.09218
1742245200,1.09198,1.09229,1.09176,1.09213
1742252400,1.09214,1.09219,1.0915,1.0916
1742259600,1.09159,1.09192,1.0908,1.09087
1742266800,1.09086,1.09116,1.09065,1.09111
1742274000,1.09112,1.09214,1.09035,1.0921
1742281200,1.09208,1.09547,1.09161,1.09515
1742288400,1.09516,1.09531,1.09319,1.09342
1742295600,1.09346,1.09372,1.08924,1.09114
1742302800,1.09115,1.09209,1.09017,1.09167
1742310000,1.09174,1.09401,1.08967,1.09388
1742317200,1.09387,1.09519,1.09387,1.09442
1742324400,1.09437,1.09498,1.09415,1.09451
1742331600,1.09437,1.09461,1.09404,1.09421
1742338800,1.0942,1.0944,1.09317,1.09348
1742346000,1.09349,1.09451,1.09337,1.09409
1742353200,1.0941,1.09439,1.09282,1.093
1742360400,1.09301,1.09364,1.09204,1.09208
1742367600,1.09209,1.09233,1.0873,1.09073
1742374800,1.09072,1.09104,1.08912,1.08999
1742382000,1.09,1.09176,1.0894,1.09013
1742389200,1.09014,1.0904,1.0882,1.08841
1742396400,1.08841,1.0888,1.08755,1.08852
1742403600,1.08854,1.09133,1.08606,1.09077
1742410800,1.09076,1.09129,1.08851,1.09025
1742418000,1.09025,1.09133,1.09016,1.09084
1742425200,1.09087,1.09168,1.09037,1.09124
1742432400,1.09125,1.09175,1.09036,1.09091
1742439600,1.09092,1.09142,1.09005,1.09034
1742446800,1.09035,1.09035,1.08897,1.08935
1742454000,1.08932,1.08945,1.08631,1.08655
1742461200,1.08654,1.08686,1.08332,1.08461
1742468400,1.08465,1.08557,1.08309,1.08338
1742475600,1.08337,1.08392,1.08148,1.08297
1742482800,1.08296,1.08524,1.08235,1.08487
1742490000,1.08489,1.08518,1.08391,1.08484
1742497200,1.08485,1.08592,1.08472,1.08534
1742504400,1.08445,1.08588,1.08412,1.08573
1742511600,1.08574,1.08588,1.08508,1.08531
1742518800,1.0853,1.08556,1.08424,1.08442
1742526000,1.08444,1.08465,1.08275,1.08304
1742533200,1.08303,1.08376,1.08199,1.08343
1742540400,1.08338,1.08457,1.08241,1.08361
1742547600,1.08359,1.08391,1.08248,1.08372
1742554800,1.08371,1.08612,1.08297,1.08322
1742562000,1.0832,1.08361,1.08189,1.08237
1742569200,1.08239,1.08293,1.07972,1.08183
1742576400,1.08184,1.08271,1.08053,1.0821
1742583600,1.08211,1.08246,1.08117,1.08131
1742763600,1.0812,1.083,1.08109,1.082
1742770800,1.082,1.08401,1.0819,1.08372
1742778000,1.08373,1.08376,1.08229,1.08251
1742785200,1.08249,1.08295,1.0817,1.08229
1742792400,1.08228,1.08449,1.08181,1.08396
1742799600,1.08397,1.08582,1.08331,1.0843
1742806800,1.08431,1.08549,1.08287,1.08481
1742814000,1.08483,1.08494,1.08218,1.08297
1742821200,1.08298,1.08306,1.07904,1.07997
1742828400,1.07996,1.08075,1.07817,1.07919
1742835600,1.07918,1.08132,1.0784,1.08052
1742842800,1.08053,1.08072,1.07971,1.08011
1742850000,1.08011,1.08031,1.07951,1.08025
1742857200,1.08023,1.08039,1.07961,1.08003
1742864400,1.08001,1.08085,1.07942,1.07968
1742871600,1.07967,1.08091,1.07958,1.08034
1742878800,1.08033,1.08073,1.0793,1.07948
1742886000,1.07949,1.08021,1.07771,1.07904
1742893200,1.07903,1.08245,1.07874,1.08201
1742900400,1.08199,1.08302,1.08109,1.08252
1742907600,1.08249,1.08275,1.08019,1.08125
1742914800,1.08127,1.08198,1.07973,1.08066
1742922000,1.0807,1.08169,1.07972,1.07986
1742929200,1.0799,1.08019,1.079,1.07919
1742936400,1.07902,1.0793,1.0788,1.07886
1742943600,1.07886,1.07925,1.07837,1.07845
1742950800,1.07843,1.07974,1.07782,1.07953
1742958000,1.07954,1.07964,1.07811,1.07842
1742965200,1.07843,1.07884,1.07779,1.07871
1742972400,1.07871,1.07999,1.07814,1.07993
1742979600,1.07989,1.08029,1.07868,1.07918
1742986800,1.07917,1.07979,1.07817,1.07846
1742994000,1.07848,1.07955,1.07677,1.07907
1743001200,1.07908,1.07946,1.07678,1.07877
1743008400,1.07878,1.07896,1.07521,1.07553
1743015600,1.07552,1.07568,1.0744,1.07525
1743022800,1.07535,1.07558,1.0733,1.07375
1743030000,1.0737,1.07576,1.07355,1.07557
1743037200,1.07557,1.07803,1.07554,1.07759
1743044400,1.0776,1.0787,1.0773,1.07804
1743051600,1.07803,1.07826,1.07638,1.0773
1743058800,1.07727,1.07768,1.07543,1.07758
1743066000,1.07756,1.07819,1.07611,1.07817
1743073200,1.07816,1.07996,1.07787,1.0787
1743080400,1.07873,1.07974,1.07763,1.07893
1743087600,1.07894,1.08214,1.07855,1.0799
1743094800,1.07993,1.08087,1.07893,1.0791
1743102000,1.07909,1.08024,1.07884,1.08017
1743109200,1.0799,1.0799,1.07956,1.07963
1743116400,1.07964,1.08014,1.07882,1.07949
1743123600,1.07951,1.07989,1.07904,1.07949
1743130800,1.07949,1.0797,1.07846,1.07886
1743138000,1.07888,1.07932,1.07826,1.07852
1743145200,1.07866,1.07998,1.0775,1.07784
1743152400,1.07787,1.07807,1.07676,1.07686
1743159600,1.07688,1.07919,1.07645,1.07889
1743166800,1.07887,1.08316,1.07849,1.0823
1743174000,1.08231,1.08448,1.08192,1.08217
1743181200,1.08216,1.0829,1.08122,1.08245
1743188400,1.08246,1.08362,1.08231,1.08303
1743368400,1.08237,1.08274,1.08053,1.08209
1743375600,1.0821,1.08418,1.08104,1.08418
1743382800,1.08419,1.08458,1.0829,1.08406
1743390000,1.08405,1.08416,1.08312,1.08344
1743397200,1.08345,1.08451,1.08251,1.08374
1743404400,1.08375,1.08495,1.08118,1.08273
1743411600,1.08274,1.08306,1.08054,1.08184
1743418800,1.08187,1.08292,1.08011,1.08038
1743426000,1.08037,1.08216,1.07839,1.0802
1743433200,1.08019,1.08166,1.07852,1.08118
1743440400,1.08123,1.08181,1.08071,1.08147
1743447600,1.08148,1.08201,1.08097,1.08148
1743454800,1.08183,1.08196,1.0816,1.08185
1743462000,1.08184,1.08266,1.08139,1.08252
1743469200,1.08251,1.08286,1.0817,1.08242
1743476400,1.08241,1.08302,1.08212,1.08251
1743483600,1.08252,1.08253,1.07991,1.08084
1743490800,1.08083,1.0818,1.07993,1.08178
1743498000,1.08177,1.08291,1.07899,1.07983
1743505200,1.07982,1.07986,1.07784,1.07874
1743512400,1.07871,1.08126,1.07795,1.08077
1743519600,1.08079,1.08124,1.07928,1.07997
1743526800,1.07998,1.08048,1.07854,1.07871
1743534000,1.07872,1.08017,1.07855,1.07923
1743541200,1.07904,1.08081,1.07882,1.07991
1743548400,1.07992,1.08001,1.0789,1.07905
1743555600,1.07906,1.0802,1.07872,1.07944
1743562800,1.07946,1.08001,1.07924,1.07926
1743570000,1.07925,1.07965,1.07863,1.07929
1743577200,1.07928,1.08019,1.07804,1.07975
1743584400,1.07973,1.08083,1.07861,1.07948
1743591600,1.07944,1.08197,1.07912,1.08191
1743598800,1.08189,1.0862,1.0815,1.08582
1743606000,1.08584,1.0873,1.0847,1.08522
1743613200,1.08523,1.08597,1.08481,1.08543
1743620400,1.08537,1.09239,1.0811,1.08601
1743627600,1.08429,1.08556,1.08051,1.08391
1743634800,1.08393,1.0911,1.08376,1.08906
1743642000,1.08905,1.09247,1.08867,1.09123
1743649200,1.09122,1.09213,1.09057,1.09069
1743656400,1.0907,1.09901,1.09065,1.09896
1743663600,1.09897,1.10201,1.09429,1.10094
1743670800,1.10095,1.11465,1.10039,1.10521
1743678000,1.10529,1.11096,1.10391,1.1082
1743685200,1.10817,1.11347,1.10701,1.11185
1743692400,1.11186,1.11189,1.10327,1.10391
1743699600,1.10389,1.10409,1.10179,1.10374
1743706800,1.10375,1.10528,1.1016,1.1051
1743714000,1.10442,1.10715,1.10442,1.10644
1743721200,1.10642,1.10649,1.10369,1.10606
1743728400,1.10607,1.10797,1.10569,1.10634
1743735600,1.10633,1.10985,1.10574,1.10874
1743742800,1.10872,1.11079,1.10501,1.10507
1743750000,1.10506,1.10672,1.09756,1.09963
1743757200,1.09966,1.10497,1.09647,1.1031
1743764400,1.10306,1.10888,1.10075,1.102
1743771600,1.10213,1.10481,1.09601,1.09863
1743778800,1.09862,1.10199,1.09615,1.09714
1743786000,1.09715,1.0977,1.09243,1.09445
1743793200,1.09444,1.09648,1.09276,1.09628
1743973200,1.08923,1.09946,1.08791,1.09826
1743980400,1.09829,1.1001,1.09462,1.09671
1743987600,1.0967,1.09802,1.09195,1.09352
1743994800,1.09351,1.09878,1.09299,1.0985
1744002000,1.09851,1.10232,1.0978,1.10028
1744009200,1.10031,1.10501,1.0968,1.09921
1744016400,1.0992,1.09964,1.09501,1.0959
1744023600,1.09589,1.09915,1.09352,1.09737
1744030800,1.09739,1.0983,1.09169,1.09219
1744038000,1.09219,1.09363,1.09012,1.0932
1744045200,1.09321,1.09529,1.09236,1.09338
1744052400,1.09337,1.09479,1.09018,1.09054
1744059600,1.09036,1.09206,1.09036,1.09171
1744066800,1.09167,1.09501,1.09078,1.09398
1744074000,1.09398,1.09802,1.09382,1.09713
1744081200,1.09711,1.09799,1.09608,1.09762
1744088400,1.0976,1.0992,1.09539,1.09767
1744095600,1.09771,1.09804,1.09216,1.09369
1744102800,1.09368,1.09394,1.09112,1.09275
1744110000,1.09273,1.09685,1.09249,1.09485
1744117200,1.09484,1.09558,1.08887,1.09103
1744124400,1.09104,1.09323,1.08958,1.09296
1744131600,1.09297,1.09691,1.0926,1.09523
1744138800,1.09518,1.09779,1.0939,1.0958
1744146000,1.09536,1.09776,1.09463,1.09681
1744153200,1.0968,1.10166,1.09664,1.10149
1744160400,1.10151,1.10399,1.10096,1.10197
1744167600,1.10198,1.1069,1.10125,1.10687
1744174800,1.10685,1.10901,1.10292,1.10739
1744182000,1.10728,1.10796,1.09981,1.10276
1744189200,1.10273,1.10578,1.10092,1.10329
1744196400,1.10329,1.1095,1.10217,1.10755
1744203600,1.1076,1.10818,1.10263,1.10406
1744210800,1.10407,1.10693,1.10138,1.10205
1744218000,1.10203,1.10637,1.09135,1.09641
1744225200,1.09638,1.09767,1.09288,1.09477
1744232400,1.0949,1.09626,1.09462,1.09605
1744239600,1.09608,1.09868,1.09431,1.09863
1744246800,1.09864,1.09877,1.09616,1.09719
1744254000,1.0972,1.09894,1.09705,1.09829
1744261200,1.09827,1.09956,1.09629,1.09831
1744268400,1.0983,1.10478,1.09673,1.10376
1744275600,1.10376,1.1081,1.10339,1.10796
1744282800,1.10795,1.11319,1.10673,1.10971
1744290000,1.10973,1.11866,1.1091,1.11853
1744297200,1.11844,1.12289,1.11536,1.11969
1744304400,1.1197,1.12416,1.11744,1.12154
1744311600,1.12152,1.12196,1.11589,1.12015
1744318800,1.1191,1.1235,1.1186,1.1235
1744326000,1.12349,1.13838,1.12132,1.13101
1744333200,1.13104,1.13235,1.12762,1.13026
1744340400,1.13027,1.13546,1.13022,1.13225
1744347600,1.13223,1.13235,1.12466,1.12868
1744354800,1.12861,1.14731,1.12841,1.14271
1744362000,1.1427,1.1427,1.13204,1.13368
1744369200,1.13367,1.1399,1.13237,1.13955
1744376400,1.13953,1.14123,1.13252,1.13403
1744383600,1.13402,1.13501,1.12769,1.13058
1744390800,1.13057,1.1327,1.12825,1.13125
1744398000,1.13126,1.13531,1.13093,1.13511
1744578000,1.1313,1.13549,1.13113,1.13343
1744585200,1.13342,1.13707,1.13241,1.13653
1744592400,1.13657,1.14091,1.13642,1.13722
1744599600,1.13719,1.13848,1.13577,1.13676
1744606800,1.13685,1.14239,1.1353,1.14171
1744614000,1.14172,1.14246,1.13789,1.13875
1744621200,1.13874,1.1408,1.13715,1.13873
1744628400,1.13875,1.14059,1.13346,1.13389
1744635600,1.13387,1.13679,1.12962,1.13677
1744642800,1.13676,1.1382,1.13301,1.13307
1744650000,1.13308,1.1357,1.13284,1.13545
1744657200,1.13543,1.13697,1.13433,1.13495
1744664400,1.13444,1.13613,1.13415,1.13538
1744671600,1.13537,1.13542,1.1317,1.13288
1744678800,1.13286,1.13524,1.13157,1.13496
1744686000,1.13496,1.13633,1.13432,1.13569
1744693200,1.13567,1.1368,1.1328,1.13321
1744700400,1.13328,1.13791,1.13208,1.13465
1744707600,1.13462,1.13561,1.13324,1.13444
1744714800,1.1344,1.13446,1.13089,1.1313
1744722000,1.1313,1.13297,1.12856,1.13291
1744729200,1.13292,1.13292,1.12642,1.12745
1744736400,1.12745,1.12829,1.12664,1.12735
1744743600,1.12732,1.12897,1.12715,1.12814
1744750800,1.12797,1.12993,1.12796,1.12954
1744758000,1.12955,1.13216,1.12835,1.13169
1744765200,1.13171,1.1332,1.13163,1.13277
1744772400,1.13276,1.1348,1.13243,1.13461
1744779600,1.13462,1.13858,1.1341,1.13608
1744786800,1.13613,1.13923,1.13383,1.13691
1744794000,1.13693,1.13779,1.13523,1.13581
1744801200,1.13579,1.13739,1.13407,1.13517
1744808400,1.13515,1.13844,1.13496,1.13841
1744815600,1.13839,1.13871,1.13573,1.1375
1744822800,1.13751,1.139,1.13594,1.13865
1744830000,1.13861,1.1413,1.13815,1.13983
1744837200,1.13908,1.14007,1.13872,1.13994
1744844400,1.13995,1.14097,1.13651,1.13682
1744851600,1.13673,1.13818,1.13552,1.13783
1744858800,1.13784,1.13809,1.13602,1.13621
1744866000,1.13623,1.13713,1.13436,1.13591
1744873200,1.13587,1.13887,1.1353,1.13784
1744880400,1.13783,1.13809,1.13577,1.13598
1744887600,1.13602,1.13701,1.13352,1.13565
1744894800,1.13566,1.13859,1.13384,1.13494
1744902000,1.13495,1.13767,1.13402,1.13507
1744909200,1.13506,1.13755,1.13412,1.13732
1744916400,1.13733,1.13767,1.13622,1.13634
1744923600,1.136,1.13707,1.13571,1.1366
1744930800,1.1366,1.13862,1.13654,1.13747
1744938000,1.13747,1.13786,1.13685,1.13724
1744945200,1.13726,1.13764,1.13689,1.13695
1744952400,1.13694,1.13762,1.13619,1.1362
1744959600,1.13618,1.13758,1.13564,1.13711
1744966800,1.13708,1.13748,1.1367,1.13736
1744974000,1.13735,1.13864,1.13716,1.13824
1744981200,1.13826,1.13976,1.13772,1.13965
1744988400,1.13967,1.13969,1.13874,1.13945
1744995600,1.13947,1.1395,1.13899,1.13945
1745002800,1.13945,1.13968,1.13929,1.13939
1745182800,1.13947,1.14382,1.13863,1.14331
1745190000,1.14332,1.14862,1.14326,1.14663
1745197200,1.14665,1.15302,1.14651,1.15044
1745204400,1.15045,1.15252,1.14988,1.15174
1745211600,1.15173,1.15347,1.15049,1.1516
1745218800,1.15156,1.15676,1.15096,1.15582
1745226000,1.1558,1.15734,1.15215,1.15236
1745233200,1.15237,1.15501,1.15131,1.15427
1745240400,1.15425,1.15428,1.14898,1.14977
1745247600,1.14976,1.15134,1.14819,1.15095
1745254800,1.15098,1.15254,1.14935,1.15222
1745262000,1.15223,1.15271,1.1505,1.15129
1745269200,1.15144,1.15255,1.15063,1.15233
1745276400,1.15239,1.1524,1.14822,1.14905
1745283600,1.14906,1.15206,1.14857,1.15205
1745290800,1.15206,1.15404,1.1519,1.15303
1745298000,1.15302,1.15474,1.14963,1.15009
1745305200,1.15023,1.15153,1.14835,1.14999
1745312400,1.15,1.15077,1.14876,1.14887
1745319600,1.14883,1.15006,1.14614,1.147
1745326800,1.14701,1.14921,1.1456,1.14783
1745334000,1.14781,1.14859,1.14333,1.1434
1745341200,1.14341,1.1454,1.14227,1.14273
1745348400,1.1427,1.14342,1.14175,1.14205
1745355600,1.14184,1.14266,1.13071,1.13371
1745362800,1.1337,1.1398,1.13297,1.13973
1745370000,1.13976,1.14152,1.13845,1.14048
1745377200,1.14048,1.14051,1.13709,1.13901
1745384400,1.13901,1.13999,1.13711,1.13849
1745391600,1.1385,1.14153,1.13786,1.14131
1745398800,1.14129,1.14399,1.13903,1.1402
1745406000,1.1402,1.14199,1.13861,1.14056
1745413200,1.14055,1.14123,1.13281,1.13533
1745420400,1.13534,1.13833,1.13366,1.13397
1745427600,1.13398,1.13442,1.13152,1.13238
1745434800,1.13227,1.13319,1.13105,1.13145
1745442000,1.13095,1.13471,1.13095,1.13323
1745449200,1.13321,1.13468,1.13214,1.13436
1745456400,1.13434,1.13576,1.13403,1.13552
1745463600,1.13553,1.13561,1.13324,1.13393
1745470800,1.13391,1.13545,1.13305,1.13522
1745478000,1.1352,1.1393,1.13516,1.13805
1745485200,1.13802,1.13948,1.13751,1.13794
1745492400,1.13795,1.13901,1.13581,1.13766
1745499600,1.13769,1.13872,1.1363,1.13727
1745506800,1.13726,1.13806,1.13474,1.13799
1745514000,1.138,1.13858,1.13637,1.13779
1745521200,1.13781,1.1398,1.13775,1.13885
1745528400,1.13844,1.13914,1.13822,1.13866
1745535600,1.1387,1.13883,1.13466,1.13474
1745542800,1.13473,1.13553,1.13406,1.1348
1745550000,1.13481,1.13594,1.13159,1.13351
1745557200,1.1335,1.13579,1.13216,1.13419
1745564400,1.13421,1.13683,1.13399,1.13506
1745571600,1.1351,1.13609,1.1334,1.13559
1745578800,1.13558,1.13668,1.1346,1.13525
1745586000,1.13526,1.13808,1.13329,1.13684
1745593200,1.13685,1.13889,1.13578,1.13687
1745600400,1.13688,1.13827,1.13651,1.13797
1745607600,1.13795,1.1381,1.13575,1.13601
1745787600,1.13653,1.13655,1.13401,1.13501
1745794800,1.13502,1.13648,1.13415,1.13638
1745802000,1.1364,1.13667,1.13432,1.13537
1745809200,1.13536,1.13727,1.13512,1.13724
1745816400,1.13722,1.13808,1.13296,1.1332
1745823600,1.13317,1.1362,1.13313,1.13438
1745830800,1.13434,1.13604,1.13423,1.13507
1745838000,1.13504,1.13729,1.13409,1.13512
1745845200,1.13513,1.14135,1.13394,1.13789
1745852400,1.1379,1.14222,1.13713,1.14114
1745859600,1.14114,1.14194,1.14003,1.14135
1745866800,1.14136,1.14249,1.14132,1.14213
1745874000,1.14166,1.14219,1.14118,1.14128
1745881200,1.14128,1.1422,1.13993,1.13997
1745888400,1.13998,1.142,1.13876,1.13985
1745895600,1.13984,1.14004,1.13742,1.13783
1745902800,1.13784,1.13996,1.13761,1.139
1745910000,1.13916,1.14122,1.13817,1.13856
1745917200,1.13856,1.13974,1.13732,1.13781
1745924400,1.13782,1.14145,1.13702,1.14106
1745931600,1.14105,1.14174,1.13791,1.13832
1745938800,1.13833,1.14188,1.13822,1.14033
1745946000,1.14031,1.14048,1.13762,1.13825
1745953200,1.13822,1.13922,1.13763,1.13839
1745960400,1.13789,1.13959,1.13767,1.13922
1745967600,1.13923,1.13954,1.1377,1.13827
1745974800,1.13826,1.13867,1.13551,1.13706
1745982000,1.13707,1.13799,1.13663,1.13735
1745989200,1.13733,1.13996,1.1366,1.13902
1745996400,1.13901,1.13903,1.13623,1.13717
1746003600,1.13719,1.13795,1.13603,1.1362
1746010800,1.13619,1.13887,1.1356,1.13736
1746018000,1.13739,1.13791,1.13497,1.1367
1746025200,1.13671,1.13752,1.13235,1.13553
1746032400,1.13555,1.1365,1.13431,1.13489
1746039600,1.13485,1.13533,1.13174,1.13293
1746046800,1.13264,1.13309,1.13224,1.13256
1746054000,1.13256,1.13296,1.13189,1.13219
1746061200,1.13218,1.13223,1.13029,1.13154
1746068400,1.13153,1.13187,1.12998,1.13027
1746075600,1.13027,1.13127,1.1288,1.13027
1746082800,1.13026,1.1331,1.12875,1.13196
1746090000,1.13197,1.13344,1.1312,1.1332
1746097200,1.13322,1.1341,1.13082,1.13151
1746104400,1.13153,1.13277,1.12706,1.12816
1746111600,1.12815,1.12923,1.1266,1.12907
1746118800,1.12912,1.12936,1.12751,1.12856
1746126000,1.12857,1.1294,1.1281,1.12898
1746133200,1.12858,1.12992,1.1285,1.1295
1746140400,1.12954,1.12996,1.12738,1.12822
1746147600,1.12825,1.13033,1.12785,1.1294
1746154800,1.12939,1.13157,1.12937,1.13043
1746162000,1.13045,1.13292,1.13025,1.13259
1746169200,1.13261,1.13379,1.13161,1.13324
1746176400,1.13328,1.13552,1.13258,1.13312
1746183600,1.13311,1.13505,1.1304,1.1319
1746190800,1.13189,1.13811,1.13147,1.13687
1746198000,1.13688,1.13688,1.1317,1.13198
1746205200,1.13199,1.13204,1.12924,1.12997
1746212400,1.12998,1.13089,1.12937,1.12993
1746392400,1.13008,1.13147,1.12913,1.13058
1746399600,1.13062,1.13277,1.13023,1.13227
1746406800,1.13228,1.13469,1.13226,1.13422
1746414000,1.13423,1.13426,1.13282,1.13374
1746421200,1.13373,1.13475,1.13183,1.1326
1746428400,1.13261,1.13328,1.13114,1.13261
1746435600,1.13269,1.13457,1.13266,1.13449
1746442800,1.13445,1.13636,1.134,1.13599
1746450000,1.136,1.13648,1.13307,1.13389
1746457200,1.13387,1.13414,1.12988,1.13025
1746464400,1.13024,1.13155,1.12972,1.13131
1746471600,1.13127,1.13211,1.13109,1.13144
1746478800,1.1314,1.13201,1.13132,1.13144
1746486000,1.13145,1.13166,1.1281,1.12861
1746493200,1.12863,1.13141,1.12799,1.13072
1746500400,1.13073,1.13277,1.13034,1.13245
1746507600,1.13244,1.13355,1.13135,1.13261
1746514800,1.1326,1.13496,1.13222,1.13274
1746522000,1.13273,1.133,1.13055,1.1326
1746529200,1.13261,1.13438,1.1317,1.13405
1746536400,1.13404,1.13697,1.13261,1.13412
1746543600,1.1341,1.13559,1.13305,1.13488
1746550800,1.1349,1.13725,1.1349,1.13719
1746558000,1.13714,1.13812,1.13655,1.13683
1746565200,1.13636,1.13742,1.1326,1.13425
1746572400,1.13427,1.13516,1.13253,1.13411
1746579600,1.13408,1.13516,1.13263,1.13411
1746586800,1.13412,1.13515,1.13368,1.13437
1746594000,1.13438,1.13784,1.13429,1.13738
1746601200,1.13735,1.13738,1.13542,1.13585
1746608400,1.13581,1.13671,1.13472,1.13656
1746615600,1.13661,1.13729,1.1356,1.13591
1746622800,1.13592,1.13711,1.13531,1.13672
1746630000,1.13669,1.13695,1.1337,1.1349
1746637200,1.13489,1.13652,1.13203,1.1334
1746644400,1.13338,1.13344,1.12916,1.13019
1746651600,1.12961,1.13141,1.12961,1.13012
1746658800,1.13012,1.13224,1.1301,1.131
1746666000,1.131,1.13355,1.13081,1.13228
1746673200,1.1323,1.13362,1.13177,1.13181
1746680400,1.1318,1.13185,1.12762,1.12823
1746687600,1.12825,1.1303,1.12706,1.1288
1746694800,1.12878,1.12998,1.12753,1.12876
1746702000,1.12875,1.13201,1.12854,1.12999
1746709200,1.12998,1.13165,1.12759,1.12784
1746716400,1.12786,1.12898,1.12206,1.12263
1746723600,1.12258,1.12307,1.12125,1.12247
1746730800,1.12246,1.12298,1.12119,1.12276
1746738000,1.12222,1.1233,1.1221,1.12318
1746745200,1.12321,1.12332,1.12131,1.1227
1746752400,1.12268,1.12292,1.11967,1.12186
1746759600,1.12185,1.12299,1.12183,1.12279
1746766800,1.12281,1.12478,1.12184,1.12403
1746774000,1.12402,1.12593,1.12371,1.12565
1746781200,1.12566,1.12599,1.12422,1.12457
1746788400,1.12456,1.12607,1.12441,1.12539
1746795600,1.1254,1.12928,1.12532,1.12678
1746802800,1.12673,1.12753,1.12575,1.12585
1746810000,1.12583,1.12663,1.12528,1.1259
1746817200,1.12586,1.126,1.1247,1.1248
1746997200,1.11919,1.12316,1.11891,1.12254
1747004400,1.12251,1.12395,1.12231,1.12385
1747011600,1.12387,1.12429,1.12222,1.12284
1747018800,1.12285,1.12346,1.12251,1.12276
1747026000,1.12277,1.12359,1.12138,1.1218
1747033200,1.12178,1.12187,1.1082,1.11377
1747040400,1.1137,1.11417,1.10719,1.10795
1747047600,1.10797,1.11263,1.1077,1.11134
1747054800,1.11135,1.11345,1.11073,1.11117
1747062000,1.11119,1.11239,1.10837,1.10847
1747069200,1.10846,1.10914,1.10654,1.10896
1747076400,1.10895,1.10968,1.10825,1.10869
1747083600,1.10876,1.10944,1.10849,1.10932
1747090800,1.10942,1.11069,1.10892,1.11043
1747098000,1.11047,1.11117,1.10993,1.11027
1747105200,1.11029,1.11172,1.10991,1.11167
1747112400,1.11168,1.11195,1.11016,1.11116
1747119600,1.11117,1.11246,1.11029,1.11113
1747126800,1.11115,1.11151,1.10972,1.11048
1747134000,1.11047,1.11313,1.11034,1.11308
1747141200,1.11307,1.11646,1.11277,1.11614
1747148400,1.11613,1.11828,1.11568,1.1176
1747155600,1.11759,1.1186,1.11677,1.11852
1747162800,1.1185,1.11948,1.11827,1.11851
1747170000,1.11837,1.11975,1.11824,1.11971
1747177200,1.11972,1.11972,1.11823,1.11923
1747184400,1.11921,1.11981,1.11827,1.11889
1747191600,1.11888,1.12004,1.11844,1.11888
1747198800,1.11887,1.11985,1.11803,1.1188
1747206000,1.11878,1.12522,1.11816,1.12386
1747213200,1.12391,1.12657,1.12273,1.12312
1747220400,1.12309,1.12351,1.12095,1.12254
1747227600,1.12255,1.1235,1.12027,1.12119
1747234800,1.12118,1.1215,1.11756,1.1189
1747242000,1.11891,1.11971,1.11722,1.11785
1747249200,1.1178,1.11782,1.11644,1.11716
1747256400,1.11696,1.11843,1.11663,1.11826
1747263600,1.11829,1.11947,1.11759,1.11915
1747270800,1.11916,1.11997,1.11891,1.11947
1747278000,1.11946,1.12014,1.11918,1.11929
1747285200,1.11928,1.12278,1.11854,1.12273
1747292400,1.12271,1.12281,1.11917,1.12101
1747299600,1.121,1.12131,1.11983,1.12003
1747306800,1.12001,1.12139,1.11792,1.121
1747314000,1.12104,1.1224,1.11758,1.11865
1747321200,1.11864,1.11969,1.11728,1.11807
1747328400,1.11806,1.11891,1.11703,1.11771
1747335600,1.11776,1.11875,1.11726,1.11826
1747342800,1.11851,1.11932,1.11778,1.11922
1747350000,1.11928,1.12084,1.11895,1.12048
1747357200,1.12049,1.12089,1.11981,1.12022
1747364400,1.12025,1.12059,1.11958,1.12036
1747371600,1.12032,1.12197,1.12012,1.12124
1747378800,1.12122,1.12173,1.11969,1.11991
1747386000,1.1199,1.12088,1.11884,1.11997
1747393200,1.11999,1.12081,1.11904,1.11972
1747400400,1.11971,1.12058,1.11517,1.11547
1747407600,1.11547,1.11589,1.11312,1.11451
1747414800,1.1145,1.11555,1.11395,1.11527
1747422000,1.11525,1.11621,1.11447,1.1161
1747602000,1.11742,1.11943,1.1168,1.11901
1747609200,1.11903,1.11986,1.11803,1.11973
1747616400,1.11972,1.11991,1.11724,1.11824
1747623600,1.11823,1.11872,1.11773,1.11838
1747630800,1.1184,1.12122,1.11765,1.12092
1747638000,1.12093,1.12592,1.12058,1.12572
1747645200,1.12573,1.12883,1.12551,1.12784
1747652400,1.12786,1.12801,1.12566,1.12567
1747659600,1.12569,1.12653,1.12416,1.12539
1747666800,1.12538,1.126,1.12296,1.12352
1747674000,1.12354,1.12387,1.12244,1.12352
1747681200,1.12351,1.12448,1.12329,1.12406
1747688400,1.12341,1.12437,1.12337,1.12351
1747695600,1.12351,1.12362,1.12181,1.1228
1747702800,1.12289,1.12513,1.12264,1.12321
1747710000,1.12323,1.12509,1.12296,1.12422
1747717200,1.12421,1.12625,1.12418,1.12577
1747724400,1.12571,1.12778,1.12477,1.12586
1747731600,1.12585,1.12671,1.12431,1.12445
1747738800,1.12447,1.12517,1.12237,1.12345
1747746000,1.12343,1.12694,1.12247,1.12686
1747753200,1.12688,1.12698,1.12453,1.12569
1747760400,1.12568,1.12804,1.12548,1.12725
1747767600,1.12724,1.12858,1.12719,1.12842
1747774800,1.12817,1.12864,1.12793,1.1281
1747782000,1.12809,1.13016,1.12803,1.12956
1747789200,1.12959,1.13259,1.12869,1.1322
1747796400,1.13219,1.13398,1.13191,1.13291
1747803600,1.1329,1.13534,1.13223,1.1333
1747810800,1.1332,1.13341,1.13119,1.13227
1747818000,1.13229,1.13623,1.13148,1.13388
1747825200,1.13389,1.13449,1.13174,1.13348
1747832400,1.1335,1.13542,1.13233,1.1341
1747839600,1.13409,1.13521,1.13325,1.13405
1747846800,1.13406,1.13628,1.13317,1.13333
1747854000,1.1333,1.13392,1.13157,1.13308
1747861200,1.1323,1.13305,1.13151,1.13151
1747868400,1.13152,1.13435,1.13111,1.13273
1747875600,1.13271,1.1345,1.13174,1.13389
1747882800,1.1339,1.13423,1.13247,1.13331
1747890000,1.13331,1.1342,1.13176,1.13226
1747897200,1.13227,1.13348,1.12952,1.1302
1747904400,1.13019,1.13034,1.12904,1.12921
1747911600,1.12923,1.1315,1.12848,1.12952
1747918800,1.12954,1.13089,1.12752,1.12773
1747926000,1.12774,1.12885,1.12659,1.12696
1747933200,1.12693,1.12809,1.12558,1.1278
1747940400,1.12781,1.12857,1.12776,1.12788
1747947600,1.1279,1.12873,1.12784,1.12864
1747954800,1.12868,1.12998,1.1279,1.1297
1747962000,1.12969,1.13188,1.12951,1.13149
1747969200,1.1315,1.13212,1.1308,1.13178
1747976400,1.13179,1.1327,1.13081,1.13122
1747983600,1.13128,1.13447,1.13096,1.1342
1747990800,1.13419,1.13577,1.13384,1.1349
1747998000,1.13491,1.13752,1.12978,1.13334
1748005200,1.13332,1.13464,1.13109,1.1345
1748012400,1.13453,1.13599,1.13318,1.13583
1748019600,1.13582,1.13694,1.13516,1.13597
1748026800,1.13599,1.13682,1.13554,1.13648
1748206800,1.13604,1.13795,1.13591,1.1374
1748214000,1.13744,1.13978,1.13698,1.13969
1748221200,1.13968,1.14189,1.13881,1.14098
1748228400,1.14099,1.14133,1.14031,1.14095
1748235600,1.14093,1.14187,1.14004,1.14091
1748242800,1.14088,1.14124,1.1383,1.13848
1748250000,1.13848,1.13863,1.13761,1.13843
1748257200,1.13842,1.1387,1.13688,1.13753
1748264400,1.13753,1.13849,1.13733,1.13844
1748271600,1.13845,1.13856,1.1376,1.13833
1748278800,1.13838,1.13841,1.13785,1.13808
1748286000,1.13809,1.13882,1.13804,1.13868
1748293200,1.13809,1.13945,1.13797,1.13904
1748300400,1.13902,1.14031,1.13868,1.14
1748307600,1.14001,1.14073,1.13909,1.13926
1748314800,1.13927,1.14012,1.13776,1.13785
1748322000,1.13786,1.13929,1.13642,1.1365
1748329200,1.13647,1.13712,1.13374,1.13489
1748336400,1.13486,1.13579,1.13405,1.13439
1748343600,1.1344,1.13679,1.13412,1.13666
1748350800,1.13667,1.13757,1.1338,1.13411
1748358000,1.13412,1.13414,1.13234,1.13318
1748365200,1.13317,1.13388,1.13284,1.13373
1748372400,1.13368,1.13388,1.13266,1.1328
1748379600,1.13239,1.13372,1.13239,1.13367
1748386800,1.13367,1.13453,1.13316,1.13344
1748394000,1.13343,1.1339,1.13009,1.13055
1748401200,1.13058,1.13131,1.13005,1.13062
1748408400,1.1306,1.13171,1.12955,1.13045
1748415600,1.13046,1.13343,1.1303,1.13322
1748422800,1.13321,1.13408,1.13243,1.13259
1748430000,1.13261,1.13288,1.13077,1.13112
1748437200,1.13111,1.13246,1.1297,1.13023
1748444400,1.13031,1.13086,1.12838,1.12942
1748451600,1.12941,1.1301,1.12844,1.12936
1748458800,1.12935,1.12958,1.12879,1.1291
1748466000,1.12918,1.12972,1.12906,1.12917
1748473200,1.12922,1.12924,1.12105,1.12347
1748480400,1.12346,1.1257,1.12236,1.1246
1748487600,1.12461,1.12561,1.12426,1.12478
1748494800,1.12476,1.1274,1.1231,1.12713
1748502000,1.12715,1.12828,1.1262,1.12719
1748509200,1.12721,1.12912,1.12716,1.12864
1748516400,1.12861,1.13498,1.12681,1.13491
1748523600,1.13494,1.13698,1.1339,1.13498
1748530800,1.13501,1.13797,1.13486,1.13714
1748538000,1.13715,1.13849,1.13619,1.13752
1748545200,1.13751,1.13786,1.13609,1.13656
1748552400,1.1363,1.1377,1.1363,1.13713
1748559600,1.13718,1.13852,1.13646,1.13725
1748566800,1.13726,1.139,1.13484,1.13495
1748574000,1.13494,1.1357,1.13455,1.13461
1748581200,1.13463,1.13547,1.13358,1.13466
1748588400,1.13464,1.13479,1.13236,1.13242
1748595600,1.13234,1.1335,1.13234,1.13275
1748602800,1.13273,1.13588,1.13233,1.13462
1748610000,1.13468,1.13547,1.13127,1.13522
1748617200,1.13524,1.13584,1.13436,1.13503
1748624400,1.13509,1.13672,1.13499,1.13588
1748631600,1.13584,1.13609,1.13451,1.1347
1748811600,1.13435,1.13577,1.13412,1.13551
1748818800,1.13554,1.13748,1.13511,1.13687
1748826000,1.13686,1.13821,1.13621,1.13646
1748833200,1.13644,1.1367,1.13546,1.13657
1748840400,1.13658,1.14067,1.13638,1.14012
1748847600,1.14014,1.14369,1.13986,1.14203
1748854800,1.14205,1.14372,1.14133,1.14154
1748862000,1.14152,1.14292,1.14094,1.14186
1748869200,1.14185,1.145,1.14045,1.1435
1748876400,1.14349,1.14388,1.14115,1.14186
1748883600,1.14184,1.14426,1.14163,1.14415
1748890800,1.14405,1.14465,1.14337,1.14436
1748898000,1.14385,1.14461,1.14343,1.14451
1748905200,1.14457,1.14549,1.14389,1.14433
1748912400,1.14429,1.14433,1.14185,1.14257
1748919600,1.14256,1.14276,1.1416,1.14255
1748926800,1.14257,1.14314,1.14124,1.1429
1748934000,1.14286,1.14324,1.14056,1.14117
1748941200,1.14115,1.14181,1.13966,1.13979
1748948400,1.1398,1.13992,1.13774,1.13821
1748955600,1.13823,1.13951,1.13643,1.13919
1748962800,1.13918,1.13932,1.13675,1.13734
1748970000,1.13739,1.13818,1.13694,1.13751
1748977200,1.13749,1.13764,1.13678,1.13708
1748984400,1.1372,1.13758,1.13699,1.13743
1748991600,1.13743,1.13893,1.13742,1.13827
1748998800,1.13828,1.13935,1.13714,1.13761
1749006000,1.13761,1.13809,1.13648,1.13668
1749013200,1.13671,1.13782,1.13568,1.13781
1749020400,1.13779,1.14039,1.13758,1.13997
1749027600,1.13991,1.13995,1.13748,1.13823
1749034800,1.13824,1.14112,1.13769,1.14092
1749042000,1.14095,1.14346,1.1393,1.14329
1749049200,1.14326,1.14347,1.14171,1.1433
1749056400,1.14335,1.14335,1.14203,1.14206
1749063600,1.14205,1.14228,1.141,1.14181
1749070800,1.14141,1.14233,1.14141,1.14199
1749078000,1.142,1.14295,1.14164,1.14289
1749085200,1.14292,1.14349,1.14104,1.14176
1749092400,1.1418,1.14227,1.14079,1.14105
1749099600,1.14109,1.14172,1.14047,1.14091
1749106800,1.14085,1.14252,1.14069,1.1413
1749114000,1.14127,1.14327,1.14096,1.14242
1749121200,1.1424,1.14486,1.14134,1.14295
1749128400,1.14296,1.1495,1.14184,1.14579
1749135600,1.14576,1.1459,1.14315,1.14479
1749142800,1.14478,1.14484,1.14311,1.14423
1749150000,1.14422,1.1448,1.14338,1.14443
1749157200,1.14426,1.14519,1.14365,1.14519
1749164400,1.14518,1.14576,1.14468,1.14502
1749171600,1.14501,1.14524,1.14332,1.14378
1749178800,1.14379,1.14439,1.14362,1.144
1749186000,1.14399,1.14425,1.14248,1.14356
1749193200,1.14357,1.14371,1.14116,1.14148
1749200400,1.14147,1.14246,1.1411,1.14228
1749207600,1.14227,1.14312,1.1385,1.13968
1749214800,1.13968,1.14163,1.13717,1.13896
1749222000,1.13895,1.14024,1.13812,1.13872
1749229200,1.13871,1.13998,1.13847,1.13972
1749236400,1.13971,1.14019,1.13914,1.13931
1749416400,1.13942,1.14071,1.13893,1.14067
1749423600,1.14068,1.14114,1.13926,1.13938
1749430800,1.13939,1.14254,1.13939,1.1417
1749438000,1.14171,1.14211,1.14111,1.14185
1749445200,1.14186,1.14297,1.14122,1.14275
1749452400,1.14273,1.14361,1.14185,1.14285
1749459600,1.14284,1.14393,1.14163,1.14197
1749466800,1.14196,1.14232,1.13947,1.14003
1749474000,1.13998,1.1409,1.13867,1.14081
1749481200,1.1408,1.14258,1.14077,1.14246
1749488400,1.14247,1.14308,1.14192,1.14279
1749495600,1.14275,1.14295,1.14184,1.14203
1749502800,1.14171,1.14239,1.14161,1.1423
1749510000,1.14231,1.14356,1.14203,1.14244
1749517200,1.14246,1.14285,1.13862,1.1399
1749524400,1.13989,1.14052,1.13916,1.13997
1749531600,1.13995,1.14148,1.1392,1.13949
1749538800,1.13945,1.14114,1.13731,1.14084
1749546000,1.14081,1.1425,1.14034,1.14237
1749553200,1.14235,1.14405,1.14191,1.14321
1749560400,1.14319,1.14476,1.14206,1.14258
1749567600,1.14256,1.14279,1.14158,1.14236
1749574800,1.14243,1.14289,1.14165,1.14202
1749582000,1.14201,1.14366,1.14191,1.14254
1749589200,1.14202,1.14296,1.14202,1.14287
1749596400,1.14288,1.14395,1.14205,1.14211
1749603600,1.14209,1.14269,1.14063,1.14155
1749610800,1.14154,1.14181,1.14114,1.14157
1749618000,1.14157,1.14237,1.14071,1.14102
1749625200,1.14103,1.14386,1.14054,1.14308
1749632400,1.14309,1.14457,1.14299,1.14383
1749639600,1.14384,1.14893,1.14268,1.14606
1749646800,1.14607,1.14867,1.14531,1.14817
1749654000,1.14815,1.14961,1.14749,1.14896
1749661200,1.14899,1.14996,1.14834,1.14862
1749668400,1.14863,1.14898,1.14791,1.14888
1749675600,1.14863,1.15088,1.14831,1.15057
1749682800,1.15057,1.15267,1.15017,1.15214
1749690000,1.15215,1.15292,1.15066,1.15114
1749697200,1.15113,1.15222,1.15104,1.15153
1749704400,1.15146,1.15326,1.15108,1.15223
1749711600,1.15223,1.15475,1.15053,1.15441
1749718800,1.15439,1.16099,1.15404,1.15929
1749726000,1.15928,1.16314,1.15842,1.16099
1749733200,1.16096,1.16173,1.15791,1.15822
1749740400,1.15817,1.1585,1.15669,1.15761
1749747600,1.15759,1.15808,1.15638,1.15777
1749754800,1.15776,1.15876,1.15749,1.15849
1749762000,1.15803,1.15928,1.15753,1.15899
1749769200,1.15904,1.16144,1.15393,1.15589
1749776400,1.15588,1.15605,1.1537,1.15452
1749783600,1.15453,1.15463,1.15141,1.15254
1749790800,1.15255,1.15464,1.15117,1.15426
1749798000,1.15428,1.15603,1.15257,1.15288
1749805200,1.15284,1.15359,1.1489,1.15048
1749812400,1.15052,1.15228,1.14909,1.15165
1749819600,1.15163,1.15463,1.15015,1.15445
1749826800,1.15444,1.15695,1.15381,1.15545
1749834000,1.15544,1.15554,1.15335,1.15415
1749841200,1.15413,1.15518,1.15366,1.15476
1750021200,1.15255,1.15475,1.15252,1.15411
1750028400,1.15412,1.15467,1.15274,1.15348
1750035600,1.15339,1.15443,1.15264,1.15304
1750042800,1.15303,1.15371,1.15239,1.15358
1750050000,1.15359,1.1576,1.15357,1.15735
1750057200,1.15736,1.15867,1.15671,1.15786
1750064400,1.1578,1.15861,1.15726,1.15753
1750071600,1.15752,1.15849,1.15697,1.15843
1750078800,1.15847,1.16147,1.15844,1.15916
1750086000,1.15915,1.15949,1.15783,1.15841
1750093200,1.15842,1.15852,1.15726,1.15801
1750100400,1.15801,1.15803,1.15545,1.15605
1750107600,1.15555,1.15638,1.15533,1.15561
1750114800,1.15561,1.15621,1.15426,1.15502
1750122000,1.15501,1.15609,1.1546,1.15588
1750129200,1.15589,1.15673,1.1555,1.1561
1750136400,1.15609,1.15725,1.15525,1.15624
1750143600,1.15621,1.15638,1.15455,1.15515
1750150800,1.15514,1.15687,1.15504,1.15684
1750158000,1.15682,1.15792,1.15479,1.15503
1750165200,1.15506,1.15696,1.15106,1.15267
1750172400,1.15269,1.15394,1.14988,1.15028
1750179600,1.15029,1.15087,1.14749,1.14797
1750186800,1.14794,1.14888,1.14749,1.14804
1750194000,1.14759,1.14862,1.14727,1.14752
1750201200,1.14754,1.14969,1.1475,1.14922
1750208400,1.14923,1.15011,1.14894,1.14979
1750215600,1.14979,1.1508,1.14958,1.15056
1750222800,1.15058,1.15153,1.15005,1.15105
1750230000,1.15104,1.15234,1.14984,1.15021
1750237200,1.15023,1.1511,1.14919,1.14935
1750244400,1.14936,1.15169,1.14921,1.15063
1750251600,1.15059,1.1523,1.14845,1.15074
1750258800,1.15076,1.15303,1.15017,1.15031
1750266000,1.1503,1.1529,1.14743,1.14748
1750273200,1.14752,1.14877,1.14609,1.14834
1750280400,1.14786,1.14889,1.14723,1.14803
1750287600,1.14803,1.1484,1.14712,1.14811
1750294800,1.1481,1.14821,1.14506,1.14553
1750302000,1.14555,1.14694,1.14537,1.14693
1750309200,1.14691,1.14693,1.14462,1.14667
1750316400,1.14669,1.14795,1.14568,1.14767
1750323600,1.14766,1.14798,1.14692,1.14736
1750330800,1.14736,1.14874,1.14677,1.14775
1750338000,1.14774,1.14846,1.14618,1.14688
1750345200,1.14685,1.14723,1.14543,1.14567
1750352400,1.14566,1.14874,1.14554,1.14851
1750359600,1.14852,1.15001,1.14845,1.14969
1750366800,1.1494,1.15001,1.1486,1.14977
1750374000,1.14978,1.1524,1.14969,1.15228
1750381200,1.15224,1.15232,1.1511,1.15182
1750388400,1.1518,1.15324,1.15152,1.15271
1750395600,1.15272,1.15298,1.15136,1.15167
1750402800,1.15169,1.15267,1.15102,1.15224
1750410000,1.15223,1.15348,1.15194,1.15242
1750417200,1.15239,1.15268,1.15056,1.15127
1750424400,1.15129,1.15212,1.14954,1.15137
1750431600,1.15138,1.15374,1.15112,1.15362
1750438800,1.15363,1.15442,1.15271,1.15287
1750446000,1.15286,1.15319,1.15139,1.15219
1750626000,1.14553,1.14949,1.14538,1.14887
1750633200,1.14897,1.15075,1.14809,1.14892
1750640400,1.14894,1.15068,1.14723,1.14994
1750647600,1.14998,1.15035,1.14853,1.14906
1750654800,1.14909,1.15211,1.14907,1.15071
1750662000,1.15074,1.15162,1.14805,1.14818
1750669200,1.14819,1.14831,1.14536,1.14626
1750676400,1.14627,1.14779,1.14571,1.14677
1750683600,1.14678,1.15408,1.14649,1.15309
1750690800,1.15312,1.15576,1.15181,1.15448
1750698000,1.15447,1.15779,1.15408,1.15742
1750705200,1.15741,1.15817,1.15705,1.15784
1750712400,1.15778,1.16024,1.15736,1.15925
1750719600,1.15932,1.16089,1.15868,1.15991
1750726800,1.15992,1.16056,1.15867,1.16003
1750734000,1.16005,1.16143,1.15999,1.16063
1750741200,1.16064,1.16223,1.16014,1.16053
1750748400,1.16054,1.16107,1.15801,1.15927
1750755600,1.15925,1.16181,1.15919,1.15968
1750762800,1.15967,1.16152,1.1594,1.16007
1750770000,1.16006,1.16415,1.15823,1.1617
1750777200,1.16167,1.16364,1.16052,1.16241
1750784400,1.1624,1.16326,1.162,1.16237
1750791600,1.16235,1.16251,1.16081,1.16086
1750798800,1.16017,1.16115,1.16017,1.16079
1750806000,1.16081,1.16268,1.16079,1.16251
1750813200,1.1625,1.16315,1.16177,1.16206
1750820400,1.16209,1.16233,1.16112,1.16139
1750827600,1.1614,1.16226,1.16038,1.16074
1750834800,1.16073,1.16116,1.15902,1.16101
1750842000,1.16098,1.16114,1.15922,1.16037
1750849200,1.16036,1.16135,1.15899,1.15929
1750856400,1.1593,1.16237,1.15904,1.16211
1750863600,1.16209,1.16359,1.16169,1.1631
1750870800,1.16311,1.16613,1.1627,1.1661
1750878000,1.16609,1.16652,1.16512,1.16599
1750885200,1.16562,1.16603,1.16533,1.16596
1750892400,1.16599,1.16891,1.16595,1.16824
1750899600,1.16825,1.16951,1.16673,1.16908
1750906800,1.16908,1.17176,1.16784,1.16799
1750914000,1.16796,1.17004,1.1672,1.16997
1750921200,1.16997,1.17448,1.16915,1.17275
1750928400,1.1727,1.17309,1.17127,1.1715
1750935600,1.17151,1.17161,1.16896,1.17069
1750942800,1.17068,1.17208,1.16943,1.17084
1750950000,1.17083,1.17404,1.16903,1.17296
1750957200,1.17293,1.17323,1.1718,1.17206
1750964400,1.17208,1.17208,1.16941,1.17016
1750971600,1.16957,1.17111,1.16805,1.16833
1750978800,1.16834,1.16982,1.16832,1.16922
1750986000,1.16919,1.17056,1.16859,1.16999
1750993200,1.16999,1.17095,1.16851,1.16852
1751000400,1.16853,1.17188,1.16836,1.17187
1751007600,1.17187,1.17269,1.17071,1.17095
1751014800,1.17096,1.17154,1.17013,1.17137
1751022000,1.17142,1.17495,1.17031,1.17472
1751029200,1.1747,1.1754,1.17057,1.17187
1751036400,1.17185,1.17325,1.17114,1.17224
1751043600,1.17225,1.1724,1.16877,1.16996
1751050800,1.16995,1.17197,1.1699,1.17194
1751230800,1.17282,1.17329,1.17189,1.17303
1751238000,1.17304,1.17386,1.17159,1.17181
1751245200,1.17179,1.17347,1.17153,1.17189
1751252400,1.17187,1.1732,1.17119,1.17303
1751259600,1.17302,1.17507,1.17208,1.17434
1751266800,1.17433,1.17434,1.17137,1.17295
1751274000,1.1729,1.17327,1.17167,1.17248
1751281200,1.17247,1.17317,1.17078,1.17132
1751288400,1.17133,1.17509,1.17109,1.17387
1751295600,1.17378,1.17719,1.17336,1.17628
1751302800,1.17624,1.178,1.17607,1.17759
1751310000,1.17758,1.17883,1.17725,1.1788
1751317200,1.17801,1.17908,1.17711,1.17856
1751324400,1.17857,1.17981,1.17834,1.17976
1751331600,1.17976,1.18074,1.1778,1.17882
1751338800,1.1788,1.17941,1.17831,1.17864
1751346000,1.17865,1.17898,1.17762,1.17795
1751353200,1.17795,1.18173,1.17673,1.18048
1751360400,1.18048,1.18295,1.17968,1.18118
1751367600,1.18113,1.18194,1.18024,1.18038
1751374800,1.1804,1.18117,1.17754,1.17794
1751382000,1.17796,1.17797,1.17614,1.17656
1751389200,1.17657,1.17837,1.17656,1.17811
1751396400,1.17809,1.18066,1.17794,1.18059
1751403600,1.18038,1.18066,1.17988,1.18029
1751410800,1.18031,1.18082,1.17991,1.18076
1751418000,1.18075,1.18102,1.17882,1.18003
1751425200,1.18007,1.18032,1.17957,1.17963
1751432400,1.17965,1.17982,1.17732,1.17817
1751439600,1.17816,1.17837,1.177,1.17756
1751446800,1.17759,1.1781,1.1765,1.17676
1751454000,1.17675,1.17884,1.17471,1.17565
1751461200,1.17562,1.17775,1.17507,1.17675
1751468400,1.17671,1.17939,1.1766,1.17886
1751475600,1.17884,1.18003,1.17884,1.17996
1751482800,1.17997,1.18034,1.17956,1.17988
1751490000,1.17958,1.18001,1.17867,1.17983
1751497200,1.17986,1.18089,1.17972,1.18066
1751504400,1.1807,1.18101,1.17946,1.17977
1751511600,1.17978,1.17996,1.17876,1.17894
1751518800,1.17896,1.18031,1.17869,1.18026
1751526000,1.18021,1.181,1.17945,1.1798
1751533200,1.17979,1.18002,1.17871,1.17933
1751540400,1.17935,1.1797,1.17173,1.17383
1751547600,1.17381,1.17899,1.17338,1.17527
1751554800,1.17528,1.17662,1.17397,1.17522
1751562000,1.1752,1.17581,1.1748,1.1749
1751569200,1.17491,1.17599,1.17444,1.17574
1751576400,1.17586,1.17597,1.17519,1.17597
1751583600,1.17596,1.17715,1.1756,1.1767
1751590800,1.17675,1.17709,1.1756,1.17655
1751598000,1.17654,1.17803,1.17644,1.17801
1751605200,1.178,1.17856,1.17745,1.17812
1751612400,1.17813,1.17828,1.17677,1.17747
1751619600,1.17742,1.17823,1.17723,1.17778
1751626800,1.17781,1.17821,1.17639,1.17666
1751634000,1.17664,1.17876,1.17664,1.17786
1751641200,1.17785,1.17847,1.17738,1.17744
1751648400,1.17746,1.17795,1.17722,1.1779
1751655600,1.17789,1.17829,1.17721,1.17732
1751835600,1.17773,1.17818,1.1773,1.17799
1751842800,1.17809,1.17902,1.17753,1.17799
1751850000,1.1779,1.17808,1.17647,1.17676
1751857200,1.17677,1.17747,1.17643,1.17662
1751864400,1.17661,1.17738,1.17501,1.1756
1751871600,1.17561,1.17586,1.17234,1.17245
1751878800,1.17246,1.17361,1.17222,1.17277
1751886000,1.17276,1.17343,1.17179,1.17226
1751893200,1.17225,1.17455,1.1722,1.1739
1751900400,1.17391,1.17406,1.16873,1.16941
1751907600,1.16944,1.17198,1.16869,1.17191
1751914800,1.17192,1.17238,1.17068,1.17084
1751922000,1.17075,1.17375,1.17062,1.17354
1751929200,1.17353,1.17479,1.17316,1.17433
1751936400,1.17432,1.1749,1.17309,1.17386
1751943600,1.17385,1.17499,1.17369,1.17415
1751950800,1.17414,1.17449,1.17316,1.17418
1751958000,1.17418,1.17653,1.17418,1.17491
1751965200,1.17491,1.17507,1.17233,1.17281
1751972400,1.17282,1.17385,1.17139,1.17211
1751979600,1.17209,1.17225,1.16828,1.16922
1751986800,1.16929,1.17131,1.16897,1.17089
1751994000,1.17088,1.17286,1.17075,1.17252
1752001200,1.17267,1.17297,1.17193,1.17254
1752008400,1.17166,1.17293,1.17151,1.17287
1752015600,1.1729,1.1729,1.17176,1.17246
1752022800,1.17247,1.17261,1.17046,1.17116
1752030000,1.17115,1.17139,1.17017,1.17126
1752037200,1.17125,1.17285,1.1711,1.17261
1752044400,1.1726,1.17283,1.17023,1.17132
1752051600,1.17133,1.172,1.17019,1.17021
1752058800,1.1702,1.17169,1.16898,1.17156
1752066000,1.17155,1.17246,1.17007,1.17149
1752073200,1.17148,1.17164,1.17007,1.17051
1752080400,1.17052,1.1718,1.17039,1.17133
1752087600,1.17133,1.17235,1.17117,1.17226
1752094800,1.17157,1.17251,1.1712,1.17244
1752102000,1.17248,1.17496,1.1723,1.17437
1752109200,1.17433,1.17447,1.17373,1.17391
1752116400,1.17389,1.174,1.17305,1.17351
1752123600,1.1735,1.17437,1.17296,1.17329
1752130800,1.17328,1.1738,1.17259,1.17278
1752138000,1.1728,1.17345,1.17277,1.17284
1752145200,1.17283,1.17297,1.17019,1.17066
1752152400,1.17067,1.17146,1.16627,1.16798
1752159600,1.16799,1.16901,1.16739,1.16856
1752166800,1.16855,1.16949,1.16817,1.16923
1752174000,1.16922,1.17007,1.16899,1.17003
1752181200,1.17006,1.17074,1.16962,1.17058
1752188400,1.17058,1.1706,1.16649,1.16749
1752195600,1.16748,1.16861,1.16687,1.1671
1752202800,1.16709,1.16846,1.16691,1.16765
1752210000,1.16763,1.1685,1.16705,1.16748
1752217200,1.16757,1.16959,1.16757,1.16824
1752224400,1.16823,1.16967,1.16813,1.16926
1752231600,1.16927,1.17014,1.16825,1.16883
1752238800,1.16885,1.17142,1.16744,1.16922
1752246000,1.16919,1.17044,1.1689,1.16915
1752253200,1.16914,1.1696,1.16864,1.16886
1752260400,1.16889,1.16939,1.16785,1.16923
1752440400,1.16619,1.16843,1.1659,1.16646
1752447600,1.16647,1.1694,1.16632,1.16935
1752454800,1.16936,1.16979,1.16727,1.16744
1752462000,1.16745,1.16851,1.16732,1.16748
1752469200,1.16749,1.16788,1.16544,1.16636
1752476400,1.16639,1.16888,1.16627,1.16825
1752483600,1.16826,1.16952,1.16795,1.16945
1752490800,1.16948,1.1697,1.16799,1.16857
1752498000,1.16855,1.16942,1.16748,1.16835
1752505200,1.16836,1.16959,1.16601,1.16625
1752512400,1.16626,1.1673,1.16593,1.16702
1752519600,1.16703,1.16718,1.16633,1.16657
1752526800,1.16603,1.1668,1.16595,1.16667
1752534000,1.16666,1.16773,1.16604,1.16723
1752541200,1.16725,1.16752,1.16653,1.16745
1752548400,1.16746,1.168,1.1673,1.16759
1752555600,1.16758,1.16882,1.16746,1.16779
1752562800,1.16781,1.16929,1.16719,1.16869
1752570000,1.16866,1.16912,1.16764,1.16838
1752577200,1.16839,1.1691,1.16625,1.1678
1752584400,1.16778,1.16795,1.16155,1.16187
1752591600,1.16188,1.16206,1.15938,1.1596
1752598800,1.15961,1.16051,1.15929,1.16031
1752606000,1.16032,1.16038,1.15991,1.16026
1752613200,1.1599,1.16045,1.15964,1.16044
1752620400,1.16046,1.16136,1.16024,1.16079
1752627600,1.16077,1.16156,1.16065,1.16103
1752634800,1.16105,1.162,1.1606,1.16197
1752642000,1.16196,1.1628,1.16145,1.16278
1752649200,1.16275,1.16284,1.16126,1.16252
1752656400,1.16254,1.16264,1.1609,1.16173
1752663600,1.16172,1.16213,1.15931,1.15985
1752670800,1.15986,1.16055,1.15626,1.1593
1752678000,1.15924,1.17215,1.15922,1.16392
1752685200,1.16392,1.16588,1.16274,1.16282
1752692400,1.16284,1.16428,1.16202,1.16403
1752699600,1.1633,1.16424,1.16282,1.16364
1752706800,1.16364,1.164,1.16174,1.16239
1752714000,1.1624,1.16291,1.16138,1.16184
1752721200,1.16183,1.16246,1.16139,1.16245
1752728400,1.16243,1.16273,1.15734,1.15831
1752735600,1.15833,1.16053,1.15739,1.16017
1752742800,1.16018,1.16046,1.15834,1.15861
1752750000,1.1586,1.15926,1.15563,1.15872
1752757200,1.15872,1.15986,1.15776,1.1588
1752764400,1.15879,1.16027,1.15835,1.15863
1752771600,1.15864,1.15907,1.15798,1.15845
1752778800,1.15844,1.16003,1.15842,1.15977
1752786000,1.15912,1.16191,1.15871,1.16168
1752793200,1.16174,1.16277,1.16144,1.16247
1752800400,1.16246,1.16344,1.16201,1.16294
1752807600,1.1629,1.16318,1.16182,1.16193
1752814800,1.16189,1.16227,1.16121,1.16205
1752822000,1.16207,1.16458,1.16201,1.16357
1752829200,1.16355,1.16432,1.1632,1.164
1752836400,1.16399,1.16584,1.16394,1.16563
1752843600,1.16562,1.16712,1.16445,1.16481
1752850800,1.16483,1.16579,1.16266,1.16286
1752858000,1.16285,1.16299,1.1618,1.16217
1752865200,1.16218,1.16276,1.1617,1.16226
1753045200,1.16236,1.16342,1.16224,1.16265
1753052400,1.16264,1.16365,1.16189,1.16192
1753059600,1.1619,1.16255,1.16145,1.16221
1753066800,1.1622,1.16302,1.16197,1.16293
1753074000,1.16294,1.16428,1.16277,1.16415
1753081200,1.16416,1.16522,1.16357,1.16423
1753088400,1.16422,1.16487,1.16336,1.16455
1753095600,1.16456,1.16733,1.16444,1.16651
1753102800,1.16649,1.16985,1.16579,1.16965
1753110000,1.16964,1.17167,1.16954,1.17002
1753117200,1.17001,1.17016,1.16861,1.16939
1753124400,1.1694,1.16966,1.16882,1.16958
1753131600,1.16906,1.16949,1.1688,1.16948
1753138800,1.16948,1.16961,1.16835,1.16885
1753146000,1.16884,1.16959,1.16824,1.16907
1753153200,1.16906,1.16946,1.16851,1.16883
1753160400,1.16884,1.16923,1.16829,1.16911
1753167600,1.1691,1.17034,1.16819,1.16985
1753174800,1.16986,1.17095,1.16935,1.17019
1753182000,1.17018,1.1705,1.16833,1.16907
1753189200,1.16908,1.17265,1.1679,1.17224
1753196400,1.17219,1.17603,1.17148,1.17552
1753203600,1.17553,1.17554,1.17418,1.17481
1753210800,1.17478,1.17547,1.1745,1.17544
1753218000,1.17533,1.17539,1.1746,1.17481
1753225200,1.17483,1.17562,1.17334,1.17471
1753232400,1.17477,1.17487,1.17308,1.17349
1753239600,1.17349,1.17462,1.17322,1.17351
1753246800,1.17351,1.17425,1.17272,1.17423
1753254000,1.17418,1.17528,1.17309,1.17329
1753261200,1.17324,1.17395,1.1723,1.1726
1753268400,1.17259,1.1733,1.172,1.1725
1753275600,1.17248,1.17379,1.17109,1.17337
1753282800,1.17338,1.17607,1.17216,1.17512
1753290000,1.17513,1.1774,1.17457,1.17714
1753297200,1.17716,1.17753,1.17666,1.17733
1753304400,1.17671,1.17748,1.17653,1.17734
1753311600,1.17736,1.17788,1.1762,1.17672
1753318800,1.17668,1.17795,1.17667,1.17768
1753326000,1.17769,1.17802,1.17728,1.17741
1753333200,1.1774,1.17783,1.17569,1.1757
1753340400,1.17571,1.17697,1.17552,1.17582
1753347600,1.17581,1.17595,1.17433,1.1749
1753354800,1.17492,1.17589,1.1732,1.1736
1753362000,1.17363,1.17888,1.17304,1.17661
1753369200,1.17663,1.17785,1.17554,1.17625
1753376400,1.17627,1.17781,1.17602,1.17658
1753383600,1.1766,1.17703,1.17453,1.17488
1753390800,1.17414,1.17532,1.17339,1.17518
1753398000,1.17521,1.17589,1.17484,1.17544
1753405200,1.17546,1.17586,1.17339,1.17392
1753412400,1.17392,1.17465,1.17344,1.17401
1753419600,1.17402,1.17608,1.17372,1.17478
1753426800,1.17479,1.17595,1.17416,1.17434
1753434000,1.17431,1.17437,1.17247,1.17284
1753441200,1.1728,1.17311,1.17116,1.17181
1753448400,1.17182,1.17356,1.17032,1.17295
1753455600,1.17294,1.17386,1.17202,1.17289
1753462800,1.17288,1.17468,1.17288,1.17456
1753470000,1.17457,1.17472,1.17375,1.17392
1753650000,1.17532,1.17684,1.17511,1.1755
1753657200,1.17553,1.17704,1.17536,1.17639
1753664400,1.1764,1.17698,1.17466,1.17548
1753671600,1.17546,1.17583,1.17458,1.17474
1753678800,1.17473,1.17478,1.17111,1.17214
1753686000,1.17213,1.17238,1.16708,1.1679
1753693200,1.16789,1.16844,1.16551,1.16583
1753700400,1.16582,1.16651,1.16438,1.16581
1753707600,1.16582,1.16622,1.16257,1.16372
1753714800,1.16371,1.16394,1.15984,1.15992
1753722000,1.15992,1.16015,1.15853,1.15949
1753729200,1.15948,1.15962,1.15853,1.1589
1753736400,1.15875,1.15945,1.15871,1.15938
1753743600,1.15935,1.15976,1.15843,1.15851
1753750800,1.15852,1.15994,1.15851,1.15971
1753758000,1.1597,1.15984,1.15747,1.15885
1753765200,1.15886,1.15903,1.15321,1.15339
1753772400,1.15343,1.15696,1.15265,1.15692
1753779600,1.15692,1.15886,1.15633,1.15739
1753786800,1.15741,1.15749,1.15247,1.15247
1753794000,1.15244,1.15513,1.15189,1.15229
1753801200,1.1523,1.15496,1.15218,1.15416
1753808400,1.15415,1.15608,1.15375,1.15503
1753815600,1.15505,1.15576,1.15443,1.15455
1753822800,1.15472,1.15507,1.1545,1.15498
1753830000,1.15497,1.15678,1.15467,1.15673
1753837200,1.15673,1.15727,1.15604,1.15639
1753844400,1.15642,1.15709,1.15503,1.15511
1753851600,1.15513,1.15609,1.15401,1.15566
1753858800,1.15567,1.15685,1.15489,1.15569
1753866000,1.15568,1.15607,1.15322,1.15395
1753873200,1.15396,1.15408,1.14693,1.14729
1753880400,1.1473,1.14821,1.14578,1.14805
1753887600,1.14803,1.1485,1.14637,1.14739
1753894800,1.1474,1.15033,1.14246,1.14246
1753902000,1.14248,1.14361,1.14008,1.14036
1753909200,1.1403,1.14242,1.14014,1.14229
1753916400,1.1423,1.14374,1.14194,1.14342
1753923600,1.14343,1.14382,1.14212,1.14294
1753930800,1.14293,1.14364,1.14077,1.14357
1753938000,1.14354,1.14608,1.14309,1.14584
1753945200,1.14585,1.14585,1.14334,1.145
1753952400,1.14505,1.1451,1.14205,1.14399
1753959600,1.144,1.14511,1.14249,1.14286
1753966800,1.14288,1.14497,1.14057,1.14446
1753974000,1.14445,1.14498,1.14216,1.14226
1753981200,1.14228,1.1433,1.14151,1.14266
1753988400,1.14263,1.14319,1.14096,1.1414
1753995600,1.14156,1.14231,1.14136,1.14178
1754002800,1.14181,1.14289,1.14117,1.14243
1754010000,1.14242,1.14286,1.14051,1.14113
1754017200,1.14115,1.14222,1.14103,1.14193
1754024400,1.14192,1.14382,1.14162,1.14293
1754031600,1.14297,1.14342,1.14055,1.14067
1754038800,1.14067,1.14176,1.13931,1.14122
1754046000,1.14121,1.15584,1.13916,1.15453
1754053200,1.15455,1.15882,1.15369,1.15561
1754060400,1.1556,1.1565,1.15362,1.15394
1754067600,1.15395,1.15479,1.15166,1.15257
1754074800,1.1526,1.15969,1.15235,1.15955
1754254800,1.15897,1.15957,1.15784,1.1584
1754262000,1.1584,1.159,1.15561,1.1558
1754269200,1.15581,1.15781,1.15502,1.15758
1754276400,1.15756,1.15861,1.15743,1.15745
1754283600,1.15748,1.15834,1.15633,1.15716
1754290800,1.15717,1.15787,1.15498,1.15581
1754298000,1.15579,1.15774,1.15551,1.1574
1754305200,1.15739,1.15884,1.15607,1.15752
1754312400,1.15753,1.15883,1.15569,1.1564
1754319600,1.15636,1.15767,1.15571,1.15722
1754326800,1.15721,1.15776,1.15642,1.15654
1754334000,1.15653,1.15761,1.1563,1.15726
1754341200,1.15683,1.15814,1.15659,1.15793
1754348400,1.15797,1.15879,1.15707,1.15719
1754355600,1.15718,1.15742,1.15556,1.15603
1754362800,1.15606,1.15616,1.1554,1.15584
1754370000,1.15582,1.15613,1.15428,1.15508
1754377200,1.1551,1.15623,1.15313,1.15367
1754384400,1.15368,1.15465,1.15299,1.15444
1754391600,1.1544,1.15486,1.15277,1.15372
1754398800,1.15375,1.15662,1.15322,1.15653
1754406000,1.15653,1.15862,1.15627,1.15828
1754413200,1.15828,1.15836,1.15705,1.15737
1754420400,1.15736,1.15775,1.15664,1.15753
1754427600,1.15718,1.15777,1.1571,1.15762
1754434800,1.15763,1.15854,1.15728,1.15738
1754442000,1.15737,1.15738,1.15642,1.15695
1754449200,1.157,1.15862,1.15694,1.15828
1754456400,1.15826,1.15881,1.15743,1.15786
1754463600,1.15784,1.15836,1.15701,1.1575
1754470800,1.15743,1.16106,1.1574,1.16071
1754478000,1.16072,1.16287,1.15976,1.16238
1754485200,1.16236,1.16377,1.16175,1.16274
1754492400,1.16273,1.16486,1.1623,1.16347
1754499600,1.16348,1.16686,1.1633,1.16623
1754506800,1.16624,1.16641,1.16504,1.16599
1754514000,1.16538,1.16661,1.16518,1.16637
1754521200,1.16631,1.16643,1.16509,1.16525
1754528400,1.16524,1.16653,1.16494,1.16575
1754535600,1.16576,1.16765,1.16532,1.16712
1754542800,1.16713,1.16799,1.1668,1.16761
1754550000,1.16762,1.16989,1.16728,1.16828
1754557200,1.16831,1.16849,1.16614,1.16705
1754564400,1.16704,1.16764,1.16343,1.16513
1754571600,1.16512,1.16587,1.16143,1.16245
1754578800,1.16244,1.16448,1.16111,1.16381
1754586000,1.16383,1.16398,1.16212,1.16222
1754593200,1.16225,1.16713,1.16195,1.16644
1754600400,1.16584,1.16746,1.16584,1.16727
1754607600,1.16726,1.16794,1.16672,1.16727
1754614800,1.16726,1.1674,1.16552,1.16608
1754622000,1.16608,1.16635,1.16551,1.16583
1754629200,1.1658,1.16602,1.16392,1.16501
1754636400,1.16505,1.16647,1.16347,1.1637
1754643600,1.16372,1.16475,1.16289,1.16357
1754650800,1.16356,1.16537,1.16349,1.16418
1754658000,1.16419,1.16629,1.16413,1.16561
1754665200,1.16556,1.16677,1.16496,1.16565
1754672400,1.16567,1.16667,1.16479,1.1656
1754679600,1.16559,1.16562,1.16364,1.1641
1754859600,1.16399,1.1651,1.16399,1.1647
1754866800,1.16472,1.16509,1.16419,1.16476
1754874000,1.16474,1.16686,1.16455,1.16657
1754881200,1.16659,1.16755,1.16648,1.16721
1754888400,1.1672,1.16739,1.16633,1.16643
1754895600,1.16644,1.1666,1.1644,1.16554
1754902800,1.1655,1.16583,1.16383,1.1647
1754910000,1.16469,1.16472,1.1614,1.16201
1754917200,1.16203,1.16278,1.15906,1.15958
1754924400,1.15961,1.16119,1.159,1.16076
1754931600,1.16077,1.16144,1.15987,1.16123
1754938800,1.16124,1.16196,1.1602,1.16158
1754946000,1.16065,1.16185,1.16065,1.16129
1754953200,1.16132,1.16199,1.16118,1.16153
1754960400,1.16152,1.16257,1.16143,1.16228
1754967600,1.16229,1.1628,1.16155,1.16275
1754974800,1.16276,1.1629,1.16083,1.16093
1754982000,1.16094,1.16239,1.16081,1.16148
1754989200,1.16149,1.16187,1.16006,1.16105
1754996400,1.16104,1.16556,1.15984,1.16425
1755003600,1.16424,1.16677,1.16173,1.16581
1755010800,1.1658,1.16973,1.16563,1.16799
1755018000,1.16801,1.16805,1.16645,1.1669
1755025200,1.16689,1.16771,1.16646,1.16732
1755032400,1.1669,1.16774,1.1667,1.16766
1755039600,1.16768,1.16807,1.16709,1.16799
1755046800,1.16801,1.16864,1.16704,1.1682
1755054000,1.16818,1.16877,1.16794,1.16842
1755061200,1.16844,1.16972,1.16765,1.16922
1755068400,1.16921,1.17206,1.16916,1.1714
1755075600,1.1714,1.17303,1.1714,1.17166
1755082800,1.17166,1.17218,1.16973,1.1699
1755090000,1.16992,1.17236,1.16932,1.17201
1755097200,1.172,1.17226,1.17065,1.1707
1755104400,1.17069,1.17109,1.16957,1.17006
1755111600,1.17004,1.1707,1.16974,1.17047
1755118800,1.17018,1.17083,1.16976,1.17083
1755126000,1.17084,1.17148,1.17076,1.17114
1755133200,1.17113,1.17152,1.16991,1.17048
1755140400,1.1705,1.17067,1.16996,1.1704
1755147600,1.17039,1.17066,1.16851,1.16852
1755154800,1.16854,1.16929,1.16677,1.16685
1755162000,1.16686,1.16975,1.16685,1.16955
1755169200,1.16956,1.16966,1.16493,1.16637
1755176400,1.16638,1.16713,1.16378,1.1661
1755183600,1.16611,1.16621,1.1631,1.16345
1755190800,1.1635,1.16439,1.16312,1.16416
1755198000,1.16417,1.16506,1.16415,1.16483
1755205200,1.16471,1.16531,1.16469,1.165
1755212400,1.16499,1.16534,1.1646,1.16523
1755219600,1.16529,1.1658,1.16481,1.16567
1755226800,1.16571,1.16648,1.16566,1.16629
1755234000,1.16624,1.16748,1.16614,1.16719
1755241200,1.16723,1.16854,1.16716,1.16822
1755248400,1.1682,1.16916,1.16801,1.16859
1755255600,1.16858,1.17002,1.16735,1.16939
1755262800,1.16941,1.17153,1.16818,1.17119
1755270000,1.17116,1.17152,1.16999,1.17039
1755277200,1.1704,1.17067,1.16985,1.17026
1755284400,1.17025,1.17082,1.17,1.17032
1755464400,1.17103,1.17159,1.17063,1.17136
1755471600,1.17139,1.17145,1.17002,1.17016
1755478800,1.17017,1.17055,1.16935,1.17013
1755486000,1.17015,1.17104,1.16995,1.17084
1755493200,1.17085,1.1709,1.16935,1.16964
1755500400,1.16965,1.17036,1.16713,1.1682
1755507600,1.16819,1.16861,1.16731,1.16809
1755514800,1.16808,1.16886,1.16662,1.16766
1755522000,1.16765,1.16848,1.16606,1.16642
1755529200,1.16643,1.16748,1.16562,1.16579
1755536400,1.16578,1.16679,1.16569,1.16601
1755543600,1.16602,1.16706,1.166,1.16613
1755550800,1.16527,1.16747,1.16527,1.16696
1755558000,1.16697,1.16702,1.16558,1.16584
1755565200,1.16584,1.16626,1.16393,1.16528
1755572400,1.1653,1.16619,1.16503,1.16609
1755579600,1.16608,1.16749,1.16512,1.16744
1755586800,1.16743,1.16845,1.16715,1.16749
1755594000,1.1675,1.16921,1.16725,1.16886
1755601200,1.16884,1.1693,1.16731,1.16755
1755608400,1.16754,1.16783,1.1664,1.16721
1755615600,1.16722,1.16756,1.16544,1.16566
1755622800,1.16565,1.16609,1.16424,1.16474
1755630000,1.16473,1.16484,1.16426,1.16469
1755637200,1.16394,1.16492,1.16394,1.16485
1755644400,1.16487,1.16487,1.16316,1.16388
1755651600,1.16388,1.16423,1.16221,1.16264
1755658800,1.16267,1.16383,1.16266,1.16344
1755666000,1.16344,1.16423,1.16231,1.16336
1755673200,1.16337,1.16468,1.16316,1.16377
1755680400,1.16378,1.16575,1.16349,1.16469
1755687600,1.16472,1.16738,1.16404,1.16711
1755694800,1.16712,1.16721,1.1648,1.1663
1755702000,1.16425,1.16621,1.16424,1.16598
1755709200,1.16596,1.16726,1.16547,1.16551
1755716400,1.16552,1.16588,1.16468,1.16505
1755723600,1.16495,1.16559,1.16484,1.16527
1755730800,1.16526,1.16537,1.16412,1.16469
1755738000,1.16465,1.16507,1.16413,1.16467
1755745200,1.16468,1.1649,1.16417,1.16453
1755752400,1.16456,1.16498,1.16259,1.16301
1755759600,1.163,1.16613,1.16249,1.1655
1755766800,1.16548,1.1663,1.16481,1.16493
1755774000,1.16496,1.16576,1.16367,1.16468
1755781200,1.16465,1.16502,1.16061,1.16157
1755788400,1.16155,1.16259,1.16012,1.16114
1755795600,1.16121,1.16187,1.1607,1.16098
1755802800,1.16098,1.16103,1.16033,1.16063
1755810000,1.15991,1.16137,1.15991,1.16133
1755817200,1.16132,1.16167,1.16092,1.16149
1755824400,1.16148,1.16159,1.16041,1.16087
1755831600,1.16088,1.1609,1.15831,1.15846
1755838800,1.15845,1.15953,1.15831,1.15885
1755846000,1.15886,1.15997,1.15884,1.15996
1755853200,1.15995,1.16026,1.15935,1.1596
1755860400,1.15959,1.16137,1.15949,1.1609
1755867600,1.16087,1.17199,1.15977,1.17182
1755874800,1.1718,1.17322,1.17121,1.17219
1755882000,1.17222,1.17427,1.17212,1.17213
1755889200,1.17214,1.17269,1.1715,1.17213
1756069200,1.1721,1.17258,1.17109,1.17126
1756076400,1.17129,1.17146,1.16955,1.16981
1756083600,1.1698,1.17039,1.16936,1.16969
1756090800,1.16967,1.1708,1.16967,1.17058
1756098000,1.17059,1.17205,1.16982,1.17147
1756105200,1.17148,1.17182,1.16945,1.1704
1756112400,1.17041,1.17047,1.16852,1.16879
1756119600,1.16881,1.17037,1.16877,1.16997
1756126800,1.16998,1.17091,1.16891,1.169
1756134000,1.16902,1.16918,1.16515,1.1655
1756141200,1.16552,1.16561,1.16191,1.16206
1756148400,1.16207,1.16254,1.16029,1.16194
1756155600,1.1618,1.16225,1.16132,1.16206
1756162800,1.16207,1.16602,1.161,1.16478
1756170000,1.16475,1.16503,1.16325,1.16364
1756177200,1.16364,1.16367,1.16237,1.16322
1756184400,1.1632,1.16447,1.16137,1.16224
1756191600,1.16221,1.16288,1.16023,1.16181
1756198800,1.1618,1.16476,1.16176,1.16448
1756206000,1.16449,1.16605,1.16413,1.16462
1756213200,1.16463,1.16654,1.16373,1.16549
1756220400,1.16555,1.16638,1.16485,1.16488
1756227600,1.16487,1.1653,1.16337,1.16435
1756234800,1.16436,1.16489,1.16335,1.16406
1756242000,1.16377,1.16478,1.16377,1.1643
1756249200,1.16432,1.16441,1.16337,1.1637
1756256400,1.16369,1.16408,1.16248,1.16315
1756263600,1.16314,1.1633,1.16121,1.16143
1756270800,1.16144,1.16238,1.16134,1.16208
1756278000,1.16209,1.16221,1.15769,1.15888
1756285200,1.15891,1.15952,1.15788,1.15796
1756292400,1.15794,1.15983,1.1574,1.15864
1756299600,1.15863,1.1604,1.15821,1.15925
1756306800,1.15924,1.16408,1.15923,1.16382
1756314000,1.16383,1.16428,1.16278,1.16305
1756321200,1.16304,1.16383,1.16292,1.16376
1756328400,1.16316,1.16442,1.1628,1.16437
1756335600,1.16436,1.16494,1.16422,1.16457
1756342800,1.16459,1.16547,1.16412,1.16528
1756350000,1.16526,1.16544,1.16387,1.164
1756357200,1.16398,1.16454,1.16338,1.16428
1756364400,1.16429,1.16498,1.16287,1.16425
1756371600,1.16427,1.16749,1.16427,1.16715
1756378800,1.16717,1.16871,1.16593,1.16694
1756386000,1.16696,1.16861,1.16586,1.16706
1756393200,1.16703,1.16903,1.16613,1.16895
1756400400,1.16893,1.16973,1.16847,1.16891
1756407600,1.16893,1.16904,1.16781,1.16823
1756414800,1.16801,1.16806,1.16736,1.16742
1756422000,1.1674,1.16822,1.16727,1.16749
1756429200,1.1675,1.16767,1.16564,1.1662
1756436400,1.16619,1.1665,1.16585,1.16649
1756443600,1.1665,1.16707,1.16611,1.16672
1756450800,1.16663,1.16903,1.16627,1.16757
1756458000,1.16761,1.16826,1.16649,1.16677
1756465200,1.16678,1.16683,1.16507,1.16586
1756472400,1.16586,1.17052,1.16535,1.17043
1756479600,1.17042,1.1709,1.16937,1.17018
1756486800,1.17017,1.17033,1.16934,1.16985
1756494000,1.16985,1.17006,1.16812,1.16869
1756674000,1.16944,1.16944,1.16842,1.16886
1756681200,1.16887,1.16981,1.1687,1.16974
1756688400,1.16975,1.17138,1.16879,1.17119
1756695600,1.17119,1.17144,1.17042,1.17083
1756702800,1.17082,1.17335,1.17082,1.17253
1756710000,1.17253,1.17363,1.17153,1.17352
1756717200,1.17351,1.17363,1.17181,1.17196
1756724400,1.17197,1.17292,1.17066,1.17076
1756731600,1.17077,1.17164,1.1705,1.17109
1756738800,1.17103,1.17115,1.16967,1.17048
1756746000,1.17047,1.17076,1.17012,1.17074
1756753200,1.17073,1.17139,1.17073,1.17113
1756760400,1.17085,1.17134,1.17047,1.17111
1756767600,1.17115,1.17184,1.17031,1.17044
1756774800,1.17046,1.17072,1.16923,1.16983
1756782000,1.16984,1.16994,1.16899,1.16936
1756789200,1.16935,1.17061,1.1687,1.17031
1756796400,1.17032,1.17066,1.16339,1.16451
1756803600,1.16449,1.16485,1.16239,1.1632
1756810800,1.16322,1.16531,1.16129,1.16172
1756818000,1.16173,1.16825,1.16149,1.16623
1756825200,1.16626,1.16688,1.16426,1.1644
1756832400,1.16443,1.16484,1.16296,1.16337
1756839600,1.16338,1.16435,1.1632,1.16417
1756846800,1.1635,1.1644,1.16349,1.16369
1756854000,1.16375,1.16378,1.16288,1.16332
1756861200,1.16331,1.16357,1.16249,1.16272
1756868400,1.16273,1.1632,1.16219,1.16318
1756875600,1.16316,1.16431,1.16261,1.16335
1756882800,1.16333,1.16576,1.16083,1.16566
1756890000,1.16567,1.16651,1.16396,1.16434
1756897200,1.16435,1.16589,1.16401,1.16484
1756904400,1.16488,1.16805,1.16384,1.16638
1756911600,1.16636,1.16822,1.1663,1.16753
1756918800,1.16754,1.16773,1.16581,1.16618
1756926000,1.16617,1.16646,1.16555,1.16613
1756933200,1.16588,1.16632,1.16561,1.16605
1756940400,1.16604,1.16625,1.16546,1.1659
1756947600,1.16589,1.16694,1.16508,1.16529
1756954800,1.16528,1.16559,1.165,1.16515
1756962000,1.16517,1.16614,1.16483,1.16518
1756969200,1.1652,1.16594,1.16439,1.16579
1756976400,1.16579,1.166,1.16396,1.16529
1756983600,1.16525,1.16578,1.163,1.16462
1756990800,1.16461,1.16558,1.16318,1.16348
1756998000,1.16349,1.165,1.16312,1.16395
1757005200,1.16394,1.16479,1.16344,1.1644
1757012400,1.16441,1.16525,1.16438,1.16509
1757019600,1.16461,1.16535,1.16457,1.16487
1757026800,1.16489,1.16606,1.16485,1.16595
1757034000,1.16596,1.16746,1.16595,1.16684
1757041200,1.16681,1.16733,1.16649,1.1667
1757048400,1.16671,1.16777,1.16652,1.16691
1757055600,1.16694,1.16844,1.16665,1.16834
1757062800,1.16833,1.16965,1.16812,1.16913
1757070000,1.16914,1.17493,1.16779,1.17342
1757077200,1.17346,1.17595,1.17141,1.17366
1757084400,1.17365,1.17597,1.17348,1.1739
1757091600,1.17392,1.17394,1.17145,1.17171
1757098800,1.1717,1.1723,1.17131,1.17208
1757278800,1.1712,1.172,1.17036,1.17059
1757286000,1.17063,1.17161,1.17047,1.17128
1757293200,1.1713,1.17177,1.17075,1.1715
1757300400,1.17151,1.17159,1.17061,1.17131
1757307600,1.1713,1.17277,1.1712,1.17268
1757314800,1.17267,1.1743,1.17206,1.17315
1757322000,1.17316,1.17316,1.17201,1.1726
1757329200,1.17258,1.17414,1.17227,1.17373
1757336400,1.17381,1.17562,1.1736,1.17453
1757343600,1.17454,1.17522,1.17351,1.17408
1757350800,1.17409,1.17626,1.17351,1.17612
1757358000,1.17611,1.17656,1.17592,1.17629
1757365200,1.17619,1.1765,1.17573,1.17621
1757372400,1.17628,1.17745,1.17626,1.17716
1757379600,1.17715,1.17781,1.17658,1.17689
1757386800,1.17688,1.1776,1.17632,1.1773
1757394000,1.17731,1.17801,1.17562,1.17647
1757401200,1.17649,1.17685,1.17443,1.17596
1757408400,1.17597,1.17723,1.17527,1.1754
1757415600,1.17542,1.17547,1.17276,1.17373
1757422800,1.17374,1.17619,1.17227,1.17307
1757430000,1.17307,1.17318,1.17159,1.1719
1757437200,1.17191,1.17236,1.17042,1.17065
1757444400,1.17063,1.17115,1.17037,1.17098
1757451600,1.17055,1.17139,1.17039,1.17121
1757458800,1.17121,1.17121,1.16959,1.16971
1757466000,1.16972,1.17084,1.16896,1.17074
1757473200,1.17075,1.17157,1.17067,1.17152
1757480400,1.17151,1.17186,1.16918,1.16978
1757487600,1.1698,1.1708,1.16824,1.17001
1757494800,1.17,1.1717,1.16964,1.17003
1757502000,1.17002,1.17262,1.16914,1.17006
1757509200,1.17005,1.17303,1.16958,1.17278
1757516400,1.17273,1.17303,1.17028,1.17058
1757523600,1.17058,1.17121,1.17016,1.17048
1757530800,1.17046,1.17047,1.16933,1.16949
1757538000,1.16948,1.17038,1.16941,1.17033
1757545200,1.17031,1.17069,1.16936,1.16941
1757552400,1.16941,1.17028,1.16932,1.16965
1757559600,1.16964,1.17005,1.16939,1.16994
1757566800,1.16994,1.16994,1.16839,1.16908
1757574000,1.16908,1.16963,1.16866,1.16919
1757581200,1.16916,1.1693,1.16776,1.1683
1757588400,1.16828,1.1721,1.166,1.17149
1757595600,1.17156,1.17443,1.17139,1.1728
1757602800,1.1728,1.1746,1.17262,1.17364
1757610000,1.17365,1.17389,1.17278,1.17355
1757617200,1.17356,1.17395,1.17337,1.17361
1757624400,1.1731,1.17407,1.17285,1.17391
1757631600,1.1739,1.17403,1.17271,1.17329
1757638800,1.17329,1.17345,1.17235,1.17267
1757646000,1.17264,1.17273,1.1721,1.17256
1757653200,1.1726,1.17405,1.17218,1.17397
1757660400,1.17398,1.17479,1.17158,1.17175
1757667600,1.17176,1.1735,1.17123,1.1734
1757674800,1.17338,1.17354,1.17012,1.17125
1757682000,1.17124,1.17282,1.17035,1.17249
1757689200,1.1725,1.17317,1.17102,1.17269
1757696400,1.17273,1.17418,1.17271,1.17411
1757703600,1.17412,1.17416,1.17289,1.17323
1757883600,1.1727,1.17349,1.1727,1.17284
1757890800,1.17286,1.17314,1.1722,1.17267
1757898000,1.17268,1.17297,1.1723,1.17277
1757905200,1.17278,1.17357,1.17272,1.17342
1757912400,1.17344,1.17345,1.17159,1.17252
1757919600,1.17247,1.17443,1.1724,1.17371
1757926800,1.17369,1.17629,1.17364,1.17529
1757934000,1.1753,1.17709,1.1753,1.17698
1757941200,1.17697,1.17732,1.17508,1.1758
1757948400,1.17577,1.17746,1.17563,1.17584
1757955600,1.17583,1.17728,1.1758,1.17694
1757962800,1.17696,1.17723,1.17603,1.17612
1757970000,1.17611,1.17658,1.17602,1.17631
1757977200,1.17637,1.17663,1.17576,1.1762
1757984400,1.17619,1.17775,1.1758,1.17768
1757991600,1.17769,1.1787,1.1774,1.17769
1757998800,1.1777,1.17914,1.17737,1.17874
1758006000,1.17873,1.18037,1.17863,1.17949
1758013200,1.17952,1.1818,1.1795,1.18082
1758020400,1.18083,1.18215,1.17892,1.18044
1758027600,1.18047,1.18534,1.18042,1.18518
1758034800,1.18517,1.18719,1.18351,1.18646
1758042000,1.18647,1.18786,1.18615,1.18667
1758049200,1.18665,1.1869,1.1858,1.18669
1758056400,1.18595,1.18686,1.18549,1.18662
1758063600,1.18665,1.18731,1.1858,1.18584
1758070800,1.18585,1.18596,1.18512,1.18555
1758078000,1.18554,1.1858,1.18513,1.18541
1758085200,1.18543,1.18599,1.18514,1.18561
1758092400,1.18561,1.18562,1.18381,1.18482
1758099600,1.18483,1.18498,1.18329,1.18363
1758106800,1.18365,1.18461,1.1834,1.18434
1758114000,1.1844,1.18595,1.18425,1.18495
1758121200,1.18494,1.18565,1.18425,1.18533
1758128400,1.18534,1.19181,1.18192,1.18346
1758135600,1.1835,1.18569,1.18081,1.18135
1758142800,1.18113,1.18222,1.18105,1.18191
1758150000,1.18191,1.18289,1.18152,1.18253
1758157200,1.18251,1.18287,1.18077,1.18194
1758164400,1.18193,1.18228,1.17939,1.1795
1758171600,1.17953,1.18004,1.17803,1.17945
1758178800,1.17945,1.18388,1.17937,1.18279
1758186000,1.1828,1.18483,1.18272,1.1837
1758193200,1.18372,1.18373,1.17953,1.17958
1758200400,1.17947,1.17963,1.17501,1.17754
1758207600,1.17756,1.17879,1.17695,1.17871
1758214800,1.17872,1.17938,1.17821,1.17877
1758222000,1.17877,1.17912,1.17813,1.1786
1758229200,1.17807,1.17897,1.17792,1.17871
1758236400,1.17872,1.17907,1.17753,1.17865
1758243600,1.17867,1.17868,1.17721,1.17797
1758250800,1.17798,1.17925,1.17704,1.17739
1758258000,1.1774,1.1778,1.17633,1.17666
1758265200,1.17668,1.17781,1.1751,1.17609
1758272400,1.17608,1.17686,1.17564,1.17613
1758279600,1.17615,1.17622,1.17289,1.17361
1758286800,1.17362,1.17678,1.17354,1.17573
1758294000,1.17571,1.17593,1.17375,1.17531
1758301200,1.17529,1.17551,1.17466,1.17483
1758308400,1.17482,1.17512,1.17405,1.17432
1758488400,1.17386,1.17483,1.17357,1.17408
1758495600,1.17409,1.17419,1.17261,1.17347
1758502800,1.17348,1.1741,1.17274,1.17282
1758510000,1.1728,1.17351,1.17264,1.17307
1758517200,1.17306,1.17488,1.17298,1.17434
1758524400,1.17436,1.17691,1.17392,1.17625
1758531600,1.17626,1.17858,1.17614,1.17743
1758538800,1.17738,1.17876,1.17693,1.17831
1758546000,1.17837,1.17878,1.17628,1.17698
1758553200,1.17695,1.17903,1.17643,1.17882
1758560400,1.17883,1.17991,1.17858,1.17964
1758567600,1.17966,1.18029,1.17952,1.1802
1758574800,1.1792,1.18037,1.17869,1.1801
1758582000,1.18013,1.18075,1.17969,1.18064
1758589200,1.18063,1.18199,1.18015,1.18043
1758596400,1.18044,1.18079,1.17968,1.17976
1758603600,1.17976,1.1805,1.179,1.1795
1758610800,1.17949,1.18053,1.17783,1.18029
1758618000,1.18031,1.18123,1.17909,1.17962
1758625200,1.17961,1.18,1.17843,1.17968
1758632400,1.1797,1.18053,1.17845,1.17955
1758639600,1.17953,1.18095,1.17882,1.18048
1758646800,1.18048,1.18178,1.18025,1.18111
1758654000,1.1811,1.18184,1.1807,1.18148
1758661200,1.18127,1.18189,1.18102,1.18148
1758668400,1.18147,1.18175,1.18035,1.1804
1758675600,1.1804,1.18055,1.17956,1.17968
1758682800,1.17967,1.18046,1.17952,1.1803
1758690000,1.18028,1.18051,1.1786,1.17874
1758697200,1.17873,1.17949,1.17665,1.17721
1758704400,1.1772,1.17749,1.17508,1.17518
1758711600,1.1752,1.17583,1.17395,1.17426
1758718800,1.17425,1.17464,1.17281,1.1743
1758726000,1.17429,1.17459,1.17301,1.17327
1758733200,1.17328,1.17406,1.1732,1.17367
1758740400,1.17366,1.17394,1.1732,1.17381
1758747600,1.17375,1.17453,1.17371,1.17446
1758754800,1.17447,1.17482,1.17406,1.17473
1758762000,1.17474,1.17522,1.17405,1.17496
1758769200,1.17495,1.17537,1.17475,1.17519
1758776400,1.1752,1.17525,1.17382,1.17458
1758783600,1.17462,1.17482,1.17307,1.17429
1758790800,1.17431,1.17542,1.1739,1.17467
1758798000,1.17471,1.17473,1.16879,1.16981
1758805200,1.16983,1.17102,1.16737,1.16763
1758812400,1.16764,1.16835,1.16667,1.16707
1758819600,1.16704,1.16722,1.16455,1.16525
1758826800,1.16524,1.16688,1.16516,1.16656
1758834000,1.16577,1.16691,1.16517,1.16684
1758841200,1.16683,1.16714,1.16581,1.16712
1758848400,1.16713,1.16796,1.16655,1.16772
1758855600,1.16771,1.1682,1.16745,1.16798
1758862800,1.16799,1.1684,1.16716,1.16798
1758870000,1.16794,1.16879,1.16683,1.16807
1758877200,1.16806,1.16843,1.16618,1.1663
1758884400,1.16631,1.16861,1.16627,1.16831
1758891600,1.16833,1.17046,1.1678,1.16912
1758898800,1.16913,1.17001,1.16865,1.16928
1758906000,1.16929,1.17057,1.1691,1.1704
1758913200,1.17038,1.17071,1.16984,1.1702
1759093200,1.16987,1.17061,1.16961,1.17045
1759100400,1.17042,1.17234,1.17041,1.17216
1759107600,1.17215,1.17285,1.17145,1.17262
1759114800,1.17263,1.1733,1.17226,1.1727
1759122000,1.17272,1.17333,1.17182,1.17197
1759129200,1.17195,1.17332,1.17079,1.17238
1759136400,1.17239,1.17264,1.17154,1.17198
1759143600,1.17197,1.17512,1.17094,1.17499
1759150800,1.17497,1.17547,1.17295,1.17305
1759158000,1.17304,1.17341,1.17228,1.17293
1759165200,1.17293,1.17329,1.17201,1.17313
1759172400,1.17312,1.17317,1.17235,1.17271
1759179600,1.17224,1.1728,1.17224,1.17276
1759186800,1.17277,1.17326,1.17128,1.17208
1759194000,1.17216,1.17258,1.17122,1.17223
1759201200,1.17224,1.17289,1.17186,1.17285
1759208400,1.17286,1.1744,1.1728,1.17376
1759215600,1.17374,1.17616,1.17364,1.17555
1759222800,1.17554,1.17584,1.17405,1.17456
1759230000,1.17455,1.17488,1.17331,1.17373
1759237200,1.17374,1.17525,1.17164,1.17498
1759244400,1.17497,1.17593,1.17258,1.17565
1759251600,1.17564,1.17616,1.17359,1.17408
1759258800,1.17409,1.17412,1.17328,1.17335
1759266000,1.17301,1.1742,1.17301,1.17345
1759273200,1.17346,1.17426,1.17296,1.17361
1759280400,1.17362,1.17409,1.17303,1.17378
1759287600,1.17377,1.17588,1.17341,1.17581
1759294800,1.17582,1.17748,1.17507,1.17678
1759302000,1.17677,1.17787,1.17421,1.17497
1759309200,1.17495,1.17542,1.17159,1.17253
1759316400,1.17254,1.17688,1.17222,1.17492
1759323600,1.17491,1.17633,1.17304,1.17465
1759330800,1.17461,1.17495,1.17155,1.17229
1759338000,1.17232,1.17421,1.17216,1.17346
1759345200,1.17351,1.17371,1.17263,1.17307
1759352400,1.17236,1.17372,1.17232,1.17339
1759359600,1.17339,1.17372,1.17249,1.173
1759366800,1.17299,1.17422,1.17239,1.17369
1759374000,1.17371,1.17389,1.173,1.17345
1759381200,1.17344,1.17448,1.17294,1.17429
1759388400,1.1743,1.17569,1.17408,1.17539
1759395600,1.17538,1.17584,1.17461,1.17521
1759402800,1.17521,1.17584,1.17346,1.17375
1759410000,1.17377,1.1744,1.17049,1.17136
1759417200,1.17131,1.1715,1.16832,1.17149
1759424400,1.17148,1.17222,1.17121,1.17212
1759431600,1.17213,1.17268,1.17147,1.17164
1759438800,1.1712,1.1721,1.1712,1.17193
1759446000,1.17194,1.17261,1.17186,1.17244
1759453200,1.17245,1.17295,1.17164,1.17246
1759460400,1.17245,1.17281,1.17179,1.1718
1759467600,1.17181,1.1729,1.17151,1.17203
1759474800,1.17209,1.17447,1.17207,1.17402
1759482000,1.17396,1.17402,1.17314,1.17364
1759489200,1.17363,1.17428,1.17274,1.17393
1759496400,1.17396,1.1759,1.17326,1.1741
1759503600,1.17411,1.17488,1.17366,1.174
1759510800,1.17399,1.17418,1.17269,1.17396
1759518000,1.17395,1.17446,1.17372,1.17399
1759698000,1.17194,1.17275,1.17153,1.17155
1759705200,1.17157,1.1719,1.17064,1.1716
1759712400,1.17163,1.1731,1.17096,1.17271
1759719600,1.17271,1.17304,1.17197,1.17204
1759726800,1.17201,1.17254,1.16904,1.16937
1759734000,1.16933,1.17121,1.16519,1.16679
1759741200,1.16675,1.16698,1.16525,1.16635
1759748400,1.16634,1.16899,1.16574,1.1689
1759755600,1.16892,1.17177,1.16837,1.17164
1759762800,1.17167,1.1721,1.17031,1.17119
1759770000,1.17121,1.17158,1.17095,1.17127
1759777200,1.17127,1.17171,1.17083,1.17124
1759784400,1.17049,1.17147,1.17027,1.17097
1759791600,1.17096,1.17145,1.17041,1.17088
1759798800,1.17087,1.17089,1.16965,1.17019
1759806000,1.17018,1.17074,1.16946,1.16985
1759813200,1.16984,1.17,1.16831,1.16871
1759820400,1.16867,1.16881,1.1665,1.16659
1759827600,1.1666,1.16759,1.16607,1.16741
1759834800,1.1674,1.16744,1.16538,1.1667
1759842000,1.16671,1.16703,1.16545,1.1663
1759849200,1.16631,1.16812,1.16617,1.16703
1759856400,1.16702,1.16794,1.16566,1.16578
1759863600,1.16577,1.16585,1.16476,1.16573
1759870800,1.16543,1.16614,1.16542,1.16592
1759878000,1.16592,1.16595,1.16453,1.16474
1759885200,1.16472,1.16472,1.16169,1.16239
1759892400,1.16238,1.16253,1.1616,1.16192
1759899600,1.16194,1.16204,1.16068,1.16164
1759906800,1.16166,1.16354,1.16104,1.16148
1759914000,1.16147,1.16363,1.16061,1.16338
1759921200,1.16339,1.16381,1.16246,1.16325
1759928400,1.16324,1.16445,1.16202,1.16216
1759935600,1.16219,1.16223,1.15984,1.16054
1759942800,1.16055,1.16223,1.15992,1.16199
1759950000,1.16198,1.16324,1.16198,1.16284
1759957200,1.16216,1.16352,1.16186,1.16337
1759964400,1.16335,1.16411,1.16279,1.16373
1759971600,1.16372,1.16479,1.16367,1.1644
1759978800,1.16435,1.16472,1.16404,1.16456
1759986000,1.16454,1.16484,1.16114,1.16158
1759993200,1.1616,1.16233,1.16032,1.16124
1760000400,1.16126,1.16274,1.16108,1.16185
1760007600,1.16187,1.16223,1.16051,1.16152
1760014800,1.16153,1.16222,1.15765,1.15809
1760022000,1.15806,1.15819,1.15473,1.15579
1760029200,1.15579,1.15666,1.15422,1.15463
1760036400,1.15473,1.1567,1.15469,1.15642
1760043600,1.15531,1.15668,1.1553,1.15646
1760050800,1.15648,1.15706,1.15568,1.15676
1760058000,1.15675,1.15729,1.15626,1.15697
1760065200,1.15698,1.15742,1.15672,1.15737
1760072400,1.15736,1.15778,1.15611,1.15705
1760079600,1.15703,1.15895,1.15641,1.15788
1760086800,1.15787,1.15836,1.15687,1.15715
1760094000,1.15716,1.15764,1.15594,1.1572
1760101200,1.15719,1.15825,1.15616,1.15786
1760108400,1.15786,1.16306,1.15781,1.16058
1760115600,1.16058,1.16132,1.15973,1.16087
1760122800,1.16085,1.1625,1.16036,1.16245
1760302800,1.16109,1.16141,1.15919,1.16033
1760310000,1.16034,1.16159,1.15999,1.16157
1760317200,1.16168,1.16276,1.16096,1.16197
1760324400,1.16198,1.16251,1.16162,1.16205
1760331600,1.16206,1.16299,1.16109,1.16142
1760338800,1.16143,1.16157,1.15816,1.15856
1760346000,1.15856,1.15982,1.15816,1.15838
1760353200,1.15837,1.15944,1.1562,1.15687
1760360400,1.15686,1.15775,1.15575,1.15612
1760367600,1.15611,1.15792,1.156,1.15753
1760374800,1.15754,1.15777,1.15658,1.15686
1760382000,1.15687,1.15738,1.15651,1.15705
1760389200,1.15635,1.15741,1.15635,1.15679
1760396400,1.15677,1.15699,1.15549,1.15611
1760403600,1.15613,1.15762,1.15608,1.15739
1760410800,1.15737,1.15927,1.15713,1.15919
1760418000,1.1592,1.15936,1.15632,1.15704
1760425200,1.15696,1.15746,1.1542,1.15591
1760432400,1.1559,1.15633,1.15511,1.15537
1760439600,1.15536,1.15651,1.15464,1.15558
1760446800,1.15556,1.15975,1.15541,1.15942
1760454000,1.15943,1.1615,1.15867,1.16095
1760461200,1.16088,1.16121,1.16019,1.16049
1760468400,1.16048,1.16112,1.16,1.16078
1760475600,1.16058,1.16097,1.16034,1.16035
1760482800,1.16037,1.16142,1.16017,1.16105
1760490000,1.16104,1.1626,1.1607,1.16231
1760497200,1.1623,1.16245,1.16171,1.16183
1760504400,1.16184,1.16384,1.16178,1.1634
1760511600,1.16342,1.16456,1.16291,1.16326
1760518800,1.16324,1.16391,1.16204,1.16245
1760526000,1.16244,1.16325,1.1614,1.16176
1760533200,1.16177,1.1632,1.16105,1.16245
1760540400,1.16246,1.1647,1.16184,1.16401
1760547600,1.164,1.16402,1.16272,1.16332
1760554800,1.16333,1.16476,1.16331,1.16471
1760562000,1.16433,1.1652,1.1641,1.16465
1760569200,1.16467,1.16671,1.16428,1.16633
1760576400,1.16635,1.16753,1.16611,1.16661
1760583600,1.1666,1.16674,1.16554,1.16562
1760590800,1.16562,1.16681,1.16522,1.16538
1760598000,1.1654,1.16599,1.16432,1.16588
1760605200,1.16589,1.16638,1.16525,1.16553
1760612400,1.16557,1.16616,1.16463,1.16606
1760619600,1.1661,1.16781,1.16502,1.16772
1760626800,1.16773,1.16791,1.16613,1.16772
1760634000,1.16769,1.16936,1.16768,1.16893
1760641200,1.16897,1.16943,1.16848,1.16873
1760648400,1.16826,1.1696,1.16814,1.16946
1760655600,1.16947,1.17113,1.16934,1.17067
1760662800,1.17065,1.17115,1.16954,1.17054
1760670000,1.17055,1.17125,1.17047,1.171
1760677200,1.17099,1.17283,1.17084,1.17111
1760684400,1.17108,1.17161,1.16918,1.16972
1760691600,1.16974,1.17076,1.16876,1.16896
1760698800,1.16898,1.1697,1.16671,1.16765
1760706000,1.16764,1.16813,1.16561,1.1667
1760713200,1.16671,1.16796,1.16607,1.16709
1760720400,1.16708,1.16759,1.16641,1.16679
1760727600,1.1668,1.16712,1.16504,1.16531
1760907600,1.16613,1.16663,1.16519,1.16562
1760914800,1.16562,1.16665,1.16544,1.16664
1760922000,1.16665,1.16706,1.16565,1.16656
1760929200,1.16659,1.16739,1.1665,1.16717
1760936400,1.16716,1.16757,1.16567,1.16586
1760943600,1.16586,1.16683,1.16538,1.16636
1760950800,1.16638,1.16678,1.16512,1.16533
1760958000,1.16532,1.16603,1.16446,1.16535
1760965200,1.16534,1.16645,1.16464,1.16537
1760972400,1.16539,1.16646,1.16495,1.16497
1760979600,1.16496,1.16531,1.16383,1.16465
1760986800,1.16469,1.16493,1.16396,1.16412
1760994000,1.16404,1.16456,1.16383,1.16432
1761001200,1.16432,1.16553,1.16427,1.16533
1761008400,1.16532,1.16532,1.16327,1.1634
1761015600,1.16342,1.16365,1.16319,1.16361
1761022800,1.16362,1.16376,1.16188,1.16318
1761030000,1.16321,1.16354,1.1613,1.16214
1761037200,1.16212,1.16272,1.16067,1.16179
1761044400,1.1618,1.16259,1.16021,1.16111
1761051600,1.16109,1.16181,1.15979,1.16044
1761058800,1.16043,1.16244,1.16043,1.16091
1761066000,1.1609,1.161,1.16017,1.16051
1761073200,1.16052,1.16078,1.15989,1.15996
1761080400,1.15977,1.16039,1.15977,1.16002
1761087600,1.16001,1.16081,1.1599,1.16047
1761094800,1.16049,1.1611,1.16015,1.16086
1761102000,1.16087,1.16097,1.16045,1.16093
1761109200,1.16092,1.16158,1.16042,1.16097
1761116400,1.16096,1.16128,1.159,1.15976
1761123600,1.15972,1.16022,1.1583,1.15859
1761130800,1.15858,1.15913,1.1577,1.15832
1761138000,1.15833,1.16115,1.15819,1.16111
1761145200,1.16112,1.16224,1.16086,1.16196
1761152400,1.16197,1.16205,1.16077,1.16092
1761159600,1.16092,1.16113,1.16049,1.16094
1761166800,1.16058,1.16145,1.16058,1.16123
1761174000,1.16126,1.16126,1.15979,1.16041
1761181200,1.16043,1.16055,1.15951,1.15968
1761188400,1.15966,1.15995,1.15904,1.15988
1761195600,1.15985,1.16039,1.15903,1.15946
1761202800,1.15945,1.16062,1.15908,1.15959
1761210000,1.15961,1.16003,1.15857,1.15879
1761217200,1.15878,1.1606,1.15852,1.16008
1761224400,1.16008,1.16198,1.15983,1.16131
1761231600,1.1613,1.16163,1.16065,1.16068
1761238800,1.16069,1.1618,1.16043,1.16176
1761246000,1.16174,1.16203,1.16136,1.16179
1761253200,1.16163,1.16214,1.16139,1.16179
1761260400,1.16179,1.16218,1.16149,1.16179
1761267600,1.16178,1.1619,1.16076,1.1608
1761274800,1.16077,1.16119,1.16057,1.16077
1761282000,1.16076,1.1614,1.1601,1.16135
1761289200,1.16135,1.16279,1.16019,1.16104
1761296400,1.16096,1.16166,1.16053,1.16128
1761303600,1.1613,1.16485,1.16072,1.16341
1761310800,1.16342,1.16434,1.16179,1.16262
1761318000,1.16261,1.16355,1.16213,1.16257
1761325200,1.16256,1.1632,1.16243,1.16262
1761332400,1.16264,1.1636,1.1621,1.16272
1761512400,1.1632,1.16353,1.16222,1.16284
1761519600,1.16283,1.16377,1.16257,1.16349
1761526800,1.16348,1.16478,1.16302,1.16308
1761534000,1.16307,1.16325,1.16208,1.16245
1761541200,1.16244,1.16322,1.16208,1.16265
1761548400,1.16268,1.16333,1.16174,1.16284
1761555600,1.16283,1.16446,1.16261,1.16414
1761562800,1.16416,1.16515,1.16359,1.16415
1761570000,1.16414,1.16429,1.16317,1.16409
1761577200,1.16408,1.16418,1.16325,1.16389
1761584400,1.16388,1.1652,1.1635,1.16503
1761591600,1.16502,1.16504,1.16436,1.16442
1761598800,1.16443,1.16508,1.16439,1.16498
1761606000,1.16499,1.16587,1.16463,1.16556
1761613200,1.16557,1.16639,1.16539,1.16544
1761620400,1.16543,1.16678,1.16541,1.16659
1761627600,1.16658,1.1668,1.16548,1.16557
1761634800,1.16556,1.16629,1.16484,1.16525
1761642000,1.16522,1.16651,1.1645,1.16642
1761649200,1.16644,1.16644,1.16352,1.16402
1761656400,1.16404,1.16634,1.16254,1.16605
1761663600,1.16607,1.1668,1.1653,1.1668
1761670800,1.16681,1.16689,1.16562,1.1662
1761678000,1.16622,1.16653,1.1651,1.16523
1761685200,1.16513,1.16543,1.16499,1.16505
1761692400,1.16506,1.16609,1.16486,1.16545
1761699600,1.16542,1.16561,1.16417,1.16462
1761706800,1.16463,1.16468,1.16315,1.16341
1761714000,1.16342,1.16357,1.1625,1.16297
1761721200,1.16296,1.1638,1.16229,1.16231
1761728400,1.1623,1.16488,1.16187,1.16472
1761735600,1.16473,1.16486,1.16276,1.16341
1761742800,1.16342,1.16514,1.16317,1.16504
1761750000,1.16505,1.16659,1.16451,1.16573
1761757200,1.16572,1.16591,1.15841,1.15945
1761764400,1.15946,1.16072,1.15776,1.16007
1761771600,1.16001,1.16057,1.15993,1.16038
1761778800,1.16038,1.16155,1.15968,1.16119
1761786000,1.16119,1.16197,1.16086,1.16172
1761793200,1.16173,1.16373,1.16069,1.16322
1761800400,1.16321,1.16341,1.16182,1.16194
1761807600,1.16195,1.1623,1.16068,1.16173
1761814800,1.16173,1.16286,1.16061,1.16068
1761822000,1.16069,1.16114,1.15535,1.15552
1761829200,1.15546,1.15862,1.1547,1.15731
1761836400,1.15732,1.15773,1.15595,1.15692
1761843600,1.15693,1.15706,1.15605,1.15681
1761850800,1.1568,1.15723,1.15619,1.15648
1761858000,1.15636,1.15698,1.15635,1.15681
1761865200,1.15679,1.15769,1.15657,1.15739
1761872400,1.15737,1.15776,1.15649,1.15681
1761879600,1.15682,1.15735,1.1566,1.15721
1761886800,1.15722,1.15735,1.15609,1.15613
1761894000,1.15612,1.15713,1.1555,1.15706
1761901200,1.15707,1.15769,1.15654,1.15709
1761908400,1.1571,1.15743,1.15534,1.15559
1761915600,1.15557,1.15563,1.15224,1.15341
1761922800,1.1534,1.15435,1.15235,1.15303
1761930000,1.15305,1.15313,1.15215,1.15247
1761937200,1.15249,1.15378,1.15232,1.15356
1762120800,1.15303,1.15383,1.15255,1.15273
1762128000,1.15272,1.15309,1.15217,1.15271
1762135200,1.15272,1.15345,1.15265,1.15338
1762142400,1.1534,1.15378,1.15319,1.15353
1762149600,1.15352,1.15415,1.15335,1.15399
1762156800,1.15398,1.15404,1.15098,1.15145
1762164000,1.15143,1.152,1.1508,1.15154
1762171200,1.15153,1.15221,1.1506,1.15109
1762178400,1.1511,1.15252,1.15051,1.15252
1762185600,1.15251,1.1538,1.15216,1.15273
1762192800,1.15274,1.15311,1.15167,1.15195
1762200000,1.15198,1.15233,1.1516,1.15188
1762207200,1.1517,1.1521,1.15169,1.15185
1762214400,1.15184,1.15185,1.14984,1.15102
1762221600,1.15101,1.15176,1.15049,1.15133
1762228800,1.15132,1.15176,1.15074,1.15126
1762236000,1.15126,1.15335,1.15114,1.15271
1762243200,1.1527,1.15289,1.14997,1.15012
1762250400,1.15011,1.151,1.14893,1.14899
1762257600,1.14901,1.1497,1.1477,1.14922
1762264800,1.14919,1.14947,1.14729,1.14916
1762272000,1.14915,1.14965,1.14833,1.14839
1762279200,1.14838,1.14874,1.14787,1.14795
1762286400,1.14794,1.14834,1.14749,1.14824
1762293600,1.14834,1.1486,1.14782,1.14854
1762300800,1.14853,1.1498,1.14795,1.14895
1762308000,1.14899,1.14926,1.14851,1.14887
1762315200,1.14888,1.14944,1.14876,1.14917
1762322400,1.14917,1.14944,1.14832,1.14868
1762329600,1.14869,1.14956,1.14815,1.14846
1762336800,1.14847,1.14893,1.1476,1.14883
1762344000,1.14884,1.14936,1.1473,1.14738
1762351200,1.14737,1.14933,1.14689,1.14794
1762358400,1.14793,1.14861,1.14702,1.14807
1762365600,1.14806,1.14875,1.14788,1.14859
1762372800,1.14861,1.14942,1.14861,1.14929
1762380000,1.1491,1.14972,1.149,1.14958
1762387200,1.14956,1.15091,1.14932,1.15074
1762394400,1.15072,1.15088,1.15029,1.1507
1762401600,1.15071,1.15112,1.15035,1.15101
1762408800,1.15099,1.15138,1.15053,1.15084
1762416000,1.15082,1.15241,1.15058,1.15136
1762423200,1.15137,1.1521,1.15101,1.15205
1762430400,1.15203,1.15443,1.1514,1.15358
1762437600,1.1536,1.15427,1.15191,1.15394
1762444800,1.15395,1.15429,1.153,1.15407
1762452000,1.15408,1.15524,1.15392,1.15443
1762459200,1.15445,1.15491,1.15428,1.15474
1762466400,1.15428,1.15516,1.15365,1.15488
1762473600,1.15489,1.15491,1.15363,1.1538
1762480800,1.15381,1.15432,1.15349,1.15381
1762488000,1.15379,1.15386,1.15326,1.1534
1762495200,1.15345,1.15364,1.15297,1.15327
1762502400,1.15325,1.15424,1.15298,1.15383
1762509600,1.1538,1.1561,1.15375,1.1558
1762516800,1.15581,1.15697,1.15539,1.15675
1762524000,1.15676,1.15911,1.15653,1.15718
1762531200,1.1572,1.15823,1.15712,1.15804
1762538400,1.15803,1.15837,1.15558,1.15595
1762545600,1.15593,1.15669,1.15577,1.1564
1762725600,1.1553,1.15575,1.15414,1.15434
1762732800,1.15435,1.15606,1.15432,1.15581
1762740000,1.15582,1.15607,1.15512,1.15546
1762747200,1.15545,1.15665,1.15545,1.15619
1762754400,1.15618,1.15719,1.15516,1.15679
1762761600,1.15677,1.15831,1.15642,1.15684
1762768800,1.15683,1.15716,1.15542,1.15634
1762776000,1.15635,1.15779,1.15629,1.1568
1762783200,1.15678,1.15686,1.1545,1.15454
1762790400,1.15456,1.15612,1.15411,1.15605
1762797600,1.15606,1.1565,1.15579,1.1561
1762804800,1.15609,1.15647,1.15553,1.15571
1762812000,1.15501,1.15605,1.15488,1.15566
1762819200,1.15568,1.15597,1.15472,1.15546
1762826400,1.15547,1.15583,1.15517,1.15565
1762833600,1.15564,1.15653,1.15554,1.15616
1762840800,1.15617,1.15631,1.15498,1.156
1762848000,1.15601,1.15687,1.15536,1.15649
1762855200,1.15648,1.15778,1.15626,1.15719
1762862400,1.1572,1.16057,1.15685,1.16009
1762869600,1.16012,1.16051,1.15911,1.15952
1762876800,1.15951,1.15999,1.15905,1.15952
1762884000,1.15949,1.15956,1.15835,1.15845
1762891200,1.15846,1.15891,1.1581,1.15823
1762898400,1.15797,1.15873,1.15797,1.1587
1762905600,1.15867,1.15869,1.15745,1.15753
1762912800,1.15754,1.15816,1.15753,1.15775
1762920000,1.15777,1.15788,1.15702,1.15764
1762927200,1.15763,1.15886,1.15751,1.15835
1762934400,1.15838,1.15879,1.15682,1.157
1762941600,1.15701,1.15779,1.15652,1.15779
1762948800,1.15781,1.15804,1.15662,1.15723
1762956000,1.15721,1.15958,1.15628,1.15942
1762963200,1.1594,1.15977,1.15884,1.15931
1762970400,1.1593,1.15944,1.1584,1.15866
1762977600,1.15861,1.15932,1.1585,1.15928
1762984800,1.15919,1.15944,1.15875,1.15914
1762992000,1.15917,1.15921,1.1579,1.15896
1762999200,1.15894,1.1593,1.15854,1.15898
1763006400,1.15899,1.15919,1.15803,1.15821
1763013600,1.15819,1.16123,1.15812,1.16113
1763020800,1.16114,1.16348,1.16101,1.16166
1763028000,1.16165,1.16234,1.16047,1.16064
1763035200,1.16067,1.16249,1.16056,1.16204
1763042400,1.16205,1.16432,1.16168,1.16392
1763049600,1.16393,1.16563,1.16366,1.16511
1763056800,1.16512,1.16519,1.1635,1.16357
1763064000,1.16355,1.16395,1.16307,1.16342
1763071200,1.1626,1.16373,1.16235,1.16302
1763078400,1.16301,1.16392,1.1627,1.16333
1763085600,1.1633,1.16449,1.16297,1.16384
1763092800,1.16385,1.16482,1.16377,1.16477
1763100000,1.16479,1.16487,1.1632,1.16331
1763107200,1.16329,1.16369,1.16204,1.1622
1763114400,1.16216,1.16219,1.16086,1.16197
1763121600,1.16192,1.16538,1.16169,1.16376
1763128800,1.16378,1.16386,1.16063,1.16132
1763136000,1.16133,1.16227,1.1608,1.16139
1763143200,1.1614,1.162,1.16096,1.16179
1763150400,1.1618,1.16235,1.16168,1.16221
1763330400,1.16125,1.16246,1.16115,1.16148
1763337600,1.16147,1.1615,1.16051,1.16064
1763344800,1.16065,1.16067,1.15965,1.15986
1763352000,1.15988,1.16053,1.15977,1.16002
1763359200,1.16005,1.16149,1.15954,1.16134
1763366400,1.16132,1.1615,1.15969,1.16016
1763373600,1.16015,1.16082,1.15946,1.16011
1763380800,1.16013,1.16048,1.15886,1.15914
1763388000,1.15913,1.15982,1.15819,1.15976
1763395200,1.15975,1.16019,1.15914,1.15939
1763402400,1.1594,1.15953,1.15838,1.1584
1763409600,1.15842,1.15925,1.15827,1.15924
1763416800,1.15899,1.15942,1.15863,1.15901
1763424000,1.159,1.15934,1.15846,1.15907
1763431200,1.15908,1.15958,1.1588,1.15925
1763438400,1.15924,1.16037,1.15888,1.15981
1763445600,1.1598,1.16012,1.1591,1.15912
1763452800,1.15911,1.16064,1.15873,1.15894
1763460000,1.15893,1.1591,1.15799,1.15848
1763467200,1.15845,1.16022,1.1583,1.1597
1763474400,1.15971,1.16077,1.15817,1.15821
1763481600,1.15822,1.15841,1.15714,1.15755
1763488800,1.15756,1.15871,1.1575,1.15857
1763496000,1.15856,1.15872,1.15779,1.15804
1763503200,1.15723,1.15821,1.15718,1.15802
1763510400,1.15804,1.15851,1.1576,1.15768
1763517600,1.15769,1.15842,1.15726,1.1584
1763524800,1.15839,1.15908,1.15775,1.1589
1763532000,1.15889,1.15974,1.15773,1.15815
1763539200,1.15814,1.15889,1.15657,1.15734
1763546400,1.15734,1.15873,1.15676,1.15866
1763553600,1.15865,1.1591,1.15711,1.15726
1763560800,1.15728,1.15739,1.15406,1.15469
1763568000,1.15468,1.15478,1.15259,1.15333
1763575200,1.15332,1.15377,1.15181,1.15212
1763582400,1.15211,1.15387,1.15203,1.15384
1763589600,1.15375,1.1542,1.15365,1.15395
1763596800,1.15394,1.15394,1.15224,1.15229
1763604000,1.15228,1.15237,1.15103,1.15141
1763611200,1.1514,1.15206,1.15131,1.15156
1763618400,1.15158,1.15234,1.15135,1.15198
1763625600,1.15194,1.1528,1.15116,1.15274
1763632800,1.15277,1.15296,1.15132,1.15145
1763640000,1.15144,1.15397,1.15022,1.15278
1763647200,1.15279,1.15499,1.15202,1.15272
1763654400,1.15276,1.15412,1.15251,1.15286
1763661600,1.15286,1.15406,1.15268,1.15381
1763668800,1.1538,1.15388,1.15239,1.15284
1763676000,1.15211,1.15346,1.1521,1.15337
1763683200,1.15338,1.15384,1.15281,1.15325
1763690400,1.15331,1.15389,1.15323,1.15365
1763697600,1.15364,1.15421,1.15342,1.15353
1763704800,1.15354,1.15479,1.15352,1.15413
1763712000,1.15413,1.15525,1.15251,1.15253
1763719200,1.15251,1.15271,1.15043,1.15058
1763726400,1.1506,1.15269,1.14967,1.15206
1763733600,1.15205,1.15235,1.1499,1.15032
1763740800,1.1503,1.1513,1.14912,1.15072
1763748000,1.15075,1.15178,1.15018,1.15134
1763755200,1.15133,1.15207,1.1509,1.15156
1763935200,1.15112,1.15149,1.15061,1.15072
1763942400,1.15073,1.15131,1.1502,1.15106
1763949600,1.15107,1.15192,1.15103,1.15163
1763956800,1.15161,1.15283,1.15157,1.15225
1763964000,1.15223,1.15271,1.15113,1.1512
1763971200,1.15123,1.15345,1.15097,1.15299
1763978400,1.15297,1.1547,1.15297,1.15453
1763985600,1.15454,1.15504,1.15364,1.15384
1763992800,1.15383,1.15413,1.15169,1.15291
1764000000,1.15289,1.15309,1.15117,1.15181
1764007200,1.15179,1.15293,1.15174,1.15276
1764014400,1.15277,1.15283,1.15193,1.15213
1764021600,1.15159,1.15252,1.15159,1.15202
1764028800,1.15203,1.153,1.15187,1.15258
1764036000,1.1526,1.15304,1.15172,1.15181
1764043200,1.15182,1.15186,1.15116,1.15168
1764050400,1.15167,1.15301,1.15147,1.15229
1764057600,1.1523,1.15367,1.15205,1.15339
1764064800,1.1534,1.1541,1.15248,1.15271
1764072000,1.15268,1.1562,1.15254,1.15582
1764079200,1.15581,1.1584,1.15523,1.15624
1764086400,1.15626,1.15838,1.155,1.15823
1764093600,1.15824,1.15858,1.15741,1.15841
1764100800,1.15837,1.15843,1.15582,1.15697
1764108000,1.15677,1.15732,1.15641,1.1565
1764115200,1.15648,1.15832,1.15632,1.15772
1764122400,1.15771,1.15917,1.15747,1.15908
1764129600,1.15906,1.15917,1.15824,1.15908
1764136800,1.15909,1.15959,1.1575,1.15794
1764144000,1.15799,1.15809,1.1566,1.1572
1764151200,1.15719,1.15807,1.15681,1.15744
1764158400,1.15743,1.1584,1.15487,1.15523
1764165600,1.15522,1.15949,1.15473,1.15894
1764172800,1.15895,1.16008,1.15853,1.1593
1764180000,1.15928,1.15966,1.15891,1.15937
1764187200,1.15936,1.15975,1.15924,1.15972
1764194400,1.15829,1.16023,1.15829,1.16021
1764201600,1.16019,1.16125,1.15999,1.16092
1764208800,1.16093,1.16136,1.15999,1.16023
1764216000,1.16022,1.16065,1.16002,1.16022
1764223200,1.16025,1.16054,1.15859,1.15915
1764230400,1.15919,1.15958,1.15766,1.15777
1764237600,1.15778,1.15876,1.15773,1.15862
1764244800,1.15861,1.15969,1.15821,1.15951
1764252000,1.1595,1.15996,1.159,1.15943
1764259200,1.15944,1.16015,1.15915,1.1595
1764266400,1.15951,1.15963,1.15911,1.15954
1764273600,1.15953,1.15971,1.15943,1.15956
1764280800,1.15908,1.16017,1.15908,1.15997
1764288000,1.15998,1.16022,1.15816,1.15833
1764295200,1.15834,1.15907,1.15813,1.15872
1764302400,1.15872,1.15932,1.15818,1.15884
1764309600,1.15889,1.15906,1.15774,1.15794
1764316800,1.158,1.15821,1.15663,1.15683
1764324000,1.15683,1.15708,1.15551,1.15675
1764331200,1.15677,1.15785,1.15617,1.15749
1764338400,1.15748,1.16075,1.15711,1.16074
1764345600,1.16071,1.16073,1.15928,1.16028
1764352800,1.16031,1.16047,1.1596,1.16021
1764360000,1.16022,1.16043,1.15966,1.15976
1764540000,1.1592,1.16078,1.15893,1.16012
1764547200,1.16013,1.16159,1.15978,1.16051
1764554400,1.16051,1.16059,1.15895,1.15969
1764561600,1.1597,1.16026,1.15945,1.15979
1764568800,1.15979,1.1613,1.15904,1.1607
1764576000,1.1607,1.16237,1.16041,1.16223
1764583200,1.16224,1.1632,1.16191,1.1628
1764590400,1.16279,1.16525,1.16267,1.16447
1764597600,1.16449,1.16451,1.16228,1.16289
1764604800,1.16288,1.16344,1.1618,1.16208
1764612000,1.16209,1.16237,1.16071,1.16085
1764619200,1.16086,1.16111,1.16066,1.16091
1764626400,1.16074,1.16103,1.16066,1.16066
1764633600,1.16067,1.16112,1.16039,1.16092
1764640800,1.16091,1.16128,1.16088,1.16123
1764648000,1.16121,1.16143,1.16071,1.16099
1764655200,1.161,1.16163,1.16048,1.16128
1764662400,1.16128,1.16162,1.16024,1.16102
1764669600,1.16102,1.16131,1.15985,1.16119
1764676800,1.16118,1.16197,1.16073,1.16178
1764684000,1.16177,1.16232,1.15929,1.16062
1764691200,1.16061,1.16099,1.15913,1.16074
1764698400,1.16075,1.16247,1.16055,1.16206
1764705600,1.16213,1.16261,1.16197,1.1625
1764712800,1.16156,1.16291,1.16156,1.16284
1764720000,1.16283,1.16377,1.16278,1.16368
1764727200,1.16369,1.1639,1.16355,1.16377
1764734400,1.16379,1.16437,1.16361,1.16429
1764741600,1.16427,1.16529,1.16394,1.16412
1764748800,1.16414,1.1648,1.16357,1.16458
1764756000,1.16457,1.1666,1.16449,1.16656
1764763200,1.16655,1.16753,1.16619,1.16664
1764770400,1.16665,1.16682,1.16546,1.16596
1764777600,1.16594,1.16708,1.16575,1.16685
1764784800,1.16686,1.16779,1.16685,1.16729
1764792000,1.16728,1.16732,1.16644,1.16713
1764799200,1.16655,1.16737,1.16636,1.16665
1764806400,1.16663,1.16672,1.16589,1.16634
1764813600,1.16635,1.16642,1.16535,1.16559
1764820800,1.16558,1.16622,1.16554,1.16596
1764828000,1.16597,1.16655,1.1653,1.16654
1764835200,1.16653,1.16821,1.16633,1.16776
1764842400,1.16775,1.16805,1.16637,1.16801
1764849600,1.16802,1.1681,1.16518,1.16647
1764856800,1.16648,1.16768,1.16583,1.16735
1764864000,1.16734,1.16737,1.16531,1.16562
1764871200,1.16561,1.16599,1.16503,1.16527
1764878400,1.16523,1.16523,1.16411,1.16448
1764885600,1.16424,1.16447,1.16412,1.16436
1764892800,1.16435,1.16538,1.16435,1.16537
1764900000,1.16535,1.16545,1.16465,1.1649
1764907200,1.16491,1.16594,1.16486,1.1659
1764914400,1.16591,1.16717,1.16552,1.1663
1764921600,1.16631,1.16643,1.16482,1.16544
1764928800,1.16545,1.16569,1.16416,1.16466
1764936000,1.16465,1.16541,1.16435,1.16517
1764943200,1.16516,1.16601,1.16439,1.16481
1764950400,1.1648,1.16492,1.16282,1.16442
1764957600,1.16441,1.16488,1.164,1.1643
1764964800,1.16431,1.16474,1.16398,1.16415
1765144800,1.16341,1.1646,1.16332,1.16406
1765152000,1.16408,1.16533,1.16395,1.16515
1765159200,1.16517,1.16553,1.16489,1.16502
1765166400,1.16504,1.16564,1.16497,1.1656
1765173600,1.16561,1.16721,1.1655,1.16582
1765180800,1.16583,1.16626,1.16478,1.16489
1765188000,1.16488,1.16558,1.16468,1.16503
1765195200,1.16502,1.16575,1.16456,1.16485
1765202400,1.16488,1.16549,1.1617,1.16253
1765209600,1.16252,1.16392,1.16164,1.16391
1765216800,1.16392,1.1642,1.16344,1.16393
1765224000,1.16395,1.16419,1.16352,1.16368
1765231200,1.16321,1.16409,1.1632,1.16408
1765238400,1.16407,1.16477,1.16359,1.16474
1765245600,1.16472,1.16487,1.16437,1.16457
1765252800,1.16456,1.16505,1.16436,1.16488
1765260000,1.16486,1.16491,1.16381,1.16398
1765267200,1.16399,1.16572,1.16338,1.1652
1765274400,1.16521,1.16542,1.16382,1.16437
1765281600,1.16438,1.16444,1.1629,1.16344
1765288800,1.16345,1.16386,1.16152,1.16287
1765296000,1.16288,1.16411,1.1622,1.16243
1765303200,1.16242,1.163,1.1617,1.16287
1765310400,1.16286,1.16323,1.16237,1.16268
1765317600,1.16234,1.16286,1.16222,1.1628
1765324800,1.16281,1.16289,1.16225,1.16238
1765332000,1.16237,1.16284,1.16218,1.16265
1765339200,1.16269,1.16312,1.1625,1.163
1765346400,1.16299,1.16494,1.16284,1.16483
1765353600,1.16482,1.16578,1.16355,1.16366
1765360800,1.16365,1.16396,1.16275,1.1635
1765368000,1.16351,1.16425,1.16277,1.16403
1765375200,1.16402,1.16512,1.16337,1.16421
1765382400,1.1642,1.16602,1.16373,1.16586
1765389600,1.16585,1.16808,1.1643,1.16781
1765396800,1.16781,1.16997,1.16738,1.16955
1765404000,1.16946,1.17029,1.16832,1.17017
1765411200,1.17015,1.17073,1.16972,1.17017
1765418400,1.17016,1.17061,1.16902,1.1691
1765425600,1.16909,1.16921,1.16848,1.16855
1765432800,1.16856,1.17009,1.16824,1.16936
1765440000,1.16935,1.17066,1.16874,1.17024
1765447200,1.17022,1.1718,1.16987,1.17132
1765454400,1.17133,1.17362,1.17099,1.17313
1765461600,1.1731,1.17572,1.17303,1.17563
1765468800,1.17566,1.17627,1.17463,1.17552
1765476000,1.17551,1.17593,1.17407,1.17413
1765483200,1.17413,1.17459,1.17366,1.17386
1765490400,1.17362,1.1742,1.17362,1.17409
1765497600,1.17407,1.17465,1.17326,1.17347
1765504800,1.17348,1.17378,1.17313,1.17345
1765512000,1.17346,1.17396,1.17312,1.17387
1765519200,1.17388,1.17434,1.17341,1.17379
1765526400,1.1738,1.17423,1.1727,1.1733
1765533600,1.17329,1.17333,1.17225,1.17269
1765540800,1.1727,1.17351,1.17197,1.17273
1765548000,1.17271,1.17451,1.17232,1.17381
1765555200,1.17379,1.17484,1.17263,1.17479
1765562400,1.17477,1.175,1.17354,1.17404
1765569600,1.17403,1.17466,1.17371,1.17386
1765749600,1.17347,1.17409,1.17262,1.17371
1765756800,1.17373,1.17424,1.17286,1.17415
1765764000,1.17414,1.17449,1.1732,1.17343
1765771200,1.17342,1.17359,1.1732,1.17345
1765778400,1.17346,1.17381,1.17278,1.17284
1765785600,1.17283,1.17436,1.17264,1.17434
1765792800,1.17432,1.175,1.17389,1.17488
1765800000,1.17487,1.17599,1.17473,1.17476
1765807200,1.17474,1.1769,1.17442,1.17629
1765814400,1.17628,1.17649,1.1745,1.17461
1765821600,1.17458,1.175,1.17383,1.17488
1765828800,1.17483,1.17539,1.17474,1.17538
1765836000,1.17459,1.17559,1.17459,1.17536
1765843200,1.17535,1.17581,1.17467,1.17519
1765850400,1.17519,1.17593,1.17501,1.17519
1765857600,1.17518,1.17544,1.17493,1.17506
1765864800,1.17505,1.17544,1.17444,1.17522
1765872000,1.17526,1.1764,1.17467,1.17561
1765879200,1.17569,1.17632,1.17516,1.17631
1765886400,1.17633,1.17946,1.17569,1.17756
1765893600,1.17757,1.18041,1.17675,1.17702
1765900800,1.17701,1.17781,1.17613,1.1764
1765908000,1.17639,1.1764,1.17343,1.17578
1765915200,1.17577,1.17629,1.17459,1.17473
1765922400,1.17452,1.17514,1.17439,1.17494
1765929600,1.17493,1.17524,1.17451,1.17472
1765936800,1.17473,1.17481,1.17368,1.17391
1765944000,1.17392,1.17399,1.17247,1.1729
1765951200,1.17291,1.17306,1.17033,1.17129
1765958400,1.17138,1.17211,1.17057,1.17162
1765965600,1.1716,1.17273,1.17077,1.17094
1765972800,1.17093,1.17333,1.17086,1.1732
1765980000,1.17319,1.17581,1.17281,1.17528
1765987200,1.17524,1.17564,1.17455,1.17494
1765994400,1.17493,1.17557,1.17414,1.17449
1766001600,1.1745,1.17464,1.17385,1.17407
1766008800,1.17334,1.17435,1.17334,1.17418
1766016000,1.17417,1.17459,1.17352,1.17385
1766023200,1.17384,1.17428,1.17368,1.17392
1766030400,1.17391,1.17471,1.17382,1.17459
1766037600,1.1746,1.17498,1.17337,1.17338
1766044800,1.17339,1.17373,1.17173,1.17221
1766052000,1.17216,1.17276,1.17178,1.17206
1766059200,1.17207,1.1763,1.17127,1.1747
1766066400,1.17469,1.17559,1.1716,1.17272
1766073600,1.17271,1.17461,1.17152,1.17186
1766080800,1.17191,1.17277,1.17155,1.17252
1766088000,1.17252,1.17278,1.17205,1.17237
1766095200,1.17152,1.17276,1.17152,1.17248
1766102400,1.17249,1.1729,1.17204,1.17244
1766109600,1.17242,1.17286,1.17184,1.17211
1766116800,1.17214,1.17229,1.1715,1.17202
1766124000,1.17201,1.17217,1.17035,1.17079
1766131200,1.17081,1.1718,1.17062,1.17122
1766138400,1.17119,1.17179,1.17075,1.17112
1766145600,1.1711,1.17196,1.1703,1.17196
1766152800,1.17195,1.17377,1.17095,1.17097
1766160000,1.17098,1.1721,1.17085,1.17193
1766167200,1.17192,1.17272,1.17163,1.17238
1766174400,1.17237,1.17256,1.17064,1.17081
1766354400,1.1714,1.17161,1.17062,1.17101
1766361600,1.17101,1.17194,1.17094,1.17174
1766368800,1.17175,1.17196,1.17137,1.17177
1766376000,1.17178,1.17221,1.17156,1.17174
1766383200,1.17175,1.17311,1.17131,1.17291
1766390400,1.17292,1.17383,1.17233,1.17302
1766397600,1.17303,1.17381,1.17287,1.17335
1766404800,1.17336,1.17544,1.17335,1.17506
1766412000,1.17505,1.17693,1.1745,1.17638
1766419200,1.17635,1.17645,1.17483,1.17582
1766426400,1.17581,1.17581,1.17491,1.17555
1766433600,1.17553,1.17623,1.17522,1.17616
1766440800,1.17506,1.17656,1.17505,1.17636
1766448000,1.17636,1.17761,1.17628,1.17732
1766455200,1.1773,1.17806,1.17725,1.17765
1766462400,1.17766,1.178,1.17737,1.17752
1766469600,1.1775,1.17814,1.17687,1.17786
1766476800,1.17784,1.17928,1.17754,1.17925
1766484000,1.17926,1.18003,1.17916,1.17957
1766491200,1.17959,1.18021,1.17743,1.17749
1766498400,1.1775,1.17797,1.1764,1.17744
1766505600,1.17743,1.17805,1.17691,1.17708
1766512800,1.17709,1.17914,1.17695,1.17901
1766520000,1.179,1.17969,1.17869,1.17929
1766527200,1.17873,1.17971,1.17836,1.17948
1766534400,1.17949,1.18063,1.17903,1.18054
1766541600,1.1805,1.18082,1.1787,1.17876
1766548800,1.17877,1.18022,1.1786,1.1799
1766556000,1.17989,1.1804,1.17865,1.17894
1766563200,1.17892,1.1801,1.17798,1.17996
1766570400,1.17995,1.18,1.17907,1.17928
1766577600,1.17929,1.17932,1.17838,1.17855
1766584800,1.17851,1.1787,1.17755,1.1778
1766592000,1.17781,1.17832,1.17727,1.17766
1766599200,1.17765,1.17817,1.17743,1.17808
1766700000,1.17758,1.17845,1.17736,1.17842
1766707200,1.17839,1.1792,1.17771,1.17873
1766714400,1.17874,1.17935,1.17835,1.17844
1766721600,1.17843,1.17873,1.17799,1.17863
1766728800,1.17862,1.17879,1.17702,1.17729
1766736000,1.17731,1.17779,1.17667,1.17703
1766743200,1.17702,1.17825,1.17692,1.17772
1766750400,1.17774,1.17967,1.17727,1.17913
1766757600,1.1792,1.17944,1.17717,1.17772
1766764800,1.17773,1.17798,1.17614,1.17702
1766772000,1.17705,1.17766,1.1769,1.17766
1766779200,1.17765,1.17815,1.17659,1.17699
1766959200,1.17619,1.17779,1.17619,1.17724
1766966400,1.17725,1.17865,1.17714,1.17842
1766973600,1.1784,1.17854,1.17712,1.17735
1766980800,1.17732,1.17736,1.17538,1.17562
1766988000,1.17565,1.17792,1.17544,1.17771
1766995200,1.1777,1.17891,1.17712,1.17765
1767002400,1.17763,1.17803,1.17578,1.17659
1767009600,1.17658,1.17737,1.17558,1.17698
1767016800,1.17697,1.17887,1.17664,1.17681
1767024000,1.17678,1.1768,1.17496,1.17519
1767031200,1.17522,1.17682,1.17506,1.17673
1767038400,1.17671,1.17748,1.17644,1.17723
1767045600,1.17652,1.17746,1.17611,1.17725
1767052800,1.17724,1.17752,1.17698,1.17752
1767060000,1.17753,1.17765,1.17704,1.17724
1767067200,1.17725,1.1779,1.17716,1.17752
1767074400,1.17754,1.17799,1.17661,1.17699
1767081600,1.17704,1.17781,1.17644,1.1769
1767088800,1.17689,1.17773,1.1766,1.17667
1767096000,1.17669,1.17681,1.17554,1.17634
1767103200,1.17632,1.17662,1.17454,1.17598
1767110400,1.17597,1.17667,1.17544,1.17562
1767117600,1.17561,1.17596,1.17452,1.17469
1767124800,1.17473,1.17504,1.17434,1.17478
1767132000,1.17435,1.1749,1.17434,1.17456
1767139200,1.17455,1.1749,1.17417,1.17427
1767146400,1.17425,1.17437,1.17389,1.17428
1767153600,1.17427,1.17429,1.17331,1.17385
1767160800,1.17386,1.17398,1.17299,1.17367
1767168000,1.17369,1.17398,1.172,1.1735
1767175200,1.17351,1.17478,1.17285,1.17472
1767182400,1.17471,1.17594,1.17414,1.17422
1767189600,1.17421,1.17463,1.17204,1.17443
1767196800,1.17442,1.17487,1.17288,1.17361
1767204000,1.1736,1.17432,1.17304,1.17418
1767304800,1.17438,1.17509,1.17396,1.17507
1767312000,1.17508,1.17627,1.17499,1.17611
1767319200,1.1761,1.17651,1.17582,1.17644
1767326400,1.17643,1.17649,1.17509,1.17512
1767333600,1.17513,1.17516,1.17322,1.1735
1767340800,1.17349,1.17385,1.17208,1.17216
1767348000,1.17215,1.17238,1.17133,1.17218
1767355200,1.17214,1.1729,1.17181,1.17215
1767362400,1.17218,1.17521,1.17159,1.17506
1767369600,1.17507,1.17543,1.17285,1.17307
1767376800,1.17308,1.17314,1.17145,1.17231
1767384000,1.17232,1.17237,1.17152,1.17207
1767564000,1.17161,1.17215,1.17003,1.17053
1767571200,1.17052,1.17111,1.16998,1.17004
1767578400,1.17005,1.17019,1.16722,1.16754
1767585600,1.16753,1.1686,1.16732,1.16854
1767592800,1.16855,1.16922,1.16784,1.16865
1767600000,1.16863,1.16951,1.16739,1.16826
1767607200,1.16827,1.16909,1.16797,1.16817
1767614400,1.16816,1.16853,1.16591,1.16744
1767621600,1.16745,1.17046,1.16732,1.17045
1767628800,1.17047,1.17197,1.17041,1.17144
1767636000,1.17146,1.17287,1.17132,1.17272
1767643200,1.17271,1.17288,1.17194,1.17216
1767650400,1.17182,1.17218,1.17129,1.17148
1767657600,1.17147,1.17254,1.17107,1.17254
1767664800,1.17252,1.17383,1.17221,1.17348
1767672000,1.17347,1.17371,1.17274,1.1729
1767679200,1.17289,1.1743,1.17261,1.17291
1767686400,1.1729,1.17389,1.17082,1.17134
1767693600,1.17133,1.17172,1.1705,1.17064
1767700800,1.17065,1.17136,1.16972,1.17109
1767708000,1.1711,1.17175,1.16839,1.16954
1767715200,1.16953,1.17007,1.16861,1.17006
1767722400,1.17008,1.17021,1.16838,1.16899
1767729600,1.16898,1.16933,1.16848,1.16888
1767736800,1.16849,1.16907,1.16842,1.16871
1767744000,1.16873,1.17005,1.16853,1.16959
1767751200,1.16958,1.17027,1.16952,1.16986
1767758400,1.16988,1.17021,1.16906,1.16932
1767765600,1.16931,1.16998,1.16787,1.16828
1767772800,1.16821,1.16872,1.16729,1.16845
1767780000,1.16842,1.1694,1.16835,1.16892
1767787200,1.16893,1.16949,1.16812,1.16917
1767794400,1.16916,1.16988,1.16799,1.16901
1767801600,1.16902,1.16947,1.16822,1.16881
1767808800,1.16879,1.16905,1.16785,1.16823
1767816000,1.16825,1.16839,1.16735,1.1676
1767823200,1.16735,1.16777,1.16733,1.16769
1767830400,1.16768,1.16782,1.16727,1.16748
1767837600,1.1675,1.16829,1.16725,1.168
1767844800,1.16799,1.16831,1.16774,1.16824
1767852000,1.16822,1.16832,1.16747,1.16778
1767859200,1.16778,1.16789,1.16689,1.16767
1767866400,1.16769,1.16822,1.16749,1.16777
1767873600,1.16777,1.1678,1.16583,1.16627
1767880800,1.16626,1.16738,1.1656,1.16664
1767888000,1.16665,1.16676,1.16438,1.16508
1767895200,1.16507,1.16534,1.16426,1.16501
1767902400,1.165,1.16626,1.16499,1.16587
1767909600,1.16507,1.16626,1.16472,1.16581
1767916800,1.16583,1.16583,1.16485,1.16492
1767924000,1.16492,1.16592,1.1646,1.16563
1767931200,1.16564,1.1657,1.16499,1.16511
1767938400,1.1651,1.16529,1.16401,1.16507
1767945600,1.16508,1.16529,1.16413,1.16424
1767952800,1.16426,1.1647,1.16369,1.1646
1767960000,1.16461,1.16604,1.16258,1.16451
1767967200,1.16445,1.16526,1.16182,1.16408
1767974400,1.16405,1.16435,1.16276,1.16318
1767981600,1.16318,1.16399,1.16312,1.16348
1767988800,1.16347,1.16378,1.16296,1.16304
1768168800,1.16268,1.16334,1.16231,1.16237
1768176000,1.16236,1.16713,1.16218,1.16562
1768183200,1.16563,1.16644,1.1654,1.16552
1768190400,1.16553,1.16709,1.16529,1.16692
1768197600,1.16691,1.16878,1.16639,1.16848
1768204800,1.16847,1.16957,1.16759,1.1682
1768212000,1.16819,1.16894,1.16756,1.16785
1768219200,1.16783,1.16985,1.1677,1.16928
1768226400,1.16925,1.1693,1.16726,1.16811
1768233600,1.16813,1.16821,1.16663,1.16688
1768240800,1.16687,1.16738,1.16653,1.16722
1768248000,1.16721,1.16734,1.16632,1.16664
1768255200,1.16642,1.16708,1.16638,1.16675
1768262400,1.16674,1.16678,1.16564,1.16586
1768269600,1.16584,1.16637,1.16565,1.16589
1768276800,1.16588,1.16675,1.16585,1.16629
1768284000,1.16629,1.16649,1.16538,1.16642
1768291200,1.16639,1.16725,1.16585,1.16719
1768298400,1.16717,1.16745,1.16646,1.16686
1768305600,1.16684,1.16772,1.16499,1.16683
1768312800,1.16684,1.16731,1.16443,1.1652
1768320000,1.16522,1.16547,1.16342,1.16462
1768327200,1.1646,1.16545,1.16416,1.16493
1768334400,1.16494,1.16501,1.16426,1.16429
1768341600,1.16407,1.16457,1.16407,1.16419
1768348800,1.1642,1.16438,1.16369,1.1638
1768356000,1.16385,1.1649,1.16363,1.16469
1768363200,1.16468,1.16482,1.16415,1.1642
1768370400,1.16421,1.16522,1.16414,1.16464
1768377600,1.16463,1.16538,1.16412,1.16518
1768384800,1.16519,1.16578,1.16439,1.16471
1768392000,1.16469,1.166,1.1645,1.16502
1768399200,1.165,1.16606,1.16487,1.16598
1768406400,1.16599,1.16618,1.16455,1.16467
1768413600,1.16469,1.16478,1.16355,1.16364
1768420800,1.16368,1.16474,1.16367,1.16454
1768428000,1.16382,1.16472,1.16382,1.16449
1768435200,1.1645,1.16457,1.16333,1.16388
1768442400,1.16386,1.16417,1.1636,1.16389
1768449600,1.1639,1.16395,1.16337,1.16352
1768456800,1.16353,1.16383,1.16261,1.16289
1768464000,1.16285,1.164,1.16268,1.16358
1768471200,1.16357,1.16409,1.16301,1.16307
1768478400,1.16308,1.16349,1.15989,1.16015
1768485600,1.16017,1.16109,1.1593,1.16025
1768492800,1.16024,1.16137,1.15984,1.16091
1768500000,1.16092,1.16174,1.16091,1.16138
1768507200,1.1614,1.16156,1.1603,1.16098
1768514400,1.1604,1.16104,1.16024,1.1609
1768521600,1.16091,1.16097,1.16025,1.16069
1768528800,1.1607,1.16142,1.16059,1.16123
1768536000,1.16121,1.16138,1.16058,1.16067
1768543200,1.16066,1.16148,1.16042,1.1612
1768550400,1.16124,1.16152,1.1608,1.16082
1768557600,1.16084,1.16233,1.16081,1.16192
1768564800,1.16193,1.16223,1.16116,1.16188
1768572000,1.16187,1.16276,1.15847,1.15936
1768579200,1.15938,1.16059,1.15938,1.15956
1768586400,1.15955,1.15993,1.15895,1.15963
1768593600,1.15962,1.16024,1.15955,1.15984
1768773600,1.15818,1.16269,1.15765,1.16245
1768780800,1.16244,1.16377,1.16048,1.16227
1768788000,1.16229,1.16241,1.16159,1.1621
1768795200,1.16245,1.16376,1.16245,1.16277
1768802400,1.16276,1.16415,1.16232,1.16262
1768809600,1.16265,1.16298,1.16112,1.16245
1768816800,1.16242,1.16291,1.16203,1.16278
1768824000,1.16277,1.16354,1.16251,1.16321
1768831200,1.16319,1.16436,1.16301,1.16399
1768838400,1.16398,1.16473,1.16376,1.16457
1768845600,1.16456,1.16489,1.16426,1.16433
1768852800,1.16434,1.16465,1.16418,1.16458
1768860000,1.1641,1.16469,1.16385,1.16392
1768867200,1.16393,1.16441,1.16326,1.16437
1768874400,1.16438,1.16588,1.16405,1.16565
1768881600,1.16568,1.16725,1.16561,1.16635
1768888800,1.16633,1.16937,1.16621,1.16886
1768896000,1.16884,1.17328,1.16873,1.17265
1768903200,1.17264,1.17391,1.17153,1.17351
1768910400,1.1735,1.17689,1.17183,1.17334
1768917600,1.17336,1.17373,1.17154,1.1727
1768924800,1.17271,1.17428,1.17269,1.17316
1768932000,1.17315,1.17342,1.17116,1.17124
1768939200,1.17125,1.1727,1.1711,1.17265
1768946400,1.17189,1.17289,1.17189,1.17274
1768953600,1.17272,1.17344,1.17167,1.17292
1768960800,1.17291,1.17319,1.17109,1.1719
1768968000,1.17189,1.17217,1.1714,1.17176
1768975200,1.17176,1.17254,1.17101,1.17171
1768982400,1.1717,1.17189,1.17013,1.17036
1768989600,1.17035,1.17203,1.17014,1.17141
1768996800,1.1714,1.17429,1.1712,1.17397
1769004000,1.17396,1.17408,1.17006,1.17021
1769011200,1.1702,1.17116,1.16948,1.1703
1769018400,1.17027,1.17055,1.16769,1.16916
1769025600,1.16915,1.16921,1.16764,1.16875
1769032800,1.16811,1.16856,1.16701,1.16729
1769040000,1.16731,1.16903,1.1673,1.16889
1769047200,1.16888,1.16937,1.16834,1.16891
1769054400,1.16892,1.16971,1.16844,1.16884
1769061600,1.16885,1.16961,1.16843,1.1691
1769068800,1.16906,1.16974,1.16842,1.16927
1769076000,1.16928,1.17043,1.16866,1.17027
1769083200,1.17022,1.17186,1.17,1.1714
1769090400,1.17135,1.1734,1.17108,1.17339
1769097600,1.1734,1.17506,1.17279,1.17466
1769104800,1.17464,1.17489,1.17413,1.1744
1769112000,1.1744,1.17564,1.17419,1.17549
1769119200,1.1746,1.17595,1.17458,1.1754
1769126400,1.17539,1.17539,1.1747,1.17495
1769133600,1.17488,1.175,1.17434,1.17436
1769140800,1.17437,1.1754,1.17432,1.17512
1769148000,1.17507,1.1753,1.17351,1.17361
1769155200,1.17362,1.17452,1.17283,1.17355
1769162400,1.17356,1.17405,1.173,1.17373
1769169600,1.17374,1.17473,1.1733,1.17343
1769176800,1.17342,1.17611,1.17319,1.1758
1769184000,1.17579,1.17988,1.17464,1.17945
1769191200,1.17943,1.1815,1.17772,1.18118
1769198400,1.18119,1.18335,1.181,1.18294
1769378400,1.18638,1.18977,1.18483,1.18605
1769385600,1.18603,1.18691,1.18446,1.18578
1769392800,1.18577,1.18764,1.18557,1.18626
1769400000,1.18625,1.18698,1.18555,1.18649
1769407200,1.18651,1.18658,1.18366,1.18391
1769414400,1.18391,1.18674,1.18381,1.18636
1769421600,1.18637,1.18654,1.18488,1.18561
1769428800,1.1856,1.18572,1.18348,1.18561
1769436000,1.18559,1.18969,1.18525,1.18956
1769443200,1.18955,1.19069,1.18749,1.1879
1769450400,1.18791,1.18902,1.18707,1.18792
1769457600,1.18795,1.18863,1.18739,1.18802
1769464800,1.18697,1.18814,1.18697,1.18739
1769472000,1.18737,1.18829,1.18727,1.18786
1769479200,1.18787,1.18993,1.18762,1.18799
1769486400,1.18798,1.18826,1.18701,1.18768
1769493600,1.18769,1.18816,1.18612,1.18636
1769500800,1.18642,1.18898,1.18503,1.1889
1769508000,1.18892,1.18973,1.18743,1.18953
1769515200,1.18954,1.19388,1.18942,1.19233
1769522400,1.19232,1.19724,1.19183,1.19509
1769529600,1.19508,1.19901,1.19496,1.19801
1769536800,1.19798,1.19875,1.19713,1.19771
1769544000,1.1977,1.20821,1.1972,1.204
1769551200,1.20366,1.20457,1.20164,1.20229
1769558400,1.20228,1.20235,1.19929,1.1993
1769565600,1.19927,1.20052,1.19871,1.19971
1769572800,1.19972,1.20018,1.19749,1.19969
1769580000,1.1997,1.20257,1.19844,1.19914
1769587200,1.1992,1.20049,1.19702,1.19867
1769594400,1.19868,1.19948,1.19618,1.19681
1769601600,1.19682,1.19835,1.19519,1.19577
1769608800,1.19579,1.19777,1.19228,1.19437
1769616000,1.19435,1.19526,1.19188,1.19411
1769623200,1.19409,1.19423,1.18959,1.19404
1769630400,1.19399,1.19539,1.19296,1.19537
1769637600,1.19541,1.19809,1.19521,1.19809
1769644800,1.19807,1.19852,1.1957,1.19615
1769652000,1.19613,1.19868,1.19534,1.19864
1769659200,1.1986,1.19937,1.19757,1.19812
1769666400,1.19812,1.19967,1.19673,1.19741
1769673600,1.19737,1.19857,1.19514,1.19559
1769680800,1.19561,1.19581,1.19378,1.19472
1769688000,1.19471,1.19706,1.19402,1.19563
1769695200,1.19568,1.19727,1.19059,1.19297
1769702400,1.19295,1.19615,1.19277,1.19562
1769709600,1.19557,1.19649,1.19485,1.19514
1769716800,1.19511,1.19714,1.19459,1.19706
1769724000,1.19606,1.19747,1.19606,1.19676
1769731200,1.19675,1.19734,1.19141,1.19172
1769738400,1.19171,1.19261,1.18951,1.19201
1769745600,1.192,1.19352,1.19147,1.19247
1769752800,1.19247,1.19424,1.19139,1.19377
1769760000,1.19378,1.1943,1.18983,1.19084
1769767200,1.19083,1.19503,1.19048,1.1949
1769774400,1.19487,1.19546,1.1902,1.19126
1769781600,1.19127,1.19211,1.18831,1.18951
1769788800,1.18953,1.18977,1.18665,1.18726
1769796000,1.18725,1.18851,1.18547,1.18693
1769803200,1.18694,1.18694,1.18499,1.18511
1769983200,1.18504,1.18569,1.18399,1.18463
1769990400,1.18464,1.18747,1.18464,1.18708
1769997600,1.18714,1.18747,1.18629,1.18642
1770004800,1.18643,1.18724,1.1841,1.18509
1770012000,1.18515,1.18636,1.18432,1.18537
1770019200,1.18542,1.18667,1.18438,1.18624
1770026400,1.18625,1.18715,1.18586,1.18648
1770033600,1.18647,1.187,1.18181,1.18208
1770040800,1.18207,1.18298,1.17904,1.17925
1770048000,1.17926,1.18125,1.17904,1.18001
1770055200,1.18002,1.18013,1.1776,1.17888
1770062400,1.17889,1.17946,1.17803,1.17903
1770069600,1.17834,1.17991,1.17794,1.1799
1770076800,1.17991,1.18149,1.1798,1.18142
1770084000,1.1814,1.18145,1.18008,1.18096
1770091200,1.18095,1.18168,1.18051,1.1809
1770098400,1.18091,1.18245,1.18079,1.18152
1770105600,1.18154,1.18196,1.17922,1.17922
1770112800,1.17921,1.17999,1.17827,1.17873
1770120000,1.17872,1.18067,1.17867,1.1796
1770127200,1.17962,1.18138,1.17801,1.18129
1770134400,1.1813,1.18288,1.18103,1.18163
1770141600,1.18162,1.18226,1.18058,1.18134
1770148800,1.18139,1.18255,1.18093,1.1819
1770156000,1.18126,1.18206,1.18106,1.18157
1770163200,1.18156,1.18322,1.18088,1.18261
1770170400,1.18262,1.18318,1.18187,1.18272
1770177600,1.1827,1.18362,1.18253,1.18329
1770184800,1.1833,1.18363,1.18242,1.1832
1770192000,1.18312,1.18381,1.18111,1.18137
1770199200,1.18136,1.1818,1.18047,1.18104
1770206400,1.18103,1.1827,1.18096,1.18226
1770213600,1.18227,1.18258,1.17931,1.17962
1770220800,1.17965,1.1815,1.17907,1.17976
1770228000,1.17977,1.18096,1.17947,1.18091
1770235200,1.1809,1.18098,1.18018,1.18056
1770242400,1.18017,1.18077,1.18005,1.18015
1770249600,1.18017,1.18082,1.17995,1.18039
1770256800,1.18037,1.18055,1.17828,1.17893
1770264000,1.17894,1.17911,1.1784,1.17901
1770271200,1.179,1.18036,1.17848,1.17989
1770278400,1.17987,1.18089,1.17803,1.17807
1770285600,1.17806,1.17954,1.17803,1.17937
1770292800,1.17938,1.18155,1.17854,1.18119
1770300000,1.1812,1.18219,1.17821,1.17912
1770307200,1.17915,1.18044,1.17851,1.1801
1770314400,1.18009,1.1803,1.17922,1.17943
1770321600,1.17942,1.17948,1.17749,1.17793
1770328800,1.17769,1.17813,1.1775,1.17765
1770336000,1.17766,1.17883,1.17656,1.17849
1770343200,1.17852,1.17916,1.17846,1.17877
1770350400,1.17878,1.18015,1.17872,1.17983
1770357600,1.17981,1.1802,1.17886,1.17913
1770364800,1.17914,1.17982,1.17858,1.1792
1770372000,1.17919,1.18,1.17859,1.17902
1770379200,1.17901,1.18111,1.17884,1.18103
1770386400,1.18098,1.18263,1.18052,1.18193
1770393600,1.18192,1.18219,1.18102,1.18181
1770400800,1.18177,1.1823,1.18146,1.18194
1770408000,1.18193,1.18239,1.18135,1.18141
1770588000,1.18086,1.18278,1.18086,1.18269
1770595200,1.18267,1.18337,1.1824,1.18257
1770602400,1.18255,1.18259,1.18163,1.18188
1770609600,1.1819,1.18364,1.18188,1.18333
1770616800,1.18334,1.18601,1.1833,1.1856
1770624000,1.18559,1.18699,1.18515,1.18622
1770631200,1.18623,1.18721,1.18553,1.18692
1770638400,1.18693,1.19056,1.18692,1.19037
1770645600,1.19039,1.19267,1.19028,1.19123
1770652800,1.19126,1.19177,1.1893,1.19086
1770660000,1.19085,1.19224,1.19037,1.19203
1770667200,1.19202,1.19212,1.19105,1.19149
1770674400,1.19075,1.19146,1.19015,1.19038
1770681600,1.19037,1.19105,1.18964,1.19058
1770688800,1.19059,1.19171,1.19056,1.19115
1770696000,1.19117,1.19129,1.19036,1.19072
1770703200,1.19068,1.19133,1.18996,1.19085
1770710400,1.19086,1.192,1.18998,1.19143
1770717600,1.19143,1.19176,1.19009,1.1904
1770724800,1.19047,1.19134,1.18884,1.19054
1770732000,1.19058,1.19287,1.18967,1.19139
1770739200,1.1914,1.1915,1.18929,1.18957
1770746400,1.18959,1.19024,1.18869,1.19023
1770753600,1.19022,1.19034,1.18926,1.18941
1770760800,1.18897,1.18933,1.18861,1.18879
1770768000,1.18878,1.19022,1.18864,1.18979
1770775200,1.18979,1.19138,1.18978,1.19117
1770782400,1.19114,1.19191,1.19067,1.19185
1770789600,1.19184,1.19258,1.19104,1.19178
1770796800,1.19177,1.192,1.19101,1.19182
1770804000,1.19179,1.19274,1.19049,1.19081
1770811200,1.19082,1.19094,1.18331,1.1862
1770818400,1.18619,1.18826,1.1851,1.18593
1770825600,1.18591,1.18935,1.18531,1.1886
1770832800,1.18859,1.18908,1.18778,1.18798
1770840000,1.18795,1.18812,1.18687,1.18713
1770847200,1.18664,1.18763,1.18664,1.18748
1770854400,1.18747,1.18826,1.18669,1.1881
1770861600,1.18808,1.18847,1.18651,1.18698
1770868800,1.18697,1.18726,1.18582,1.18647
1770876000,1.18647,1.18754,1.18523,1.1873
1770883200,1.1873,1.18879,1.18712,1.18871
1770890400,1.1887,1.18874,1.18748,1.18845
1770897600,1.18847,1.18863,1.1867,1.18849
1770904800,1.18855,1.18886,1.18747,1.18858
1770912000,1.1886,1.18902,1.186,1.18653
1770919200,1.18656,1.18716,1.18563,1.18702
1770926400,1.18697,1.18728,1.18635,1.18709
1770933600,1.18614,1.18721,1.18613,1.18694
1770940800,1.18693,1.18736,1.18631,1.1867
1770948000,1.18671,1.18713,1.1863,1.18669
1770955200,1.1867,1.18678,1.18581,1.18595
1770962400,1.18592,1.18618,1.18471,1.18587
1770969600,1.18586,1.18666,1.18559,1.18606
1770976800,1.18605,1.18612,1.1853,1.18588
1770984000,1.18591,1.18845,1.18553,1.18742
1770991200,1.18738,1.18748,1.18477,1.18485
1770998400,1.18484,1.18828,1.18484,1.18751
1771005600,1.18754,1.18808,1.18661,1.18664
1771012800,1.18663,1.18765,1.18646,1.18681
1771192800,1.18754,1.18756,1.18628,1.18669
1771200000,1.18668,1.18673,1.18591,1.18654
1771207200,1.18651,1.18691,1.18617,1.18673
1771214400,1.18672,1.18683,1.18606,1.18649
1771221600,1.18648,1.18703,1.18605,1.18627
1771228800,1.1863,1.18704,1.18573,1.18645
1771236000,1.18645,1.18678,1.18599,1.18614
1771243200,1.18616,1.18632,1.18492,1.18546
1771250400,1.18545,1.18637,1.18506,1.18539
1771257600,1.1854,1.18567,1.18463,1.18481
1771264800,1.1848,1.18543,1.1848,1.18542
1771272000,1.18541,1.18552,1.18503,1.18517
1771279200,1.18485,1.18514,1.18467,1.18507
1771286400,1.18509,1.18522,1.18405,1.18446
1771293600,1.18445,1.18473,1.1838,1.18417
1771300800,1.18418,1.18426,1.18358,1.18414
1771308000,1.18415,1.18458,1.18286,1.18327
1771315200,1.18332,1.18499,1.18301,1.18465
1771322400,1.18461,1.18472,1.18242,1.18311
1771329600,1.18312,1.18359,1.18159,1.18221
1771336800,1.18222,1.18282,1.18049,1.18108
1771344000,1.1811,1.18422,1.18108,1.18394
1771351200,1.18395,1.18533,1.18387,1.1848
1771358400,1.18478,1.18547,1.1847,1.18538
1771365600,1.1852,1.18577,1.18493,1.1851
1771372800,1.18513,1.18538,1.18425,1.18463
1771380000,1.18462,1.18475,1.18409,1.18413
1771387200,1.18412,1.1846,1.18395,1.18457
1771394400,1.18457,1.18466,1.1833,1.18349
1771401600,1.18352,1.18387,1.18285,1.18361
1771408800,1.1836,1.18409,1.18306,1.18346
1771416000,1.18349,1.18487,1.18236,1.18237
1771423200,1.18238,1.18278,1.18122,1.18227
1771430400,1.18226,1.18263,1.18019,1.1806
1771437600,1.18061,1.18073,1.17837,1.17873
1771444800,1.17872,1.17904,1.17821,1.17836
1771452000,1.17837,1.17899,1.17826,1.17886
1771459200,1.17887,1.17953,1.17853,1.17946
1771466400,1.17945,1.17958,1.17879,1.17907
1771473600,1.17907,1.17929,1.17846,1.17916
1771480800,1.17915,1.18037,1.17898,1.18006
1771488000,1.18006,1.18077,1.17972,1.18001
1771495200,1.18,1.18033,1.17764,1.17809
1771502400,1.17807,1.17809,1.17515,1.17654
1771509600,1.17653,1.17755,1.17419,1.17633
1771516800,1.17634,1.17708,1.17562,1.1766
1771524000,1.17661,1.17741,1.17593,1.1764
1771531200,1.17638,1.17783,1.17632,1.17713
1771538400,1.17681,1.17759,1.17675,1.17684
1771545600,1.17686,1.17724,1.17553,1.17589
1771552800,1.1759,1.17599,1.17539,1.17567
1771560000,1.17568,1.17597,1.17502,1.17555
1771567200,1.17554,1.17626,1.17496,1.17512
1771574400,1.1751,1.17681,1.17433,1.17669
1771581600,1.17669,1.17691,1.17573,1.17675
1771588800,1.17676,1.17822,1.17571,1.17692
1771596000,1.17688,1.18074,1.1755,1.17883
1771603200,1.17883,1.17982,1.17657,1.17803
1771610400,1.17801,1.17987,1.17769,1.17808
1771617600,1.17807,1.17916,1.17775,1.17856
1771797600,1.17913,1.18349,1.17865,1.18335
1771804800,1.18332,1.18347,1.18207,1.18263
1771812000,1.18262,1.18311,1.18168,1.18233
1771819200,1.18238,1.1824,1.18153,1.18198
1771826400,1.18196,1.1834,1.18168,1.18233
1771833600,1.18234,1.18251,1.18002,1.18009
1771840800,1.1801,1.18015,1.17805,1.1786
1771848000,1.17858,1.1798,1.17745,1.1796
1771855200,1.17961,1.18099,1.1792,1.17948
1771862400,1.17942,1.18088,1.17881,1.17986
1771869600,1.17987,1.1801,1.17882,1.17915
1771876800,1.17916,1.17941,1.17843,1.17853
1771884000,1.17869,1.17955,1.1784,1.17929
1771891200,1.1793,1.17964,1.17715,1.17817
1771898400,1.1782,1.17855,1.17749,1.17753
1771905600,1.17752,1.17804,1.17679,1.178
1771912800,1.17799,1.17825,1.17716,1.17794
1771920000,1.17793,1.17931,1.17734,1.17879
1771927200,1.17877,1.17911,1.17793,1.17806
1771934400,1.17803,1.17835,1.1768,1.17724
1771941600,1.17722,1.17809,1.17661,1.17726
1771948800,1.17729,1.179,1.1772,1.17856
1771956000,1.17855,1.17868,1.17764,1.17789
1771963200,1.1779,1.17837,1.17733,1.17739
1771970400,1.17722,1.17764,1.17717,1.1774
1771977600,1.17741,1.1782,1.17731,1.17783
1771984800,1.17784,1.17944,1.17782,1.17895
1771992000,1.17896,1.18055,1.17878,1.18009
1771999200,1.18008,1.18079,1.17968,1.17971
1772006400,1.17972,1.18001,1.17855,1.17878
1772013600,1.17878,1.17885,1.17706,1.1775
1772020800,1.17751,1.17903,1.1773,1.17735
1772028000,1.17736,1.18026,1.1773,1.18012
1772035200,1.18014,1.18145,1.17986,1.18076
1772042400,1.18074,1.18108,1.18027,1.18056
1772049600,1.18055,1.18128,1.18033,1.18101
1772056800,1.18046,1.18165,1.18044,1.1815
1772064000,1.18149,1.18291,1.18117,1.18272
1772071200,1.18273,1.1829,1.18134,1.18171
1772078400,1.18169,1.18228,1.18125,1.18197
1772085600,1.18196,1.18223,1.18087,1.18158
1772092800,1.18159,1.18159,1.17967,1.17972
1772100000,1.17971,1.18049,1.17933,1.18004
1772107200,1.18007,1.18169,1.18,1.18068
1772114400,1.18069,1.1816,1.17809,1.1799
1772121600,1.17986,1.17995,1.17739,1.17761
1772128800,1.17762,1.1798,1.17739,1.17966
1772136000,1.17968,1.18038,1.17957,1.17977
1772143200,1.17934,1.18034,1.17913,1.18032
1772150400,1.18031,1.18058,1.1789,1.17901
1772157600,1.17906,1.18059,1.17906,1.18037
1772164800,1.18038,1.18133,1.18021,1.18085
1772172000,1.18084,1.18195,1.17971,1.18153
1772179200,1.18152,1.18217,1.1793,1.17953
1772186400,1.17951,1.18041,1.17947,1.18001
1772193600,1.18002,1.18082,1.17906,1.17926
1772200800,1.17928,1.18173,1.1791,1.18071
1772208000,1.18072,1.1827,1.18057,1.18165
1772215200,1.18167,1.18228,1.18114,1.18193
1772222400,1.18192,1.1826,1.18112,1.18124
1772402400,1.1765,1.17877,1.17564,1.17594
1772409600,1.17593,1.17941,1.17561,1.17919
1772416800,1.1792,1.17958,1.17809,1.17888
1772424000,1.17889,1.17905,1.17661,1.17664
1772431200,1.17665,1.17667,1.17035,1.17161
1772438400,1.17165,1.17437,1.16981,1.1733
1772445600,1.17329,1.17473,1.17263,1.17332
1772452800,1.17334,1.17339,1.16953,1.16984
1772460000,1.16984,1.17238,1.16797,1.16803
1772467200,1.16802,1.17078,1.16717,1.17071
1772474400,1.1707,1.17134,1.16868,1.17112
1772481600,1.17113,1.17131,1.16786,1.16902
1772488800,1.1684,1.16983,1.16817,1.16947
1772496000,1.16948,1.17069,1.16864,1.16969
1772503200,1.16966,1.16991,1.16861,1.16904
1772510400,1.16909,1.16935,1.16649,1.16667
1772517600,1.16673,1.16718,1.16428,1.16438
1772524800,1.16442,1.16463,1.15986,1.16056
1772532000,1.16058,1.16128,1.15822,1.15974
1772539200,1.1597,1.16153,1.15901,1.15906
1772546400,1.15907,1.15997,1.15302,1.1573
1772553600,1.15731,1.16059,1.15694,1.15906
1772560800,1.15906,1.16257,1.15901,1.16125
1772568000,1.16124,1.16245,1.16099,1.16122
1772575200,1.16096,1.16203,1.16052,1.16106
1772582400,1.16107,1.16111,1.15747,1.15938
1772589600,1.15939,1.16094,1.15912,1.16085
1772596800,1.16084,1.16104,1.15872,1.15952
1772604000,1.15946,1.1628,1.15899,1.16158
1772611200,1.16163,1.16199,1.15924,1.16087
1772618400,1.16086,1.16549,1.16086,1.16352
1772625600,1.16353,1.16521,1.16262,1.16312
1772632800,1.16309,1.16413,1.16167,1.16404
1772640000,1.16404,1.16463,1.16264,1.16332
1772647200,1.16333,1.16412,1.16234,1.16398
1772654400,1.16399,1.16438,1.16343,1.16355
1772661600,1.1628,1.16389,1.16239,1.16349
1772668800,1.16347,1.16476,1.16271,1.16282
1772676000,1.16284,1.16319,1.16099,1.16134
1772683200,1.16131,1.16148,1.1594,1.15945
1772690400,1.15943,1.16163,1.15878,1.16049
1772697600,1.1605,1.16445,1.15817,1.16227
1772704800,1.16228,1.16316,1.16037,1.16113
1772712000,1.16114,1.1625,1.15902,1.15975
1772719200,1.15973,1.1609,1.15691,1.15833
1772726400,1.15831,1.15921,1.1559,1.15878
1772733600,1.15879,1.15917,1.157,1.15729
1772740800,1.15728,1.16104,1.15702,1.16081
1772748000,1.16078,1.16102,1.1603,1.16067
1772755200,1.16068,1.16201,1.16054,1.16153
1772762400,1.16151,1.16208,1.16143,1.16201
1772769600,1.16202,1.16213,1.16057,1.16063
1772776800,1.16065,1.16182,1.16018,1.16147
1772784000,1.16146,1.16146,1.15718,1.15742
1772791200,1.15742,1.15847,1.15612,1.15625
1772798400,1.15626,1.15928,1.15501,1.15553
1772805600,1.15551,1.1593,1.15461,1.15795
1772812800,1.15796,1.16132,1.15789,1.15958
1772820000,1.15957,1.16216,1.15929,1.16015
1772827200,1.16018,1.16181,1.15959,1.16131
1773003600,1.1545,1.15569,1.1526,1.1536
1773010800,1.1536,1.15397,1.1516,1.15175
1773018000,1.15175,1.15283,1.15071,1.1525
1773025200,1.15249,1.15296,1.15126,1.15259
1773032400,1.15259,1.15716,1.15239,1.15446
1773039600,1.15448,1.15652,1.15154,1.15345
1773046800,1.15347,1.15733,1.15311,1.15604
1773054000,1.15603,1.15685,1.15504,1.15534
1773061200,1.15535,1.15879,1.15474,1.15729
1773068400,1.15731,1.15993,1.15726,1.15878
1773075600,1.15877,1.15896,1.15759,1.15766
1773082800,1.15767,1.16375,1.15752,1.16363
1773090000,1.16341,1.16455,1.16226,1.16297
1773097200,1.16296,1.16355,1.16117,1.16261
1773104400,1.16262,1.16297,1.16118,1.16133
1773111600,1.16133,1.16156,1.16071,1.1612
1773118800,1.16119,1.16375,1.16117,1.16325
1773126000,1.1632,1.16635,1.16279,1.16459
1773133200,1.1646,1.16591,1.16205,1.16395
1773140400,1.16397,1.16531,1.16216,1.16345
1773147600,1.16344,1.16504,1.16272,1.16485
1773154800,1.16483,1.16551,1.1639,1.16517
1773162000,1.16516,1.16675,1.16141,1.16246
1773169200,1.16247,1.16288,1.16071,1.16085
1773176400,1.16095,1.16131,1.16028,1.1605
1773183600,1.16049,1.1625,1.16048,1.16183
1773190800,1.16182,1.16295,1.16123,1.16258
1773198000,1.16258,1.16352,1.16251,1.16337
1773205200,1.16338,1.16411,1.16298,1.16335
1773212400,1.16332,1.16452,1.16037,1.16127
1773219600,1.16132,1.16139,1.15901,1.1607
1773226800,1.16068,1.16106,1.15775,1.15826
1773234000,1.15824,1.16126,1.1578,1.15819
1773241200,1.15817,1.15844,1.15632,1.1571
1773248400,1.15711,1.15764,1.15609,1.15716
1773255600,1.15717,1.15763,1.15649,1.1567
1773262800,1.15655,1.15738,1.15496,1.15501
1773270000,1.15503,1.15538,1.1534,1.15459
1773277200,1.15458,1.15555,1.15326,1.15388
1773284400,1.15386,1.15405,1.15317,1.15329
1773291600,1.15332,1.15514,1.15328,1.1548
1773298800,1.15478,1.1556,1.15417,1.15474
1773306000,1.15473,1.1563,1.15447,1.15578
1773313200,1.15577,1.15662,1.15326,1.15394
1773320400,1.15395,1.15505,1.15154,1.15205
1773327600,1.152,1.15325,1.15107,1.1522
1773334800,1.15221,1.15318,1.15112,1.15121
1773342000,1.15123,1.15185,1.15099,1.15107
1773349200,1.15098,1.15216,1.15098,1.15192
1773356400,1.15191,1.15286,1.15151,1.15235
1773363600,1.15233,1.15299,1.1511,1.15137
1773370800,1.15133,1.15159,1.14999,1.15034
1773378000,1.15036,1.15065,1.14823,1.14829
1773385200,1.1483,1.14836,1.14329,1.14452
1773392400,1.14456,1.14721,1.14456,1.14584
1773399600,1.1458,1.14885,1.14554,1.1478
1773406800,1.1478,1.14902,1.14554,1.14571
1773414000,1.14573,1.1461,1.14344,1.14421
1773421200,1.1442,1.14462,1.14318,1.14359
1773428400,1.14362,1.1437,1.1411,1.14142
1773608400,1.14157,1.1439,1.14157,1.14299
1773615600,1.14298,1.14555,1.1426,1.14549
1773622800,1.14547,1.14565,1.14397,1.1448
1773630000,1.14479,1.14541,1.14415,1.14416
1773637200,1.14417,1.14435,1.14241,1.14316
1773644400,1.14318,1.14454,1.14143,1.14449
1773651600,1.1445,1.1478,1.1441,1.14752
1773658800,1.14753,1.1488,1.14709,1.14739
1773666000,1.14747,1.15021,1.14746,1.14889
1773673200,1.14888,1.15004,1.14776,1.14935
1773680400,1.14936,1.15239,1.14906,1.15186
1773687600,1.15187,1.1525,1.15032,1.15059
1773694800,1.15033,1.15078,1.1498,1.14989
1773702000,1.1499,1.14999,1.14891,1.14926
1773709200,1.14918,1.14987,1.14866,1.1495
1773716400,1.14947,1.15031,1.14894,1.14971
1773723600,1.1497,1.14993,1.1466,1.14819
1773730800,1.14817,1.15181,1.14798,1.15104
1773738000,1.15106,1.15249,1.15038,1.15063
1773745200,1.15064,1.15248,1.15042,1.15242
1773752400,1.15243,1.15437,1.15206,1.15333
1773759600,1.15332,1.1539,1.15182,1.15282
1773766800,1.15281,1.15473,1.15262,1.15392
1773774000,1.15395,1.15418,1.15339,1.15399
1773781200,1.1537,1.15445,1.15307,1.154
1773788400,1.154,1.1544,1.15321,1.15327
1773795600,1.15326,1.15403,1.15319,1.15326
1773802800,1.15325,1.15426,1.1532,1.15415
1773810000,1.15418,1.15493,1.15395,1.15423
1773817200,1.15427,1.15456,1.15179,1.15326
1773824400,1.15323,1.15441,1.15252,1.154
1773831600,1.15399,1.15554,1.15055,1.15075
1773838800,1.15076,1.15274,1.14905,1.15165
1773846000,1.15164,1.15298,1.15067,1.15107
1773853200,1.15105,1.15254,1.14772,1.14774
1773860400,1.14772,1.14827,1.14499,1.14506
1773867600,1.14506,1.14693,1.14496,1.14567
1773874800,1.14566,1.14745,1.14552,1.14741
1773882000,1.14739,1.14914,1.14718,1.14821
1773889200,1.14819,1.14835,1.14669,1.1469
1773896400,1.14688,1.14767,1.1461,1.14653
1773903600,1.14654,1.14753,1.1443,1.1451
1773910800,1.14509,1.14881,1.14509,1.1474
1773918000,1.14734,1.149,1.14628,1.14873
1773925200,1.14869,1.15284,1.14694,1.15163
1773932400,1.15157,1.1539,1.14986,1.15359
1773939600,1.15361,1.15842,1.15358,1.15833
1773946800,1.15837,1.1616,1.15773,1.15889
1773954000,1.15872,1.15949,1.15776,1.15783
1773961200,1.15782,1.15817,1.1571,1.15739
1773968400,1.15737,1.15772,1.15619,1.15637
1773975600,1.15635,1.15638,1.15551,1.15557
1773982800,1.15557,1.15663,1.15524,1.15592
1773990000,1.15591,1.15808,1.15557,1.15679
1773997200,1.15674,1.15729,1.15352,1.156
1774004400,1.15598,1.158,1.15574,1.15646
1774011600,1.15653,1.1566,1.15248,1.15348
1774018800,1.1535,1.15666,1.15347,1.15595
1774026000,1.15594,1.15717,1.15476,1.15506
1774033200,1.15505,1.15708,1.1547,1.15707
1774213200,1.15356,1.15627,1.15353,1.15582
1774220400,1.15581,1.15649,1.15387,1.15445
1774227600,1.15442,1.15616,1.1543,1.15469
1774234800,1.15467,1.15516,1.15427,1.15506
1774242000,1.15506,1.15526,1.15203,1.15305
1774249200,1.15304,1.15461,1.15236,1.15297
1774256400,1.153,1.15337,1.14846,1.14857
1774263600,1.14858,1.16189,1.14858,1.16125
1774270800,1.16134,1.16399,1.15798,1.16152
1774278000,1.16154,1.16306,1.15764,1.15909
1774285200,1.1591,1.16373,1.15867,1.16351
1774292400,1.16349,1.16352,1.16095,1.16104
1774299600,1.16102,1.16177,1.16084,1.16147
1774306800,1.16147,1.16161,1.15812,1.15886
1774314000,1.15885,1.15961,1.15785,1.15859
1774321200,1.15861,1.15894,1.15758,1.15803
1774328400,1.15802,1.15925,1.15757,1.15924
1774335600,1.15921,1.16179,1.15877,1.15897
1774342800,1.15902,1.15969,1.15787,1.15921
1774350000,1.15909,1.16005,1.15791,1.15846
1774357200,1.15845,1.16068,1.1567,1.15894
1774364400,1.15893,1.15973,1.15741,1.15829
1774371600,1.15828,1.15926,1.15571,1.15823
1774378800,1.15822,1.16284,1.15822,1.16072
1774386000,1.16077,1.16191,1.15982,1.16141
1774393200,1.16142,1.16307,1.16087,1.16234
1774400400,1.16233,1.16244,1.16012,1.16042
1774407600,1.1604,1.16056,1.15974,1.15978
1774414800,1.15979,1.15999,1.1587,1.15964
1774422000,1.15961,1.16167,1.15884,1.16027
1774429200,1.16026,1.16095,1.15911,1.16046
1774436400,1.16046,1.16138,1.15864,1.15914
1774443600,1.1592,1.15989,1.15664,1.1586
1774450800,1.1586,1.15893,1.15553,1.15677
1774458000,1.15675,1.15837,1.15612,1.15665
1774465200,1.15664,1.15666,1.1556,1.15592
1774472400,1.15581,1.15626,1.15559,1.15603
1774479600,1.15604,1.15648,1.1554,1.15583
1774486800,1.15582,1.15671,1.15544,1.15589
1774494000,1.15587,1.15726,1.15577,1.15694
1774501200,1.15697,1.157,1.15516,1.15667
1774508400,1.15668,1.15668,1.15475,1.15597
1774515600,1.15593,1.15652,1.15525,1.15572
1774522800,1.15573,1.15588,1.15221,1.15353
1774530000,1.15352,1.1555,1.15349,1.15476
1774537200,1.15479,1.15513,1.1531,1.15357
1774544400,1.15356,1.15377,1.15252,1.15339
1774551600,1.15338,1.15587,1.15195,1.15293
1774558800,1.15256,1.15403,1.15247,1.15384
1774566000,1.15385,1.15399,1.15243,1.15307
1774573200,1.15308,1.15428,1.15299,1.15383
1774580400,1.15384,1.15439,1.15337,1.15429
1774587600,1.15424,1.15463,1.1534,1.15346
1774594800,1.15345,1.1535,1.15159,1.15208
1774602000,1.15204,1.15262,1.15102,1.15109
1774609200,1.15113,1.15182,1.15018,1.15151
1774616400,1.15152,1.15358,1.15142,1.15287
1774623600,1.15291,1.15479,1.15149,1.15191
1774630800,1.1519,1.15288,1.15063,1.15137
1774638000,1.15136,1.15207,1.15093,1.15123
1774818000,1.15009,1.15025,1.1488,1.14886
1774825200,1.14886,1.15126,1.14874,1.15069
1774832400,1.1507,1.15153,1.15014,1.15114
1774839600,1.15113,1.15213,1.15101,1.15138
1774846800,1.15136,1.15201,1.15095,1.15127
1774854000,1.15128,1.15129,1.14906,1.14962
1774861200,1.14963,1.14983,1.14837,1.14891
1774868400,1.14892,1.14999,1.1473,1.14829
1774875600,1.14827,1.1488,1.14551,1.1465
1774882800,1.14651,1.14659,1.14431,1.14602
1774890000,1.14602,1.14663,1.14556,1.14612
1774897200,1.14609,1.14631,1.14538,1.14618
1774904400,1.14641,1.14681,1.14557,1.14596
1774911600,1.14595,1.14761,1.14475,1.14747
1774918800,1.14746,1.1491,1.14731,1.14759
1774926000,1.1476,1.14764,1.14663,1.14692
1774933200,1.14693,1.14745,1.14605,1.14721
1774940400,1.14718,1.14757,1.14628,1.14671
1774947600,1.14671,1.14735,1.1458,1.14591
1774954800,1.1459,1.15098,1.14575,1.1503
1774962000,1.1503,1.15404,1.15008,1.15203
1774969200,1.15202,1.15595,1.15115,1.15405
1774976400,1.15404,1.15568,1.15384,1.15448
1774983600,1.15446,1.15636,1.15389,1.15531
1774990800,1.15502,1.15596,1.15502,1.15587
1774998000,1.15587,1.15789,1.1557,1.15746
1775005200,1.15748,1.15755,1.15551,1.15688
1775012400,1.15686,1.15687,1.15592,1.15653
1775019600,1.15654,1.15928,1.15622,1.15911
1775026800,1.15912,1.16107,1.15772,1.15963
1775034000,1.15964,1.16038,1.15808,1.15997
1775041200,1.15996,1.16234,1.1594,1.16047
1775048400,1.16049,1.16271,1.15989,1.16226
1775055600,1.1623,1.16272,1.16048,1.16192
1775062800,1.16193,1.16236,1.15772,1.1579
1775070000,1.15791,1.15921,1.15764,1.15905
1775077200,1.15842,1.15945,1.15819,1.15912
1775084400,1.15913,1.1598,1.15869,1.15957
1775091600,1.15955,1.16056,1.15439,1.15469
1775098800,1.1547,1.15492,1.15322,1.15371
1775106000,1.15373,1.15391,1.15152,1.15348
1775113200,1.15346,1.15378,1.15188,1.15255
1775120400,1.15256,1.15321,1.15112,1.15121
1775127600,1.15122,1.15313,1.15092,1.15247
1775134800,1.15252,1.15638,1.15203,1.15514
1775142000,1.15515,1.15586,1.15393,1.15395
1775149200,1.15394,1.15492,1.15332,1.15363
1775156400,1.15368,1.15436,1.15322,1.15388
1775163600,1.15332,1.15409,1.15323,1.154
1775170800,1.154,1.15453,1.1538,1.15382
1775178000,1.15383,1.154,1.1532,1.15362
1775185200,1.15363,1.15377,1.15338,1.15339
1775192400,1.1534,1.15408,1.15293,1.15397
1775199600,1.15398,1.15465,1.15394,1.15432
1775206800,1.1543,1.15491,1.15406,1.15448
1775214000,1.15451,1.15469,1.15175,1.15309
1775221200,1.15309,1.15387,1.15209,1.15212
1775228400,1.15211,1.15279,1.15187,1.15191
1775235600,1.15191,1.1522,1.1514,1.15145
1775242800,1.15145,1.15297,1.151,1.1514
1775422800,1.15209,1.15219,1.15053,1.15152
1775430000,1.15151,1.15184,1.15085,1.15117
1775437200,1.15118,1.15286,1.15064,1.15207
1775444400,1.15208,1.15252,1.15168,1.15243
1775451600,1.1524,1.15378,1.15221,1.15332
1775458800,1.15331,1.15688,1.15257,1.15552
1775466000,1.15556,1.15606,1.15377,1.1548
1775473200,1.15483,1.15547,1.15402,1.15535
1775480400,1.1554,1.15713,1.15426,1.15432
1775487600,1.15433,1.15482,1.15356,1.15451
1775494800,1.1545,1.15526,1.15341,1.15456
1775502000,1.15457,1.15469,1.15407,1.15432
1775509200,1.15394,1.15481,1.15383,1.15427
1775516400,1.15428,1.15439,1.15367,1.15376
1775523600,1.15376,1.15405,1.15242,1.15297
1775530800,1.15298,1.15389,1.15286,1.15385
1775538000,1.15386,1.15455,1.15302,1.15446
1775545200,1.15447,1.15756,1.15368,1.15736
1775552400,1.15734,1.15756,1.1546,1.15544
1775559600,1.15545,1.15696,1.15479,1.15604
1775566800,1.15608,1.1583,1.15559,1.1572
1775574000,1.15718,1.15795,1.1566,1.15717
1775581200,1.15718,1.15833,1.15663,1.15749
1775588400,1.15747,1.1605,1.1573,1.15972
1775595600,1.15937,1.16697,1.15888,1.16678
1775602800,1.16679,1.1697,1.16613,1.16719
1775610000,1.16718,1.16883,1.16688,1.16735
1775617200,1.16739,1.16812,1.16663,1.16764
1775624400,1.16765,1.17087,1.1672,1.16963
1775631600,1.16965,1.17001,1.1669,1.16811
1775638800,1.16813,1.16925,1.16776,1.16903
1775646000,1.16894,1.17182,1.16854,1.17142
1775653200,1.17139,1.17218,1.16872,1.16944
1775660400,1.16943,1.16966,1.16769,1.16818
1775667600,1.16819,1.16855,1.16496,1.16501
1775674800,1.16491,1.16705,1.16433,1.16624
1775682000,1.16543,1.16677,1.16536,1.16622
1775689200,1.16622,1.16632,1.1653,1.16571
1775696400,1.16572,1.16674,1.16504,1.16654
1775703600,1.16654,1.16712,1.16608,1.16666
1775710800,1.16665,1.16678,1.16544,1.16644
1775718000,1.16646,1.16749,1.16554,1.16722
1775725200,1.1672,1.16797,1.16685,1.16714
1775732400,1.16713,1.16901,1.16696,1.16862
1775739600,1.16866,1.16954,1.16744,1.16847
1775746800,1.16845,1.17142,1.16775,1.17107
1775754000,1.17106,1.17235,1.16976,1.16993
1775761200,1.16991,1.17087,1.16955,1.16985
1775768400,1.16959,1.17028,1.16923,1.16942
1775775600,1.16943,1.16962,1.16854,1.1688
1775782800,1.16883,1.16945,1.16861,1.16908
1775790000,1.16905,1.16967,1.16897,1.16921
1775797200,1.16919,1.16935,1.16834,1.16846
1775804400,1.16843,1.16899,1.16775,1.1686
1775811600,1.1687,1.17159,1.16847,1.17129
1775818800,1.17128,1.17257,1.17095,1.17208
1775826000,1.172,1.17383,1.17186,1.1728
1775833200,1.17278,1.17395,1.17137,1.17204
1775840400,1.17206,1.17356,1.17187,1.17316
1775847600,1.17314,1.17325,1.17268,1.173
1776027600,1.16694,1.16799,1.16622,1.16725
1776034800,1.16724,1.16878,1.16641,1.16876
1776042000,1.16877,1.16903,1.16804,1.16884
1776049200,1.16888,1.16903,1.16858,1.16862
1776056400,1.16863,1.16951,1.16777,1.16855
1776063600,1.16856,1.17002,1.16835,1.16862
1776070800,1.1686,1.16952,1.16825,1.16935
1776078000,1.16945,1.16997,1.16808,1.16986
1776085200,1.16984,1.17207,1.16964,1.17102
1776092400,1.17101,1.17313,1.17027,1.17253
1776099600,1.17252,1.17655,1.17247,1.17646
1776106800,1.1764,1.17651,1.17539,1.17587
1776114000,1.17513,1.17649,1.17507,1.17616
1776121200,1.17615,1.1768,1.1761,1.17664
1776128400,1.17665,1.17679,1.17564,1.17608
1776135600,1.17607,1.177,1.17591,1.17669
1776142800,1.17668,1.17785,1.17581,1.17782
1776150000,1.17784,1.17967,1.17753,1.17828
1776157200,1.1783,1.17989,1.17818,1.17967
1776164400,1.17966,1.18063,1.17927,1.18045
1776171600,1.18041,1.1811,1.17932,1.18087
1776178800,1.18085,1.18085,1.17875,1.1794
1776186000,1.17942,1.17996,1.17906,1.17932
1776193200,1.17931,1.17957,1.17906,1.17949
1776200400,1.17934,1.17995,1.17881,1.17952
1776207600,1.17951,1.18019,1.17893,1.1794
1776214800,1.17939,1.17968,1.17788,1.17835
1776222000,1.17837,1.17897,1.17802,1.17887
1776229200,1.17886,1.17993,1.17838,1.17843
1776236400,1.1784,1.17955,1.17827,1.17895
1776243600,1.17893,1.17915,1.1772,1.1777
1776250800,1.17772,1.17927,1.17734,1.17881
1776258000,1.1788,1.18002,1.17841,1.17966
1776265200,1.17965,1.18082,1.17944,1.1801
1776272400,1.18012,1.18021,1.17926,1.18006
1776279600,1.18005,1.18047,1.17953,1.17993
1776286800,1.17994,1.18035,1.17946,1.18025
1776294000,1.18026,1.18086,1.18026,1.18073
1776301200,1.18072,1.18177,1.17969,1.18172
1776308400,1.18171,1.18239,1.18082,1.18094
1776315600,1.18095,1.181,1.17936,1.18034
1776322800,1.18041,1.18049,1.17766,1.17861
1776330000,1.17862,1.17877,1.17721,1.178
1776337200,1.17803,1.17888,1.17762,1.17815
1776344400,1.17817,1.17838,1.17671,1.17718
1776351600,1.17717,1.17873,1.17689,1.1775
1776358800,1.17751,1.1781,1.17682,1.17798
1776366000,1.17805,1.17859,1.17786,1.17822
1776373200,1.17721,1.17875,1.17719,1.17854
1776380400,1.17853,1.17865,1.1777,1.17791
1776387600,1.1779,1.178,1.17731,1.17772
1776394800,1.17775,1.17854,1.17753,1.17826
1776402000,1.17827,1.17845,1.17722,1.17748
1776409200,1.1775,1.17955,1.1775,1.17939
1776416400,1.17938,1.17994,1.1791,1.17943
1776423600,1.17945,1.18371,1.17919,1.18354
1776430800,1.18353,1.18491,1.18134,1.18136
1776438000,1.18133,1.18166,1.17921,1.17989
1776445200,1.17988,1.17988,1.17742,1.17798
1776452400,1.17799,1.17838,1.17606,1.17631
1776632400,1.17369,1.17408,1.17291,1.174
1776639600,1.17398,1.1757,1.17364,1.17546
1776646800,1.17545,1.17618,1.17505,1.17571
1776654000,1.1757,1.17626,1.17544,1.17592
1776661200,1.17591,1.17655,1.17467,1.17652
1776668400,1.17658,1.17719,1.17537,1.17612
1776675600,1.17611,1.17712,1.17554,1.17707
1776682800,1.17709,1.17755,1.1756,1.17652
1776690000,1.17656,1.17816,1.17609,1.17721
1776697200,1.1772,1.17896,1.17682,1.17858
1776704400,1.17859,1.17904,1.17789,1.17803
1776711600,1.17802,1.17889,1.17797,1.17867
1776718800,1.17826,1.17906,1.17826,1.17904
1776726000,1.17903,1.17912,1.17808,1.17829
1776733200,1.1783,1.17863,1.17769,1.17794
1776740400,1.17795,1.17797,1.17733,1.17756
1776747600,1.17757,1.17824,1.17719,1.17746
1776754800,1.17742,1.17771,1.17569,1.17652
1776762000,1.17647,1.17649,1.17564,1.1761
1776769200,1.17611,1.17685,1.17541,1.17594
1776776400,1.17596,1.1776,1.17518,1.17523
1776783600,1.17524,1.17599,1.17406,1.17417
1776790800,1.17416,1.17635,1.17203,1.17406
1776798000,1.17407,1.17533,1.17193,1.17434
1776805200,1.17411,1.17497,1.17303,1.17389
1776812400,1.17388,1.17514,1.17374,1.17439
1776819600,1.17439,1.17485,1.17386,1.17407
1776826800,1.17406,1.17427,1.17376,1.17395
1776834000,1.17396,1.17626,1.1739,1.17495
1776841200,1.17494,1.17591,1.1746,1.17537
1776848400,1.17538,1.17575,1.17435,1.17516
1776855600,1.17515,1.17516,1.17245,1.17278
1776862800,1.17277,1.17432,1.17183,1.17187
1776870000,1.17185,1.1724,1.171,1.17126
1776877200,1.17127,1.17169,1.17076,1.17089
1776884400,1.1709,1.17112,1.17031,1.17066
1776891600,1.17038,1.1709,1.17036,1.17064
1776898800,1.17067,1.17137,1.16923,1.17118
1776906000,1.17119,1.17132,1.16959,1.16974
1776913200,1.16974,1.17018,1.16949,1.17001
1776920400,1.17,1.17093,1.16996,1.17036
1776927600,1.17035,1.1712,1.16955,1.17017
1776934800,1.17016,1.17025,1.16802,1.16822
1776942000,1.16823,1.16982,1.16791,1.1692
1776949200,1.16922,1.17165,1.16831,1.17105
1776956400,1.17104,1.17157,1.16984,1.17022
1776963600,1.17023,1.17029,1.1669,1.16895
1776970800,1.16893,1.16904,1.16806,1.16828
1776978000,1.1683,1.16869,1.16759,1.16861
1776985200,1.1686,1.16885,1.16819,1.16854
1776992400,1.16853,1.1689,1.16779,1.16791
1776999600,1.1679,1.16817,1.16729,1.16792
1777006800,1.16793,1.16838,1.16765,1.16787
1777014000,1.16786,1.16959,1.16761,1.16899
1777021200,1.16898,1.17037,1.1684,1.17032
1777028400,1.17033,1.17187,1.17027,1.17088
1777035600,1.17089,1.17167,1.16987,1.17065
1777042800,1.17064,1.17198,1.17008,1.17191
1777050000,1.1719,1.17213,1.1711,1.17178
1777057200,1.1718,1.17226,1.17155,1.17221
1777237200,1.16899,1.17126,1.16899,1.1708
1777244400,1.17079,1.17171,1.17054,1.17161
1777251600,1.17163,1.17284,1.17163,1.17266
1777258800,1.17264,1.17326,1.17251,1.17269
1777266000,1.17267,1.17299,1.17167,1.17299
1777273200,1.17296,1.1751,1.1729,1.17485
1777280400,1.17484,1.17509,1.17386,1.17462
1777287600,1.17461,1.1755,1.17377,1.17443
1777294800,1.17446,1.17541,1.17334,1.17362
1777302000,1.17363,1.1737,1.17252,1.17261
1777309200,1.17259,1.17302,1.1719,1.172
1777316400,1.17199,1.17257,1.17191,1.17204
1777323600,1.17204,1.17233,1.17185,1.17223
1777330800,1.17222,1.1727,1.17171,1.17188
1777338000,1.17186,1.17188,1.17079,1.17086
1777345200,1.17086,1.17179,1.17082,1.17125
1777352400,1.17124,1.17135,1.16872,1.16875
1777359600,1.16873,1.17078,1.16858,1.17022
1777366800,1.17021,1.17023,1.16863,1.16933
1777374000,1.16932,1.17001,1.16774,1.16968
1777381200,1.16969,1.17038,1.16886,1.17009
1777388400,1.17007,1.17171,1.17007,1.17106
1777395600,1.17105,1.17179,1.17063,1.17117
1777402800,1.17118,1.17153,1.17069,1.17124
1777410000,1.1708,1.17185,1.17079,1.17156
1777417200,1.17157,1.17208,1.17145,1.17158
1777424400,1.17159,1.1717,1.1707,1.17076
1777431600,1.17077,1.17108,1.17046,1.17057
1777438800,1.17055,1.17059,1.16963,1.16999
1777446000,1.16998,1.17082,1.16936,1.17002
1777453200,1.17003,1.17094,1.16959,1.17093
1777460400,1.17095,1.17099,1.16932,1.16989
1777467600,1.1699,1.17034,1.16823,1.1701
1777474800,1.17011,1.17041,1.16836,1.16848
1777482000,1.16847,1.16897,1.16614,1.16723
1777489200,1.16721,1.16804,1.16671,1.16754
1777496400,1.16714,1.16788,1.16676,1.1678
1777503600,1.16779,1.16893,1.16759,1.16794
1777510800,1.1679,1.16817,1.16625,1.16669
1777518000,1.16672,1.16711,1.16552,1.16601
1777525200,1.16602,1.16707,1.16577,1.16702
1777532400,1.167,1.16975,1.16698,1.16799
1777539600,1.16794,1.17155,1.16734,1.17148
1777546800,1.17147,1.17196,1.16894,1.16928
1777554000,1.16927,1.17334,1.16818,1.17278
1777561200,1.17275,1.17358,1.17227,1.17255
1777568400,1.17256,1.17401,1.17223,1.17365
1777575600,1.17362,1.17415,1.17295,1.17309
1777582800,1.17276,1.17361,1.17276,1.17315
1777590000,1.17314,1.17333,1.1724,1.17277
1777597200,1.17276,1.17342,1.17253,1.17337
1777604400,1.17336,1.17365,1.17256,1.17268
1777611600,1.17269,1.1745,1.17186,1.17356
1777618800,1.17356,1.17481,1.17314,1.17436
1777626000,1.17439,1.1746,1.17306,1.17448
1777633200,1.17454,1.1769,1.17439,1.17575
1777640400,1.17572,1.17852,1.1744,1.17675
1777647600,1.17676,1.17709,1.17379,1.17384
1777654800,1.17383,1.17406,1.17195,1.17274
1777662000,1.17275,1.17285,1.17155,1.17203
1777842000,1.1744,1.17481,1.17268,1.17332
1777849200,1.17334,1.17334,1.17216,1.17272
1777856400,1.17271,1.17292,1.17202,1.17277
1777863600,1.17271,1.17388,1.17244,1.17292
1777870800,1.17293,1.17373,1.17216,1.17288
1777878000,1.17287,1.17293,1.17114,1.17193
1777885200,1.17194,1.17235,1.1689,1.17052
1777892400,1.17053,1.17126,1.16922,1.17092
1777899600,1.17092,1.1718,1.17022,1.17073
1777906800,1.17073,1.17158,1.16811,1.16823
1777914000,1.16824,1.16978,1.16818,1.1697
1777921200,1.16971,1.17023,1.1687,1.16919
1777928400,1.16868,1.16919,1.16854,1.16901
1777935600,1.169,1.1694,1.16848,1.16864
1777942800,1.16865,1.16915,1.16796,1.16875
1777950000,1.16873,1.16882,1.1677,1.16777
1777957200,1.16775,1.16896,1.16764,1.16859
1777964400,1.16861,1.16967,1.1685,1.16889
1777971600,1.1689,1.16976,1.16812,1.16896
1777978800,1.16894,1.16978,1.16834,1.16925
1777986000,1.16926,1.1706,1.16914,1.17057
1777993200,1.17058,1.17136,1.16981,1.16993
1778000400,1.16994,1.17043,1.1696,1.17
1778007600,1.17003,1.17013,1.16923,1.16929
1778014800,1.16915,1.17095,1.16905,1.17055
1778022000,1.17057,1.17256,1.1705,1.17202
1778029200,1.172,1.17261,1.17156,1.17174
1778036400,1.17173,1.1743,1.17162,1.17369
1778043600,1.17366,1.17383,1.17284,1.17333
1778050800,1.17336,1.17709,1.17245,1.17628
1778058000,1.17625,1.17966,1.17561,1.17892
1778065200,1.17887,1.17918,1.1752,1.17539
1778072400,1.17538,1.17631,1.17449,1.17553
1778079600,1.17552,1.17587,1.17419,1.17444
1778086800,1.17444,1.17557,1.17428,1.17494
1778094000,1.17494,1.17558,1.17451,1.17485
1778101200,1.17438,1.17516,1.1743,1.17508
1778108400,1.17506,1.17542,1.17465,1.17486
1778115600,1.17488,1.17635,1.17465,1.17562
1778122800,1.17561,1.17567,1.17475,1.17509
1778130000,1.17508,1.17567,1.17449,1.17481
1778137200,1.17481,1.17743,1.17481,1.17719
1778144400,1.1772,1.17782,1.17651,1.17672
1778151600,1.17671,1.17781,1.17623,1.17729
1778158800,1.17727,1.17775,1.17641,1.17757
1778166000,1.17758,1.1778,1.17565,1.17606
1778173200,1.1761,1.17611,1.17357,1.17503
1778180400,1.17509,1.17543,1.17224,1.17232
1778187600,1.17245,1.17317,1.17202,1.17254
1778194800,1.17253,1.17349,1.17246,1.1727
1778202000,1.17272,1.17337,1.17244,1.17275
1778209200,1.17276,1.17358,1.17267,1.17354
1778216400,1.17352,1.17484,1.17326,1.17444
1778223600,1.17442,1.17658,1.17418,1.17637
1778230800,1.17637,1.17736,1.17614,1.1764
1778238000,1.17638,1.17788,1.17573,1.17741
1778245200,1.1774,1.17871,1.17664,1.17744
1778252400,1.17743,1.17787,1.17668,1.17713
1778259600,1.17712,1.17816,1.17706,1.17786
1778266800,1.17781,1.17879,1.17768,1.17872
1778446800,1.17435,1.17678,1.17435,1.17641
1778454000,1.1764,1.17719,1.17636,1.177
1778461200,1.17698,1.17713,1.17591,1.17595
1778468400,1.17593,1.17595,1.17502,1.17507
1778475600,1.17506,1.17682,1.17487,1.17677
1778482800,1.17687,1.17823,1.17647,1.17713
1778490000,1.17716,1.17747,1.17646,1.1769
1778497200,1.17696,1.17747,1.17634,1.17745
1778504400,1.17747,1.17879,1.17744,1.17796
1778511600,1.17794,1.17855,1.17724,1.17734
1778518800,1.17735,1.17806,1.17711,1.17749
1778526000,1.17745,1.17831,1.17738,1.1782
1778533200,1.17773,1.1788,1.17772,1.17853
1778540400,1.17854,1.17856,1.17664,1.17671
1778547600,1.17665,1.17692,1.17576,1.17625
1778554800,1.17624,1.17631,1.17547,1.17572
1778562000,1.17571,1.17672,1.17498,1.17505
1778569200,1.17504,1.17533,1.17395,1.17448
1778576400,1.17447,1.17516,1.17406,1.17409
1778583600,1.1741,1.175,1.17346,1.17479
1778590800,1.1748,1.175,1.1727,1.17361
1778598000,1.17362,1.17388,1.1722,1.17285
1778605200,1.17288,1.17413,1.17272,1.17404
1778612400,1.17406,1.17469,1.17378,1.17405
1778619600,1.17351,1.17403,1.1734,1.17395
1778626800,1.17396,1.17414,1.1733,1.17382
1778634000,1.17383,1.17419,1.1732,1.17367
1778641200,1.17368,1.17379,1.17321,1.17346
1778648400,1.17345,1.1737,1.17178,1.17199
1778655600,1.17203,1.17232,1.17003,1.17025
1778662800,1.17029,1.17146,1.16952,1.17127
1778670000,1.17128,1.17173,1.16972,1.1702
1778677200,1.17019,1.17125,1.1701,1.17077
1778684400,1.17076,1.17181,1.17074,1.17087
1778691600,1.17084,1.17108,1.1704,1.17078
1778698800,1.17075,1.17139,1.17075,1.17135
1778706000,1.17039,1.17188,1.17039,1.17175
1778713200,1.17175,1.17186,1.17142,1.17171
1778720400,1.17169,1.17176,1.17115,1.17124
1778727600,1.17122,1.17175,1.17096,1.17144
1778734800,1.17146,1.17215,1.17069,1.17183
1778742000,1.1718,1.17187,1.1705,1.17111
1778749200,1.17112,1.17132,1.17048,1.17088
1778756400,1.17089,1.17089,1.16961,1.16973
1778763600,1.16974,1.17002,1.16786,1.16788
1778770800,1.16785,1.16817,1.16707,1.16763
1778778000,1.16764,1.16808,1.16737,1.16773
1778785200,1.16774,1.16791,1.16658,1.1669
1778792400,1.16667,1.16727,1.16664,1.16697
1778799600,1.16698,1.16699,1.16522,1.16554
1778806800,1.16552,1.16575,1.16457,1.16535
1778814000,1.16534,1.16553,1.16465,1.16472
1778821200,1.16473,1.16481,1.16323,1.1635
1778828400,1.16349,1.1649,1.16302,1.16329
1778835600,1.16331,1.16555,1.16173,1.16492
1778842800,1.16491,1.16502,1.16189,1.16264
1778850000,1.16266,1.16378,1.1619,1.16294
1778857200,1.16296,1.16314,1.16204,1.16302
1778864400,1.16301,1.16358,1.16169,1.16219
1778871600,1.16227,1.16258,1.16191,1.16237
1779051600,1.16163,1.16246,1.16149,1.1623
1779058800,1.16231,1.16236,1.16084,1.16117
1779066000,1.16115,1.16198,1.16084,1.16156
1779073200,1.16155,1.16263,1.16152,1.16207
1779080400,1.16208,1.16366,1.16167,1.16359
1779087600,1.16364,1.16456,1.16292,1.16417
1779094800,1.16414,1.16429,1.16265,1.1627
1779102000,1.16269,1.16575,1.16268,1.16513
1779109200,1.16512,1.16562,1.16413,1.16419
1779116400,1.16418,1.16563,1.16334,1.16516
1779123600,1.16517,1.16536,1.16287,1.16294
1779130800,1.16295,1.16608,1.16293,1.16563
1779138000,1.16537,1.1662,1.16477,1.16578
1779145200,1.1658,1.16585,1.16437,1.16447
1779152400,1.16446,1.16529,1.16407,1.16433
1779159600,1.16431,1.16458,1.16352,1.16367
1779166800,1.16368,1.16459,1.16338,1.16366
1779174000,1.1636,1.16377,1.16224,1.16232
1779181200,1.16233,1.16267,1.16112,1.1622
1779188400,1.16222,1.1624,1.16152,1.16172
1779195600,1.16167,1.16181,1.15949,1.15957
1779202800,1.15958,1.16093,1.15923,1.1607
1779210000,1.16071,1.16147,1.16028,1.16033
1779217200,1.16032,1.16081,1.16025,1.16065
1779224400,1.16002,1.1609,1.15991,1.16089
1779231600,1.16087,1.1613,1.16009,1.16013
1779238800,1.16009,1.16028,1.15935,1.1598
1779246000,1.15979,1.16069,1.15953,1.15973
1779253200,1.15972,1.1606,1.15917,1.15966
1779260400,1.15965,1.16016,1.15834,1.15903
1779267600,1.15901,1.1603,1.15873,1.16012
1779274800,1.1601,1.16056,1.15938,1.15955
1779282000,1.15954,1.16242,1.15824,1.16183
1779289200,1.1618,1.16451,1.16129,1.16255
1779296400,1.16257,1.16357,1.1616,1.1631
1779303600,1.16306,1.16352,1.16233,1.16254
1779310800,1.1618,1.16281,1.16169,1.16265
1779318000,1.16262,1.16291,1.16225,1.16286
1779325200,1.16287,1.16353,1.16158,1.16177
1779332400,1.16178,1.16235,1.16175,1.16223
1779339600,1.16221,1.16266,1.16157,1.16203
1779346800,1.16204,1.16357,1.15942,1.16235
1779354000,1.16236,1.16334,1.15996,1.16073
1779361200,1.16075,1.16161,1.15933,1.15974
1779368400,1.15967,1.1601,1.15763,1.1593
1779375600,1.15928,1.15965,1.15821,1.15955
1779382800,1.15954,1.16301,1.15927,1.16115
1779390000,1.16108,1.16243,1.161,1.16173
1779397200,1.16154,1.16204,1.16122,1.16176
1779404400,1.16175,1.16193,1.16124,1.16143
1779411600,1.1614,1.16159,1.16097,1.16117
1779418800,1.16117,1.16156,1.16087,1.16154
1779426000,1.16152,1.1617,1.16053,1.16099
1779433200,1.16098,1.16158,1.16013,1.16079
1779440400,1.16078,1.16081,1.15952,1.15975
1779447600,1.15974,1.16071,1.15933,1.16044
1779454800,1.1605,1.16184,1.15882,1.1598
1779462000,1.15979,1.16112,1.15957,1.1611
1779469200,1.16111,1.16192,1.16088,1.16119
1779476400,1.16114,1.1614,1.15982,1.16027
1779656400,1.16362,1.1645,1.16287,1.16433
1779663600,1.16431,1.16491,1.16353,1.16366
1779670800,1.16367,1.16471,1.16354,1.16378
1779678000,1.16376,1.16438,1.16354,1.1642
1779685200,1.16419,1.16454,1.16376,1.1641
1779692400,1.16414,1.16445,1.16296,1.16437
1779699600,1.16436,1.16454,1.16402,1.16429
1779706800,1.1643,1.16529,1.16403,1.16484
1779714000,1.16483,1.16499,1.16384,1.16421
1779721200,1.16422,1.16483,1.16367,1.16412
1779728400,1.16411,1.16441,1.16402,1.16436
1779735600,1.16434,1.16438,1.16413,1.16431
1779742800,1.16376,1.16424,1.16342,1.16409
1779750000,1.16408,1.16432,1.16338,1.16388
1779757200,1.16387,1.16399,1.16304,1.16339
1779764400,1.1634,1.16373,1.16296,1.16296
1779771600,1.16299,1.16377,1.16272,1.16352
1779778800,1.16351,1.16422,1.16242,1.16366
1779786000,1.16369,1.16452,1.16327,1.16415
1779793200,1.16416,1.1645,1.16312,1.1632
1779800400,1.16318,1.1633,1.16174,1.16251
1779807600,1.1625,1.16294,1.16164,1.16242
1779814800,1.1624,1.16311,1.16212,1.16295
1779822000,1.16294,1.1633,1.16273,1.16319
1779829200,1.16229,1.16336,1.1622,1.16334
1779836400,1.16335,1.16406,1.16331,1.16381
1779843600,1.1638,1.16394,1.16327,1.16384
1779850800,1.16383,1.16425,1.16367,1.16413
1779858000,1.16412,1.16494,1.16372,1.16456
1779865200,1.16459,1.1649,1.16383,1.16447
1779872400,1.16447,1.16487,1.16359,1.16391
1779879600,1.16394,1.1661,1.16329,1.1644
1779886800,1.16438,1.16524,1.16251,1.16256
1779894000,1.16254,1.16363,1.16226,1.16323
1779901200,1.16324,1.16331,1.16222,1.16295
1779908400,1.16295,1.16321,1.16256,1.1626
1779915600,1.16222,1.16305,1.16221,1.1626
1779922800,1.16259,1.16287,1.16155,1.16208
1779930000,1.16205,1.16213,1.16092,1.16127
1779937200,1.16128,1.16139,1.15863,1.15918
1779944400,1.15919,1.16123,1.15889,1.16101
1779951600,1.16108,1.16176,1.16068,1.16158
1779958800,1.16157,1.16193,1.16039,1.16041
1779966000,1.16037,1.16383,1.16034,1.16364
1779973200,1.16367,1.16579,1.16269,1.16475
1779980400,1.16477,1.16608,1.16455,1.16567
1779987600,1.16569,1.16575,1.16466,1.1648
1779994800,1.16479,1.16516,1.16449,1.16494
1780002000,1.16478,1.16524,1.16463,1.16503
1780009200,1.16502,1.16556,1.16475,1.16486
1780016400,1.16487,1.16567,1.16433,1.16448
1780023600,1.16449,1.16452,1.16343,1.16392
1780030800,1.16393,1.16544,1.16381,1.16534
1780038000,1.16533,1.16535,1.1625,1.16283
1780045200,1.16284,1.16453,1.16264,1.16431
1780052400,1.16428,1.16492,1.16395,1.16489
1780059600,1.1649,1.16747,1.16404,1.16686
1780066800,1.16685,1.16858,1.16667,1.16723
1780074000,1.16722,1.16735,1.16607,1.16643
1780081200,1.16642,1.16694,1.16595,1.16597
1780261200,1.16526,1.16598,1.16511,1.16545
1780268400,1.16543,1.16559,1.16451,1.16479
1780275600,1.16478,1.16483,1.16419,1.16466
1780282800,1.16467,1.16492,1.16414,1.16483
1780290000,1.16481,1.1665,1.1648,1.16648
1780297200,1.16643,1.16648,1.16516,1.1658
1780304400,1.16579,1.16608,1.16459,1.16476
1780311600,1.16477,1.16506,1.16418,1.16473
1780318800,1.16474,1.16484,1.16069,1.16175
1780326000,1.16176,1.16304,1.16153,1.16299
1780333200,1.16301,1.16376,1.16251,1.1631
1780340400,1.16309,1.1634,1.16268,1.16323
1780347600,1.16251,1.16354,1.16251,1.16337
1780354800,1.16338,1.16364,1.16294,1.16313
1780362000,1.16315,1.1637,1.16284,1.16307
1780369200,1.16308,1.1639,1.16306,1.16379
1780376400,1.16378,1.16523,1.16361,1.16504
1780383600,1.16506,1.16526,1.16419,1.16437
1780390800,1.16436,1.16461,1.16384,1.16436
1780398000,1.16438,1.16558,1.16435,1.16506
1780405200,1.16505,1.16524,1.16361,1.16438
1780412400,1.16436,1.16453,1.16268,1.16286
1780419600,1.16285,1.163,1.16136,1.16286
1780426800,1.16289,1.16349,1.16286,1.16314
1780434000,1.16249,1.16309,1.16248,1.16267
1780441200,1.16268,1.16308,1.16197,1.16288
1780448400,1.16289,1.16335,1.16251,1.16282
1780455600,1.16283,1.16297,1.16239,1.16257
1780462800,1.16256,1.16273,1.16125,1.16163
1780470000,1.16162,1.16246,1.1605,1.16083
1780477200,1.16084,1.16229,1.16081,1.16161
1780484400,1.16162,1.16228,1.15969,1.16004
1780491600,1.16004,1.16124,1.15948,1.16124
1780498800,1.16125,1.1613,1.15951,1.16002
1780506000,1.16003,1.16033,1.15953,1.15983
1780513200,1.1598,1.1601,1.1597,1.15984
1780520400,1.15943,1.16121,1.15943,1.16058
1780527600,1.16059,1.16126,1.16015,1.16068
1780534800,1.16067,1.16114,1.1604,1.161
1780542000,1.16102,1.16127,1.16025,1.16098
1780549200,1.16095,1.1615,1.16053,1.16106
1780556400,1.16105,1.16142,1.15986,1.16134
1780563600,1.16132,1.16344,1.16132,1.16306
1780570800,1.16304,1.16451,1.163,1.16372
1780578000,1.1637,1.16399,1.16289,1.16305
1780585200,1.16307,1.16315,1.16225,1.16234
1780592400,1.16235,1.16241,1.16133,1.16149
1780599600,1.1615,1.16162,1.16081,1.1611
1780606800,1.16079,1.16154,1.16079,1.16121
1780614000,1.16121,1.16142,1.1611,1.16128
1780621200,1.16129,1.16168,1.16097,1.1614
1780628400,1.16142,1.1617,1.16135,1.16162
1780635600,1.16163,1.16228,1.16126,1.16224
1780642800,1.16219,1.164,1.16216,1.16366
1780650000,1.16368,1.16443,1.16345,1.16403
1780657200,1.16401,1.16431,1.15862,1.15864
1780664400,1.15859,1.15994,1.15496,1.15592
1780671600,1.15591,1.15602,1.15223,1.15323
1780678800,1.1533,1.15332,1.15195,1.15229
1780686000,1.15228,1.15273,1.1518,1.15224
1780866000,1.15085,1.1519,1.15078,1.15132
1780873200,1.15133,1.15337,1.15133,1.15335
1780880400,1.15334,1.15349,1.15119,1.15285
1780887600,1.15287,1.1534,1.15258,1.15315
1780894800,1.15316,1.154,1.15137,1.15153
1780902000,1.15158,1.15268,1.15079,1.15082
1780909200,1.15084,1.15318,1.14996,1.15244
1780916400,1.15246,1.1544,1.15235,1.1542
1780923600,1.15421,1.15549,1.15318,1.15429
1780930800,1.15431,1.15478,1.15366,1.15389
1780938000,1.15388,1.15422,1.15278,1.15283
1780945200,1.15284,1.15344,1.15281,1.15319
1780952400,1.15348,1.1539,1.15322,1.15336
1780959600,1.15337,1.15344,1.1527,1.15314
1780966800,1.15313,1.15404,1.15305,1.15377
1780974000,1.15372,1.15484,1.15349,1.15455
1780981200,1.15457,1.15535,1.15397,1.1544
1780988400,1.15439,1.15528,1.15365,1.15506
1780995600,1.15507,1.1569,1.15503,1.15653
1781002800,1.15654,1.15751,1.15651,1.15738
1781010000,1.15741,1.1578,1.1558,1.15623
1781017200,1.15624,1.15675,1.15286,1.15408
1781024400,1.15413,1.15532,1.15402,1.15499
1781031600,1.155,1.15505,1.15395,1.15436
1781038800,1.15415,1.15429,1.1535,1.15365
1781046000,1.15367,1.15431,1.1533,1.15423
1781053200,1.15424,1.15451,1.15354,1.15427
1781060400,1.15426,1.15522,1.15423,1.15464
1781067600,1.15463,1.15584,1.15453,1.15488
1781074800,1.15485,1.15588,1.15467,1.15538
1781082000,1.15537,1.15598,1.15504,1.15521
1781089200,1.15518,1.15648,1.15355,1.15486
1781096400,1.1548,1.15733,1.15475,1.15524
1781103600,1.15522,1.15595,1.15342,1.1554
1781110800,1.15541,1.15579,1.15446,1.15484
1781118000,1.15487,1.15489,1.15348,1.15358
1781125200,1.15342,1.15389,1.15282,1.15299
1781132400,1.153,1.15429,1.15252,1.15425
1781139600,1.15426,1.1556,1.15415,1.15482
1781146800,1.1548,1.15505,1.15425,1.15482
1781154000,1.15483,1.15514,1.15403,1.15416
1781161200,1.15422,1.15555,1.15306,1.15322
1781168400,1.15324,1.1537,1.1523,1.15314
1781175600,1.15311,1.15437,1.15166,1.15398
1781182800,1.15404,1.15407,1.15148,1.15193
1781190000,1.15194,1.15245,1.15075,1.15091
1781197200,1.15088,1.15665,1.15028,1.1558
1781204400,1.15581,1.15896,1.1558,1.15787
1781211600,1.15751,1.15851,1.15731,1.15851
1781218800,1.15852,1.15865,1.15661,1.15698
1781226000,1.15697,1.15705,1.15615,1.15668
1781233200,1.15669,1.15753,1.15651,1.15717
1781240400,1.15715,1.15744,1.15575,1.15731
1781247600,1.15735,1.15857,1.15571,1.15768
1781254800,1.15769,1.15895,1.15689,1.15741
1781262000,1.15742,1.15795,1.15601,1.15636
1781269200,1.15637,1.15791,1.15617,1.15735
1781276400,1.15734,1.15837,1.15694,1.15748
1781283600,1.1575,1.15786,1.15717,1.15748
1781290800,1.15747,1.15777,1.15666,1.15678
1781470800,1.15711,1.16177,1.1571,1.16087
1781478000,1.16084,1.16119,1.15979,1.15989
1781485200,1.15987,1.16016,1.15941,1.15996
1781492400,1.15995,1.16134,1.15983,1.16128
1781499600,1.16129,1.16221,1.16009,1.16065
1781506800,1.16066,1.16105,1.15971,1.16015
1781514000,1.16016,1.16146,1.16007,1.16105
1781521200,1.16106,1.16198,1.16045,1.16157
1781528400,1.16156,1.16206,1.16056,1.16079
1781535600,1.16079,1.16079,1.15966,1.16035
1781542800,1.16037,1.16041,1.1594,1.15946
1781550000,1.15945,1.15963,1.15836,1.15896
1781557200,1.15878,1.15926,1.15855,1.15887
1781564400,1.15886,1.15937,1.15878,1.15929
1781571600,1.15928,1.15952,1.15827,1.1588
1781578800,1.15878,1.15888,1.15758,1.1579
1781586000,1.15791,1.15876,1.15749,1.15873
1781593200,1.15875,1.16068,1.15851,1.16057
1781600400,1.16057,1.1613,1.15999,1.16118
1781607600,1.16117,1.16119,1.15913,1.15997
1781614800,1.15995,1.16085,1.15879,1.16069
1781622000,1.16072,1.16198,1.15999,1.16133
1781629200,1.16131,1.16143,1.16064,1.16105
1781636400,1.16106,1.16139,1.1606,1.16084
1781643600,1.1605,1.16131,1.16047,1.16125
1781650800,1.16123,1.16167,1.16087,1.16147
1781658000,1.16146,1.16161,1.16092,1.16092
1781665200,1.16093,1.16136,1.16084,1.16123
1781672400,1.16124,1.16152,1.16038,1.16081
1781679600,1.16079,1.16149,1.15983,1.1602
1781686800,1.16018,1.16061,1.15955,1.15973
1781694000,1.15972,1.16028,1.15852,1.16022
1781701200,1.16019,1.16029,1.1581,1.15893
1781708400,1.15892,1.15941,1.1587,1.15916
1781715600,1.15917,1.15964,1.15357,1.15387
1781722800,1.15383,1.1542,1.14779,1.15016
1781730000,1.14997,1.15057,1.14994,1.15047
1781737200,1.15046,1.15207,1.15036,1.15156
1781744400,1.15154,1.15224,1.15129,1.15179
1781751600,1.1518,1.15263,1.15178,1.15231
1781758800,1.15232,1.15284,1.15103,1.15201
1781766000,1.15198,1.15225,1.14821,1.14828
1781773200,1.14834,1.1486,1.14596,1.14607
1781780400,1.1461,1.14816,1.14533,1.14694
1781787600,1.14693,1.14876,1.1463,1.14864
1781794800,1.14866,1.14875,1.14618,1.14652
1781802000,1.14653,1.14736,1.1459,1.14592
1781809200,1.14596,1.14633,1.14513,1.14573
1781816400,1.14622,1.1465,1.14548,1.14633
1781823600,1.14635,1.14656,1.14571,1.1462
1781830800,1.14621,1.14635,1.14517,1.14546
1781838000,1.14545,1.14547,1.14273,1.1429
1781845200,1.14288,1.14423,1.14178,1.14421
1781852400,1.14419,1.14659,1.14418,1.14645
1781859600,1.14643,1.14648,1.14525,1.14624
1781866800,1.14625,1.14747,1.14591,1.1471
1781874000,1.14711,1.14725,1.14568,1.14686
1781881200,1.14685,1.1476,1.14619,1.1469
1781888400,1.14695,1.14807,1.14674,1.14768
1781895600,1.14766,1.14785,1.14708,1.14723