time,open,high,low,close,Volume
1585803600,107.482,107.483,107.144,107.33,15839
1585810800,107.331,107.413,107.178,107.307,14034
1585818000,107.307,107.446,107.253,107.428,11588
1585825200,107.428,107.43,107.019,107.19,16609
1585832400,107.189,108.034,107.126,107.939,28102
1585839600,107.938,108.093,107.619,107.966,22763
1585846800,107.967,108,107.829,107.832,20872
1585854000,107.831,107.965,107.811,107.878,14836
1585861200,107.897,108.127,107.809,108.127,3811
1585868400,108.127,108.199,107.907,108.063,14804
1585875600,108.062,108.12,107.802,107.91,12544
1585882800,107.909,108.036,107.893,107.978,10065
1585890000,107.976,108.038,107.825,107.975,10366
1585897200,107.98,108.293,107.957,108.263,16912
1585904400,108.262,108.545,108.262,108.536,14110
1585911600,108.534,108.595,108.249,108.587,20092
1585918800,108.586,108.676,108.417,108.504,21655
1585926000,108.505,108.619,108.359,108.487,14075
1585933200,108.486,108.56,108.185,108.273,12677
1585940400,108.274,108.495,108.236,108.459,12139
1586120400,108.349,108.583,108.332,108.455,5930
1586127600,108.455,109.086,108.452,108.938,22680
1586134800,108.937,109.048,108.751,108.934,21668
1586142000,108.935,109.028,108.816,108.935,13849
1586149200,108.935,109.183,108.855,109.175,17871
1586156400,109.177,109.381,109.075,109.191,18906
1586163600,109.19,109.268,109.125,109.14,12437
1586170800,109.139,109.139,108.844,109.04,14036
1586178000,109.04,109.177,108.963,109.119,17055
1586185200,109.12,109.194,108.989,109.018,12033
1586192400,109.019,109.088,108.932,109.058,9772
1586199600,109.056,109.251,109.051,109.233,12370
1586206800,109.217,109.276,109.134,109.213,5711
1586214000,109.215,109.233,108.938,109.013,17257
1586221200,109.019,109.087,108.717,108.923,15519
1586228400,108.922,108.953,108.671,108.769,13743
1586235600,108.766,108.975,108.718,108.843,15839
1586242800,108.843,108.952,108.785,108.872,15975
1586250000,108.874,109.146,108.871,109.084,14884
1586257200,109.083,109.129,108.822,108.996,14528
1586264400,108.997,109.075,108.836,108.981,18976
1586271600,108.981,109.08,108.828,108.836,15914
1586278800,108.837,108.99,108.771,108.859,15872
1586286000,108.86,108.901,108.721,108.78,13309
1586293200,108.743,108.838,108.7,108.801,5410
1586300400,108.799,108.801,108.504,108.621,16395
1586307600,108.621,108.872,108.586,108.833,16456
1586314800,108.833,108.965,108.751,108.892,12789
1586322000,108.89,109.004,108.747,108.78,16508
1586329200,108.781,108.895,108.741,108.879,12935
1586336400,108.877,108.9,108.783,108.838,11114
1586343600,108.839,108.94,108.817,108.931,10571
1586350800,108.929,109.102,108.597,108.718,16387
1586358000,108.722,108.817,108.608,108.64,13757
1586365200,108.639,108.835,108.615,108.822,11178
1586372400,108.823,108.915,108.803,108.833,9517
1586379600,108.823,108.9,108.795,108.863,2850
1586386800,108.862,109.045,108.833,109.011,11680
1586394000,109.012,109.063,108.902,108.93,12456
1586401200,108.929,108.996,108.893,108.994,8283
1586408400,108.994,109,108.883,108.927,10702
1586415600,108.929,108.972,108.852,108.892,12412
1586422800,108.893,108.906,108.725,108.828,10978
1586430000,108.827,108.917,108.809,108.836,14618
1586437200,108.837,108.853,108.471,108.523,22723
1586444400,108.521,108.592,108.329,108.382,14807
1586451600,108.381,108.485,108.209,108.477,17141
1586458800,108.479,108.511,108.372,108.491,10149
1586466000,108.406,108.525,108.397,108.496,2738
1586473200,108.505,108.587,108.395,108.56,9552
1586480400,108.56,108.56,108.46,108.481,5592
1586487600,108.482,108.504,108.326,108.428,6888
1586494800,108.428,108.451,108.336,108.362,6545
1586502000,108.362,108.401,108.335,108.383,3420
1586509200,108.383,108.435,108.368,108.414,4499
1586516400,108.414,108.473,108.406,108.458,6841
1586523600,108.457,108.473,108.407,108.411,2667
1586530800,108.414,108.43,108.347,108.362,5640
1586538000,108.362,108.435,108.36,108.371,5464
1586545200,108.372,108.444,108.356,108.406,1394
1586725200,108.371,108.526,108.266,108.329,7225
1586732400,108.331,108.389,108.205,108.218,13835
1586739600,108.219,108.233,107.993,108.098,12081
1586746800,108.098,108.124,107.854,107.889,8354
1586754000,107.889,107.951,107.798,107.84,9465
1586761200,107.841,108.027,107.792,107.953,9296
1586768400,107.95,108.086,107.934,108.021,6761
1586775600,108.021,108.071,107.838,107.902,9906
1586782800,107.902,107.937,107.683,107.739,14472
1586790000,107.74,107.755,107.557,107.578,11104
1586797200,107.578,107.612,107.501,107.513,9306
1586804400,107.514,107.765,107.512,107.757,6885
1586811600,107.743,107.766,107.685,107.699,2779
1586818800,107.697,107.712,107.536,107.604,9225
1586826000,107.605,107.674,107.558,107.672,11281
1586833200,107.671,107.758,107.614,107.694,6192
1586840400,107.694,107.756,107.656,107.682,8721
1586847600,107.683,107.718,107.557,107.561,9308
1586854800,107.563,107.571,107.381,107.43,8483
1586862000,107.431,107.442,107.239,107.369,11477
1586869200,107.371,107.448,107.174,107.215,14517
1586876400,107.214,107.236,107.046,107.088,11289
1586883600,107.092,107.201,106.981,107.172,9658
1586890800,107.173,107.23,107.134,107.209,7014
1586898000,107.211,107.211,107.115,107.182,2783
1586905200,107.181,107.187,106.929,107.123,9311
1586912400,107.122,107.202,107.008,107.117,9686
1586919600,107.118,107.164,107.063,107.076,5043
1586926800,107.075,107.135,106.994,107.064,9001
1586934000,107.064,107.512,107.006,107.452,15350
1586941200,107.449,107.463,107.265,107.359,11726
1586948400,107.358,107.61,107.32,107.552,13613
1586955600,107.549,107.864,107.384,107.415,20884
1586962800,107.416,107.524,107.346,107.37,14913
1586970000,107.37,107.493,107.25,107.453,13352
1586977200,107.452,107.598,107.392,107.43,9593
1586984400,107.351,107.471,107.278,107.436,5903
1586991600,107.433,107.748,107.425,107.698,10841
1586998800,107.698,107.915,107.698,107.841,11724
1587006000,107.841,108.083,107.826,107.927,9716
1587013200,107.926,107.976,107.718,107.794,11369
1587020400,107.792,107.857,107.694,107.706,14203
1587027600,107.706,107.831,107.612,107.66,11148
1587034800,107.66,107.725,107.415,107.507,14089
1587042000,107.506,107.607,107.165,107.546,20517
1587049200,107.549,107.836,107.535,107.719,18889
1587056400,107.72,107.741,107.578,107.634,12642
1587063600,107.634,107.898,107.619,107.895,8552
1587070800,107.94,108.067,107.879,107.965,12883
1587078000,107.968,108.081,107.795,107.856,15180
1587085200,107.855,107.897,107.649,107.705,11292
1587092400,107.704,107.833,107.663,107.727,7332
1587099600,107.727,107.809,107.65,107.685,10505
1587106800,107.686,107.881,107.626,107.78,15404
1587114000,107.781,107.931,107.757,107.816,12149
1587121200,107.814,107.836,107.356,107.439,14539
1587128400,107.437,107.561,107.301,107.519,20859
1587135600,107.521,107.656,107.46,107.599,13896
1587142800,107.598,107.632,107.425,107.592,10658
1587150000,107.595,107.665,107.54,107.554,7111
1587330000,107.456,107.651,107.401,107.639,3515
1587337200,107.642,107.889,107.583,107.862,8791
1587344400,107.862,107.891,107.75,107.87,8651
1587351600,107.87,107.87,107.78,107.821,5588
1587358800,107.82,107.948,107.813,107.878,8043
1587366000,107.879,107.905,107.685,107.696,13103
1587373200,107.696,107.763,107.595,107.721,10205
1587380400,107.72,107.861,107.714,107.745,10413
1587387600,107.745,107.843,107.613,107.636,15062
1587394800,107.637,107.738,107.613,107.67,10485
1587402000,107.668,107.731,107.619,107.648,8652
1587409200,107.647,107.798,107.612,107.615,7455
1587416400,107.613,107.731,107.584,107.719,3587
1587423600,107.72,107.792,107.612,107.736,10964
1587430800,107.737,107.772,107.504,107.584,14652
1587438000,107.586,107.623,107.482,107.526,10306
1587445200,107.526,107.548,107.401,107.457,11129
1587452400,107.454,107.463,107.306,107.358,10562
1587459600,107.359,107.502,107.281,107.383,12399
1587466800,107.384,107.567,107.363,107.548,9423
1587474000,107.547,107.826,107.533,107.651,18725
1587481200,107.649,107.805,107.525,107.782,13629
1587488400,107.782,107.892,107.712,107.769,9789
1587495600,107.77,107.819,107.724,107.759,7701
1587502800,107.76,107.826,107.575,107.752,4788
1587510000,107.752,107.868,107.679,107.825,11046
1587517200,107.824,107.839,107.735,107.755,11176
1587524400,107.754,107.78,107.569,107.624,9902
1587531600,107.623,107.65,107.517,107.628,11051
1587538800,107.628,107.695,107.514,107.589,11360
1587546000,107.59,107.741,107.565,107.64,7591
1587553200,107.641,107.758,107.603,107.723,7425
1587560400,107.723,107.937,107.716,107.806,14560
1587567600,107.805,107.892,107.764,107.812,8604
1587574800,107.812,107.826,107.699,107.71,6312
1587582000,107.711,107.754,107.698,107.746,4163
1587589200,107.777,107.806,107.67,107.788,7910
1587596400,107.787,107.866,107.751,107.782,9029
1587603600,107.783,107.821,107.706,107.742,8868
1587610800,107.741,107.805,107.74,107.781,5366
1587618000,107.782,107.85,107.752,107.799,8513
1587625200,107.798,107.825,107.536,107.636,13846
1587632400,107.637,107.665,107.547,107.554,8233
1587639600,107.555,107.562,107.373,107.406,11716
1587646800,107.41,108.04,107.347,107.618,22658
1587654000,107.617,107.723,107.49,107.519,11779
1587661200,107.518,107.665,107.403,107.613,13914
1587668400,107.614,107.655,107.513,107.632,7436
1587675600,107.558,107.627,107.523,107.588,6988
1587682800,107.587,107.76,107.57,107.722,13663
1587690000,107.725,107.725,107.572,107.677,9941
1587697200,107.677,107.696,107.627,107.641,5708
1587704400,107.641,107.702,107.598,107.698,8410
1587711600,107.7,107.738,107.627,107.693,10348
1587718800,107.695,107.726,107.578,107.588,9425
1587726000,107.587,107.669,107.567,107.606,10881
1587733200,107.605,107.621,107.408,107.433,13645
1587740400,107.431,107.503,107.398,107.46,9983
1587747600,107.458,107.467,107.412,107.437,5665
1587754800,107.436,107.49,107.369,107.486,7678
1587934800,107.542,107.599,107.443,107.455,3885
1587942000,107.457,107.622,107.406,107.575,10020
1587949200,107.574,107.606,107.448,107.466,9075
1587956400,107.466,107.547,107.21,107.27,10591
1587963600,107.272,107.307,107.047,107.143,9746
1587970800,107.144,107.273,107.111,107.192,10963
1587978000,107.191,107.233,107.051,107.096,7815
1587985200,107.096,107.171,107.035,107.082,8903
1587992400,107.081,107.352,106.993,107.194,14217
1587999600,107.193,107.319,107.161,107.294,9960
1588006800,107.293,107.301,107.192,107.246,8081
1588014000,107.245,107.285,107.226,107.247,5567
1588021200,107.21,107.261,107.146,107.253,11157
1588028400,107.251,107.311,107.191,107.295,7287
1588035600,107.296,107.339,107.238,107.315,9241
1588042800,107.313,107.323,107.256,107.273,6572
1588050000,107.273,107.291,107.17,107.23,8076
1588057200,107.229,107.23,106.998,107.043,12024
1588064400,107.045,107.066,106.612,106.69,15924
1588071600,106.689,106.721,106.56,106.639,9771
1588078800,106.638,106.973,106.618,106.93,15314
1588086000,106.938,106.962,106.814,106.875,13156
1588093200,106.874,106.891,106.819,106.856,8221
1588100400,106.855,106.895,106.841,106.862,6692
1588107600,106.854,106.894,106.821,106.842,5791
1588114800,106.842,106.843,106.571,106.585,8690
1588122000,106.589,106.637,106.51,106.532,8221
1588129200,106.533,106.584,106.515,106.547,3837
1588136400,106.549,106.604,106.516,106.55,6745
1588143600,106.551,106.583,106.358,106.512,13123
1588150800,106.514,106.538,106.446,106.491,8371
1588158000,106.491,106.765,106.455,106.656,11062
1588165200,106.655,106.762,106.522,106.593,14045
1588172400,106.593,106.719,106.562,106.685,9018
1588179600,106.684,106.753,106.555,106.59,12746
1588186800,106.59,106.653,106.575,106.62,9347
1588194000,106.538,106.691,106.537,106.595,4515
1588201200,106.594,106.876,106.576,106.787,9497
1588208400,106.787,106.818,106.637,106.685,8730
1588215600,106.685,106.724,106.457,106.525,9454
1588222800,106.525,106.62,106.406,106.572,10786
1588230000,106.572,106.73,106.542,106.668,12611
1588237200,106.667,106.717,106.586,106.588,9999
1588244400,106.586,106.649,106.475,106.603,13856
1588251600,106.6,107.22,106.448,106.926,24150
1588258800,106.923,107.082,106.78,106.928,22696
1588266000,106.931,107.217,106.894,107.217,12626
1588273200,107.218,107.499,107.125,107.168,12909
1588280400,107.084,107.205,107.022,107.115,4234
1588287600,107.117,107.405,107.112,107.201,14529
1588294800,107.202,107.244,107.085,107.133,12192
1588302000,107.134,107.173,107.09,107.095,8215
1588309200,107.097,107.14,107.014,107.092,9287
1588316400,107.092,107.121,106.854,106.865,12875
1588323600,106.866,106.893,106.736,106.782,10937
1588330800,106.783,106.815,106.615,106.647,10733
1588338000,106.646,107.077,106.605,106.905,17999
1588345200,106.906,106.907,106.715,106.78,15296
1588352400,106.779,106.893,106.752,106.865,9655
1588359600,106.864,106.935,106.789,106.913,8917
1588539600,106.763,106.941,106.757,106.835,5380
1588546800,106.834,106.889,106.672,106.732,10245
1588554000,106.731,106.776,106.667,106.702,8744
1588561200,106.701,106.765,106.682,106.721,6459
1588568400,106.721,106.825,106.717,106.803,9366
1588575600,106.801,106.828,106.693,106.754,13599
1588582800,106.755,106.852,106.717,106.836,10454
1588590000,106.835,106.913,106.756,106.87,13390
1588597200,106.872,107.069,106.814,106.942,16145
1588604400,106.941,106.949,106.793,106.834,11625
1588611600,106.832,106.859,106.723,106.726,9758
1588618800,106.726,106.74,106.635,106.716,9728
1588626000,106.721,106.763,106.64,106.693,4817
1588633200,106.692,106.706,106.511,106.553,6690
1588640400,106.556,106.622,106.515,106.597,6491
1588647600,106.597,106.657,106.59,106.607,5007
1588654800,106.606,106.755,106.57,106.731,7145
1588662000,106.732,106.813,106.663,106.781,14139
1588669200,106.78,106.894,106.697,106.748,12438
1588676400,106.749,106.776,106.641,106.692,12093
1588683600,106.689,106.717,106.519,106.601,17159
1588690800,106.598,106.622,106.475,106.505,12252
1588698000,106.503,106.574,106.417,106.5,7602
1588705200,106.499,106.551,106.438,106.546,7979
1588712400,106.42,106.617,106.415,106.501,10842
1588719600,106.5,106.508,106.208,106.269,8221
1588726800,106.268,106.363,106.241,106.3,7824
1588734000,106.3,106.395,106.294,106.343,5827
1588741200,106.343,106.408,106.334,106.388,8117
1588748400,106.387,106.435,106.239,106.362,13124
1588755600,106.363,106.374,106.233,106.259,11527
1588762800,106.259,106.259,106.062,106.183,11712
1588770000,106.182,106.204,106.013,106.043,18081
1588777200,106.042,106.095,106.008,106.01,11746
1588784400,106.011,106.103,105.987,106.067,9181
1588791600,106.068,106.148,106.06,106.102,8836
1588798800,106.082,106.113,105.99,106.039,4558
1588806000,106.035,106.278,106.032,106.219,11128
1588813200,106.217,106.296,106.147,106.166,7837
1588820400,106.166,106.27,106.136,106.23,6101
1588827600,106.231,106.345,106.227,106.233,8825
1588834800,106.235,106.425,106.201,106.397,12357
1588842000,106.396,106.596,106.358,106.519,11312
1588849200,106.517,106.61,106.462,106.48,11118
1588856400,106.481,106.656,106.429,106.557,15013
1588863600,106.557,106.568,106.25,106.313,14452
1588870800,106.312,106.336,106.22,106.289,10858
1588878000,106.289,106.32,106.237,106.265,6858
1588885200,106.275,106.345,106.256,106.3,6470
1588892400,106.302,106.459,106.281,106.319,10433
1588899600,106.319,106.344,106.222,106.329,12027
1588906800,106.328,106.449,106.318,106.426,6823
1588914000,106.425,106.461,106.345,106.389,7605
1588921200,106.389,106.431,106.3,106.355,8519
1588928400,106.354,106.409,106.324,106.351,7366
1588935600,106.352,106.694,106.278,106.667,12742
1588942800,106.665,106.725,106.413,106.433,16655
1588950000,106.436,106.626,106.389,106.613,11770
1588957200,106.613,106.667,106.556,106.666,6425
1588964400,106.665,106.747,106.644,106.682,4644
1589144400,106.514,106.9,106.483,106.876,5832
1589151600,106.879,107.003,106.777,106.978,9747
1589158800,106.976,107.011,106.777,106.791,8864
1589166000,106.792,106.993,106.777,106.949,6145
1589173200,106.943,107.18,106.885,107.124,9348
1589180400,107.126,107.283,107.087,107.229,10848
1589187600,107.231,107.313,107.199,107.239,8376
1589194800,107.24,107.417,107.239,107.406,10899
1589202000,107.409,107.573,107.348,107.507,15784
1589209200,107.504,107.731,107.496,107.675,12511
1589216400,107.674,107.768,107.625,107.752,7825
1589223600,107.753,107.76,107.607,107.653,7654
1589230800,107.597,107.694,107.595,107.642,10310
1589238000,107.638,107.684,107.453,107.47,9087
1589245200,107.47,107.548,107.408,107.414,7663
1589252400,107.414,107.449,107.349,107.406,6796
1589259600,107.405,107.591,107.367,107.577,8099
1589266800,107.576,107.634,107.448,107.546,10878
1589274000,107.545,107.564,107.419,107.434,7695
1589281200,107.433,107.452,107.306,107.431,8710
1589288400,107.431,107.438,107.22,107.242,13885
1589295600,107.243,107.424,107.218,107.366,9714
1589302800,107.365,107.368,107.25,107.256,9037
1589310000,107.257,107.28,107.121,107.148,6432
1589317200,107.134,107.276,107.121,107.253,6171
1589324400,107.251,107.259,107.089,107.143,9003
1589331600,107.143,107.266,107.131,107.202,8594
1589338800,107.202,107.237,107.168,107.171,4347
1589346000,107.172,107.219,107.106,107.166,5383
1589353200,107.167,107.188,106.963,107.052,9139
1589360400,107.053,107.093,106.973,106.974,7747
1589367600,106.973,106.998,106.827,106.898,9435
1589374800,106.899,107.15,106.744,107.124,20539
1589382000,107.124,107.139,106.886,107.006,13222
1589389200,107.005,107.045,106.966,106.988,9461
1589396400,106.99,107.057,106.979,107.026,6195
1589403600,107.043,107.08,106.998,107.024,6816
1589410800,107.024,107.043,106.82,106.874,6790
1589418000,106.874,106.952,106.844,106.89,7320
1589425200,106.888,106.952,106.874,106.899,4149
1589432400,106.899,106.9,106.775,106.884,6830
1589439600,106.882,106.902,106.795,106.836,8912
1589446800,106.834,107.074,106.814,107.049,7274
1589454000,107.048,107.103,106.964,107.011,11395
1589461200,107.012,107.059,106.856,107.042,13430
1589468400,107.041,107.216,107.021,107.195,12838
1589475600,107.197,107.328,107.14,107.227,9900
1589482800,107.229,107.364,107.222,107.226,6788
1589490000,107.249,107.286,107.214,107.243,2990
1589497200,107.243,107.434,107.242,107.371,6953
1589504400,107.371,107.38,107.242,107.316,7043
1589511600,107.317,107.335,107.187,107.219,5747
1589518800,107.218,107.264,107.139,107.211,5822
1589526000,107.21,107.225,107.027,107.061,7222
1589533200,107.064,107.098,106.993,106.998,7503
1589540400,107,107.046,106.858,106.918,11712
1589547600,106.917,107.343,106.895,107.289,15434
1589554800,107.29,107.346,107.206,107.292,11069
1589562000,107.292,107.373,107.272,107.285,6973
1589569200,107.286,107.319,107.118,107.166,5845
1589749200,107.079,107.282,107.071,107.273,3450
1589756400,107.273,107.274,107.155,107.193,7542
1589763600,107.196,107.211,107.069,107.107,7339
1589770800,107.11,107.14,107.09,107.129,4282
1589778000,107.128,107.218,107.127,107.218,5836
1589785200,107.219,107.32,107.147,107.289,7587
1589792400,107.29,107.318,107.234,107.297,6184
1589799600,107.298,107.451,107.238,107.45,9622
1589806800,107.451,107.505,107.323,107.417,12521
1589814000,107.416,107.438,107.204,107.271,13382
1589821200,107.269,107.405,107.237,107.401,8320
1589828400,107.402,107.402,107.296,107.327,5463
1589835600,107.274,107.34,107.268,107.305,4373
1589842800,107.304,107.457,107.303,107.313,7147
1589850000,107.317,107.443,107.306,107.42,6593
1589857200,107.419,107.448,107.335,107.445,5021
1589864400,107.446,107.523,107.369,107.514,7853
1589871600,107.511,107.593,107.349,107.471,12276
1589878800,107.472,107.644,107.439,107.627,9105
1589886000,107.627,107.948,107.627,107.909,9386
1589893200,107.91,108.088,107.807,107.94,13863
1589900400,107.939,107.985,107.814,107.828,8333
1589907600,107.829,107.847,107.721,107.742,5136
1589914800,107.743,107.773,107.682,107.701,6600
1589922000,107.702,107.858,107.642,107.83,4466
1589929200,107.83,107.984,107.811,107.904,6188
1589936400,107.903,107.908,107.752,107.755,5214
1589943600,107.755,107.818,107.71,107.757,4116
1589950800,107.758,107.802,107.715,107.767,5961
1589958000,107.768,107.768,107.606,107.634,8370
1589965200,107.633,107.736,107.598,107.6,6787
1589972400,107.6,107.7,107.548,107.616,7471
1589979600,107.615,107.622,107.394,107.427,10795
1589986800,107.427,107.552,107.337,107.537,8094
1589994000,107.538,107.567,107.418,107.481,7313
1590001200,107.482,107.567,107.482,107.521,4253
1590008400,107.472,107.644,107.472,107.62,2330
1590015600,107.621,107.753,107.548,107.734,5850
1590022800,107.734,107.755,107.621,107.646,6961
1590030000,107.646,107.671,107.595,107.627,3647
1590037200,107.628,107.804,107.623,107.736,5380
1590044400,107.735,107.849,107.701,107.766,7967
1590051600,107.766,107.847,107.717,107.722,7362
1590058800,107.722,107.761,107.636,107.718,9749
1590066000,107.717,107.832,107.646,107.827,13839
1590073200,107.825,107.833,107.574,107.651,9054
1590080400,107.649,107.703,107.579,107.589,7054
1590087600,107.589,107.616,107.548,107.604,4245
1590094800,107.634,107.676,107.583,107.606,3291
1590102000,107.607,107.763,107.583,107.723,6801
1590109200,107.724,107.724,107.552,107.593,7820
1590116400,107.591,107.611,107.412,107.431,5917
1590123600,107.431,107.477,107.373,107.383,6668
1590130800,107.384,107.54,107.323,107.538,8915
1590138000,107.537,107.538,107.427,107.461,7180
1590145200,107.461,107.591,107.421,107.582,6526
1590152400,107.581,107.652,107.461,107.468,9909
1590159600,107.468,107.566,107.464,107.566,5876
1590166800,107.566,107.602,107.55,107.582,4267
1590174000,107.583,107.62,107.549,107.608,3378
1590354000,107.56,107.708,107.551,107.695,1994
1590361200,107.694,107.782,107.648,107.673,6587
1590368400,107.67,107.702,107.628,107.698,6459
1590375600,107.699,107.739,107.661,107.667,5549
1590382800,107.669,107.728,107.652,107.697,5595
1590390000,107.699,107.755,107.672,107.736,6233
1590397200,107.736,107.75,107.678,107.697,4989
1590404400,107.701,107.711,107.661,107.688,4858
1590411600,107.688,107.713,107.67,107.695,4898
1590418800,107.697,107.716,107.684,107.697,2515
1590426000,107.697,107.724,107.696,107.716,2012
1590433200,107.715,107.74,107.701,107.705,3218
1590440400,107.668,107.749,107.662,107.738,2044
1590447600,107.738,107.776,107.681,107.752,5320
1590454800,107.752,107.922,107.743,107.855,7266
1590462000,107.856,107.871,107.785,107.833,4315
1590469200,107.837,107.896,107.818,107.872,5705
1590476400,107.874,107.887,107.726,107.737,8033
1590483600,107.737,107.784,107.642,107.648,8360
1590490800,107.647,107.65,107.402,107.447,10016
1590498000,107.451,107.658,107.447,107.583,12346
1590505200,107.582,107.693,107.541,107.564,9313
1590512400,107.563,107.623,107.528,107.53,5333
1590519600,107.528,107.562,107.458,107.532,5090
1590526800,107.562,107.589,107.485,107.505,5228
1590534000,107.504,107.544,107.365,107.533,7120
1590541200,107.533,107.616,107.437,107.506,8486
1590548400,107.508,107.567,107.461,107.468,5119
1590555600,107.468,107.577,107.46,107.548,6253
1590562800,107.549,107.605,107.476,107.604,9028
1590570000,107.606,107.733,107.603,107.719,14179
1590577200,107.717,107.91,107.712,107.889,11711
1590584400,107.89,107.945,107.685,107.835,17049
1590591600,107.836,107.871,107.701,107.741,12183
1590598800,107.735,107.739,107.65,107.704,7318
1590606000,107.703,107.809,107.689,107.715,5062
1590613200,107.729,107.779,107.69,107.757,5711
1590620400,107.758,107.902,107.738,107.867,8810
1590627600,107.868,107.878,107.758,107.852,7170
1590634800,107.853,107.854,107.765,107.818,7197
1590642000,107.819,107.89,107.804,107.807,7807
1590649200,107.806,107.872,107.782,107.822,10027
1590656400,107.821,107.823,107.696,107.759,9306
1590663600,107.761,107.815,107.717,107.762,9787
1590670800,107.765,107.786,107.571,107.623,15329
1590678000,107.624,107.693,107.594,107.619,11250
1590685200,107.62,107.715,107.614,107.645,7236
1590692400,107.653,107.663,107.581,107.623,7305
1590699600,107.637,107.712,107.575,107.682,2989
1590706800,107.683,107.717,107.432,107.485,8349
1590714000,107.484,107.513,107.383,107.4,8406
1590721200,107.401,107.413,107.1,107.139,6136
1590728400,107.14,107.243,107.081,107.146,9978
1590735600,107.146,107.315,107.089,107.228,11782
1590742800,107.23,107.253,107.126,107.212,10778
1590750000,107.212,107.251,107.084,107.17,10032
1590757200,107.171,107.759,107.169,107.653,20671
1590764400,107.654,107.85,107.654,107.806,15357
1590771600,107.808,107.891,107.747,107.803,11249
1590778800,107.806,107.897,107.756,107.785,7741
1590958800,107.675,107.815,107.675,107.737,3439
1590966000,107.737,107.857,107.649,107.768,9481
1590973200,107.768,107.777,107.637,107.679,9228
1590980400,107.679,107.691,107.52,107.53,5500
1590987600,107.531,107.646,107.486,107.626,6833
1590994800,107.627,107.627,107.378,107.409,12706
1591002000,107.408,107.745,107.404,107.72,11371
1591009200,107.722,107.764,107.65,107.71,8061
1591016400,107.709,107.758,107.547,107.558,11219
1591023600,107.558,107.639,107.531,107.579,7651
1591030800,107.577,107.647,107.575,107.604,5828
1591038000,107.603,107.603,107.566,107.588,4355
1591045200,107.583,107.653,107.541,107.557,3780
1591052400,107.56,107.626,107.513,107.57,6397
1591059600,107.569,107.698,107.569,107.691,6978
1591066800,107.692,107.741,107.684,107.699,4042
1591074000,107.699,107.782,107.689,107.78,7106
1591081200,107.78,107.837,107.699,107.77,10805
1591088400,107.771,107.79,107.681,107.767,10046
1591095600,107.767,108.469,107.765,108.301,14385
1591102800,108.308,108.662,108.281,108.573,17324
1591110000,108.572,108.697,108.453,108.69,12306
1591117200,108.69,108.772,108.661,108.708,7405
1591124400,108.71,108.743,108.642,108.674,5791
1591131600,108.668,108.689,108.58,108.616,6201
1591138800,108.614,108.849,108.614,108.698,10063
1591146000,108.698,108.698,108.423,108.539,11443
1591153200,108.539,108.661,108.507,108.515,7329
1591160400,108.513,108.739,108.472,108.683,7753
1591167600,108.684,108.794,108.603,108.792,13253
1591174800,108.792,108.822,108.707,108.711,11132
1591182000,108.71,108.74,108.484,108.651,14020
1591189200,108.653,108.871,108.617,108.797,16638
1591196400,108.797,108.983,108.797,108.906,10540
1591203600,108.909,108.96,108.861,108.935,6166
1591210800,108.938,108.952,108.885,108.899,5430
1591218000,108.887,108.992,108.868,108.981,2670
1591225200,108.976,109.039,108.803,108.902,8064
1591232400,108.902,108.97,108.836,108.837,8562
1591239600,108.838,109.052,108.838,109.022,6478
1591246800,109.02,109.15,109.02,109.044,8778
1591254000,109.045,109.164,109.006,109.061,10703
1591261200,109.061,109.075,108.868,108.925,9088
1591268400,108.925,108.95,108.616,108.721,16678
1591275600,108.721,109.032,108.67,109.002,19418
1591282800,109.002,109.09,108.863,108.965,13364
1591290000,108.966,109.141,108.915,109.14,8703
1591297200,109.139,109.197,109.059,109.156,7300
1591304400,109.146,109.197,109.072,109.152,4893
1591311600,109.153,109.237,109.045,109.057,7659
1591318800,109.058,109.145,109.045,109.117,7839
1591326000,109.116,109.223,109.089,109.15,7003
1591333200,109.15,109.38,109.123,109.337,9459
1591340400,109.338,109.426,109.172,109.243,12815
1591347600,109.244,109.31,109.219,109.255,11418
1591354800,109.255,109.676,109.168,109.583,16623
1591362000,109.584,109.85,109.565,109.744,21885
1591369200,109.74,109.771,109.638,109.754,11756
1591376400,109.755,109.758,109.603,109.61,7945
1591383600,109.61,109.677,109.578,109.591,4825
1591563600,109.555,109.692,109.555,109.585,3094
1591570800,109.586,109.672,109.419,109.463,10594
1591578000,109.464,109.548,109.38,109.546,6332
1591585200,109.544,109.544,109.404,109.451,4790
1591592400,109.448,109.565,109.407,109.46,6255
1591599600,109.459,109.585,109.437,109.492,9979
1591606800,109.492,109.513,109.269,109.382,10524
1591614000,109.381,109.461,109.199,109.234,8775
1591621200,109.237,109.244,108.467,108.571,17973
1591628400,108.572,108.659,108.267,108.271,13411
1591635600,108.27,108.411,108.235,108.329,8725
1591642800,108.33,108.444,108.315,108.427,4143
1591650000,108.433,108.543,108.282,108.53,5680
1591657200,108.526,108.526,107.992,108.036,10027
1591664400,108.035,108.206,107.92,108.173,11335
1591671600,108.172,108.174,107.943,107.966,6551
1591678800,107.966,108.075,107.85,108.011,9826
1591686000,108.008,108.125,107.79,107.89,16048
1591693200,107.89,108.071,107.814,108.059,12216
1591700400,108.055,108.247,107.891,107.913,11976
1591707600,107.916,108.001,107.666,107.718,17937
1591714800,107.717,107.795,107.621,107.717,11715
1591722000,107.717,107.806,107.666,107.746,7018
1591729200,107.746,107.791,107.723,107.752,4397
1591736400,107.727,107.821,107.695,107.818,4796
1591743600,107.819,107.874,107.731,107.782,8518
1591750800,107.783,107.791,107.658,107.668,8368
1591758000,107.669,107.698,107.526,107.549,6134
1591765200,107.549,107.567,107.338,107.364,8998
1591772400,107.363,107.454,107.281,107.314,11717
1591779600,107.315,107.407,107.274,107.361,9667
1591786800,107.361,107.449,107.259,107.34,9738
1591794000,107.34,107.367,107.162,107.263,14386
1591801200,107.262,107.303,107.181,107.225,11070
1591808400,107.225,107.462,106.99,107.139,19701
1591815600,107.136,107.329,107.048,107.127,14163
1591822800,107.086,107.138,106.921,106.928,3721
1591830000,106.929,107.099,106.899,106.999,11214
1591837200,106.997,107.045,106.912,106.939,8252
1591844400,106.939,107.127,106.898,107.083,10706
1591851600,107.081,107.234,107.005,107.019,11939
1591858800,107.019,107.047,106.796,106.826,14195
1591866000,106.826,107.039,106.805,107.033,10415
1591873200,107.033,107.139,106.838,106.86,13214
1591880400,106.86,106.976,106.597,106.658,19594
1591887600,106.659,106.716,106.574,106.674,15993
1591894800,106.674,106.886,106.674,106.803,14018
1591902000,106.805,106.918,106.803,106.86,10516
1591909200,106.88,106.88,106.698,106.793,5800
1591916400,106.792,106.847,106.587,106.669,11632
1591923600,106.669,106.868,106.63,106.842,12249
1591930800,106.844,107.274,106.78,107.143,11528
1591938000,107.14,107.33,107.098,107.13,11551
1591945200,107.13,107.344,107.063,107.296,14604
1591952400,107.295,107.553,107.278,107.428,13643
1591959600,107.431,107.509,107.221,107.392,12802
1591966800,107.391,107.456,107.216,107.334,18998
1591974000,107.334,107.507,107.254,107.498,17506
1591981200,107.499,107.523,107.401,107.443,14929
1591988400,107.442,107.459,107.342,107.352,6816
1592168400,107.283,107.568,107.283,107.46,4613
1592175600,107.46,107.471,107.146,107.214,14388
1592182800,107.217,107.327,107.162,107.181,10581
1592190000,107.181,107.241,107.028,107.074,7577
1592197200,107.073,107.295,107.001,107.285,14564
1592204400,107.285,107.442,107.251,107.306,14658
1592211600,107.303,107.386,107.237,107.286,10988
1592218800,107.286,107.447,107.273,107.418,11105
1592226000,107.418,107.494,107.208,107.4,15623
1592233200,107.399,107.453,107.222,107.238,11785
1592240400,107.238,107.386,107.212,107.318,10178
1592247600,107.32,107.389,107.317,107.327,5779
1592254800,107.331,107.444,107.272,107.428,6038
1592262000,107.428,107.5,107.27,107.32,9262
1592269200,107.319,107.639,107.231,107.62,9960
1592276400,107.618,107.631,107.394,107.485,9362
1592283600,107.485,107.566,107.3,107.421,10732
1592290800,107.422,107.458,107.285,107.458,14215
1592298000,107.457,107.472,107.282,107.309,8613
1592305200,107.309,107.431,107.257,107.403,12147
1592312400,107.402,107.62,107.322,107.334,19810
1592319600,107.335,107.398,107.212,107.335,16080
1592326800,107.337,107.367,107.243,107.281,7465
1592334000,107.282,107.35,107.253,107.315,5743
1592341200,107.274,107.385,107.274,107.37,2686
1592348400,107.37,107.434,107.17,107.331,9492
1592355600,107.33,107.373,107.195,107.231,10112
1592362800,107.231,107.32,107.203,107.222,6647
1592370000,107.223,107.312,107.188,107.268,6784
1592377200,107.27,107.442,107.259,107.429,9307
1592384400,107.428,107.438,107.341,107.37,9033
1592391600,107.372,107.435,107.336,107.382,7375
1592398800,107.383,107.383,107.137,107.235,13874
1592406000,107.233,107.305,107.2,107.287,8638
1592413200,107.285,107.289,107.084,107.101,6444
1592420400,107.098,107.109,106.953,107.005,5612
1592427600,106.991,107.054,106.956,107.052,2207
1592434800,107.051,107.051,106.723,106.794,12951
1592442000,106.795,106.897,106.702,106.889,9785
1592449200,106.89,106.94,106.752,106.833,8941
1592456400,106.832,106.978,106.806,106.927,8138
1592463600,106.928,107.075,106.852,107.034,11239
1592470800,107.035,107.129,106.948,106.999,10831
1592478000,106.999,107.032,106.79,106.795,13189
1592485200,106.797,107.02,106.728,106.763,15863
1592492400,106.763,106.892,106.669,106.882,8412
1592499600,106.881,106.951,106.827,106.828,7428
1592506800,106.829,107.099,106.814,106.968,6791
1592514000,106.942,107.018,106.927,106.929,8205
1592521200,106.929,107.058,106.869,106.926,7259
1592528400,106.925,106.959,106.881,106.928,6132
1592535600,106.929,106.935,106.831,106.854,5397
1592542800,106.854,107,106.793,106.902,6897
1592550000,106.905,106.998,106.874,106.926,8445
1592557200,106.927,106.975,106.896,106.924,6876
1592564400,106.925,106.926,106.767,106.874,9324
1592571600,106.871,107.046,106.793,106.988,11635
1592578800,106.987,106.994,106.817,106.844,12049
1592586000,106.844,106.899,106.821,106.872,7052
1592593200,106.87,106.9,106.796,106.87,4034
1592773200,106.774,106.879,106.759,106.83,6257
1592780400,106.829,106.904,106.773,106.821,11097
1592787600,106.822,106.946,106.822,106.89,10265
1592794800,106.891,106.932,106.86,106.911,5881
1592802000,106.913,106.953,106.856,106.942,8127
1592809200,106.943,107.011,106.894,106.903,10200
1592816400,106.903,106.959,106.856,106.896,7737
1592823600,106.894,106.95,106.857,106.879,5871
1592830800,106.877,106.922,106.793,106.891,11995
1592838000,106.892,106.908,106.815,106.866,7530
1592845200,106.869,106.962,106.869,106.934,6253
1592852400,106.935,106.956,106.865,106.9,5081
1592859600,106.881,106.929,106.872,106.908,3200
1592866800,106.905,106.961,106.874,106.952,6937
1592874000,106.952,107.201,106.739,107.168,21566
1592881200,107.167,107.222,107.125,107.137,8062
1592888400,107.136,107.218,107.087,107.158,8305
1592895600,107.157,107.196,107.037,107.043,11666
1592902800,107.044,107.115,107.016,107.06,8474
1592910000,107.06,107.073,106.521,106.62,11655
1592917200,106.621,106.636,106.073,106.237,20069
1592924400,106.235,106.501,106.215,106.465,11200
1592931600,106.466,106.547,106.427,106.472,6794
1592938800,106.471,106.55,106.47,106.535,5540
1592946000,106.511,106.544,106.453,106.463,5141
1592953200,106.464,106.638,106.383,106.547,12273
1592960400,106.545,106.592,106.423,106.53,10413
1592967600,106.532,106.58,106.498,106.574,8109
1592974800,106.573,106.613,106.537,106.592,6591
1592982000,106.591,106.647,106.477,106.524,12483
1592989200,106.525,106.555,106.462,106.53,9587
1592996400,106.529,106.806,106.504,106.757,9839
1593003600,106.758,106.965,106.711,106.895,16774
1593010800,106.898,106.984,106.786,106.829,13951
1593018000,106.828,106.947,106.817,106.939,7302
1593025200,106.942,107.072,106.937,107.056,5852
1593032400,107.043,107.148,106.968,107.051,3400
1593039600,107.048,107.147,107.01,107.069,8404
1593046800,107.069,107.259,107.045,107.196,8641
1593054000,107.194,107.257,107.133,107.135,6281
1593061200,107.137,107.199,107.113,107.175,7168
1593068400,107.176,107.223,107.048,107.211,12973
1593075600,107.21,107.287,107.17,107.28,9008
1593082800,107.281,107.452,107.234,107.299,11772
1593090000,107.298,107.327,107.14,107.19,14755
1593097200,107.19,107.236,107.134,107.187,9382
1593104400,107.189,107.242,107.176,107.212,6412
1593111600,107.213,107.238,107.111,107.196,5976
1593118800,107.175,107.246,107.147,107.162,8143
1593126000,107.163,107.228,107.085,107.183,7634
1593133200,107.183,107.217,107.155,107.16,6818
1593140400,107.16,107.176,107.075,107.083,6223
1593147600,107.082,107.147,107.038,107.138,6201
1593154800,107.137,107.143,106.862,106.865,8402
1593162000,106.864,106.959,106.863,106.879,7036
1593169200,106.88,107.057,106.798,107.045,9343
1593176400,107.046,107.355,107.02,107.33,14427
1593183600,107.33,107.357,107.111,107.144,12996
1593190800,107.145,107.207,107.103,107.189,7051
1593198000,107.189,107.222,107.159,107.221,4812
1593378000,107.065,107.214,107.06,107.166,4929
1593385200,107.165,107.271,107.139,107.271,7754
1593392400,107.267,107.374,107.158,107.17,8539
1593399600,107.169,107.202,107.042,107.085,7817
1593406800,107.085,107.145,107.05,107.113,8562
1593414000,107.114,107.222,107.108,107.202,8226
1593421200,107.2,107.256,107.167,107.206,7512
1593428400,107.205,107.375,107.183,107.334,7831
1593435600,107.334,107.884,107.324,107.717,15536
1593442800,107.714,107.775,107.632,107.771,8624
1593450000,107.772,107.823,107.671,107.688,6092
1593457200,107.688,107.725,107.552,107.572,4256
1593464400,107.561,107.618,107.54,107.56,7185
1593471600,107.559,107.734,107.543,107.699,7521
1593478800,107.699,107.788,107.672,107.782,6448
1593486000,107.783,107.786,107.698,107.717,4348
1593493200,107.717,107.783,107.641,107.646,7194
1593500400,107.646,107.736,107.642,107.686,7269
1593507600,107.684,107.796,107.684,107.731,7635
1593514800,107.73,107.776,107.708,107.726,6943
1593522000,107.726,107.897,107.521,107.871,17132
1593529200,107.867,107.945,107.743,107.824,13023
1593536400,107.825,107.975,107.803,107.973,9996
1593543600,107.977,107.985,107.919,107.928,5607
1593550800,107.919,107.992,107.904,107.95,3611
1593558000,107.95,108.163,107.944,108.091,6718
1593565200,108.092,108.092,107.671,107.693,9749
1593572400,107.693,107.748,107.585,107.656,7103
1593579600,107.656,107.695,107.575,107.69,8355
1593586800,107.691,107.708,107.471,107.531,8273
1593594000,107.53,107.558,107.471,107.495,8471
1593601200,107.494,107.533,107.363,107.444,10284
1593608400,107.443,107.601,107.367,107.525,13178
1593615600,107.524,107.553,107.423,107.423,9622
1593622800,107.424,107.492,107.411,107.485,5886
1593630000,107.487,107.506,107.444,107.466,4481
1593637200,107.411,107.496,107.41,107.453,4360
1593644400,107.452,107.485,107.332,107.474,6274
1593651600,107.472,107.558,107.419,107.544,6794
1593658800,107.544,107.553,107.416,107.433,4406
1593666000,107.432,107.507,107.425,107.507,4897
1593673200,107.507,107.554,107.351,107.373,8472
1593680400,107.372,107.503,107.345,107.501,6253
1593687600,107.502,107.639,107.404,107.629,9512
1593694800,107.629,107.724,107.45,107.622,14262
1593702000,107.621,107.622,107.517,107.584,6937
1593709200,107.584,107.59,107.539,107.559,3492
1593716400,107.559,107.56,107.479,107.496,2736
1593723600,107.483,107.553,107.483,107.528,4022
1593730800,107.528,107.562,107.435,107.509,5156
1593738000,107.509,107.569,107.493,107.519,5200
1593745200,107.518,107.538,107.472,107.515,3720
1593752400,107.515,107.536,107.482,107.496,4733
1593759600,107.495,107.512,107.447,107.464,6377
1593766800,107.464,107.529,107.458,107.496,5218
1593774000,107.496,107.532,107.476,107.514,5062
1593781200,107.514,107.534,107.49,107.53,4623
1593788400,107.53,107.536,107.506,107.508,2532
1593795600,107.508,107.513,107.496,107.497,2767
1593802800,107.488,107.511,107.475,107.486,8403
1593982800,107.445,107.566,107.426,107.543,2215
1593990000,107.543,107.678,107.541,107.664,6656
1593997200,107.663,107.773,107.661,107.696,7213
1594004400,107.696,107.724,107.645,107.651,4097
1594011600,107.652,107.706,107.601,107.619,5386
1594018800,107.62,107.633,107.543,107.573,6231
1594026000,107.574,107.598,107.522,107.564,5911
1594033200,107.563,107.564,107.459,107.492,5855
1594040400,107.493,107.595,107.436,107.462,9384
1594047600,107.464,107.518,107.437,107.439,5201
1594054800,107.437,107.442,107.258,107.292,4609
1594062000,107.292,107.4,107.285,107.393,3103
1594069200,107.346,107.398,107.323,107.373,1993
1594076400,107.374,107.379,107.26,107.289,4846
1594083600,107.288,107.409,107.246,107.394,6442
1594090800,107.396,107.411,107.352,107.363,4135
1594098000,107.363,107.578,107.36,107.575,6333
1594105200,107.574,107.691,107.535,107.685,7274
1594112400,107.686,107.79,107.663,107.706,7516
1594119600,107.706,107.718,107.597,107.611,5245
1594126800,107.611,107.675,107.503,107.55,9664
1594134000,107.548,107.591,107.5,107.516,6555
1594141200,107.516,107.569,107.504,107.52,4332
1594148400,107.52,107.565,107.511,107.526,3483
1594155600,107.524,107.573,107.5,107.555,5535
1594162800,107.555,107.711,107.555,107.701,4463
1594170000,107.704,107.707,107.625,107.628,4880
1594177200,107.628,107.641,107.512,107.521,3153
1594184400,107.521,107.57,107.516,107.544,4736
1594191600,107.545,107.581,107.427,107.574,6258
1594198800,107.574,107.602,107.528,107.563,4501
1594206000,107.563,107.598,107.5,107.549,3812
1594213200,107.552,107.566,107.423,107.507,7162
1594220400,107.508,107.533,107.287,107.298,4996
1594227600,107.297,107.329,107.205,107.206,3478
1594234800,107.205,107.268,107.202,107.259,2280
1594242000,107.236,107.31,107.236,107.286,2033
1594249200,107.285,107.319,107.181,107.289,4717
1594256400,107.294,107.363,107.28,107.311,4779
1594263600,107.311,107.314,107.228,107.275,3951
1594270800,107.275,107.313,107.207,107.265,3540
1594278000,107.265,107.321,107.198,107.286,5086
1594285200,107.287,107.397,107.267,107.356,4379
1594292400,107.356,107.357,107.199,107.21,4397
1594299600,107.216,107.31,107.098,107.267,13475
1594306800,107.271,107.363,107.221,107.309,11126
1594314000,107.308,107.315,107.195,107.198,5170
1594321200,107.198,107.236,107.173,107.2,4185
1594328400,107.163,107.242,107.148,107.199,6255
1594335600,107.198,107.264,107.067,107.074,5381
1594342800,107.074,107.106,107.007,107.065,6653
1594350000,107.063,107.065,106.925,106.944,4750
1594357200,106.945,106.962,106.833,106.843,5915
1594364400,106.844,106.892,106.753,106.761,6913
1594371600,106.76,106.829,106.711,106.792,6559
1594378800,106.791,106.884,106.761,106.794,5446
1594386000,106.793,106.796,106.644,106.749,9428
1594393200,106.747,106.949,106.734,106.907,6657
1594400400,106.908,106.95,106.89,106.936,3726
1594407600,106.936,106.95,106.914,106.915,3227
1594587600,106.883,106.934,106.866,106.893,2147
1594594800,106.894,106.944,106.84,106.853,6531
1594602000,106.855,106.871,106.793,106.798,6170
1594609200,106.799,106.882,106.788,106.872,3848
1594616400,106.87,106.94,106.858,106.931,4776
1594623600,106.93,107.096,106.924,107.061,5823
1594630800,107.061,107.104,107.041,107.067,5160
1594638000,107.068,107.227,107.042,107.198,6703
1594645200,107.202,107.291,107.183,107.263,8887
1594652400,107.261,107.318,107.149,107.172,6329
1594659600,107.174,107.308,107.171,107.278,5281
1594666800,107.278,107.318,107.214,107.286,6233
1594674000,107.245,107.31,107.237,107.298,5859
1594681200,107.297,107.368,107.228,107.248,6253
1594688400,107.247,107.252,107.15,107.189,6226
1594695600,107.189,107.239,107.119,107.239,3560
1594702800,107.241,107.327,107.219,107.312,4471
1594710000,107.311,107.324,107.245,107.315,6955
1594717200,107.315,107.401,107.305,107.398,6110
1594724400,107.395,107.432,107.32,107.352,7308
1594731600,107.353,107.374,107.216,107.236,12326
1594738800,107.237,107.276,107.187,107.197,7182
1594746000,107.197,107.215,107.16,107.201,5463
1594753200,107.201,107.289,107.201,107.234,3035
1594760400,107.166,107.296,107.161,107.269,3301
1594767600,107.269,107.305,107.188,107.299,5645
1594774800,107.299,107.308,107.209,107.278,5435
1594782000,107.278,107.303,107.237,107.261,4168
1594789200,107.262,107.296,107.166,107.171,4897
1594796400,107.17,107.17,106.899,106.903,10972
1594803600,106.902,106.951,106.87,106.898,8680
1594810800,106.898,106.991,106.754,106.817,7967
1594818000,106.815,106.863,106.666,106.831,12241
1594825200,106.829,106.973,106.805,106.941,8417
1594832400,106.942,106.968,106.898,106.955,4163
1594839600,106.954,106.973,106.918,106.941,2528
1594846800,106.929,106.965,106.905,106.919,2071
1594854000,106.917,106.988,106.833,106.965,5491
1594861200,106.964,107.033,106.919,106.956,6474
1594868400,106.956,106.978,106.862,106.874,4272
1594875600,106.876,106.965,106.864,106.949,4906
1594882800,106.948,107.077,106.917,107.045,8036
1594890000,107.045,107.19,107.009,107.13,7299
1594897200,107.13,107.191,107.08,107.164,9002
1594904400,107.163,107.2,107.044,107.112,10842
1594911600,107.112,107.193,107.049,107.192,6622
1594918800,107.193,107.39,107.179,107.37,6946
1594926000,107.371,107.4,107.266,107.276,4225
1594933200,107.202,107.319,107.197,107.316,1852
1594940400,107.317,107.361,107.244,107.272,4151
1594947600,107.272,107.301,107.225,107.251,4954
1594954800,107.251,107.256,107.166,107.19,2497
1594962000,107.191,107.242,107.166,107.196,3591
1594969200,107.196,107.2,107.097,107.138,3592
1594976400,107.139,107.19,107.117,107.136,3082
1594983600,107.134,107.278,107.121,107.241,3104
1594990800,107.242,107.265,107.085,107.147,5124
1594998000,107.148,107.152,107.005,107.027,3688
1595005200,107.03,107.036,106.949,106.957,2430
1595012400,106.957,107.033,106.94,107.02,2624
1595192400,107.043,107.092,106.991,107.03,2189
1595199600,107.026,107.544,107.019,107.387,5851
1595206800,107.384,107.425,107.335,107.385,6046
1595214000,107.386,107.386,107.264,107.264,3262
1595221200,107.264,107.299,107.222,107.248,3459
1595228400,107.247,107.284,107.139,107.197,5204
1595235600,107.196,107.268,107.141,107.141,5736
1595242800,107.141,107.178,107.066,107.17,8198
1595250000,107.17,107.233,107.035,107.179,10844
1595257200,107.182,107.282,107.161,107.272,6190
1595264400,107.271,107.334,107.264,107.302,4128
1595271600,107.301,107.335,107.271,107.272,2352
1595278800,107.238,107.278,107.119,107.251,6339
1595286000,107.253,107.258,107.127,107.204,4793
1595293200,107.205,107.227,107.151,107.201,4689
1595300400,107.202,107.347,107.146,107.326,6099
1595307600,107.327,107.367,107.276,107.3,6731
1595314800,107.299,107.358,107.245,107.29,7498
1595322000,107.292,107.313,107.206,107.279,6602
1595329200,107.278,107.316,107.125,107.182,6791
1595336400,107.181,107.199,106.809,106.906,13411
1595343600,106.904,106.958,106.732,106.744,9175
1595350800,106.743,106.781,106.685,106.776,5995
1595358000,106.776,106.82,106.743,106.791,4477
1595365200,106.737,106.875,106.727,106.868,2721
1595372400,106.868,106.893,106.763,106.835,6720
1595379600,106.833,106.866,106.711,106.754,7339
1595386800,106.755,106.876,106.75,106.867,5129
1595394000,106.866,106.875,106.799,106.847,6890
1595401200,106.848,107.065,106.756,107.024,15110
1595408400,107.023,107.055,106.873,106.997,11193
1595415600,106.998,107.063,106.958,107.062,10466
1595422800,107.061,107.195,107.056,107.167,12964
1595430000,107.171,107.212,107.14,107.186,9379
1595437200,107.186,107.289,107.164,107.236,6984
1595444400,107.235,107.241,107.153,107.159,3897
1595451600,107.119,107.191,107.118,107.162,2781
1595458800,107.163,107.195,107.145,107.156,4815
1595466000,107.155,107.167,107.106,107.155,6094
1595473200,107.156,107.178,107.11,107.158,4428
1595480400,107.16,107.177,107.095,107.115,6710
1595487600,107.116,107.178,107.074,107.134,9534
1595494800,107.134,107.176,107.133,107.151,7412
1595502000,107.152,107.195,107.086,107.193,10181
1595509200,107.193,107.229,106.951,106.984,12472
1595516400,106.984,107.032,106.821,106.822,11724
1595523600,106.823,106.867,106.729,106.735,8710
1595530800,106.735,106.88,106.711,106.848,7059
1595538000,106.85,106.898,106.736,106.83,10958
1595545200,106.83,106.851,106.514,106.53,6798
1595552400,106.528,106.602,106.467,106.515,7852
1595559600,106.515,106.525,106.361,106.415,6696
1595566800,106.416,106.488,106.311,106.314,7856
1595574000,106.314,106.434,106.173,106.415,11798
1595581200,106.416,106.433,106.285,106.42,8529
1595588400,106.421,106.423,106.123,106.129,8868
1595595600,106.128,106.158,105.763,105.842,16759
1595602800,105.843,105.926,105.685,105.701,9241
1595610000,105.702,106.024,105.684,106.005,6352
1595617200,106.006,106.135,105.948,106.121,4187
1595797200,106.025,106.103,105.875,105.981,3062
1595804400,105.981,106.053,105.795,105.799,9460
1595811600,105.805,105.85,105.55,105.566,8683
1595818800,105.569,105.664,105.449,105.597,8827
1595826000,105.598,105.668,105.384,105.475,8147
1595833200,105.475,105.619,105.419,105.523,11638
1595840400,105.522,105.541,105.248,105.274,9334
1595847600,105.274,105.474,105.244,105.422,11753
1595854800,105.421,105.474,105.116,105.138,13658
1595862000,105.139,105.335,105.12,105.299,9555
1595869200,105.3,105.391,105.271,105.382,5897
1595876400,105.383,105.453,105.371,105.381,4315
1595883600,105.371,105.416,105.296,105.32,3451
1595890800,105.32,105.386,105.22,105.328,8172
1595898000,105.33,105.477,105.262,105.455,9212
1595905200,105.453,105.685,105.436,105.577,9980
1595912400,105.578,105.638,105.501,105.561,6559
1595919600,105.561,105.664,105.39,105.403,10269
1595926800,105.404,105.412,105.152,105.213,9154
1595934000,105.212,105.373,105.086,105.089,10343
1595941200,105.09,105.237,104.957,104.963,14707
1595948400,104.962,105.141,104.961,105.062,6781
1595955600,105.061,105.186,104.996,105.104,3312
1595962800,105.104,105.156,105.059,105.075,3069
1595970000,105.041,105.128,105.025,105.095,3395
1595977200,105.093,105.15,104.957,105.127,6488
1595984400,105.128,105.242,105.029,105.05,7362
1595991600,105.049,105.114,105.008,105.084,5804
1595998800,105.081,105.095,104.939,104.968,7648
1596006000,104.968,105.008,104.8,104.912,12165
1596013200,104.912,105.031,104.887,104.999,8626
1596020400,105.002,105.195,104.933,105.034,10998
1596027600,105.034,105.112,104.895,105.096,15007
1596034800,105.096,105.146,104.964,105,8486
1596042000,105.001,105.083,104.773,105.04,14342
1596049200,105.038,105.154,104.899,104.923,11353
1596056400,104.905,104.975,104.878,104.962,4579
1596063600,104.962,105.154,104.951,105.017,8000
1596070800,105.018,105.103,104.984,105.063,8291
1596078000,105.063,105.118,105.006,105.105,5378
1596085200,105.104,105.294,105.102,105.205,10942
1596092400,105.204,105.204,105.01,105.082,12889
1596099600,105.081,105.165,104.998,105.101,10111
1596106800,105.098,105.279,105.044,105.052,11300
1596114000,105.05,105.187,104.906,105.022,20942
1596121200,105.02,105.14,104.939,104.952,10734
1596128400,104.953,104.958,104.802,104.826,8519
1596135600,104.825,104.871,104.681,104.737,6106
1596142800,104.713,104.813,104.697,104.72,6306
1596150000,104.719,104.775,104.477,104.549,13400
1596157200,104.551,104.592,104.188,104.258,14084
1596164400,104.259,104.429,104.21,104.311,9801
1596171600,104.311,104.392,104.244,104.337,9326
1596178800,104.342,104.712,104.291,104.689,12829
1596186000,104.69,104.859,104.547,104.684,11332
1596193200,104.683,105.197,104.683,105.136,14271
1596200400,105.133,105.794,105.115,105.719,25170
1596207600,105.718,106.055,105.643,105.843,17987
1596214800,105.837,105.864,105.741,105.761,8934
1596222000,105.758,105.966,105.746,105.93,7017
1596402000,105.769,105.863,105.706,105.786,6605
1596409200,105.783,106.43,105.78,106.16,16780
1596416400,106.161,106.237,105.811,105.873,16345
1596423600,105.873,105.913,105.778,105.822,7871
1596430800,105.824,105.994,105.787,105.975,9321
1596438000,105.976,105.996,105.581,105.594,14154
1596445200,105.595,106.144,105.585,106.104,14715
1596452400,106.106,106.298,106.014,106.272,13892
1596459600,106.274,106.471,106.064,106.096,18802
1596466800,106.094,106.194,106.065,106.094,10711
1596474000,106.093,106.12,105.98,105.988,10070
1596481200,105.988,106.027,105.906,105.949,5138
1596488400,105.907,106.042,105.907,106.032,2586
1596495600,106.032,106.146,106.003,106.125,8041
1596502800,106.126,106.191,106.06,106.099,7501
1596510000,106.098,106.127,106.046,106.047,4609
1596517200,106.046,106.13,106.007,106.016,6730
1596524400,106.015,106.05,105.838,105.95,12181
1596531600,105.948,106.14,105.876,106.117,10117
1596538800,106.12,106.194,106.031,106.168,12957
1596546000,106.168,106.182,105.73,105.921,16478
1596553200,105.925,105.949,105.754,105.754,10089
1596560400,105.756,105.818,105.717,105.769,6863
1596567600,105.767,105.767,105.639,105.717,5731
1596574800,105.685,105.796,105.65,105.779,2968
1596582000,105.779,105.784,105.559,105.592,9391
1596589200,105.591,105.636,105.512,105.574,8582
1596596400,105.575,105.651,105.543,105.574,5404
1596603600,105.574,105.751,105.556,105.618,7043
1596610800,105.618,105.796,105.615,105.686,12311
1596618000,105.685,105.819,105.649,105.818,11706
1596625200,105.814,105.873,105.501,105.502,15061
1596632400,105.501,105.598,105.322,105.566,17631
1596639600,105.567,105.627,105.403,105.543,11454
1596646800,105.542,105.677,105.478,105.622,6784
1596654000,105.619,105.649,105.571,105.595,4964
1596661200,105.517,105.619,105.517,105.602,2626
1596668400,105.601,105.618,105.46,105.535,7370
1596675600,105.536,105.608,105.484,105.532,7340
1596682800,105.531,105.541,105.502,105.524,5023
1596690000,105.524,105.552,105.392,105.471,11358
1596697200,105.472,105.698,105.472,105.673,12969
1596704400,105.672,105.692,105.508,105.538,10366
1596711600,105.538,105.583,105.396,105.566,12966
1596718800,105.569,105.601,105.301,105.509,17231
1596726000,105.512,105.582,105.394,105.478,12789
1596733200,105.477,105.646,105.406,105.579,8523
1596740400,105.58,105.641,105.523,105.546,5621
1596747600,105.495,105.539,105.49,105.508,2320
1596754800,105.509,105.594,105.504,105.562,6526
1596762000,105.562,105.596,105.523,105.583,7560
1596769200,105.581,105.644,105.541,105.557,8142
1596776400,105.558,105.596,105.482,105.588,7173
1596783600,105.588,105.684,105.535,105.596,10528
1596790800,105.596,105.735,105.571,105.661,9430
1596798000,105.662,105.873,105.553,105.607,13469
1596805200,105.601,106.057,105.563,105.874,20926
1596812400,105.872,106.025,105.783,106.02,12355
1596819600,106.02,106.021,105.889,105.94,8366
1596826800,105.944,105.996,105.914,105.914,4460
1597006800,105.835,105.953,105.799,105.916,4366
1597014000,105.915,105.915,105.744,105.751,5213
1597021200,105.752,105.795,105.723,105.786,4666
1597028400,105.787,105.804,105.767,105.776,2661
1597035600,105.777,105.925,105.75,105.915,5260
1597042800,105.916,106.047,105.897,105.946,9749
1597050000,105.946,106.176,105.91,106.16,7316
1597057200,106.159,106.201,105.973,105.993,8269
1597064400,105.996,106.002,105.754,105.774,13779
1597071600,105.773,105.916,105.708,105.853,10267
1597078800,105.852,105.951,105.837,105.943,5291
1597086000,105.944,105.975,105.917,105.96,4010
1597093200,105.936,105.97,105.913,105.949,2124
1597100400,105.951,106.177,105.947,106.154,6808
1597107600,106.153,106.175,105.976,106.052,6855
1597114800,106.051,106.091,106.023,106.078,4447
1597122000,106.079,106.222,106.079,106.169,7494
1597129200,106.168,106.24,106.059,106.1,11761
1597136400,106.1,106.14,106.027,106.121,10160
1597143600,106.124,106.158,105.93,105.971,12509
1597150800,105.976,106.465,105.968,106.441,20179
1597158000,106.443,106.576,106.415,106.544,11129
1597165200,106.543,106.683,106.525,106.66,7725
1597172400,106.659,106.678,106.428,106.494,6552
1597179600,106.492,106.537,106.441,106.476,2896
1597186800,106.476,106.67,106.457,106.547,8700
1597194000,106.546,106.738,106.514,106.714,11632
1597201200,106.714,106.798,106.675,106.771,9230
1597208400,106.772,106.791,106.676,106.784,9097
1597215600,106.784,106.828,106.742,106.807,12501
1597222800,106.806,106.888,106.745,106.851,9279
1597230000,106.85,107.015,106.761,106.784,11914
1597237200,106.78,106.96,106.687,106.89,18148
1597244400,106.889,106.979,106.813,106.826,10901
1597251600,106.826,106.874,106.78,106.861,7092
1597258800,106.862,106.908,106.819,106.875,5280
1597266000,106.783,106.886,106.767,106.877,2224
1597273200,106.878,106.884,106.676,106.693,6893
1597280400,106.694,106.776,106.602,106.716,7570
1597287600,106.717,106.791,106.635,106.788,5142
1597294800,106.79,106.791,106.567,106.692,8337
1597302000,106.691,106.79,106.615,106.745,11244
1597309200,106.745,106.869,106.734,106.836,9962
1597316400,106.838,106.994,106.809,106.922,11302
1597323600,106.926,106.985,106.738,106.872,14412
1597330800,106.872,106.914,106.825,106.877,8927
1597338000,106.878,107.049,106.864,106.919,11207
1597345200,106.92,106.987,106.881,106.923,5001
1597352400,106.86,106.967,106.852,106.962,2291
1597359600,106.963,107.038,106.92,106.955,6918
1597366800,106.955,107.001,106.923,106.945,5714
1597374000,106.944,106.96,106.858,106.881,3492
1597381200,106.879,106.895,106.797,106.84,5263
1597388400,106.841,106.847,106.668,106.715,9315
1597395600,106.717,106.756,106.675,106.692,7706
1597402800,106.692,106.717,106.557,106.569,8512
1597410000,106.568,106.652,106.439,106.448,12640
1597417200,106.447,106.546,106.436,106.476,9654
1597424400,106.477,106.615,106.465,106.557,6804
1597431600,106.558,106.63,106.551,106.572,3709
1597611600,106.531,106.636,106.53,106.6,2459
1597618800,106.599,106.654,106.485,106.522,7116
1597626000,106.52,106.569,106.46,106.547,6578
1597633200,106.549,106.621,106.49,106.595,4662
1597640400,106.596,106.618,106.468,106.483,5915
1597647600,106.482,106.534,106.404,106.481,9458
1597654800,106.482,106.49,106.309,106.358,8916
1597662000,106.359,106.388,106.192,106.261,9817
1597669200,106.261,106.266,105.99,106.057,11636
1597676400,106.056,106.085,105.946,105.989,8640
1597683600,105.988,106.059,105.944,106.033,6352
1597690800,106.032,106.039,105.954,105.999,3547
1597698000,105.955,106.042,105.954,106.031,8057
1597705200,106.029,106.053,105.752,105.763,7873
1597712400,105.764,105.826,105.635,105.647,9090
1597719600,105.638,105.679,105.569,105.639,6341
1597726800,105.639,105.639,105.461,105.523,7201
1597734000,105.526,105.659,105.403,105.561,11406
1597741200,105.563,105.641,105.493,105.551,8247
1597748400,105.551,105.575,105.366,105.475,9741
1597755600,105.472,105.568,105.284,105.455,18088
1597762800,105.454,105.478,105.331,105.34,9508
1597770000,105.34,105.461,105.34,105.405,4544
1597777200,105.406,105.439,105.366,105.406,3468
1597784400,105.398,105.455,105.351,105.354,3296
1597791600,105.352,105.392,105.103,105.169,8853
1597798800,105.172,105.534,105.137,105.504,10274
1597806000,105.502,105.592,105.438,105.561,6397
1597813200,105.563,105.605,105.488,105.544,7967
1597820400,105.544,105.583,105.37,105.385,9855
1597827600,105.386,105.442,105.238,105.281,8662
1597834800,105.279,105.459,105.172,105.447,9799
1597842000,105.445,105.729,105.345,105.625,15396
1597849200,105.624,105.797,105.617,105.732,12595
1597856400,105.732,106.02,105.648,105.901,16001
1597863600,105.903,106.153,105.899,106.112,8330
1597870800,106.115,106.126,105.97,105.977,4055
1597878000,105.976,106.154,105.974,106.088,8764
1597885200,106.087,106.216,106.042,106.085,10902
1597892400,106.086,106.103,105.982,106.026,6499
1597899600,106.029,106.13,106.024,106.111,8579
1597906800,106.113,106.123,105.914,105.941,14524
1597914000,105.942,106.045,105.881,105.954,11098
1597921200,105.955,105.987,105.77,105.921,11637
1597928400,105.917,106.047,105.892,105.945,17311
1597935600,105.949,105.958,105.766,105.85,8764
1597942800,105.851,105.916,105.744,105.754,6317
1597950000,105.754,105.813,105.748,105.794,4315
1597957200,105.767,105.807,105.742,105.748,1758
1597964400,105.745,105.756,105.623,105.687,7601
1597971600,105.686,105.753,105.65,105.657,8950
1597978800,105.658,105.702,105.62,105.626,4296
1597986000,105.628,105.637,105.558,105.561,6996
1597993200,105.561,105.586,105.441,105.521,12777
1598000400,105.522,105.742,105.495,105.672,10647
1598007600,105.671,105.873,105.639,105.727,13511
1598014800,105.727,106.072,105.651,105.952,17429
1598022000,105.952,106.009,105.859,105.875,9380
1598029200,105.874,105.916,105.799,105.819,7171
1598036400,105.82,105.872,105.796,105.818,3729
1598216400,105.763,105.924,105.739,105.883,2939
1598223600,105.88,105.942,105.755,105.775,8380
1598230800,105.777,105.834,105.689,105.809,6978
1598238000,105.809,105.878,105.79,105.856,4798
1598245200,105.856,105.924,105.781,105.826,7279
1598252400,105.825,105.881,105.78,105.828,9754
1598259600,105.829,105.846,105.702,105.736,7004
1598266800,105.738,105.843,105.699,105.79,8572
1598274000,105.791,105.868,105.724,105.852,12949
1598281200,105.852,105.948,105.851,105.888,7526
1598288400,105.889,105.979,105.871,105.961,4117
1598295600,105.963,105.998,105.959,105.981,2399
1598302800,105.975,105.996,105.96,105.96,8473
1598310000,105.959,106.054,105.933,105.995,6872
1598317200,105.996,106.043,105.873,105.92,6951
1598324400,105.919,106.007,105.916,105.989,5165
1598331600,105.988,106.148,105.981,106.128,6111
1598338800,106.127,106.374,106.095,106.334,10739
1598346000,106.333,106.498,106.248,106.467,9860
1598353200,106.468,106.495,106.251,106.422,10328
1598360400,106.423,106.552,106.283,106.532,13218
1598367600,106.529,106.578,106.377,106.442,7761
1598374800,106.443,106.467,106.299,106.34,4598
1598382000,106.34,106.415,106.34,106.39,3107
1598389200,106.365,106.397,106.328,106.361,2575
1598396400,106.362,106.556,106.338,106.467,7870
1598403600,106.466,106.523,106.408,106.478,6843
1598410800,106.477,106.503,106.378,106.391,4849
1598418000,106.391,106.429,106.319,106.333,7304
1598425200,106.334,106.387,106.16,106.223,11030
1598432400,106.225,106.323,106.188,106.262,7912
1598439600,106.26,106.465,106.221,106.4,9422
1598446800,106.4,106.426,106.106,106.142,11330
1598454000,106.14,106.183,105.999,106.008,7067
1598461200,106.008,106.056,105.963,106.018,4929
1598468400,106.019,106.046,105.957,105.986,3342
1598475600,105.998,106.017,105.839,105.885,11745
1598482800,105.885,105.936,105.803,105.93,7389
1598490000,105.928,106.076,105.912,106.008,8378
1598497200,106.007,106.022,105.926,105.945,5122
1598504400,105.945,106.057,105.945,106.015,6566
1598511600,106.016,106.205,105.927,106.051,10058
1598518800,106.05,106.097,105.986,106.085,7130
1598526000,106.084,106.173,106.012,106.091,9997
1598533200,106.092,106.489,105.604,106.441,31046
1598540400,106.441,106.7,106.357,106.681,14316
1598547600,106.682,106.688,106.543,106.614,8762
1598554800,106.618,106.624,106.537,106.571,4121
1598562000,106.558,106.614,106.506,106.61,5622
1598569200,106.608,106.789,106.565,106.653,9982
1598576400,106.653,106.837,106.605,106.797,9590
1598583600,106.797,106.947,106.702,106.702,9394
1598590800,106.703,106.735,106.104,106.191,21105
1598598000,106.189,106.223,105.847,105.86,17491
1598605200,105.861,105.88,105.326,105.349,15536
1598612400,105.349,105.564,105.203,105.538,13919
1598619600,105.539,105.735,105.253,105.311,18383
1598626800,105.31,105.43,105.239,105.402,10528
1598634000,105.402,105.478,105.383,105.411,7176
1598641200,105.407,105.464,105.334,105.341,4847
1598821200,105.438,105.803,105.27,105.653,5460
1598828400,105.647,105.647,105.292,105.406,13080
1598835600,105.407,105.611,105.345,105.512,10915
1598842800,105.513,105.692,105.428,105.671,7032
1598850000,105.673,105.699,105.557,105.648,9463
1598857200,105.652,105.925,105.652,105.886,12454
1598864400,105.886,105.969,105.789,105.922,9982
1598871600,105.926,105.993,105.902,105.99,9902
1598878800,105.989,106.097,105.949,106.045,15079
1598886000,106.046,106.073,105.783,105.819,11235
1598893200,105.821,105.9,105.788,105.881,6822
1598900400,105.885,105.926,105.857,105.904,4994
1598907600,105.918,105.927,105.845,105.882,3037
1598914800,105.88,106.033,105.813,105.823,8394
1598922000,105.823,105.832,105.594,105.615,11835
1598929200,105.616,105.768,105.613,105.764,7587
1598936400,105.765,105.785,105.623,105.712,10532
1598943600,105.715,105.794,105.593,105.74,13127
1598950800,105.742,105.906,105.703,105.822,10027
1598958000,105.823,105.966,105.804,105.857,10915
1598965200,105.854,106.153,105.781,106.008,17729
1598972400,106.008,106.027,105.919,106.017,10338
1598979600,106.017,106.088,105.906,105.962,10033
1598986800,105.965,105.997,105.92,105.957,3241
1598994000,105.961,105.988,105.927,105.931,2631
1599001200,105.929,106.056,105.851,106.038,6225
1599008400,106.039,106.128,105.99,106.035,8110
1599015600,106.036,106.092,106.022,106.037,3898
1599022800,106.038,106.074,105.991,106.026,5513
1599030000,106.027,106.228,105.962,106.192,10292
1599037200,106.193,106.23,106.087,106.192,5794
1599044400,106.192,106.286,106.108,106.149,8611
1599051600,106.145,106.298,106.125,106.148,12261
1599058800,106.148,106.205,106.106,106.172,8083
1599066000,106.171,106.301,106.171,106.296,5369
1599073200,106.296,106.299,106.164,106.186,3668
1599080400,106.105,106.223,106.097,106.211,3139
1599087600,106.21,106.265,106.183,106.229,6763
1599094800,106.23,106.258,106.189,106.235,8094
1599102000,106.235,106.313,106.222,106.291,5412
1599109200,106.291,106.343,106.228,106.269,9443
1599116400,106.272,106.289,106.178,106.254,10809
1599123600,106.254,106.474,106.235,106.463,9816
1599130800,106.463,106.551,106.383,106.389,10341
1599138000,106.392,106.437,106.127,106.233,13784
1599145200,106.235,106.253,106.025,106.109,14587
1599152400,106.107,106.108,106.003,106.065,7944
1599159600,106.065,106.192,106.038,106.186,4948
1599166800,106.162,106.199,106.114,106.166,2163
1599174000,106.162,106.214,106.057,106.131,8570
1599181200,106.132,106.223,106.107,106.219,7204
1599188400,106.22,106.223,106.137,106.137,4131
1599195600,106.138,106.196,106.128,106.135,5557
1599202800,106.136,106.248,106.1,106.208,8619
1599210000,106.208,106.227,106.153,106.181,6238
1599217200,106.18,106.467,106.153,106.431,11925
1599224400,106.432,106.505,106.295,106.31,16543
1599231600,106.311,106.376,106.232,106.257,10305
1599238800,106.256,106.272,106.177,106.206,5954
1599246000,106.206,106.262,106.193,106.24,3565
1599426000,106.218,106.277,106.212,106.272,2367
1599433200,106.272,106.387,106.24,106.358,6496
1599440400,106.359,106.365,106.217,106.271,7312
1599447600,106.27,106.3,106.235,106.248,3374
1599454800,106.248,106.317,106.248,106.252,4783
1599462000,106.252,106.276,106.133,106.2,9225
1599469200,106.197,106.27,106.167,106.24,7377
1599476400,106.239,106.252,106.186,106.207,5307
1599483600,106.209,106.289,106.203,106.277,6940
1599490800,106.276,106.325,106.256,106.298,4699
1599498000,106.297,106.301,106.271,106.293,4172
1599505200,106.294,106.301,106.231,106.255,2545
1599512400,106.267,106.311,106.262,106.307,1219
1599519600,106.307,106.315,106.241,106.283,5155
1599526800,106.285,106.313,106.248,106.271,5274
1599534000,106.272,106.295,106.249,106.271,3073
1599541200,106.272,106.287,106.209,106.215,6083
1599548400,106.216,106.295,106.203,106.294,7606
1599555600,106.293,106.383,106.249,106.31,9414
1599562800,106.309,106.318,105.901,105.989,12802
1599570000,105.988,106.044,105.899,105.939,15691
1599577200,105.941,106.012,105.862,105.93,8933
1599584400,105.93,106.054,105.915,106.054,5769
1599591600,106.056,106.076,106.014,106.027,4932
1599598800,106.014,106.061,105.831,105.982,6089
1599606000,105.985,106.051,105.869,105.983,8919
1599613200,105.985,105.986,105.9,105.94,6548
1599620400,105.937,105.958,105.883,105.901,4225
1599627600,105.901,105.946,105.792,105.822,6898
1599634800,105.825,106.046,105.822,105.99,10993
1599642000,105.993,106.168,105.973,106.135,7269
1599649200,106.133,106.249,106.086,106.181,10934
1599656400,106.179,106.239,106.132,106.233,13470
1599663600,106.231,106.274,106.219,106.249,6741
1599670800,106.25,106.274,106.191,106.209,4962
1599678000,106.214,106.228,106.155,106.177,2728
1599685200,106.157,106.222,106.157,106.195,4290
1599692400,106.192,106.302,106.176,106.183,5928
1599699600,106.182,106.231,106.135,106.137,6607
1599706800,106.136,106.144,106.057,106.105,4721
1599714000,106.105,106.16,106.076,106.093,5774
1599721200,106.092,106.116,106.006,106.058,7633
1599728400,106.058,106.127,106.043,106.089,6076
1599735600,106.089,106.158,105.983,106.033,12134
1599742800,106.033,106.21,106.021,106.169,12443
1599750000,106.17,106.219,106.152,106.175,8007
1599757200,106.177,106.237,106.11,106.115,8166
1599764400,106.114,106.153,106.091,106.131,4309
1599771600,106.145,106.189,106.096,106.169,9246
1599778800,106.168,106.185,106.08,106.134,6280
1599786000,106.133,106.209,106.125,106.191,5911
1599793200,106.191,106.193,106.138,106.166,5481
1599800400,106.167,106.195,106.155,106.175,5267
1599807600,106.175,106.262,106.152,106.233,9222
1599814800,106.233,106.251,106.183,106.193,6541
1599822000,106.193,106.195,106.131,106.154,6793
1599829200,106.154,106.214,106.086,106.199,9012
1599836400,106.197,106.208,106.124,106.16,6043
1599843600,106.16,106.198,106.058,106.108,6241
1599850800,106.109,106.146,106.071,106.145,2860
1600030800,106.064,106.138,106.062,106.117,1474
1600038000,106.113,106.165,106.106,106.141,4736
1600045200,106.142,106.158,106.098,106.104,4709
1600052400,106.102,106.102,106.012,106.051,3745
1600059600,106.051,106.112,106.01,106.045,5325
1600066800,106.043,106.044,105.909,105.997,7943
1600074000,105.997,106.048,105.914,105.938,6597
1600081200,105.936,106.032,105.923,105.932,6264
1600088400,105.933,105.934,105.548,105.65,11391
1600095600,105.65,105.703,105.629,105.651,5780
1600102800,105.651,105.717,105.632,105.704,4291
1600110000,105.705,105.739,105.677,105.733,3199
1600117200,105.7,105.743,105.671,105.725,1833
1600124400,105.726,105.75,105.659,105.71,4495
1600131600,105.711,105.717,105.607,105.68,6125
1600138800,105.679,105.703,105.605,105.682,4804
1600146000,105.683,105.731,105.629,105.721,5891
1600153200,105.722,105.792,105.666,105.792,8468
1600160400,105.789,105.814,105.601,105.601,7498
1600167600,105.601,105.607,105.387,105.404,9689
1600174800,105.407,105.489,105.301,105.467,12110
1600182000,105.468,105.515,105.433,105.458,6550
1600189200,105.46,105.542,105.423,105.462,5197
1600196400,105.462,105.471,105.393,105.442,3207
1600203600,105.357,105.432,105.335,105.42,1660
1600210800,105.42,105.429,105.261,105.348,6273
1600218000,105.351,105.375,105.258,105.289,6919
1600225200,105.288,105.309,105.252,105.299,3944
1600232400,105.298,105.397,105.272,105.382,4977
1600239600,105.381,105.4,105.163,105.196,7320
1600246800,105.195,105.221,105,105.034,7225
1600254000,105.034,105.148,104.854,104.883,8827
1600261200,104.884,104.962,104.807,104.826,12304
1600268400,104.827,104.95,104.819,104.904,6696
1600275600,104.905,105.145,104.8,105.006,18240
1600282800,105.008,105.058,104.917,104.944,9845
1600290000,104.88,105.004,104.869,104.993,5725
1600297200,104.989,105.072,104.878,105.052,7517
1600304400,105.052,105.172,105.009,105.046,9014
1600311600,105.047,105.105,105.028,105.073,5969
1600318800,105.074,105.085,104.788,104.855,8209
1600326000,104.853,104.868,104.693,104.74,11516
1600333200,104.74,104.83,104.679,104.729,7668
1600340400,104.73,104.769,104.526,104.551,11049
1600347600,104.552,104.784,104.53,104.704,12710
1600354800,104.705,104.843,104.687,104.827,7689
1600362000,104.828,104.844,104.683,104.691,4848
1600369200,104.692,104.748,104.664,104.738,4160
1600376400,104.7,104.771,104.669,104.726,1716
1600383600,104.725,104.824,104.676,104.749,6989
1600390800,104.749,104.872,104.704,104.856,7098
1600398000,104.855,104.861,104.778,104.803,4012
1600405200,104.807,104.829,104.686,104.699,5421
1600412400,104.697,104.7,104.409,104.474,8931
1600419600,104.478,104.521,104.273,104.324,7546
1600426800,104.326,104.454,104.315,104.39,7843
1600434000,104.39,104.479,104.288,104.312,9372
1600441200,104.313,104.447,104.311,104.378,6005
1600448400,104.379,104.555,104.375,104.548,6342
1600455600,104.547,104.636,104.547,104.566,3689
1600635600,104.534,104.575,104.431,104.498,2513
1600642800,104.5,104.572,104.438,104.448,5218
1600650000,104.448,104.454,104.323,104.327,4510
1600657200,104.327,104.331,104.271,104.293,3671
1600664400,104.295,104.377,104.288,104.319,4775
1600671600,104.321,104.336,104.001,104.119,13906
1600678800,104.12,104.236,104.034,104.043,9568
1600686000,104.044,104.194,104.006,104.163,9898
1600693200,104.162,104.89,104.128,104.536,15961
1600700400,104.537,104.752,104.519,104.742,8728
1600707600,104.742,104.84,104.72,104.792,6446
1600714800,104.792,104.792,104.641,104.644,4830
1600722000,104.693,104.708,104.654,104.681,1748
1600729200,104.682,104.752,104.647,104.653,4506
1600736400,104.653,104.671,104.462,104.516,5965
1600743600,104.517,104.578,104.488,104.535,3732
1600750800,104.534,104.65,104.516,104.588,5814
1600758000,104.587,104.736,104.509,104.552,10542
1600765200,104.552,104.616,104.407,104.441,7432
1600772400,104.442,104.637,104.441,104.549,9247
1600779600,104.549,104.996,104.539,104.98,12682
1600786800,104.978,105.077,104.936,105.025,9614
1600794000,105.027,105.041,104.918,104.935,5795
1600801200,104.936,104.985,104.912,104.945,3164
1600808400,104.904,105.013,104.865,104.959,1885
1600815600,104.955,105.178,104.954,105.11,8207
1600822800,105.107,105.198,105.055,105.083,7980
1600830000,105.082,105.122,105.054,105.069,5045
1600837200,105.07,105.153,105.042,105.107,6637
1600844400,105.106,105.108,104.93,105.078,10771
1600851600,105.08,105.085,104.928,105.021,7564
1600858800,105.023,105.227,104.998,105.176,9211
1600866000,105.175,105.352,105.092,105.293,11826
1600873200,105.293,105.428,105.258,105.419,7937
1600880400,105.421,105.432,105.329,105.418,6638
1600887600,105.418,105.496,105.357,105.361,5784
1600894800,105.366,105.397,105.291,105.343,2098
1600902000,105.342,105.454,105.286,105.398,8992
1600909200,105.402,105.478,105.357,105.414,6676
1600916400,105.415,105.458,105.394,105.448,4161
1600923600,105.447,105.47,105.252,105.262,7550
1600930800,105.262,105.385,105.205,105.346,10445
1600938000,105.347,105.477,105.301,105.472,7916
1600945200,105.472,105.531,105.322,105.41,9675
1600952400,105.41,105.486,105.349,105.48,12106
1600959600,105.481,105.524,105.392,105.46,8277
1600966800,105.46,105.461,105.37,105.416,6748
1600974000,105.417,105.45,105.365,105.41,4872
1600981200,105.393,105.435,105.382,105.419,2008
1600988400,105.416,105.544,105.398,105.51,6229
1600995600,105.511,105.536,105.446,105.462,6104
1601002800,105.459,105.485,105.386,105.388,3872
1601010000,105.389,105.408,105.241,105.25,6851
1601017200,105.249,105.455,105.247,105.439,9667
1601024400,105.439,105.484,105.388,105.445,8924
1601031600,105.445,105.531,105.408,105.5,8701
1601038800,105.499,105.7,105.463,105.647,11251
1601046000,105.649,105.662,105.549,105.614,7931
1601053200,105.613,105.641,105.568,105.595,4867
1601060400,105.595,105.618,105.544,105.55,5156
1601240400,105.48,105.691,105.434,105.57,2204
1601247600,105.57,105.596,105.359,105.392,7026
1601254800,105.391,105.519,105.323,105.331,7056
1601262000,105.332,105.37,105.296,105.301,4141
1601269200,105.303,105.392,105.264,105.383,6362
1601276400,105.387,105.45,105.326,105.333,9006
1601283600,105.333,105.369,105.289,105.338,6419
1601290800,105.339,105.492,105.32,105.489,10064
1601298000,105.489,105.625,105.428,105.62,11701
1601305200,105.62,105.665,105.503,105.559,8591
1601312400,105.56,105.571,105.505,105.518,6994
1601319600,105.517,105.546,105.46,105.487,3781
1601326800,105.483,105.546,105.477,105.54,2732
1601334000,105.54,105.548,105.343,105.388,6995
1601341200,105.387,105.548,105.378,105.516,7137
1601348400,105.519,105.566,105.456,105.564,6128
1601355600,105.565,105.705,105.557,105.656,8936
1601362800,105.658,105.733,105.54,105.675,10909
1601370000,105.676,105.682,105.55,105.597,8903
1601377200,105.596,105.68,105.586,105.643,10230
1601384400,105.643,105.701,105.536,105.682,11772
1601391600,105.68,105.706,105.6,105.659,8187
1601398800,105.658,105.699,105.631,105.679,5682
1601406000,105.678,105.694,105.629,105.679,4938
1601413200,105.602,105.672,105.597,105.652,1520
1601420400,105.651,105.797,105.646,105.792,5622
1601427600,105.792,105.803,105.581,105.632,8046
1601434800,105.633,105.644,105.502,105.502,10069
1601442000,105.501,105.584,105.435,105.579,8553
1601449200,105.58,105.701,105.557,105.659,10822
1601456400,105.66,105.708,105.635,105.703,8548
1601463600,105.704,105.735,105.641,105.662,10497
1601470800,105.662,105.747,105.518,105.524,15226
1601478000,105.523,105.636,105.404,105.532,14695
1601485200,105.53,105.571,105.43,105.492,10453
1601492400,105.495,105.502,105.418,105.438,7163
1601499600,105.463,105.512,105.403,105.419,3471
1601506800,105.417,105.547,105.417,105.503,7282
1601514000,105.502,105.551,105.454,105.462,5595
1601521200,105.461,105.485,105.418,105.444,7241
1601528400,105.444,105.533,105.438,105.487,7949
1601535600,105.485,105.604,105.464,105.592,11821
1601542800,105.593,105.623,105.54,105.593,8661
1601550000,105.593,105.609,105.444,105.578,16085
1601557200,105.577,105.728,105.574,105.641,14612
1601564400,105.641,105.642,105.518,105.553,13125
1601571600,105.553,105.61,105.542,105.554,8690
1601578800,105.555,105.569,105.529,105.546,5886
1601586000,105.529,105.58,105.502,105.56,7770
1601593200,105.56,105.58,105.513,105.548,10504
1601600400,105.548,105.634,105.534,105.628,7461
1601607600,105.627,105.666,105.545,105.552,7174
1601614800,105.55,105.556,104.942,105.072,19912
1601622000,105.073,105.27,105.035,105.205,12171
1601629200,105.202,105.222,105.068,105.181,8009
1601636400,105.181,105.339,105.121,105.207,11793
1601643600,105.208,105.395,105.169,105.355,14636
1601650800,105.357,105.383,105.322,105.375,8836
1601658000,105.374,105.395,105.337,105.39,7363
1601665200,105.391,105.394,105.328,105.33,3913
1601845200,105.277,105.559,105.233,105.51,5788
1601852400,105.511,105.591,105.481,105.552,11653
1601859600,105.552,105.606,105.502,105.553,6580
1601866800,105.555,105.567,105.51,105.56,5803
1601874000,105.561,105.623,105.547,105.621,6139
1601881200,105.623,105.681,105.562,105.638,9278
1601888400,105.638,105.663,105.595,105.648,7334
1601895600,105.648,105.661,105.568,105.584,10372
1601902800,105.585,105.671,105.538,105.638,12023
1601910000,105.638,105.794,105.637,105.755,8319
1601917200,105.753,105.77,105.69,105.722,7060
1601924400,105.722,105.78,105.713,105.739,4354
1601931600,105.72,105.78,105.701,105.777,2550
1601938800,105.774,105.784,105.615,105.685,7621
1601946000,105.684,105.745,105.65,105.678,5814
1601953200,105.678,105.685,105.617,105.62,5698
1601960400,105.619,105.695,105.617,105.692,6079
1601967600,105.692,105.704,105.519,105.541,10756
1601974800,105.541,105.655,105.526,105.654,7562
1601982000,105.653,105.673,105.585,105.665,10633
1601989200,105.665,105.704,105.589,105.617,11100
1601996400,105.617,105.656,105.582,105.617,6637
1602003600,105.618,105.659,105.502,105.558,7183
1602010800,105.556,105.692,105.47,105.634,9649
1602018000,105.61,105.657,105.595,105.619,3649
1602025200,105.619,105.695,105.609,105.658,6743
1602032400,105.658,105.688,105.633,105.657,5159
1602039600,105.657,105.742,105.656,105.726,5144
1602046800,105.726,105.772,105.709,105.731,6796
1602054000,105.732,105.991,105.717,105.988,11744
1602061200,105.989,106.108,105.977,106.08,9566
1602068400,106.079,106.09,105.894,105.898,10019
1602075600,105.897,106.038,105.853,106.023,13023
1602082800,106.025,106.039,105.939,105.96,6696
1602090000,105.961,106.047,105.947,106.034,5781
1602097200,106.033,106.082,105.949,105.966,6200
1602104400,105.968,106.005,105.931,105.963,10811
1602111600,105.961,106.107,105.952,106.045,7703
1602118800,106.044,106.057,105.975,105.995,6806
1602126000,105.994,106.044,105.942,105.976,5101
1602133200,105.977,106.032,105.941,105.999,7483
1602140400,105.999,106.006,105.924,105.978,7662
1602147600,105.981,106.033,105.951,106.029,6952
1602154800,106.028,106.031,105.958,105.987,7449
1602162000,105.985,106.026,105.938,106.022,12060
1602169200,106.022,106.045,105.972,106.012,6429
1602176400,106.013,106.032,105.979,106.016,5275
1602183600,106.017,106.042,105.993,106.029,3190
1602190800,106.023,106.036,105.98,106.017,3786
1602198000,106.015,106.041,105.886,105.932,8773
1602205200,105.932,105.939,105.809,105.868,7673
1602212400,105.867,105.872,105.816,105.858,4562
1602219600,105.858,105.955,105.852,105.948,6086
1602226800,105.947,105.984,105.86,105.863,9647
1602234000,105.862,105.911,105.826,105.858,7421
1602241200,105.858,105.949,105.828,105.856,10580
1602248400,105.855,105.874,105.631,105.656,12151
1602255600,105.654,105.736,105.612,105.697,9486
1602262800,105.698,105.709,105.609,105.629,5087
1602270000,105.628,105.631,105.581,105.626,4992
1602450000,105.703,105.793,105.632,105.645,4147
1602457200,105.642,105.659,105.594,105.621,6769
1602464400,105.618,105.641,105.53,105.536,8485
1602471600,105.538,105.54,105.434,105.491,5160
1602478800,105.491,105.504,105.436,105.463,5940
1602486000,105.461,105.615,105.451,105.603,9407
1602493200,105.602,105.603,105.471,105.499,9089
1602500400,105.498,105.506,105.363,105.373,9734
1602507600,105.372,105.397,105.273,105.277,8901
1602514800,105.278,105.354,105.242,105.319,5236
1602522000,105.32,105.367,105.315,105.35,5488
1602529200,105.35,105.357,105.313,105.32,4146
1602536400,105.341,105.355,105.261,105.337,7144
1602543600,105.335,105.405,105.317,105.354,5943
1602550800,105.353,105.385,105.282,105.371,6396
1602558000,105.37,105.453,105.36,105.43,5617
1602565200,105.431,105.446,105.336,105.373,7555
1602572400,105.373,105.499,105.366,105.434,10082
1602579600,105.435,105.513,105.418,105.452,6858
1602586800,105.452,105.551,105.445,105.532,11599
1602594000,105.531,105.628,105.512,105.523,13548
1602601200,105.527,105.578,105.512,105.541,5796
1602608400,105.541,105.555,105.478,105.491,5702
1602615600,105.492,105.5,105.448,105.476,5246
1602622800,105.457,105.512,105.454,105.479,3891
1602630000,105.477,105.505,105.413,105.436,5487
1602637200,105.436,105.438,105.306,105.413,7968
1602644400,105.413,105.457,105.386,105.441,4847
1602651600,105.44,105.511,105.426,105.509,7419
1602658800,105.508,105.515,105.358,105.369,9529
1602666000,105.369,105.474,105.35,105.424,8837
1602673200,105.425,105.428,105.157,105.231,12566
1602680400,105.23,105.251,105.081,105.103,10680
1602687600,105.104,105.153,105.036,105.151,6429
1602694800,105.151,105.151,105.1,105.105,3624
1602702000,105.106,105.166,105.069,105.164,2820
1602709200,105.119,105.208,105.073,105.193,2929
1602716400,105.191,105.271,105.119,105.23,10943
1602723600,105.228,105.298,105.195,105.266,8146
1602730800,105.267,105.292,105.246,105.275,5516
1602738000,105.276,105.321,105.232,105.276,7667
1602745200,105.275,105.31,105.17,105.303,9538
1602752400,105.304,105.343,105.217,105.231,10368
1602759600,105.23,105.277,105.18,105.222,7756
1602766800,105.222,105.37,105.205,105.277,12260
1602774000,105.278,105.441,105.257,105.385,9475
1602781200,105.386,105.493,105.362,105.457,5331
1602788400,105.457,105.492,105.409,105.421,3553
1602795600,105.437,105.461,105.373,105.381,3582
1602802800,105.381,105.427,105.312,105.316,4765
1602810000,105.315,105.359,105.243,105.278,7094
1602817200,105.276,105.284,105.191,105.228,4901
1602824400,105.229,105.324,105.225,105.303,6000
1602831600,105.304,105.341,105.213,105.226,8864
1602838800,105.225,105.321,105.199,105.296,8704
1602846000,105.295,105.412,105.223,105.361,12414
1602853200,105.361,105.422,105.275,105.397,12093
1602860400,105.397,105.442,105.372,105.4,6738
1602867600,105.399,105.427,105.381,105.396,3236
1602874800,105.395,105.431,105.385,105.4,3458
1603054800,105.375,105.421,105.336,105.406,2769
1603062000,105.406,105.503,105.374,105.38,7319
1603069200,105.379,105.435,105.352,105.388,5429
1603076400,105.388,105.446,105.387,105.433,5037
1603083600,105.432,105.457,105.372,105.435,5547
1603090800,105.433,105.478,105.336,105.341,10393
1603098000,105.342,105.385,105.307,105.359,8358
1603105200,105.358,105.372,105.301,105.339,8634
1603112400,105.34,105.491,105.339,105.474,11402
1603119600,105.475,105.476,105.4,105.415,6424
1603126800,105.415,105.468,105.378,105.437,5456
1603134000,105.438,105.455,105.396,105.432,3624
1603141200,105.382,105.479,105.341,105.461,4868
1603148400,105.459,105.615,105.439,105.555,6290
1603155600,105.556,105.604,105.514,105.518,5372
1603162800,105.52,105.568,105.518,105.525,1606
1603170000,105.525,105.55,105.502,105.53,3401
1603177200,105.529,105.57,105.485,105.53,4711
1603184400,105.536,105.604,105.503,105.591,6979
1603191600,105.593,105.748,105.574,105.708,9475
1603198800,105.707,105.712,105.538,105.568,10014
1603206000,105.568,105.604,105.535,105.566,6309
1603213200,105.564,105.567,105.427,105.452,5930
1603220400,105.451,105.514,105.421,105.507,5227
1603227600,105.444,105.527,105.431,105.488,3260
1603234800,105.487,105.526,105.368,105.379,6883
1603242000,105.379,105.418,105.352,105.378,5443
1603249200,105.377,105.386,105.259,105.296,6134
1603256400,105.295,105.329,105.198,105.239,4874
1603263600,105.238,105.238,104.876,104.945,9701
1603270800,104.944,104.957,104.816,104.834,6542
1603278000,104.833,104.929,104.58,104.59,6813
1603285200,104.59,104.681,104.342,104.418,8916
1603292400,104.419,104.623,104.417,104.506,5924
1603299600,104.508,104.565,104.467,104.539,4139
1603306800,104.538,104.586,104.506,104.581,3038
1603314000,104.541,104.596,104.526,104.577,1732
1603321200,104.577,104.706,104.547,104.631,6256
1603328400,104.631,104.751,104.626,104.741,4160
1603335600,104.741,104.749,104.692,104.708,2408
1603342800,104.709,104.712,104.537,104.578,4927
1603350000,104.579,104.691,104.477,104.677,7949
1603357200,104.677,104.779,104.635,104.714,6002
1603364400,104.713,104.718,104.585,104.612,5673
1603371600,104.611,104.866,104.56,104.792,9061
1603378800,104.79,104.884,104.787,104.813,5451
1603386000,104.813,104.892,104.787,104.866,3420
1603393200,104.867,104.922,104.858,104.885,2276
1603400400,104.864,104.889,104.83,104.885,5405
1603407600,104.883,104.937,104.696,104.734,6519
1603414800,104.736,104.783,104.669,104.707,4232
1603422000,104.708,104.733,104.688,104.701,2984
1603429200,104.702,104.775,104.689,104.744,3050
1603436400,104.743,104.784,104.553,104.618,6788
1603443600,104.618,104.699,104.548,104.686,4386
1603450800,104.687,104.799,104.648,104.695,6641
1603458000,104.696,104.884,104.683,104.83,6967
1603465200,104.829,104.843,104.742,104.743,4454
1603472400,104.742,104.763,104.707,104.731,2471
1603479600,104.73,104.736,104.688,104.714,1769
1603659600,104.668,104.742,104.651,104.702,2413
1603666800,104.702,104.756,104.664,104.674,5171
1603674000,104.673,104.885,104.655,104.851,6283
1603681200,104.852,104.931,104.822,104.898,2953
1603688400,104.897,104.927,104.866,104.916,2661
1603695600,104.917,104.977,104.794,104.906,7008
1603702800,104.907,104.929,104.821,104.865,6134
1603710000,104.864,105.047,104.841,105.01,6334
1603717200,105.01,105.055,104.942,104.987,6487
1603724400,104.988,105.001,104.835,104.84,5315
1603731600,104.838,104.906,104.824,104.859,3952
1603738800,104.86,104.875,104.824,104.832,2171
1603746000,104.837,104.89,104.822,104.884,1884
1603753200,104.884,104.884,104.749,104.81,4104
1603760400,104.81,104.811,104.696,104.711,5180
1603767600,104.712,104.774,104.681,104.759,1886
1603774800,104.756,104.793,104.668,104.781,3348
1603782000,104.779,104.835,104.709,104.727,6606
1603789200,104.729,104.738,104.592,104.669,6544
1603796400,104.671,104.687,104.587,104.66,4562
1603803600,104.659,104.662,104.502,104.521,5924
1603810800,104.522,104.53,104.39,104.417,4857
1603818000,104.419,104.494,104.392,104.489,2288
1603825200,104.488,104.503,104.415,104.415,1803
1603832400,104.407,104.538,104.393,104.508,3123
1603839600,104.507,104.556,104.416,104.465,4882
1603846800,104.466,104.507,104.284,104.314,5457
1603854000,104.315,104.332,104.205,104.243,2871
1603861200,104.242,104.287,104.192,104.25,3778
1603868400,104.25,104.307,104.161,104.302,7630
1603875600,104.301,104.346,104.142,104.158,7193
1603882800,104.158,104.453,104.113,104.386,7694
1603890000,104.387,104.404,104.222,104.287,9229
1603897200,104.289,104.36,104.208,104.312,6366
1603904400,104.311,104.344,104.261,104.341,3263
1603911600,104.34,104.36,104.317,104.319,2301
1603918800,104.298,104.354,104.273,104.301,5410
1603926000,104.3,104.422,104.279,104.411,7511
1603933200,104.412,104.502,104.313,104.452,7460
1603940400,104.453,104.504,104.419,104.439,5524
1603947600,104.438,104.44,104.337,104.344,4993
1603954800,104.348,104.385,104.194,104.225,10276
1603962000,104.225,104.232,104.026,104.095,9300
1603969200,104.094,104.396,104.073,104.362,9499
1603976400,104.362,104.484,104.272,104.454,13639
1603983600,104.455,104.709,104.455,104.657,10849
1603990800,104.656,104.727,104.648,104.663,5971
1603998000,104.664,104.686,104.61,104.61,3025
1604005200,104.589,104.628,104.579,104.62,2915
1604012400,104.62,104.628,104.493,104.553,6961
1604019600,104.555,104.555,104.436,104.459,9061
1604026800,104.459,104.467,104.343,104.362,5428
1604034000,104.362,104.365,104.124,104.314,10991
1604041200,104.316,104.442,104.261,104.388,12413
1604048400,104.386,104.479,104.295,104.414,10038
1604055600,104.413,104.47,104.378,104.469,10641
1604062800,104.468,104.699,104.43,104.638,13391
1604070000,104.642,104.742,104.474,104.561,13822
1604077200,104.562,104.697,104.556,104.683,6188
1604084400,104.681,104.704,104.659,104.669,4434
1604268000,104.5,104.693,104.496,104.581,6174
1604275200,104.583,104.766,104.583,104.709,10896
1604282400,104.708,104.717,104.63,104.679,4186
1604289600,104.679,104.756,104.675,104.7,7338
1604296800,104.698,104.859,104.696,104.85,7816
1604304000,104.849,104.949,104.8,104.804,11644
1604311200,104.803,104.816,104.683,104.734,8677
1604318400,104.733,104.733,104.63,104.659,10700
1604325600,104.66,104.869,104.658,104.798,10893
1604332800,104.796,104.869,104.771,104.851,7387
1604340000,104.853,104.87,104.817,104.834,5609
1604347200,104.832,104.843,104.744,104.751,4034
1604354400,104.728,104.822,104.649,104.724,2959
1604361600,104.723,104.802,104.721,104.74,4502
1604368800,104.738,104.744,104.655,104.722,5046
1604376000,104.722,104.747,104.709,104.716,7030
1604383200,104.717,104.727,104.479,104.564,13410
1604390400,104.565,104.76,104.553,104.707,11683
1604397600,104.705,104.8,104.64,104.758,12058
1604404800,104.758,104.787,104.633,104.652,17405
1604412000,104.654,104.707,104.435,104.561,18788
1604419200,104.558,104.584,104.478,104.494,12068
1604426400,104.492,104.621,104.483,104.599,10186
1604433600,104.599,104.6,104.499,104.502,7658
1604440800,104.448,104.819,104.448,104.546,13331
1604448000,104.545,104.762,104.371,104.61,27459
1604455200,104.609,105.343,104.539,105.029,25869
1604462400,105.03,105.124,104.752,104.944,17758
1604469600,104.943,105.094,104.841,104.885,19004
1604476800,104.886,105.083,104.854,104.886,17563
1604484000,104.887,104.907,104.463,104.474,14630
1604491200,104.476,104.542,104.152,104.476,20064
1604498400,104.475,104.573,104.25,104.486,17161
1604505600,104.487,104.621,104.36,104.571,14582
1604512800,104.574,104.618,104.418,104.452,8819
1604520000,104.449,104.569,104.434,104.519,7821
1604527200,104.464,104.538,104.407,104.44,4901
1604534400,104.438,104.449,104.221,104.312,12762
1604541600,104.314,104.366,104.233,104.279,9478
1604548800,104.276,104.349,104.268,104.299,6582
1604556000,104.299,104.474,104.256,104.314,12389
1604563200,104.314,104.385,104.2,104.247,14077
1604570400,104.246,104.386,103.957,104.14,14324
1604577600,104.14,104.207,103.61,103.668,19066
1604584800,103.671,103.845,103.631,103.653,18093
1604592000,103.652,103.813,103.566,103.72,13108
1604599200,103.721,103.767,103.481,103.504,10388
1604606400,103.505,103.577,103.445,103.517,7911
1604613600,103.47,103.709,103.443,103.611,6374
1604620800,103.607,103.76,103.492,103.618,16163
1604628000,103.618,103.665,103.36,103.392,13787
1604635200,103.392,103.574,103.377,103.538,9629
1604642400,103.536,103.6,103.405,103.424,10352
1604649600,103.424,103.571,103.362,103.383,14039
1604656800,103.382,103.421,103.177,103.246,13357
1604664000,103.247,103.468,103.203,103.276,19095
1604671200,103.275,103.717,103.194,103.307,24273
1604678400,103.305,103.359,103.228,103.286,11306
1604685600,103.286,103.321,103.22,103.229,5801
1604692800,103.23,103.371,103.23,103.368,4146
1604872800,103.321,103.335,103.188,103.257,6492
1604880000,103.255,103.409,103.24,103.33,12358
1604887200,103.33,103.407,103.297,103.366,9761
1604894400,103.365,103.551,103.335,103.541,8494
1604901600,103.54,103.564,103.473,103.501,10535
1604908800,103.501,103.755,103.451,103.726,13817
1604916000,103.725,104.233,103.648,104.206,15198
1604923200,104.202,105.055,104.135,104.865,29959
1604930400,104.865,105.458,104.737,105.385,22668
1604937600,105.387,105.647,105.382,105.457,15893
1604944800,105.457,105.575,105.375,105.436,9414
1604952000,105.437,105.457,105.293,105.389,6650
1604959200,105.308,105.366,105.083,105.138,6666
1604966400,105.137,105.262,104.918,104.936,16255
1604973600,104.938,104.98,104.82,104.962,12553
1604980800,104.962,105.031,104.911,104.963,9250
1604988000,104.963,105.169,104.951,105.047,11123
1604995200,105.048,105.351,104.967,105.323,12343
1605002400,105.322,105.487,105.185,105.234,13915
1605009600,105.234,105.402,105.156,105.247,13658
1605016800,105.248,105.44,105.178,105.194,19617
1605024000,105.196,105.403,105.182,105.295,11458
1605031200,105.294,105.344,105.27,105.285,6611
1605038400,105.287,105.333,105.228,105.246,5128
1605045600,105.259,105.3,105.243,105.263,3875
1605052800,105.261,105.281,105.007,105.092,11385
1605060000,105.091,105.16,105.062,105.085,7105
1605067200,105.085,105.269,105.074,105.224,5513
1605074400,105.227,105.438,105.201,105.406,9223
1605081600,105.409,105.54,105.36,105.439,13481
1605088800,105.438,105.478,105.371,105.452,8068
1605096000,105.453,105.554,105.377,105.48,14019
1605103200,105.481,105.676,105.453,105.622,13365
1605110400,105.622,105.642,105.534,105.567,6893
1605117600,105.567,105.573,105.444,105.447,4858
1605124800,105.447,105.45,105.392,105.431,5309
1605132000,105.41,105.459,105.381,105.416,7306
1605139200,105.417,105.478,105.209,105.235,10593
1605146400,105.236,105.328,105.234,105.286,6422
1605153600,105.287,105.3,105.189,105.222,7091
1605160800,105.223,105.301,105.154,105.28,8707
1605168000,105.279,105.415,105.221,105.391,9703
1605175200,105.389,105.389,105.263,105.347,8120
1605182400,105.345,105.386,105.178,105.212,12005
1605189600,105.213,105.282,105.105,105.126,14028
1605196800,105.126,105.236,105.101,105.206,7450
1605204000,105.206,105.231,105.089,105.09,7192
1605211200,105.09,105.148,105.07,105.123,4714
1605218400,105.094,105.146,105.064,105.099,6355
1605225600,105.1,105.117,104.857,104.916,11940
1605232800,104.913,104.948,104.881,104.929,7297
1605240000,104.93,104.95,104.86,104.884,6879
1605247200,104.885,105.073,104.882,105.07,8530
1605254400,105.069,105.151,105.015,105.023,8142
1605261600,105.021,105.075,104.938,104.959,7804
1605268800,104.958,104.996,104.674,104.741,13226
1605276000,104.74,104.827,104.614,104.649,14477
1605283200,104.653,104.681,104.564,104.613,7933
1605290400,104.614,104.655,104.591,104.628,7155
1605297600,104.63,104.658,104.568,104.612,3184
1605477600,104.722,104.722,104.558,104.676,5459
1605484800,104.675,104.72,104.534,104.547,9428
1605492000,104.546,104.553,104.499,104.522,5914
1605499200,104.522,104.597,104.485,104.587,4748
1605506400,104.587,104.592,104.443,104.454,5592
1605513600,104.454,104.555,104.363,104.542,10109
1605520800,104.546,105.136,104.519,105.045,13908
1605528000,105.044,105.079,104.814,104.841,18306
1605535200,104.842,104.868,104.516,104.589,15280
1605542400,104.591,104.605,104.525,104.539,8201
1605549600,104.541,104.596,104.497,104.595,5519
1605556800,104.594,104.595,104.552,104.566,3758
1605564000,104.578,104.599,104.517,104.534,5474
1605571200,104.531,104.552,104.423,104.542,9483
1605578400,104.543,104.549,104.467,104.517,5677
1605585600,104.515,104.535,104.472,104.512,5047
1605592800,104.515,104.568,104.465,104.472,5217
1605600000,104.474,104.485,104.235,104.295,11676
1605607200,104.295,104.376,104.17,104.204,9740
1605614400,104.203,104.28,104.071,104.144,10943
1605621600,104.147,104.249,104.081,104.212,14032
1605628800,104.214,104.248,104.186,104.226,7126
1605636000,104.227,104.246,104.186,104.209,4412
1605643200,104.208,104.212,104.171,104.185,5178
1605650400,104.172,104.206,104.16,104.175,4795
1605657600,104.174,104.175,104.038,104.1,7357
1605664800,104.101,104.146,104.094,104.104,3212
1605672000,104.105,104.124,103.962,103.997,4642
1605679200,104.001,104.04,103.849,103.886,5753
1605686400,103.885,103.985,103.844,103.853,7680
1605693600,103.854,103.96,103.794,103.903,6948
1605700800,103.903,104.101,103.851,103.965,10098
1605708000,103.963,103.963,103.661,103.667,9743
1605715200,103.668,103.833,103.653,103.826,4577
1605722400,103.829,103.871,103.769,103.825,3921
1605729600,103.826,103.883,103.783,103.796,3923
1605736800,103.83,103.909,103.733,103.895,4119
1605744000,103.895,103.982,103.8,103.855,7685
1605751200,103.854,103.855,103.742,103.752,4838
1605758400,103.753,103.841,103.718,103.773,4231
1605765600,103.774,103.947,103.761,103.833,5577
1605772800,103.834,104.077,103.813,104.056,8440
1605780000,104.056,104.217,104.005,104.026,8220
1605787200,104.026,104.096,103.947,104.017,8625
1605794400,104.015,104.09,103.828,103.893,10469
1605801600,103.893,103.925,103.791,103.825,5024
1605808800,103.825,103.837,103.748,103.787,3621
1605816000,103.79,103.826,103.733,103.745,4310
1605823200,103.765,103.843,103.733,103.809,6329
1605830400,103.807,103.896,103.77,103.869,7213
1605837600,103.87,103.91,103.8,103.816,3946
1605844800,103.814,103.857,103.77,103.786,4859
1605852000,103.784,103.878,103.744,103.87,5016
1605859200,103.871,103.888,103.764,103.8,6667
1605866400,103.799,103.852,103.771,103.802,5143
1605873600,103.801,103.863,103.771,103.797,5214
1605880800,103.798,103.816,103.702,103.803,7734
1605888000,103.803,103.859,103.803,103.836,4169
1605895200,103.837,103.857,103.809,103.822,2322
1605902400,103.822,103.843,103.807,103.834,2474
1606082400,103.773,103.862,103.762,103.82,5399
1606089600,103.819,103.853,103.716,103.751,4910
1606096800,103.753,103.767,103.729,103.757,1727
1606104000,103.756,103.767,103.731,103.747,1457
1606111200,103.746,103.847,103.741,103.812,3553
1606118400,103.81,103.826,103.75,103.793,6998
1606125600,103.792,103.803,103.683,103.709,5697
1606132800,103.71,103.771,103.7,103.719,5458
1606140000,103.718,104.499,103.696,104.484,15663
1606147200,104.481,104.636,104.274,104.34,10676
1606154400,104.338,104.579,104.302,104.494,4424
1606161600,104.494,104.589,104.451,104.549,6786
1606168800,104.484,104.551,104.45,104.53,6087
1606176000,104.529,104.646,104.499,104.57,9000
1606183200,104.571,104.585,104.536,104.562,5715
1606190400,104.562,104.579,104.346,104.365,5998
1606197600,104.365,104.475,104.362,104.46,3608
1606204800,104.462,104.47,104.146,104.211,8760
1606212000,104.212,104.436,104.193,104.426,6079
1606219200,104.428,104.687,104.393,104.674,9799
1606226400,104.674,104.761,104.604,104.667,11296
1606233600,104.665,104.695,104.563,104.626,5096
1606240800,104.626,104.648,104.526,104.564,3531
1606248000,104.565,104.567,104.423,104.443,5408
1606255200,104.433,104.548,104.424,104.511,8194
1606262400,104.509,104.537,104.453,104.525,6718
1606269600,104.525,104.599,104.467,104.497,5219
1606276800,104.497,104.514,104.43,104.479,3521
1606284000,104.478,104.55,104.43,104.472,5043
1606291200,104.472,104.483,104.346,104.348,8741
1606298400,104.351,104.52,104.342,104.493,6231
1606305600,104.492,104.514,104.365,104.405,6572
1606312800,104.405,104.447,104.258,104.407,11201
1606320000,104.406,104.425,104.32,104.338,5666
1606327200,104.337,104.43,104.319,104.424,4046
1606334400,104.424,104.47,104.397,104.463,4111
1606341600,104.445,104.474,104.391,104.403,7668
1606348800,104.403,104.403,104.297,104.331,3976
1606356000,104.331,104.362,104.257,104.335,2765
1606363200,104.336,104.358,104.289,104.355,2608
1606370400,104.355,104.356,104.268,104.326,3620
1606377600,104.326,104.352,104.221,104.265,5771
1606384800,104.266,104.3,104.236,104.248,3963
1606392000,104.246,104.272,104.23,104.256,4125
1606399200,104.258,104.32,104.254,104.282,4852
1606406400,104.281,104.288,104.219,104.261,3189
1606413600,104.26,104.278,104.231,104.238,16736
1606420800,104.239,104.267,104.233,104.243,20692
1606428000,104.258,104.282,104.23,104.257,3002
1606435200,104.26,104.271,104.003,104.029,6860
1606442400,104.029,104.106,103.932,103.942,6121
1606449600,103.941,103.983,103.907,103.941,3421
1606456800,103.943,104.107,103.936,104.068,3697
1606464000,104.069,104.077,103.963,104.037,4820
1606471200,104.037,104.149,104.01,104.143,4134
1606478400,104.142,104.212,104.129,104.155,6257
1606485600,104.156,104.181,103.966,104.02,7720
1606492800,104.017,104.078,103.976,104.029,4547
1606500000,104.03,104.056,104.026,104.034,1829
1606507200,104.033,104.117,104.018,104.095,6574
1606687200,104.055,104.161,104.001,104.088,2644
1606694400,104.089,104.11,103.832,103.866,8699
1606701600,103.865,103.941,103.853,103.925,4039
1606708800,103.925,103.933,103.847,103.856,3488
1606716000,103.856,104.048,103.836,104.029,4679
1606723200,104.031,104.348,104.026,104.034,9612
1606730400,104.034,104.048,103.91,104.019,6604
1606737600,104.018,104.192,104.009,104.171,8631
1606744800,104.171,104.312,104.07,104.29,13850
1606752000,104.291,104.386,104.226,104.286,8924
1606759200,104.285,104.347,104.248,104.333,3950
1606766400,104.334,104.409,104.311,104.311,3759
1606773600,104.291,104.366,104.266,104.306,5987
1606780800,104.304,104.374,104.245,104.355,6023
1606788000,104.357,104.461,104.323,104.433,5986
1606795200,104.433,104.445,104.362,104.379,2652
1606802400,104.374,104.389,104.303,104.334,4597
1606809600,104.334,104.346,104.182,104.279,8422
1606816800,104.279,104.435,104.274,104.378,6210
1606824000,104.377,104.413,104.31,104.335,6983
1606831200,104.334,104.578,104.325,104.475,13542
1606838400,104.476,104.491,104.312,104.325,9697
1606845600,104.324,104.43,104.317,104.405,4172
1606852800,104.404,104.408,104.291,104.308,3879
1606860000,104.327,104.333,104.258,104.299,6386
1606867200,104.298,104.449,104.226,104.432,7535
1606874400,104.432,104.457,104.37,104.383,3864
1606881600,104.384,104.465,104.344,104.433,3571
1606888800,104.437,104.585,104.426,104.562,5741
1606896000,104.56,104.705,104.501,104.694,9357
1606903200,104.696,104.74,104.648,104.73,5515
1606910400,104.731,104.751,104.521,104.618,10536
1606917600,104.615,104.615,104.423,104.584,13870
1606924800,104.584,104.593,104.47,104.512,6183
1606932000,104.513,104.583,104.469,104.552,4034
1606939200,104.551,104.556,104.399,104.411,3916
1606946400,104.405,104.49,104.402,104.448,9833
1606953600,104.447,104.535,104.415,104.516,6729
1606960800,104.515,104.523,104.428,104.442,4493
1606968000,104.442,104.496,104.428,104.455,3519
1606975200,104.454,104.486,104.293,104.31,5977
1606982400,104.311,104.353,104.228,104.273,9326
1606989600,104.276,104.34,104.231,104.283,5290
1606996800,104.281,104.295,104.022,104.043,9118
1607004000,104.042,104.067,103.673,103.749,14483
1607011200,103.749,103.888,103.742,103.883,7336
1607018400,103.882,103.995,103.877,103.961,4527
1607025600,103.962,103.966,103.831,103.843,3425
1607032800,103.845,103.885,103.798,103.833,2563
1607040000,103.835,103.857,103.739,103.83,7124
1607047200,103.831,103.882,103.817,103.853,4279
1607054400,103.853,103.99,103.841,103.976,4169
1607061600,103.975,103.976,103.826,103.893,5400
1607068800,103.894,104.046,103.893,103.958,9529
1607076000,103.96,104.073,103.931,103.989,8007
1607083200,103.989,104.114,103.824,104.014,11199
1607090400,104.015,104.243,103.896,104.205,14949
1607097600,104.205,104.242,104.088,104.117,5317
1607104800,104.116,104.163,104.071,104.096,3504
1607112000,104.096,104.201,104.096,104.185,3473
1607292000,104.133,104.237,104.035,104.207,4351
1607299200,104.207,104.208,104.008,104.038,6139
1607306400,104.037,104.047,103.942,103.961,4174
1607313600,103.961,104.092,103.954,104.084,3177
1607320800,104.084,104.166,104.072,104.131,5355
1607328000,104.131,104.312,104.131,104.29,10568
1607335200,104.289,104.312,104.163,104.241,6975
1607342400,104.24,104.263,104.025,104.034,9539
1607349600,104.035,104.125,103.938,104.047,9649
1607356800,104.046,104.053,103.922,103.985,6187
1607364000,103.986,104.069,103.955,103.976,5732
1607371200,103.975,104.064,103.967,104.049,3809
1607378400,104.06,104.077,103.978,104.006,8270
1607385600,104.007,104.091,103.955,104.044,6717
1607392800,104.043,104.065,104.02,104.034,3745
1607400000,104.034,104.082,104.022,104.043,2922
1607407200,104.044,104.142,104.027,104.078,4381
1607414400,104.078,104.11,103.998,104.001,7245
1607421600,103.999,104.111,103.964,104.102,6115
1607428800,104.103,104.179,104.027,104.102,10402
1607436000,104.102,104.206,104.025,104.125,12414
1607443200,104.125,104.174,104.112,104.124,4442
1607450400,104.124,104.176,104.117,104.172,3363
1607457600,104.173,104.184,104.144,104.163,3048
1607464800,104.164,104.177,104.13,104.14,4936
1607472000,104.14,104.171,104.104,104.137,4657
1607479200,104.136,104.172,104.124,104.152,3296
1607486400,104.151,104.161,104.117,104.152,2541
1607493600,104.152,104.243,104.143,104.219,4453
1607500800,104.22,104.249,104.061,104.088,6707
1607508000,104.088,104.162,104.053,104.13,6264
1607515200,104.129,104.156,104.081,104.151,6201
1607522400,104.151,104.264,104.135,104.201,10317
1607529600,104.201,104.405,104.201,104.344,6378
1607536800,104.343,104.357,104.225,104.225,4638
1607544000,104.223,104.252,104.184,104.234,3217
1607551200,104.219,104.308,104.165,104.286,9546
1607558400,104.285,104.306,104.244,104.278,5242
1607565600,104.279,104.501,104.278,104.433,6146
1607572800,104.433,104.442,104.382,104.415,3086
1607580000,104.416,104.508,104.416,104.479,3970
1607587200,104.479,104.578,104.436,104.459,6957
1607594400,104.461,104.545,104.427,104.539,4409
1607601600,104.536,104.563,104.318,104.37,11347
1607608800,104.369,104.428,104.225,104.389,14030
1607616000,104.388,104.426,104.215,104.303,7012
1607623200,104.302,104.337,104.187,104.19,4974
1607630400,104.191,104.24,104.173,104.214,3667
1607637600,104.248,104.273,104.176,104.18,6009
1607644800,104.178,104.178,103.926,103.991,9127
1607652000,103.99,104.058,103.937,104.051,4231
1607659200,104.051,104.057,103.989,104.005,4047
1607666400,104.006,104.091,103.998,104.065,4306
1607673600,104.064,104.148,103.996,104.03,7367
1607680800,104.031,104.139,103.948,104.095,6379
1607688000,104.094,104.153,104.03,104.046,7486
1607695200,104.045,104.072,103.825,103.945,10717
1607702400,103.943,103.952,103.862,103.914,4842
1607709600,103.912,104.047,103.909,104.007,3976
1607716800,104.007,104.058,104,104.004,3006
1607896800,104.006,104.014,103.848,103.965,6671
1607904000,103.965,104.062,103.89,104.006,7124
1607911200,104.005,104.017,103.955,103.987,3496
1607918400,103.986,104.058,103.985,104.031,3871
1607925600,104.03,104.034,103.914,103.921,4808
1607932800,103.92,103.958,103.75,103.753,8325
1607940000,103.753,103.812,103.696,103.757,6141
1607947200,103.755,103.762,103.547,103.561,9064
1607954400,103.561,104.102,103.513,104.084,13662
1607961600,104.086,104.09,104.008,104.01,5591
1607968800,104.011,104.093,104.011,104.067,2788
1607976000,104.065,104.067,103.993,104.036,2520
1607983200,104.053,104.061,103.978,104.009,1923
1607990400,104.011,104.13,103.99,104.086,6319
1607997600,104.085,104.152,104.035,104.136,3993
1608004800,104.136,104.148,104.063,104.063,2942
1608012000,104.062,104.118,104.035,104.067,4424
1608019200,104.068,104.132,104.024,104.043,7201
1608026400,104.041,104.064,103.912,103.934,6107
1608033600,103.933,103.952,103.764,103.77,9141
1608040800,103.77,103.875,103.699,103.736,9026
1608048000,103.735,103.758,103.677,103.734,4380
1608055200,103.733,103.778,103.686,103.69,3249
1608062400,103.689,103.696,103.606,103.647,2577
1608069600,103.671,103.682,103.617,103.648,5030
1608076800,103.647,103.722,103.574,103.645,4941
1608084000,103.644,103.646,103.523,103.541,3729
1608091200,103.54,103.549,103.415,103.489,3997
1608098400,103.486,103.602,103.406,103.45,5058
1608105600,103.447,103.459,103.28,103.289,8134
1608112800,103.284,103.387,103.261,103.312,5244
1608120000,103.312,103.51,103.29,103.495,7359
1608127200,103.496,103.651,103.451,103.505,10748
1608134400,103.502,103.684,103.502,103.626,4505
1608141600,103.627,103.918,103.586,103.633,8887
1608148800,103.632,103.632,103.4,103.42,6499
1608156000,103.453,103.501,103.416,103.475,7652
1608163200,103.476,103.561,103.337,103.354,6736
1608170400,103.354,103.357,103.295,103.346,3594
1608177600,103.346,103.374,103.245,103.312,3952
1608184800,103.313,103.339,103.152,103.184,6040
1608192000,103.186,103.239,103.07,103.07,7360
1608199200,103.072,103.123,103.032,103.043,6428
1608206400,103.042,103.126,102.931,103.057,9311
1608213600,103.056,103.072,102.873,103.022,10530
1608220800,103.021,103.179,103.017,103.083,6153
1608228000,103.081,103.132,103.047,103.109,3593
1608235200,103.11,103.166,103.07,103.088,4011
1608242400,103.075,103.149,103.074,103.148,6056
1608249600,103.15,103.335,103.121,103.313,6092
1608256800,103.313,103.434,103.268,103.414,4626
1608264000,103.416,103.486,103.404,103.44,4896
1608271200,103.439,103.476,103.309,103.467,5925
1608278400,103.465,103.596,103.425,103.551,9672
1608285600,103.551,103.566,103.334,103.385,6427
1608292800,103.387,103.398,103.196,103.266,8429
1608300000,103.266,103.477,103.223,103.401,9396
1608307200,103.402,103.416,103.298,103.333,5838
1608314400,103.332,103.346,103.295,103.301,2376
1608321600,103.303,103.34,103.29,103.311,3191
1608501600,103.488,103.542,103.271,103.478,5019
1608508800,103.478,103.496,103.252,103.304,8301
1608516000,103.303,103.45,103.267,103.376,6646
1608523200,103.375,103.505,103.352,103.464,5053
1608530400,103.465,103.604,103.406,103.604,6695
1608537600,103.599,103.738,103.482,103.738,13115
1608544800,103.737,103.89,103.662,103.698,16544
1608552000,103.697,103.73,103.451,103.532,13425
1608559200,103.531,103.622,103.458,103.5,10957
1608566400,103.506,103.506,103.384,103.385,7361
1608573600,103.389,103.417,103.296,103.339,6734
1608580800,103.338,103.378,103.281,103.287,5518
1608588000,103.319,103.352,103.301,103.338,4398
1608595200,103.339,103.464,103.28,103.42,5554
1608602400,103.419,103.445,103.348,103.424,3870
1608609600,103.423,103.479,103.39,103.46,4137
1608616800,103.46,103.468,103.394,103.422,6065
1608624000,103.423,103.438,103.357,103.397,7690
1608631200,103.398,103.422,103.37,103.374,7471
1608638400,103.373,103.492,103.317,103.472,8509
1608645600,103.47,103.714,103.434,103.691,11172
1608652800,103.695,103.734,103.59,103.648,8017
1608660000,103.648,103.722,103.618,103.668,3654
1608667200,103.668,103.716,103.578,103.612,4339
1608674400,103.624,103.641,103.511,103.514,2984
1608681600,103.517,103.637,103.503,103.565,7101
1608688800,103.563,103.567,103.464,103.496,3671
1608696000,103.498,103.499,103.431,103.432,2965
1608703200,103.435,103.482,103.359,103.364,4918
1608710400,103.364,103.495,103.355,103.446,6993
1608717600,103.444,103.448,103.406,103.427,5342
1608724800,103.428,103.6,103.427,103.511,8004
1608732000,103.51,103.641,103.387,103.593,14038
1608739200,103.596,103.641,103.516,103.599,6849
1608746400,103.6,103.652,103.572,103.613,3783
1608753600,103.612,103.637,103.491,103.54,3596
1608760800,103.534,103.586,103.524,103.533,1309
1608768000,103.533,103.621,103.516,103.582,7534
1608775200,103.582,103.587,103.501,103.533,4205
1608782400,103.531,103.602,103.53,103.557,3132
1608789600,103.558,103.588,103.55,103.572,3146
1608796800,103.573,103.678,103.568,103.654,5267
1608804000,103.651,103.693,103.61,103.66,3978
1608811200,103.661,103.687,103.62,103.681,4096
1608818400,103.682,103.767,103.61,103.64,5967
1608825600,103.643,103.676,103.614,103.656,2324
1608832800,103.656,103.701,103.616,103.668,6644
1608840000,103.659,103.672,103.534,103.641,7016
1609106400,103.5,103.597,103.499,103.527,3411
1609113600,103.525,103.636,103.453,103.561,8815
1609120800,103.56,103.608,103.534,103.568,3965
1609128000,103.568,103.572,103.408,103.456,3897
1609135200,103.456,103.499,103.437,103.461,4120
1609142400,103.463,103.493,103.404,103.46,4118
1609149600,103.46,103.709,103.448,103.689,9150
1609156800,103.692,103.702,103.554,103.607,6646
1609164000,103.608,103.866,103.603,103.826,7512
1609171200,103.827,103.898,103.805,103.849,5706
1609178400,103.85,103.868,103.792,103.832,3501
1609185600,103.833,103.87,103.778,103.779,2609
1609192800,103.785,103.821,103.666,103.691,3512
1609200000,103.692,103.805,103.691,103.751,5965
1609207200,103.754,103.785,103.623,103.657,4186
1609214400,103.654,103.695,103.626,103.687,3111
1609221600,103.687,103.721,103.64,103.686,3505
1609228800,103.685,103.689,103.599,103.672,6894
1609236000,103.667,103.676,103.627,103.639,4872
1609243200,103.641,103.754,103.636,103.667,5303
1609250400,103.666,103.668,103.512,103.606,10007
1609257600,103.605,103.617,103.463,103.524,5388
1609264800,103.523,103.556,103.509,103.522,3496
1609272000,103.524,103.543,103.504,103.532,2188
1609279200,103.538,103.578,103.492,103.554,2217
1609286400,103.557,103.583,103.335,103.352,8905
1609293600,103.353,103.391,103.281,103.341,6170
1609300800,103.34,103.352,103.263,103.332,4215
1609308000,103.332,103.386,103.285,103.332,3953
1609315200,103.33,103.362,103.203,103.234,6618
1609322400,103.235,103.241,103.113,103.128,7277
1609329600,103.127,103.129,102.99,103.043,7197
1609336800,103.044,103.282,102.961,103.243,11136
1609344000,103.243,103.357,103.22,103.243,5773
1609351200,103.247,103.283,103.214,103.261,3144
1609358400,103.26,103.294,103.201,103.209,2107
1609365600,103.109,103.23,103.103,103.127,1699
1609372800,103.128,103.208,103.103,103.125,4076
1609380000,103.126,103.208,103.08,103.179,3908
1609387200,103.179,103.194,103.118,103.134,2523
1609394400,103.138,103.152,103.103,103.11,4175
1609401600,103.11,103.189,102.995,103.013,8816
1609408800,103.017,103.095,102.998,103.058,7339
1609416000,103.06,103.095,103.031,103.067,6529
1609423200,103.066,103.316,102.996,103.226,7783
1609430400,103.227,103.308,103.178,103.294,6624
1609437600,103.295,103.301,103.235,103.264,2596
1609444800,103.264,103.303,103.249,103.302,1054
1609711200,103.158,103.315,103.157,103.247,3992
1609718400,103.247,103.263,102.998,103.057,9589
1609725600,103.055,103.075,102.934,102.947,5181
1609732800,102.947,103.063,102.936,103.005,4095
1609740000,103.008,103.063,102.852,102.913,6214
1609747200,102.913,102.921,102.712,102.744,7790
1609754400,102.743,102.876,102.714,102.857,7519
1609761600,102.857,103.056,102.849,103.026,9972
1609768800,103.027,103.254,102.999,103.128,12957
1609776000,103.129,103.206,103.103,103.175,9522
1609783200,103.175,103.188,103.11,103.11,5630
1609790400,103.111,103.194,103.105,103.135,4416
1609797600,103.075,103.169,103.071,103.135,2889
1609804800,103.135,103.191,103.077,103.126,6400
1609812000,103.125,103.151,103.021,103.033,5521
1609819200,103.032,103.047,102.934,102.953,6417
1609826400,102.955,102.996,102.877,102.949,6371
1609833600,102.949,102.961,102.813,102.836,8003
1609840800,102.837,102.886,102.797,102.818,7651
1609848000,102.819,102.942,102.797,102.916,9095
1609855200,102.915,102.947,102.774,102.789,12094
1609862400,102.788,102.82,102.606,102.65,9136
1609869600,102.653,102.682,102.632,102.634,5139
1609876800,102.636,102.754,102.626,102.717,3221
1609884000,102.676,102.742,102.649,102.685,3628
1609891200,102.684,102.824,102.592,102.775,12082
1609898400,102.771,102.87,102.744,102.807,10172
1609905600,102.81,102.834,102.714,102.787,8556
1609912800,102.788,102.793,102.675,102.741,7958
1609920000,102.742,102.885,102.734,102.864,9797
1609927200,102.865,102.867,102.758,102.799,6864
1609934400,102.8,103.2,102.768,103.176,12931
1609941600,103.174,103.443,103.149,103.382,17018
1609948800,103.383,103.403,103.204,103.207,8077
1609956000,103.207,103.244,103.07,103.134,7148
1609963200,103.133,103.135,102.943,103.058,6304
1609970400,102.99,103.087,102.979,103.023,3913
1609977600,103.019,103.162,102.95,103.145,9056
1609984800,103.144,103.247,103.113,103.127,8138
1609992000,103.127,103.225,103.095,103.212,4531
1609999200,103.212,103.38,103.181,103.365,6850
1610006400,103.365,103.584,103.33,103.568,11817
1610013600,103.568,103.706,103.509,103.678,10626
1610020800,103.679,103.749,103.52,103.624,9705
1610028000,103.625,103.956,103.562,103.939,14778
1610035200,103.938,103.958,103.748,103.882,7837
1610042400,103.881,103.9,103.794,103.876,4588
1610049600,103.873,103.892,103.794,103.825,3816
1610056800,103.777,103.858,103.771,103.802,2854
1610064000,103.807,104,103.773,103.89,11126
1610071200,103.888,103.908,103.777,103.841,8122
1610078400,103.842,103.91,103.801,103.903,5641
1610085600,103.903,103.977,103.848,103.971,8072
1610092800,103.972,104.093,103.799,103.811,13403
1610100000,103.812,103.893,103.796,103.829,8361
1610107200,103.828,104.005,103.604,103.632,14059
1610114400,103.636,104.069,103.629,103.799,18968
1610121600,103.796,104.024,103.757,103.985,14710
1610128800,103.984,104.062,103.906,103.908,11381
1610136000,103.907,103.994,103.907,103.964,5673
1610316000,103.878,104.098,103.843,104.085,5093
1610323200,104.084,104.195,104.033,104.172,6966
1610330400,104.174,104.202,104.115,104.173,5303
1610337600,104.172,104.221,104.154,104.187,6028
1610344800,104.186,104.198,104.097,104.192,7636
1610352000,104.189,104.189,104.035,104.104,9924
1610359200,104.103,104.164,104.079,104.127,7724
1610366400,104.126,104.301,104.123,104.276,11634
1610373600,104.274,104.398,104.208,104.288,14575
1610380800,104.288,104.289,104.074,104.179,9459
1610388000,104.179,104.182,104.107,104.155,4555
1610395200,104.155,104.247,104.11,104.241,3694
1610402400,104.205,104.247,104.127,104.14,6487
1610409600,104.142,104.313,104.099,104.236,8572
1610416800,104.239,104.313,104.234,104.284,5095
1610424000,104.285,104.325,104.217,104.237,4957
1610431200,104.235,104.253,104.11,104.162,7535
1610438400,104.162,104.261,104.129,104.159,9124
1610445600,104.161,104.259,104.152,104.212,6398
1610452800,104.212,104.278,104.182,104.247,8287
1610460000,104.247,104.331,104.165,104.208,12462
1610467200,104.21,104.218,104.054,104.076,7578
1610474400,104.074,104.08,103.784,103.829,9012
1610481600,103.83,103.835,103.72,103.75,7772
1610488800,103.802,103.802,103.728,103.749,4408
1610496000,103.749,103.75,103.537,103.561,8317
1610503200,103.561,103.609,103.526,103.587,7747
1610510400,103.587,103.693,103.578,103.685,6674
1610517600,103.686,103.707,103.611,103.688,6514
1610524800,103.687,103.865,103.657,103.842,9932
1610532000,103.843,103.995,103.835,103.977,8139
1610539200,103.976,103.978,103.821,103.87,9451
1610546400,103.87,103.959,103.747,103.922,12677
1610553600,103.921,103.978,103.843,103.878,7886
1610560800,103.877,103.911,103.771,103.882,5962
1610568000,103.883,103.911,103.85,103.878,4032
1610575200,103.868,103.886,103.789,103.827,2775
1610582400,103.828,103.936,103.799,103.845,9368
1610589600,103.846,104.199,103.836,104.051,11964
1610596800,104.055,104.066,103.956,103.985,8525
1610604000,103.985,104.096,103.985,104.03,6746
1610611200,104.032,104.053,103.959,103.975,9686
1610618400,103.976,104.024,103.953,103.996,6699
1610625600,103.995,104.16,103.98,104.065,10373
1610632800,104.066,104.126,103.799,103.841,11541
1610640000,103.841,103.857,103.566,103.65,10620
1610647200,103.649,103.828,103.637,103.786,9173
1610654400,103.787,103.802,103.667,103.797,4008
1610661600,103.797,103.846,103.737,103.84,4289
1610668800,103.838,103.854,103.7,103.741,8426
1610676000,103.742,103.821,103.736,103.764,4301
1610683200,103.764,103.82,103.756,103.804,4664
1610690400,103.804,103.811,103.646,103.697,6297
1610697600,103.698,103.762,103.652,103.658,8337
1610704800,103.659,103.691,103.618,103.661,7420
1610712000,103.663,103.757,103.64,103.757,9547
1610719200,103.757,103.897,103.749,103.861,13828
1610726400,103.86,103.889,103.757,103.809,8201
1610733600,103.811,103.882,103.805,103.865,4976
1610740800,103.867,103.913,103.836,103.867,3155
1610920800,103.808,103.926,103.808,103.917,3948
1610928000,103.916,103.93,103.705,103.726,9101
1610935200,103.726,103.783,103.688,103.745,8266
1610942400,103.747,103.768,103.699,103.73,5130
1610949600,103.728,103.764,103.702,103.756,5356
1610956800,103.757,103.842,103.726,103.81,9295
1610964000,103.811,103.814,103.722,103.755,6753
1610971200,103.756,103.786,103.719,103.724,5669
1610978400,103.722,103.757,103.659,103.695,7184
1610985600,103.696,103.723,103.637,103.703,3093
1610992800,103.701,103.701,103.671,103.684,13474
1611000000,103.683,103.697,103.655,103.69,12249
1611007200,103.683,103.719,103.681,103.705,2355
1611014400,103.704,103.841,103.652,103.833,9591
1611021600,103.834,104.083,103.83,104.004,11992
1611028800,104.005,104.037,103.97,103.99,4792
1611036000,103.989,104.085,103.989,104.002,5897
1611043200,104.005,104.059,103.953,104.013,8620
1611050400,104.014,104.027,103.977,103.992,6831
1611057600,103.991,104.026,103.865,103.918,8724
1611064800,103.917,104.048,103.873,103.908,11903
1611072000,103.909,103.928,103.837,103.88,7510
1611079200,103.879,103.927,103.844,103.87,5080
1611086400,103.869,103.907,103.866,103.904,3592
1611093600,103.9,103.921,103.84,103.9,4098
1611100800,103.899,103.928,103.798,103.811,8875
1611108000,103.81,103.811,103.746,103.78,6420
1611115200,103.779,103.786,103.729,103.748,4586
1611122400,103.748,103.81,103.714,103.741,5892
1611129600,103.742,103.838,103.72,103.792,9195
1611136800,103.793,103.834,103.754,103.82,7598
1611144000,103.819,103.844,103.736,103.746,5964
1611151200,103.745,103.788,103.447,103.552,13508
1611158400,103.554,103.621,103.542,103.602,7262
1611165600,103.602,103.637,103.532,103.537,3923
1611172800,103.539,103.565,103.512,103.536,6745
1611180000,103.531,103.572,103.516,103.558,8466
1611187200,103.557,103.668,103.502,103.554,9396
1611194400,103.554,103.582,103.488,103.489,6895
1611201600,103.492,103.514,103.334,103.369,5559
1611208800,103.369,103.541,103.365,103.52,6232
1611216000,103.522,103.556,103.417,103.423,9586
1611223200,103.422,103.442,103.374,103.414,7263
1611230400,103.413,103.601,103.327,103.578,11893
1611237600,103.579,103.661,103.455,103.563,13767
1611244800,103.561,103.624,103.526,103.551,7342
1611252000,103.55,103.568,103.498,103.508,4176
1611259200,103.509,103.548,103.477,103.492,5048
1611266400,103.503,103.519,103.482,103.511,6865
1611273600,103.509,103.611,103.494,103.583,8326
1611280800,103.583,103.584,103.5,103.538,5060
1611288000,103.537,103.592,103.537,103.586,6172
1611295200,103.581,103.696,103.576,103.673,6607
1611302400,103.673,103.69,103.606,103.659,9349
1611309600,103.658,103.717,103.657,103.688,6389
1611316800,103.688,103.858,103.676,103.834,9841
1611324000,103.835,103.887,103.732,103.793,9833
1611331200,103.792,103.827,103.75,103.813,6228
1611338400,103.814,103.842,103.795,103.834,3470
1611345600,103.833,103.843,103.767,103.768,2451
1611525600,103.751,103.825,103.751,103.791,3064
1611532800,103.791,103.89,103.749,103.841,6954
1611540000,103.84,103.846,103.747,103.76,5436
1611547200,103.761,103.773,103.688,103.718,3883
1611554400,103.717,103.722,103.673,103.709,5619
1611561600,103.71,103.815,103.704,103.8,8809
1611568800,103.801,103.854,103.775,103.817,7199
1611576000,103.818,103.828,103.7,103.772,6871
1611583200,103.772,103.937,103.738,103.772,11419
1611590400,103.774,103.836,103.748,103.788,8606
1611597600,103.787,103.8,103.745,103.8,4358
1611604800,103.799,103.805,103.753,103.76,4044
1611612000,103.746,103.775,103.729,103.764,5376
1611619200,103.762,103.8,103.696,103.703,4841
1611626400,103.702,103.734,103.659,103.716,3584
1611633600,103.715,103.759,103.698,103.731,3785
1611640800,103.731,103.828,103.693,103.812,6825
1611648000,103.814,103.815,103.755,103.79,8161
1611655200,103.793,103.811,103.746,103.775,6052
1611662400,103.778,103.785,103.625,103.658,7879
1611669600,103.657,103.67,103.557,103.646,10017
1611676800,103.644,103.711,103.629,103.677,6229
1611684000,103.678,103.681,103.649,103.65,2471
1611691200,103.649,103.658,103.594,103.62,5580
1611698400,103.612,103.667,103.591,103.601,4256
1611705600,103.598,103.721,103.586,103.694,4829
1611712800,103.693,103.752,103.685,103.738,4983
1611720000,103.737,103.746,103.674,103.682,3068
1611727200,103.683,103.703,103.632,103.68,4120
1611734400,103.679,103.798,103.65,103.788,8975
1611741600,103.792,103.867,103.737,103.836,6138
1611748800,103.835,104.03,103.807,103.984,9517
1611756000,103.982,104.178,103.957,104.098,13378
1611763200,104.098,104.127,104.049,104.068,7193
1611770400,104.067,104.169,104.034,104.152,8827
1611777600,104.15,104.2,104.078,104.11,6695
1611784800,104.096,104.18,104.053,104.143,6146
1611792000,104.143,104.348,104.135,104.288,9833
1611799200,104.29,104.37,104.272,104.363,4892
1611806400,104.362,104.365,104.216,104.238,4690
1611813600,104.239,104.375,104.238,104.309,6019
1611820800,104.309,104.355,104.251,104.296,8222
1611828000,104.295,104.333,104.218,104.307,7574
1611835200,104.306,104.462,104.282,104.289,8782
1611842400,104.288,104.397,104.252,104.31,11563
1611849600,104.308,104.353,104.254,104.273,6095
1611856800,104.274,104.275,104.174,104.231,5165
1611864000,104.231,104.27,104.214,104.261,3961
1611871200,104.203,104.314,104.201,104.303,9279
1611878400,104.303,104.572,104.289,104.483,10103
1611885600,104.485,104.527,104.437,104.482,5173
1611892800,104.483,104.536,104.471,104.477,4562
1611900000,104.476,104.572,104.464,104.551,6134
1611907200,104.55,104.94,104.537,104.868,10654
1611914400,104.867,104.901,104.72,104.744,8314
1611921600,104.743,104.764,104.614,104.675,11618
1611928800,104.675,104.851,104.652,104.691,12808
1611936000,104.693,104.732,104.626,104.703,7704
1611943200,104.703,104.766,104.686,104.75,7263
1611950400,104.75,104.756,104.704,104.726,4685
1612130400,104.768,104.803,104.68,104.717,7239
1612137600,104.714,104.754,104.609,104.692,6410
1612144800,104.691,104.728,104.669,104.684,3689
1612152000,104.684,104.711,104.64,104.659,2878
1612159200,104.658,104.757,104.649,104.745,4355
1612166400,104.744,104.9,104.675,104.876,9197
1612173600,104.876,104.951,104.86,104.883,7236
1612180800,104.883,104.976,104.834,104.937,7782
1612188000,104.937,104.997,104.879,104.958,9238
1612195200,104.958,105,104.92,104.997,5858
1612202400,104.996,105.035,104.901,104.943,4758
1612209600,104.943,104.964,104.917,104.938,3409
1612216800,104.903,104.95,104.867,104.884,4092
1612224000,104.882,104.926,104.829,104.875,6525
1612231200,104.871,104.947,104.86,104.945,4404
1612238400,104.944,105.029,104.933,104.969,3769
1612245600,104.969,105.027,104.938,104.986,5502
1612252800,104.987,104.987,104.852,104.924,8410
1612260000,104.923,105.065,104.906,105.027,7783
1612267200,105.029,105.064,104.979,104.984,7793
1612274400,104.985,105.173,104.965,105.103,11682
1612281600,105.103,105.128,105.018,105.1,7177
1612288800,105.098,105.103,105.051,105.082,4477
1612296000,105.083,105.104,104.955,104.976,5375
1612303200,104.97,105.069,104.943,105.031,4089
1612310400,105.03,105.049,104.93,104.954,6386
1612317600,104.953,105.017,104.922,105.009,4682
1612324800,105.01,105.032,104.981,105.004,3198
1612332000,105.003,105.095,104.996,105.052,4682
1612339200,105.053,105.105,105.013,105.073,6883
1612346400,105.07,105.101,105.041,105.064,4334
1612353600,105.065,105.084,105,105.038,7396
1612360800,105.039,105.098,104.971,105.074,9212
1612368000,105.074,105.087,105.007,105.008,5024
1612375200,105.007,105.066,105.004,105.053,3450
1612382400,105.052,105.059,105.01,105.027,3245
1612389600,105.025,105.034,104.985,104.998,3552
1612396800,104.997,105.077,104.975,105.07,5102
1612404000,105.07,105.13,105.026,105.115,4809
1612411200,105.117,105.19,105.099,105.144,4575
1612418400,105.143,105.261,105.143,105.194,5929
1612425600,105.195,105.279,105.145,105.233,8278
1612432800,105.232,105.339,105.205,105.337,5459
1612440000,105.335,105.336,105.216,105.308,8561
1612447200,105.307,105.493,105.293,105.418,8735
1612454400,105.418,105.492,105.402,105.45,5405
1612461600,105.45,105.529,105.431,105.525,3366
1612468800,105.525,105.565,105.508,105.561,3932
1612476000,105.507,105.614,105.507,105.575,3407
1612483200,105.575,105.64,105.46,105.512,8073
1612490400,105.511,105.561,105.499,105.547,4153
1612497600,105.548,105.582,105.51,105.51,3167
1612504800,105.51,105.543,105.486,105.497,3745
1612512000,105.497,105.499,105.335,105.472,7682
1612519200,105.471,105.671,105.469,105.615,6755
1612526400,105.613,105.767,105.461,105.682,12242
1612533600,105.683,105.707,105.408,105.47,13856
1612540800,105.471,105.477,105.343,105.346,6995
1612548000,105.348,105.448,105.345,105.446,5499
1612555200,105.442,105.442,105.36,105.384,3875
1612735200,105.303,105.435,105.303,105.395,10299
1612742400,105.395,105.546,105.347,105.482,7521
1612749600,105.481,105.516,105.431,105.462,3169
1612756800,105.462,105.525,105.461,105.502,3407
1612764000,105.502,105.531,105.453,105.482,5587
1612771200,105.482,105.672,105.451,105.605,8329
1612778400,105.604,105.665,105.583,105.625,5674
1612785600,105.624,105.651,105.445,105.481,7378
1612792800,105.482,105.482,105.163,105.197,11493
1612800000,105.197,105.263,105.15,105.187,7408
1612807200,105.188,105.24,105.187,105.224,3373
1612814400,105.224,105.246,105.178,105.231,4928
1612821600,105.212,105.262,105.202,105.213,10133
1612828800,105.212,105.228,105.106,105.126,7696
1612836000,105.127,105.127,104.9,104.928,7281
1612843200,104.931,104.938,104.839,104.897,6054
1612850400,104.897,104.922,104.749,104.775,7321
1612857600,104.775,104.886,104.537,104.566,11156
1612864800,104.567,104.724,104.567,104.652,8273
1612872000,104.652,104.704,104.559,104.621,7657
1612879200,104.62,104.689,104.498,104.575,12588
1612886400,104.576,104.659,104.552,104.565,7363
1612893600,104.564,104.64,104.54,104.54,4964
1612900800,104.54,104.585,104.54,104.557,6332
1612908000,104.583,104.622,104.533,104.583,3620
1612915200,104.583,104.713,104.515,104.65,7047
1612922400,104.649,104.667,104.511,104.555,6050
1612929600,104.555,104.596,104.539,104.564,2833
1612936800,104.563,104.602,104.502,104.518,5300
1612944000,104.518,104.842,104.41,104.793,10435
1612951200,104.792,104.799,104.693,104.775,6737
1612958400,104.773,104.829,104.539,104.638,10525
1612965600,104.64,104.713,104.551,104.662,12607
1612972800,104.661,104.706,104.628,104.633,7112
1612980000,104.634,104.675,104.628,104.643,4418
1612987200,104.644,104.662,104.594,104.595,2518
1612994400,104.578,104.645,104.578,104.617,2347
1613001600,104.617,104.644,104.567,104.568,2220
1613008800,104.567,104.627,104.566,104.599,2636
1613016000,104.599,104.613,104.577,104.593,2605
1613023200,104.592,104.597,104.55,104.586,3539
1613030400,104.584,104.764,104.559,104.665,8287
1613037600,104.664,104.753,104.661,104.723,5230
1613044800,104.722,104.735,104.64,104.688,6313
1613052000,104.687,104.789,104.655,104.728,9201
1613059200,104.727,104.805,104.711,104.747,8790
1613066400,104.745,104.793,104.735,104.755,5468
1613073600,104.755,104.766,104.708,104.74,4473
1613080800,104.731,104.778,104.719,104.751,5259
1613088000,104.752,104.826,104.737,104.809,4732
1613095200,104.809,104.843,104.802,104.821,3649
1613102400,104.819,104.887,104.767,104.872,4567
1613109600,104.871,104.94,104.789,104.927,5107
1613116800,104.924,105.182,104.895,105.041,9256
1613124000,105.042,105.079,104.927,105.032,6983
1613131200,105.033,105.124,104.969,105.073,7174
1613138400,105.072,105.122,104.924,104.961,9558
1613145600,104.96,104.982,104.911,104.927,6092
1613152800,104.929,104.976,104.916,104.973,3974
1613160000,104.973,104.99,104.923,104.925,2983
1613340000,104.898,105.082,104.898,105.068,6869
1613347200,105.067,105.144,104.994,105.024,6206
1613354400,105.024,105.071,104.979,105.065,3776
1613361600,105.065,105.102,105.012,105.048,4003
1613368800,105.05,105.205,105.046,105.178,6027
1613376000,105.181,105.394,105.129,105.378,8186
1613383200,105.38,105.418,105.265,105.266,5905
1613390400,105.268,105.402,105.264,105.39,5767
1613397600,105.389,105.402,105.338,105.355,5340
1613404800,105.355,105.372,105.297,105.298,3237
1613412000,105.299,105.359,105.298,105.342,3769
1613419200,105.342,105.367,105.311,105.36,4102
1613426400,105.358,105.396,105.29,105.372,4054
1613433600,105.371,105.563,105.371,105.506,7079
1613440800,105.506,105.597,105.484,105.595,4546
1613448000,105.592,105.632,105.418,105.458,5717
1613455200,105.457,105.565,105.447,105.478,5963
1613462400,105.477,105.529,105.273,105.317,7685
1613469600,105.314,105.401,105.183,105.388,7185
1613476800,105.39,105.737,105.347,105.726,11198
1613484000,105.73,105.813,105.65,105.693,13737
1613491200,105.694,105.967,105.688,105.887,7954
1613498400,105.888,105.902,105.847,105.894,3876
1613505600,105.893,106.076,105.872,106.048,3431
1613512800,106.021,106.225,105.985,106.117,7491
1613520000,106.117,106.189,106.003,106.032,8810
1613527200,106.033,106.038,105.906,105.961,5688
1613534400,105.962,105.976,105.837,105.871,5488
1613541600,105.869,106.074,105.863,106.023,6636
1613548800,106.025,106.088,105.867,105.963,9626
1613556000,105.962,106.034,105.945,106.008,5646
1613563200,106.006,106.215,105.999,106.142,10533
1613570400,106.141,106.173,105.826,105.929,13554
1613577600,105.931,105.932,105.779,105.792,7921
1613584800,105.787,105.923,105.784,105.916,5280
1613592000,105.915,105.924,105.86,105.862,3316
1613599200,105.865,105.886,105.846,105.853,5515
1613606400,105.855,105.913,105.697,105.766,8056
1613613600,105.767,105.889,105.767,105.882,4143
1613628000,105.892,105.923,105.798,105.813,4773
1613635200,105.816,105.871,105.69,105.7,8541
1613642400,105.703,105.778,105.631,105.695,6195
1613649600,105.695,105.767,105.598,105.624,8272
1613656800,105.627,105.88,105.612,105.784,11727
1613664000,105.788,105.795,105.645,105.65,5946
1613671200,105.652,105.7,105.641,105.686,4093
1613678400,105.686,105.69,105.631,105.662,3065
1613685600,105.691,105.7,105.65,105.655,3136
1613692800,105.653,105.742,105.646,105.7,6075
1613700000,105.699,105.732,105.634,105.705,4617
1613707200,105.702,105.726,105.559,105.584,4660
1613714400,105.581,105.698,105.545,105.604,6017
1613721600,105.605,105.621,105.315,105.382,9227
1613728800,105.379,105.438,105.311,105.34,6385
1613736000,105.341,105.489,105.241,105.428,8810
1613743200,105.429,105.671,105.426,105.625,11825
1613750400,105.626,105.649,105.406,105.434,8098
1613757600,105.432,105.616,105.432,105.488,5779
1613764800,105.488,105.49,105.416,105.42,2470
1613944800,105.379,105.622,105.379,105.536,3962
1613952000,105.535,105.595,105.428,105.585,8200
1613959200,105.586,105.738,105.561,105.643,7283
1613966400,105.646,105.684,105.613,105.657,4342
1613973600,105.656,105.825,105.626,105.818,6502
1613980800,105.817,105.845,105.627,105.65,10088
1613988000,105.651,105.668,105.476,105.556,6640
1613995200,105.554,105.621,105.311,105.352,9757
1614002400,105.352,105.405,104.996,105.073,15613
1614009600,105.071,105.125,105.023,105.048,6970
1614016800,105.047,105.063,104.984,105.019,4037
1614024000,105.018,105.09,105.017,105.075,2805
1614031200,105.056,105.097,104.923,105.007,6439
1614038400,105.007,105.031,104.921,104.954,5578
1614045600,104.953,105.037,104.929,105.023,3757
1614052800,105.022,105.055,104.998,105.05,2512
1614060000,105.05,105.194,105.05,105.146,6509
1614067200,105.143,105.318,105.086,105.275,10236
1614074400,105.277,105.315,105.223,105.246,7010
1614081600,105.246,105.429,105.179,105.383,7679
1614088800,105.381,105.402,105.063,105.117,13506
1614096000,105.119,105.244,105.086,105.24,7837
1614103200,105.24,105.327,105.199,105.323,6033
1614110400,105.322,105.324,105.248,105.251,2854
1614117600,105.233,105.301,105.186,105.297,3797
1614124800,105.296,105.486,105.269,105.42,10018
1614132000,105.419,105.537,105.381,105.512,7026
1614139200,105.511,105.562,105.458,105.534,6065
1614146400,105.53,105.577,105.466,105.564,6642
1614153600,105.562,105.818,105.531,105.776,9598
1614160800,105.775,105.868,105.743,105.822,7084
1614168000,105.821,106.098,105.768,106,11094
1614175200,106.001,106.105,105.909,105.943,15778
1614182400,105.944,106.01,105.832,105.887,9393
1614189600,105.888,105.975,105.876,105.944,6384
1614196800,105.944,105.956,105.825,105.842,4045
1614204000,105.842,105.956,105.82,105.955,7913
1614211200,105.955,106.138,105.926,106.122,10501
1614218400,106.127,106.127,105.955,105.971,6922
1614225600,105.97,105.986,105.846,105.885,7187
1614232800,105.884,106.07,105.883,106.007,7851
1614240000,106.008,106.172,106.001,106.047,10214
1614247200,106.048,106.166,106.043,106.138,9445
1614254400,106.138,106.196,106.037,106.154,11702
1614261600,106.153,106.271,106.056,106.251,17370
1614268800,106.25,106.327,106.165,106.322,13476
1614276000,106.321,106.401,106.009,106.2,20215
1614283200,106.206,106.308,106.158,106.247,9538
1614290400,106.189,106.413,106.163,106.39,6333
1614297600,106.391,106.429,106.142,106.145,14656
1614304800,106.151,106.165,105.848,106.069,10761
1614312000,106.071,106.261,106.034,106.195,11409
1614319200,106.194,106.235,106.02,106.082,13603
1614326400,106.081,106.52,106.009,106.488,13298
1614333600,106.487,106.497,106.315,106.325,12498
1614340800,106.324,106.354,106.209,106.311,13949
1614348000,106.309,106.615,106.287,106.552,20379
1614355200,106.551,106.692,106.476,106.648,12727
1614362400,106.647,106.654,106.503,106.626,8625
1614369600,106.625,106.626,106.514,106.546,5961
1614549600,106.492,106.588,106.469,106.483,4275
1614556800,106.48,106.649,106.366,106.632,9870
1614564000,106.635,106.701,106.56,106.563,5622
1614571200,106.564,106.593,106.461,106.53,6466
1614578400,106.531,106.609,106.525,106.604,7434
1614585600,106.605,106.742,106.544,106.726,9459
1614592800,106.727,106.737,106.674,106.711,6984
1614600000,106.71,106.774,106.641,106.651,8306
1614607200,106.65,106.703,106.522,106.653,14249
1614614400,106.654,106.798,106.575,106.782,8259
1614621600,106.782,106.888,106.777,106.81,5959
1614628800,106.809,106.838,106.757,106.766,4587
1614636000,106.687,106.87,106.676,106.847,6260
1614643200,106.847,106.926,106.787,106.892,8717
1614650400,106.893,106.896,106.728,106.796,7600
1614657600,106.795,106.859,106.785,106.827,5473
1614664800,106.828,106.879,106.776,106.845,6047
1614672000,106.847,106.909,106.827,106.888,8631
1614679200,106.89,106.957,106.849,106.918,6749
1614686400,106.919,106.947,106.851,106.923,8335
1614693600,106.921,106.936,106.706,106.724,11951
1614700800,106.725,106.791,106.676,106.74,7982
1614708000,106.74,106.762,106.72,106.757,4748
1614715200,106.758,106.763,106.679,106.689,3473
1614722400,106.675,106.782,106.669,106.76,4742
1614729600,106.759,106.858,106.698,106.824,6998
1614736800,106.825,106.878,106.812,106.839,3965
1614744000,106.841,106.885,106.832,106.868,3761
1614751200,106.869,106.897,106.786,106.814,5621
1614758400,106.814,106.922,106.799,106.89,8903
1614765600,106.891,107.029,106.88,106.999,6771
1614772800,106.996,107.012,106.8,106.887,10293
1614780000,106.886,107.153,106.871,106.973,15753
1614787200,106.972,106.977,106.845,106.954,11239
1614794400,106.955,107.003,106.913,106.968,8184
1614801600,106.969,107.025,106.946,107.019,6513
1614808800,106.974,107.101,106.961,107.069,4576
1614816000,107.07,107.091,106.968,107.02,7367
1614823200,107.018,107.108,107.01,107.056,4588
1614830400,107.056,107.07,107.008,107.063,5532
1614837600,107.062,107.172,107.056,107.158,6477
1614844800,107.16,107.359,107.134,107.339,9126
1614852000,107.338,107.363,107.298,107.348,6810
1614859200,107.346,107.491,107.331,107.482,7845
1614866400,107.481,107.648,107.377,107.597,11904
1614873600,107.596,107.825,107.53,107.789,15138
1614880800,107.79,107.916,107.775,107.913,14310
1614888000,107.912,107.985,107.874,107.973,6768
1614895200,107.936,108.012,107.931,107.95,4619
1614902400,107.949,107.968,107.819,107.868,10321
1614909600,107.868,107.962,107.859,107.956,5986
1614916800,107.957,108.127,107.954,108.109,6466
1614924000,108.108,108.347,108.094,108.26,10722
1614931200,108.261,108.522,108.26,108.455,12039
1614938400,108.457,108.556,108.233,108.398,9967
1614945600,108.394,108.644,108.223,108.464,16326
1614952800,108.465,108.47,108.095,108.259,20745
1614960000,108.258,108.324,108.198,108.283,12242
1614967200,108.282,108.346,108.253,108.341,7666
1614974400,108.34,108.388,108.3,108.382,6415
1615154400,108.31,108.476,108.247,108.404,6170
1615161600,108.403,108.438,108.308,108.407,8240
1615168800,108.407,108.49,108.371,108.42,6098
1615176000,108.42,108.433,108.328,108.348,5125
1615183200,108.351,108.526,108.351,108.504,6685
1615190400,108.505,108.607,108.388,108.565,9608
1615197600,108.566,108.583,108.473,108.575,6449
1615204800,108.578,108.737,108.562,108.692,10803
1615212000,108.693,108.866,108.639,108.844,13951
1615219200,108.843,108.942,108.811,108.883,9101
1615226400,108.88,108.906,108.814,108.868,6754
1615233600,108.867,108.933,108.854,108.915,3450
1615240800,108.859,108.953,108.841,108.927,5169
1615248000,108.927,109.203,108.893,109.196,11292
1615255200,109.197,109.234,109.083,109.104,7868
1615262400,109.105,109.205,109.1,109.183,5609
1615269600,109.183,109.229,108.748,108.805,9652
1615276800,108.805,108.955,108.56,108.672,10983
1615284000,108.673,108.836,108.637,108.775,9121
1615291200,108.777,108.971,108.744,108.878,10357
1615298400,108.878,108.885,108.603,108.779,14191
1615305600,108.779,108.805,108.493,108.526,9175
1615312800,108.526,108.554,108.415,108.471,6846
1615320000,108.472,108.529,108.441,108.49,4060
1615327200,108.458,108.691,108.458,108.577,5690
1615334400,108.576,108.745,108.519,108.702,7306
1615341600,108.703,108.835,108.68,108.792,6872
1615348800,108.791,108.913,108.759,108.886,5059
1615356000,108.882,108.919,108.682,108.729,7056
1615363200,108.726,108.85,108.652,108.676,7474
1615370400,108.675,108.857,108.644,108.819,5649
1615377600,108.817,108.864,108.435,108.47,14415
1615384800,108.474,108.673,108.339,108.628,14871
1615392000,108.628,108.655,108.477,108.508,7712
1615399200,108.508,108.611,108.37,108.387,9867
1615406400,108.386,108.438,108.36,108.395,5384
1615413600,108.381,108.455,108.365,108.45,4880
1615420800,108.451,108.542,108.359,108.505,7247
1615428000,108.507,108.585,108.482,108.545,7434
1615435200,108.545,108.733,108.495,108.7,7286
1615442400,108.698,108.811,108.636,108.657,7384
1615449600,108.658,108.733,108.38,108.473,10486
1615456800,108.471,108.507,108.399,108.472,6742
1615464000,108.472,108.613,108.448,108.568,12769
1615471200,108.568,108.713,108.449,108.497,14083
1615478400,108.498,108.547,108.425,108.53,8403
1615485600,108.531,108.531,108.359,108.46,9073
1615492800,108.458,108.51,108.418,108.506,6024
1615500000,108.497,108.582,108.488,108.573,3333
1615507200,108.575,108.713,108.517,108.653,7594
1615514400,108.653,108.784,108.647,108.705,7066
1615521600,108.705,108.768,108.665,108.746,4692
1615528800,108.747,109.06,108.746,109.038,10656
1615536000,109.041,109.166,109.034,109.112,11135
1615543200,109.112,109.129,108.924,108.983,8746
1615550400,108.983,109.104,108.905,109.08,9784
1615557600,109.078,109.145,108.961,108.984,14291
1615564800,108.984,109.051,108.823,109.037,9509
1615572000,109.036,109.086,109.002,109.068,7546
1615579200,109.067,109.067,109.005,109.025,4371
1615755600,109.017,109.082,108.935,109.082,3231
1615762800,109.083,109.147,108.99,109.059,7150
1615770000,109.063,109.198,108.914,109.137,8930
1615777200,109.139,109.184,109.111,109.178,5198
1615784400,109.178,109.363,109.158,109.25,7478
1615791600,109.252,109.272,109.031,109.057,9522
1615798800,109.057,109.143,109.001,109.068,7219
1615806000,109.067,109.2,109.031,109.163,8885
1615813200,109.164,109.254,109.158,109.181,10145
1615820400,109.183,109.199,109.027,109.152,10239
1615827600,109.152,109.193,109.1,109.145,5269
1615834800,109.145,109.178,109.087,109.121,3371
1615842000,109.123,109.166,109.097,109.147,2472
1615849200,109.146,109.247,109.118,109.233,4223
1615856400,109.235,109.246,109.16,109.218,5188
1615863600,109.219,109.231,109.117,109.174,4142
1615870800,109.175,109.196,109.125,109.165,4868
1615878000,109.169,109.286,109.166,109.223,7835
1615885200,109.223,109.245,109.111,109.125,6165
1615892400,109.126,109.16,108.94,109.007,10035
1615899600,109.008,109.014,108.773,108.891,13355
1615906800,108.894,109.082,108.877,109.032,10592
1615914000,109.03,109.036,108.918,108.994,7787
1615921200,108.995,109.036,108.961,109.001,3519
1615928400,108.973,109.014,108.968,108.995,3326
1615935600,108.994,109.135,108.984,109.124,4813
1615942800,109.123,109.168,109.084,109.098,5309
1615950000,109.097,109.134,109.064,109.116,3371
1615957200,109.117,109.206,109.078,109.11,4541
1615964400,109.109,109.173,109.107,109.137,5376
1615971600,109.138,109.154,109.027,109.106,5285
1615978800,109.108,109.25,109.097,109.165,8790
1615986000,109.167,109.229,109.127,109.223,8346
1615993200,109.222,109.326,109.191,109.243,7943
1616000400,109.247,109.287,108.785,108.848,16797
1616007600,108.851,108.892,108.745,108.843,8703
1616014800,108.82,108.875,108.703,108.856,5492
1616022000,108.857,108.972,108.815,108.956,6207
1616029200,108.956,109.125,108.952,109.072,7397
1616036400,109.072,109.077,108.625,108.924,11730
1616043600,108.923,108.943,108.81,108.854,6012
1616050800,108.856,109.303,108.83,109.103,13725
1616058000,109.103,109.129,108.986,109.022,9001
1616065200,109.022,109.132,108.971,109.106,11987
1616072400,109.106,109.225,109.02,109.06,13322
1616079600,109.061,109.073,108.92,109.05,9238
1616086800,109.049,109.065,108.965,108.998,8058
1616094000,108.997,109.013,108.821,108.89,5358
1616101200,108.911,108.975,108.881,108.969,5375
1616108400,108.968,109.09,108.907,109.072,5250
1616115600,109.07,109.108,108.971,108.981,7967
1616122800,108.985,109.125,108.846,108.865,9915
1616130000,108.866,108.917,108.747,108.785,6000
1616137200,108.787,108.841,108.608,108.649,8589
1616144400,108.65,108.875,108.636,108.86,7261
1616151600,108.862,108.926,108.744,108.885,7830
1616158800,108.885,109.05,108.84,108.913,15426
1616166000,108.912,108.947,108.772,108.876,8291
1616173200,108.875,108.907,108.851,108.881,4971
1616180400,108.882,108.92,108.869,108.877,3516
1616360400,108.625,108.933,108.577,108.881,5198
1616367600,108.881,108.93,108.82,108.91,6796
1616374800,108.911,108.957,108.773,108.777,9284
1616382000,108.777,108.799,108.7,108.792,6757
1616389200,108.792,108.831,108.684,108.762,8117
1616396400,108.762,108.774,108.649,108.673,10792
1616403600,108.675,108.785,108.619,108.741,7172
1616410800,108.74,108.861,108.648,108.826,11733
1616418000,108.827,108.846,108.727,108.763,10998
1616425200,108.762,108.787,108.656,108.727,7259
1616432400,108.728,108.799,108.713,108.794,4162
1616439600,108.793,108.849,108.774,108.847,3176
1616446800,108.828,108.84,108.792,108.804,8634
1616454000,108.804,108.854,108.76,108.84,5582
1616461200,108.841,108.873,108.688,108.751,8459
1616468400,108.752,108.763,108.699,108.734,5935
1616475600,108.735,108.779,108.681,108.694,7169
1616482800,108.694,108.807,108.677,108.753,9331
1616490000,108.754,108.794,108.407,108.503,15125
1616497200,108.502,108.594,108.459,108.564,11537
1616504400,108.563,108.707,108.549,108.647,13038
1616511600,108.646,108.712,108.593,108.686,10272
1616518800,108.687,108.757,108.681,108.737,6501
1616526000,108.738,108.75,108.557,108.578,6095
1616533200,108.588,108.634,108.579,108.621,2892
1616540400,108.621,108.641,108.502,108.607,8114
1616547600,108.608,108.623,108.451,108.509,8448
1616554800,108.508,108.575,108.468,108.495,7968
1616562000,108.496,108.568,108.467,108.533,7244
1616569200,108.533,108.718,108.526,108.636,11594
1616576400,108.639,108.757,108.618,108.733,8494
1616583600,108.729,108.729,108.638,108.692,6569
1616590800,108.697,108.956,108.695,108.907,11343
1616598000,108.905,108.918,108.756,108.811,9117
1616605200,108.81,108.824,108.678,108.698,6247
1616612400,108.699,108.733,108.664,108.721,4946
1616619600,108.718,108.758,108.712,108.749,9299
1616626800,108.747,108.883,108.73,108.88,7470
1616634000,108.879,108.991,108.859,108.911,9820
1616641200,108.912,108.984,108.866,108.92,7318
1616648400,108.921,108.988,108.917,108.957,5403
1616655600,108.956,109.164,108.938,109.128,8343
1616662800,109.127,109.141,109.029,109.108,9041
1616670000,109.107,109.152,109.036,109.119,10437
1616677200,109.12,109.193,109.024,109.098,12859
1616684400,109.098,109.186,109.073,109.174,8336
1616691600,109.173,109.238,109.087,109.112,8719
1616698800,109.112,109.192,109.082,109.188,5616
1616706000,109.178,109.179,109.142,109.165,8981
1616713200,109.166,109.315,109.131,109.274,8213
1616720400,109.274,109.288,109.175,109.234,7401
1616727600,109.233,109.282,109.227,109.279,5642
1616734800,109.279,109.282,109.216,109.262,6751
1616742000,109.264,109.479,109.217,109.473,11558
1616749200,109.472,109.606,109.385,109.579,9328
1616756400,109.581,109.817,109.557,109.796,9723
1616763600,109.797,109.848,109.684,109.689,11008
1616770800,109.688,109.698,109.529,109.634,9410
1616778000,109.633,109.697,109.618,109.685,6072
1616785200,109.686,109.698,109.625,109.676,5764
1616965200,109.707,109.764,109.64,109.764,4515
1616972400,109.764,109.804,109.635,109.669,8038
1616979600,109.667,109.717,109.478,109.483,8392
1616986800,109.483,109.553,109.442,109.547,6871
1616994000,109.548,109.574,109.373,109.57,8746
1617001200,109.569,109.682,109.522,109.635,9971
1617008400,109.634,109.693,109.545,109.568,7330
1617015600,109.568,109.723,109.568,109.697,8744
1617022800,109.696,109.772,109.626,109.766,12143
1617030000,109.766,109.781,109.687,109.743,6238
1617037200,109.742,109.838,109.734,109.819,7071
1617044400,109.818,109.845,109.787,109.832,4506
1617051600,109.772,109.824,109.726,109.814,3137
1617058800,109.813,109.885,109.786,109.848,7801
1617066000,109.848,109.974,109.828,109.96,8495
1617073200,109.961,109.99,109.925,109.942,6906
1617080400,109.944,110.187,109.936,110.156,10545
1617087600,110.157,110.311,110.116,110.251,10915
1617094800,110.247,110.392,110.226,110.386,7283
1617102000,110.384,110.391,110.265,110.347,10636
1617109200,110.345,110.427,110.26,110.321,14786
1617116400,110.323,110.324,110.186,110.288,8870
1617123600,110.292,110.364,110.247,110.352,4382
1617130800,110.351,110.364,110.325,110.35,3098
1617138000,110.354,110.389,110.319,110.379,5509
1617145200,110.378,110.732,110.275,110.693,12082
1617152400,110.692,110.872,110.557,110.837,10610
1617159600,110.837,110.966,110.815,110.865,10402
1617166800,110.864,110.944,110.64,110.705,11061
1617174000,110.704,110.74,110.515,110.515,10659
1617181200,110.517,110.701,110.517,110.668,7227
1617188400,110.667,110.839,110.613,110.709,10066
1617195600,110.71,110.823,110.415,110.518,14066
1617202800,110.518,110.635,110.447,110.608,10828
1617210000,110.609,110.761,110.572,110.738,6919
1617217200,110.736,110.779,110.692,110.716,6510
1617224400,110.693,110.781,110.681,110.775,3770
1617231600,110.775,110.825,110.677,110.79,9226
1617238800,110.789,110.797,110.616,110.637,8325
1617246000,110.637,110.71,110.57,110.699,7844
1617253200,110.702,110.811,110.698,110.769,9647
1617260400,110.768,110.807,110.619,110.762,10919
1617267600,110.778,110.847,110.719,110.792,9392
1617274800,110.791,110.806,110.62,110.696,8829
1617282000,110.699,110.743,110.552,110.607,13702
1617289200,110.608,110.635,110.546,110.584,7694
1617296400,110.583,110.639,110.555,110.628,5493
1617303600,110.627,110.647,110.591,110.605,3083
1617310800,110.587,110.617,110.564,110.604,4260
1617318000,110.601,110.65,110.521,110.623,7211
1617325200,110.622,110.668,110.618,110.626,6927
1617332400,110.626,110.641,110.586,110.601,7704
1617339600,110.601,110.604,110.432,110.486,6801
1617346800,110.487,110.567,110.373,110.388,7499
1617354000,110.39,110.522,110.387,110.508,5632
1617361200,110.509,110.693,110.412,110.614,9370
1617368400,110.613,110.748,110.613,110.669,8109
1617375600,110.666,110.702,110.664,110.692,17963
1617382800,110.693,110.703,110.63,110.689,10815
1617390000,110.689,110.705,110.563,110.595,12499
1617570000,110.608,110.718,110.603,110.718,7011
1617577200,110.717,110.75,110.588,110.623,7423
1617584400,110.622,110.632,110.542,110.567,6913
1617591600,110.568,110.651,110.526,110.648,5646
1617598800,110.647,110.688,110.621,110.631,6660
1617606000,110.633,110.661,110.562,110.603,7327
1617613200,110.604,110.627,110.566,110.569,5847
1617620400,110.569,110.569,110.419,110.479,7710
1617627600,110.481,110.486,109.962,110.128,14017
1617634800,110.127,110.167,110.058,110.095,6604
1617642000,110.097,110.185,110.082,110.172,5660
1617649200,110.171,110.251,110.159,110.177,3290
1617656400,110.155,110.227,110.096,110.225,3319
1617663600,110.224,110.297,110.128,110.263,7849
1617670800,110.262,110.357,110.201,110.346,8418
1617678000,110.346,110.407,110.232,110.251,7386
1617685200,110.251,110.332,110.146,110.311,7144
1617692400,110.313,110.478,110.282,110.401,9138
1617699600,110.401,110.552,110.396,110.526,6900
1617706800,110.526,110.536,109.873,109.903,13209
1617714000,109.903,109.963,109.669,109.752,17078
1617721200,109.752,109.885,109.728,109.882,6572
1617728400,109.882,109.916,109.826,109.856,7044
1617735600,109.856,109.862,109.725,109.737,5424
1617742800,109.724,109.84,109.723,109.778,11514
1617750000,109.779,109.894,109.742,109.775,8217
1617757200,109.776,109.806,109.578,109.752,11878
1617764400,109.751,109.833,109.717,109.718,6717
1617771600,109.719,109.856,109.718,109.817,10216
1617778800,109.818,109.942,109.769,109.858,12241
1617786000,109.857,109.905,109.728,109.748,8643
1617793200,109.752,109.936,109.738,109.874,10191
1617800400,109.874,109.938,109.61,109.62,13759
1617807600,109.622,109.727,109.599,109.713,8812
1617814800,109.717,109.825,109.698,109.803,6332
1617822000,109.803,109.876,109.782,109.833,5022
1617829200,109.807,109.874,109.785,109.847,3404
1617836400,109.846,109.904,109.767,109.776,9019
1617843600,109.778,109.796,109.712,109.742,9324
1617850800,109.741,109.753,109.653,109.669,5578
1617858000,109.669,109.75,109.629,109.692,8198
1617865200,109.697,109.711,109.439,109.454,12298
1617872400,109.454,109.576,109.451,109.545,8461
1617879600,109.546,109.554,109,109.078,15554
1617886800,109.079,109.288,109.025,109.24,13220
1617894000,109.239,109.299,109.192,109.246,8318
1617901200,109.246,109.279,109.209,109.255,5582
1617908400,109.256,109.319,109.256,109.263,4345
1617915600,109.223,109.394,109.207,109.328,7602
1617922800,109.328,109.376,109.216,109.259,11103
1617930000,109.259,109.32,109.214,109.276,9979
1617937200,109.276,109.374,109.256,109.369,5850
1617944400,109.369,109.479,109.31,109.441,8684
1617951600,109.439,109.681,109.411,109.659,11392
1617958800,109.658,109.75,109.602,109.704,9169
1617966000,109.703,109.96,109.583,109.878,11557
1617973200,109.879,109.954,109.556,109.596,16517
1617980400,109.595,109.712,109.583,109.638,8366
1617987600,109.638,109.677,109.581,109.653,5448
1617994800,109.652,109.662,109.606,109.656,3224
1618174800,109.725,109.754,109.61,109.753,1994
1618182000,109.752,109.766,109.651,109.761,5430
1618189200,109.76,109.769,109.479,109.527,10161
1618196400,109.527,109.588,109.471,109.533,7730
1618203600,109.534,109.61,109.485,109.578,7185
1618210800,109.579,109.58,109.377,109.469,10230
1618218000,109.472,109.475,109.287,109.374,7335
1618225200,109.373,109.393,109.246,109.33,8801
1618232400,109.331,109.449,109.299,109.395,9863
1618239600,109.395,109.442,109.362,109.405,6167
1618246800,109.404,109.457,109.366,109.424,4508
1618254000,109.424,109.448,109.373,109.375,2549
1618261200,109.361,109.396,109.353,109.387,1380
1618268400,109.388,109.567,109.356,109.548,6551
1618275600,109.55,109.665,109.537,109.63,9698
1618282800,109.629,109.752,109.609,109.707,7166
1618290000,109.706,109.737,109.563,109.682,8257
1618297200,109.682,109.698,109.286,109.327,13992
1618304400,109.326,109.442,109.228,109.406,10009
1618311600,109.407,109.598,109.128,109.281,21126
1618318800,109.286,109.333,109.147,109.197,15391
1618326000,109.199,109.259,109.126,109.187,7261
1618333200,109.186,109.187,109.05,109.081,6148
1618340400,109.082,109.107,109.018,109.054,5497
1618347600,109.041,109.075,109.019,109.039,4887
1618354800,109.04,109.043,108.796,108.819,8592
1618362000,108.817,108.905,108.752,108.855,10076
1618369200,108.856,108.956,108.842,108.953,6087
1618376400,108.95,108.978,108.809,108.889,8363
1618383600,108.89,109.071,108.86,108.982,14157
1618390800,108.981,109.053,108.909,108.923,9690
1618398000,108.923,108.974,108.888,108.949,8035
1618405200,108.949,109.095,108.939,109.016,14255
1618412400,109.018,109.033,108.911,108.953,8435
1618419600,108.952,108.986,108.929,108.936,4095
1618426800,108.939,108.957,108.881,108.936,4618
1618434000,108.944,108.977,108.891,108.959,4370
1618441200,108.96,108.96,108.821,108.876,7858
1618448400,108.877,108.933,108.805,108.922,8609
1618455600,108.922,108.922,108.856,108.868,4847
1618462800,108.869,108.958,108.862,108.9,6374
1618470000,108.899,108.916,108.705,108.774,10211
1618477200,108.773,108.842,108.664,108.828,7101
1618484400,108.827,108.877,108.704,108.801,12133
1618491600,108.799,108.807,108.612,108.725,15781
1618498800,108.724,108.798,108.668,108.696,8650
1618506000,108.698,108.779,108.626,108.655,6747
1618513200,108.655,108.766,108.642,108.753,4624
1618520400,108.728,108.754,108.693,108.732,10331
1618527600,108.731,108.765,108.61,108.765,7645
1618534800,108.764,108.941,108.761,108.895,10830
1618542000,108.895,108.908,108.807,108.807,5361
1618549200,108.807,108.916,108.774,108.897,7808
1618556400,108.896,108.966,108.823,108.855,11806
1618563600,108.854,108.906,108.704,108.784,8791
1618570800,108.784,108.868,108.728,108.851,10265
1618578000,108.852,108.898,108.744,108.81,9786
1618585200,108.81,108.842,108.78,108.783,5215
1618592400,108.784,108.818,108.757,108.793,3231
1618599600,108.793,108.803,108.767,108.789,3182
1618779600,108.756,108.836,108.702,108.771,2318
1618786800,108.771,108.781,108.626,108.699,9197
1618794000,108.698,108.771,108.547,108.623,11357
1618801200,108.622,108.683,108.616,108.664,4665
1618808400,108.663,108.677,108.462,108.562,10415
1618815600,108.563,108.563,108.037,108.081,18248
1618822800,108.081,108.189,108.01,108.12,9949
1618830000,108.121,108.18,108.065,108.083,10296
1618837200,108.084,108.31,108.016,108.03,14959
1618844400,108.034,108.106,108.01,108.064,7752
1618851600,108.063,108.134,108.063,108.097,5394
1618858800,108.098,108.182,108.097,108.137,3859
1618866000,108.115,108.17,108.112,108.15,7003
1618873200,108.149,108.202,107.974,108.178,9719
1618880400,108.178,108.318,108.174,108.181,8896
1618887600,108.182,108.194,108.097,108.157,6921
1618894800,108.158,108.469,108.149,108.422,11065
1618902000,108.419,108.548,108.312,108.478,13422
1618909200,108.477,108.519,108.352,108.405,10272
1618916400,108.402,108.514,108.319,108.451,9394
1618923600,108.456,108.498,108.105,108.127,14461
1618930800,108.127,108.154,108.025,108.129,10118
1618938000,108.13,108.151,108.102,108.108,5087
1618945200,108.11,108.114,108.05,108.082,5270
1618952400,108.073,108.14,108.054,108.11,8800
1618959600,108.111,108.144,107.876,108.089,9966
1618966800,108.088,108.107,107.881,107.944,9482
1618974000,107.944,108.113,107.939,108.059,5261
1618981200,108.058,108.077,107.952,108.026,6615
1618988400,108.024,108.282,108.008,108.21,11107
1618995600,108.211,108.221,108.062,108.143,8171
1619002800,108.143,108.168,107.976,108.054,8041
1619010000,108.054,108.196,107.979,108.161,12343
1619017200,108.161,108.177,108.067,108.101,5930
1619024400,108.104,108.132,108.066,108.096,4120
1619031600,108.095,108.114,108.045,108.052,3467
1619038800,108.059,108.082,108.029,108.032,11356
1619046000,108.033,108.141,107.953,108.025,6472
1619053200,108.023,108.064,107.974,108.001,7362
1619060400,108,108.027,107.915,107.969,6463
1619067600,107.969,108.051,107.86,107.899,9312
1619074800,107.899,108.11,107.814,108.04,10346
1619082000,108.037,108.095,107.984,108.026,7965
1619089200,108.027,108.204,107.961,108.128,10745
1619096400,108.127,108.167,107.943,107.996,15303
1619103600,107.997,108.231,107.991,108.204,8664
1619110800,108.203,108.233,108.034,108.087,10485
1619118000,108.087,108.108,107.964,107.968,5197
1619125200,107.938,108.003,107.927,108.001,8316
1619132400,108.001,108.002,107.86,107.879,7726
1619139600,107.879,107.972,107.803,107.954,8163
1619146800,107.956,107.971,107.877,107.901,5268
1619154000,107.901,107.959,107.862,107.879,5642
1619161200,107.88,107.983,107.854,107.913,9899
1619168400,107.912,107.935,107.846,107.851,7422
1619175600,107.853,107.883,107.478,107.514,11496
1619182800,107.514,108.146,107.509,108.086,18423
1619190000,108.088,108.092,107.919,107.976,9485
1619197200,107.977,107.977,107.926,107.929,4395
1619204400,107.93,107.95,107.86,107.878,4356
1619384400,107.896,107.963,107.864,107.89,3209
1619391600,107.888,107.941,107.811,107.88,7252
1619398800,107.878,107.878,107.709,107.726,9415
1619406000,107.729,107.76,107.65,107.717,7926
1619413200,107.717,107.853,107.689,107.836,8984
1619420400,107.838,107.843,107.642,107.711,11293
1619427600,107.71,107.786,107.665,107.773,8817
1619434800,107.772,108.165,107.77,108.072,12335
1619442000,108.073,108.103,107.897,108.08,13294
1619449200,108.079,108.196,108.062,108.126,8110
1619456400,108.127,108.154,108.093,108.116,5185
1619463600,108.115,108.139,108.088,108.092,4936
1619470800,108.071,108.203,108.067,108.164,6228
1619478000,108.166,108.223,108.1,108.131,7293
1619485200,108.13,108.385,108.129,108.346,9277
1619492400,108.346,108.359,108.215,108.223,6448
1619499600,108.221,108.282,108.166,108.275,5836
1619506800,108.276,108.396,108.219,108.352,8913
1619514000,108.351,108.425,108.251,108.284,8793
1619521200,108.283,108.329,108.205,108.279,7863
1619528400,108.279,108.529,108.252,108.464,11806
1619535600,108.46,108.68,108.439,108.671,6914
1619542800,108.67,108.749,108.62,108.747,5034
1619550000,108.745,108.775,108.701,108.737,4124
1619557200,108.655,108.765,108.639,108.748,17943
1619564400,108.746,108.92,108.726,108.915,7180
1619571600,108.915,108.948,108.808,108.871,7525
1619578800,108.87,108.899,108.831,108.852,5249
1619586000,108.85,109.055,108.817,109.054,7693
1619593200,109.056,109.079,108.841,108.919,10095
1619600400,108.921,108.964,108.897,108.929,7040
1619607600,108.928,109.002,108.835,108.96,8558
1619614800,108.959,108.971,108.704,108.896,13775
1619622000,108.895,108.907,108.77,108.852,7676
1619629200,108.853,108.997,108.578,108.684,15812
1619636400,108.683,108.74,108.571,108.6,8098
1619643600,108.583,108.633,108.523,108.531,3519
1619650800,108.532,108.573,108.435,108.454,4050
1619658000,108.453,108.609,108.441,108.597,6706
1619665200,108.598,108.67,108.579,108.58,3840
1619672400,108.581,108.806,108.56,108.776,5793
1619679600,108.777,109,108.76,108.977,9428
1619686800,108.977,109.067,108.936,108.944,10713
1619694000,108.946,109.047,108.836,108.911,13701
1619701200,108.913,109.224,108.892,108.958,17661
1619708400,108.957,108.964,108.804,108.896,8421
1619715600,108.894,108.954,108.859,108.868,4503
1619722800,108.869,108.929,108.863,108.917,3338
1619730000,108.916,108.951,108.866,108.917,6522
1619737200,108.919,109.057,108.859,108.93,7295
1619744400,108.93,108.943,108.713,108.78,10247
1619751600,108.781,108.861,108.77,108.806,4586
1619758800,108.807,108.91,108.737,108.79,6343
1619766000,108.791,108.935,108.773,108.907,8147
1619773200,108.906,108.944,108.825,108.872,7979
1619780400,108.872,109.009,108.768,108.978,8862
1619787600,108.977,109.326,108.873,109.287,16059
1619794800,109.286,109.343,109.239,109.303,11897
1619802000,109.302,109.327,109.266,109.305,4926
1619809200,109.304,109.342,109.284,109.33,3569
1619989200,109.256,109.354,109.256,109.316,1861
1619996400,109.318,109.412,109.279,109.344,4392
1620003600,109.343,109.511,109.319,109.497,5397
1620010800,109.497,109.589,109.497,109.583,6619
1620018000,109.583,109.662,109.532,109.539,6932
1620025200,109.538,109.698,109.513,109.631,7304
1620032400,109.632,109.641,109.401,109.411,6547
1620039600,109.412,109.522,109.301,109.376,9531
1620046800,109.378,109.384,108.895,108.932,15245
1620054000,108.934,109.154,108.904,109.134,7846
1620061200,109.13,109.134,109.05,109.102,5531
1620068400,109.103,109.121,109.066,109.068,3329
1620075600,109.072,109.087,109.018,109.078,9793
1620082800,109.079,109.177,109.06,109.102,3401
1620090000,109.1,109.264,109.096,109.229,5140
1620097200,109.228,109.296,109.216,109.284,3442
1620104400,109.285,109.385,109.265,109.376,5759
1620111600,109.374,109.489,109.319,109.421,9580
1620118800,109.42,109.48,109.351,109.43,7381
1620126000,109.431,109.462,109.069,109.093,15341
1620133200,109.092,109.306,109.043,109.198,17040
1620140400,109.196,109.424,109.178,109.28,14285
1620147600,109.281,109.303,109.223,109.303,5964
1620154800,109.307,109.339,109.268,109.291,4466
1620162000,109.295,109.349,109.282,109.309,2731
1620169200,109.307,109.377,109.303,109.333,3779
1620176400,109.332,109.357,109.196,109.243,6109
1620183600,109.245,109.333,109.228,109.328,3908
1620190800,109.329,109.482,109.304,109.429,6841
1620198000,109.43,109.465,109.256,109.361,10723
1620205200,109.362,109.405,109.275,109.305,7107
1620212400,109.302,109.39,109.243,109.322,9672
1620219600,109.322,109.332,109.143,109.212,15704
1620226800,109.213,109.316,109.194,109.299,6329
1620234000,109.3,109.319,109.238,109.25,3287
1620241200,109.249,109.268,109.178,109.193,3757
1620248400,109.176,109.227,109.16,109.209,15800
1620255600,109.207,109.328,109.187,109.303,6825
1620262800,109.303,109.429,109.295,109.336,9834
1620270000,109.336,109.422,109.323,109.397,9400
1620277200,109.398,109.399,109.247,109.259,7283
1620284400,109.26,109.366,109.179,109.225,10104
1620291600,109.225,109.251,109.063,109.121,10594
1620298800,109.115,109.302,109.083,109.301,13122
1620306000,109.303,109.403,109.034,109.079,17608
1620313200,109.078,109.192,109.045,109.104,8348
1620320400,109.106,109.123,109.001,109.039,4463
1620327600,109.039,109.09,109.032,109.082,4450
1620334800,109.073,109.107,109.027,109.078,7124
1620342000,109.078,109.149,108.937,109.121,5563
1620349200,109.124,109.188,109.095,109.16,8076
1620356400,109.16,109.164,109.048,109.072,5874
1620363600,109.073,109.198,109.057,109.171,6073
1620370800,109.17,109.195,109.078,109.13,9734
1620378000,109.13,109.179,109.091,109.154,7085
1620385200,109.153,109.289,108.338,108.58,21901
1620392400,108.579,108.886,108.487,108.566,27001
1620399600,108.569,108.747,108.465,108.662,10991
1620406800,108.664,108.711,108.617,108.618,5983
1620414000,108.617,108.642,108.576,108.607,3048
1620594000,108.546,108.627,108.468,108.561,2577
1620601200,108.561,108.815,108.483,108.746,10118
1620608400,108.743,108.915,108.716,108.873,9701
1620615600,108.872,108.913,108.841,108.859,5475
1620622800,108.86,108.995,108.797,108.973,8422
1620630000,108.972,109.056,108.756,108.783,12511
1620637200,108.784,108.832,108.681,108.728,8948
1620644400,108.728,108.848,108.652,108.692,11824
1620651600,108.695,108.836,108.658,108.726,14710
1620658800,108.728,108.843,108.698,108.812,6989
1620666000,108.811,108.872,108.762,108.811,6773
1620673200,108.81,108.849,108.736,108.836,4541
1620680400,108.767,108.854,108.754,108.812,7031
1620687600,108.814,108.983,108.79,108.95,7191
1620694800,108.95,108.961,108.847,108.886,8836
1620702000,108.887,108.932,108.808,108.812,6199
1620709200,108.813,108.938,108.807,108.929,6386
1620716400,108.928,108.979,108.812,108.825,10762
1620723600,108.824,108.891,108.666,108.752,10068
1620730800,108.753,108.768,108.502,108.57,13497
1620738000,108.569,108.673,108.35,108.498,20701
1620745200,108.496,108.575,108.456,108.536,8067
1620752400,108.536,108.674,108.531,108.645,5154
1620759600,108.645,108.688,108.605,108.621,4411
1620766800,108.622,108.659,108.548,108.649,1795
1620774000,108.65,108.794,108.646,108.777,6892
1620781200,108.774,108.9,108.761,108.897,8806
1620788400,108.897,108.907,108.821,108.858,7205
1620795600,108.859,108.884,108.76,108.782,6515
1620802800,108.784,108.836,108.724,108.752,9778
1620810000,108.751,108.783,108.675,108.679,6752
1620817200,108.679,109.211,108.662,109,17240
1620824400,108.998,109.412,108.899,109.372,26107
1620831600,109.373,109.641,109.368,109.63,13457
1620838800,109.628,109.629,109.509,109.598,10680
1620846000,109.598,109.708,109.536,109.703,6677
1620853200,109.622,109.708,109.621,109.666,5988
1620860400,109.665,109.787,109.542,109.61,8133
1620867600,109.611,109.639,109.484,109.626,9324
1620874800,109.624,109.752,109.615,109.693,7038
1620882000,109.692,109.751,109.545,109.571,9112
1620889200,109.572,109.696,109.482,109.57,15005
1620896400,109.57,109.677,109.512,109.652,9838
1620903600,109.651,109.693,109.483,109.58,14721
1620910800,109.582,109.655,109.501,109.578,15398
1620918000,109.581,109.636,109.453,109.466,7996
1620925200,109.465,109.532,109.414,109.454,8338
1620932400,109.454,109.488,109.407,109.457,4502
1620939600,109.417,109.491,109.417,109.483,10429
1620946800,109.486,109.641,109.461,109.584,7279
1620954000,109.584,109.657,109.58,109.607,7327
1620961200,109.606,109.613,109.509,109.533,3596
1620968400,109.532,109.542,109.345,109.387,7380
1620975600,109.389,109.44,109.255,109.28,10609
1620982800,109.28,109.406,109.248,109.36,7054
1620990000,109.361,109.417,109.188,109.326,14105
1620997200,109.327,109.451,109.26,109.423,14112
1621004400,109.425,109.449,109.347,109.409,6169
1621011600,109.41,109.442,109.346,109.348,4040
1621018800,109.35,109.379,109.338,109.369,5000
1621198800,109.289,109.408,109.187,109.407,2696
1621206000,109.405,109.503,109.366,109.432,7542
1621213200,109.433,109.446,109.319,109.337,8834
1621220400,109.338,109.401,109.267,109.391,6557
1621227600,109.391,109.398,109.17,109.2,7364
1621234800,109.2,109.329,109.146,109.208,9501
1621242000,109.208,109.246,109.075,109.131,7424
1621249200,109.131,109.291,109.087,109.264,10119
1621256400,109.267,109.282,109.127,109.189,12216
1621263600,109.188,109.218,109.118,109.118,5275
1621270800,109.117,109.179,109.099,109.173,3273
1621278000,109.174,109.248,109.163,109.24,3489
1621285200,109.116,109.229,109.111,109.196,6803
1621292400,109.196,109.284,109.166,109.212,7021
1621299600,109.212,109.247,109.105,109.197,9416
1621306800,109.198,109.233,109.156,109.204,4579
1621314000,109.205,109.211,109.036,109.067,6273
1621321200,109.065,109.081,108.851,108.859,11878
1621328400,108.858,109.007,108.858,109.005,8401
1621335600,109.003,109.068,108.835,108.931,9973
1621342800,108.93,108.969,108.84,108.891,12237
1621350000,108.889,109.02,108.886,108.941,6088
1621357200,108.942,108.949,108.86,108.867,4217
1621364400,108.866,108.935,108.857,108.889,4008
1621371600,108.87,108.922,108.85,108.89,2333
1621378800,108.891,109.017,108.831,109.004,7686
1621386000,109.005,109.075,108.95,108.952,10127
1621393200,108.954,108.982,108.902,108.963,4522
1621400400,108.964,109.01,108.908,108.965,5998
1621407600,108.965,109.119,108.935,109.053,11360
1621414800,109.054,109.25,109.054,109.249,8786
1621422000,109.249,109.336,109.015,109.025,13008
1621429200,109.026,109.033,108.584,108.599,25325
1621436400,108.601,108.819,108.571,108.813,7859
1621443600,108.812,109.298,108.804,109.211,16503
1621450800,109.214,109.281,109.182,109.213,8583
1621458000,109.204,109.217,109.171,109.212,7313
1621465200,109.212,109.308,109.168,109.2,9172
1621472400,109.198,109.205,109.093,109.147,11151
1621479600,109.147,109.172,109.115,109.161,6043
1621486800,109.162,109.167,109.046,109.106,6179
1621494000,109.105,109.106,108.874,108.917,11579
1621501200,108.919,109.027,108.916,109.004,8439
1621508400,109.003,109.026,108.89,108.985,10799
1621515600,108.986,108.986,108.756,108.856,12635
1621522800,108.857,108.865,108.748,108.791,6453
1621530000,108.791,108.835,108.767,108.804,4410
1621537200,108.805,108.812,108.771,108.79,3982
1621544400,108.745,108.85,108.73,108.85,2541
1621551600,108.849,108.898,108.791,108.831,8272
1621558800,108.829,108.874,108.806,108.859,8589
1621566000,108.859,108.87,108.737,108.775,6277
1621573200,108.776,108.8,108.68,108.768,7961
1621580400,108.769,108.82,108.626,108.636,10622
1621587600,108.635,108.728,108.61,108.683,7186
1621594800,108.681,108.836,108.654,108.714,11358
1621602000,108.713,108.987,108.678,108.96,15337
1621609200,108.959,109.002,108.91,108.992,6401
1621616400,108.991,109.005,108.913,108.92,3876
1621623600,108.92,108.957,108.878,108.946,3240
1621803600,108.885,108.995,108.87,108.946,2002
1621810800,108.945,108.986,108.881,108.985,8400
1621818000,108.984,108.992,108.873,108.873,7424
1621825200,108.875,108.887,108.815,108.843,5224
1621832400,108.844,108.844,108.718,108.732,6804
1621839600,108.733,108.982,108.696,108.914,9842
1621846800,108.917,108.964,108.849,108.898,8031
1621854000,108.898,108.981,108.857,108.901,7281
1621861200,108.903,108.939,108.704,108.739,10558
1621868400,108.738,108.83,108.713,108.791,6368
1621875600,108.792,108.818,108.765,108.783,3750
1621882800,108.785,108.788,108.75,108.769,2842
1621890000,108.731,108.811,108.721,108.809,5609
1621897200,108.81,108.863,108.739,108.789,8392
1621904400,108.787,108.787,108.683,108.723,10819
1621911600,108.724,108.762,108.688,108.715,4510
1621918800,108.716,108.786,108.625,108.67,6995
1621926000,108.669,108.844,108.56,108.74,12627
1621933200,108.739,108.956,108.726,108.927,10154
1621940400,108.927,109.052,108.837,108.982,9687
1621947600,108.98,109.07,108.864,108.924,14938
1621954800,108.925,109.015,108.884,108.887,7186
1621962000,108.888,108.895,108.707,108.709,5635
1621969200,108.713,108.775,108.699,108.773,3433
1621976400,108.75,108.818,108.745,108.786,2680
1621983600,108.787,108.828,108.735,108.766,6686
1621990800,108.765,108.779,108.723,108.767,8759
1621998000,108.767,108.82,108.755,108.777,7870
1622005200,108.778,108.889,108.76,108.871,7332
1622012400,108.872,108.902,108.797,108.862,9223
1622019600,108.863,108.935,108.857,108.86,6818
1622026800,108.86,108.927,108.851,108.914,7935
1622034000,108.917,109.057,108.87,109.045,12226
1622041200,109.044,109.145,108.999,109.09,9843
1622048400,109.091,109.179,109.072,109.126,6288
1622055600,109.127,109.164,109.11,109.141,5740
1622062800,109.079,109.144,109.079,109.123,6715
1622070000,109.123,109.209,109.122,109.161,7056
1622077200,109.16,109.206,109.049,109.074,7849
1622084400,109.074,109.107,109.04,109.096,6556
1622091600,109.096,109.155,109.037,109.126,8393
1622098800,109.125,109.194,109.054,109.176,9994
1622106000,109.173,109.205,109.13,109.147,7753
1622113200,109.146,109.4,109.083,109.355,15143
1622120400,109.356,109.749,109.344,109.717,16675
1622127600,109.719,109.923,109.672,109.877,11628
1622134800,109.878,109.883,109.758,109.788,7110
1622142000,109.787,109.843,109.763,109.838,3507
1622149200,109.746,109.864,109.743,109.858,1875
1622156400,109.856,109.957,109.81,109.926,8486
1622163600,109.925,109.95,109.857,109.867,9233
1622170800,109.866,109.94,109.817,109.852,6902
1622178000,109.853,109.942,109.847,109.893,7293
1622185200,109.892,109.955,109.797,109.846,8928
1622192400,109.847,109.927,109.819,109.924,6761
1622199600,109.925,110.199,109.917,110.196,13372
1622206800,110.195,110.2,109.912,109.975,15910
1622214000,109.974,109.982,109.766,109.777,8947
1622221200,109.776,109.836,109.743,109.808,6138
1622228400,109.807,109.877,109.78,109.872,3796
1622408400,109.784,109.872,109.75,109.869,1412
1622415600,109.868,109.936,109.739,109.767,6645
1622422800,109.768,109.82,109.636,109.651,11084
1622430000,109.647,109.692,109.641,109.667,5376
1622437200,109.663,109.794,109.647,109.757,4594
1622444400,109.757,109.762,109.64,109.658,6971
1622451600,109.658,109.728,109.653,109.677,5059
1622458800,109.677,109.692,109.647,109.654,3860
1622466000,109.653,109.655,109.363,109.393,5738
1622473200,109.394,109.515,109.353,109.482,5273
1622480400,109.48,109.513,109.461,109.487,8827
1622487600,109.487,109.584,109.486,109.554,5371
1622494800,109.554,109.592,109.516,109.528,1730
1622502000,109.533,109.544,109.382,109.409,7297
1622509200,109.41,109.442,109.33,109.391,8806
1622516400,109.392,109.514,109.391,109.513,4172
1622523600,109.512,109.534,109.417,109.476,6320
1622530800,109.475,109.643,109.428,109.577,13490
1622538000,109.578,109.679,109.557,109.586,6754
1622545200,109.587,109.709,109.579,109.643,7323
1622552400,109.642,109.669,109.339,109.393,13507
1622559600,109.397,109.475,109.366,109.436,6036
1622566800,109.437,109.457,109.39,109.424,4759
1622574000,109.423,109.502,109.416,109.489,4042
1622581200,109.465,109.493,109.441,109.47,4550
1622588400,109.47,109.644,109.454,109.626,5762
1622595600,109.625,109.657,109.57,109.605,7772
1622602800,109.606,109.699,109.585,109.692,6128
1622610000,109.694,109.775,109.667,109.732,5598
1622617200,109.731,109.884,109.683,109.855,8554
1622624400,109.856,109.875,109.764,109.853,5843
1622631600,109.853,109.883,109.685,109.728,8604
1622638800,109.727,109.758,109.614,109.623,8094
1622646000,109.623,109.641,109.565,109.624,4182
1622653200,109.625,109.637,109.529,109.569,2717
1622660400,109.568,109.584,109.532,109.573,2417
1622667600,109.547,109.607,109.526,109.587,5493
1622674800,109.588,109.65,109.568,109.611,3423
1622682000,109.611,109.692,109.605,109.68,4214
1622689200,109.68,109.725,109.657,109.715,3054
1622696400,109.714,109.817,109.714,109.786,4646
1622703600,109.787,109.845,109.738,109.791,7280
1622710800,109.792,109.809,109.624,109.764,6301
1622718000,109.765,109.985,109.73,109.962,13015
1622725200,109.962,110.22,109.931,110.17,14049
1622732400,110.169,110.315,110.15,110.275,5841
1622739600,110.275,110.309,110.239,110.309,3209
1622746800,110.309,110.32,110.247,110.302,2050
1622754000,110.252,110.328,110.246,110.295,1249
1622761200,110.294,110.328,110.196,110.228,5818
1622768400,110.228,110.235,110.142,110.168,6840
1622775600,110.167,110.272,110.155,110.265,4416
1622782800,110.265,110.284,110.206,110.206,4762
1622790000,110.206,110.231,110.134,110.141,6322
1622797200,110.143,110.179,110.102,110.142,4573
1622804400,110.142,110.165,109.726,109.759,16386
1622811600,109.757,109.772,109.365,109.514,15477
1622818800,109.512,109.528,109.423,109.494,5337
1622826000,109.496,109.536,109.491,109.506,2464
1622833200,109.511,109.56,109.473,109.523,2234
1623013200,109.577,109.596,109.355,109.588,1546
1623020400,109.584,109.637,109.471,109.577,5829
1623027600,109.576,109.617,109.505,109.575,6367
1623034800,109.574,109.586,109.381,109.427,5239
1623042000,109.426,109.564,109.426,109.545,5325
1623049200,109.545,109.592,109.351,109.367,7538
1623056400,109.368,109.483,109.367,109.416,4713
1623063600,109.416,109.427,109.243,109.283,7697
1623070800,109.284,109.314,109.19,109.278,8789
1623078000,109.281,109.306,109.233,109.281,3920
1623085200,109.28,109.3,109.232,109.256,1788
1623092400,109.259,109.27,109.23,109.255,2098
1623099600,109.241,109.27,109.229,109.256,6112
1623106800,109.255,109.441,109.197,109.383,5852
1623114000,109.382,109.423,109.338,109.364,6519
1623121200,109.366,109.432,109.362,109.411,4003
1623128400,109.412,109.488,109.406,109.451,4344
1623135600,109.452,109.548,109.389,109.486,7460
1623142800,109.488,109.558,109.366,109.469,7388
1623150000,109.469,109.5,109.274,109.395,9834
1623157200,109.398,109.512,109.324,109.435,11716
1623164400,109.434,109.502,109.434,109.494,4484
1623171600,109.498,109.514,109.455,109.494,2309
1623178800,109.493,109.514,109.463,109.482,2144
1623186000,109.491,109.513,109.483,109.492,1067
1623193200,109.493,109.505,109.41,109.449,4715
1623200400,109.45,109.466,109.405,109.438,4795
1623207600,109.438,109.504,109.422,109.479,3679
1623214800,109.478,109.495,109.33,109.403,5106
1623222000,109.405,109.504,109.379,109.48,7227
1623229200,109.477,109.509,109.428,109.459,4198
1623236400,109.458,109.476,109.354,109.402,6602
1623243600,109.401,109.647,109.225,109.598,12264
1623250800,109.597,109.652,109.568,109.649,3337
1623258000,109.652,109.652,109.566,109.573,3149
1623265200,109.572,109.657,109.558,109.631,2576
1623272400,109.599,109.66,109.597,109.633,1523
1623279600,109.633,109.678,109.58,109.622,4294
1623286800,109.624,109.627,109.518,109.568,5123
1623294000,109.567,109.58,109.535,109.577,2846
1623301200,109.576,109.579,109.451,109.483,4266
1623308400,109.483,109.57,109.453,109.487,6389
1623315600,109.486,109.528,109.456,109.484,4080
1623322800,109.484,109.767,109.455,109.647,15070
1623330000,109.647,109.795,109.422,109.607,17856
1623337200,109.608,109.614,109.415,109.429,5529
1623344400,109.429,109.479,109.409,109.426,3619
1623351600,109.426,109.431,109.306,109.324,3395
1623358800,109.323,109.401,109.314,109.382,7873
1623366000,109.386,109.454,109.347,109.418,4861
1623373200,109.418,109.444,109.372,109.394,5533
1623380400,109.394,109.41,109.379,109.403,2830
1623387600,109.403,109.441,109.373,109.413,4430
1623394800,109.412,109.57,109.317,109.545,10270
1623402000,109.544,109.567,109.445,109.469,7098
1623409200,109.471,109.644,109.444,109.63,8083
1623416400,109.631,109.842,109.598,109.763,10241
1623423600,109.765,109.833,109.677,109.687,4421
1623430800,109.687,109.757,109.687,109.707,2648
1623438000,109.706,109.718,109.646,109.679,2477
1623618000,109.63,109.735,109.606,109.725,2721
1623625200,109.726,109.822,109.691,109.818,5777
1623632400,109.819,109.832,109.71,109.783,6128
1623639600,109.783,109.806,109.745,109.758,3605
1623646800,109.758,109.781,109.651,109.689,5738
1623654000,109.692,109.721,109.622,109.655,6984
1623661200,109.655,109.717,109.612,109.674,5604
1623668400,109.672,109.79,109.67,109.756,6360
1623675600,109.755,109.986,109.742,109.985,10550
1623682800,109.983,110.019,109.955,110.019,4210
1623690000,110.018,110.096,110.007,110.094,2056
1623697200,110.095,110.099,110.049,110.078,1640
1623704400,110.059,110.074,110.05,110.053,2086
1623711600,110.053,110.107,110.026,110.082,5626
1623718800,110.082,110.153,110.057,110.112,6218
1623726000,110.11,110.119,110.058,110.085,3977
1623733200,110.084,110.11,110.03,110.088,6191
1623740400,110.087,110.123,109.987,110.123,6495
1623747600,110.123,110.167,110.013,110.073,5352
1623754800,110.07,110.145,110.021,110.1,7687
1623762000,110.101,110.156,110.04,110.08,9544
1623769200,110.083,110.158,110.072,110.108,4841
1623776400,110.107,110.121,110.059,110.096,6156
1623783600,110.097,110.102,110.037,110.065,2318
1623790800,110.016,110.091,110.016,110.054,3724
1623798000,110.052,110.142,110.046,110.136,3554
1623805200,110.137,110.137,110.083,110.095,4057
1623812400,110.096,110.106,110.051,110.064,2862
1623819600,110.064,110.133,110.025,110.05,4190
1623826800,110.048,110.056,109.899,109.938,7019
1623834000,109.937,109.983,109.918,109.962,5442
1623841200,109.961,109.973,109.805,109.869,6867
1623848400,109.868,109.981,109.806,109.948,8003
1623855600,109.949,109.958,109.86,109.889,3771
1623862800,109.888,110.506,109.873,110.506,22282
1623870000,110.505,110.721,110.402,110.702,10882
1623877200,110.624,110.709,110.587,110.696,7811
1623884400,110.7,110.822,110.693,110.75,9402
1623891600,110.75,110.755,110.607,110.618,8235
1623898800,110.619,110.73,110.616,110.677,4214
1623906000,110.676,110.768,110.605,110.655,7640
1623913200,110.655,110.73,110.544,110.648,10721
1623920400,110.649,110.768,110.627,110.701,6686
1623927600,110.699,110.751,110.453,110.49,11127
1623934800,110.495,110.502,110.186,110.237,13829
1623942000,110.234,110.367,110.166,110.311,10818
1623949200,110.312,110.324,110.194,110.253,7616
1623956400,110.252,110.32,110.226,110.231,3581
1623963600,110.165,110.291,110.165,110.276,7106
1623970800,110.274,110.33,110.24,110.311,7102
1623978000,110.311,110.326,110.156,110.206,6990
1623985200,110.206,110.247,110.172,110.221,4830
1623992400,110.22,110.232,109.976,110.063,10135
1623999600,110.061,110.176,109.942,110.138,12787
1624006800,110.137,110.229,110.07,110.095,8534
1624014000,110.094,110.295,110.091,110.257,14258
1624021200,110.257,110.484,110.042,110.222,20463
1624028400,110.224,110.337,110.161,110.23,11046
1624035600,110.231,110.243,110.107,110.147,6296
1624042800,110.147,110.215,110.11,110.214,3912
1624222800,110.177,110.229,110.142,110.175,3100
1624230000,110.175,110.255,110.146,110.231,9790
1624237200,110.232,110.245,109.936,110.035,11140
1624244400,110.036,110.043,109.716,109.795,12766
1624251600,109.795,109.974,109.791,109.902,8891
1624258800,109.906,110.066,109.875,109.934,12502
1624266000,109.933,110.153,109.916,110.125,10572
1624273200,110.125,110.158,110.075,110.13,9584
1624280400,110.133,110.334,110.117,110.192,12508
1624287600,110.194,110.247,110.139,110.165,6808
1624294800,110.164,110.305,110.159,110.287,5135
1624302000,110.287,110.353,110.253,110.327,4151
1624309200,110.241,110.336,110.225,110.327,2647
1624316400,110.327,110.403,110.211,110.261,6541
1624323600,110.262,110.473,110.242,110.358,6895
1624330800,110.365,110.454,110.358,110.453,3590
1624338000,110.452,110.537,110.383,110.405,7202
1624345200,110.408,110.53,110.351,110.479,8764
1624352400,110.48,110.518,110.385,110.453,6047
1624359600,110.453,110.698,110.439,110.693,6962
1624366800,110.695,110.748,110.61,110.726,11054
1624374000,110.727,110.792,110.677,110.703,6317
1624381200,110.703,110.723,110.612,110.624,4483
1624388400,110.627,110.681,110.588,110.665,3416
1624395600,110.624,110.67,110.613,110.648,3101
1624402800,110.647,110.766,110.625,110.728,5762
1624410000,110.73,110.854,110.72,110.747,7918
1624417200,110.746,110.811,110.71,110.793,3679
1624424400,110.793,110.881,110.766,110.843,6564
1624431600,110.846,110.917,110.837,110.905,7897
1624438800,110.904,111.106,110.879,111.037,7146
1624446000,111.038,111.066,110.66,110.832,10294
1624453200,110.836,110.913,110.683,110.797,10170
1624460400,110.796,110.959,110.789,110.959,5853
1624467600,110.96,111.003,110.922,110.965,4191
1624474800,110.965,111.011,110.954,110.955,2860
1624482000,110.95,111.032,110.948,110.963,13308
1624489200,110.961,111.115,110.954,111.017,7501
1624496400,111.021,111.053,110.958,111.021,7982
1624503600,111.022,111.048,110.951,110.966,4698
1624510800,110.966,110.968,110.76,110.862,7412
1624518000,110.862,110.919,110.798,110.87,7956
1624525200,110.87,110.909,110.777,110.808,5903
1624532400,110.806,110.836,110.717,110.748,10094
1624539600,110.748,110.894,110.689,110.851,9362
1624546800,110.853,110.91,110.812,110.886,4609
1624554000,110.885,110.902,110.834,110.857,3753
1624561200,110.858,110.894,110.833,110.882,2115
1624568400,110.845,110.881,110.819,110.864,3741
1624575600,110.864,110.985,110.864,110.932,4915
1624582800,110.929,110.934,110.844,110.87,6797
1624590000,110.871,110.883,110.806,110.868,4357
1624597200,110.868,110.882,110.754,110.768,5882
1624604400,110.769,110.797,110.718,110.728,5928
1624611600,110.726,110.796,110.677,110.763,4919
1624618800,110.767,110.78,110.5,110.537,9332
1624626000,110.533,110.786,110.481,110.761,10272
1624633200,110.761,110.836,110.743,110.826,5160
1624640400,110.829,110.877,110.809,110.839,3514
1624647600,110.84,110.842,110.746,110.778,2218
1624827600,110.769,110.818,110.698,110.793,1541
1624834800,110.791,110.839,110.653,110.701,5939
1624842000,110.701,110.727,110.656,110.709,5587
1624849200,110.71,110.714,110.629,110.653,3290
1624856400,110.652,110.717,110.617,110.697,4708
1624863600,110.697,110.738,110.622,110.721,7024
1624870800,110.722,110.747,110.692,110.742,5242
1624878000,110.743,110.977,110.726,110.851,9013
1624885200,110.852,110.901,110.622,110.628,9102
1624892400,110.631,110.639,110.502,110.559,6269
1624899600,110.558,110.578,110.498,110.537,3201
1624906800,110.538,110.63,110.537,110.609,1529
1624914000,110.623,110.63,110.565,110.596,4371
1624921200,110.597,110.64,110.508,110.53,5492
1624928400,110.529,110.539,110.453,110.513,6626
1624935600,110.512,110.592,110.493,110.582,4074
1624942800,110.581,110.63,110.53,110.579,4569
1624950000,110.579,110.759,110.572,110.6,7941
1624957200,110.6,110.648,110.508,110.577,5330
1624964400,110.579,110.737,110.518,110.686,10029
1624971600,110.687,110.706,110.431,110.494,9503
1624978800,110.494,110.546,110.442,110.527,4685
1624986000,110.526,110.548,110.487,110.512,1890
1624993200,110.512,110.561,110.51,110.544,2304
1625000400,110.506,110.563,110.463,110.523,6567
1625007600,110.523,110.596,110.512,110.562,5006
1625014800,110.563,110.576,110.443,110.503,6175
1625022000,110.503,110.542,110.463,110.504,3956
1625029200,110.503,110.532,110.445,110.531,5420
1625036400,110.53,110.593,110.419,110.466,8337
1625043600,110.466,110.541,110.452,110.492,5463
1625050800,110.49,110.679,110.47,110.644,7977
1625058000,110.645,111.029,110.608,110.975,12352
1625065200,110.973,111.098,110.905,111.089,6874
1625072400,111.089,111.121,111.04,111.086,3686
1625079600,111.087,111.119,111.024,111.104,2410
1625086800,111.099,111.119,111.055,111.108,2493
1625094000,111.108,111.164,111.073,111.081,5032
1625101200,111.077,111.077,111.027,111.064,5534
1625108400,111.063,111.107,111.061,111.1,2312
1625115600,111.099,111.242,111.099,111.203,4911
1625122800,111.204,111.412,111.202,111.405,6846
1625130000,111.404,111.627,111.38,111.454,8557
1625137200,111.454,111.49,111.354,111.392,9079
1625144400,111.391,111.6,111.349,111.535,10485
1625151600,111.536,111.611,111.517,111.571,5558
1625158800,111.571,111.64,111.563,111.622,2473
1625166000,111.625,111.626,111.524,111.525,1689
1625173200,111.512,111.546,111.506,111.544,1730
1625180400,111.543,111.652,111.543,111.645,4702
1625187600,111.646,111.658,111.564,111.582,6322
1625194800,111.582,111.603,111.557,111.588,3018
1625202000,111.587,111.629,111.567,111.627,4243
1625209200,111.628,111.659,111.409,111.47,7891
1625216400,111.471,111.517,111.406,111.449,5533
1625223600,111.448,111.601,111.245,111.264,15170
1625230800,111.267,111.379,111.153,111.312,17893
1625238000,111.311,111.339,111.22,111.22,4727
1625245200,111.222,111.242,110.951,111.053,5019
1625252400,111.054,111.067,111.009,111.021,1499
1625432400,110.951,111.153,110.949,111.148,3090
1625439600,111.148,111.189,111.109,111.141,4953
1625446800,111.142,111.156,111.052,111.091,4582
1625454000,111.091,111.144,111.076,111.138,2519
1625461200,111.138,111.144,110.965,110.97,3440
1625468400,110.971,111.061,110.85,110.901,6943
1625475600,110.901,110.913,110.802,110.819,6359
1625482800,110.819,110.936,110.797,110.926,5891
1625490000,110.927,110.979,110.904,110.942,4459
1625497200,110.941,110.947,110.892,110.897,2573
1625504400,110.9,110.923,110.873,110.892,10917
1625511600,110.896,110.988,110.889,110.982,18208
1625518800,110.926,110.979,110.9,110.927,1883
1625526000,110.926,110.957,110.809,110.863,4578
1625533200,110.862,110.881,110.787,110.852,6065
1625540400,110.853,110.872,110.826,110.833,4337
1625547600,110.834,110.879,110.763,110.871,5525
1625554800,110.87,110.916,110.748,110.79,9492
1625562000,110.789,110.849,110.68,110.7,6639
1625569200,110.697,110.742,110.597,110.718,9687
1625576400,110.72,110.804,110.522,110.568,17315
1625583600,110.569,110.689,110.527,110.631,8147
1625590800,110.632,110.689,110.604,110.616,3332
1625598000,110.617,110.668,110.603,110.615,2843
1625605200,110.586,110.663,110.586,110.64,4879
1625612400,110.641,110.662,110.403,110.417,7791
1625619600,110.417,110.561,110.396,110.545,7549
1625626800,110.545,110.642,110.481,110.526,5169
1625634000,110.526,110.734,110.515,110.708,7024
1625641200,110.707,110.784,110.603,110.749,9147
1625648400,110.75,110.817,110.715,110.75,5775
1625655600,110.75,110.76,110.507,110.586,9861
1625662800,110.585,110.814,110.573,110.661,15594
1625670000,110.661,110.715,110.605,110.671,5265
1625677200,110.671,110.726,110.539,110.618,8537
1625684400,110.62,110.655,110.568,110.615,3423
1625691600,110.633,110.672,110.594,110.606,3978
1625698800,110.604,110.65,110.509,110.541,6167
1625706000,110.541,110.607,110.423,110.582,9015
1625713200,110.583,110.622,110.521,110.529,5060
1625720400,110.531,110.538,110.152,110.163,12682
1625727600,110.162,110.198,109.755,109.851,19860
1625734800,109.851,110.049,109.716,109.809,12443
1625742000,109.808,109.853,109.601,109.671,13127
1625749200,109.673,109.741,109.534,109.573,15911
1625756400,109.572,109.867,109.552,109.804,7687
1625763600,109.803,109.869,109.787,109.806,4803
1625770800,109.805,109.843,109.757,109.759,3044
1625778000,109.72,109.798,109.71,109.778,1947
1625785200,109.777,109.923,109.775,109.873,7316
1625792400,109.873,109.936,109.762,109.917,7829
1625799600,109.916,109.994,109.869,109.994,6425
1625806800,109.993,110.133,109.976,110.09,8176
1625814000,110.092,110.134,110,110.096,10860
1625821200,110.096,110.142,109.901,110.007,9043
1625828400,110.008,110.08,109.92,109.982,9755
1625835600,109.981,110.259,109.941,110.142,11276
1625842800,110.141,110.218,110.118,110.2,5236
1625850000,110.201,110.205,110.144,110.157,2772
1625857200,110.156,110.199,110.095,110.1,1971
1626037200,110.115,110.247,110.082,110.197,2818
1626044400,110.196,110.253,110.116,110.121,5085
1626051600,110.121,110.188,110.012,110.175,5620
1626058800,110.176,110.199,110.124,110.181,3375
1626066000,110.18,110.215,110.14,110.182,3671
1626073200,110.182,110.278,109.978,110.094,8013
1626080400,110.093,110.181,110.054,110.176,5689
1626087600,110.177,110.266,110.102,110.207,7456
1626094800,110.206,110.394,110.169,110.283,8208
1626102000,110.283,110.403,110.266,110.379,4438
1626109200,110.378,110.389,110.315,110.33,2710
1626116400,110.332,110.374,110.328,110.354,1992
1626123600,110.358,110.372,110.311,110.32,5072
1626130800,110.323,110.4,110.288,110.384,5215
1626138000,110.38,110.442,110.342,110.364,5251
1626145200,110.363,110.431,110.348,110.427,3559
1626152400,110.425,110.447,110.352,110.383,4871
1626159600,110.379,110.421,110.314,110.349,7354
1626166800,110.348,110.373,110.222,110.231,5435
1626174000,110.23,110.543,110.198,110.512,14268
1626181200,110.513,110.557,110.288,110.317,17233
1626188400,110.318,110.429,110.288,110.421,4711
1626195600,110.422,110.647,110.408,110.595,7643
1626202800,110.595,110.647,110.571,110.63,3023
1626210000,110.62,110.638,110.588,110.601,9007
1626217200,110.6,110.699,110.582,110.626,6560
1626224400,110.626,110.628,110.464,110.512,7381
1626231600,110.512,110.512,110.445,110.503,3367
1626238800,110.502,110.533,110.416,110.461,5368
1626246000,110.459,110.536,110.45,110.509,7613
1626253200,110.509,110.518,110.453,110.504,5012
1626260400,110.508,110.515,110.141,110.181,13013
1626267600,110.181,110.191,109.971,110.087,15672
1626274800,110.087,110.09,109.953,109.983,6311
1626282000,109.983,110.022,109.948,110.002,3915
1626289200,110.003,110.013,109.936,109.946,2646
1626296400,109.946,109.99,109.93,109.987,9008
1626303600,109.987,110.028,109.835,109.904,6382
1626310800,109.902,109.989,109.82,109.88,8098
1626318000,109.881,109.918,109.83,109.891,4192
1626325200,109.889,109.889,109.749,109.859,5163
1626332400,109.863,109.863,109.713,109.75,7940
1626339600,109.749,109.986,109.729,109.975,9123
1626346800,109.975,110.09,109.937,110.067,9981
1626354000,110.067,110.085,109.845,110.031,12856
1626361200,110.03,110.07,109.977,110.043,5728
1626368400,110.044,110.049,109.816,109.822,5826
1626375600,109.823,109.842,109.78,109.841,3214
1626382800,109.812,109.842,109.796,109.82,3362
1626390000,109.821,109.9,109.732,109.883,6644
1626397200,109.883,110.073,109.861,109.986,6635
1626404400,109.988,110.035,109.941,110.011,5374
1626411600,110.009,110.012,109.943,109.981,5860
1626418800,109.98,110.221,109.932,110.085,9421
1626426000,110.085,110.239,110.06,110.227,6217
1626433200,110.228,110.34,110.151,110.316,9011
1626440400,110.317,110.342,110.087,110.104,12152
1626447600,110.105,110.177,110.084,110.105,5194
1626454800,110.104,110.106,110.038,110.074,2955
1626462000,110.072,110.094,110.034,110.079,1963
1626642000,109.995,110.099,109.979,109.987,1488
1626649200,109.988,109.988,109.85,109.869,8108
1626656400,109.867,109.947,109.851,109.926,5124
1626663600,109.925,109.963,109.896,109.916,2881
1626670800,109.915,110.033,109.902,110.026,4735
1626678000,110.026,110.031,109.703,109.734,13724
1626685200,109.734,109.835,109.717,109.816,9530
1626692400,109.815,109.828,109.43,109.475,12343
1626699600,109.473,109.476,109.064,109.356,17740
1626706800,109.357,109.576,109.34,109.385,9520
1626714000,109.386,109.486,109.385,109.473,4748
1626721200,109.472,109.512,109.436,109.452,3280
1626728400,109.452,109.508,109.378,109.483,11618
1626735600,109.482,109.572,109.475,109.505,6410
1626742800,109.504,109.57,109.478,109.553,7760
1626750000,109.552,109.602,109.37,109.458,7859
1626757200,109.46,109.565,109.451,109.565,6372
1626764400,109.564,109.746,109.545,109.615,12391
1626771600,109.617,109.621,109.329,109.429,11586
1626778800,109.43,109.624,109.404,109.528,12846
1626786000,109.529,109.949,109.354,109.925,19364
1626793200,109.922,109.958,109.832,109.899,9755
1626800400,109.904,109.924,109.817,109.822,3754
1626807600,109.822,109.887,109.815,109.854,3209
1626814800,109.798,109.882,109.774,109.867,8353
1626822000,109.867,109.973,109.863,109.962,5878
1626829200,109.961,109.982,109.856,109.897,6409
1626836400,109.897,109.922,109.862,109.879,3487
1626843600,109.88,109.929,109.801,109.927,6124
1626850800,109.926,110.179,109.893,110.096,13902
1626858000,110.097,110.156,110.001,110.145,8986
1626865200,110.142,110.204,110.044,110.184,8481
1626872400,110.184,110.388,110.184,110.317,12327
1626879600,110.315,110.354,110.205,110.306,7044
1626886800,110.307,110.337,110.261,110.267,4766
1626894000,110.271,110.303,110.256,110.291,2695
1626901200,110.275,110.297,110.26,110.276,6676
1626908400,110.273,110.293,110.181,110.187,2899
1626915600,110.185,110.198,110.084,110.147,3989
1626922800,110.147,110.149,110.116,110.148,1726
1626930000,110.147,110.204,110.068,110.125,4529
1626937200,110.124,110.359,110.108,110.251,8768
1626944400,110.252,110.341,110.219,110.316,5089
1626951600,110.315,110.318,110.014,110.069,13509
1626958800,110.067,110.241,110.042,110.142,16322
1626966000,110.141,110.151,110.065,110.127,7260
1626973200,110.127,110.223,110.1,110.147,5219
1626980400,110.149,110.201,110.085,110.159,2985
1626987600,110.159,110.163,110.03,110.153,12133
1626994800,110.153,110.159,110.086,110.136,2696
1627002000,110.134,110.284,110.124,110.242,2933
1627009200,110.243,110.305,110.229,110.269,3753
1627016400,110.268,110.31,110.248,110.293,5048
1627023600,110.294,110.487,110.276,110.483,11926
1627030800,110.484,110.497,110.415,110.481,7489
1627038000,110.48,110.588,110.453,110.484,9621
1627045200,110.485,110.593,110.389,110.565,11819
1627052400,110.567,110.576,110.491,110.544,5585
1627059600,110.546,110.561,110.502,110.556,2981
1627066800,110.556,110.566,110.515,110.547,1961
1627246800,110.451,110.563,110.451,110.544,1095
1627254000,110.545,110.583,110.45,110.454,7457
1627261200,110.453,110.459,110.326,110.363,9406
1627268400,110.364,110.372,110.316,110.339,5827
1627275600,110.338,110.34,110.22,110.266,8411
1627282800,110.265,110.299,110.117,110.224,14148
1627290000,110.227,110.336,110.225,110.297,9821
1627297200,110.296,110.425,110.219,110.37,9491
1627304400,110.368,110.395,110.155,110.289,14235
1627311600,110.288,110.34,110.249,110.322,6721
1627318800,110.322,110.388,110.313,110.38,2491
1627326000,110.38,110.409,110.371,110.381,1809
1627333200,110.366,110.39,110.359,110.379,2220
1627340400,110.378,110.388,110.214,110.223,5535
1627347600,110.222,110.309,110.193,110.215,7081
1627354800,110.215,110.257,110.167,110.21,5387
1627362000,110.209,110.233,110.132,110.167,6369
1627369200,110.166,110.181,109.977,110.075,15136
1627376400,110.077,110.156,110.024,110.118,7065
1627383600,110.118,110.172,109.942,109.952,8010
1627390800,109.953,110.023,109.786,109.799,14072
1627398000,109.802,109.819,109.584,109.626,10820
1627405200,109.624,109.721,109.601,109.718,3758
1627412400,109.717,109.814,109.707,109.792,3322
1627419600,109.732,109.796,109.724,109.79,3165
1627426800,109.787,109.909,109.761,109.872,5415
1627434000,109.872,109.912,109.758,109.8,6835
1627441200,109.801,109.822,109.743,109.773,3746
1627448400,109.773,109.894,109.754,109.857,6016
1627455600,109.857,109.995,109.79,109.923,10332
1627462800,109.922,109.997,109.878,109.968,6731
1627470000,109.969,110.162,109.953,110.148,10706
1627477200,110.146,110.225,110.081,110.105,11952
1627484400,110.104,110.122,110.027,110.046,5686
1627491600,110.047,110.289,109.928,109.98,20029
1627498800,109.98,110.027,109.842,109.919,9580
1627506000,109.908,109.948,109.896,109.909,5152
1627513200,109.907,109.912,109.72,109.747,5996
1627520400,109.746,109.819,109.687,109.804,8492
1627527600,109.803,109.831,109.759,109.783,4747
1627534800,109.784,109.841,109.679,109.834,8038
1627542000,109.832,109.89,109.728,109.81,9879
1627549200,109.81,109.877,109.778,109.864,6653
1627556400,109.864,109.876,109.605,109.759,10365
1627563600,109.757,109.912,109.587,109.602,14357
1627570800,109.604,109.643,109.47,109.527,8456
1627578000,109.528,109.566,109.459,109.46,5386
1627585200,109.459,109.492,109.421,109.48,3406
1627592400,109.453,109.5,109.433,109.455,15207
1627599600,109.456,109.553,109.361,109.55,7634
1627606800,109.547,109.606,109.464,109.53,7830
1627614000,109.533,109.562,109.483,109.526,4420
1627621200,109.528,109.627,109.499,109.606,7572
1627628400,109.607,109.629,109.481,109.496,7895
1627635600,109.495,109.626,109.495,109.595,6841
1627642800,109.596,109.795,109.587,109.775,9296
1627650000,109.773,109.799,109.633,109.762,12797
1627657200,109.763,109.79,109.696,109.787,5456
1627664400,109.788,109.827,109.754,109.755,6401
1627671600,109.753,109.774,109.644,109.66,2551
1627851600,109.681,109.759,109.563,109.714,1888
1627858800,109.715,109.771,109.601,109.633,5955
1627866000,109.632,109.744,109.611,109.683,7275
1627873200,109.682,109.721,109.651,109.704,3719
1627880400,109.703,109.707,109.63,109.655,6243
1627887600,109.656,109.746,109.62,109.65,7752
1627894800,109.649,109.67,109.511,109.513,6027
1627902000,109.512,109.577,109.477,109.537,7766
1627909200,109.534,109.545,109.23,109.27,11943
1627916400,109.269,109.308,109.188,109.252,7352
1627923600,109.251,109.288,109.243,109.246,2446
1627930800,109.245,109.375,109.244,109.315,2390
1627938000,109.293,109.34,109.287,109.328,11978
1627945200,109.327,109.336,109.222,109.308,4166
1627952400,109.307,109.334,109.192,109.216,6277
1627959600,109.217,109.275,109.136,109.183,6461
1627966800,109.184,109.229,109.11,109.135,6304
1627974000,109.134,109.247,109.099,109.148,9645
1627981200,109.152,109.216,109.125,109.174,6262
1627988400,109.173,109.217,109.029,109.036,7925
1627995600,109.034,109.035,108.877,108.95,15073
1628002800,108.951,109.105,108.928,109.063,7131
1628010000,109.065,109.157,109.062,109.108,2760
1628017200,109.108,109.11,109.025,109.025,2239
1628024400,109.003,109.062,109.003,109.018,4023
1628031600,109.019,109.042,108.947,109.018,4378
1628038800,109.017,109.11,108.926,109.039,6256
1628046000,109.039,109.087,109.013,109.083,2854
1628053200,109.082,109.132,109.026,109.071,4369
1628060400,109.073,109.237,109.067,109.192,6934
1628067600,109.195,109.214,109.122,109.13,4841
1628074800,109.132,109.143,108.76,108.77,12177
1628082000,108.769,109.626,108.722,109.563,19310
1628089200,109.563,109.674,109.428,109.52,9052
1628096400,109.519,109.519,109.452,109.467,4369
1628103600,109.463,109.489,109.435,109.48,2681
1628110800,109.47,109.525,109.456,109.487,8640
1628118000,109.485,109.691,109.476,109.686,5757
1628125200,109.687,109.718,109.629,109.672,5675
1628132400,109.672,109.699,109.647,109.669,3179
1628139600,109.67,109.752,109.634,109.655,5439
1628146800,109.656,109.71,109.545,109.602,9386
1628154000,109.601,109.64,109.433,109.463,7114
1628161200,109.465,109.632,109.403,109.593,11881
1628168400,109.593,109.779,109.558,109.7,12632
1628175600,109.701,109.783,109.672,109.739,5083
1628182800,109.739,109.788,109.737,109.749,3010
1628190000,109.748,109.787,109.726,109.781,2901
1628197200,109.753,109.789,109.752,109.784,3904
1628204400,109.783,109.881,109.743,109.865,4716
1628211600,109.864,109.888,109.83,109.862,4604
1628218800,109.86,109.876,109.814,109.818,2405
1628226000,109.817,109.845,109.73,109.771,4630
1628233200,109.771,109.795,109.699,109.781,7781
1628240400,109.782,109.846,109.755,109.827,6968
1628247600,109.827,110.118,109.777,110.114,14322
1628254800,110.114,110.356,110.114,110.323,14389
1628262000,110.323,110.331,110.193,110.268,5983
1628269200,110.267,110.269,110.202,110.226,2680
1628276400,110.227,110.251,110.195,110.219,1677
1628456400,110.193,110.289,110.168,110.261,2605
1628463600,110.261,110.317,110.248,110.262,6087
1628470800,110.262,110.263,110.188,110.207,4054
1628478000,110.207,110.237,110.2,110.213,2808
1628485200,110.214,110.22,110.107,110.179,4999
1628492400,110.178,110.239,110.134,110.188,8888
1628499600,110.188,110.194,110.106,110.15,7421
1628506800,110.149,110.156,110.044,110.141,7356
1628514000,110.142,110.3,110.027,110.286,11123
1628521200,110.286,110.319,110.209,110.273,6825
1628528400,110.274,110.297,110.229,110.287,3253
1628535600,110.288,110.353,110.283,110.334,2435
1628542800,110.242,110.342,110.238,110.3,8380
1628550000,110.304,110.405,110.302,110.327,4758
1628557200,110.326,110.355,110.307,110.346,4831
1628564400,110.345,110.361,110.308,110.327,3135
1628571600,110.328,110.402,110.317,110.381,5058
1628578800,110.381,110.501,110.37,110.487,7304
1628586000,110.487,110.547,110.436,110.459,6090
1628593200,110.46,110.525,110.399,110.489,7036
1628600400,110.49,110.596,110.466,110.551,9838
1628607600,110.548,110.598,110.508,110.597,3574
1628614800,110.598,110.599,110.545,110.577,1798
1628622000,110.577,110.598,110.565,110.582,1824
1628629200,110.545,110.581,110.457,110.552,11895
1628636400,110.551,110.684,110.546,110.673,3407
1628643600,110.674,110.687,110.606,110.643,3787
1628650800,110.643,110.682,110.631,110.677,3681
1628658000,110.677,110.752,110.645,110.738,4377
1628665200,110.737,110.801,110.721,110.797,6234
1628672400,110.797,110.797,110.726,110.739,4282
1628679600,110.741,110.759,110.397,110.477,13658
1628686800,110.478,110.578,110.385,110.467,13023
1628694000,110.466,110.502,110.415,110.417,3789
1628701200,110.416,110.458,110.309,110.457,5828
1628708400,110.458,110.48,110.389,110.438,2200
1628715600,110.401,110.451,110.397,110.42,3742
1628722800,110.42,110.425,110.336,110.347,3911
1628730000,110.347,110.433,110.317,110.402,5486
1628737200,110.402,110.421,110.337,110.417,3476
1628744400,110.416,110.449,110.366,110.436,4579
1628751600,110.435,110.475,110.347,110.357,7052
1628758800,110.358,110.449,110.357,110.441,4653
1628766000,110.446,110.523,110.396,110.459,7048
1628773200,110.46,110.546,110.333,110.353,7418
1628780400,110.355,110.403,110.321,110.403,3173
1628787600,110.403,110.475,110.383,110.462,3414
1628794800,110.464,110.464,110.4,110.438,1980
1628802000,110.35,110.435,110.344,110.393,14309
1628809200,110.393,110.456,110.37,110.421,4093
1628816400,110.421,110.427,110.369,110.394,4529
1628823600,110.393,110.419,110.381,110.41,2913
1628830800,110.412,110.418,110.347,110.373,4125
1628838000,110.371,110.371,110.234,110.272,6153
1628845200,110.273,110.332,110.253,110.273,4230
1628852400,110.27,110.273,110.183,110.196,6523
1628859600,110.196,110.202,109.852,109.867,10014
1628866800,109.867,109.876,109.646,109.672,6005
1628874000,109.672,109.673,109.585,109.586,3526
1628881200,109.585,109.613,109.546,109.597,1984
1629061200,109.543,109.752,109.543,109.663,3679
1629068400,109.662,109.664,109.442,109.501,7500
1629075600,109.5,109.531,109.328,109.382,6652
1629082800,109.382,109.443,109.346,109.436,3722
1629090000,109.436,109.452,109.345,109.351,5076
1629097200,109.35,109.454,109.297,109.314,7883
1629104400,109.315,109.427,109.257,109.325,6509
1629111600,109.326,109.439,109.27,109.313,8681
1629118800,109.312,109.328,109.114,109.138,12055
1629126000,109.138,109.281,109.137,109.239,4071
1629133200,109.239,109.258,109.199,109.237,1513
1629140400,109.237,109.273,109.227,109.266,1445
1629147600,109.261,109.279,109.23,109.257,4148
1629154800,109.259,109.329,109.221,109.237,4720
1629162000,109.238,109.339,109.203,109.271,5054
1629169200,109.271,109.354,109.265,109.345,4069
1629176400,109.343,109.345,109.243,109.292,5503
1629183600,109.293,109.43,109.118,109.306,10261
1629190800,109.305,109.355,109.255,109.284,6056
1629198000,109.285,109.557,109.174,109.532,11082
1629205200,109.531,109.631,109.412,109.594,11749
1629212400,109.594,109.655,109.532,109.547,4565
1629219600,109.546,109.579,109.507,109.56,3083
1629226800,109.56,109.61,109.56,109.586,2215
1629234000,109.545,109.608,109.499,109.594,10756
1629241200,109.596,109.617,109.51,109.513,4869
1629248400,109.514,109.577,109.478,109.565,7197
1629255600,109.565,109.684,109.55,109.617,4830
1629262800,109.617,109.655,109.562,109.604,4332
1629270000,109.603,109.672,109.537,109.625,7586
1629277200,109.623,109.753,109.607,109.747,5596
1629284400,109.746,109.879,109.717,109.867,8144
1629291600,109.866,109.899,109.777,109.885,8242
1629298800,109.884,110,109.876,109.983,4662
1629306000,109.984,110.066,109.791,109.887,10150
1629313200,109.886,109.898,109.754,109.766,3417
1629320400,109.756,109.816,109.753,109.801,3068
1629327600,109.801,109.996,109.785,109.983,5866
1629334800,109.981,110.192,109.964,110.15,7000
1629342000,110.15,110.229,110.143,110.173,4615
1629349200,110.172,110.2,109.925,109.93,9613
1629356400,109.931,109.941,109.496,109.604,15142
1629363600,109.606,109.746,109.485,109.659,10833
1629370800,109.658,109.769,109.513,109.683,9907
1629378000,109.682,109.837,109.658,109.723,13792
1629385200,109.723,109.804,109.704,109.778,5595
1629392400,109.778,109.832,109.76,109.79,3366
1629399600,109.79,109.82,109.753,109.756,1946
1629406800,109.665,109.775,109.657,109.759,3890
1629414000,109.763,109.886,109.749,109.844,4862
1629421200,109.844,109.847,109.632,109.711,8028
1629428400,109.712,109.774,109.704,109.747,3846
1629435600,109.746,109.748,109.612,109.664,7523
1629442800,109.663,109.714,109.57,109.681,10200
1629450000,109.682,109.694,109.587,109.628,5832
1629457200,109.627,109.777,109.605,109.776,6077
1629464400,109.775,109.878,109.733,109.803,10904
1629471600,109.802,109.838,109.75,109.812,3602
1629478800,109.813,109.85,109.803,109.808,2120
1629486000,109.807,109.821,109.76,109.797,1926
1629666000,109.742,109.853,109.621,109.841,4621
1629673200,109.839,109.933,109.829,109.868,6745
1629680400,109.867,109.884,109.816,109.819,6980
1629687600,109.818,109.887,109.808,109.863,4012
1629694800,109.862,109.986,109.848,109.94,5665
1629702000,109.941,109.989,109.839,109.935,9635
1629709200,109.934,110.099,109.934,110.066,5920
1629716400,110.066,110.146,110.03,110.04,5922
1629723600,110.041,110.041,109.722,109.742,13754
1629730800,109.74,109.843,109.731,109.773,5689
1629738000,109.773,109.773,109.685,109.686,3074
1629745200,109.685,109.717,109.653,109.689,4154
1629752400,109.656,109.715,109.653,109.704,14259
1629759600,109.702,109.767,109.641,109.761,4076
1629766800,109.761,109.777,109.701,109.732,4634
1629774000,109.728,109.788,109.723,109.772,2714
1629781200,109.773,109.882,109.771,109.877,6174
1629788400,109.878,109.878,109.709,109.794,7868
1629795600,109.794,109.794,109.648,109.715,4618
1629802800,109.715,109.722,109.512,109.531,7242
1629810000,109.531,109.751,109.413,109.685,13161
1629817200,109.687,109.739,109.648,109.704,4114
1629824400,109.704,109.711,109.647,109.691,2658
1629831600,109.692,109.701,109.641,109.682,1882
1629838800,109.524,109.7,109.521,109.687,5702
1629846000,109.685,109.845,109.68,109.819,5372
1629853200,109.821,109.867,109.778,109.795,5000
1629860400,109.795,109.822,109.744,109.75,4479
1629867600,109.75,109.788,109.685,109.781,5744
1629874800,109.777,109.84,109.72,109.744,9008
1629882000,109.744,109.848,109.743,109.829,5526
1629889200,109.831,109.995,109.827,109.983,8980
1629896400,109.987,110.104,109.888,110.094,13246
1629903600,110.095,110.095,110.008,110.053,5078
1629910800,110.052,110.124,109.968,109.985,4665
1629918000,109.986,110.04,109.972,109.983,2347
1629925200,109.949,110.049,109.944,110.004,17409
1629932400,110.006,110.062,109.965,110.045,4301
1629939600,110.045,110.113,109.97,109.989,5739
1629946800,109.991,110.003,109.927,109.991,2783
1629954000,109.99,110.158,109.954,110.144,6432
1629961200,110.144,110.226,110.09,110.182,8838
1629968400,110.182,110.194,110.046,110.094,4975
1629975600,110.092,110.197,109.972,110.132,10260
1629982800,110.13,110.23,110.048,110.05,16457
1629990000,110.051,110.165,109.938,110.138,7452
1629997200,110.137,110.158,110.001,110.029,5358
1630004400,110.031,110.084,110.017,110.081,3215
1630011600,109.967,110.078,109.964,110.049,7107
1630018800,110.049,110.07,109.964,110.056,4887
1630026000,110.054,110.086,109.955,110.002,5684
1630033200,110.002,110.007,109.885,109.924,4046
1630040400,109.923,110.031,109.923,110.014,5439
1630047600,110.013,110.153,109.989,110.113,7848
1630054800,110.112,110.157,110.072,110.147,4603
1630062000,110.146,110.211,110.027,110.083,7199
1630069200,110.08,110.267,109.861,109.98,22604
1630076400,109.983,109.983,109.799,109.803,8024
1630083600,109.802,109.862,109.797,109.828,2885
1630090800,109.827,109.854,109.78,109.852,2332
1630270800,109.852,109.861,109.77,109.858,1553
1630278000,109.855,109.877,109.711,109.725,4720
1630285200,109.725,109.798,109.702,109.795,6871
1630292400,109.795,109.801,109.729,109.751,3217
1630299600,109.751,109.798,109.736,109.774,3074
1630306800,109.776,109.87,109.759,109.844,5434
1630314000,109.846,109.852,109.801,109.837,4227
1630321200,109.837,109.946,109.828,109.941,4786
1630328400,109.941,109.965,109.845,109.892,8441
1630335600,109.891,109.928,109.861,109.904,3328
1630342800,109.905,109.911,109.879,109.887,1220
1630350000,109.889,109.941,109.869,109.918,1764
1630357200,109.904,109.981,109.866,109.978,4786
1630364400,109.979,109.984,109.855,109.879,4627
1630371600,109.885,109.896,109.835,109.855,6070
1630378800,109.854,109.909,109.836,109.907,4681
1630386000,109.908,109.909,109.799,109.879,5204
1630393200,109.878,109.92,109.778,109.901,7469
1630400400,109.901,109.956,109.874,109.937,8526
1630407600,109.936,109.944,109.649,109.712,9955
1630414800,109.713,109.883,109.587,109.857,16163
1630422000,109.854,110.08,109.846,109.967,11641
1630429200,109.971,110.01,109.933,109.995,4081
1630436400,109.997,110.034,109.983,109.995,3385
1630443600,109.998,110.013,109.985,109.989,8763
1630450800,109.989,110.204,109.986,110.183,6823
1630458000,110.182,110.237,110.165,110.218,7652
1630465200,110.217,110.234,110.155,110.233,5754
1630472400,110.233,110.257,110.167,110.214,6149
1630479600,110.215,110.42,110.203,110.372,8639
1630486800,110.372,110.372,110.27,110.286,4169
1630494000,110.287,110.39,110.017,110.028,10909
1630501200,110.026,110.129,109.881,110.015,15381
1630508400,110.015,110.068,109.971,110.041,6728
1630515600,110.04,110.055,109.928,109.928,4801
1630522800,109.929,110.077,109.929,110.02,2836
1630530000,109.944,110.051,109.944,110.04,14972
1630537200,110.039,110.121,109.917,109.977,6241
1630544400,109.976,109.993,109.927,109.968,4448
1630551600,109.967,110.029,109.957,110.029,3047
1630558800,110.028,110.071,109.946,110.065,5352
1630566000,110.064,110.076,109.983,110.002,7725
1630573200,110.005,110.015,109.95,109.983,5366
1630580400,109.982,110.06,109.969,110.021,6933
1630587600,110.022,110.092,109.953,109.972,10472
1630594800,109.969,110.026,109.954,110.007,5312
1630602000,110.008,110.012,109.963,109.966,2957
1630609200,109.966,109.98,109.928,109.931,3486
1630616400,109.905,109.96,109.905,109.959,14295
1630623600,109.959,109.979,109.883,109.887,5222
1630630800,109.887,110.059,109.794,110.059,8022
1630638000,110.059,110.072,109.976,110.03,8828
1630645200,110.031,110.054,109.998,110.022,4747
1630652400,110.023,110.052,109.928,109.972,8311
1630659600,109.972,109.989,109.902,109.923,5457
1630666800,109.922,109.971,109.629,109.857,13884
1630674000,109.856,109.889,109.592,109.66,18647
1630681200,109.661,109.684,109.597,109.637,5267
1630688400,109.637,109.662,109.608,109.63,2706
1630695600,109.629,109.743,109.62,109.715,1421
1630875600,109.687,109.79,109.622,109.767,2656
1630882800,109.768,109.837,109.729,109.811,6318
1630890000,109.812,109.831,109.763,109.788,5823
1630897200,109.788,109.842,109.779,109.807,4897
1630904400,109.806,109.829,109.776,109.827,3590
1630911600,109.828,109.947,109.819,109.891,6250
1630918800,109.89,109.932,109.86,109.866,5404
1630926000,109.867,109.889,109.824,109.835,4436
1630933200,109.835,109.866,109.825,109.849,4428
1630940400,109.848,109.868,109.827,109.862,2702
1630947600,109.861,109.862,109.832,109.839,1377
1630954800,109.839,109.862,109.815,109.815,14260
1630962000,109.82,109.854,109.808,109.828,13842
1630969200,109.828,109.843,109.747,109.781,5542
1630976400,109.781,109.842,109.686,109.739,5842
1630983600,109.738,109.845,109.733,109.816,5300
1630990800,109.815,109.949,109.783,109.92,7346
1630998000,109.919,109.997,109.873,109.925,11213
1631005200,109.924,109.982,109.915,109.94,7170
1631012400,109.941,110.104,109.936,110.086,8777
1631019600,110.088,110.244,110.069,110.215,12291
1631026800,110.216,110.255,110.147,110.216,6062
1631034000,110.217,110.29,110.187,110.29,4361
1631041200,110.288,110.318,110.279,110.286,4685
1631048400,110.258,110.293,110.249,110.29,21395
1631055600,110.287,110.335,110.255,110.257,4608
1631062800,110.257,110.306,110.256,110.275,4490
1631070000,110.273,110.311,110.269,110.307,3724
1631077200,110.306,110.446,110.305,110.402,5439
1631084400,110.405,110.405,110.142,110.159,11812
1631091600,110.158,110.258,110.158,110.24,5218
1631098800,110.238,110.318,110.148,110.242,7809
1631106000,110.241,110.393,110.22,110.315,10892
1631113200,110.315,110.372,110.237,110.282,5748
1631120400,110.282,110.291,110.172,110.226,3737
1631127600,110.224,110.273,110.221,110.265,2773
1631134800,110.231,110.276,110.216,110.245,12201
1631142000,110.246,110.272,110.194,110.211,4572
1631149200,110.21,110.213,110.097,110.141,4782
1631156400,110.139,110.208,110.134,110.152,3181
1631163600,110.151,110.165,110.058,110.087,3937
1631170800,110.089,110.09,109.875,109.889,6993
1631178000,109.89,109.92,109.864,109.903,3987
1631185200,109.904,109.96,109.848,109.898,9138
1631192400,109.898,109.92,109.78,109.823,9317
1631199600,109.821,109.848,109.696,109.701,3634
1631206800,109.704,109.711,109.621,109.693,3224
1631214000,109.693,109.742,109.687,109.738,1911
1631221200,109.705,109.809,109.694,109.804,14771
1631228400,109.803,109.807,109.7,109.703,6258
1631235600,109.703,109.796,109.697,109.771,5165
1631242800,109.772,109.887,109.772,109.879,3715
1631250000,109.881,109.96,109.845,109.931,3900
1631257200,109.933,109.99,109.855,109.894,5691
1631264400,109.894,109.978,109.864,109.951,3924
1631271600,109.953,109.954,109.787,109.889,5111
1631278800,109.89,109.929,109.806,109.836,7354
1631286000,109.837,109.954,109.827,109.929,8416
1631293200,109.928,109.946,109.889,109.904,4246
1631300400,109.905,109.907,109.852,109.905,3107
1631480400,109.886,109.926,109.788,109.874,2836
1631487600,109.873,109.979,109.858,109.97,7438
1631494800,109.971,109.976,109.891,109.946,7091
1631502000,109.946,109.98,109.898,109.974,6969
1631509200,109.973,110.122,109.953,110.107,9714
1631516400,110.108,110.16,110.067,110.116,8865
1631523600,110.117,110.138,110.091,110.109,5924
1631530800,110.109,110.125,110.015,110.063,7626
1631538000,110.063,110.075,109.899,109.927,9641
1631545200,109.928,110.003,109.918,110,5845
1631552400,110.001,110.036,109.983,110.012,5303
1631559600,110.012,110.029,109.996,110.003,3173
1631566800,109.968,110.031,109.949,110.023,4530
1631574000,110.024,110.052,109.963,110.037,5865
1631581200,110.036,110.092,110.036,110.073,7630
1631588400,110.071,110.109,110.051,110.063,3923
1631595600,110.062,110.094,109.996,110.038,5231
1631602800,110.038,110.057,109.954,110.039,7981
1631610000,110.038,110.143,110.023,110.135,7762
1631617200,110.136,110.162,109.864,109.876,14103
1631624400,109.877,109.908,109.647,109.659,16594
1631631600,109.659,109.704,109.597,109.633,7739
1631638800,109.635,109.642,109.527,109.626,5407
1631646000,109.627,109.692,109.613,109.692,4321
1631653200,109.683,109.743,109.654,109.733,6878
1631660400,109.734,109.743,109.558,109.573,6681
1631667600,109.576,109.656,109.545,109.625,6380
1631674800,109.626,109.642,109.58,109.622,3081
1631682000,109.62,109.623,109.467,109.504,6177
1631689200,109.502,109.562,109.307,109.326,8685
1631696400,109.325,109.368,109.224,109.255,7367
1631703600,109.255,109.43,109.113,109.381,10281
1631710800,109.38,109.403,109.204,109.292,14504
1631718000,109.292,109.41,109.283,109.393,7395
1631725200,109.394,109.453,109.36,109.394,3336
1631732400,109.395,109.426,109.347,109.371,4873
1631739600,109.337,109.372,109.333,109.355,12350
1631746800,109.354,109.463,109.314,109.385,5554
1631754000,109.386,109.387,109.222,109.268,7424
1631761200,109.268,109.324,109.268,109.286,4328
1631768400,109.285,109.363,109.214,109.355,8447
1631775600,109.356,109.393,109.273,109.385,9655
1631782800,109.384,109.434,109.325,109.361,8276
1631790000,109.362,109.701,109.361,109.691,12184
1631797200,109.691,109.828,109.609,109.656,10096
1631804400,109.657,109.737,109.613,109.735,4320
1631811600,109.734,109.737,109.694,109.699,2454
1631818800,109.698,109.752,109.689,109.743,5123
1631826000,109.709,109.746,109.705,109.732,5118
1631833200,109.731,109.816,109.667,109.799,6720
1631840400,109.8,109.918,109.776,109.855,9083
1631847600,109.856,109.865,109.812,109.832,4440
1631854800,109.831,109.91,109.83,109.876,7572
1631862000,109.875,109.981,109.815,109.977,11147
1631869200,109.977,109.998,109.921,109.988,7961
1631876400,109.987,110.032,109.946,110.021,8329
1631883600,110.024,110.08,109.924,109.971,13777
1631890800,109.97,110.002,109.873,109.979,4792
1631898000,109.979,109.979,109.919,109.921,1954
1631905200,109.921,109.981,109.91,109.97,2352
1632085200,109.913,109.999,109.875,109.965,1492
1632092400,109.965,110.037,109.956,110.015,1445
1632099600,110.015,110.019,109.858,109.878,2548
1632106800,109.878,109.962,109.873,109.917,1938
1632114000,109.916,109.928,109.804,109.831,3175
1632121200,109.832,109.848,109.657,109.679,8963
1632128400,109.68,109.714,109.493,109.51,6420
1632135600,109.511,109.594,109.431,109.497,8427
1632142800,109.498,109.649,109.494,109.518,9343
1632150000,109.52,109.533,109.397,109.407,4349
1632157200,109.408,109.415,109.324,109.366,3073
1632164400,109.366,109.429,109.354,109.387,2530
1632171600,109.367,109.434,109.338,109.415,8402
1632178800,109.414,109.581,109.348,109.551,8335
1632186000,109.552,109.6,109.478,109.585,8085
1632193200,109.586,109.633,109.557,109.578,7803
1632200400,109.577,109.61,109.499,109.578,7487
1632207600,109.577,109.706,109.546,109.555,10373
1632214800,109.553,109.583,109.508,109.511,7886
1632222000,109.512,109.515,109.263,109.287,12087
1632229200,109.287,109.364,109.188,109.213,14825
1632236400,109.211,109.354,109.188,109.255,8085
1632243600,109.254,109.302,109.22,109.222,5688
1632250800,109.225,109.236,109.184,109.216,4488
1632258000,109.202,109.258,109.189,109.239,16016
1632265200,109.238,109.286,109.121,109.248,9119
1632272400,109.247,109.486,109.183,109.431,14678
1632279600,109.431,109.522,109.418,109.518,7122
1632286800,109.518,109.6,109.498,109.569,9203
1632294000,109.568,109.605,109.41,109.508,11649
1632301200,109.507,109.559,109.475,109.514,7546
1632308400,109.513,109.615,109.48,109.601,9639
1632315600,109.602,109.644,109.496,109.617,8587
1632322800,109.616,109.638,109.56,109.6,6289
1632330000,109.599,109.895,109.515,109.854,20821
1632337200,109.855,109.901,109.727,109.802,11494
1632344400,109.771,109.813,109.726,109.784,5945
1632351600,109.783,109.887,109.776,109.851,6450
1632358800,109.852,109.925,109.836,109.869,4918
1632366000,109.869,109.87,109.796,109.809,4258
1632373200,109.809,109.902,109.798,109.883,7096
1632380400,109.882,109.989,109.853,109.941,12025
1632387600,109.941,110.001,109.757,109.841,12948
1632394800,109.838,110.101,109.819,110.076,14791
1632402000,110.077,110.147,110.048,110.128,11961
1632409200,110.127,110.202,110.124,110.176,7262
1632416400,110.175,110.243,110.156,110.243,4060
1632423600,110.242,110.348,110.234,110.327,4603
1632430800,110.29,110.313,110.254,110.288,7503
1632438000,110.288,110.418,110.274,110.371,8291
1632445200,110.371,110.412,110.315,110.395,6195
1632452400,110.395,110.448,110.387,110.438,5853
1632459600,110.438,110.57,110.414,110.568,6804
1632466800,110.567,110.567,110.314,110.421,12016
1632474000,110.42,110.454,110.353,110.433,8078
1632481200,110.433,110.59,110.414,110.553,11276
1632488400,110.553,110.743,110.54,110.717,12393
1632495600,110.719,110.765,110.621,110.753,6579
1632502800,110.754,110.795,110.733,110.792,3991
1632510000,110.791,110.792,110.73,110.736,1777
1632690000,110.69,110.799,110.65,110.793,1604
1632697200,110.791,110.807,110.653,110.738,7897
1632704400,110.738,110.742,110.611,110.626,8251
1632711600,110.626,110.629,110.536,110.55,5038
1632718800,110.551,110.716,110.55,110.708,6384
1632726000,110.711,110.948,110.616,110.91,11714
1632733200,110.909,110.986,110.878,110.906,9662
1632740400,110.906,111.065,110.813,110.868,14995
1632747600,110.87,110.99,110.782,110.985,12050
1632754800,110.984,111.023,110.916,110.998,6727
1632762000,110.997,111.019,110.952,111.013,4250
1632769200,111.012,111.033,110.994,111.013,2841
1632776400,110.98,111.006,110.956,110.988,11981
1632783600,110.986,111.041,110.935,111.034,3242
1632790800,111.032,111.189,111.006,111.18,4477
1632798000,111.179,111.241,111.153,111.156,2875
1632805200,111.158,111.38,111.119,111.353,6056
1632812400,111.356,111.424,111.162,111.287,10509
1632819600,111.286,111.447,111.243,111.445,9396
1632826800,111.445,111.638,111.374,111.556,14457
1632834000,111.558,111.63,111.234,111.45,21725
1632841200,111.447,111.459,111.243,111.419,10820
1632848400,111.418,111.596,111.415,111.594,7698
1632855600,111.595,111.621,111.453,111.507,5516
1632862800,111.473,111.547,111.453,111.541,11530
1632870000,111.541,111.681,111.492,111.648,7705
1632877200,111.651,111.683,111.412,111.414,9765
1632884400,111.413,111.551,111.343,111.499,7316
1632891600,111.498,111.563,111.368,111.431,14309
1632898800,111.43,111.501,111.207,111.322,15744
1632906000,111.322,111.382,111.242,111.341,9401
1632913200,111.342,111.585,111.329,111.576,11894
1632920400,111.576,111.927,111.501,111.913,16009
1632927600,111.916,111.948,111.82,111.948,6807
1632934800,111.947,112.049,111.928,111.982,6127
1632942000,111.981,112.008,111.954,111.978,3829
1632949200,111.946,112.009,111.935,111.965,13862
1632956400,111.965,111.976,111.855,111.884,8403
1632963600,111.883,111.937,111.798,111.854,10040
1632970800,111.852,111.987,111.817,111.933,6107
1632978000,111.932,111.984,111.836,111.973,9496
1632985200,111.973,112.061,111.815,111.948,13359
1632992400,111.948,112.041,111.863,112.039,9186
1632999600,112.038,112.079,111.862,111.877,14055
1633006800,111.876,111.967,111.543,111.577,20225
1633014000,111.578,111.603,111.411,111.435,15889
1633021200,111.436,111.483,111.321,111.403,8089
1633028400,111.4,111.401,111.24,111.278,6459
1633035600,111.274,111.378,111.246,111.353,8333
1633042800,111.352,111.488,111.345,111.397,9059
1633050000,111.397,111.416,111.233,111.262,12764
1633057200,111.261,111.304,111.116,111.172,9629
1633064400,111.172,111.262,111.061,111.114,10750
1633071600,111.115,111.296,111.05,111.11,17997
1633078800,111.111,111.192,111.049,111.185,11740
1633086000,111.185,111.259,110.962,110.99,16949
1633093200,110.989,111.136,110.907,110.957,23400
1633100400,110.958,111.107,110.952,111,12167
1633107600,111.002,111.063,110.987,111.054,6658
1633114800,111.053,111.122,111.018,111.07,2950
1633294800,110.897,111.026,110.896,111,4224
1633302000,110.999,111.005,110.885,110.95,10957
1633309200,110.948,111.102,110.927,111.081,12099
1633316400,111.082,111.114,111.016,111.044,7481
1633323600,111.043,111.083,110.965,111.015,11181
1633330800,111.017,111.249,111.005,111.206,15999
1633338000,111.205,111.303,111.188,111.293,10654
1633345200,111.293,111.293,110.911,111.067,12910
1633352400,111.066,111.233,110.823,110.884,21964
1633359600,110.883,110.982,110.834,110.869,12195
1633366800,110.868,110.924,110.85,110.903,5517
1633374000,110.903,111,110.899,110.923,6651
1633381200,110.883,110.999,110.883,110.978,15851
1633388400,110.978,110.983,110.87,110.932,10569
1633395600,110.931,111.121,110.926,111.108,13065
1633402800,111.109,111.203,111.086,111.191,8979
1633410000,111.192,111.226,111.114,111.165,10663
1633417200,111.165,111.258,111.075,111.169,15458
1633424400,111.17,111.235,111.115,111.228,8557
1633431600,111.228,111.315,111.132,111.268,11946
1633438800,111.267,111.563,111.237,111.544,19314
1633446000,111.545,111.555,111.352,111.457,9798
1633453200,111.455,111.488,111.409,111.488,4424
1633460400,111.49,111.522,111.453,111.467,3289
1633467600,111.457,111.519,111.414,111.494,7617
1633474800,111.494,111.641,111.478,111.639,8099
1633482000,111.64,111.647,111.547,111.613,9714
1633489200,111.612,111.769,111.587,111.759,10079
1633496400,111.758,111.787,111.668,111.708,10368
1633503600,111.708,111.736,111.485,111.578,18680
1633510800,111.578,111.591,111.363,111.417,14551
1633518000,111.418,111.493,111.281,111.347,17035
1633525200,111.345,111.432,111.201,111.248,18554
1633532400,111.248,111.406,111.234,111.386,8368
1633539600,111.386,111.498,111.348,111.434,6091
1633546800,111.435,111.44,111.381,111.421,3079
1633554000,111.384,111.442,111.382,111.435,13455
1633561200,111.435,111.442,111.313,111.381,10066
1633568400,111.381,111.508,111.366,111.486,6970
1633575600,111.485,111.486,111.395,111.416,4379
1633582800,111.417,111.511,111.344,111.356,8821
1633590000,111.356,111.44,111.23,111.416,13234
1633597200,111.417,111.529,111.396,111.398,10228
1633604400,111.397,111.469,111.284,111.453,11843
1633611600,111.454,111.552,111.384,111.52,15524
1633618800,111.521,111.626,111.446,111.624,7388
1633626000,111.624,111.642,111.561,111.622,6869
1633633200,111.625,111.649,111.594,111.619,3660
1633640400,111.605,111.663,111.584,111.662,10252
1633647600,111.662,111.759,111.637,111.718,7818
1633654800,111.718,111.894,111.715,111.83,8297
1633662000,111.831,111.928,111.807,111.927,5483
1633669200,111.926,111.938,111.864,111.901,7491
1633676400,111.904,111.998,111.887,111.959,10801
1633683600,111.958,111.96,111.792,111.799,9850
1633690800,111.801,111.855,111.511,111.595,21874
1633698000,111.595,112.046,111.551,112.036,22930
1633705200,112.036,112.214,111.981,112.196,10418
1633712400,112.197,112.247,112.135,112.195,5008
1633719600,112.195,112.253,112.187,112.225,2343
1633899600,112.153,112.327,112.108,112.271,3586
1633906800,112.271,112.311,112.175,112.301,8015
1633914000,112.302,112.554,112.296,112.536,9516
1633921200,112.534,112.724,112.527,112.679,8303
1633928400,112.678,112.75,112.639,112.707,8784
1633935600,112.707,112.953,112.67,112.911,12284
1633942800,112.91,113.035,112.874,112.928,10131
1633950000,112.927,113.241,112.871,113.19,10806
1633957200,113.189,113.341,113.049,113.292,11196
1633964400,113.294,113.413,113.23,113.406,5285
1633971600,113.403,113.403,113.276,113.337,3168
1633978800,113.333,113.399,113.288,113.329,3254
1633986000,113.266,113.414,113.135,113.392,7745
1633993200,113.392,113.486,113.327,113.451,9880
1634000400,113.451,113.488,113.247,113.269,10354
1634007600,113.269,113.348,113.21,113.34,6278
1634014800,113.34,113.344,113.003,113.073,10930
1634022000,113.075,113.427,113.05,113.377,15174
1634029200,113.381,113.429,113.233,113.357,10288
1634036400,113.356,113.788,113.264,113.662,14722
1634043600,113.662,113.729,113.456,113.614,24164
1634050800,113.618,113.726,113.568,113.64,10052
1634058000,113.641,113.685,113.59,113.664,6155
1634065200,113.663,113.668,113.561,113.607,4468
1634072400,113.572,113.617,113.567,113.577,7942
1634079600,113.579,113.587,113.439,113.44,9720
1634086800,113.44,113.458,113.347,113.398,8912
1634094000,113.399,113.493,113.397,113.466,3902
1634101200,113.466,113.538,113.403,113.509,6964
1634108400,113.512,113.609,113.482,113.555,12948
1634115600,113.554,113.611,113.527,113.544,9057
1634122800,113.542,113.804,113.507,113.66,16257
1634130000,113.661,113.72,113.228,113.344,24947
1634137200,113.344,113.503,113.34,113.45,9853
1634144400,113.449,113.489,113.322,113.353,10015
1634151600,113.352,113.363,113.244,113.25,6710
1634158800,113.238,113.274,113.211,113.24,8701
1634166000,113.24,113.393,113.239,113.368,8467
1634173200,113.368,113.543,113.361,113.488,8173
1634180400,113.488,113.581,113.487,113.544,7253
1634187600,113.545,113.595,113.431,113.444,8545
1634194800,113.445,113.49,113.311,113.422,12767
1634202000,113.421,113.44,113.285,113.423,9300
1634209200,113.422,113.549,113.322,113.51,12653
1634216400,113.509,113.718,113.465,113.697,13983
1634223600,113.698,113.713,113.487,113.639,7977
1634230800,113.643,113.703,113.639,113.66,6304
1634238000,113.659,113.699,113.594,113.672,5277
1634245200,113.663,113.761,113.626,113.734,11987
1634252400,113.737,113.927,113.719,113.885,13548
1634259600,113.883,113.949,113.818,113.916,10761
1634266800,113.917,113.978,113.901,113.967,6593
1634274000,113.966,114.169,113.957,114.039,13067
1634281200,114.04,114.313,114.02,114.299,13882
1634288400,114.299,114.404,114.244,114.338,11525
1634295600,114.338,114.464,114.265,114.449,15220
1634302800,114.449,114.461,113.987,114.062,18825
1634310000,114.063,114.334,114.052,114.281,11186
1634317200,114.281,114.331,114.246,114.26,5059
1634324400,114.26,114.286,114.188,114.252,1564
1634504400,114.221,114.365,114.121,114.337,7817
1634511600,114.339,114.354,114.217,114.252,10238
1634518800,114.251,114.251,114.016,114.153,13940
1634526000,114.154,114.449,114.142,114.341,10533
1634533200,114.342,114.367,114.221,114.326,11505
1634540400,114.328,114.454,114.228,114.369,17348
1634547600,114.368,114.433,114.313,114.341,11849
1634554800,114.342,114.404,114.124,114.274,18117
1634562000,114.274,114.322,114.14,114.241,18793
1634569200,114.239,114.301,114.222,114.223,6091
1634576400,114.222,114.269,114.182,114.268,4136
1634583600,114.268,114.347,114.253,114.315,3251
1634590800,114.303,114.323,114.254,114.282,9327
1634598000,114.283,114.354,114.109,114.121,7481
1634605200,114.121,114.24,114.081,114.179,9423
1634612400,114.179,114.2,114.1,114.188,6272
1634619600,114.185,114.198,113.952,113.953,9674
1634626800,113.95,114.072,113.881,113.947,15916
1634634000,113.947,114.177,113.922,114.163,11471
1634641200,114.161,114.335,114.152,114.275,11848
1634648400,114.277,114.295,114.166,114.261,14361
1634655600,114.261,114.299,114.201,114.288,5970
1634662800,114.292,114.308,114.231,114.293,4257
1634670000,114.293,114.398,114.289,114.379,3889
1634677200,114.343,114.391,114.319,114.387,6082
1634684400,114.389,114.7,114.388,114.623,10924
1634691600,114.623,114.639,114.443,114.512,11243
1634698800,114.509,114.572,114.463,114.536,7975
1634706000,114.535,114.583,114.427,114.433,9611
1634713200,114.434,114.469,114.291,114.429,15665
1634720400,114.429,114.531,114.396,114.437,8830
1634727600,114.435,114.437,114.138,114.202,13422
1634734800,114.202,114.359,114.124,114.3,15048
1634742000,114.3,114.33,114.087,114.098,8030
1634749200,114.097,114.249,114.081,114.195,7600
1634756400,114.197,114.363,114.197,114.332,4815
1634763600,114.116,114.417,114.116,114.392,8458
1634770800,114.393,114.409,114.225,114.28,7385
1634778000,114.28,114.408,114.272,114.31,9116
1634785200,114.311,114.32,113.949,114.088,11782
1634792400,114.085,114.126,113.909,113.976,11025
1634799600,113.973,114.135,113.963,114.013,13830
1634806800,114.014,114.09,113.979,114.012,7193
1634814000,114.011,114.208,113.845,113.954,14872
1634821200,113.957,113.962,113.651,113.874,20656
1634828400,113.875,113.929,113.679,113.68,8443
1634835600,113.681,113.942,113.68,113.924,6899
1634842800,113.924,114.046,113.912,114.001,4173
1634850000,113.965,114.023,113.933,113.973,11243
1634857200,113.971,114.133,113.819,114.107,11431
1634864400,114.105,114.206,114.005,114.051,14038
1634871600,114.052,114.108,114.002,114.038,6535
1634878800,114.038,114.048,113.908,113.961,9271
1634886000,113.961,114.078,113.847,113.938,13763
1634893200,113.938,113.987,113.75,113.809,8119
1634900400,113.809,113.916,113.739,113.747,11203
1634907600,113.75,113.842,113.57,113.588,14643
1634914800,113.59,113.873,113.436,113.465,17580
1634922000,113.466,113.573,113.416,113.426,6956
1634929200,113.425,113.495,113.413,113.489,3410
1635109200,113.55,113.562,113.463,113.557,3774
1635116400,113.556,113.733,113.525,113.689,11320
1635123600,113.69,113.828,113.596,113.762,14901
1635130800,113.763,113.765,113.584,113.654,8614
1635138000,113.654,113.738,113.516,113.73,8695
1635145200,113.73,113.736,113.563,113.587,12566
1635152400,113.588,113.732,113.562,113.7,8649
1635159600,113.702,113.925,113.628,113.881,10926
1635166800,113.882,113.898,113.593,113.618,17476
1635174000,113.621,113.737,113.617,113.728,7171
1635181200,113.727,113.746,113.625,113.711,4084
1635188400,113.714,113.73,113.674,113.708,2734
1635195600,113.705,113.745,113.678,113.734,1269
1635202800,113.733,113.857,113.714,113.846,6726
1635210000,113.846,113.941,113.816,113.925,9032
1635217200,113.924,113.965,113.881,113.944,5585
1635224400,113.943,113.983,113.87,113.906,6865
1635231600,113.903,114.08,113.873,113.998,12052
1635238800,113.998,114.046,113.95,114.014,7641
1635246000,114.015,114.185,113.906,114.138,11932
1635253200,114.137,114.312,114.075,114.249,13293
1635260400,114.248,114.274,114.134,114.174,7713
1635267600,114.176,114.183,114.089,114.159,3835
1635274800,114.162,114.162,114.109,114.15,2681
1635282000,114.12,114.218,114.108,114.169,2852
1635289200,114.169,114.221,114.071,114.168,10268
1635296400,114.167,114.209,114.024,114.027,10998
1635303600,114.027,114.058,113.933,114.003,7065
1635310800,114.004,114.098,113.995,114.025,6372
1635318000,114.025,114.048,113.642,113.7,14882
1635325200,113.699,113.798,113.538,113.759,14173
1635332400,113.759,113.806,113.615,113.702,13626
1635339600,113.703,113.83,113.387,113.726,25479
1635346800,113.729,113.841,113.651,113.726,12699
1635354000,113.727,113.818,113.637,113.772,8413
1635361200,113.768,113.871,113.756,113.807,6208
1635368400,113.785,113.851,113.777,113.8,1679
1635375600,113.798,113.866,113.731,113.797,8332
1635382800,113.796,113.814,113.547,113.607,13310
1635390000,113.607,113.644,113.504,113.561,7189
1635397200,113.56,113.695,113.502,113.684,10063
1635404400,113.683,113.748,113.525,113.649,15595
1635411600,113.65,113.724,113.568,113.585,9749
1635418800,113.585,113.704,113.515,113.688,20843
1635426000,113.687,113.72,113.315,113.394,26251
1635433200,113.397,113.453,113.255,113.45,12472
1635440400,113.45,113.558,113.436,113.455,7398
1635447600,113.455,113.596,113.446,113.562,4483
1635454800,113.527,113.585,113.501,113.563,3539
1635462000,113.563,113.712,113.52,113.548,9378
1635469200,113.547,113.611,113.393,113.61,12665
1635476400,113.612,113.686,113.588,113.628,8514
1635483600,113.627,113.688,113.521,113.624,10985
1635490800,113.621,113.743,113.504,113.71,14517
1635498000,113.71,113.782,113.683,113.743,8571
1635505200,113.746,113.936,113.739,113.878,15926
1635512400,113.879,114.048,113.723,114.031,20969
1635519600,114.032,114.096,113.995,114.09,12582
1635526800,114.09,114.09,113.895,113.921,5886
1635534000,113.921,114.039,113.874,113.958,4188
1635714000,114.053,114.178,114.048,114.151,2583
1635721200,114.148,114.256,114.063,114.072,10444
1635728400,114.068,114.17,114.025,114.093,11356
1635735600,114.093,114.303,114.093,114.257,9024
1635742800,114.256,114.353,114.205,114.35,8924
1635750000,114.35,114.444,114.198,114.228,12935
1635757200,114.228,114.278,114.156,114.245,10250
1635764400,114.245,114.312,114.127,114.176,12732
1635771600,114.176,114.263,114.105,114.175,16675
1635778800,114.176,114.262,114.129,114.178,10000
1635786000,114.179,114.182,113.939,113.983,6968
1635793200,113.981,114.054,113.962,113.996,5170
1635800400,113.95,114.097,113.95,114.044,2251
1635807600,114.045,114.133,114.013,114.101,8356
1635814800,114.1,114.133,113.921,113.937,8891
1635822000,113.938,113.97,113.595,113.651,9962
1635829200,113.649,113.767,113.621,113.666,11634
1635836400,113.667,113.729,113.505,113.509,14037
1635843600,113.51,113.599,113.462,113.569,10698
1635850800,113.567,113.866,113.567,113.777,12607
1635858000,113.777,113.861,113.706,113.798,15126
1635865200,113.797,113.939,113.677,113.881,12192
1635872400,113.882,113.966,113.861,113.954,4747
1635879600,113.955,113.989,113.907,113.96,4182
1635886800,113.97,113.999,113.908,113.964,8056
1635894000,113.964,114.01,113.862,113.868,4973
1635901200,113.867,113.931,113.842,113.855,6276
1635908400,113.854,113.854,113.744,113.841,4937
1635915600,113.842,113.872,113.814,113.83,4216
1635922800,113.826,113.946,113.82,113.886,9073
1635930000,113.885,113.888,113.822,113.853,7096
1635937200,113.854,113.876,113.721,113.873,12730
1635944400,113.874,114.15,113.865,114.074,17576
1635951600,114.072,114.125,113.965,114.069,9674
1635958800,114.063,114.219,113.775,113.923,25616
1635966000,113.923,114.077,113.892,114.019,11229
1635973200,113.984,114.02,113.955,113.986,6380
1635980400,113.987,114.145,113.984,114.137,8310
1635987600,114.137,114.245,114.113,114.164,9378
1635994800,114.165,114.238,114.147,114.182,8070
1636002000,114.183,114.225,114.124,114.221,7423
1636009200,114.219,114.277,113.917,114.008,14135
1636016400,114.008,114.087,113.911,113.937,10536
1636023600,113.936,114.025,113.761,113.912,21077
1636030800,113.913,113.948,113.509,113.595,21951
1636038000,113.598,113.767,113.536,113.75,14494
1636045200,113.749,113.751,113.652,113.74,6548
1636052400,113.74,113.785,113.7,113.754,3925
1636059600,113.72,113.862,113.7,113.821,2071
1636066800,113.821,113.856,113.706,113.732,9017
1636074000,113.733,113.738,113.556,113.708,13256
1636081200,113.708,113.74,113.619,113.679,7450
1636088400,113.679,113.707,113.599,113.644,6728
1636095600,113.644,113.839,113.642,113.778,12742
1636102800,113.782,113.873,113.718,113.854,12162
1636110000,113.854,114.03,113.77,113.914,19416
1636117200,113.914,113.916,113.49,113.548,24950
1636124400,113.548,113.619,113.359,113.372,16625
1636131600,113.373,113.398,113.3,113.398,7315
1636138800,113.398,113.417,113.319,113.389,3349
1636322400,113.351,113.527,113.351,113.476,4072
1636329600,113.478,113.635,113.438,113.597,12419
1636336800,113.596,113.667,113.563,113.652,8580
1636344000,113.652,113.655,113.55,113.571,6618
1636351200,113.571,113.637,113.526,113.566,11090
1636358400,113.565,113.575,113.36,113.391,13035
1636365600,113.392,113.507,113.388,113.479,8701
1636372800,113.479,113.489,113.315,113.358,10063
1636380000,113.358,113.425,113.08,113.19,17569
1636387200,113.193,113.252,113.137,113.237,7328
1636394400,113.237,113.276,113.193,113.231,5135
1636401600,113.231,113.292,113.199,113.225,4736
1636408800,113.218,113.291,113.21,113.255,3053
1636416000,113.255,113.263,113.084,113.131,11262
1636423200,113.13,113.13,112.798,112.844,12557
1636430400,112.843,112.883,112.725,112.772,10669
1636437600,112.773,112.922,112.744,112.852,10373
1636444800,112.853,113.004,112.82,112.851,12529
1636452000,112.85,112.968,112.808,112.966,9124
1636459200,112.966,113.114,112.834,112.875,16930
1636466400,112.875,113,112.743,112.919,22385
1636473600,112.924,113.005,112.812,112.839,11496
1636480800,112.838,112.934,112.822,112.834,7577
1636488000,112.831,112.888,112.807,112.875,4843
1636495200,112.841,112.958,112.825,112.913,4340
1636502400,112.914,112.953,112.808,112.91,11566
1636509600,112.911,112.917,112.775,112.845,8159
1636516800,112.846,112.895,112.787,112.88,6138
1636524000,112.879,113.138,112.861,113.097,10395
1636531200,113.099,113.236,113.064,113.215,12881
1636538400,113.216,113.252,113.141,113.227,8578
1636545600,113.226,113.493,113.188,113.446,19392
1636552800,113.445,113.94,113.346,113.897,25358
1636560000,113.898,113.98,113.807,113.93,13025
1636567200,113.929,114.016,113.732,113.815,14810
1636574400,113.815,113.953,113.769,113.905,6394
1636581600,113.901,113.916,113.846,113.907,5401
1636588800,113.906,114.088,113.903,114.064,13252
1636596000,114.064,114.156,113.974,114.001,7868
1636603200,114,114.001,113.919,113.943,5306
1636610400,113.943,114.092,113.877,114.081,6890
1636617600,114.078,114.134,113.998,114.079,10006
1636624800,114.081,114.081,113.936,113.958,8031
1636632000,113.957,113.99,113.808,113.875,11030
1636639200,113.877,114.003,113.809,113.969,10403
1636646400,113.971,114.088,113.941,114.087,5530
1636653600,114.086,114.099,114.047,114.098,4856
1636660800,114.096,114.108,114.053,114.06,2239
1636668000,114.062,114.076,114.033,114.046,4342
1636675200,114.045,114.3,114.039,114.283,10255
1636682400,114.282,114.283,114.219,114.255,7065
1636689600,114.256,114.283,114.163,114.205,5343
1636696800,114.204,114.252,114.021,114.048,7367
1636704000,114.049,114.095,113.951,114.031,12259
1636711200,114.03,114.13,114.011,114.058,6878
1636718400,114.054,114.063,113.921,113.96,12562
1636725600,113.96,114.009,113.761,113.943,18525
1636732800,113.943,113.966,113.856,113.911,8992
1636740000,113.91,113.957,113.822,113.956,5523
1636747200,113.956,113.957,113.861,113.917,2653
1636927200,113.912,114.046,113.91,113.984,4118
1636934400,113.986,114.007,113.753,113.782,10294
1636941600,113.782,113.882,113.773,113.855,7646
1636948800,113.856,113.875,113.806,113.823,4610
1636956000,113.823,113.995,113.81,113.949,6221
1636963200,113.947,114.013,113.806,113.825,10618
1636970400,113.823,113.89,113.808,113.824,7167
1636977600,113.824,113.898,113.817,113.874,9082
1636984800,113.875,114.051,113.872,113.967,16406
1636992000,113.968,114.086,113.921,114.071,9201
1636999200,114.072,114.091,114.038,114.086,4814
1637006400,114.086,114.215,114.077,114.137,5283
1637013600,114.103,114.21,114.093,114.133,6081
1637020800,114.131,114.307,114.115,114.291,11333
1637028000,114.292,114.312,114.135,114.178,7898
1637035200,114.177,114.18,114.101,114.143,5669
1637042400,114.145,114.273,114.116,114.265,7964
1637049600,114.266,114.292,114.128,114.193,10704
1637056800,114.192,114.286,114.191,114.232,7887
1637064000,114.232,114.438,114.232,114.425,13954
1637071200,114.428,114.637,114.413,114.579,19037
1637078400,114.579,114.654,114.501,114.621,8489
1637085600,114.62,114.697,114.57,114.697,5539
1637092800,114.696,114.848,114.628,114.816,5187
1637100000,114.76,114.97,114.759,114.905,4961
1637107200,114.905,114.937,114.698,114.799,10053
1637114400,114.799,114.937,114.777,114.888,9133
1637121600,114.889,114.918,114.839,114.912,5797
1637128800,114.912,114.938,114.821,114.89,8123
1637136000,114.89,114.948,114.797,114.834,11095
1637143200,114.833,114.84,114.71,114.743,9345
1637150400,114.742,114.746,114.553,114.731,11427
1637157600,114.731,114.766,114.432,114.528,15391
1637164800,114.53,114.553,113.997,114.075,13950
1637172000,114.074,114.133,113.936,114.133,10874
1637179200,114.132,114.198,114.087,114.111,4340
1637186400,114.075,114.235,114.008,114.191,6751
1637193600,114.192,114.241,114.007,114.051,9905
1637200800,114.051,114.116,113.879,114.101,10245
1637208000,114.097,114.272,114.036,114.18,8769
1637215200,114.18,114.252,113.978,114.019,8152
1637222400,114.018,114.227,114.01,114.183,10845
1637229600,114.183,114.225,114.125,114.182,8156
1637236800,114.182,114.392,114.131,114.357,12316
1637244000,114.357,114.486,114.176,114.282,18635
1637251200,114.285,114.315,114.163,114.24,9636
1637258400,114.239,114.279,114.19,114.262,4989
1637265600,114.263,114.277,114.224,114.253,3108
1637272800,114.242,114.293,114.211,114.284,5771
1637280000,114.284,114.367,114.244,114.322,11217
1637287200,114.323,114.399,114.309,114.366,6256
1637294400,114.367,114.376,114.315,114.351,5040
1637301600,114.352,114.374,114.294,114.361,5884
1637308800,114.361,114.54,113.898,114.006,21174
1637316000,114,114.043,113.811,113.842,20704
1637323200,113.842,113.92,113.587,113.814,21841
1637330400,113.812,114.064,113.675,113.867,26119
1637337600,113.863,114.068,113.728,113.98,13529
1637344800,113.98,114.058,113.885,113.935,8145
1637352000,113.934,114.031,113.934,114.015,3314
1637532000,113.947,114.144,113.917,114.142,6606
1637539200,114.143,114.183,114.021,114.163,10293
1637546400,114.161,114.214,114.104,114.112,6566
1637553600,114.112,114.176,114.111,114.132,5301
1637560800,114.132,114.268,114.129,114.224,8398
1637568000,114.223,114.255,114.068,114.132,14324
1637575200,114.131,114.237,114.068,114.117,12075
1637582400,114.119,114.181,114.068,114.153,11762
1637589600,114.15,114.752,114.149,114.737,24409
1637596800,114.738,114.846,114.609,114.831,11521
1637604000,114.831,114.951,114.81,114.948,8014
1637611200,114.948,114.962,114.835,114.871,5791
1637618400,114.87,114.892,114.788,114.79,7495
1637625600,114.793,114.846,114.738,114.83,5770
1637632800,114.831,115.139,114.826,115.081,9507
1637640000,115.082,115.141,115.052,115.114,5990
1637647200,115.111,115.154,114.486,114.701,16031
1637654400,114.701,114.844,114.524,114.766,25912
1637661600,114.766,115.008,114.713,114.96,11764
1637668800,114.963,115.041,114.837,114.982,18291
1637676000,114.984,115.099,114.909,114.975,20905
1637683200,114.974,115.021,114.9,114.996,12638
1637690400,114.997,115.084,114.93,115.075,8417
1637697600,115.074,115.192,115.039,115.129,5586
1637704800,115.117,115.219,115.021,115.143,6947
1637712000,115.143,115.236,115.095,115.156,11011
1637719200,115.157,115.161,115.002,115.069,9563
1637726400,115.071,115.074,114.911,114.928,10254
1637733600,114.929,115.002,114.853,114.895,10962
1637740800,114.897,115.114,114.826,114.973,16136
1637748000,114.973,115.072,114.95,115.003,12124
1637755200,115.002,115.254,114.981,115.162,15651
1637762400,115.161,115.469,115.119,115.441,25342
1637769600,115.44,115.48,115.28,115.448,10948
1637776800,115.447,115.521,115.397,115.468,7927
1637784000,115.468,115.469,115.365,115.404,3477
1637791200,115.413,115.459,115.372,115.409,6280
1637798400,115.409,115.447,115.305,115.391,8737
1637805600,115.392,115.403,115.361,115.37,4589
1637812800,115.37,115.391,115.35,115.386,4024
1637820000,115.386,115.432,115.305,115.378,4518
1637827200,115.378,115.386,115.306,115.361,7365
1637834400,115.362,115.362,115.334,115.341,4726
1637841600,115.341,115.346,115.242,115.326,7110
1637848800,115.326,115.389,115.302,115.367,5787
1637856000,115.366,115.391,115.331,115.348,3498
1637863200,115.348,115.383,115.339,115.371,20928
1637870400,115.371,115.406,115.324,115.324,28349
1637877600,115.302,115.364,115.031,115.076,5404
1637884800,115.077,115.113,114.68,114.871,23479
1637892000,114.872,114.957,114.594,114.692,18606
1637899200,114.692,114.784,114.599,114.653,12210
1637906400,114.653,114.664,114.141,114.163,21411
1637913600,114.164,114.42,113.652,113.962,38622
1637920800,113.963,114.161,113.833,113.909,24431
1637928000,113.907,114.21,113.792,113.865,20284
1637935200,113.864,113.922,113.052,113.179,29938
1637942400,113.181,113.564,113.053,113.071,17562
1637949600,113.072,113.273,113.062,113.191,16703
1637956800,113.19,113.492,113.093,113.303,7874
1638136800,113.638,113.872,113.315,113.723,18065
1638144000,113.722,113.877,113.433,113.658,23349
1638151200,113.673,113.713,113.452,113.678,14659
1638158400,113.68,113.747,113.242,113.284,14141
1638165600,113.286,113.607,112.991,113.575,21227
1638172800,113.571,113.641,113.235,113.339,23331
1638180000,113.339,113.547,113.315,113.446,12641
1638187200,113.446,113.795,113.409,113.78,14560
1638194400,113.78,113.956,113.558,113.618,21317
1638201600,113.62,113.83,113.61,113.771,12069
1638208800,113.77,113.803,113.686,113.71,6377
1638216000,113.711,113.735,113.525,113.535,6059
1638223200,113.522,113.84,113.522,113.806,6724
1638230400,113.804,113.892,113.707,113.721,12644
1638237600,113.721,113.746,113.622,113.66,10740
1638244800,113.661,113.668,113.035,113.081,21976
1638252000,113.082,113.244,112.956,113.182,29333
1638259200,113.184,113.192,112.684,112.847,26946
1638266400,112.848,113.117,112.744,113.076,18531
1638273600,113.074,113.117,112.696,112.804,17976
1638280800,112.807,113.601,112.533,113.53,34880
1638288000,113.532,113.703,113.079,113.108,29832
1638295200,113.107,113.207,112.997,113.105,12748
1638302400,113.104,113.169,113.005,113.14,6244
1638309600,113.142,113.328,113.029,113.303,13595
1638316800,113.303,113.552,113.103,113.488,18293
1638324000,113.487,113.531,113.337,113.427,12974
1638331200,113.428,113.514,113.396,113.444,8647
1638338400,113.444,113.629,113.374,113.427,14625
1638345600,113.425,113.589,113.286,113.464,19741
1638352800,113.465,113.477,113.323,113.382,10650
1638360000,113.381,113.426,113.112,113.138,16484
1638367200,113.134,113.157,112.751,112.982,25721
1638374400,112.983,113.086,112.707,112.761,18190
1638381600,112.763,112.867,112.671,112.788,15204
1638388800,112.783,112.885,112.759,112.768,8669
1638396000,112.734,112.924,112.627,112.884,8409
1638403200,112.883,113.079,112.818,113.059,14955
1638410400,113.06,113.102,112.938,113.06,12273
1638417600,113.059,113.131,112.984,113.114,8491
1638424800,113.116,113.33,113.015,113.276,12734
1638432000,113.275,113.302,113.142,113.148,18491
1638439200,113.149,113.163,112.883,112.933,17143
1638446400,112.933,112.989,112.706,112.846,21179
1638453600,112.846,113.005,112.732,112.963,31668
1638460800,112.961,113.241,112.931,113.197,18364
1638468000,113.198,113.207,113.105,113.166,9181
1638475200,113.164,113.199,113.102,113.187,6059
1638482400,112.993,113.226,112.969,113.022,7336
1638489600,113.022,113.21,112.959,113.073,14140
1638496800,113.074,113.194,113.072,113.186,8707
1638504000,113.185,113.258,113.134,113.213,8699
1638511200,113.216,113.406,113.18,113.379,10983
1638518400,113.379,113.488,113.312,113.317,12599
1638525600,113.32,113.364,113.22,113.329,11889
1638532800,113.33,113.458,112.991,113.419,22442
1638540000,113.42,113.613,113.128,113.221,31319
1638547200,113.222,113.256,112.801,112.832,19487
1638554400,112.832,112.864,112.56,112.618,13266
1638561600,112.617,112.842,112.605,112.827,6936
1638741600,112.838,113.081,112.838,113.045,7382
1638748800,113.046,113.072,112.851,113.016,13379
1638756000,113.017,113.053,112.955,112.999,7790
1638763200,112.999,113.067,112.983,113.041,5577
1638770400,113.042,113.185,113.012,113.144,10791
1638777600,113.145,113.373,113.114,113.251,16693
1638784800,113.252,113.262,113.151,113.205,12389
1638792000,113.206,113.255,113.071,113.221,12397
1638799200,113.221,113.484,113.086,113.448,21990
1638806400,113.447,113.487,113.302,113.461,10372
1638813600,113.461,113.552,113.454,113.496,6524
1638820800,113.496,113.516,113.438,113.487,4411
1638828000,113.443,113.507,113.44,113.467,6369
1638835200,113.468,113.588,113.4,113.556,10842
1638842400,113.553,113.573,113.457,113.556,8134
1638849600,113.557,113.732,113.556,113.726,8525
1638856800,113.725,113.742,113.586,113.641,10405
1638864000,113.641,113.735,113.628,113.658,11880
1638871200,113.657,113.7,113.502,113.557,9519
1638878400,113.556,113.778,113.457,113.767,11819
1638885600,113.765,113.771,113.527,113.661,16471
1638892800,113.662,113.744,113.552,113.728,8908
1638900000,113.727,113.732,113.53,113.628,5623
1638907200,113.624,113.647,113.465,113.572,5552
1638914400,113.616,113.616,113.476,113.528,6766
1638921600,113.524,113.575,113.357,113.481,12779
1638928800,113.481,113.554,113.43,113.473,10336
1638936000,113.475,113.536,113.472,113.502,5781
1638943200,113.501,113.539,113.325,113.413,8813
1638950400,113.412,113.633,113.389,113.508,13901
1638957600,113.509,113.8,113.312,113.695,19415
1638964800,113.699,113.928,113.65,113.872,21502
1638972000,113.873,113.955,113.763,113.881,19954
1638979200,113.881,113.922,113.652,113.661,9903
1638986400,113.66,113.7,113.595,113.666,7431
1638993600,113.666,113.731,113.619,113.689,4476
1639000800,113.654,113.748,113.524,113.685,3744
1639008000,113.686,113.81,113.684,113.721,6994
1639015200,113.721,113.773,113.642,113.659,6218
1639022400,113.658,113.687,113.586,113.635,7178
1639029600,113.632,113.67,113.46,113.49,8079
1639036800,113.488,113.587,113.347,113.559,12501
1639044000,113.559,113.568,113.455,113.499,10255
1639051200,113.498,113.552,113.272,113.345,15103
1639058400,113.346,113.549,113.342,113.44,16483
1639065600,113.444,113.565,113.408,113.545,7370
1639072800,113.544,113.652,113.446,113.475,8900
1639080000,113.472,113.491,113.384,113.461,5069
1639087200,113.427,113.494,113.383,113.44,5483
1639094400,113.441,113.493,113.333,113.394,11085
1639101600,113.397,113.575,113.39,113.529,7622
1639108800,113.53,113.571,113.427,113.46,7848
1639116000,113.46,113.623,113.445,113.582,11248
1639123200,113.583,113.697,113.557,113.676,12681
1639130400,113.677,113.792,113.661,113.765,8173
1639137600,113.765,113.777,113.469,113.51,17448
1639144800,113.514,113.537,113.288,113.424,22319
1639152000,113.423,113.439,113.224,113.341,9745
1639159200,113.342,113.464,113.33,113.43,4550
1639166400,113.43,113.455,113.377,113.385,2062
1639346400,113.287,113.52,113.287,113.513,8514
1639353600,113.513,113.554,113.482,113.531,6267
1639360800,113.534,113.572,113.513,113.553,4767
1639368000,113.555,113.572,113.444,113.5,4998
1639375200,113.498,113.593,113.492,113.545,6749
1639382400,113.542,113.725,113.54,113.705,10082
1639389600,113.706,113.726,113.616,113.639,8778
1639396800,113.64,113.68,113.558,113.644,10337
1639404000,113.644,113.653,113.451,113.572,16258
1639411200,113.566,113.594,113.372,113.469,10039
1639418400,113.469,113.534,113.418,113.528,4641
1639425600,113.526,113.607,113.495,113.578,4552
1639432800,113.398,113.599,113.379,113.579,3779
1639440000,113.58,113.666,113.526,113.617,8353
1639447200,113.616,113.647,113.47,113.604,7367
1639454400,113.605,113.624,113.55,113.592,5867
1639461600,113.591,113.745,113.542,113.711,7718
1639468800,113.711,113.755,113.524,113.601,11632
1639476000,113.601,113.616,113.474,113.536,9827
1639483200,113.536,113.602,113.428,113.557,11892
1639490400,113.558,113.74,113.544,113.721,19084
1639497600,113.725,113.73,113.605,113.662,10389
1639504800,113.662,113.752,113.662,113.745,4739
1639512000,113.745,113.758,113.727,113.751,3757
1639519200,113.716,113.755,113.68,113.741,4451
1639526400,113.742,113.8,113.679,113.731,8730
1639533600,113.73,113.774,113.685,113.773,5372
1639540800,113.773,113.773,113.713,113.728,3745
1639548000,113.729,113.743,113.629,113.724,6941
1639555200,113.724,113.756,113.653,113.744,9810
1639562400,113.743,113.838,113.723,113.798,7133
1639569600,113.797,113.895,113.769,113.842,12141
1639576800,113.842,113.901,113.748,113.841,16526
1639584000,113.841,113.915,113.77,113.908,7863
1639591200,113.907,114.27,113.826,114.023,24076
1639598400,114.021,114.122,113.952,114.047,12435
1639605600,113.95,114.181,113.95,114.144,6670
1639612800,114.143,114.248,114.036,114.101,10506
1639620000,114.1,114.145,114.071,114.131,6033
1639627200,114.133,114.165,114.039,114.152,6433
1639634400,114.151,114.214,114.1,114.117,8865
1639641600,114.115,114.154,114.054,114.146,11005
1639648800,114.143,114.197,114.122,114.176,7543
1639656000,114.182,114.198,114.078,114.124,17993
1639663200,114.123,114.125,113.56,113.749,27069
1639670400,113.75,113.758,113.596,113.634,9990
1639677600,113.638,113.707,113.586,113.601,5597
1639684800,113.601,113.741,113.575,113.701,6838
1639692000,113.613,113.727,113.555,113.665,9129
1639699200,113.668,113.856,113.606,113.68,9015
1639706400,113.679,113.725,113.471,113.528,9546
1639713600,113.527,113.61,113.445,113.578,10732
1639720800,113.576,113.675,113.49,113.666,10027
1639728000,113.664,113.699,113.487,113.587,14645
1639735200,113.587,113.603,113.42,113.479,9236
1639742400,113.476,113.493,113.141,113.336,16765
1639749600,113.336,113.645,113.284,113.635,20921
1639756800,113.637,113.649,113.535,113.64,10651
1639764000,113.641,113.759,113.599,113.698,7411
1639771200,113.699,113.764,113.679,113.703,4637
1639951200,113.585,113.719,113.513,113.517,6158
1639958400,113.517,113.708,113.501,113.524,13183
1639965600,113.525,113.603,113.466,113.512,10260
1639972800,113.512,113.541,113.412,113.452,8978
1639980000,113.454,113.489,113.342,113.455,11293
1639987200,113.454,113.548,113.365,113.497,17280
1639994400,113.497,113.692,113.496,113.684,11597
1640001600,113.686,113.692,113.497,113.529,12432
1640008800,113.525,113.577,113.377,113.407,19769
1640016000,113.408,113.563,113.328,113.522,10101
1640023200,113.521,113.716,113.513,113.713,7562
1640030400,113.712,113.732,113.62,113.628,4879
1640037600,113.59,113.68,113.561,113.664,4357
1640044800,113.665,113.709,113.553,113.668,9108
1640052000,113.667,113.704,113.631,113.662,6347
1640059200,113.662,113.747,113.633,113.73,4732
1640066400,113.729,113.775,113.625,113.664,8348
1640073600,113.664,113.688,113.555,113.639,11098
1640080800,113.64,113.724,113.621,113.697,8599
1640088000,113.7,113.778,113.666,113.765,8308
1640095200,113.766,114.093,113.766,114.082,12494
1640102400,114.08,114.22,114.07,114.209,7805
1640109600,114.203,114.204,114.106,114.109,5732
1640116800,114.108,114.116,114.074,114.084,3499
1640124000,114.072,114.106,113.95,113.994,6040
1640131200,113.993,114.176,113.993,114.108,8689
1640138400,114.108,114.13,114.038,114.114,6340
1640145600,114.115,114.152,114.082,114.126,4789
1640152800,114.127,114.195,114.116,114.152,5437
1640160000,114.153,114.319,114.146,114.294,8765
1640167200,114.294,114.335,114.196,114.223,6194
1640174400,114.225,114.266,114.164,114.18,8665
1640181600,114.179,114.371,114.124,114.313,12581
1640188800,114.312,114.321,114.154,114.212,8705
1640196000,114.212,114.251,114.167,114.174,3739
1640203200,114.175,114.175,114.077,114.113,3378
1640210400,114.081,114.146,114.053,114.127,4536
1640217600,114.128,114.212,114.11,114.12,6292
1640224800,114.119,114.162,114.106,114.126,4357
1640232000,114.126,114.179,114.112,114.178,2907
1640239200,114.179,114.287,114.159,114.25,4456
1640246400,114.251,114.341,114.248,114.307,7711
1640253600,114.309,114.334,114.249,114.293,6223
1640260800,114.293,114.414,114.284,114.302,9770
1640268000,114.304,114.45,114.247,114.397,12830
1640275200,114.399,114.447,114.338,114.416,5807
1640282400,114.416,114.467,114.414,114.446,3298
1640289600,114.445,114.447,114.384,114.401,2468
1640296800,114.37,114.475,114.27,114.464,5351
1640304000,114.463,114.514,114.345,114.351,10398
1640311200,114.351,114.392,114.319,114.325,9243
1640318400,114.325,114.449,114.3,114.393,12749
1640325600,114.389,114.414,114.337,114.358,13319
1640332800,114.358,114.412,114.354,114.4,7383
1640340000,114.4,114.403,114.338,114.379,7707
1640347200,114.38,114.403,114.352,114.365,6136
1640354400,114.365,114.392,114.343,114.383,14443
1640361600,114.384,114.384,114.336,114.344,6204
1640368800,114.344,114.36,114.328,114.344,3114
1640376000,114.344,114.414,114.315,114.337,1473
1640556000,114.298,114.401,114.275,114.341,4069
1640563200,114.346,114.423,114.32,114.404,6097
1640570400,114.411,114.43,114.378,114.424,4017
1640577600,114.424,114.473,114.402,114.43,3423
1640584800,114.43,114.489,114.408,114.465,4315
1640592000,114.469,114.697,114.463,114.669,7496
1640599200,114.67,114.685,114.61,114.663,4401
1640606400,114.666,114.752,114.662,114.743,5542
1640613600,114.74,114.895,114.682,114.886,8435
1640620800,114.884,114.914,114.826,114.897,4384
1640628000,114.898,114.914,114.86,114.908,2822
1640635200,114.909,114.91,114.867,114.883,2097
1640642400,114.84,114.89,114.787,114.793,7843
1640649600,114.791,114.95,114.762,114.88,7099
1640656800,114.877,114.927,114.849,114.893,5311
1640664000,114.89,114.89,114.806,114.877,4518
1640671200,114.876,114.909,114.831,114.846,4375
1640678400,114.847,114.868,114.746,114.786,5445
1640685600,114.786,114.883,114.756,114.847,3250
1640692800,114.848,114.896,114.711,114.726,4755
1640700000,114.725,114.875,114.706,114.766,10509
1640707200,114.764,114.767,114.707,114.751,4417
1640714400,114.752,114.839,114.752,114.827,3740
1640721600,114.826,114.831,114.801,114.818,3236
1640728800,114.657,114.815,114.657,114.769,6133
1640736000,114.769,114.858,114.763,114.795,7085
1640743200,114.796,114.847,114.748,114.83,5366
1640750400,114.831,114.889,114.821,114.875,5890
1640757600,114.874,114.927,114.871,114.887,5427
1640764800,114.886,115.008,114.886,114.999,5565
1640772000,114.999,115.038,114.83,114.883,4306
1640779200,114.884,115.018,114.86,114.949,8017
1640786400,114.949,114.961,114.668,114.938,14027
1640793600,114.938,114.986,114.891,114.96,6861
1640800800,114.96,115.003,114.945,114.955,4958
1640808000,114.953,115,114.927,114.964,4348
1640815200,114.933,114.986,114.913,114.948,5919
1640822400,114.95,115.06,114.945,115.031,7190
1640829600,115.032,115.049,114.981,115.049,5851
1640836800,115.047,115.127,115.027,115.117,4170
1640844000,115.116,115.217,115.09,115.118,6322
1640851200,115.117,115.201,115.115,115.167,7279
1640858400,115.168,115.172,115.097,115.11,4416
1640865600,115.108,115.188,115.02,115.178,8469
1640872800,115.178,115.195,115.055,115.15,9856
1640880000,115.149,115.2,115.113,115.181,5504
1640887200,115.18,115.18,115.063,115.065,3715
1640894400,115.066,115.089,115.036,115.05,3055
1640901600,115.045,115.082,115.028,115.066,3882
1640908800,115.065,115.076,115.024,115.061,4534
1640916000,115.06,115.106,115.05,115.089,2004
1640923200,115.094,115.109,115.078,115.096,1943
1640930400,115.097,115.158,115.096,115.149,3930
1640937600,115.148,115.157,115.005,115.12,6431
1640944800,115.119,115.138,115.082,115.129,4808
1640952000,115.13,115.155,115.084,115.105,7219
1640959200,115.105,115.159,115.012,115.147,12185
1640966400,115.148,115.197,115.021,115.028,6853
1640973600,115.026,115.105,115.024,115.083,3562
1640980800,115.083,115.114,115.036,115.093,1962
1641160800,115.076,115.156,115.046,115.143,3547
1641168000,115.142,115.292,115.123,115.213,5781
1641175200,115.212,115.303,115.207,115.276,3127
1641182400,115.276,115.316,115.268,115.31,3203
1641189600,115.311,115.363,115.266,115.29,4380
1641196800,115.289,115.307,115.151,115.176,7677
1641204000,115.177,115.177,114.994,115.066,8780
1641211200,115.065,115.166,114.948,115.148,9497
1641218400,115.149,115.368,115.139,115.294,15474
1641225600,115.292,115.338,115.244,115.317,5481
1641232800,115.321,115.336,115.262,115.334,3418
1641240000,115.334,115.356,115.265,115.322,3440
1641247200,115.279,115.357,115.253,115.331,11307
1641254400,115.331,115.486,115.291,115.418,8653
1641261600,115.418,115.814,115.405,115.709,9620
1641268800,115.709,115.811,115.706,115.749,6841
1641276000,115.747,115.802,115.654,115.738,7117
1641283200,115.736,115.888,115.713,115.83,9683
1641290400,115.829,116.176,115.809,116.147,8651
1641297600,116.146,116.351,116.128,116.261,14038
1641304800,116.26,116.337,116.038,116.141,15473
1641312000,116.14,116.198,115.955,116.172,8770
1641319200,116.171,116.185,116.08,116.113,5481
1641326400,116.114,116.149,116.088,116.123,4150
1641333600,116.12,116.236,116.075,116.175,7289
1641340800,116.176,116.243,115.905,116.011,9393
1641348000,116.016,116.058,115.899,116.009,7108
1641355200,116.007,116.101,115.954,116.003,6240
1641362400,116.005,116.045,115.91,116.033,6938
1641369600,116.034,116.044,115.782,115.857,9985
1641376800,115.858,115.869,115.621,115.674,9128
1641384000,115.671,115.935,115.646,115.803,13701
1641391200,115.802,115.848,115.673,115.786,12346
1641398400,115.788,116.001,115.764,115.971,7727
1641405600,115.97,116.185,115.953,116.157,12447
1641412800,116.156,116.169,116.078,116.102,6342
1641420000,116.072,116.137,116.052,116.127,10112
1641427200,116.124,116.185,115.909,115.926,10445
1641434400,115.926,115.964,115.822,115.858,7811
1641441600,115.858,115.974,115.826,115.865,7139
1641448800,115.865,115.956,115.787,115.869,9051
1641456000,115.871,115.912,115.658,115.748,12684
1641463200,115.748,115.891,115.731,115.801,10302
1641470400,115.799,115.88,115.696,115.749,13600
1641477600,115.749,115.867,115.627,115.747,20175
1641484800,115.748,115.833,115.689,115.811,9891
1641492000,115.813,115.951,115.761,115.947,5982
1641499200,115.949,115.953,115.839,115.846,5319
1641506400,115.807,115.893,115.806,115.865,8426
1641513600,115.866,116.048,115.86,115.898,8741
1641520800,115.897,115.938,115.832,115.867,7465
1641528000,115.867,115.929,115.86,115.914,4557
1641535200,115.912,115.947,115.844,115.876,6795
1641542400,115.881,115.933,115.752,115.845,11015
1641549600,115.845,115.853,115.777,115.797,5487
1641556800,115.798,115.928,115.69,115.853,17394
1641564000,115.852,115.882,115.592,115.637,19682
1641571200,115.639,115.716,115.582,115.623,9998
1641578400,115.622,115.64,115.549,115.556,4682
1641585600,115.555,115.617,115.534,115.552,3281
1641765600,115.567,115.667,115.55,115.622,7972
1641772800,115.621,115.664,115.546,115.642,5957
1641780000,115.642,115.851,115.639,115.801,7582
1641787200,115.802,115.823,115.771,115.81,4559
1641794400,115.809,115.825,115.74,115.795,6889
1641801600,115.794,115.814,115.619,115.669,12762
1641808800,115.671,115.679,115.299,115.312,11072
1641816000,115.312,115.419,115.18,115.39,16239
1641823200,115.388,115.46,115.087,115.113,19157
1641830400,115.11,115.163,115.044,115.09,10718
1641837600,115.092,115.249,115.089,115.215,6639
1641844800,115.217,115.267,115.19,115.19,5846
1641852000,115.13,115.304,115.13,115.279,5442
1641859200,115.279,115.364,115.173,115.34,12178
1641866400,115.341,115.386,115.307,115.371,6820
1641873600,115.37,115.371,115.225,115.271,5658
1641880800,115.273,115.286,115.125,115.257,9855
1641888000,115.258,115.418,115.223,115.376,13825
1641895200,115.378,115.477,115.352,115.401,9139
1641902400,115.399,115.645,115.391,115.611,12552
1641909600,115.612,115.68,115.387,115.466,18649
1641916800,115.467,115.491,115.356,115.457,10746
1641924000,115.457,115.457,115.325,115.349,6896
1641931200,115.35,115.372,115.271,115.295,5385
1641938400,115.287,115.354,115.281,115.335,5689
1641945600,115.334,115.355,115.23,115.293,7956
1641952800,115.296,115.399,115.252,115.375,7601
1641960000,115.374,115.403,115.313,115.356,6185
1641967200,115.355,115.43,115.285,115.4,7170
1641974400,115.403,115.447,115.291,115.36,11478
1641981600,115.36,115.466,115.326,115.398,7943
1641988800,115.399,115.475,115.115,115.208,14259
1641996000,115.207,115.312,114.835,114.849,21667
1642003200,114.852,114.895,114.521,114.523,10172
1642010400,114.526,114.639,114.381,114.385,7937
1642017600,114.386,114.642,114.383,114.63,5272
1642024800,114.633,114.704,114.628,114.673,9350
1642032000,114.675,114.701,114.497,114.566,10820
1642039200,114.566,114.659,114.524,114.539,6437
1642046400,114.539,114.599,114.495,114.561,5228
1642053600,114.559,114.65,114.409,114.409,8070
1642060800,114.408,114.596,114.362,114.536,10684
1642068000,114.536,114.574,114.436,114.507,6580
1642075200,114.505,114.542,114.212,114.279,13730
1642082400,114.28,114.371,114.071,114.12,17331
1642089600,114.121,114.149,114,114.061,9277
1642096800,114.06,114.155,114.059,114.069,6124
1642104000,114.071,114.177,114.05,114.159,4840
1642111200,114.127,114.228,114.103,114.117,6151
1642118400,114.117,114.176,113.8,113.838,15182
1642125600,113.84,113.897,113.637,113.724,10426
1642132800,113.725,113.835,113.654,113.722,7733
1642140000,113.723,113.868,113.688,113.796,9171
1642147200,113.797,113.93,113.698,113.91,12927
1642154400,113.911,113.991,113.872,113.886,7355
1642161600,113.887,113.907,113.482,113.574,19182
1642168800,113.573,113.879,113.501,113.792,24110
1642176000,113.793,114.143,113.727,114.128,11467
1642183200,114.127,114.149,114.019,114.14,7013
1642190400,114.144,114.265,114.123,114.201,3553
1642370400,114.121,114.341,114.12,114.309,7040
1642377600,114.311,114.517,114.276,114.474,11198
1642384800,114.477,114.486,114.387,114.427,6380
1642392000,114.43,114.498,114.404,114.492,5846
1642399200,114.493,114.546,114.398,114.402,5855
1642406400,114.403,114.524,114.311,114.499,8853
1642413600,114.499,114.525,114.449,114.48,7342
1642420800,114.479,114.597,114.448,114.537,6990
1642428000,114.537,114.65,114.526,114.611,7193
1642435200,114.61,114.633,114.552,114.623,3513
1642442400,114.623,114.631,114.575,114.586,2516
1642449600,114.585,114.621,114.583,114.611,899
1642456800,114.603,114.639,114.567,114.574,9789
1642464000,114.574,114.601,114.449,114.473,8197
1642471200,114.473,115.057,114.466,114.976,13753
1642478400,114.978,115.005,114.757,114.816,10712
1642485600,114.816,114.987,114.774,114.875,12153
1642492800,114.873,114.9,114.513,114.664,16810
1642500000,114.665,114.751,114.576,114.689,10588
1642507200,114.69,114.734,114.533,114.624,14851
1642514400,114.624,114.703,114.454,114.548,19205
1642521600,114.55,114.646,114.527,114.591,8606
1642528800,114.589,114.632,114.508,114.624,6608
1642536000,114.626,114.647,114.567,114.585,6210
1642543200,114.598,114.615,114.557,114.557,3344
1642550400,114.556,114.789,114.541,114.655,12256
1642557600,114.659,114.722,114.491,114.555,11969
1642564800,114.556,114.577,114.205,114.253,11605
1642572000,114.254,114.435,114.228,114.423,10277
1642579200,114.423,114.54,114.357,114.521,14011
1642586400,114.521,114.553,114.412,114.5,9467
1642593600,114.499,114.546,114.416,114.515,11354
1642600800,114.516,114.534,114.221,114.348,16518
1642608000,114.347,114.37,114.213,114.313,10179
1642615200,114.314,114.326,114.233,114.24,8354
1642622400,114.241,114.325,114.208,114.324,6166
1642629600,114.33,114.418,114.303,114.348,10750
1642636800,114.347,114.411,114.024,114.201,13180
1642644000,114.201,114.453,114.186,114.389,10442
1642651200,114.389,114.546,114.374,114.471,9200
1642658400,114.472,114.516,114.343,114.395,8772
1642665600,114.395,114.397,114.185,114.29,13024
1642672800,114.29,114.346,114.24,114.28,8488
1642680000,114.281,114.336,114.038,114.055,12621
1642687200,114.054,114.191,113.963,113.987,17140
1642694400,113.988,114.149,113.978,114.131,8869
1642701600,114.131,114.197,114.114,114.174,7615
1642708800,114.176,114.232,114.098,114.1,7202
1642716000,114.065,114.149,113.859,113.993,6544
1642723200,113.99,113.998,113.736,113.806,18110
1642730400,113.803,113.9,113.625,113.747,13960
1642737600,113.747,113.872,113.72,113.856,9150
1642744800,113.857,113.893,113.798,113.859,11066
1642752000,113.859,114.033,113.841,113.967,14507
1642759200,113.967,113.978,113.801,113.844,9052
1642766400,113.844,113.867,113.663,113.679,14330
1642773600,113.68,113.815,113.605,113.669,24041
1642780800,113.668,113.818,113.63,113.643,11709
1642788000,113.643,113.718,113.633,113.663,6852
1642795200,113.661,113.707,113.626,113.691,5112
1642975200,113.664,113.804,113.632,113.788,6634
1642982400,113.787,113.945,113.714,113.892,11655
1642989600,113.893,113.909,113.799,113.862,7432
1642996800,113.862,113.977,113.759,113.797,7429
1643004000,113.797,113.86,113.712,113.755,9039
1643011200,113.756,113.803,113.499,113.61,15649
1643018400,113.608,113.82,113.471,113.82,15875
1643025600,113.817,113.831,113.683,113.741,12718
1643032800,113.741,113.998,113.65,113.938,28080
1643040000,113.935,113.949,113.726,113.746,14569
1643047200,113.746,113.796,113.655,113.788,14959
1643054400,113.789,114,113.777,113.979,9309
1643061600,113.942,114.095,113.913,114.014,5618
1643068800,114.012,114.051,113.806,113.842,15691
1643076000,113.84,113.843,113.75,113.776,11992
1643083200,113.776,113.818,113.669,113.804,10582
1643090400,113.803,113.894,113.747,113.887,12294
1643097600,113.887,114.108,113.809,114.054,18578
1643104800,114.056,114.156,113.975,114.006,13266
1643112000,114.007,114.066,113.874,113.898,14931
1643119200,113.898,113.993,113.781,113.951,26071
1643126400,113.951,113.957,113.829,113.843,10687
1643133600,113.844,113.94,113.802,113.921,7223
1643140800,113.921,113.944,113.84,113.861,6152
1643148000,113.883,113.928,113.84,113.897,6812
1643155200,113.896,113.901,113.779,113.867,11276
1643162400,113.866,113.897,113.829,113.867,5824
1643169600,113.868,113.931,113.861,113.897,6503
1643176800,113.895,113.986,113.871,113.985,7321
1643184000,113.986,114.181,113.974,114.126,10988
1643191200,114.127,114.235,114.1,114.199,9069
1643198400,114.198,114.315,114.155,114.304,9837
1643205600,114.305,114.385,114.219,114.32,14931
1643212800,114.32,114.374,114.27,114.348,7270
1643220000,114.348,114.693,114.21,114.532,23785
1643227200,114.536,114.695,114.403,114.669,17454
1643234400,114.632,114.743,114.617,114.722,11907
1643241600,114.721,114.785,114.545,114.606,16931
1643248800,114.606,114.69,114.476,114.656,15324
1643256000,114.656,114.676,114.595,114.668,10151
1643263200,114.667,114.793,114.626,114.763,12971
1643270400,114.763,115.061,114.726,115.007,19041
1643277600,115.007,115.248,114.998,115.2,15378
1643284800,115.202,115.438,115.153,115.377,18615
1643292000,115.376,115.468,115.236,115.441,22098
1643299200,115.441,115.49,115.306,115.381,12832
1643306400,115.379,115.379,115.159,115.306,9495
1643313600,115.305,115.376,115.26,115.356,7540
1643320800,115.353,115.399,115.231,115.352,9070
1643328000,115.351,115.476,115.346,115.444,12774
1643335200,115.445,115.46,115.333,115.357,8017
1643342400,115.358,115.518,115.317,115.431,9324
1643349600,115.431,115.674,115.338,115.652,11977
1643356800,115.653,115.685,115.447,115.615,17426
1643364000,115.613,115.65,115.555,115.645,11066
1643371200,115.644,115.668,115.253,115.329,19448
1643378400,115.328,115.46,115.123,115.189,26432
1643385600,115.188,115.262,115.123,115.241,11664
1643392800,115.24,115.331,115.21,115.22,5383
1643400000,115.221,115.277,115.189,115.235,3363
1643580000,115.261,115.377,115.241,115.264,9761
1643587200,115.264,115.488,115.222,115.44,13823
1643594400,115.441,115.593,115.427,115.537,9830
1643601600,115.535,115.539,115.403,115.427,6825
1643608800,115.428,115.53,115.38,115.435,10280
1643616000,115.433,115.494,115.344,115.427,15772
1643623200,115.427,115.529,115.414,115.514,12573
1643630400,115.514,115.516,115.242,115.269,16428
1643637600,115.269,115.443,115.194,115.228,23024
1643644800,115.228,115.309,115.112,115.127,13696
1643652000,115.128,115.145,114.923,114.995,9641
1643659200,114.996,115.133,114.988,115.133,7792
1643666400,115.128,115.143,115.042,115.122,5634
1643673600,115.121,115.193,115.019,115.053,9602
1643680800,115.053,115.138,114.97,114.986,9576
1643688000,114.987,115.021,114.888,114.995,9935
1643695200,114.996,115.07,114.922,114.942,10362
1643702400,114.943,115.042,114.644,114.687,18512
1643709600,114.69,114.765,114.608,114.627,13020
1643716800,114.626,114.764,114.567,114.695,14096
1643724000,114.696,114.892,114.653,114.797,23111
1643731200,114.795,114.814,114.646,114.685,11302
1643738400,114.685,114.739,114.637,114.697,8822
1643745600,114.698,114.784,114.668,114.685,6287
1643752800,114.662,114.745,114.643,114.736,6172
1643760000,114.736,114.785,114.648,114.7,9050
1643767200,114.699,114.803,114.691,114.796,6052
1643774400,114.797,114.802,114.734,114.756,4952
1643781600,114.755,114.765,114.596,114.63,7253
1643788800,114.63,114.633,114.4,114.405,14599
1643796000,114.402,114.44,114.322,114.342,13647
1643803200,114.342,114.428,114.153,114.426,14288
1643810400,114.417,114.443,114.196,114.377,19764
1643817600,114.378,114.408,114.296,114.327,11447
1643824800,114.328,114.42,114.309,114.382,7473
1643832000,114.381,114.465,114.371,114.436,4388
1643839200,114.402,114.456,114.346,114.381,9037
1643846400,114.381,114.47,114.337,114.38,11187
1643853600,114.378,114.459,114.327,114.421,7734
1643860800,114.422,114.534,114.421,114.525,6612
1643868000,114.526,114.606,114.49,114.58,6768
1643875200,114.581,114.779,114.577,114.747,14191
1643882400,114.745,114.851,114.74,114.837,11267
1643889600,114.836,114.974,114.749,114.855,26149
1643896800,114.855,114.948,114.734,114.89,30687
1643904000,114.891,114.937,114.788,114.848,15370
1643911200,114.849,114.942,114.843,114.936,8191
1643918400,114.936,114.987,114.889,114.982,5877
1643925600,114.938,114.978,114.932,114.958,6824
1643932800,114.958,115.052,114.817,114.846,11121
1643940000,114.847,114.968,114.814,114.908,8336
1643947200,114.91,114.944,114.868,114.933,6228
1643954400,114.933,115.126,114.907,115.104,10003
1643961600,115.103,115.151,114.908,114.945,17439
1643968800,114.942,114.972,114.848,114.872,14996
1643976000,114.872,115.393,114.774,115.365,21222
1643983200,115.365,115.43,115.135,115.272,26376
1643990400,115.272,115.29,115.162,115.248,10556
1643997600,115.248,115.261,115.176,115.259,5618
1644004800,115.26,115.265,115.175,115.185,3051
1644184800,115.266,115.322,115.22,115.228,16934
1644192000,115.228,115.337,115.137,115.294,14086
1644199200,115.296,115.343,115.253,115.301,9261
1644206400,115.301,115.379,115.261,115.346,7179
1644213600,115.347,115.353,115.198,115.255,9055
1644220800,115.255,115.256,114.969,115.023,18355
1644228000,115.024,115.086,114.917,114.946,13029
1644235200,114.947,115.125,114.915,115.095,14464
1644242400,115.096,115.141,114.976,115.056,17714
1644249600,115.057,115.179,115.003,115.164,10674
1644256800,115.164,115.166,115.063,115.071,5659
1644264000,115.07,115.109,115.054,115.095,3721
1644271200,115.089,115.114,115.042,115.063,10153
1644278400,115.064,115.346,115.06,115.294,12967
1644285600,115.294,115.416,115.291,115.349,10038
1644292800,115.348,115.479,115.344,115.461,10219
1644300000,115.461,115.546,115.441,115.482,10566
1644307200,115.482,115.491,115.311,115.381,16204
1644314400,115.38,115.382,115.231,115.311,12907
1644321600,115.309,115.476,115.3,115.423,12950
1644328800,115.422,115.606,115.384,115.592,16552
1644336000,115.591,115.627,115.544,115.591,7204
1644343200,115.591,115.603,115.473,115.538,4569
1644350400,115.538,115.55,115.491,115.543,4738
1644357600,115.54,115.681,115.532,115.535,11446
1644364800,115.534,115.594,115.4,115.44,11569
1644372000,115.44,115.441,115.323,115.401,10023
1644379200,115.402,115.49,115.37,115.477,6451
1644386400,115.477,115.54,115.402,115.402,9284
1644393600,115.403,115.444,115.336,115.362,12960
1644400800,115.36,115.478,115.357,115.437,10024
1644408000,115.435,115.517,115.414,115.461,10768
1644415200,115.462,115.511,115.38,115.456,13827
1644422400,115.456,115.468,115.375,115.437,8724
1644429600,115.438,115.508,115.382,115.481,6140
1644436800,115.482,115.563,115.464,115.537,5098
1644444000,115.504,115.605,115.495,115.603,12183
1644451200,115.603,115.634,115.482,115.501,11055
1644458400,115.501,115.558,115.488,115.547,7192
1644465600,115.549,115.652,115.527,115.616,11088
1644472800,115.615,115.706,115.563,115.592,8066
1644480000,115.594,115.877,115.542,115.787,15161
1644487200,115.787,115.853,115.746,115.817,9980
1644494400,115.818,116.194,115.744,116.169,19464
1644501600,116.169,116.338,115.822,115.953,27710
1644508800,115.951,116.11,115.731,116.015,20340
1644516000,116.014,116.031,115.826,115.909,17191
1644523200,115.908,116.12,115.906,115.998,9539
1644530400,115.967,116.076,115.944,116.052,5875
1644537600,116.053,116.174,115.957,115.985,10584
1644544800,115.984,116.131,115.973,116.131,7705
1644552000,116.132,116.17,116.067,116.082,7571
1644559200,116.083,116.11,115.986,116.01,9235
1644566400,116.01,116.096,115.881,116.053,17085
1644573600,116.053,116.067,115.969,116.002,8514
1644580800,116.003,116.025,115.825,115.933,16341
1644588000,115.935,115.957,115.771,115.879,21665
1644595200,115.879,115.991,115.861,115.886,11014
1644602400,115.886,115.927,115.015,115.252,36668
1644609600,115.249,115.452,115.156,115.432,12664
1644789600,115.387,115.593,115.299,115.588,11094
1644796800,115.588,115.596,115.283,115.335,18068
1644804000,115.336,115.551,115.334,115.505,12426
1644811200,115.504,115.55,115.406,115.433,7247
1644818400,115.434,115.452,115.296,115.409,13759
1644825600,115.41,115.411,115.032,115.046,26068
1644832800,115.047,115.221,115.01,115.179,13814
1644840000,115.178,115.528,115.117,115.506,28173
1644847200,115.504,115.648,115.463,115.584,25810
1644854400,115.583,115.747,115.543,115.634,15209
1644861600,115.632,115.664,115.37,115.661,18561
1644868800,115.662,115.662,115.529,115.529,8006
1644876000,115.511,115.557,115.508,115.539,8841
1644883200,115.539,115.556,115.307,115.378,13374
1644890400,115.377,115.451,115.336,115.423,9103
1644897600,115.423,115.432,115.281,115.33,11544
1644904800,115.33,115.373,115.257,115.348,10949
1644912000,115.347,115.646,115.323,115.603,25511
1644919200,115.604,115.708,115.483,115.657,16472
1644926400,115.657,115.717,115.569,115.653,17188
1644933600,115.654,115.874,115.577,115.742,19624
1644940800,115.745,115.746,115.628,115.669,9781
1644948000,115.672,115.672,115.587,115.634,7717
1644955200,115.633,115.649,115.59,115.592,7234
1644962400,115.591,115.654,115.576,115.64,5071
1644969600,115.64,115.744,115.62,115.671,9335
1644976800,115.671,115.728,115.662,115.697,8077
1644984000,115.698,115.706,115.657,115.695,9396
1644991200,115.696,115.709,115.621,115.641,9299
1644998400,115.646,115.79,115.605,115.657,17959
1645005600,115.655,115.728,115.635,115.676,11427
1645012800,115.677,115.78,115.454,115.482,16052
1645020000,115.488,115.552,115.38,115.435,19627
1645027200,115.438,115.502,115.396,115.451,11740
1645034400,115.451,115.56,115.358,115.4,14623
1645041600,115.399,115.473,115.389,115.449,7529
1645048800,115.478,115.478,115.338,115.393,4443
1645056000,115.393,115.537,115.329,115.472,13295
1645063200,115.471,115.53,115.118,115.167,11393
1645070400,115.166,115.344,115.134,115.238,25054
1645077600,115.237,115.406,115.165,115.296,15916
1645084800,115.295,115.355,114.952,115.093,28061
1645092000,115.092,115.187,115.003,115.061,13030
1645099200,115.063,115.111,114.846,114.885,19355
1645106400,114.884,115.149,114.868,114.965,27727
1645113600,114.966,115.063,114.935,115.052,13071
1645120800,115.053,115.081,114.878,114.879,8625
1645128000,114.876,114.982,114.876,114.91,6915
1645135200,114.931,114.957,114.796,114.863,12515
1645142400,114.858,115.277,114.79,115.136,20179
1645149600,115.137,115.227,115.124,115.134,14128
1645156800,115.134,115.229,115.125,115.211,8193
1645164000,115.21,115.216,115.055,115.12,8379
1645171200,115.12,115.299,115.106,115.153,16694
1645178400,115.153,115.243,115.135,115.162,11214
1645185600,115.163,115.173,115.014,115.078,14860
1645192800,115.077,115.176,114.97,115.151,20925
1645200000,115.152,115.157,115.04,115.072,14040
1645207200,115.072,115.084,114.999,115.079,8300
1645214400,115.081,115.121,115.023,115.042,3594
1645394400,115.019,115.055,114.871,114.966,10003
1645401600,114.966,115.124,114.875,115.013,17977
1645408800,115.012,115.052,114.885,114.951,7784
1645416000,114.945,115.031,114.925,114.976,7632
1645423200,114.975,115.015,114.921,114.928,7420
1645430400,114.927,114.965,114.808,114.863,12757
1645437600,114.86,114.88,114.801,114.873,10330
1645444800,114.871,114.95,114.818,114.858,13537
1645452000,114.858,114.898,114.822,114.843,11045
1645459200,114.839,114.852,114.782,114.807,8870
1645466400,114.805,114.829,114.754,114.772,5595
1645473600,114.772,114.845,114.718,114.722,6729
1645480800,114.722,114.743,114.5,114.609,11641
1645488000,114.61,114.795,114.521,114.717,22799
1645495200,114.712,114.721,114.57,114.612,14228
1645502400,114.612,114.741,114.611,114.731,14075
1645509600,114.73,114.783,114.623,114.738,18935
1645516800,114.732,114.904,114.719,114.774,24993
1645524000,114.776,115.094,114.776,115.079,23294
1645531200,115.08,115.162,115.023,115.12,19292
1645538400,115.119,115.242,115.052,115.053,18100
1645545600,115.054,115.087,114.918,114.926,12606
1645552800,114.927,115.109,114.875,115.07,14078
1645560000,115.071,115.109,115.01,115.072,8310
1645567200,115.056,115.113,115.025,115.099,4414
1645574400,115.099,115.127,114.989,115.039,6126
1645581600,115.039,115.095,114.998,115.023,5280
1645588800,115.022,115.073,115.006,115.051,4551
1645596000,115.052,115.09,114.993,115.07,9667
1645603200,115.071,115.169,114.992,115.071,14530
1645610400,115.071,115.109,115.018,115.092,11049
1645617600,115.095,115.134,114.961,115.012,11421
1645624800,115.013,115.203,114.998,115.035,18751
1645632000,115.034,115.131,115.018,115.076,10635
1645639200,115.076,115.089,114.926,114.967,11571
1645646400,114.968,115.028,114.926,115.011,4988
1645653600,114.98,115.011,114.874,114.898,6310
1645660800,114.895,115.118,114.829,115.082,22043
1645668000,115.083,115.104,114.654,114.697,33849
1645675200,114.699,114.733,114.496,114.562,31760
1645682400,114.561,114.655,114.408,114.625,27401
1645689600,114.627,114.784,114.593,114.734,31566
1645696800,114.733,114.825,114.574,114.785,26634
1645704000,114.785,115.001,114.607,114.903,25394
1645711200,114.903,115.62,114.9,115.603,32993
1645718400,115.603,115.653,115.267,115.342,19235
1645725600,115.342,115.694,115.317,115.689,17403
1645732800,115.684,115.694,115.523,115.533,9413
1645740000,115.472,115.598,115.444,115.552,10400
1645747200,115.549,115.624,115.383,115.438,22619
1645754400,115.442,115.442,115.179,115.242,16345
1645761600,115.244,115.289,115.148,115.182,13257
1645768800,115.184,115.351,115.181,115.286,15042
1645776000,115.285,115.377,115.188,115.322,23281
1645783200,115.323,115.501,115.297,115.47,16303
1645790400,115.472,115.61,115.445,115.558,24510
1645797600,115.557,115.628,115.467,115.573,19925
1645804800,115.572,115.761,115.52,115.751,12357
1645812000,115.752,115.754,115.589,115.596,7998
1645819200,115.597,115.605,115.518,115.529,4351
1645999200,115.311,115.778,115.306,115.59,19376
1646006400,115.587,115.668,115.461,115.521,23824
1646013600,115.52,115.554,115.446,115.522,14971
1646020800,115.525,115.691,115.498,115.545,12724
1646028000,115.544,115.584,115.485,115.498,19891
1646035200,115.501,115.624,115.457,115.547,17447
1646042400,115.551,115.643,115.515,115.544,15714
1646049600,115.543,115.567,115.318,115.324,17439
1646056800,115.324,115.426,115.149,115.163,24140
1646064000,115.167,115.304,114.982,115.112,17962
1646071200,115.111,115.119,114.865,114.865,12727
1646078400,114.864,115.012,114.863,114.973,10281
1646085600,114.994,115.086,114.966,115.086,6656
1646092800,115.086,115.29,114.995,115.195,11665
1646100000,115.193,115.22,115.133,115.15,7932
1646107200,115.15,115.18,115.016,115.057,7638
1646114400,115.057,115.124,114.994,115.037,10618
1646121600,115.035,115.066,114.749,114.779,20129
1646128800,114.779,114.889,114.746,114.806,24384
1646136000,114.807,114.95,114.714,114.914,20778
1646143200,114.913,114.946,114.754,114.803,23027
1646150400,114.804,114.925,114.77,114.839,17600
1646157600,114.839,114.909,114.7,114.858,13656
1646164800,114.859,114.924,114.808,114.904,6568
1646172000,114.894,114.912,114.796,114.841,5814
1646179200,114.842,115.083,114.791,115.002,16103
1646186400,115.002,115.061,114.967,115.04,9177
1646193600,115.041,115.108,115.015,115.061,10806
1646200800,115.058,115.176,115.026,115.157,17457
1646208000,115.156,115.268,115.089,115.2,24808
1646215200,115.199,115.29,115.198,115.251,19949
1646222400,115.252,115.431,115.238,115.399,22293
1646229600,115.401,115.572,115.247,115.567,23682
1646236800,115.566,115.687,115.532,115.598,17304
1646244000,115.598,115.617,115.525,115.578,6680
1646251200,115.576,115.59,115.497,115.517,7480
1646258400,115.522,115.538,115.444,115.518,5634
1646265600,115.518,115.668,115.493,115.598,12717
1646272800,115.598,115.665,115.577,115.628,9815
1646280000,115.627,115.718,115.626,115.656,7156
1646287200,115.656,115.738,115.648,115.724,11698
1646294400,115.725,115.808,115.653,115.783,17891
1646301600,115.783,115.784,115.711,115.763,13148
1646308800,115.763,115.763,115.642,115.662,16077
1646316000,115.662,115.699,115.511,115.638,20900
1646323200,115.639,115.682,115.555,115.56,16089
1646330400,115.561,115.561,115.42,115.422,9161
1646337600,115.422,115.462,115.384,115.459,9899
1646344800,115.459,115.499,115.454,115.482,14110
1646352000,115.486,115.556,115.257,115.471,33667
1646359200,115.474,115.481,115.319,115.355,19353
1646366400,115.356,115.496,115.345,115.449,11822
1646373600,115.443,115.534,115.424,115.451,13008
1646380800,115.451,115.474,115.323,115.415,18991
1646388000,115.414,115.46,115.308,115.379,15832
1646395200,115.381,115.468,115.305,115.419,19615
1646402400,115.42,115.421,114.798,114.825,22148
1646409600,114.823,114.894,114.65,114.771,15804
1646416800,114.772,114.864,114.703,114.751,9889
1646424000,114.75,114.886,114.75,114.856,6132
1646604000,114.89,114.959,114.818,114.952,13928
1646611200,114.951,115.062,114.833,114.902,20653
1646618400,114.901,114.963,114.872,114.893,14331
1646625600,114.893,114.967,114.863,114.928,10270
1646632800,114.929,115.126,114.914,115.009,15826
1646640000,115.016,115.078,114.908,115.071,23218
1646647200,115.071,115.139,115.021,115.082,17438
1646654400,115.084,115.327,115.084,115.298,23139
1646661600,115.297,115.432,115.208,115.385,21965
1646668800,115.385,115.472,115.307,115.401,14783
1646676000,115.399,115.422,115.258,115.301,13415
1646683200,115.301,115.356,115.242,115.31,8135
1646690400,115.283,115.377,115.256,115.368,5690
1646697600,115.368,115.516,115.323,115.479,14330
1646704800,115.48,115.483,115.355,115.45,10506
1646712000,115.452,115.505,115.393,115.492,11682
1646719200,115.495,115.536,115.364,115.447,13268
1646726400,115.449,115.634,115.381,115.594,23210
1646733600,115.593,115.704,115.551,115.635,15856
1646740800,115.634,115.791,115.596,115.696,17940
1646748000,115.695,115.72,115.419,115.587,19823
1646755200,115.587,115.707,115.573,115.599,20227
1646762400,115.599,115.749,115.591,115.741,14001
1646769600,115.741,115.741,115.62,115.672,5313
1646776800,115.643,115.749,115.618,115.725,8056
1646784000,115.726,115.923,115.726,115.89,12257
1646791200,115.891,115.902,115.803,115.835,9230
1646798400,115.836,115.861,115.758,115.784,7595
1646805600,115.784,115.881,115.707,115.88,10844
1646812800,115.883,115.888,115.738,115.855,15363
1646820000,115.855,115.944,115.799,115.917,15223
1646827200,115.918,115.934,115.725,115.767,11406
1646834400,115.771,115.835,115.559,115.812,23025
1646841600,115.811,115.886,115.696,115.792,14323
1646848800,115.792,115.897,115.77,115.849,6653
1646856000,115.849,115.874,115.788,115.863,6153
1646863200,115.8,115.948,115.8,115.908,7893
1646870400,115.908,116.113,115.883,116.051,10710
1646877600,116.052,116.195,116.041,116.168,9603
1646884800,116.168,116.169,116.077,116.091,6685
1646892000,116.092,116.101,115.919,115.922,9339
1646899200,115.925,115.994,115.815,115.939,19131
1646906400,115.939,116.036,115.908,115.943,13453
1646913600,115.943,116.086,115.848,116.079,22175
1646920800,116.079,116.195,115.927,115.975,20278
1646928000,115.975,116.136,115.947,116.118,10501
1646935200,116.116,116.15,116.063,116.102,7876
1646942400,116.103,116.146,116.048,116.131,4685
1646949600,116.13,116.22,116.082,116.179,6707
1646956800,116.181,116.383,116.144,116.291,11552
1646964000,116.291,116.478,116.231,116.452,9590
1646971200,116.453,116.746,116.428,116.691,11982
1646978400,116.69,116.799,116.582,116.718,11233
1646985600,116.718,117.061,116.701,116.949,15302
1646992800,116.949,116.996,116.797,116.893,16685
1647000000,116.892,116.968,116.821,116.917,14726
1647007200,116.918,116.999,116.859,116.994,15984
1647014400,116.993,117.215,116.977,117.198,11688
1647021600,117.197,117.356,117.153,117.353,6474
1647028800,117.351,117.351,117.239,117.296,3471
1647205200,117.333,117.558,117.31,117.519,3289
1647212400,117.519,117.611,117.458,117.531,13522
1647219600,117.531,117.879,117.469,117.836,12206
1647226800,117.837,117.845,117.625,117.642,6860
1647234000,117.644,117.836,117.644,117.817,7977
1647241200,117.82,117.834,117.686,117.738,13065
1647248400,117.739,118.061,117.739,118.049,15031
1647255600,118.048,118.05,117.831,117.906,13920
1647262800,117.908,118.026,117.85,117.9,14302
1647270000,117.904,118.031,117.895,117.972,10447
1647277200,117.972,118.099,117.904,118.098,6610
1647284400,118.097,118.218,118.077,118.185,5719
1647291600,118.165,118.302,118.117,118.283,8151
1647298800,118.284,118.296,118.109,118.201,8792
1647306000,118.204,118.452,118.191,118.307,16747
1647313200,118.308,118.377,118.233,118.367,9422
1647320400,118.368,118.394,118.284,118.344,9418
1647327600,118.343,118.357,117.699,117.792,21903
1647334800,117.792,118.049,117.792,118.016,11646
1647342000,118.016,118.1,117.792,117.977,15060
1647349200,117.978,118.201,117.855,118.122,18078
1647356400,118.122,118.339,118.114,118.311,15549
1647363600,118.311,118.397,118.236,118.321,8375
1647370800,118.321,118.334,118.26,118.29,4122
1647378000,118.29,118.352,118.284,118.317,3235
1647385200,118.316,118.429,118.273,118.42,7023
1647392400,118.422,118.424,118.204,118.228,19302
1647399600,118.229,118.274,118.175,118.228,5634
1647406800,118.229,118.334,118.195,118.243,7723
1647414000,118.244,118.38,118.22,118.32,13538
1647421200,118.322,118.355,118.269,118.304,9694
1647428400,118.303,118.342,118.192,118.314,11551
1647435600,118.315,118.413,118.214,118.41,18758
1647442800,118.412,118.588,118.345,118.578,12756
1647450000,118.576,119.121,118.541,118.667,25251
1647457200,118.669,118.774,118.572,118.759,13738
1647464400,118.661,118.998,118.661,118.849,16013
1647471600,118.85,119.026,118.786,118.886,13248
1647478800,118.886,118.914,118.702,118.742,15502
1647486000,118.74,118.789,118.596,118.751,11181
1647493200,118.747,118.85,118.723,118.81,8915
1647500400,118.809,118.854,118.631,118.68,12420
1647507600,118.682,118.734,118.492,118.589,14996
1647514800,118.589,118.813,118.572,118.784,11397
1647522000,118.783,118.843,118.628,118.7,15365
1647529200,118.7,118.708,118.398,118.412,14018
1647536400,118.414,118.6,118.368,118.581,7697
1647543600,118.584,118.671,118.56,118.589,4734
1647550800,118.58,118.612,118.548,118.556,7193
1647558000,118.557,118.713,118.471,118.698,10927
1647565200,118.697,118.802,118.657,118.741,11185
1647572400,118.74,118.779,118.701,118.768,7164
1647579600,118.769,118.884,118.716,118.857,6863
1647586800,118.857,119.007,118.781,118.869,11538
1647594000,118.869,119.127,118.855,119.077,9946
1647601200,119.076,119.251,119.007,119.186,11740
1647608400,119.185,119.4,119.128,119.215,16652
1647615600,119.215,119.273,119.12,119.15,12617
1647622800,119.149,119.202,119.128,119.129,7379
1647630000,119.129,119.164,119.084,119.154,4048
1647810000,119.108,119.307,119.053,119.278,5100
1647817200,119.279,119.293,119.146,119.182,9288
1647824400,119.183,119.224,119.136,119.165,5385
1647831600,119.166,119.247,119.158,119.247,4578
1647838800,119.246,119.297,119.238,119.262,4731
1647846000,119.262,119.29,119.167,119.205,10280
1647853200,119.206,119.281,119.172,119.219,10817
1647860400,119.221,119.277,119.104,119.222,11545
1647867600,119.225,119.233,119.113,119.138,10480
1647874800,119.137,119.294,119.114,119.265,11604
1647882000,119.266,119.476,119.264,119.474,11011
1647889200,119.473,119.5,119.444,119.468,4696
1647896400,119.456,119.477,119.435,119.472,10124
1647903600,119.473,120.077,119.47,119.944,11669
1647910800,119.945,119.985,119.826,119.877,12966
1647918000,119.877,120.464,119.866,120.377,11780
1647925200,120.377,120.483,120.28,120.47,11326
1647932400,120.471,120.495,120.324,120.46,15395
1647939600,120.46,121.032,120.432,120.88,16625
1647946800,120.877,120.933,120.381,120.549,18393
1647954000,120.548,120.784,120.497,120.764,19810
1647961200,120.765,120.813,120.524,120.677,12874
1647968400,120.673,120.823,120.649,120.726,7012
1647975600,120.727,120.835,120.711,120.804,5003
1647982800,120.768,121.289,120.743,121.19,14338
1647990000,121.189,121.414,121.078,121.118,16681
1647997200,121.117,121.189,120.794,121.03,16908
1648004400,121.03,121.16,120.98,121.071,10108
1648011600,121.07,121.167,120.986,121.146,7330
1648018800,121.147,121.147,120.853,120.9,15837
1648026000,120.9,121.053,120.893,120.992,12899
1648033200,120.991,121.009,120.595,120.717,17772
1648040400,120.717,121.006,120.635,120.973,19010
1648047600,120.971,121.144,120.917,121.069,13488
1648054800,121.068,121.131,121.015,121.125,8631
1648062000,121.13,121.162,121.083,121.141,4215
1648069200,121.14,121.14,121.045,121.104,3737
1648076400,121.1,121.2,120.962,120.98,11031
1648083600,120.98,121.304,120.954,121.212,13679
1648090800,121.213,121.257,121.169,121.222,5879
1648098000,121.222,121.608,121.22,121.584,11309
1648105200,121.587,121.746,121.469,121.625,18539
1648112400,121.626,121.733,121.602,121.651,13869
1648119600,121.65,121.73,121.541,121.655,15307
1648126800,121.656,122,121.655,121.925,18611
1648134000,121.928,122.406,121.832,122.38,17488
1648141200,122.378,122.381,122.232,122.237,9847
1648148400,122.237,122.411,122.223,122.361,5100
1648155600,122.329,122.423,122.309,122.385,5036
1648162800,122.385,122.436,121.964,122.055,15989
1648170000,122.057,122.095,121.713,121.804,21663
1648177200,121.808,121.825,121.178,121.467,17693
1648184400,121.467,121.952,121.425,121.788,12325
1648191600,121.789,121.867,121.418,121.511,18960
1648198800,121.51,121.731,121.455,121.727,14344
1648206000,121.727,121.794,121.602,121.752,12021
1648213200,121.753,122.239,121.732,122.018,26975
1648220400,122.018,122.079,121.776,122.028,23016
1648227600,122.029,122.156,121.954,122.132,11865
1648234800,122.133,122.207,122.073,122.092,4489
1648414800,122.048,122.297,122.006,122.274,3669
1648422000,122.274,122.364,122.144,122.231,13683
1648429200,122.23,123.109,122.171,122.904,28832
1648436400,122.904,123.164,122.854,123.052,13875
1648443600,123.051,123.347,123.028,123.337,15972
1648450800,123.338,125.1,123.276,124.683,35628
1648458000,124.683,124.707,123.668,124.268,36719
1648465200,124.267,124.267,123.379,123.652,36281
1648472400,123.651,123.874,123.4,123.547,32843
1648479600,123.546,123.563,123.146,123.402,19443
1648486800,123.402,123.697,123.256,123.561,8928
1648494000,123.561,123.933,123.561,123.905,6757
1648501200,123.784,124.186,123.671,124.149,4768
1648508400,124.15,124.305,123.312,124.139,28100
1648515600,124.14,124.18,123.249,123.357,25283
1648522800,123.356,123.49,123.103,123.369,22335
1648530000,123.364,123.677,123.299,123.505,21208
1648537200,123.505,123.783,123.402,123.727,22923
1648544400,123.725,123.808,123.44,123.507,21505
1648551600,123.507,123.754,122.494,122.855,37214
1648558800,122.854,123.025,121.978,122.717,39283
1648566000,122.719,122.833,122.544,122.66,19044
1648573200,122.66,122.942,122.654,122.931,10417
1648580400,122.934,122.952,122.855,122.889,5780
1648587600,122.853,122.995,122.836,122.983,4338
1648594800,122.983,123.203,122.418,122.486,26891
1648602000,122.488,122.531,121.783,121.907,37095
1648609200,121.908,121.961,121.31,121.897,27978
1648616400,121.895,122.081,121.619,121.937,21850
1648623600,121.937,122.006,121.525,121.612,27244
1648630800,121.614,122.043,121.57,121.925,21132
1648638000,121.925,121.95,121.63,121.851,20667
1648645200,121.852,122.242,121.642,122.014,30493
1648652400,122.011,122.051,121.838,121.899,12764
1648659600,121.9,121.926,121.74,121.743,7552
1648666800,121.743,121.866,121.743,121.828,6343
1648674000,121.792,121.99,121.792,121.909,4358
1648681200,121.911,122.452,121.902,122.29,26280
1648688400,122.285,122.454,121.967,122.173,26036
1648695600,122.174,122.388,122.151,122.226,19932
1648702800,122.227,122.277,121.537,121.569,25791
1648710000,121.567,122.226,121.341,122.179,28388
1648717200,122.178,122.18,121.67,121.671,19140
1648724400,121.672,121.852,121.546,121.618,21706
1648731600,121.623,121.824,121.299,121.379,31404
1648738800,121.379,121.675,121.28,121.562,17665
1648746000,121.564,121.633,121.527,121.604,10079
1648753200,121.604,121.777,121.569,121.693,7731
1648760400,121.609,121.818,121.609,121.754,4783
1648767600,121.753,122.197,121.74,122.119,16422
1648774800,122.118,122.693,122.074,122.656,19866
1648782000,122.655,122.733,122.447,122.6,15217
1648789200,122.598,122.654,122.244,122.47,17154
1648796400,122.471,122.764,122.428,122.57,22464
1648803600,122.571,122.572,122.336,122.432,16238
1648810800,122.432,122.82,122.388,122.799,21507
1648818000,122.798,123.034,122.62,122.835,25207
1648825200,122.837,122.944,122.518,122.572,14496
1648832400,122.568,122.654,122.48,122.62,8470
1648839600,122.618,122.618,122.458,122.545,3458
1649019600,122.597,122.731,122.491,122.659,5785
1649026800,122.659,122.691,122.264,122.402,15355
1649034000,122.406,122.705,122.38,122.657,12875
1649041200,122.658,122.776,122.568,122.595,8535
1649048400,122.594,122.799,122.553,122.644,12918
1649055600,122.644,122.696,122.5,122.629,17027
1649062800,122.628,122.834,122.56,122.809,12463
1649070000,122.811,122.814,122.603,122.634,14404
1649077200,122.635,122.958,122.623,122.74,22709
1649084400,122.736,122.825,122.67,122.747,11168
1649091600,122.746,122.816,122.68,122.81,7738
1649098800,122.81,122.833,122.735,122.768,4896
1649106000,122.772,122.811,122.722,122.741,2821
1649113200,122.743,122.861,122.374,122.564,14976
1649120400,122.563,122.635,122.469,122.586,11433
1649127600,122.586,122.619,122.482,122.548,7872
1649134800,122.547,122.599,122.43,122.582,10659
1649142000,122.579,122.997,122.571,122.824,19163
1649149200,122.824,122.985,122.696,122.894,13616
1649156400,122.893,123.002,122.79,122.832,13799
1649163600,122.831,123.443,122.75,123.304,28162
1649170800,123.303,123.597,123.262,123.586,13171
1649178000,123.587,123.669,123.554,123.604,7748
1649185200,123.601,123.65,123.564,123.594,4819
1649192400,123.561,123.683,123.471,123.608,4609
1649199600,123.609,123.889,123.539,123.83,14440
1649206800,123.829,124.051,123.644,123.89,17277
1649214000,123.891,123.928,123.725,123.885,14107
1649221200,123.884,124.005,123.835,123.934,15225
1649228400,123.93,124.026,123.733,123.788,22310
1649235600,123.789,123.998,123.616,123.959,16011
1649242800,123.958,123.982,123.714,123.815,17781
1649250000,123.815,123.945,123.714,123.766,20602
1649257200,123.767,123.824,123.684,123.747,12622
1649264400,123.748,123.931,123.463,123.77,23765
1649271600,123.772,123.825,123.743,123.788,6608
1649278800,123.768,123.935,123.704,123.864,3128
1649286000,123.865,123.888,123.47,123.6,14259
1649293200,123.6,123.745,123.584,123.677,13701
1649300400,123.677,123.75,123.614,123.686,8247
1649307600,123.685,123.844,123.592,123.844,12001
1649314800,123.84,123.84,123.61,123.74,17130
1649322000,123.741,123.867,123.666,123.818,12698
1649329200,123.818,123.998,123.808,123.985,21253
1649336400,123.986,124.004,123.822,123.917,22754
1649343600,123.917,123.961,123.756,123.919,14023
1649350800,123.918,124.002,123.867,123.959,7698
1649358000,123.96,124.002,123.927,123.97,5176
1649365200,123.949,124.228,123.939,124.129,4989
1649372400,124.13,124.182,123.72,123.8,16122
1649379600,123.801,123.946,123.667,123.927,12938
1649386800,123.928,123.992,123.899,123.978,7759
1649394000,123.979,124.098,123.924,124.069,11307
1649401200,124.071,124.15,124.012,124.103,15965
1649408400,124.102,124.122,124.041,124.098,11244
1649415600,124.098,124.403,124.096,124.398,14935
1649422800,124.398,124.677,124.352,124.399,25407
1649430000,124.402,124.409,124.269,124.388,10696
1649437200,124.387,124.43,124.344,124.369,7327
1649444400,124.367,124.4,124.277,124.283,2794
1649624400,124.059,124.373,124.025,124.345,4106
1649631600,124.345,124.641,124.284,124.593,12988
1649638800,124.589,125,124.52,124.879,21070
1649646000,124.877,124.942,124.815,124.922,11361
1649653200,124.923,125.436,124.892,125.427,20879
1649660400,125.428,125.431,125.126,125.33,21405
1649667600,125.329,125.541,125.243,125.473,15543
1649674800,125.472,125.771,125.446,125.557,20445
1649682000,125.559,125.614,125.408,125.527,21920
1649689200,125.529,125.587,125.408,125.512,11573
1649696400,125.513,125.608,125.45,125.452,7339
1649703600,125.453,125.473,125.349,125.393,6581
1649710800,125.364,125.487,125.354,125.474,7347
1649718000,125.473,125.564,125.11,125.47,18926
1649725200,125.47,125.565,125.345,125.44,17469
1649732400,125.441,125.463,125.201,125.354,10413
1649739600,125.353,125.756,125.339,125.701,18374
1649746800,125.702,125.725,125.46,125.63,20775
1649754000,125.631,125.712,125.541,125.593,14913
1649761200,125.592,125.602,124.765,124.931,24321
1649768400,124.942,125.339,124.902,125.177,31160
1649775600,125.18,125.295,125.052,125.238,17813
1649782800,125.239,125.325,125.156,125.283,12972
1649790000,125.284,125.404,125.258,125.4,5920
1649797200,125.356,125.405,125.313,125.392,4406
1649804400,125.393,125.64,125.349,125.591,14184
1649811600,125.593,125.652,125.525,125.582,13990
1649818800,125.582,125.612,125.461,125.606,8449
1649826000,125.605,126.227,125.56,126.135,21703
1649833200,126.134,126.318,125.951,126.043,24088
1649840400,126.043,126.213,126.006,126.045,15247
1649847600,126.045,126.069,125.62,125.901,26183
1649854800,125.903,125.962,125.685,125.726,26172
1649862000,125.725,125.763,125.372,125.595,17211
1649869200,125.594,125.629,125.49,125.614,12538
1649876400,125.614,125.71,125.601,125.654,5298
1649883600,125.618,125.707,125.516,125.594,11942
1649890800,125.596,125.606,125.21,125.508,15361
1649898000,125.509,125.542,125.229,125.341,17340
1649905200,125.341,125.359,125.102,125.275,13479
1649912400,125.276,125.467,125.181,125.278,14051
1649919600,125.278,125.427,125.083,125.389,19734
1649926800,125.393,125.445,125.25,125.254,13342
1649934000,125.254,125.592,125.197,125.533,22487
1649941200,125.536,126.015,125.475,125.891,34243
1649948400,125.892,125.99,125.815,125.933,19879
1649955600,125.934,125.99,125.883,125.989,7641
1649962800,125.987,125.987,125.871,125.886,4276
1649970000,125.864,125.966,125.86,125.955,5441
1649977200,125.953,126.36,125.945,126.307,28547
1649984400,126.308,126.552,126.234,126.446,32621
1649991600,126.447,126.447,126.359,126.375,25883
1649998800,126.373,126.68,126.329,126.569,28211
1650006000,126.569,126.605,126.412,126.485,24658
1650013200,126.481,126.495,126.42,126.435,28732
1650020400,126.434,126.535,126.425,126.475,27047
1650027600,126.475,126.536,126.449,126.475,21046
1650034800,126.475,126.479,126.308,126.387,16807
1650042000,126.388,126.421,126.349,126.365,14387
1650049200,126.365,126.486,126.323,126.36,17239
1650229200,126.398,126.731,126.348,126.532,8196
1650236400,126.533,126.791,126.504,126.565,19914
1650243600,126.562,126.639,126.24,126.593,18672
1650250800,126.592,126.696,126.563,126.643,10325
1650258000,126.643,126.672,126.581,126.621,9105
1650265200,126.621,126.691,126.448,126.63,10192
1650272400,126.631,126.641,126.57,126.613,6557
1650279600,126.615,126.667,126.435,126.522,12884
1650286800,126.523,126.674,126.465,126.654,18270
1650294000,126.654,126.969,126.645,126.966,12655
1650301200,126.966,126.982,126.864,126.979,8389
1650308400,126.979,126.999,126.92,126.995,4659
1650315600,126.985,127.125,126.972,127.088,8189
1650322800,127.088,127.359,126.989,127.312,16608
1650330000,127.311,127.806,127.264,127.734,21495
1650337200,127.733,128.237,127.615,128.145,21376
1650344400,128.144,128.326,128.067,128.219,19766
1650351600,128.219,128.459,127.781,128.308,30948
1650358800,128.309,128.443,128.207,128.345,19355
1650366000,128.344,128.498,128.07,128.462,21316
1650373200,128.462,128.847,128.451,128.832,30326
1650380400,128.831,128.914,128.505,128.753,17553
1650387600,128.753,128.821,128.702,128.757,9646
1650394800,128.753,128.975,128.726,128.887,6695
1650402000,128.889,129.405,128.878,129.3,13594
1650409200,129.299,129.403,129.091,129.292,23316
1650416400,129.289,129.378,128.545,128.773,39665
1650423600,128.766,128.766,128.058,128.554,31964
1650430800,128.554,128.747,128.489,128.666,18514
1650438000,128.66,128.706,128.353,128.403,25498
1650445200,128.404,128.459,127.603,127.771,26676
1650452400,127.77,128.279,127.677,128.103,23591
1650459600,128.102,128.155,127.458,127.682,33325
1650466800,127.683,127.9,127.617,127.887,14303
1650474000,127.889,127.918,127.661,127.781,14209
1650481200,127.784,127.877,127.713,127.877,6633
1650488400,127.875,128.225,127.768,127.963,8442
1650495600,127.962,128.477,127.865,128.153,21423
1650502800,128.153,128.613,128.109,128.611,21556
1650510000,128.61,128.636,128.246,128.365,17503
1650517200,128.367,128.386,127.911,128.01,22953
1650524400,128.009,128.272,127.868,128.062,23552
1650531600,128.064,128.167,127.806,128.056,14080
1650538800,128.056,128.376,128.036,128.131,19738
1650546000,128.136,128.577,128.082,128.523,25850
1650553200,128.523,128.708,128.38,128.598,18192
1650560400,128.598,128.598,128.066,128.255,19104
1650567600,128.252,128.385,128.197,128.385,7895
1650574800,128.357,128.483,128.312,128.327,6814
1650582000,128.327,128.664,128.262,128.621,20550
1650589200,128.619,128.69,128.476,128.606,19724
1650596400,128.605,128.683,128.055,128.191,23177
1650603600,128.19,128.213,127.738,127.921,26310
1650610800,127.916,128.33,127.866,128.266,23629
1650618000,128.265,128.528,128.207,128.454,19847
1650625200,128.453,128.488,128.261,128.441,17030
1650632400,128.442,128.595,128.136,128.379,30169
1650639600,128.373,129.108,128.362,128.888,28217
1650646800,128.886,128.886,128.433,128.586,15233
1650654000,128.586,128.597,128.467,128.539,5691
1650834000,128.535,128.855,128.411,128.74,8667
1650841200,128.74,128.81,128.482,128.755,21566
1650848400,128.758,128.869,128.241,128.319,27627
1650855600,128.32,128.548,128.278,128.523,15995
1650862800,128.524,128.598,128.016,128.089,23298
1650870000,128.091,128.338,127.882,128.121,33163
1650877200,128.121,128.266,127.992,128.167,21053
1650884400,128.167,128.498,128.003,128.162,30075
1650891600,128.163,128.279,127.611,127.861,37502
1650898800,127.861,127.902,127.524,127.694,24504
1650906000,127.691,128.031,127.691,128.03,15065
1650913200,128.031,128.139,127.892,128.136,8481
1650920400,128.134,128.224,127.937,127.985,10955
1650927600,127.986,128.067,127.349,127.597,25774
1650934800,127.597,127.824,127.387,127.806,26298
1650942000,127.803,128.18,127.772,128.105,22020
1650949200,128.104,128.202,127.725,127.881,23062
1650956400,127.883,128.054,127.714,127.869,30183
1650963600,127.869,127.932,127.682,127.717,19613
1650970800,127.717,127.728,127.182,127.215,24869
1650978000,127.214,127.374,127.025,127.177,30908
1650985200,127.181,127.544,127.122,127.525,20419
1650992400,127.525,127.637,127.422,127.58,14570
1650999600,127.581,127.683,127.201,127.209,9486
1651006800,127.223,127.266,126.947,127.101,10164
1651014000,127.101,127.626,127.1,127.549,21397
1651021200,127.546,127.79,127.36,127.79,22208
1651028400,127.79,127.827,127.603,127.65,17501
1651035600,127.651,128.102,127.485,127.938,21351
1651042800,127.937,128.01,127.733,127.962,28407
1651050000,127.962,127.997,127.794,127.92,18438
1651057200,127.92,128.196,127.893,128.07,28362
1651064400,128.071,128.326,127.911,128.316,34456
1651071600,128.316,128.59,128.222,128.275,21464
1651078800,128.274,128.359,128.2,128.339,15322
1651086000,128.341,128.448,128.238,128.423,9712
1651093200,128.421,128.553,128.34,128.52,7520
1651100400,128.521,128.845,128.352,128.82,20106
1651107600,128.822,128.896,128.644,128.685,21700
1651114800,128.685,129.904,128.624,129.847,36169
1651122000,129.847,130.665,129.783,130.53,36246
1651129200,130.532,130.957,129.965,130.928,39192
1651136400,130.927,131.013,130.177,130.396,35276
1651143600,130.393,130.939,130.277,130.811,40068
1651150800,130.808,131.254,130.579,131.021,43625
1651158000,131.022,131.128,130.717,130.965,25523
1651165200,130.966,131.133,130.811,130.9,17301
1651172400,130.896,130.944,130.783,130.84,9095
1651179600,130.826,130.957,130.798,130.894,4269
1651186800,130.901,130.904,130.54,130.574,13596
1651194000,130.574,130.8,130.37,130.741,18373
1651201200,130.741,130.75,130.461,130.537,12903
1651208400,130.536,130.566,130.173,130.249,22835
1651215600,130.251,130.365,129.768,130.105,35864
1651222800,130.103,130.497,130.048,130.098,29397
1651230000,130.096,130.376,129.837,130.086,35864
1651237200,130.086,130.382,129.463,129.65,40178
1651244400,129.649,129.873,129.369,129.675,25747
1651251600,129.674,129.698,129.317,129.444,19865
1651258800,129.445,129.923,129.433,129.868,12458
1651438800,129.752,130.3,129.752,130.138,8864
1651446000,130.14,130.151,129.614,130.064,27704
1651453200,130.065,130.238,129.956,130.146,20649
1651460400,130.148,130.4,130.123,130.386,17157
1651467600,130.387,130.478,130.25,130.308,19106
1651474800,130.31,130.315,129.92,130.044,24828
1651482000,130.043,130.114,129.824,129.879,23119
1651489200,129.879,130.157,129.699,130.122,22297
1651496400,130.123,130.242,129.956,130.23,31786
1651503600,130.232,130.35,130.076,130.174,20743
1651510800,130.176,130.234,130.081,130.141,13776
1651518000,130.14,130.257,130.125,130.184,8579
1651525200,130.152,130.212,130.086,130.149,5305
1651532400,130.15,130.216,129.856,129.912,11270
1651539600,129.915,130.058,129.899,129.996,11184
1651546800,129.998,130.168,129.961,130.132,9397
1651554000,130.132,130.225,130.059,130.132,13471
1651561200,130.135,130.291,130.045,130.116,23977
1651568400,130.117,130.19,130.047,130.081,19657
1651575600,130.082,130.126,129.739,129.884,25255
1651582800,129.886,130.04,129.698,129.928,29358
1651590000,129.928,130.198,129.857,130.17,21807
1651597200,130.171,130.205,130.059,130.188,13466
1651604400,130.189,130.194,130.114,130.141,7309
1651611600,130.106,130.162,130.039,130.107,3666
1651618800,130.11,130.207,130.071,130.144,7334
1651626000,130.143,130.171,130.074,130.102,7966
1651633200,130.102,130.158,130.091,130.15,6640
1651640400,130.151,130.187,130.117,130.134,10269
1651647600,130.135,130.175,129.978,130.048,20322
1651654800,130.049,130.095,129.961,129.971,18132
1651662000,129.969,130.042,129.787,129.872,20740
1651669200,129.874,130.127,129.801,129.997,25548
1651676400,129.997,130.058,129.885,130.005,19046
1651683600,130.006,130.343,128.625,128.779,47282
1651690800,128.783,129.302,128.667,129.084,34865
1651698000,129.05,129.549,129.05,129.53,9285
1651705200,129.53,129.542,129.056,129.1,17861
1651712400,129.099,129.179,128.754,129.066,22794
1651719600,129.074,129.286,129.074,129.259,12110
1651726800,129.263,129.644,129.235,129.619,18998
1651734000,129.613,129.827,129.466,129.702,29816
1651741200,129.702,129.764,129.539,129.719,19878
1651748400,129.718,130.008,129.681,129.902,35983
1651755600,129.9,130.335,129.859,130.243,38758
1651762800,130.243,130.559,130.211,130.416,29218
1651770000,130.418,130.547,130.334,130.395,20512
1651777200,130.395,130.395,129.983,130.186,16894
1651784400,130.153,130.286,130.098,130.105,6826
1651791600,130.106,130.538,130.095,130.486,19206
1651798800,130.485,130.81,130.365,130.633,28970
1651806000,130.632,130.654,130.417,130.566,15434
1651813200,130.563,130.696,130.497,130.623,16584
1651820400,130.621,130.628,130.33,130.444,34606
1651827600,130.441,130.537,130.239,130.256,21791
1651834800,130.257,130.707,130.145,130.663,30370
1651842000,130.658,130.663,130.195,130.409,43441
1651849200,130.414,130.431,130.215,130.428,24102
1651856400,130.428,130.585,130.414,130.584,20704
1651863600,130.59,130.635,130.497,130.557,9766
1652043600,130.495,130.788,130.459,130.68,6528
1652050800,130.681,130.958,130.637,130.848,20556
1652058000,130.847,130.947,130.674,130.863,21458
1652065200,130.863,131.069,130.852,130.999,14318
1652072400,131,131.348,131,131.273,18434
1652079600,131.274,131.279,131.037,131.193,29207
1652086800,131.195,131.247,131.062,131.107,24079
1652094000,131.108,131.161,130.49,130.722,31180
1652101200,130.725,130.894,130.48,130.538,32422
1652108400,130.534,130.549,130.112,130.297,28106
1652115600,130.298,130.437,130.241,130.309,16828
1652122800,130.308,130.352,130.178,130.329,11744
1652130000,130.199,130.575,130.195,130.472,9997
1652137200,130.472,130.478,129.945,130.038,28797
1652144400,130.038,130.473,129.798,130.39,32680
1652151600,130.392,130.499,130.174,130.464,16892
1652158800,130.464,130.549,130.303,130.456,20845
1652166000,130.457,130.463,129.97,130.075,26581
1652173200,130.075,130.263,130.036,130.084,21554
1652180400,130.083,130.286,129.863,129.976,27411
1652187600,129.975,130.234,129.941,130.222,31583
1652194800,130.221,130.457,130.088,130.247,24717
1652202000,130.247,130.439,130.206,130.414,20528
1652209200,130.416,130.461,130.357,130.435,8721
1652216400,130.438,130.449,130.278,130.355,9351
1652223600,130.356,130.468,130.226,130.347,19871
1652230800,130.346,130.435,130.323,130.351,16929
1652238000,130.351,130.494,130.314,130.341,14909
1652245200,130.341,130.39,130.192,130.226,16305
1652252400,130.224,130.224,129.809,129.861,29763
1652259600,129.862,129.903,129.588,129.843,23597
1652266800,129.844,130.803,129.635,130.752,34691
1652274000,130.755,130.812,129.95,130.251,51598
1652281200,130.248,130.317,129.891,129.931,28686
1652288400,129.931,129.932,129.445,129.758,30035
1652295600,129.758,130.065,129.746,129.972,12637
1652302800,129.875,130.055,129.775,129.913,8479
1652310000,129.912,129.953,129.507,129.74,28740
1652317200,129.74,129.909,129.674,129.783,25852
1652324400,129.788,129.855,129.688,129.783,18567
1652331600,129.786,129.799,129.196,129.306,28030
1652338800,129.309,129.315,128.403,128.549,50392
1652346000,128.55,128.849,128.504,128.687,33001
1652353200,128.686,128.741,127.967,128.114,39384
1652360400,128.11,128.253,127.518,128.12,47389
1652367600,128.119,128.412,128.086,128.403,28767
1652374800,128.4,128.4,128.078,128.101,22430
1652382000,128.1,128.457,128.1,128.313,13082
1652389200,128.291,128.599,128.26,128.491,13912
1652396400,128.491,128.922,128.349,128.823,23717
1652403600,128.822,129.357,128.788,128.826,28355
1652410800,128.828,129.149,128.815,128.944,21336
1652418000,128.944,128.981,128.586,128.676,22094
1652425200,128.676,128.927,128.49,128.805,32485
1652432400,128.806,128.999,128.738,128.962,19370
1652439600,128.961,129.111,128.866,129.016,22878
1652446800,129.015,129.455,128.928,129.353,35893
1652454000,129.351,129.385,129.155,129.37,16387
1652461200,129.373,129.43,129.204,129.342,16571
1652468400,129.343,129.359,129.258,129.26,6068
1652648400,129.242,129.49,129.166,129.415,10240
1652655600,129.415,129.638,129.329,129.483,14988
1652662800,129.482,129.537,128.705,128.989,26184
1652670000,128.99,129.043,128.724,129.017,15408
1652677200,129.016,129.079,128.855,128.886,15671
1652684400,128.889,129.471,128.796,129.377,24306
1652691600,129.377,129.421,129.232,129.311,13826
1652698800,129.31,129.616,129.167,129.299,19381
1652706000,129.298,129.331,128.984,129.075,26220
1652713200,129.075,129.171,129.021,129.048,13460
1652720400,129.048,129.404,129.04,129.101,12993
1652727600,129.103,129.149,129.012,129.135,7826
1652734800,129.133,129.145,128.956,129.018,8544
1652742000,129.015,129.286,128.831,129.204,17472
1652749200,129.201,129.356,129.102,129.252,18835
1652756400,129.253,129.45,129.241,129.396,16131
1652763600,129.397,129.413,129.2,129.268,13669
1652770800,129.267,129.561,129.252,129.371,21800
1652778000,129.371,129.376,129.211,129.336,18676
1652785200,129.335,129.597,129.189,129.579,22515
1652792400,129.575,129.781,129.071,129.292,29765
1652799600,129.292,129.386,129.233,129.357,14915
1652806800,129.356,129.45,129.181,129.415,20128
1652814000,129.417,129.47,129.342,129.348,11023
1652821200,129.392,129.444,129.339,129.411,7250
1652828400,129.412,129.536,129.225,129.247,16431
1652835600,129.247,129.345,129.086,129.173,19836
1652842800,129.172,129.19,128.943,129.098,15181
1652850000,129.099,129.282,129.023,129.229,16844
1652857200,129.231,129.347,129.138,129.222,20558
1652864400,129.223,129.242,129.061,129.163,13376
1652871600,129.163,129.248,128.866,128.9,18847
1652878800,128.902,128.925,128.465,128.484,31159
1652886000,128.485,128.498,128.12,128.337,24816
1652893200,128.336,128.34,128.008,128.101,16666
1652900400,128.102,128.277,128.08,128.241,10445
1652907600,128.204,128.477,128.134,128.3,12084
1652914800,128.301,128.481,127.898,128.37,24024
1652922000,128.375,128.72,128.374,128.691,19935
1652929200,128.691,128.944,128.683,128.834,17819
1652936400,128.834,128.888,128.458,128.574,21714
1652943600,128.575,128.624,127.81,127.855,37503
1652950800,127.856,127.951,127.579,127.73,26660
1652958000,127.73,127.973,127.09,127.186,29064
1652965200,127.187,127.466,127.026,127.369,48289
1652972400,127.364,127.738,127.346,127.6,28147
1652979600,127.601,127.732,127.557,127.727,21624
1652986800,127.729,127.839,127.668,127.828,10852
1652994000,127.653,127.837,127.653,127.739,9616
1653001200,127.738,128.002,127.67,127.769,19155
1653008400,127.768,128.213,127.692,128.06,19837
1653015600,128.059,128.061,127.529,127.768,18836
1653022800,127.766,127.965,127.643,127.75,21103
1653030000,127.75,128.108,127.726,128.087,25514
1653037200,128.088,128.299,127.991,128.024,18571
1653044400,128.025,128.103,127.731,127.786,21630
1653051600,127.786,128.246,127.782,127.998,35824
1653058800,127.997,128.047,127.612,127.701,24424
1653066000,127.703,127.892,127.589,127.796,19808
1653073200,127.794,127.931,127.702,127.925,10597
1653253200,127.877,128.059,127.774,127.96,5031
1653260400,127.96,127.96,127.636,127.711,15123
1653267600,127.71,127.792,127.153,127.348,21236
1653274800,127.347,127.466,127.202,127.429,12851
1653282000,127.429,127.931,127.424,127.764,21333
1653289200,127.761,127.774,127.415,127.559,26611
1653296400,127.559,127.584,127.364,127.533,19402
1653303600,127.533,127.885,127.452,127.825,20457
1653310800,127.824,127.842,127.477,127.661,28450
1653318000,127.662,127.941,127.644,127.847,21166
1653325200,127.847,127.918,127.737,127.896,9766
1653332400,127.895,127.944,127.825,127.891,5342
1653339600,127.892,127.902,127.735,127.851,10073
1653346800,127.852,127.877,127.629,127.808,16460
1653354000,127.807,128.086,127.656,127.778,19008
1653361200,127.779,127.808,127.558,127.655,11123
1653368400,127.656,127.743,127.485,127.606,18635
1653375600,127.607,127.637,127.191,127.436,28384
1653382800,127.432,127.525,127.084,127.456,19201
1653390000,127.456,127.522,127.196,127.231,20926
1653397200,127.234,127.276,126.362,126.513,45295
1653404400,126.517,126.696,126.48,126.569,24164
1653411600,126.567,126.875,126.52,126.81,17493
1653418800,126.81,126.896,126.769,126.857,8114
1653426000,126.798,126.891,126.762,126.815,7615
1653433200,126.811,126.983,126.656,126.899,18843
1653440400,126.899,127.064,126.791,127.026,22338
1653447600,127.026,127.218,126.944,126.948,13666
1653454800,126.948,127.058,126.837,126.988,16870
1653462000,126.99,127.296,126.933,127.057,25531
1653469200,127.058,127.158,126.95,127.153,14619
1653476400,127.153,127.184,126.8,127.056,24269
1653483600,127.057,127.442,127.042,127.364,30514
1653490800,127.369,127.473,127.203,127.467,17808
1653498000,127.468,127.496,127.231,127.299,21725
1653505200,127.301,127.355,127.251,127.3,11791
1653512400,127.258,127.288,127.204,127.217,9076
1653519600,127.217,127.513,127.119,127.458,18229
1653526800,127.457,127.582,127.252,127.376,19562
1653534000,127.377,127.572,127.333,127.357,14779
1653541200,127.355,127.442,127.152,127.18,17587
1653548400,127.179,127.183,126.552,126.686,30286
1653555600,126.683,126.828,126.569,126.764,18838
1653562800,126.762,127.284,126.738,127.18,28233
1653570000,127.181,127.345,127.005,127.326,29032
1653577200,127.322,127.424,127.218,127.358,16115
1653584400,127.357,127.373,127.174,127.181,10416
1653591600,127.18,127.184,127.033,127.083,10787
1653598800,127.106,127.191,127.041,127.058,10223
1653606000,127.062,127.192,126.905,127.005,15301
1653613200,127.004,127.169,126.678,126.691,22985
1653620400,126.692,126.888,126.679,126.818,11433
1653627600,126.817,127.028,126.725,127.012,13502
1653634800,127.011,127.198,126.963,127.042,23557
1653642000,127.042,127.144,127.012,127.1,13317
1653649200,127.095,127.11,126.829,127.032,22173
1653656400,127.039,127.139,126.812,127.117,25368
1653663600,127.115,127.255,127.058,127.139,15390
1653670800,127.143,127.169,127.072,127.096,6861
1653678000,127.094,127.145,127.023,127.113,3780
1653858000,127.002,127.213,126.983,127.196,2211
1653865200,127.195,127.344,126.965,127.053,12684
1653872400,127.054,127.134,126.86,126.994,16252
1653879600,126.996,127.037,126.936,127.001,9116
1653886800,127.002,127.22,126.959,127.117,12462
1653894000,127.118,127.39,127.096,127.292,20462
1653901200,127.292,127.433,127.249,127.379,12526
1653908400,127.379,127.826,127.344,127.733,19744
1653915600,127.73,127.77,127.579,127.627,18041
1653922800,127.628,127.646,127.434,127.547,9557
1653930000,127.548,127.556,127.515,127.526,4224
1653937200,127.525,127.614,127.513,127.609,9870
1653944400,127.522,127.641,127.515,127.619,3958
1653951600,127.62,128.27,127.61,128.196,21596
1653958800,128.195,128.341,128.012,128.152,20432
1653966000,128.151,128.159,127.945,128.007,13579
1653973200,128.007,128.072,127.695,128.045,19785
1653980400,128.044,128.044,127.634,127.923,31184
1653987600,127.924,128.104,127.84,127.977,21718
1653994800,127.979,128.676,127.966,128.662,29907
1654002000,128.662,128.893,128.467,128.646,38267
1654009200,128.647,128.659,128.502,128.55,19758
1654016400,128.55,128.658,128.466,128.639,13971
1654023600,128.64,128.777,128.633,128.703,9755
1654030800,128.632,128.764,128.632,128.759,4255
1654038000,128.76,128.958,128.646,128.92,15335
1654045200,128.919,129.187,128.869,129.043,20022
1654052400,129.041,129.251,128.976,129.227,12904
1654059600,129.226,129.407,129.159,129.388,18259
1654066800,129.386,129.545,129.228,129.482,25424
1654074000,129.48,129.492,129.288,129.429,15413
1654081200,129.427,129.613,129.306,129.327,23561
1654088400,129.328,129.987,129.206,129.946,36691
1654095600,129.946,130.135,129.891,130.132,22224
1654102800,130.133,130.185,130.058,130.126,16077
1654110000,130.126,130.188,130.119,130.162,8225
1654117200,130.099,130.195,130.084,130.118,7598
1654124400,130.117,130.241,129.887,130.039,18507
1654131600,130.039,130.143,129.894,130.135,17601
1654138800,130.136,130.14,129.989,130.056,11657
1654146000,130.055,130.09,129.824,129.849,14910
1654153200,129.844,129.966,129.768,129.893,13041
1654160400,129.891,129.907,129.688,129.724,13202
1654167600,129.725,129.764,129.513,129.646,24865
1654174800,129.645,130.041,129.638,129.842,32340
1654182000,129.844,129.867,129.695,129.781,13956
1654189200,129.782,129.882,129.773,129.859,11295
1654196400,129.86,129.903,129.836,129.9,6635
1654203600,129.792,129.903,129.79,129.882,6158
1654210800,129.881,130.04,129.698,129.755,14090
1654218000,129.756,129.874,129.689,129.801,16517
1654225200,129.801,129.894,129.733,129.848,11098
1654232400,129.848,129.951,129.801,129.937,9866
1654239600,129.933,130.054,129.835,129.972,14682
1654246800,129.973,130.196,129.972,130.145,17804
1654254000,130.144,130.651,130.073,130.496,25192
1654261200,130.493,130.737,130.393,130.707,31093
1654268400,130.706,130.98,130.683,130.81,15038
1654275600,130.809,130.921,130.803,130.836,12253
1654282800,130.836,130.882,130.801,130.82,4113
1654462800,130.857,130.997,130.801,130.819,5730
1654470000,130.82,130.875,130.663,130.832,17467
1654477200,130.832,130.832,130.531,130.604,20575
1654484400,130.605,130.674,130.431,130.661,15792
1654491600,130.66,130.741,130.485,130.494,17472
1654498800,130.493,130.827,130.468,130.752,22120
1654506000,130.752,130.787,130.617,130.64,11441
1654513200,130.639,130.865,130.616,130.793,14541
1654520400,130.792,131.447,130.782,131.329,22247
1654527600,131.33,131.685,131.329,131.673,18271
1654534800,131.673,132.009,131.673,132.003,11571
1654542000,132.004,132.013,131.839,131.89,7300
1654549200,131.865,132.038,131.859,131.933,8673
1654556400,131.935,132.337,131.92,132.224,23476
1654563600,132.228,132.755,132.228,132.592,24024
1654570800,132.591,132.948,132.529,132.945,17696
1654578000,132.943,133,132.581,132.755,23851
1654585200,132.758,132.83,132.547,132.748,27961
1654592400,132.747,132.857,132.616,132.853,17932
1654599600,132.851,132.896,132.557,132.796,24579
1654606800,132.797,132.853,132.319,132.48,31119
1654614000,132.482,132.655,132.356,132.589,15370
1654621200,132.589,132.672,132.473,132.554,13617
1654628400,132.554,132.673,132.535,132.631,8140
1654635600,132.573,132.71,132.573,132.683,5598
1654642800,132.684,133.115,132.679,133.07,17156
1654650000,133.071,133.217,132.885,133.018,21858
1654657200,133.017,133.298,132.916,133.251,16713
1654664400,133.252,133.386,132.945,133.305,22947
1654671600,133.306,133.866,133.232,133.839,30502
1654678800,133.838,134.131,133.678,134.003,24574
1654686000,134.003,134.474,133.813,134.294,32343
1654693200,134.292,134.349,133.604,133.84,39162
1654700400,133.841,134.152,133.728,134.057,21427
1654707600,134.058,134.214,133.957,134.176,15819
1654714800,134.175,134.302,134.105,134.25,8796
1654722000,134.231,134.411,134.137,134.394,5685
1654729200,134.393,134.556,134.266,134.273,21604
1654736400,134.276,134.465,134.123,134.274,21371
1654743600,134.276,134.312,133.824,134.174,18532
1654750800,134.174,134.174,133.647,133.871,24373
1654758000,133.871,133.884,133.386,133.643,29631
1654765200,133.643,133.703,133.185,133.311,20216
1654772400,133.311,134.021,133.288,133.786,40586
1654779600,133.786,134.307,133.603,134.302,44829
1654786800,134.305,134.312,133.939,134.157,23015
1654794000,134.158,134.308,134.034,134.283,15540
1654801200,134.279,134.447,134.261,134.372,10374
1654808400,134.317,134.47,134.283,134.453,7259
1654815600,134.451,134.476,133.97,134.006,21439
1654822800,134.007,134.282,133.917,134.074,21614
1654830000,134.075,134.224,134.007,134.21,12256
1654837200,134.209,134.212,133.635,133.851,23504
1654844400,133.854,133.91,133.364,133.858,28057
1654851600,133.86,134.007,133.713,133.769,18449
1654858800,133.767,134.389,133.519,133.956,31186
1654866000,133.959,134.29,133.757,134.238,44436
1654873200,134.238,134.334,134.101,134.314,22199
1654880400,134.312,134.384,134.217,134.363,16959
1654887600,134.363,134.482,134.348,134.363,8217
1655067600,134.33,134.73,134.33,134.669,9381
1655074800,134.669,134.997,134.586,134.963,23401
1655082000,134.964,135,134.683,134.824,24635
1655089200,134.825,135.198,134.781,135.022,18998
1655096400,135.023,135.133,134.479,134.669,29755
1655103600,134.669,134.786,134.137,134.333,35663
1655110800,134.336,134.654,134.295,134.452,21132
1655118000,134.456,134.701,133.875,134.043,36791
1655125200,134.041,134.086,133.595,133.883,39994
1655132400,133.879,134.275,133.839,134.189,27815
1655139600,134.189,134.307,133.941,134.295,18076
1655146800,134.297,134.667,134.238,134.403,31571
1655154000,134.429,134.522,134.289,134.313,8240
1655161200,134.313,134.396,133.874,134.153,25087
1655168400,134.154,134.45,134.085,134.275,32959
1655175600,134.276,134.821,134.13,134.602,29719
1655182800,134.599,134.784,134.466,134.662,31397
1655190000,134.665,134.669,134.014,134.184,36257
1655197200,134.183,134.325,134.101,134.226,28155
1655204400,134.226,134.606,134.223,134.581,36844
1655211600,134.582,134.668,134.247,134.616,37688
1655218800,134.615,135.003,134.586,134.981,33776
1655226000,134.982,135.248,134.743,135.248,23158
1655233200,135.282,135.461,135.136,135.457,17435
1655240400,135.446,135.583,135.32,135.414,9647
1655247600,135.418,135.418,134.87,135.018,23382
1655254800,135.018,135.296,134.991,135.125,26831
1655262000,135.125,135.156,134.988,135.071,17429
1655269200,135.072,135.109,134.523,134.693,37321
1655276400,134.691,134.814,134.491,134.527,38645
1655283600,134.526,134.645,134.295,134.401,30292
1655290800,134.403,134.814,134.384,134.702,40283
1655298000,134.704,134.834,134.396,134.571,32068
1655305200,134.57,134.655,134.432,134.477,19223
1655312400,134.476,134.956,133.806,134.128,48701
1655319600,134.125,134.193,133.504,133.822,35408
1655326800,133.8,134.225,133.642,134.197,11190
1655334000,134.199,134.296,133.947,134.247,25689
1655341200,134.247,134.678,134.245,134.477,26294
1655348400,134.479,134.482,134.221,134.41,17494
1655355600,134.41,134.505,134.18,134.439,24332
1655362800,134.439,134.644,133.117,133.222,46268
1655370000,133.217,133.392,132.316,133.067,49549
1655377200,133.074,133.252,132.474,132.793,49395
1655384400,132.793,132.903,132.5,132.562,45257
1655391600,132.565,132.703,131.493,131.811,42921
1655398800,131.809,132.283,131.749,131.993,30685
1655406000,131.993,132.239,131.86,132.235,18452
1655413200,132.156,132.707,132.155,132.597,14914
1655420400,132.598,133.292,132.175,133.218,34521
1655427600,133.219,134.644,132.311,133.702,45005
1655434800,133.705,134.307,133.519,133.84,39398
1655442000,133.836,134.484,133.79,134.35,36500
1655449200,134.341,134.603,133.929,134.519,47885
1655456400,134.519,134.916,134.416,134.675,36306
1655463600,134.676,134.796,134.265,134.58,40256
1655470800,134.58,135.298,134.435,135.281,45621
1655478000,135.284,135.425,134.957,135.142,27589
1655485200,135.141,135.142,134.853,134.984,19492
1655492400,134.989,135.021,134.871,134.945,8771
1655672400,134.933,135.293,134.918,135.2,8768
1655679600,135.202,135.441,135.13,135.177,28355
1655686800,135.181,135.274,134.664,134.77,36744
1655694000,134.771,134.969,134.751,134.956,21872
1655701200,134.954,135.103,134.784,134.846,28400
1655708400,134.844,134.893,134.533,134.767,29543
1655715600,134.765,134.946,134.662,134.887,21966
1655722800,134.887,134.987,134.851,134.937,19231
1655730000,134.941,135.149,134.872,134.959,25663
1655737200,134.959,135.094,134.959,135.058,11877
1655744400,135.057,135.145,135.056,135.131,3614
1655751600,135.129,135.13,135.019,135.067,4633
1655758800,135.022,135.207,135.017,135.106,7788
1655766000,135.109,135.214,134.923,135.098,28014
1655773200,135.099,135.186,134.978,135.04,24160
1655780400,135.04,135.145,134.969,135.124,19880
1655787600,135.123,135.272,135.013,135.145,20928
1655794800,135.144,135.508,135.073,135.307,29698
1655802000,135.307,135.838,135.25,135.801,22348
1655809200,135.803,136.337,135.693,136.234,39880
1655816400,136.234,136.309,136.02,136.139,36563
1655823600,136.137,136.396,136.096,136.388,22134
1655830800,136.39,136.625,136.354,136.529,16438
1655838000,136.528,136.707,136.482,136.659,10640
1655845200,136.588,136.712,136.369,136.512,10783
1655852400,136.513,136.586,136.242,136.418,27243
1655859600,136.422,136.423,136.076,136.102,30997
1655866800,136.102,136.346,136.05,136.219,22267
1655874000,136.22,136.627,136.144,136.489,22845
1655881200,136.488,136.488,136.117,136.253,36599
1655888400,136.252,136.304,135.818,136.111,28852
1655895600,136.109,136.241,135.747,135.8,37870
1655902800,135.799,136.193,135.684,135.844,48853
1655910000,135.845,136.243,135.753,136.237,25171
1655917200,136.238,136.304,136.104,136.271,16694
1655924400,136.27,136.272,136.133,136.228,8170
1655931600,136.22,136.22,136.043,136.149,12896
1655938800,136.146,136.198,135.868,136.074,23229
1655946000,136.077,136.077,135.126,135.322,38773
1655953200,135.321,135.546,135.262,135.437,26289
1655960400,135.436,135.876,135.371,135.798,27661
1655967600,135.799,135.856,135.302,135.437,42136
1655974800,135.437,135.566,135.251,135.374,28786
1655982000,135.374,135.646,134.875,134.956,34499
1655989200,134.958,134.994,134.267,134.466,54082
1655996400,134.468,134.856,134.432,134.77,36985
1656003600,134.768,134.991,134.684,134.957,21904
1656010800,134.957,134.991,134.906,134.964,9192
1656018000,134.923,134.97,134.759,134.878,7987
1656025200,134.879,135.228,134.655,135.114,25871
1656032400,135.113,135.139,134.704,134.824,25720
1656039600,134.823,134.876,134.549,134.795,21635
1656046800,134.797,134.891,134.549,134.552,23256
1656054000,134.552,134.989,134.35,134.914,38904
1656061200,134.913,135.172,134.812,135.094,26244
1656068400,135.092,135.3,134.985,135.132,32277
1656075600,135.129,135.274,134.715,135.23,48562
1656082800,135.226,135.251,135.032,135.165,26588
1656090000,135.163,135.399,135.122,135.231,14476
1656097200,135.231,135.297,135.165,135.196,9076
1656277200,135.074,135.182,135.05,135.11,4771
1656284400,135.111,135.219,134.595,134.632,31013
1656291600,134.632,134.921,134.523,134.912,36632
1656298800,134.916,134.931,134.686,134.7,17229
1656306000,134.7,135.155,134.664,135.15,23957
1656313200,135.149,135.172,134.939,134.973,27334
1656320400,134.973,135.271,134.952,135.228,23897
1656327600,135.229,135.551,135.224,135.418,31902
1656334800,135.423,135.455,135.012,135.17,39780
1656342000,135.172,135.36,135.075,135.356,26145
1656349200,135.356,135.487,135.318,135.428,19805
1656356400,135.429,135.49,135.37,135.469,11120
1656363600,135.434,135.451,135.329,135.331,8935
1656370800,135.331,135.592,135.296,135.442,20732
1656378000,135.444,135.496,135.111,135.255,29699
1656385200,135.256,135.346,135.227,135.342,17010
1656392400,135.343,135.666,135.293,135.595,28891
1656399600,135.593,135.836,135.564,135.682,32928
1656406800,135.681,136.195,135.677,136.149,29616
1656414000,136.149,136.321,135.907,136.273,36507
1656421200,136.268,136.309,136.094,136.255,39953
1656428400,136.255,136.312,136.05,136.199,24824
1656435600,136.196,136.384,136.111,136.31,21941
1656442800,136.308,136.312,136.125,136.164,12773
1656450000,136.036,136.219,136.034,136.124,7551
1656457200,136.124,136.197,135.944,135.999,25971
1656464400,136.001,136.139,135.894,136.105,27544
1656471600,136.105,136.276,135.964,136.045,24248
1656478800,136.046,136.162,135.786,135.948,31869
1656486000,135.951,136.225,135.772,136.178,42242
1656493200,136.179,136.587,136.123,136.502,33935
1656500400,136.504,136.616,136.339,136.577,32547
1656507600,136.574,137.001,136.481,136.812,45790
1656514800,136.813,136.838,136.34,136.594,30758
1656522000,136.592,136.595,136.479,136.529,19869
1656529200,136.532,136.673,136.505,136.594,15449
1656536400,136.576,136.655,136.45,136.551,13630
1656543600,136.55,136.811,136.477,136.586,29841
1656550800,136.586,136.691,136.533,136.595,30420
1656558000,136.594,136.648,136.492,136.512,19412
1656565200,136.513,136.541,136.153,136.345,32169
1656572400,136.345,136.38,135.964,136.234,37102
1656579600,136.234,136.403,136.139,136.364,24642
1656586800,136.366,136.443,135.979,136.142,34093
1656594000,136.141,136.205,135.71,135.854,41347
1656601200,135.848,135.93,135.566,135.668,29905
1656608400,135.669,135.701,135.558,135.565,18584
1656615600,135.563,135.767,135.552,135.71,13995
1656622800,135.696,135.793,135.637,135.733,9118
1656630000,135.733,135.986,135.73,135.956,22485
1656637200,135.956,135.958,135.23,135.311,30054
1656644400,135.313,135.37,134.979,135.087,36103
1656651600,135.087,135.091,134.744,134.926,36091
1656658800,134.921,135.686,134.85,135.507,35420
1656666000,135.509,135.666,135.28,135.354,30937
1656673200,135.356,135.386,135.036,135.273,37595
1656680400,135.275,135.552,134.788,135.124,51614
1656687600,135.123,135.38,134.996,135.279,32476
1656694800,135.279,135.395,135.203,135.263,17108
1656702000,135.263,135.326,135.17,135.259,4893
1656882000,135.257,135.316,135.124,135.142,6374
1656889200,135.142,135.255,134.873,134.917,27146
1656896400,134.917,135.139,134.783,135.011,34091
1656903600,135.011,135.178,135.007,135.119,17743
1656910800,135.126,135.522,135.113,135.42,26736
1656918000,135.421,135.488,135.249,135.33,26933
1656925200,135.33,135.545,135.323,135.388,16794
1656932400,135.386,135.454,135.258,135.404,17364
1656939600,135.407,135.748,135.397,135.734,20571
1656946800,135.733,135.776,135.659,135.699,13780
1656954000,135.699,135.715,135.677,135.702,6611
1656961200,135.701,135.727,135.653,135.658,7635
1656968400,135.6,135.835,135.546,135.716,13737
1656975600,135.715,136.149,135.711,136.047,21610
1656982800,136.046,136.363,135.981,136.174,22567
1656990000,136.174,136.306,136.076,136.25,16176
1656997200,136.251,136.325,136.092,136.243,18832
1657004400,136.242,136.296,135.556,135.845,38915
1657011600,135.845,135.99,135.553,135.989,27983
1657018800,135.989,136.205,135.671,135.846,35460
1657026000,135.846,136.111,135.583,136.027,47578
1657033200,136.03,136.03,135.523,135.744,31474
1657040400,135.744,135.792,135.626,135.647,17031
1657047600,135.645,135.921,135.636,135.888,9888
1657054800,135.737,135.881,135.693,135.718,7750
1657062000,135.718,135.766,135.424,135.656,27377
1657069200,135.654,135.665,135.136,135.174,31684
1657076400,135.172,135.499,135.129,135.335,20708
1657083600,135.336,135.475,135.023,135.392,32601
1657090800,135.393,135.695,135.065,135.21,39111
1657098000,135.211,135.49,135.159,135.389,30266
1657105200,135.387,135.502,134.953,135.15,37060
1657112400,135.158,136.007,134.963,135.671,53550
1657119600,135.67,135.825,135.528,135.749,29410
1657126800,135.747,135.977,135.555,135.964,26367
1657134000,135.966,136.003,135.838,135.924,12367
1657141200,135.917,135.944,135.781,135.883,10917
1657148400,135.885,136.128,135.753,135.764,24089
1657155600,135.765,135.825,135.55,135.76,30140
1657162800,135.76,135.806,135.602,135.68,15634
1657170000,135.682,136.001,135.672,135.845,25988
1657177200,135.846,136.223,135.741,136.126,35712
1657184400,136.125,136.211,135.836,135.843,25816
1657191600,135.842,135.924,135.563,135.908,32690
1657198800,135.908,135.964,135.671,135.947,32673
1657206000,135.946,136.045,135.874,136.036,19480
1657213200,136.037,136.107,135.978,136.106,10120
1657220400,136.105,136.109,135.985,135.985,5427
1657227600,135.99,136.062,135.971,135.996,4284
1657234800,135.996,136.151,135.888,135.956,16087
1657242000,135.952,136.08,135.411,135.592,30018
1657249200,135.593,135.802,135.329,135.47,37348
1657256400,135.472,135.767,135.439,135.743,26760
1657263600,135.744,135.903,135.52,135.732,36675
1657270800,135.734,135.979,135.679,135.9,24254
1657278000,135.899,136.566,135.797,136.421,35887
1657285200,136.422,136.515,135.865,136.053,43672
1657292400,136.052,136.197,135.938,136.167,22196
1657299600,136.17,136.199,136.137,136.19,11429
1657306800,136.192,136.194,136.039,136.109,5351
1657486800,135.96,136.199,135.938,136.174,3839
1657494000,136.175,136.479,136.169,136.462,19495
1657501200,136.456,137.278,136.442,137.032,34947
1657508400,137.032,137.086,136.878,136.988,18364
1657515600,136.99,137.153,136.901,136.985,25893
1657522800,136.983,136.986,136.708,136.969,30798
1657530000,136.968,137.106,136.943,137.084,20085
1657537200,137.083,137.69,137.046,137.589,27289
1657544400,137.59,137.751,137.309,137.447,34798
1657551600,137.449,137.482,137.275,137.4,20837
1657558800,137.401,137.424,137.29,137.293,16878
1657566000,137.293,137.457,137.256,137.417,8943
1657573200,137.427,137.436,137.31,137.347,7195
1657580400,137.347,137.446,137.142,137.227,21857
1657587600,137.225,137.346,137.029,137.136,32016
1657594800,137.135,137.338,137.11,137.291,18871
1657602000,137.291,137.532,137.179,137.372,28278
1657609200,137.371,137.447,137.128,137.214,32176
1657616400,137.211,137.233,136.797,136.847,27465
1657623600,136.843,136.865,136.623,136.666,35713
1657630800,136.666,136.727,136.473,136.648,39889
1657638000,136.643,136.754,136.574,136.681,22781
1657645200,136.679,136.795,136.665,136.757,16557
1657652400,136.758,136.876,136.744,136.859,9160
1657659600,136.863,136.893,136.751,136.857,9064
1657666800,136.858,137.045,136.691,136.929,22115
1657674000,136.928,137.255,136.928,137.081,26244
1657681200,137.08,137.179,136.993,137.045,20260
1657688400,137.045,137.214,136.932,137.205,24395
1657695600,137.206,137.25,137.032,137.158,28807
1657702800,137.157,137.199,136.98,137.015,17843
1657710000,137.016,137.722,136.988,137.586,37146
1657717200,137.582,137.864,137.096,137.151,53663
1657724400,137.151,137.394,137.12,137.219,28069
1657731600,137.219,137.35,137.121,137.329,26077
1657738800,137.326,137.441,137.293,137.44,8099
1657746000,137.44,137.452,137.238,137.43,11565
1657753200,137.431,137.97,137.415,137.921,22694
1657760400,137.917,138.125,137.766,138.019,32442
1657767600,138.018,138.285,137.92,138.236,20006
1657774800,138.237,138.786,138.231,138.772,27883
1657782000,138.771,139.389,138.714,139.074,36344
1657789200,139.076,139.085,138.602,139.063,28247
1657796400,139.062,139.227,138.734,139.136,35817
1657803600,139.136,139.379,139.02,139.246,41682
1657810800,139.244,139.275,138.706,138.948,39409
1657818000,138.944,138.992,138.723,138.849,27953
1657825200,138.848,138.972,138.822,138.944,14451
1657832400,138.937,139.126,138.916,139.041,7447
1657839600,139.042,139.077,138.808,138.858,20427
1657846800,138.86,139.005,138.767,138.906,23786
1657854000,138.907,139.086,138.88,139.028,18274
1657861200,139.027,139.055,138.666,138.674,22805
1657868400,138.673,138.938,138.56,138.81,25098
1657875600,138.81,138.852,138.639,138.696,19659
1657882800,138.695,138.929,138.513,138.577,31400
1657890000,138.575,138.851,138.387,138.565,43092
1657897200,138.563,138.66,138.468,138.552,20774
1657904400,138.552,138.576,138.474,138.565,12390
1657911600,138.563,138.583,138.494,138.54,4976
1658091600,138.516,138.57,138.436,138.448,5141
1658098800,138.443,138.476,138.156,138.176,13037
1658106000,138.175,138.216,138.026,138.19,14406
1658113200,138.189,138.454,138.162,138.331,13475
1658120400,138.331,138.338,138.132,138.217,17727
1658127600,138.22,138.262,137.891,138.111,27534
1658134800,138.112,138.329,138.107,138.211,19511
1658142000,138.211,138.417,138.117,138.299,20948
1658149200,138.3,138.438,137.967,138.035,31478
1658156400,138.036,138.269,138,138.07,18697
1658163600,138.072,138.126,137.999,138.044,15551
1658170800,138.044,138.155,137.993,138.127,10983
1658178000,138.018,138.253,138.016,138.252,21162
1658185200,138.251,138.393,138.159,138.235,20860
1658192400,138.237,138.308,138.15,138.192,18969
1658199600,138.194,138.195,137.936,138.089,17180
1658206800,138.09,138.109,137.704,137.802,18444
1658214000,137.803,138.019,137.623,137.72,28648
1658221200,137.719,137.759,137.47,137.478,18769
1658228400,137.478,137.76,137.38,137.644,23962
1658235600,137.646,137.962,137.445,137.872,33805
1658242800,137.87,138.053,137.732,138.041,20969
1658250000,138.041,138.242,138.028,138.198,9849
1658257200,138.197,138.249,138.158,138.18,12211
1658264400,138.172,138.205,138.138,138.167,12159
1658271600,138.167,138.377,138.087,138.151,22488
1658278800,138.152,138.224,137.919,138.112,19856
1658286000,138.112,138.18,137.959,137.992,11698
1658293200,137.992,138.333,137.904,138.174,16192
1658300400,138.175,138.267,138.052,138.253,26741
1658307600,138.252,138.253,138.072,138.189,18033
1658314800,138.188,138.246,138.038,138.064,26144
1658322000,138.064,138.229,137.961,138.093,27182
1658329200,138.094,138.28,138.022,138.256,14060
1658336400,138.256,138.292,138.177,138.256,15719
1658343600,138.256,138.302,138.207,138.278,7660
1658350800,138.278,138.305,138.192,138.26,12438
1658358000,138.261,138.553,138.21,138.462,24312
1658365200,138.462,138.469,138.21,138.333,23899
1658372400,138.333,138.521,137.98,138.171,28796
1658379600,138.171,138.36,138.115,138.313,23676
1658386800,138.313,138.69,138.293,138.66,33104
1658394000,138.661,138.876,138.583,138.583,25678
1658401200,138.58,138.845,138.314,138.399,34863
1658408400,138.399,138.532,137.762,137.844,48245
1658415600,137.841,138.076,137.711,137.942,24882
1658422800,137.94,137.94,137.668,137.691,14266
1658430000,137.69,137.706,137.298,137.345,11935
1658437200,137.343,137.558,137.342,137.435,6659
1658444400,137.436,137.445,137.023,137.356,22604
1658451600,137.362,137.597,137.297,137.56,20981
1658458800,137.56,137.897,137.527,137.875,12607
1658466000,137.874,137.955,137.667,137.719,21923
1658473200,137.719,137.775,137.51,137.638,30063
1658480400,137.637,137.638,137.275,137.292,25780
1658487600,137.292,137.349,136.613,136.854,32164
1658494800,136.855,136.883,135.568,136.082,48820
1658502000,136.084,136.247,135.976,136.017,25462
1658509200,136.017,136.281,135.884,136.184,20109
1658516400,136.183,136.248,135.985,136.077,10319
1658696400,136.08,136.329,135.964,136.313,5450
1658703600,136.313,136.608,136.267,136.529,20893
1658710800,136.531,136.555,135.892,136.163,24438
1658718000,136.163,136.321,136.08,136.211,17322
1658725200,136.211,136.464,136.211,136.42,20345
1658732400,136.42,136.479,136.257,136.408,27554
1658739600,136.408,136.456,136.22,136.427,19003
1658746800,136.428,136.745,136.37,136.544,23077
1658754000,136.543,136.761,136.409,136.689,28418
1658761200,136.688,136.79,136.635,136.698,16256
1658768400,136.698,136.731,136.59,136.723,10818
1658775600,136.722,136.722,136.604,136.662,5114
1658782800,136.658,136.673,136.541,136.543,3316
1658790000,136.545,136.553,136.275,136.421,16539
1658797200,136.422,136.47,136.301,136.461,17139
1658804400,136.46,136.577,136.411,136.546,9300
1658811600,136.547,136.737,136.47,136.689,14410
1658818800,136.69,136.701,136.467,136.547,20683
1658826000,136.547,136.843,136.49,136.647,20047
1658833200,136.644,136.757,136.401,136.514,22934
1658840400,136.514,136.67,136.282,136.584,33179
1658847600,136.584,136.692,136.486,136.622,18276
1658854800,136.622,136.709,136.558,136.686,11977
1658862000,136.686,136.968,136.676,136.93,8953
1658869200,136.895,136.929,136.837,136.848,6393
1658876400,136.845,137.121,136.799,137.069,13264
1658883600,137.069,137.141,136.95,137,18325
1658890800,137,137.037,136.881,137.006,11730
1658898000,137.005,137.046,136.833,137.011,16130
1658905200,137.01,137.049,136.754,136.803,21728
1658912400,136.804,136.823,136.529,136.716,17216
1658919600,136.717,136.987,136.614,136.937,20598
1658926800,136.94,137.308,136.787,137.264,25963
1658934000,137.264,137.428,137.133,137.355,18245
1658941200,137.354,137.463,136.319,136.402,38312
1658948400,136.395,136.636,136.372,136.611,22075
1658955600,136.529,136.58,136.447,136.45,8126
1658962800,136.449,136.451,136.041,136.157,21456
1658970000,136.154,136.155,135.102,135.365,37818
1658977200,135.364,135.5,135.239,135.461,20717
1658984400,135.46,135.591,135.249,135.492,23195
1658991600,135.493,135.799,135.31,135.313,27138
1658998800,135.315,135.67,135.297,135.584,20830
1659006000,135.585,135.744,134.554,134.71,35750
1659013200,134.71,134.895,134.342,134.53,47446
1659020400,134.53,134.658,134.337,134.502,24614
1659027600,134.501,134.564,134.336,134.343,13412
1659034800,134.343,134.357,134.199,134.233,10685
1659042000,134.246,134.604,134.237,134.246,8246
1659049200,134.247,134.674,134.24,134.5,26751
1659056400,134.499,134.577,134.24,134.295,23404
1659063600,134.288,134.326,132.972,133.383,35962
1659070800,133.382,133.389,132.504,132.574,37793
1659078000,132.573,133.09,132.543,132.989,33021
1659085200,132.989,133.562,132.977,133.23,24460
1659092400,133.229,134.244,133.174,134.069,34709
1659099600,134.068,134.595,133.61,133.66,43677
1659106800,133.665,133.704,133.213,133.309,25773
1659114000,133.309,133.429,133.295,133.34,11910
1659121200,133.336,133.434,133.205,133.226,10294
1659301200,133.25,133.378,133.198,133.336,3261
1659308400,133.336,133.559,132.765,132.882,23172
1659315600,132.882,132.969,132.063,132.403,32294
1659322800,132.403,132.761,132.334,132.598,22543
1659330000,132.597,132.633,132.213,132.288,22971
1659337200,132.292,132.666,132.1,132.347,29835
1659344400,132.348,132.416,131.873,132.242,29717
1659351600,132.242,132.505,132.054,132.054,28881
1659358800,132.055,132.39,131.721,131.808,43444
1659366000,131.807,131.935,131.6,131.762,22960
1659373200,131.762,131.99,131.739,131.806,12299
1659380400,131.808,131.849,131.6,131.613,7761
1659387600,131.686,131.727,131.476,131.557,6590
1659394800,131.558,131.682,130.592,130.938,31821
1659402000,130.938,130.97,130.399,130.668,32432
1659409200,130.675,130.951,130.637,130.719,24853
1659416400,130.719,131.09,130.423,130.863,30552
1659423600,130.863,131.178,130.662,130.872,35019
1659430800,130.877,131.054,130.699,130.99,22001
1659438000,130.99,131.08,130.641,130.753,30031
1659445200,130.749,131.82,130.698,131.724,49203
1659452400,131.723,132.393,131.696,132.255,34201
1659459600,132.259,132.994,132.218,132.979,28038
1659466800,132.979,133.163,132.722,133.157,14282
1659474000,133.152,133.271,132.87,132.999,9039
1659481200,133,133.9,132.988,133.799,30768
1659488400,133.8,133.851,133.029,133.143,33220
1659495600,133.144,133.219,132.283,132.716,35344
1659502800,132.715,133.412,132.702,133.147,32774
1659510000,133.147,133.329,132.897,133.201,35495
1659517200,133.203,133.533,132.955,133.36,27059
1659524400,133.361,133.702,133.14,133.575,31895
1659531600,133.579,134.548,133.46,134.379,48592
1659538800,134.38,134.399,133.761,134.122,27218
1659546000,134.12,134.181,133.993,134.113,13672
1659553200,134.113,134.178,133.85,133.857,9641
1659560400,133.851,134.03,133.758,133.928,6657
1659567600,133.931,134.14,133.561,133.623,24208
1659574800,133.631,133.922,133.421,133.813,23418
1659582000,133.814,133.844,133.667,133.702,14952
1659589200,133.707,134.299,133.693,134.182,24741
1659596400,134.183,134.42,133.952,134.299,26427
1659603600,134.298,134.385,134.097,134.184,18108
1659610800,134.187,134.28,133.161,133.524,41056
1659618000,133.526,133.793,133.052,133.123,40359
1659625200,133.121,133.393,132.943,133.085,23687
1659632400,133.09,133.205,132.877,132.898,15463
1659639600,132.9,132.984,132.763,132.872,9870
1659646800,132.84,133.138,132.84,132.868,11654
1659654000,132.867,133.01,132.521,132.974,25394
1659661200,132.973,133.361,132.951,133.249,23619
1659668400,133.248,133.378,133.105,133.333,12316
1659675600,133.333,133.472,133.102,133.117,20273
1659682800,133.118,133.387,133.05,133.082,24076
1659690000,133.081,133.237,132.84,133.126,19830
1659697200,133.129,134.855,133.039,134.674,34527
1659704400,134.677,135.372,134.62,135.307,49743
1659711600,135.306,135.503,135.053,135.136,23887
1659718800,135.141,135.166,134.861,135.099,19866
1659726000,135.099,135.119,134.924,134.982,8456
1659906000,135.008,135.31,134.898,135.167,9350
1659913200,135.165,135.574,134.994,135.343,24606
1659920400,135.342,135.419,135.062,135.237,26117
1659927600,135.242,135.301,135.078,135.253,17431
1659934800,135.254,135.464,135.181,135.32,18671
1659942000,135.324,135.398,134.908,135.128,24885
1659949200,135.125,135.203,134.791,134.845,17241
1659956400,134.846,134.999,134.598,134.848,24822
1659963600,134.849,134.906,134.357,134.733,30525
1659970800,134.732,134.779,134.467,134.622,15614
1659978000,134.622,134.878,134.62,134.858,11479
1659985200,134.859,135.111,134.836,135.026,7227
1659992400,134.857,135.018,134.855,135.005,11579
1659999600,135.003,135.036,134.758,134.876,17532
1660006800,134.877,134.887,134.668,134.861,16748
1660014000,134.861,135.047,134.83,134.908,12037
1660021200,134.909,135.161,134.884,134.912,14816
1660028400,134.913,135.031,134.795,134.897,22984
1660035600,134.899,134.96,134.713,134.885,18790
1660042800,134.886,135.189,134.853,134.924,22749
1660050000,134.924,135.066,134.854,134.955,23754
1660057200,134.957,135.046,134.918,135.034,12713
1660064400,135.035,135.197,134.989,135.169,9491
1660071600,135.17,135.201,135.1,135.141,7619
1660078800,135.045,135.131,135.04,135.106,6351
1660086000,135.104,135.303,135.092,135.213,16800
1660093200,135.212,135.243,134.975,134.995,17476
1660100400,134.999,135.039,134.89,134.987,10568
1660107600,134.987,135.098,134.927,135.045,11953
1660114800,135.044,135.088,134.904,134.967,17536
1660122000,134.969,135.011,134.833,134.975,13263
1660129200,134.974,135.081,132.678,133.143,36677
1660136400,133.135,133.317,132.03,132.098,51433
1660143600,132.097,132.678,132.061,132.544,29618
1660150800,132.54,133.072,132.35,132.864,21353
1660158000,132.871,133.029,132.863,132.873,9037
1660165200,132.877,132.957,132.725,132.848,5914
1660172400,132.847,132.913,132.605,132.771,15739
1660179600,132.768,133.308,132.767,133.247,18409
1660186800,133.25,133.283,133.025,133.128,12887
1660194000,133.127,133.192,132.592,132.681,19335
1660201200,132.681,132.744,132.427,132.513,27614
1660208400,132.513,132.708,132.445,132.623,16255
1660215600,132.626,132.635,131.734,131.932,35448
1660222800,131.933,132.726,131.876,132.587,41094
1660230000,132.59,132.888,132.54,132.778,23966
1660237200,132.778,133.108,132.751,132.928,18628
1660244400,132.926,133.134,132.926,132.973,7835
1660251600,132.982,133.025,132.881,132.948,6163
1660258800,132.948,133.444,132.906,133.271,19791
1660266000,133.271,133.492,133.164,133.44,20451
1660273200,133.44,133.449,133.092,133.245,15826
1660280400,133.246,133.393,133.069,133.331,16589
1660287600,133.332,133.438,133.165,133.233,24928
1660294800,133.233,133.725,133.228,133.608,19903
1660302000,133.607,133.891,133.448,133.685,31632
1660309200,133.685,133.873,133.435,133.719,41952
1660316400,133.718,133.718,133.502,133.588,16831
1660323600,133.586,133.586,133.433,133.486,9019
1660330800,133.485,133.535,133.433,133.487,4538
1660510800,133.373,133.595,133.37,133.5,3818
1660518000,133.5,133.504,132.912,133.034,19659
1660525200,133.034,133.346,132.997,133.302,21000
1660532400,133.302,133.364,133.129,133.2,10822
1660539600,133.203,133.338,133.131,133.318,15741
1660546800,133.319,133.54,133.274,133.369,20755
1660554000,133.367,133.495,133.24,133.357,18725
1660561200,133.356,133.393,132.556,132.687,27052
1660568400,132.687,133.093,132.561,132.991,27443
1660575600,132.993,133.275,132.935,133.136,13370
1660582800,133.136,133.333,133.136,133.307,8706
1660590000,133.306,133.351,133.259,133.3,7550
1660597200,133.317,133.323,133.096,133.158,10485
1660604400,133.157,133.25,132.949,133.195,19051
1660611600,133.195,133.488,133.167,133.363,19262
1660618800,133.364,133.494,133.293,133.449,11999
1660626000,133.449,133.483,133.263,133.416,17751
1660633200,133.416,133.952,133.391,133.94,25432
1660640400,133.94,134.24,133.869,134.205,20706
1660647600,134.206,134.684,134.2,134.596,24946
1660654800,134.592,134.671,134.205,134.377,28051
1660662000,134.376,134.458,134.245,134.4,14514
1660669200,134.399,134.402,134.231,134.231,9044
1660676400,134.23,134.279,134.163,134.234,7135
1660683600,134.157,134.3,134.157,134.285,3613
1660690800,134.288,134.43,134.109,134.128,15543
1660698000,134.134,134.216,133.905,134.147,21508
1660705200,134.148,134.21,134.103,134.151,10522
1660712400,134.152,134.584,134.085,134.417,19808
1660719600,134.42,134.909,134.401,134.811,28865
1660726800,134.811,134.978,134.646,134.959,15702
1660734000,134.962,135.392,134.942,135.105,28330
1660741200,135.108,135.476,134.939,135.462,29639
1660748400,135.462,135.5,135.311,135.405,13068
1660755600,135.402,135.482,134.792,135.042,24609
1660762800,135.043,135.101,134.953,135.075,7619
1660770000,135.038,135.182,135.038,135.072,4694
1660777200,135.072,135.168,134.735,134.811,14995
1660784400,134.811,134.975,134.762,134.87,15446
1660791600,134.87,135.147,134.837,135.07,10193
1660798800,135.069,135.43,134.988,135.409,18021
1660806000,135.408,135.413,135.146,135.206,24671
1660813200,135.209,135.349,135.099,135.217,16032
1660820400,135.218,135.232,134.648,134.93,29035
1660827600,134.933,135.216,134.847,135.203,30401
1660834800,135.204,135.695,135.075,135.641,15611
1660842000,135.637,135.901,135.637,135.89,17423
1660849200,135.891,135.901,135.848,135.88,2796
1660856400,135.851,135.901,135.822,135.896,9090
1660863600,135.895,136.373,135.715,136.277,20110
1660870800,136.281,136.338,136.072,136.117,18714
1660878000,136.118,136.346,136.118,136.269,12705
1660885200,136.272,136.492,136.122,136.492,16651
1660892400,136.494,136.763,136.405,136.476,24170
1660899600,136.48,136.884,136.389,136.864,17355
1660906800,136.864,137.137,136.808,136.824,26768
1660914000,136.83,137.23,136.721,137.123,26794
1660921200,137.123,137.206,136.836,136.874,14706
1660928400,136.873,136.902,136.739,136.893,9660
1660935600,136.892,136.898,136.769,136.876,3648
1661115600,136.856,137.031,136.815,137.001,4372
1661122800,137.001,137.279,136.927,137.271,18232
1661130000,137.28,137.435,137.193,137.308,16772
1661137200,137.312,137.361,137.108,137.242,11917
1661144400,137.24,137.305,136.916,137.064,19021
1661151600,137.059,137.059,136.699,136.934,24097
1661158800,136.934,137.064,136.744,137.036,17371
1661166000,137.035,137.246,136.896,137.179,22763
1661173200,137.181,137.377,137.02,137.186,27189
1661180400,137.187,137.647,137.169,137.452,20652
1661187600,137.452,137.534,137.351,137.519,12961
1661194800,137.525,137.525,137.38,137.471,5465
1661202000,137.435,137.52,137.408,137.454,4624
1661209200,137.454,137.707,137.205,137.245,16449
1661216400,137.245,137.365,137.082,137.282,17015
1661223600,137.281,137.336,137.106,137.285,12136
1661230800,137.284,137.417,137.12,137.139,19863
1661238000,137.14,137.331,137.04,137.211,25619
1661245200,137.211,137.548,137.211,137.446,14381
1661252400,137.445,137.642,137.271,137.52,19707
1661259600,137.516,137.617,135.809,136.258,46535
1661266800,136.259,136.471,135.981,136.434,22926
1661274000,136.435,136.884,136.416,136.883,15922
1661281200,136.882,136.882,136.734,136.75,6042
1661288400,136.722,136.753,136.61,136.619,8372
1661295600,136.619,136.946,136.618,136.899,20095
1661302800,136.898,137.04,136.761,136.899,17349
1661310000,136.899,136.918,136.358,136.484,17510
1661317200,136.485,136.79,136.381,136.648,17287
1661324400,136.648,136.85,136.419,136.46,21453
1661331600,136.462,136.792,136.171,136.771,19679
1661338800,136.77,137.017,136.55,136.862,29055
1661346000,136.863,137.243,136.698,136.765,35982
1661353200,136.763,137.142,136.722,137.073,19334
1661360400,137.072,137.139,137.003,137.09,11186
1661367600,137.09,137.21,137.042,137.129,5667
1661374800,137.126,137.126,136.975,137.083,5579
1661382000,137.079,137.202,136.734,136.936,17164
1661389200,136.936,136.985,136.591,136.818,19969
1661396400,136.818,136.855,136.606,136.656,14519
1661403600,136.657,136.79,136.447,136.657,18729
1661410800,136.661,136.688,136.397,136.474,22475
1661418000,136.475,136.561,136.319,136.533,19071
1661425200,136.535,136.841,136.324,136.679,25244
1661432400,136.68,136.954,136.625,136.704,27971
1661439600,136.706,136.889,136.609,136.642,16875
1661446800,136.642,136.657,136.397,136.452,14864
1661454000,136.454,136.552,136.426,136.458,6726
1661461200,136.462,136.53,136.42,136.51,2810
1661468400,136.511,136.745,136.492,136.687,13500
1661475600,136.688,136.792,136.615,136.721,14069
1661482800,136.721,136.836,136.652,136.833,9091
1661490000,136.833,137.081,136.748,137.027,15670
1661497200,137.028,137.127,136.872,136.912,19106
1661504400,136.911,136.957,136.81,136.906,15120
1661511600,136.906,137.043,136.5,136.678,25002
1661518800,136.682,137.344,136.198,137.299,57127
1661526000,137.299,137.454,136.906,137.331,27486
1661533200,137.33,137.459,137.287,137.385,15144
1661540400,137.382,137.533,137.359,137.505,7117
1661720400,137.594,137.902,137.528,137.873,5909
1661727600,137.874,138.398,137.809,138.383,21247
1661734800,138.38,138.658,138.251,138.458,18965
1661742000,138.458,138.89,138.443,138.864,15059
1661749200,138.865,139.002,138.656,138.788,19413
1661756400,138.791,138.902,138.64,138.701,20899
1661763600,138.701,138.742,138.36,138.511,17368
1661770800,138.515,138.697,138.266,138.499,25204
1661778000,138.5,138.768,138.326,138.734,25623
1661785200,138.733,138.853,138.587,138.737,15814
1661792400,138.733,138.877,138.641,138.817,11685
1661799600,138.818,138.821,138.66,138.672,6301
1661806800,138.684,138.774,138.639,138.702,4786
1661814000,138.703,138.764,138.439,138.497,16368
1661821200,138.497,138.677,138.379,138.575,18562
1661828400,138.574,138.62,138.341,138.485,15035
1661835600,138.486,138.659,138.379,138.478,18509
1661842800,138.478,138.636,138.135,138.279,29002
1661850000,138.282,138.384,138.227,138.253,17987
1661857200,138.252,138.497,138.05,138.49,23775
1661864400,138.496,139.079,138.171,138.889,35153
1661871600,138.893,138.954,138.613,138.691,24444
1661878800,138.69,138.768,138.609,138.655,12809
1661886000,138.655,138.814,138.639,138.793,7170
1661893200,138.788,138.801,138.687,138.789,13577
1661900400,138.79,138.844,138.442,138.628,16424
1661907600,138.629,138.651,138.42,138.519,15526
1661914800,138.519,138.624,138.33,138.468,10161
1661922000,138.468,138.527,138.288,138.314,18319
1661929200,138.318,138.779,138.27,138.581,24808
1661936400,138.581,138.891,138.581,138.726,21932
1661943600,138.728,138.795,138.457,138.597,26334
1661950800,138.598,138.852,138.448,138.621,34088
1661958000,138.621,138.752,138.531,138.712,22564
1661965200,138.713,138.804,138.633,138.725,13570
1661972400,138.722,139.003,138.702,138.954,10502
1661979600,138.948,139.137,138.84,139.076,8432
1661986800,139.076,139.586,139.071,139.478,22621
1661994000,139.479,139.683,139.359,139.487,19483
1662001200,139.487,139.622,139.453,139.501,13062
1662008400,139.503,139.512,139.279,139.371,19347
1662015600,139.371,139.429,139.082,139.219,24483
1662022800,139.22,139.366,139.057,139.297,18924
1662030000,139.301,139.7,139.156,139.556,22744
1662037200,139.557,140.223,139.38,140.046,35446
1662044400,140.048,140.051,139.832,140.044,21670
1662051600,140.043,140.228,139.933,140.224,11725
1662058800,140.228,140.228,140.083,140.198,6759
1662066000,140.167,140.23,140.116,140.187,3924
1662073200,140.188,140.269,139.868,140.085,15018
1662080400,140.084,140.201,139.935,140.137,15990
1662087600,140.139,140.398,140.1,140.34,10970
1662094800,140.34,140.433,140.204,140.257,18517
1662102000,140.254,140.336,140.144,140.331,17213
1662109200,140.33,140.408,140.269,140.316,14011
1662116400,140.313,140.799,139.931,140.577,32280
1662123600,140.578,140.687,139.954,140.035,38690
1662130800,140.035,140.271,139.918,140.23,22650
1662138000,140.231,140.255,140.06,140.124,14171
1662145200,140.123,140.321,140.103,140.223,4764
1662325200,140.12,140.432,140.078,140.336,4955
1662332400,140.338,140.55,140.279,140.309,20988
1662339600,140.309,140.36,140.116,140.292,28545
1662346800,140.291,140.42,140.252,140.351,18915
1662354000,140.353,140.483,140.296,140.36,27699
1662361200,140.361,140.596,140.333,140.54,27334
1662368400,140.54,140.57,140.376,140.499,24745
1662375600,140.5,140.648,140.464,140.584,24341
1662382800,140.584,140.66,140.498,140.556,16365
1662390000,140.553,140.555,140.483,140.53,10594
1662397200,140.531,140.563,140.513,140.542,3519
1662404400,140.542,140.592,140.533,140.575,4134
1662411600,140.573,140.587,140.439,140.467,9592
1662418800,140.465,140.513,140.249,140.282,17389
1662426000,140.28,140.567,140.28,140.475,16964
1662433200,140.475,140.965,140.47,140.925,15753
1662440400,140.925,141.24,140.851,141.176,20826
1662447600,141.178,141.861,141.158,141.689,30817
1662454800,141.691,141.809,141.569,141.753,20278
1662462000,141.753,142.401,141.713,142.378,28840
1662469200,142.373,142.916,142.306,142.702,41065
1662476400,142.701,143.075,142.565,142.933,22822
1662483600,142.934,142.97,142.835,142.886,13400
1662490800,142.883,142.883,142.758,142.788,8673
1662498000,142.707,143.595,142.643,143.341,10388
1662505200,143.341,143.366,142.924,143.097,32511
1662512400,143.099,143.734,143.043,143.691,35910
1662519600,143.692,144.383,143.56,143.99,32209
1662526800,143.991,144.253,143.762,144.102,30511
1662534000,144.103,144.205,143.854,144.054,35834
1662541200,144.054,144.721,144.034,144.698,29210
1662548400,144.698,144.993,144.58,144.822,37719
1662555600,144.822,144.948,144.224,144.496,40800
1662562800,144.493,144.571,144.151,144.298,24589
1662570000,144.299,144.317,143.841,144.136,21923
1662577200,144.134,144.141,143.671,143.75,13155
1662584400,143.764,144.127,143.697,144.029,7214
1662591600,144.03,144.557,143.988,144.333,19796
1662598800,144.333,144.333,143.931,144.206,20106
1662606000,144.21,144.312,143.696,144.005,20812
1662613200,144.005,144.116,143.462,143.662,25579
1662620400,143.659,144.148,143.429,144.044,30948
1662627600,144.043,144.132,143.605,143.676,18411
1662634800,143.682,144.164,143.32,144.129,36920
1662642000,144.132,144.443,143.727,143.955,47274
1662649200,143.954,144.247,143.835,144.126,22682
1662656400,144.124,144.176,143.88,144.016,15541
1662663600,144.017,144.118,143.945,144.104,8074
1662670800,144.1,144.121,143.855,143.997,13977
1662678000,143.998,144.013,143.626,143.794,22432
1662685200,143.794,143.832,143.514,143.709,28697
1662692400,143.709,143.72,142.452,142.824,36114
1662699600,142.82,143.146,142.676,142.678,31072
1662706800,142.679,142.709,141.892,141.958,33892
1662714000,141.958,142.293,141.504,141.68,27859
1662721200,141.68,142.824,141.663,142.35,32876
1662728400,142.349,142.737,142.157,142.436,46228
1662735600,142.434,142.711,142.41,142.552,25726
1662742800,142.553,142.769,142.529,142.698,15190
1662750000,142.699,142.726,142.587,142.632,5426
1662930000,142.118,142.654,142.114,142.654,6018
1662937200,142.66,142.957,142.502,142.807,15103
1662944400,142.808,142.877,142.334,142.83,17865
1662951600,142.831,143.243,142.722,143.174,17814
1662958800,143.175,143.492,142.964,142.994,23305
1662966000,142.994,143.051,142.604,142.687,34944
1662973200,142.686,142.868,142.528,142.607,23173
1662980400,142.605,142.749,142.235,142.527,28466
1662987600,142.528,142.875,142.373,142.399,30302
1662994800,142.394,142.459,142.16,142.211,19513
1663002000,142.208,142.803,142.204,142.725,17157
1663009200,142.726,142.852,142.715,142.833,6893
1663016400,142.832,142.837,142.539,142.725,13239
1663023600,142.726,142.78,142.429,142.451,18813
1663030800,142.45,142.724,142.317,142.575,25054
1663038000,142.574,142.594,142.394,142.574,15730
1663045200,142.575,142.576,142.041,142.347,24440
1663052400,142.348,142.481,142.2,142.251,28802
1663059600,142.251,142.327,142.026,142.078,19177
1663066800,142.074,144.449,141.607,144.407,44260
1663074000,144.409,144.683,143.789,144.225,58775
1663081200,144.224,144.488,144.16,144.303,35371
1663088400,144.306,144.491,144.114,144.408,27126
1663095600,144.409,144.594,144.34,144.504,9723
1663102800,144.551,144.958,144.531,144.872,8689
1663110000,144.87,144.935,144.065,144.416,25516
1663117200,144.416,144.849,144.336,144.379,22501
1663124400,144.379,144.57,143.662,143.865,20769
1663131600,143.863,143.909,143.518,143.615,27584
1663138800,143.612,143.635,142.901,143.338,41248
1663146000,143.343,143.725,142.899,143.266,32044
1663153200,143.264,143.518,142.82,143.022,37532
1663160400,143.028,143.093,142.558,142.634,40059
1663167600,142.633,142.947,142.551,142.931,19103
1663174800,142.931,143.168,142.919,143.122,14673
1663182000,143.121,143.221,143.121,143.164,6393
1663189200,143.106,143.166,142.902,143.048,12743
1663196400,143.048,143.274,142.794,143.134,17856
1663203600,143.144,143.435,142.918,143.297,26811
1663210800,143.297,143.573,143.288,143.494,19805
1663218000,143.495,143.768,143.492,143.679,22573
1663225200,143.687,143.801,143.328,143.43,27805
1663232400,143.429,143.617,143.218,143.483,25438
1663239600,143.484,143.722,143.15,143.32,35469
1663246800,143.32,143.562,143.164,143.469,39624
1663254000,143.467,143.604,143.348,143.496,25383
1663261200,143.497,143.497,143.334,143.486,18803
1663268400,143.486,143.553,143.431,143.476,6536
1663275600,143.435,143.533,143.35,143.357,7073
1663282800,143.359,143.407,142.833,143.001,16216
1663290000,143.001,143.496,142.866,143.449,18807
1663297200,143.45,143.472,143.217,143.281,13620
1663304400,143.28,143.691,143.267,143.582,20900
1663311600,143.583,143.607,143.226,143.356,27113
1663318800,143.354,143.383,143.149,143.204,20624
1663326000,143.204,143.315,142.952,143.296,24291
1663333200,143.296,143.357,142.863,142.96,33457
1663340400,142.964,143.092,142.874,143.03,19512
1663347600,143.03,143.052,142.882,142.961,11495
1663354800,142.961,142.988,142.855,142.954,4447
1663534800,142.885,143.121,142.803,142.851,3853
1663542000,142.85,142.993,142.642,142.932,17661
1663549200,142.931,143.211,142.906,143.067,17355
1663556400,143.068,143.23,143.06,143.225,12457
1663563600,143.225,143.365,143.221,143.291,16917
1663570800,143.29,143.543,143.235,143.466,23548
1663578000,143.466,143.57,143.38,143.438,19968
1663585200,143.441,143.644,143.391,143.475,25088
1663592400,143.475,143.587,143.289,143.306,32305
1663599600,143.305,143.373,143.169,143.233,18892
1663606800,143.232,143.389,143.166,143.264,13197
1663614000,143.264,143.275,143.152,143.209,8331
1663621200,143.195,143.276,143.15,143.233,7422
1663628400,143.234,143.339,142.936,143.183,18103
1663635600,143.183,143.297,142.948,143.085,18703
1663642800,143.085,143.383,143.082,143.306,12090
1663650000,143.305,143.453,143.209,143.391,15243
1663657200,143.389,143.75,143.365,143.658,24509
1663664400,143.658,143.818,143.529,143.621,19438
1663671600,143.62,143.725,143.475,143.679,24272
1663678800,143.681,143.923,143.605,143.729,29067
1663686000,143.73,143.754,143.598,143.601,14959
1663693200,143.602,143.701,143.526,143.661,16153
1663700400,143.663,143.758,143.627,143.714,10786
1663707600,143.718,143.74,143.644,143.651,12825
1663714800,143.654,143.758,143.478,143.72,22651
1663722000,143.72,143.837,143.63,143.767,25193
1663729200,143.766,144.054,143.731,144.02,20099
1663736400,144.021,144.075,143.418,143.609,37800
1663743600,143.61,143.832,143.345,143.745,34489
1663750800,143.746,143.962,143.745,143.913,23234
1663758000,143.912,144.207,143.909,143.979,30634
1663765200,143.981,144.092,143.876,144.068,26981
1663772400,144.071,144.397,144.071,144.395,20792
1663779600,144.392,144.703,143.398,143.493,51718
1663786800,143.486,144.069,143.447,144.06,33153
1663794000,143.95,144.437,143.912,144.384,6912
1663801200,144.383,144.554,144.146,144.42,21305
1663808400,144.419,145.389,143.497,144.561,31523
1663815600,144.58,144.959,144.256,144.805,34910
1663822800,144.805,145.665,144.754,145.655,34381
1663830000,145.652,145.901,140.681,142.08,66605
1663837200,142.08,143.395,141.805,142.502,46344
1663844400,142.501,142.807,140.349,140.72,55247
1663851600,140.722,142.191,140.722,142.039,55519
1663858800,142.034,142.442,141.895,142.355,31315
1663866000,142.355,142.502,142.092,142.488,19776
1663873200,142.486,142.486,142.28,142.364,11247
1663880400,142.293,142.589,142.283,142.437,12485
1663887600,142.436,142.501,142.058,142.114,20958
1663894800,142.109,142.189,141.763,142.013,23999
1663902000,142.013,142.327,141.9,142.293,20399
1663909200,142.294,142.326,142.088,142.226,24284
1663916400,142.227,142.894,142.096,142.87,37500
1663923600,142.87,143.264,142.271,143.167,48255
1663930800,143.165,143.171,142.368,142.949,45322
1663938000,142.949,143.303,142.729,143.276,47322
1663945200,143.28,143.33,143.085,143.191,26527
1663952400,143.195,143.46,143.124,143.368,19060
1663959600,143.368,143.373,143.251,143.332,12554
1664139600,143.597,143.633,143.198,143.485,7742
1664146800,143.485,144.082,143.393,143.795,29253
1664154000,143.798,144.009,143.672,143.959,38382
1664161200,143.96,144.199,143.902,144.165,28605
1664168400,144.163,144.263,143.523,143.996,41192
1664175600,143.997,144.044,143.554,143.835,44004
1664182800,143.834,144.285,143.729,144.263,27415
1664190000,144.263,144.374,143.792,143.883,38083
1664197200,143.885,144.36,143.862,144.354,35580
1664204400,144.355,144.641,144.216,144.546,36018
1664211600,144.547,144.788,144.515,144.62,19802
1664218800,144.62,144.74,144.505,144.727,14741
1664226000,144.606,144.738,144.585,144.607,14552
1664233200,144.613,144.636,144.268,144.439,22516
1664240400,144.439,144.633,144.329,144.496,33038
1664247600,144.493,144.547,144.32,144.526,26135
1664254800,144.526,144.553,144.208,144.328,30777
1664262000,144.329,144.398,144.059,144.386,37395
1664269200,144.386,144.501,144.238,144.279,26574
1664276400,144.278,144.718,144.267,144.703,31169
1664283600,144.703,144.849,144.52,144.7,46891
1664290800,144.699,144.863,144.569,144.812,31091
1664298000,144.814,144.903,144.729,144.744,19399
1664305200,144.747,144.893,144.747,144.813,9464
1664312400,144.75,144.85,144.738,144.788,6457
1664319600,144.786,144.871,144.601,144.738,21061
1664326800,144.737,144.853,144.387,144.628,30128
1664334000,144.628,144.782,144.584,144.668,20616
1664341200,144.668,144.818,144.582,144.806,24560
1664348400,144.807,144.807,144.498,144.709,36395
1664355600,144.709,144.811,144.483,144.671,49051
1664362800,144.668,144.828,144.5,144.595,41926
1664370000,144.598,144.66,144.244,144.587,45021
1664377200,144.585,144.624,144.038,144.215,32057
1664384400,144.215,144.243,143.905,143.956,22662
1664391600,143.956,144.189,143.939,144.122,15235
1664398800,144.04,144.248,144.02,144.237,12781
1664406000,144.236,144.465,144.219,144.268,23597
1664413200,144.268,144.375,144.204,144.329,25799
1664420400,144.329,144.529,144.308,144.493,21191
1664427600,144.494,144.734,144.444,144.7,35278
1664434800,144.7,144.811,144.467,144.761,42241
1664442000,144.761,144.796,144.629,144.671,35121
1664449200,144.671,144.782,144.598,144.717,35010
1664456400,144.716,144.752,144.477,144.588,41772
1664463600,144.589,144.634,144.259,144.513,28880
1664470800,144.514,144.637,144.343,144.405,16150
1664478000,144.403,144.524,144.322,144.419,14373
1664485200,144.354,144.47,144.308,144.431,10871
1664492400,144.431,144.743,144.344,144.669,20588
1664499600,144.668,144.772,144.573,144.676,26797
1664506800,144.675,144.749,144.489,144.595,18038
1664514000,144.593,144.616,144.435,144.478,26551
1664521200,144.478,144.481,144.203,144.271,35612
1664528400,144.269,144.529,144.242,144.464,25340
1664535600,144.463,144.768,144.43,144.53,31644
1664542800,144.533,144.76,144.437,144.745,35789
1664550000,144.746,144.794,144.585,144.713,20369
1664557200,144.713,144.787,144.66,144.786,12165
1664564400,144.786,144.81,144.697,144.8,11137
1664744400,144.663,144.772,144.628,144.764,5470
1664751600,144.765,144.886,144.499,144.777,27662
1664758800,144.777,144.849,144.733,144.801,25616
1664766000,144.8,145.315,144.65,144.942,24228
1664773200,144.943,145.136,144.739,145.003,30942
1664780400,145.005,145.088,144.864,145.041,29480
1664787600,145.043,145.214,145.031,145.169,22350
1664794800,145.167,145.174,144.773,144.929,27569
1664802000,144.929,144.971,144.405,144.465,37339
1664809200,144.464,144.6,144.156,144.516,26498
1664816400,144.517,144.749,144.496,144.732,15917
1664823600,144.73,144.793,144.557,144.56,9608
1664830800,144.512,144.621,144.445,144.519,8228
1664838000,144.521,144.754,144.41,144.693,21392
1664845200,144.692,144.916,144.669,144.859,19927
1664852400,144.86,144.893,144.665,144.798,26144
1664859600,144.798,144.868,144.612,144.68,25679
1664866800,144.677,144.795,144.528,144.745,28546
1664874000,144.746,144.819,144.61,144.737,26145
1664881200,144.736,144.932,144.656,144.71,25817
1664888400,144.706,144.858,144.409,144.461,34713
1664895600,144.462,144.488,143.954,144.229,23960
1664902800,144.228,144.292,143.937,143.949,13743
1664910000,143.953,144.16,143.894,144.15,13142
1664917200,144.048,144.244,144.039,144.148,5038
1664924400,144.149,144.152,143.525,143.849,21953
1664931600,143.849,144.337,143.787,144.227,31028
1664938800,144.226,144.236,144.043,144.133,18682
1664946000,144.133,144.272,143.998,144.231,24914
1664953200,144.228,144.561,144.225,144.367,32880
1664960400,144.367,144.511,144.321,144.347,22040
1664967600,144.344,144.551,144.316,144.471,26843
1664974800,144.471,144.845,144.428,144.766,35337
1664982000,144.769,144.844,144.583,144.743,21381
1664989200,144.745,144.789,144.473,144.481,15446
1664996400,144.477,144.689,144.394,144.679,10109
1665003600,144.548,144.642,144.478,144.493,8174
1665010800,144.494,144.614,144.383,144.596,18984
1665018000,144.593,144.701,144.564,144.601,18421
1665025200,144.601,144.633,144.496,144.515,14198
1665032400,144.513,144.603,144.481,144.587,21267
1665039600,144.589,144.733,144.545,144.652,26876
1665046800,144.653,144.776,144.643,144.733,20127
1665054000,144.732,144.772,144.566,144.738,22452
1665061200,144.737,144.911,144.697,144.881,32632
1665068400,144.878,145.076,144.755,144.939,21177
1665075600,144.939,145.078,144.887,145.077,14112
1665082800,145.078,145.138,145.024,145.132,8703
1665090000,145.12,145.132,144.988,145.022,6877
1665097200,145.021,145.111,144.849,144.943,22388
1665104400,144.945,145.068,144.901,144.935,24889
1665111600,144.937,145.024,144.911,145.022,17687
1665118800,145.022,145.085,144.94,145.026,19108
1665126000,145.025,145.043,144.72,144.827,23331
1665133200,144.826,144.943,144.804,144.937,19234
1665140400,144.938,145.348,144.565,145.07,29451
1665147600,145.071,145.26,144.946,145.14,37657
1665154800,145.14,145.321,145.127,145.267,21537
1665162000,145.265,145.356,145.233,145.355,10435
1665169200,145.355,145.444,145.336,145.387,5014
1665349200,145.244,145.421,145.24,145.409,4265
1665356400,145.407,145.667,145.367,145.493,13842
1665363600,145.493,145.513,145.336,145.417,13594
1665370800,145.418,145.486,145.409,145.446,7972
1665378000,145.446,145.446,145.274,145.37,13310
1665385200,145.369,145.571,145.233,145.508,17985
1665392400,145.505,145.538,145.422,145.516,13900
1665399600,145.516,145.601,145.449,145.508,12583
1665406800,145.508,145.758,145.442,145.719,18532
1665414000,145.72,145.804,145.666,145.77,10941
1665421200,145.77,145.789,145.606,145.695,10340
1665428400,145.693,145.75,145.653,145.733,4921
1665435600,145.712,145.734,145.659,145.662,4508
1665442800,145.664,145.746,145.547,145.663,21447
1665450000,145.664,145.78,145.611,145.708,23459
1665457200,145.707,145.835,145.665,145.78,19155
1665464400,145.78,145.864,145.668,145.702,23433
1665471600,145.701,145.705,145.499,145.686,27448
1665478800,145.685,145.764,145.617,145.617,18530
1665486000,145.617,145.668,145.5,145.654,23801
1665493200,145.655,145.795,145.588,145.732,26246
1665500400,145.733,145.759,145.425,145.564,20847
1665507600,145.56,145.843,145.551,145.808,16678
1665514800,145.808,145.899,145.775,145.855,13713
1665522000,145.846,145.852,145.705,145.824,6225
1665529200,145.824,146.231,145.777,146.127,28346
1665536400,146.128,146.389,146.058,146.184,29071
1665543600,146.184,146.269,146.002,146.21,22503
1665550800,146.21,146.285,146.081,146.17,21782
1665558000,146.17,146.313,146.054,146.286,29841
1665565200,146.287,146.554,146.267,146.522,20720
1665572400,146.522,146.819,146.341,146.733,27080
1665579600,146.733,146.923,146.69,146.841,27198
1665586800,146.841,146.969,146.832,146.951,18969
1665594000,146.951,146.967,146.658,146.866,19450
1665601200,146.871,146.929,146.821,146.9,6878
1665608400,146.907,146.907,146.761,146.774,6352
1665615600,146.774,146.887,146.669,146.779,16094
1665622800,146.779,146.871,146.753,146.851,18392
1665630000,146.849,146.886,146.752,146.834,12070
1665637200,146.835,146.903,146.779,146.834,17010
1665644400,146.833,146.861,146.751,146.827,16470
1665651600,146.833,146.878,146.731,146.805,15365
1665658800,146.804,147.506,146.634,147.284,37647
1665666000,147.29,147.673,146.455,147.369,50371
1665673200,147.373,147.401,146.935,147.211,38585
1665680400,147.21,147.244,146.839,147.149,25388
1665687600,147.149,147.298,147.141,147.224,9671
1665694800,147.102,147.296,147.102,147.261,3519
1665702000,147.263,147.452,147.243,147.341,15974
1665709200,147.34,147.344,147.089,147.322,22636
1665716400,147.323,147.463,147.281,147.43,14836
1665723600,147.431,147.494,147.354,147.399,21222
1665730800,147.4,147.744,147.378,147.686,24347
1665738000,147.683,147.788,147.509,147.673,26205
1665745200,147.674,147.879,147.636,147.703,24634
1665752400,147.704,148.464,147.68,148.366,41693
1665759600,148.366,148.859,148.272,148.843,26312
1665766800,148.843,148.853,148.667,148.692,15272
1665774000,148.689,148.781,148.555,148.749,7941
1665954000,148.577,148.718,148.41,148.665,7773
1665961200,148.667,148.68,148.427,148.552,20871
1665968400,148.552,148.666,148.539,148.617,17551
1665975600,148.618,148.802,148.585,148.797,11713
1665982800,148.799,148.799,148.628,148.736,16764
1665990000,148.737,148.767,148.582,148.711,23498
1665997200,148.71,148.894,148.6,148.834,17903
1666004400,148.832,148.891,148.616,148.689,18678
1666011600,148.689,148.807,148.571,148.72,21700
1666018800,148.719,148.843,148.685,148.828,16882
1666026000,148.829,148.901,148.742,148.892,9969
1666033200,148.891,149.087,148.88,149.021,7051
1666040400,149.017,149.026,148.916,149.023,3809
1666047600,149.023,149.034,148.741,148.765,15378
1666054800,148.766,148.945,148.674,148.937,13739
1666062000,148.938,148.94,148.751,148.784,15178
1666069200,148.785,148.938,148.765,148.879,15948
1666076400,148.879,149.287,148.847,149.276,19980
1666083600,149.277,149.29,148.141,149.161,23997
1666090800,149.161,149.214,148.884,148.987,17012
1666098000,148.986,149.174,148.941,149.076,21243
1666105200,149.078,149.385,149.071,149.182,19132
1666112400,149.181,149.284,149.148,149.186,14034
1666119600,149.186,149.251,149.172,149.23,9662
1666126800,149.226,149.238,149.15,149.165,6715
1666134000,149.165,149.262,149.099,149.177,13464
1666141200,149.178,149.233,149.121,149.17,15173
1666148400,149.17,149.304,149.143,149.297,13852
1666155600,149.296,149.458,149.232,149.441,16164
1666162800,149.441,149.483,149.273,149.418,20972
1666170000,149.419,149.608,149.372,149.576,16014
1666177200,149.574,149.777,149.521,149.738,21607
1666184400,149.739,149.784,149.624,149.719,20220
1666191600,149.719,149.841,149.68,149.838,12252
1666198800,149.843,149.893,149.808,149.891,11572
1666206000,149.892,149.904,149.838,149.904,6832
1666213200,149.874,149.892,149.676,149.834,8279
1666220400,149.834,149.937,149.787,149.924,13302
1666227600,149.922,149.958,149.882,149.916,12639
1666234800,149.916,149.943,149.853,149.906,10031
1666242000,149.906,149.977,149.903,149.94,14024
1666249200,149.939,150.085,149.64,149.947,24064
1666256400,149.942,149.944,149.695,149.737,16535
1666263600,149.737,149.915,149.681,149.906,27319
1666270800,149.907,149.925,149.552,149.583,24489
1666278000,149.583,149.948,149.581,149.916,15621
1666285200,149.917,150.248,149.906,150.145,14624
1666292400,150.145,150.285,150.131,150.145,6283
1666299600,150.136,150.148,149.982,150.118,4415
1666306800,150.118,150.219,150.116,150.156,11256
1666314000,150.156,150.284,150.15,150.256,13406
1666321200,150.256,150.432,150.225,150.384,12052
1666328400,150.384,150.454,150.293,150.421,13707
1666335600,150.421,150.946,150.355,150.937,21402
1666342800,150.936,151.359,150.786,151.337,16879
1666350000,151.337,151.943,151.059,151.473,28149
1666357200,151.475,151.686,148.958,150.08,67395
1666364400,150.077,150.096,146.191,147.245,76445
1666371600,147.248,148.455,147.123,147.453,38575
1666378800,147.424,147.773,146.632,147.638,24504
1666558800,147.617,149.443,147.579,149.286,17364
1666566000,149.288,149.707,145.493,148.717,41611
1666573200,148.718,149.042,148.523,148.857,27642
1666580400,148.857,148.986,148.811,148.901,14297
1666587600,148.902,149.256,148.779,149.135,19867
1666594800,149.133,149.404,148.971,149.323,24275
1666602000,149.325,149.461,149.271,149.375,15999
1666609200,149.374,149.393,148.272,149.065,28232
1666616400,149.061,149.222,148.656,148.751,36011
1666623600,148.752,148.969,148.703,148.961,22243
1666630800,148.96,149.037,148.821,148.823,11776
1666638000,148.826,149.095,148.783,149.012,10863
1666645200,149.01,149.099,148.822,148.873,5033
1666652400,148.874,149.003,148.497,148.973,14434
1666659600,148.972,149.059,148.87,148.89,13508
1666666800,148.889,148.908,148.782,148.892,9363
1666674000,148.893,149.001,148.845,148.958,11485
1666681200,148.958,149.006,148.863,148.87,14786
1666688400,148.869,148.987,148.862,148.916,9254
1666695600,148.916,148.965,148.667,148.775,12540
1666702800,148.78,148.802,147.527,147.824,44689
1666710000,147.829,148.147,147.513,148.035,27299
1666717200,148.035,148.126,147.831,147.962,19027
1666724400,147.961,147.991,147.825,147.948,9388
1666731600,147.928,148.361,147.912,148.11,14545
1666738800,148.109,148.22,147.88,148.133,17920
1666746000,148.132,148.41,148.08,148.316,17597
1666753200,148.317,148.329,148.139,148.255,14543
1666760400,148.255,148.276,147.748,147.779,22413
1666767600,147.777,147.838,146.76,146.993,34142
1666774800,146.993,147.311,146.708,147.13,22899
1666782000,147.13,147.355,146.754,147.281,26739
1666789200,147.283,147.33,146.456,146.633,45246
1666796400,146.636,146.645,146.227,146.424,27759
1666803600,146.428,146.497,146.222,146.261,21681
1666810800,146.262,146.402,146.251,146.39,11125
1666818000,146.345,146.464,146.252,146.353,8881
1666825200,146.353,146.447,145.993,146.057,20318
1666832400,146.057,146.397,145.913,146.252,21902
1666839600,146.252,146.256,145.772,145.817,13499
1666846800,145.811,145.815,145.107,145.682,27039
1666854000,145.682,146.006,145.537,145.947,25936
1666861200,145.949,146.477,145.917,146.308,23425
1666868400,146.31,146.936,146.277,146.533,36121
1666875600,146.529,146.661,145.664,146.006,51248
1666882800,146.006,146.17,145.676,146.122,29372
1666890000,146.117,146.311,145.952,146.265,13395
1666897200,146.266,146.307,146.124,146.247,9472
1666904400,146.215,146.326,146.084,146.129,11851
1666911600,146.13,146.63,146.11,146.605,13153
1666918800,146.604,146.855,145.991,146.201,22298
1666926000,146.205,146.595,145.988,146.274,23630
1666933200,146.273,146.647,146.205,146.605,27500
1666940400,146.603,147.586,146.54,147.435,31166
1666947600,147.437,147.86,147.374,147.643,19753
1666954800,147.643,147.839,147.131,147.713,32994
1666962000,147.713,147.73,147.249,147.505,39505
1666969200,147.504,147.758,147.418,147.715,22639
1666976400,147.714,147.74,147.484,147.516,12073
1666983600,147.517,147.523,147.347,147.477,6280
1667163600,147.741,147.781,147.51,147.723,10368
1667170800,147.724,148.281,147.619,148.227,17778
1667178000,148.222,148.264,148.006,148.047,15266
1667185200,148.046,148.098,147.808,147.966,15264
1667192400,147.967,148.004,147.737,147.815,18750
1667199600,147.815,148.334,147.738,148.259,20008
1667206800,148.258,148.696,148.198,148.616,19117
1667214000,148.613,148.789,148.495,148.742,20597
1667221200,148.741,148.789,148.435,148.763,21782
1667228400,148.765,148.85,148.54,148.596,21975
1667235600,148.595,148.668,148.522,148.619,15291
1667242800,148.617,148.757,148.607,148.747,9806
1667250000,148.671,148.759,148.588,148.678,4286
1667257200,148.682,148.824,148.568,148.73,13499
1667264400,148.731,148.734,148.127,148.174,22465
1667271600,148.173,148.435,148.134,148.404,19062
1667278800,148.403,148.426,147.646,147.794,19728
1667286000,147.798,148.03,147.5,147.542,26476
1667293200,147.541,147.776,146.989,147.236,27806
1667300400,147.235,147.349,146.992,147.057,29608
1667307600,147.055,148.213,147.025,148.09,42747
1667314800,148.089,148.263,147.727,148.172,32661
1667322000,148.173,148.346,148.15,148.15,18339
1667329200,148.151,148.278,148.151,148.23,10307
1667336400,148.234,148.383,148.135,148.162,6388
1667343600,148.162,148.176,147.19,147.228,20711
1667350800,147.233,147.443,147.16,147.317,23007
1667358000,147.319,147.707,147.263,147.621,14423
1667365200,147.618,147.622,147.253,147.425,12790
1667372400,147.42,147.447,147.023,147.156,23929
1667379600,147.15,147.246,146.831,146.853,20710
1667386800,146.853,147.394,146.852,147.092,25276
1667394000,147.088,147.16,146.857,146.911,18974
1667401200,146.91,147.169,146.906,147.059,15715
1667408400,147.06,147.229,145.669,146.939,48737
1667415600,146.937,147.968,146.896,147.913,42465
1667422800,147.798,147.994,147.618,147.922,8734
1667430000,147.93,148.001,147.315,147.346,10522
1667437200,147.344,147.533,147.11,147.362,18001
1667444400,147.361,147.361,147.219,147.262,10281
1667451600,147.262,147.685,147.244,147.566,13930
1667458800,147.569,148.192,147.567,148.123,30409
1667466000,148.125,148.427,148.062,148.29,26797
1667473200,148.291,148.445,148.063,148.435,32124
1667480400,148.437,148.448,147.612,147.863,43316
1667487600,147.863,148.36,147.792,148.233,25711
1667494800,148.238,148.311,148.166,148.241,17448
1667502000,148.242,148.311,148.19,148.262,7797
1667509200,148.197,148.286,147.978,148.167,4359
1667516400,148.16,148.401,148.09,148.199,11291
1667523600,148.196,148.231,148.004,148.089,15623
1667530800,148.088,148.151,147.851,147.864,14549
1667538000,147.866,148.021,147.681,147.959,17997
1667545200,147.97,148.043,147.536,147.713,25301
1667552400,147.713,147.872,147.615,147.799,18232
1667559600,147.799,148.206,147.113,147.192,37005
1667566800,147.204,147.388,146.56,146.745,53913
1667574000,146.744,147.339,146.678,147.154,30034
1667581200,147.154,147.172,146.77,146.782,18706
1667588400,146.782,146.856,146.552,146.654,10334
1667772000,147.129,147.129,146.743,146.842,12331
1667779200,146.842,147.219,146.702,147.104,18849
1667786400,147.105,147.345,147.097,147.214,12163
1667793600,147.216,147.244,147.043,147.156,10418
1667800800,147.156,147.558,147.121,147.513,17589
1667808000,147.514,147.566,146.581,146.705,34073
1667815200,146.705,146.745,146.425,146.624,24977
1667822400,146.627,146.788,146.143,146.322,32155
1667829600,146.322,146.653,146.083,146.456,37576
1667836800,146.454,146.732,146.434,146.515,22191
1667844000,146.518,146.589,146.439,146.575,13200
1667851200,146.576,146.68,146.508,146.631,7410
1667858400,146.58,146.722,146.547,146.629,7105
1667865600,146.624,146.781,146.31,146.691,16166
1667872800,146.691,146.761,146.513,146.651,11701
1667880000,146.651,146.808,146.602,146.752,9870
1667887200,146.754,146.933,146.592,146.736,17751
1667894400,146.736,146.827,146.19,146.213,30380
1667901600,146.212,146.404,146.147,146.332,21204
1667908800,146.332,146.55,146.233,146.364,25183
1667916000,146.37,146.377,145.341,145.5,36327
1667923200,145.5,145.64,145.31,145.53,23251
1667930400,145.531,145.722,145.369,145.548,24550
1667937600,145.548,145.7,145.481,145.669,9716
1667944800,145.65,145.687,145.199,145.297,13275
1667952000,145.296,145.861,145.241,145.587,20624
1667959200,145.588,145.588,145.172,145.542,19521
1667966400,145.542,145.781,145.506,145.778,17957
1667973600,145.779,145.898,145.452,145.511,20863
1667980800,145.512,145.857,145.211,145.769,32688
1667988000,145.768,145.875,145.59,145.707,26972
1667995200,145.705,146.463,145.635,146.418,36667
1668002400,146.418,146.578,145.822,146.303,45364
1668009600,146.297,146.297,145.967,146.189,22220
1668016800,146.187,146.793,146.143,146.653,18774
1668024000,146.659,146.673,146.319,146.391,13589
1668031200,146.443,146.478,146.173,146.2,6299
1668038400,146.198,146.367,146.107,146.24,15478
1668045600,146.241,146.317,146.069,146.101,15392
1668052800,146.102,146.209,146.052,146.135,9018
1668060000,146.135,146.445,146.099,146.302,15452
1668067200,146.301,146.437,146.112,146.42,22417
1668074400,146.419,146.59,146.359,146.519,19308
1668081600,146.515,146.542,143.17,143.722,36822
1668088800,143.721,143.871,141.548,141.576,77929
1668096000,141.578,142.237,141.464,142.111,40506
1668103200,142.089,142.197,141.75,141.816,23190
1668110400,141.815,141.906,140.2,140.954,29147
1668117600,140.955,142.013,140.777,141.739,17722
1668124800,141.732,142.48,141.352,142.355,25919
1668132000,142.355,142.472,141.793,141.914,18466
1668139200,141.914,142.147,141.328,141.663,20382
1668146400,141.658,141.712,141.044,141.185,28699
1668153600,141.187,141.482,139.978,140.034,42004
1668160800,140.03,140.096,138.752,139.494,45170
1668168000,139.493,139.768,139.151,139.259,34692
1668175200,139.258,139.798,138.981,139.057,45493
1668182400,139.056,139.258,138.681,138.772,26892
1668189600,138.772,138.794,138.463,138.478,18608
1668196800,138.48,138.778,138.48,138.765,12356
1668376800,139.032,139.961,139.032,139.612,13932
1668384000,139.612,139.743,138.797,139.095,31653
1668391200,139.079,139.242,138.903,139.096,19036
1668398400,139.096,139.68,139.095,139.583,17836
1668405600,139.581,139.586,139.105,139.497,23921
1668412800,139.5,140.418,139.351,140.387,41189
1668420000,140.389,140.797,140.265,140.555,27863
1668427200,140.558,140.632,140.068,140.481,34208
1668434400,140.478,140.715,140.313,140.4,34838
1668441600,140.399,140.495,140.208,140.254,24371
1668448800,140.254,140.261,139.853,139.907,13455
1668456000,139.907,139.935,139.647,139.913,9793
1668463200,139.863,140.19,139.838,140.093,9203
1668470400,140.093,140.508,139.988,140.279,21180
1668477600,140.278,140.49,140.22,140.399,14840
1668484800,140.397,140.624,140.19,140.376,15368
1668492000,140.377,140.443,139.174,139.337,28693
1668499200,139.337,139.722,139.242,139.37,34916
1668506400,139.36,139.36,138.96,139.175,27858
1668513600,139.173,139.467,137.672,138.615,41176
1668520800,138.604,139.54,138.338,139.227,53794
1668528000,139.229,139.688,139.012,139.272,28988
1668535200,139.269,139.522,139.042,139.067,46374
1668542400,139.066,139.363,138.977,139.312,24733
1668549600,139.227,139.331,138.727,138.962,14514
1668556800,138.954,139.911,138.865,139.723,33049
1668564000,139.72,140.201,139.598,140.187,26125
1668571200,140.183,140.29,139.668,139.715,27108
1668578400,139.714,140.003,139.269,139.376,29866
1668585600,139.365,139.717,139.273,139.393,29932
1668592800,139.393,139.556,139.187,139.43,25866
1668600000,139.428,140.044,139.193,139.778,33256
1668607200,139.769,139.801,139.041,139.353,41143
1668614400,139.353,139.68,139.257,139.413,20877
1668621600,139.414,139.711,139.29,139.308,16640
1668628800,139.31,139.569,139.244,139.529,15578
1668636000,139.373,139.54,139.303,139.33,10846
1668643200,139.323,139.601,139.219,139.524,15991
1668650400,139.525,139.799,139.46,139.588,16196
1668657600,139.586,139.616,139.361,139.435,13483
1668664800,139.433,139.604,139.221,139.326,18918
1668672000,139.32,139.71,138.876,139.626,28713
1668679200,139.626,140.097,139.567,139.887,25905
1668686400,139.885,140.598,139.665,140.511,40415
1668693600,140.508,140.717,140.293,140.588,35798
1668700800,140.589,140.741,140.18,140.295,21522
1668708000,140.295,140.356,140.061,140.217,14813
1668715200,140.218,140.28,140.119,140.211,12739
1668722400,140.166,140.444,140.166,140.421,16088
1668729600,140.423,140.499,140.021,140.073,19022
1668736800,140.076,140.076,139.649,139.711,19339
1668744000,139.712,140.077,139.712,139.78,13303
1668751200,139.781,139.98,139.632,139.831,19296
1668758400,139.833,140.289,139.8,139.948,28980
1668765600,139.948,140.03,139.713,139.859,19421
1668772800,139.86,140.077,139.709,139.93,22015
1668780000,139.929,140.091,139.688,139.874,27157
1668787200,139.875,140.25,139.842,140.241,14685
1668794400,140.242,140.409,140.178,140.38,9218
1668801600,140.381,140.423,140.29,140.377,6682
1668981600,140.27,140.396,140.158,140.263,13289
1668988800,140.263,140.495,140.194,140.295,17380
1668996000,140.292,140.451,140.291,140.348,11868
1669003200,140.353,140.571,140.296,140.543,12041
1669010400,140.548,140.892,140.485,140.853,18658
1669017600,140.853,141.873,140.848,141.836,25442
1669024800,141.833,141.938,141.624,141.87,21390
1669032000,141.869,142.058,141.547,141.595,23598
1669039200,141.593,141.944,141.314,141.941,28831
1669046400,141.943,142.253,141.836,142.11,16968
1669053600,142.111,142.206,142.005,142.164,13078
1669060800,142.166,142.166,142.004,142.111,12690
1669068000,141.998,142.163,141.984,142.093,8789
1669075200,142.09,142.24,141.76,141.824,17856
1669082400,141.824,141.874,141.634,141.775,12523
1669089600,141.774,141.966,141.643,141.838,10799
1669096800,141.837,142.031,141.736,141.811,14467
1669104000,141.812,141.905,141.167,141.281,25699
1669111200,141.28,141.388,141.08,141.174,18806
1669118400,141.175,141.47,141.153,141.458,21495
1669125600,141.45,141.545,141.147,141.355,24243
1669132800,141.354,141.458,141.217,141.233,12675
1669140000,141.232,141.299,141.148,141.196,8145
1669147200,141.196,141.266,141.152,141.218,5529
1669154400,141.188,141.227,141.148,141.16,9547
1669161600,141.16,141.44,140.909,141.337,11313
1669168800,141.343,141.425,141.199,141.392,8289
1669176000,141.392,141.509,141.301,141.347,7429
1669183200,141.353,141.414,141.067,141.168,15366
1669190400,141.17,141.509,141.149,141.345,17942
1669197600,141.344,141.61,141.339,141.425,13076
1669204800,141.425,141.53,140.986,141.054,22931
1669212000,141.057,141.125,139.661,139.734,38565
1669219200,139.736,139.887,139.563,139.846,20724
1669226400,139.841,139.973,139.166,139.401,24163
1669233600,139.403,139.611,139.335,139.585,17115
1669240800,139.591,139.593,139.207,139.244,7339
1669248000,139.238,139.493,138.757,138.783,19241
1669255200,138.779,138.969,138.629,138.65,12712
1669262400,138.65,138.932,138.61,138.923,10888
1669269600,138.922,138.994,138.555,138.975,16774
1669276800,138.975,139.219,138.549,138.572,20759
1669284000,138.573,138.594,138.052,138.323,22477
1669291200,138.322,138.434,138.084,138.309,19437
1669298400,138.308,138.418,138.093,138.357,18805
1669305600,138.356,138.499,138.309,138.407,9535
1669312800,138.407,138.511,138.395,138.474,2579
1669320000,138.468,138.651,138.43,138.64,3245
1669327200,138.43,138.757,138.43,138.603,4135
1669334400,138.601,139.049,138.465,138.764,15963
1669341600,138.769,138.806,138.612,138.654,8909
1669348800,138.657,138.762,138.371,138.672,11763
1669356000,138.675,138.814,138.417,138.789,14472
1669363200,138.798,139.527,138.558,139.391,23566
1669370400,139.387,139.595,139.179,139.58,17394
1669377600,139.581,139.588,139.206,139.351,20933
1669384800,139.349,139.568,139.202,139.222,19902
1669392000,139.225,139.287,139.017,139.143,12601
1669399200,139.146,139.154,139.004,139.036,16358
1669406400,139.036,139.194,139.021,139.101,5083
1669586400,139.242,139.421,139.106,139.376,6239
1669593600,139.375,139.375,138.653,138.691,20649
1669600800,138.69,138.775,138.335,138.657,16698
1669608000,138.65,138.708,138.356,138.368,13781
1669615200,138.368,138.383,137.801,138.311,22073
1669622400,138.311,138.397,137.498,137.771,31644
1669629600,137.761,138.258,137.531,138.147,22510
1669636800,138.146,138.746,138.135,138.514,23008
1669644000,138.517,138.869,138.317,138.774,31278
1669651200,138.777,138.918,138.642,138.797,21148
1669658400,138.798,139.011,138.775,138.867,11460
1669665600,138.868,138.971,138.822,138.905,9086
1669672800,138.908,138.97,138.722,138.723,7014
1669680000,138.721,139.352,138.54,138.756,19360
1669687200,138.758,138.885,138.415,138.605,16841
1669694400,138.611,138.711,138.434,138.525,14340
1669701600,138.516,138.698,138.147,138.288,25285
1669708800,138.286,138.411,137.925,138.123,29645
1669716000,138.119,138.231,137.864,137.932,21581
1669723200,137.933,138.627,137.902,138.594,24639
1669730400,138.594,138.853,138.224,138.323,29526
1669737600,138.321,138.527,138.213,138.465,16440
1669744800,138.467,138.685,138.38,138.646,9848
1669752000,138.645,138.798,138.639,138.7,7699
1669759200,138.525,138.797,138.525,138.751,14249
1669766400,138.744,138.944,138.441,138.522,18247
1669773600,138.519,138.846,138.462,138.76,13149
1669780800,138.761,138.761,138.374,138.475,12452
1669788000,138.474,138.626,138.329,138.533,15529
1669795200,138.536,138.871,138.447,138.76,21475
1669802400,138.759,139.048,138.727,138.751,18838
1669809600,138.75,139.432,138.472,139.389,31690
1669816800,139.384,139.895,139.051,139.499,37892
1669824000,139.5,139.629,139.129,139.376,23455
1669831200,139.376,139.594,137.947,137.961,47325
1669838400,137.965,138.152,137.651,138.094,23797
1669845600,137.997,138.113,137.252,137.357,14251
1669852800,137.357,137.544,136.494,136.777,31892
1669860000,136.779,136.994,136.57,136.746,19266
1669867200,136.748,136.918,136.205,136.402,18810
1669874400,136.4,136.586,135.832,136.543,27504
1669881600,136.541,136.667,136.203,136.334,29369
1669888800,136.336,136.495,136.168,136.235,19872
1669896000,136.236,136.339,135.746,136.193,30279
1669903200,136.197,136.331,135.531,135.921,49761
1669910400,135.922,135.957,135.31,135.434,27823
1669917600,135.436,135.533,135.257,135.263,18199
1669924800,135.258,135.385,135.211,135.34,12336
1669932000,135.239,135.386,135.033,135.15,17842
1669939200,135.151,135.596,135.011,135.119,18942
1669946400,135.12,135.332,135.037,135.156,15036
1669953600,135.155,135.245,135.05,135.146,11493
1669960800,135.147,135.201,134.552,134.64,21355
1669968000,134.639,134.805,133.623,133.988,36332
1669975200,133.988,134.315,133.871,134.003,23733
1669982400,134.006,135.986,133.94,135.402,42617
1669989600,135.41,135.743,135.115,135.474,48511
1669996800,135.474,135.541,134.442,134.659,27674
1670004000,134.653,134.79,134.417,134.441,16077
1670011200,134.445,134.478,134.236,134.308,14701
1670191200,134.514,134.598,134.255,134.478,10261
1670198400,134.479,134.768,134.13,134.264,22419
1670205600,134.264,134.465,134.201,134.293,16448
1670212800,134.294,134.654,134.254,134.552,12264
1670220000,134.551,135.247,134.536,135.131,21807
1670227200,135.127,135.484,134.863,135.237,30202
1670234400,135.238,135.541,135.187,135.282,19060
1670241600,135.283,135.743,135.017,135.647,24784
1670248800,135.645,136.401,135.605,136.322,39057
1670256000,136.32,136.671,136.207,136.629,20385
1670263200,136.631,136.861,136.523,136.677,12892
1670270400,136.676,136.836,136.606,136.755,12828
1670277600,136.614,136.841,136.573,136.583,18111
1670284800,136.581,136.649,136.288,136.498,20747
1670292000,136.498,137.172,136.48,136.917,22575
1670299200,136.92,137.053,136.711,136.971,17666
1670306400,136.968,137.427,136.879,136.943,22082
1670313600,136.938,137.004,136.536,136.771,27442
1670320800,136.772,136.775,136.253,136.302,20650
1670328000,136.305,136.413,135.962,136.409,25421
1670335200,136.406,136.774,136.339,136.667,28334
1670342400,136.666,136.875,136.314,136.835,15217
1670349600,136.836,137.074,136.812,136.92,9862
1670356800,136.919,137.083,136.882,137.038,7292
1670364000,136.886,137.003,136.838,136.884,12883
1670371200,136.884,137.361,136.789,136.94,19039
1670378400,136.942,137.254,136.836,137.136,15752
1670385600,137.136,137.495,137.136,137.391,15758
1670392800,137.39,137.857,137.309,137.422,24753
1670400000,137.423,137.805,137.342,137.618,25595
1670407200,137.618,137.691,137.331,137.653,17806
1670414400,137.649,137.734,136.533,136.618,33195
1670421600,136.611,136.866,136.387,136.693,47153
1670428800,136.694,136.797,136.268,136.344,19874
1670436000,136.342,136.384,136.217,136.297,12675
1670443200,136.3,136.61,136.3,136.589,13346
1670450400,136.601,136.601,136.242,136.381,11924
1670457600,136.377,137.043,136.271,136.872,18604
1670464800,136.87,137.089,136.72,136.829,13642
1670472000,136.828,137.246,136.825,137.092,14035
1670479200,137.092,137.105,136.572,136.71,18156
1670486400,136.711,137.151,136.697,136.98,20172
1670493600,136.982,136.989,136.757,136.801,14303
1670500800,136.803,136.894,136.312,136.615,24925
1670508000,136.62,136.78,136.32,136.5,29121
1670515200,136.501,136.649,136.396,136.563,15580
1670522400,136.57,136.748,136.524,136.667,12407
1670529600,136.673,136.707,136.608,136.678,6110
1670536800,136.582,136.68,136.518,136.64,20868
1670544000,136.629,136.879,136.034,136.104,25351
1670551200,136.092,136.356,135.762,135.869,19035
1670558400,135.863,136.169,135.839,136.157,12847
1670565600,136.154,136.389,135.942,136.352,17925
1670572800,136.352,136.459,136.151,136.204,19687
1670580000,136.199,136.208,135.683,135.849,15625
1670587200,135.841,136.683,135.603,136.057,35145
1670594400,136.056,136.905,136.006,136.595,40627
1670601600,136.595,136.627,136.243,136.471,16841
1670608800,136.474,136.511,136.338,136.475,7920
1670616000,136.477,136.713,136.448,136.575,6756
1670796000,136.478,136.834,136.443,136.717,9623
1670803200,136.724,137.097,136.691,136.856,17872
1670810400,136.859,136.976,136.785,136.824,10011
1670817600,136.825,137.135,136.795,137.001,11146
1670824800,137,137.101,136.654,136.695,19145
1670832000,136.688,136.966,136.642,136.648,20261
1670839200,136.648,136.825,136.616,136.816,12552
1670846400,136.816,137.259,136.779,137.014,15344
1670853600,137.014,137.443,136.909,137.404,22720
1670860800,137.402,137.684,137.328,137.562,17410
1670868000,137.561,137.85,137.521,137.764,15014
1670875200,137.768,137.803,137.621,137.651,8482
1670882400,137.627,137.666,137.37,137.514,17418
1670889600,137.514,137.892,137.487,137.657,15525
1670896800,137.658,137.78,137.571,137.722,11160
1670904000,137.723,137.971,137.531,137.562,11729
1670911200,137.552,137.71,137.32,137.415,16136
1670918400,137.416,137.771,137.357,137.677,21349
1670925600,137.674,137.834,137.507,137.558,13740
1670932800,137.558,137.567,134.946,135.156,38176
1670940000,135.151,135.373,134.655,135.194,55357
1670947200,135.192,135.336,134.917,135.325,28504
1670954400,135.324,135.597,135.281,135.48,20477
1670961600,135.482,135.647,135.449,135.582,12555
1670968800,135.512,135.735,135.434,135.574,19790
1670976000,135.574,135.689,135.288,135.586,20214
1670983200,135.586,135.66,135.412,135.513,11692
1670990400,135.514,135.614,135.365,135.431,8740
1670997600,135.43,135.563,135.238,135.477,18500
1671004800,135.476,135.602,135.079,135.21,25080
1671012000,135.209,135.218,134.509,134.948,25139
1671019200,134.948,135.135,134.853,134.961,21621
1671026400,134.964,135.135,134.75,134.855,24464
1671033600,134.858,135.1,134.757,135.089,15267
1671040800,135.09,135.992,134.563,135.417,48060
1671048000,135.412,135.488,134.803,135.45,35899
1671055200,135.426,135.475,135.237,135.361,24816
1671062400,135.36,135.537,135.283,135.441,17300
1671069600,135.435,135.622,135.429,135.548,12314
1671076800,135.547,135.882,135.518,135.593,11900
1671084000,135.593,135.897,135.549,135.865,14889
1671091200,135.863,136.79,135.732,136.567,28990
1671098400,136.567,136.925,136.513,136.523,18359
1671105600,136.528,136.784,136.38,136.409,32392
1671112800,136.413,137.663,136.178,137.609,45354
1671120000,137.608,138.13,137.467,138.097,25927
1671127200,138.086,138.177,137.699,137.761,12850
1671134400,137.757,137.871,137.627,137.788,8272
1671141600,137.733,137.797,137.638,137.749,3880
1671148800,137.748,137.787,137.299,137.345,18776
1671156000,137.339,137.388,136.953,137.316,17992
1671163200,137.314,137.409,137.14,137.348,12374
1671170400,137.349,137.385,137.131,137.23,18975
1671177600,137.225,137.281,136.821,137.185,25330
1671184800,137.181,137.235,136.944,137.026,18491
1671192000,137.027,137.213,136.971,137.042,18470
1671199200,137.042,137.353,136.558,136.628,35720
1671206400,136.627,136.698,136.401,136.428,18223
1671213600,136.427,136.565,136.293,136.549,10178
1671220800,136.549,136.754,136.462,136.725,9794
1671400800,136.725,136.725,135.917,136.573,10869
1671408000,136.572,136.596,135.815,135.871,22724
1671415200,135.873,136.348,135.769,136.262,20018
1671422400,136.254,136.256,136.046,136.19,13198
1671429600,136.189,136.195,135.807,135.848,20355
1671436800,135.842,136.167,135.752,136.121,24201
1671444000,136.122,136.359,135.983,136.323,18973
1671451200,136.325,136.71,136.295,136.668,23481
1671458400,136.668,137.012,136.515,136.978,22240
1671465600,136.977,137.161,136.715,136.765,15668
1671472800,136.765,136.992,136.732,136.978,10226
1671480000,136.973,137.049,136.894,136.904,6721
1671487200,136.892,136.996,136.69,136.973,11046
1671494400,136.972,137.475,136.971,137.277,17990
1671501600,137.275,137.415,133.101,133.446,44872
1671508800,133.445,133.592,132.927,132.927,45525
1671516000,132.914,133.701,132.272,132.592,51691
1671523200,132.593,132.655,131.995,132.059,47569
1671530400,132.06,132.591,132.058,132.452,28838
1671537600,132.453,132.904,132.176,132.195,33507
1671544800,132.198,132.537,131.364,131.383,39175
1671552000,131.38,131.561,130.568,131.156,38906
1671559200,131.154,131.606,131.126,131.514,17663
1671566400,131.514,131.832,131.512,131.706,12487
1671573600,131.534,132.002,131.525,131.89,9932
1671580800,131.887,132.315,131.492,132.169,29688
1671588000,132.175,132.295,131.915,132.065,17163
1671595200,132.064,132.371,132.046,132.186,15175
1671602400,132.186,132.246,131.725,131.781,18954
1671609600,131.777,131.88,131.547,131.665,29537
1671616800,131.664,131.962,131.562,131.836,20641
1671624000,131.835,132.348,131.733,132.288,22862
1671631200,132.287,132.53,131.797,131.978,31090
1671638400,131.973,132.502,131.917,132.339,18953
1671645600,132.343,132.365,132.083,132.166,15102
1671652800,132.164,132.455,132.164,132.448,15634
1671660000,132.335,132.419,132.272,132.395,12849
1671667200,132.394,132.465,131.793,131.894,21819
1671674400,131.893,131.98,131.643,131.753,17887
1671681600,131.753,131.959,131.701,131.928,10336
1671688800,131.929,132.052,131.751,131.95,13888
1671696000,131.952,132.106,131.842,131.984,18705
1671703200,131.986,132.191,131.96,132.107,13185
1671710400,132.106,132.504,131.907,132.372,21801
1671717600,132.371,132.722,132.165,132.265,30498
1671724800,132.266,132.497,132.176,132.405,12530
1671732000,132.408,132.506,132.348,132.416,10063
1671739200,132.414,132.489,132.258,132.367,11018
1671746400,132.353,132.446,132.152,132.374,19602
1671753600,132.374,132.812,132.291,132.652,23434
1671760800,132.651,132.753,132.581,132.662,14513
1671768000,132.661,132.759,132.579,132.705,9882
1671775200,132.706,132.728,132.438,132.518,14476
1671782400,132.521,132.753,132.502,132.592,12948
1671789600,132.593,132.773,132.584,132.71,10015
1671796800,132.709,133.012,132.513,132.805,23957
1671804000,132.804,133.14,132.765,132.847,31880
1671811200,132.846,132.892,132.731,132.879,13471
1671818400,132.882,132.941,132.839,132.86,6687
1672092000,132.799,132.914,132.694,132.762,9182
1672099200,132.761,133.19,132.63,132.865,16178
1672106400,132.866,132.987,132.783,132.907,10723
1672113600,132.908,132.986,132.79,132.803,7497
1672120800,132.8,132.921,132.739,132.872,11275
1672128000,132.872,133.217,132.86,133.173,15955
1672135200,133.174,133.374,133.161,133.266,10099
1672142400,133.269,133.499,133.136,133.459,16813
1672149600,133.461,133.593,133.179,133.342,20134
1672156800,133.343,133.549,133.289,133.488,12101
1672164000,133.488,133.511,133.331,133.475,9323
1672171200,133.474,133.566,133.422,133.498,6754
1672178400,133.321,133.529,133.206,133.486,8906
1672185600,133.486,133.944,133.45,133.701,19673
1672192800,133.708,134.404,133.708,134.245,16322
1672200000,134.238,134.277,133.916,134.07,14065
1672207200,134.07,134.077,133.805,133.909,15611
1672214400,133.909,134.207,133.803,134.034,18630
1672221600,134.031,134.068,133.751,133.834,13857
1672228800,133.833,133.9,133.401,133.817,19350
1672236000,133.818,134.281,133.628,134.23,22959
1672243200,134.228,134.304,134.061,134.173,18028
1672250400,134.172,134.383,134.066,134.372,11685
1672257600,134.378,134.499,134.361,134.478,8176
1672264800,134.351,134.397,133.975,134.031,11131
1672272000,134.03,134.199,133.665,133.724,20234
1672279200,133.74,133.894,133.489,133.851,13415
1672286400,133.847,133.871,133.592,133.669,8523
1672293600,133.669,133.898,133.469,133.786,14096
1672300800,133.787,133.815,133.535,133.612,16636
1672308000,133.612,133.823,133.611,133.76,10028
1672315200,133.76,133.8,133.098,133.167,19820
1672322400,133.166,133.306,132.905,133.224,27485
1672329600,133.219,133.369,132.99,133.034,14053
1672336800,133.029,133.063,132.879,132.887,13916
1672344000,132.888,133.057,132.888,133.013,12478
1672351200,132.971,133.093,132.865,132.919,23044
1672358400,132.917,132.962,132.384,132.448,17995
1672365600,132.452,132.688,132.446,132.662,10273
1672372800,132.662,132.773,132.46,132.624,9965
1672380000,132.622,132.654,132.101,132.138,13425
1672387200,132.138,132.186,131.552,132.123,23338
1672394400,132.115,132.115,131.607,131.744,15254
1672401600,131.749,132.057,131.705,131.903,21739
1672408800,131.908,132.334,131.506,131.934,36807
1672416000,131.932,131.993,130.999,130.999,26067
1672423200,130.999,131.107,130.772,130.977,23207
1672610400,130.781,130.887,130.693,130.887,270
1672617600,130.888,131.041,130.828,130.9,2213
1672624800,130.898,130.997,130.886,130.925,540
1672632000,130.925,130.961,130.878,130.908,1903
1672639200,130.93,130.977,130.898,130.939,2105
1672646400,130.937,130.964,130.857,130.874,3989
1672653600,130.873,130.877,130.759,130.775,4779
1672660800,130.775,130.799,130.616,130.637,5490
1672668000,130.636,130.825,130.616,130.789,18632
1672675200,130.79,130.826,130.655,130.775,21599
1672682400,130.779,130.783,130.721,130.736,4684
1672689600,130.737,130.745,130.599,130.599,715
1672696800,130.599,131.403,130.533,130.795,10434
1672704000,130.791,130.902,129.808,130.151,26887
1672711200,130.156,130.305,129.68,129.783,21882
1672718400,129.78,129.953,129.507,129.815,18637
1672725600,129.812,130.252,129.615,130.109,23155
1672732800,130.109,130.963,130.099,130.416,42082
1672740000,130.413,130.888,130.362,130.875,22582
1672747200,130.876,131.198,130.589,130.655,27639
1672754400,130.66,130.934,130.054,130.743,35232
1672761600,130.745,131.107,130.622,130.794,21663
1672768800,130.791,130.813,130.575,130.78,10682
1672776000,130.772,131.036,130.751,130.985,9826
1672783200,131.022,131.463,130.957,131.296,17098
1672790400,131.298,131.306,130.58,130.646,24169
1672797600,130.646,130.936,130.617,130.647,14265
1672804800,130.643,130.996,130.642,130.853,12799
1672812000,130.852,130.878,130.115,130.246,23932
1672819200,130.252,130.631,129.924,130.422,34844
1672826400,130.422,130.596,130.278,130.532,14498
1672833600,130.532,130.977,130.516,130.71,25410
1672840800,130.707,132.088,130.699,132.014,42365
1672848000,132.014,132.715,131.94,132.55,24297
1672855200,132.55,132.718,132.386,132.611,24225
1672862400,132.612,132.713,132.487,132.649,10967
1672869600,132.458,132.583,132.066,132.255,9055
1672876800,132.246,132.316,131.683,131.971,25205
1672884000,131.972,132.388,131.924,132.348,19760
1672891200,132.35,132.623,132.195,132.483,17426
1672898400,132.482,132.613,132.244,132.483,22497
1672905600,132.478,132.904,132.425,132.534,26264
1672912800,132.524,132.638,132.322,132.451,18504
1672920000,132.451,133.724,132.391,133.688,37136
1672927200,133.687,134.056,133.467,133.872,40978
1672934400,133.871,133.914,133.071,133.247,24404
1672941600,133.249,133.328,132.954,133.188,21238
1672948800,133.187,133.441,133.187,133.422,12897
1672956000,133.394,133.52,133.27,133.321,16010
1672963200,133.318,133.809,133.308,133.807,17960
1672970400,133.801,133.944,133.582,133.817,14109
1672977600,133.819,134.375,133.777,134.16,14370
1672984800,134.169,134.323,133.696,134.223,23206
1672992000,134.221,134.597,134.151,134.411,22038
1672999200,134.412,134.627,134.22,134.528,18761
1673006400,134.529,134.774,133.236,133.374,39686
1673013600,133.37,134.101,132.357,132.435,58105
1673020800,132.432,132.545,132.08,132.11,26218
1673028000,132.109,132.212,131.998,132.035,12353
1673035200,132.041,132.158,132.033,132.139,6982
1673215200,131.869,132.285,131.788,131.807,13102
1673222400,131.806,132.114,131.591,131.745,21617
1673229600,131.744,131.786,131.307,131.631,17170
1673236800,131.63,131.913,131.534,131.845,11499
1673244000,131.844,132.369,131.616,132.23,23857
1673251200,132.234,132.572,131.99,132.444,27435
1673258400,132.443,132.655,132.366,132.511,21036
1673265600,132.514,132.517,131.727,131.781,27433
1673272800,131.782,132.07,131.689,131.949,32227
1673280000,131.951,131.956,131.554,131.762,21534
1673287200,131.76,131.881,131.533,131.57,14352
1673294400,131.569,131.893,131.565,131.885,11161
1673301600,131.728,131.918,131.594,131.733,15689
1673308800,131.733,132.223,131.384,131.521,27041
1673316000,131.519,131.918,131.488,131.83,19353
1673323200,131.83,132.034,131.662,131.772,11394
1673330400,131.771,132.291,131.734,132.221,22114
1673337600,132.222,132.227,131.695,131.821,28245
1673344800,131.823,132.186,131.816,132.047,20042
1673352000,132.045,132.478,132.043,132.29,24560
1673359200,132.288,132.327,131.728,132.176,45543
1673366400,132.175,132.347,132.07,132.207,21474
1673373600,132.21,132.303,132.149,132.23,13654
1673380800,132.228,132.271,132.152,132.235,9083
1673388000,132.089,132.227,132.065,132.105,17213
1673395200,132.1,132.528,132.092,132.393,19845
1673402400,132.394,132.581,132.329,132.454,15294
1673409600,132.455,132.497,132.133,132.262,11469
1673416800,132.261,132.429,132.162,132.421,15750
1673424000,132.419,132.746,132.386,132.482,22811
1673431200,132.482,132.602,132.313,132.58,18488
1673438400,132.577,132.873,132.567,132.696,22111
1673445600,132.694,132.751,132.383,132.597,27440
1673452800,132.596,132.625,132.417,132.486,12524
1673460000,132.486,132.706,132.285,132.414,17315
1673467200,132.412,132.554,132.389,132.493,12827
1673474400,132.419,132.477,131.774,131.901,26844
1673481600,131.899,132.035,131.538,131.667,29052
1673488800,131.669,131.81,131.465,131.7,16173
1673496000,131.703,131.81,131.364,131.638,14237
1673503200,131.64,131.9,131.514,131.602,20708
1673510400,131.603,131.776,130.855,130.958,28701
1673517600,130.957,131.164,130.809,130.878,23962
1673524800,130.879,131.216,129.501,129.649,44443
1673532000,129.643,130.784,129.581,129.837,63438
1673539200,129.837,129.943,129.182,129.195,35774
1673546400,129.194,129.445,128.862,129.297,26737
1673553600,129.297,129.429,129.166,129.323,14867
1673560800,129.206,129.421,129.069,129.174,16394
1673568000,129.173,129.347,128.634,128.933,37276
1673575200,128.933,129.286,128.924,129.122,21920
1673582400,129.121,129.303,129.004,129.163,16875
1673589600,129.164,129.17,128.249,128.375,29375
1673596800,128.376,128.723,128.107,128.524,35521
1673604000,128.523,128.79,128.271,128.748,23522
1673611200,128.751,128.831,128.172,128.24,29238
1673618400,128.24,128.328,127.459,127.511,41313
1673625600,127.512,127.98,127.475,127.706,21727
1673632800,127.704,127.943,127.672,127.933,13377
1673640000,127.928,127.935,127.78,127.859,6347
1673820000,127.749,128.152,127.719,128.054,10075
1673827200,128.053,128.199,127.532,127.68,31964
1673834400,127.679,127.73,127.221,127.402,24773
1673841600,127.402,127.785,127.323,127.608,17495
1673848800,127.607,128.19,127.577,127.971,25107
1673856000,127.972,128.867,127.901,128.372,35102
1673863200,128.37,128.541,128.115,128.308,19095
1673870400,128.306,128.563,128.237,128.426,19143
1673877600,128.427,128.564,128.368,128.531,17548
1673884800,128.536,128.764,128.438,128.709,8668
1673892000,128.709,128.717,128.502,128.563,5862
1673899200,128.563,128.58,128.429,128.472,7262
1673906400,128.501,128.505,128.207,128.337,12051
1673913600,128.338,128.954,128.3,128.805,23478
1673920800,128.805,129.156,128.664,128.774,19172
1673928000,128.775,128.824,128.576,128.648,13212
1673935200,128.649,129.025,128.53,128.734,23125
1673942400,128.734,128.814,128.385,128.785,26219
1673949600,128.786,129.122,128.632,128.705,22563
1673956800,128.705,128.795,128.321,128.712,30845
1673964000,128.712,128.719,128.128,128.145,45576
1673971200,128.146,128.324,127.991,128.244,24085
1673978400,128.243,128.444,128.18,128.338,11865
1673985600,128.339,128.348,128.106,128.155,7305
1673992800,128.078,128.299,128.028,128.283,11467
1674000000,128.283,129.04,128.221,128.562,25025
1674007200,128.564,131.256,128.376,131.141,49109
1674014400,131.14,131.572,130.769,130.814,29249
1674021600,130.813,131.229,130.057,130.255,46102
1674028800,130.254,130.316,129.202,129.394,46233
1674036000,129.392,129.588,128.839,128.99,35166
1674043200,128.986,129.243,128.001,128.125,42350
1674050400,128.126,128.442,127.565,128.368,53096
1674057600,128.369,128.953,128.222,128.815,26236
1674064800,128.816,128.895,128.603,128.69,17949
1674072000,128.695,128.931,128.695,128.91,11385
1674079200,128.876,128.876,128.449,128.551,15495
1674086400,128.541,128.693,128.281,128.576,25969
1674093600,128.572,128.633,128.152,128.29,16301
1674100800,128.29,128.296,127.76,127.982,15925
1674108000,127.982,128.25,127.762,128.177,22609
1674115200,128.18,128.402,128.089,128.324,24934
1674122400,128.322,128.721,128.305,128.617,23522
1674129600,128.618,128.82,128.361,128.383,30900
1674136800,128.385,128.624,128.231,128.46,32642
1674144000,128.46,128.622,128.385,128.563,16242
1674151200,128.561,128.632,128.351,128.45,14717
1674158400,128.448,128.479,128.298,128.423,8932
1674165600,128.362,128.482,128.351,128.371,13518
1674172800,128.368,128.888,128.35,128.838,20290
1674180000,128.836,128.889,128.701,128.816,12457
1674187200,128.816,129.296,128.816,129.17,16181
1674194400,129.17,129.184,128.775,128.884,18763
1674201600,128.89,129.494,128.727,129.47,24772
1674208800,129.472,129.959,129.178,129.915,25891
1674216000,129.912,130.609,129.857,130.602,29070
1674223200,130.602,130.611,129.684,129.926,30767
1674230400,129.924,129.988,129.623,129.734,16326
1674237600,129.737,129.79,129.446,129.562,14142
1674244800,129.561,129.604,129.487,129.588,6721
1674424800,129.441,129.649,129.313,129.389,8202
1674432000,129.387,129.534,129.067,129.204,18773
1674439200,129.202,129.327,129.04,129.311,10230
1674446400,129.313,129.892,129.313,129.857,14494
1674453600,129.853,130.316,129.821,130.122,24852
1674460800,130.126,130.151,129.617,129.832,23765
1674468000,129.831,130.332,129.712,130.321,17137
1674475200,130.322,130.634,130.111,130.498,25334
1674482400,130.498,130.889,130.43,130.611,32048
1674489600,130.604,130.751,130.441,130.643,17699
1674496800,130.644,130.716,130.557,130.67,10605
1674504000,130.668,130.713,130.607,130.679,8885
1674511200,130.632,130.651,130.457,130.595,7806
1674518400,130.596,130.727,130.246,130.257,15158
1674525600,130.258,130.45,130.139,130.379,8686
1674532800,130.377,130.445,130.063,130.141,10163
1674540000,130.146,130.204,129.725,129.857,15971
1674547200,129.846,130.388,129.762,130.111,22766
1674554400,130.115,130.301,130.049,130.191,13081
1674561600,130.191,130.488,130.154,130.429,17506
1674568800,130.43,131.118,130.043,130.097,36645
1674576000,130.093,130.244,129.868,130.018,18541
1674583200,130.018,130.105,129.975,130.047,9927
1674590400,130.052,130.201,130.02,130.173,7797
1674597600,130.166,130.247,130.032,130.213,12147
1674604800,130.219,130.462,130.184,130.268,17771
1674612000,130.266,130.572,130.107,130.508,11853
1674619200,130.51,130.583,130.351,130.44,12243
1674626400,130.44,130.484,130.257,130.431,16333
1674633600,130.431,130.492,129.804,129.851,20730
1674640800,129.85,130.103,129.656,129.693,16830
1674648000,129.692,130.035,129.558,129.959,21415
1674655200,129.961,130.002,129.268,129.592,34217
1674662400,129.588,129.945,129.553,129.613,16866
1674669600,129.617,129.676,129.417,129.537,12335
1674676800,129.538,129.643,129.501,129.583,10167
1674684000,129.608,129.608,129.225,129.259,12157
1674691200,129.256,129.376,129.098,129.213,17267
1674698400,129.218,129.587,129.14,129.312,11689
1674705600,129.312,129.431,129.022,129.329,10975
1674712800,129.327,129.747,129.199,129.485,18249
1674720000,129.486,129.994,129.482,129.956,23675
1674727200,129.955,130,129.627,129.822,14233
1674734400,129.822,130.299,129.646,129.869,29617
1674741600,129.875,130.55,129.703,130.444,39005
1674748800,130.445,130.619,130.259,130.337,18481
1674756000,130.335,130.335,130.052,130.223,11953
1674763200,130.224,130.297,130.194,130.223,6396
1674770400,130.209,130.229,129.647,129.806,32542
1674777600,129.8,129.885,129.498,129.687,20569
1674784800,129.689,129.923,129.61,129.857,12167
1674792000,129.857,130.155,129.857,129.98,10462
1674799200,129.98,130.269,129.821,129.966,13155
1674806400,129.954,130.003,129.715,129.851,16916
1674813600,129.851,129.973,129.661,129.908,13228
1674820800,129.91,129.998,129.559,129.735,21562
1674828000,129.735,130.069,129.639,129.982,31039
1674835200,129.981,129.992,129.795,129.913,14986
1674842400,129.913,129.952,129.87,129.905,7675
1674849600,129.908,129.926,129.811,129.831,4632
1675029600,129.619,129.892,129.588,129.835,13736
1675036800,129.834,130.292,129.832,130.223,18848
1675044000,130.232,130.263,129.91,129.911,12088
1675051200,129.91,129.922,129.204,129.638,30463
1675058400,129.638,129.676,129.412,129.581,16564
1675065600,129.592,130.182,129.592,129.97,25121
1675072800,129.967,130.256,129.85,130.171,15893
1675080000,130.17,130.209,129.966,130.139,17355
1675087200,130.141,130.404,130.094,130.316,22430
1675094400,130.317,130.471,130.295,130.413,13678
1675101600,130.415,130.568,130.345,130.555,7958
1675108800,130.554,130.557,130.406,130.44,6170
1675116000,130.41,130.527,130.348,130.485,13803
1675123200,130.471,130.505,130.111,130.132,17973
1675130400,130.128,130.265,130.061,130.244,10347
1675137600,130.243,130.404,130.135,130.186,9825
1675144800,130.186,130.309,130.041,130.148,13805
1675152000,130.149,130.431,130.073,130.392,20243
1675159200,130.391,130.483,130.314,130.433,12532
1675166400,130.439,130.496,129.804,129.892,27602
1675173600,129.892,130.222,129.745,130.043,35202
1675180800,130.041,130.355,130.005,130.196,15658
1675188000,130.195,130.232,130.066,130.175,9208
1675195200,130.161,130.23,130.083,130.101,9232
1675202400,130.05,130.13,130.038,130.11,3614
1675209600,130.108,130.201,129.86,130.018,11946
1675216800,130.017,130.111,129.981,130.012,7419
1675224000,130.012,130.323,130.007,130.298,8222
1675231200,130.295,130.41,130.145,130.176,12341
1675238400,130.174,130.236,129.803,129.879,21101
1675245600,129.878,129.965,129.714,129.807,15934
1675252800,129.807,129.863,129.31,129.377,21254
1675260000,129.379,129.681,129.182,129.254,32604
1675267200,129.256,129.365,129.227,129.234,15673
1675274400,129.233,129.871,128.541,128.762,44365
1675281600,128.758,129.157,128.654,128.962,32507
1675288800,128.914,128.947,128.418,128.603,11436
1675296000,128.602,128.763,128.175,128.602,21328
1675303200,128.603,128.641,128.449,128.604,10818
1675310400,128.606,128.613,128.397,128.602,10542
1675317600,128.599,128.789,128.54,128.658,15577
1675324800,128.657,129.138,128.555,128.921,24555
1675332000,128.921,129.009,128.678,128.723,17397
1675339200,128.724,128.805,128.083,128.423,42007
1675346400,128.422,128.915,128.083,128.419,44431
1675353600,128.421,128.554,128.248,128.488,21608
1675360800,128.49,128.671,128.418,128.637,14645
1675368000,128.638,128.764,128.621,128.702,10738
1675375200,128.63,128.772,128.59,128.769,5497
1675382400,128.769,128.824,128.536,128.706,17100
1675389600,128.705,128.709,128.445,128.558,11582
1675396800,128.558,128.651,128.503,128.609,11281
1675404000,128.609,128.694,128.474,128.61,15949
1675411200,128.608,128.722,128.55,128.56,16316
1675418400,128.56,128.612,128.366,128.397,10983
1675425600,128.398,130.205,128.329,129.946,32645
1675432800,129.948,131.176,129.853,131.071,53283
1675440000,131.073,131.195,130.837,131.052,22964
1675447200,131.049,131.167,130.965,131.06,14484
1675454400,131.059,131.2,131.048,131.185,6401
1675634400,132.426,132.426,131.509,132.063,13096
1675641600,132.064,132.387,131.887,132.277,20348
1675648800,132.28,132.375,131.739,131.897,20118
1675656000,131.898,131.989,131.581,131.731,14374
1675663200,131.729,131.937,131.62,131.784,17453
1675670400,131.783,132.097,131.586,131.942,28505
1675677600,131.943,132.292,131.914,132.08,22200
1675684800,132.079,132.608,131.925,132.551,24543
1675692000,132.552,132.87,132.385,132.848,32465
1675699200,132.847,132.903,132.681,132.775,18583
1675706400,132.771,132.791,132.445,132.517,11289
1675713600,132.519,132.677,132.498,132.625,8559
1675720800,132.624,132.706,132.466,132.626,13767
1675728000,132.626,132.626,132.233,132.296,13910
1675735200,132.295,132.385,132.141,132.272,11305
1675742400,132.272,132.404,132.209,132.255,9290
1675749600,132.254,132.272,131.99,132.165,16914
1675756800,132.16,132.324,131.691,131.805,30167
1675764000,131.805,132.244,131.767,132.157,20648
1675771200,132.153,132.169,131.805,131.888,24873
1675778400,131.893,132.069,131.224,131.245,31372
1675785600,131.243,131.423,130.472,130.567,36780
1675792800,130.569,131.478,130.492,131.093,48325
1675800000,131.094,131.248,131.018,131.069,13294
1675807200,131.032,131.137,131.014,131.056,24426
1675814400,131.056,131.237,130.722,131.202,16474
1675821600,131.205,131.38,131.073,131.124,12088
1675828800,131.134,131.228,131.034,131.094,10409
1675836000,131.094,131.374,130.852,130.887,21543
1675843200,130.889,131.013,130.595,130.671,27789
1675850400,130.67,130.968,130.649,130.859,15855
1675857600,130.857,131.325,130.744,131.251,18065
1675864800,131.251,131.537,131.084,131.448,28695
1675872000,131.446,131.463,131.153,131.262,18891
1675879200,131.26,131.365,131.086,131.363,15464
1675886400,131.364,131.462,131.34,131.439,7448
1675893600,131.34,131.427,131.284,131.389,13188
1675900800,131.392,131.825,131.235,131.526,17164
1675908000,131.525,131.545,131.31,131.402,8849
1675915200,131.403,131.744,130.758,131.375,9728
1675922400,131.37,131.432,131.093,131.146,21884
1675929600,131.145,131.153,130.807,130.84,23397
1675936800,130.839,131.113,130.742,130.914,17652
1675944000,130.914,130.954,130.341,130.403,23173
1675951200,130.405,130.963,130.404,130.911,32226
1675958400,130.912,131.31,130.909,131.15,21319
1675965600,131.156,131.599,131.138,131.575,21181
1675972800,131.573,131.65,131.515,131.515,11861
1675980000,131.552,131.579,131.348,131.518,25987
1675987200,131.518,131.891,131.518,131.624,20126
1675994400,131.624,131.787,131.502,131.763,13908
1676001600,131.762,131.806,131.477,131.551,17252
1676008800,131.55,131.633,130.374,130.446,32659
1676016000,130.449,131.429,129.804,130.936,49575
1676023200,130.937,131.18,130.739,130.834,18631
1676030400,130.835,131.071,130.576,130.717,25254
1676037600,130.717,131.405,130.63,131.328,37125
1676044800,131.329,131.576,131.3,131.496,20098
1676052000,131.499,131.6,131.43,131.51,13593
1676059200,131.511,131.531,131.361,131.377,6798
1676239200,131.206,131.653,131.201,131.554,5926
1676246400,131.553,131.937,131.445,131.679,17090
1676253600,131.68,132.141,131.654,132.026,11072
1676260800,132.025,132.212,132.023,132.187,11908
1676268000,132.188,132.301,132.011,132.132,18820
1676275200,132.129,132.768,132.126,132.681,22202
1676282400,132.683,132.728,132.505,132.684,15324
1676289600,132.684,132.819,132.353,132.711,18996
1676296800,132.71,132.876,132.529,132.801,30070
1676304000,132.8,132.907,132.481,132.575,12143
1676311200,132.576,132.595,132.383,132.464,8245
1676318400,132.463,132.466,132.258,132.419,7539
1676325600,132.361,132.455,132.222,132.339,8137
1676332800,132.34,132.374,131.997,132.051,17429
1676340000,132.051,132.202,131.911,132.034,12848
1676347200,132.037,132.069,131.786,131.871,10896
1676354400,131.873,132.107,131.832,132.077,21844
1676361600,132.076,132.144,131.91,132.019,22774
1676368800,132.019,132.346,131.992,132.231,22193
1676376000,132.233,132.881,131.462,132.271,43193
1676383200,132.269,133.132,132.107,132.828,56807
1676390400,132.829,133.315,132.702,133.082,29176
1676397600,133.084,133.226,132.844,133.047,19206
1676404800,133.048,133.108,133.002,133.093,9881
1676412000,133.103,133.129,132.962,132.99,13089
1676419200,132.989,133.067,132.544,132.623,15281
1676426400,132.629,133.079,132.622,133.04,10863
1676433600,133.039,133.177,132.99,133.095,9969
1676440800,133.096,133.433,132.965,133.343,19357
1676448000,133.342,133.485,133.241,133.364,20967
1676455200,133.361,133.482,133.206,133.441,13154
1676462400,133.44,134.135,133.421,133.901,31298
1676469600,133.9,134.331,133.862,134.274,38621
1676476800,134.275,134.359,134.154,134.29,16035
1676484000,134.289,134.356,134.138,134.171,11216
1676491200,134.169,134.193,134.089,134.162,9178
1676498400,134.139,134.153,133.861,133.903,13087
1676505600,133.903,134.163,133.776,133.86,19990
1676512800,133.856,133.871,133.635,133.76,14886
1676520000,133.76,133.984,133.743,133.894,9290
1676527200,133.891,134.01,133.717,133.774,18352
1676534400,133.777,133.962,133.603,133.871,21484
1676541600,133.871,133.985,133.777,133.79,10524
1676548800,133.791,134.346,133.77,134.258,29005
1676556000,134.262,134.462,134.056,134.2,33127
1676563200,134.199,134.226,133.798,133.914,20058
1676570400,133.915,133.995,133.697,133.834,14268
1676577600,133.834,134.029,133.699,133.942,17615
1676584800,133.943,134.163,133.915,134.074,13578
1676592000,134.074,134.671,134.063,134.636,13603
1676599200,134.635,134.715,134.513,134.658,9998
1676606400,134.659,134.808,134.64,134.744,9644
1676613600,134.743,134.897,134.636,134.798,13734
1676620800,134.802,135.032,134.703,134.828,18369
1676628000,134.829,135.112,134.809,135.037,15710
1676635200,135.037,135.041,134.534,134.64,22548
1676642400,134.639,134.685,134.069,134.344,32582
1676649600,134.343,134.413,134.074,134.266,19213
1676656800,134.264,134.294,134.107,134.142,9128
1676664000,134.14,134.215,134.054,134.152,5887
1676844000,134.24,134.331,134.198,134.31,11301
1676851200,134.308,134.537,134.253,134.472,12781
1676858400,134.472,134.536,134.214,134.224,11599
1676865600,134.223,134.245,133.95,134.093,12666
1676872800,134.093,134.181,134.003,134.047,17175
1676880000,134.048,134.369,133.992,134.187,18822
1676887200,134.183,134.261,133.954,134.003,12210
1676894400,133.994,134.154,133.921,134.058,13746
1676901600,134.06,134.108,133.931,134.04,12004
1676908800,134.042,134.239,134.041,134.235,4197
1676916000,134.24,134.243,134.194,134.228,3018
1676923200,134.228,134.296,134.217,134.276,1639
1676930400,134.21,134.339,134.21,134.334,5732
1676937600,134.334,134.477,134.15,134.307,13686
1676944800,134.295,134.495,134.157,134.421,9882
1676952000,134.423,134.449,134.286,134.311,6797
1676959200,134.31,134.7,134.31,134.586,11799
1676966400,134.587,134.851,134.432,134.584,27759
1676973600,134.585,134.706,134.512,134.597,14826
1676980800,134.602,134.894,134.601,134.864,20317
1676988000,134.861,135.228,134.673,134.736,36500
1676995200,134.737,134.911,134.689,134.833,18086
1677002400,134.831,135.04,134.793,134.966,10877
1677009600,134.964,135.024,134.859,135.024,6000
1677016800,134.982,135.02,134.824,134.993,6259
1677024000,134.99,135.06,134.551,134.704,19153
1677031200,134.698,134.95,134.669,134.902,9870
1677038400,134.903,134.97,134.755,134.769,7158
1677045600,134.77,134.894,134.644,134.731,12703
1677052800,134.732,134.991,134.591,134.884,22271
1677060000,134.883,134.963,134.732,134.757,16834
1677067200,134.754,134.804,134.365,134.546,24370
1677074400,134.553,134.7,134.394,134.601,25723
1677081600,134.602,134.802,134.586,134.738,16421
1677088800,134.737,134.954,134.604,134.937,27027
1677096000,134.929,134.986,134.892,134.91,8745
1677103200,134.765,134.949,134.765,134.933,17518
1677110400,134.935,134.961,134.744,134.798,8924
1677117600,134.797,134.825,134.705,134.766,5753
1677124800,134.766,134.887,134.754,134.831,3975
1677132000,134.829,134.913,134.714,134.843,9209
1677139200,134.841,134.925,134.778,134.864,15056
1677146400,134.864,134.993,134.829,134.934,10977
1677153600,134.937,135.368,134.879,135.271,25629
1677160800,135.264,135.304,134.647,134.852,32578
1677168000,134.853,134.914,134.625,134.809,14998
1677175200,134.807,134.877,134.487,134.638,11906
1677182400,134.643,134.743,134.619,134.677,7021
1677189600,134.668,134.737,134.274,134.623,12713
1677196800,134.625,134.91,134.06,134.777,35380
1677204000,134.777,134.825,134.574,134.726,15757
1677211200,134.726,134.755,134.577,134.598,10350
1677218400,134.606,134.845,134.51,134.839,13520
1677225600,134.84,135.253,134.835,135.143,21380
1677232800,135.141,135.447,135.073,135.4,13933
1677240000,135.413,135.986,135.182,135.879,30758
1677247200,135.88,136.467,135.88,136.393,39897
1677254400,136.392,136.477,136.217,136.452,15898
1677261600,136.451,136.519,136.347,136.433,10904
1677268800,136.432,136.485,136.361,136.481,6842
1677448800,136.401,136.483,136.238,136.422,4685
1677456000,136.42,136.564,136.091,136.133,18162
1677463200,136.163,136.45,136.002,136.355,11337
1677470400,136.354,136.377,136.239,136.352,7725
1677477600,136.346,136.438,136.118,136.187,15224
1677484800,136.183,136.406,136,136.386,21289
1677492000,136.389,136.442,136.197,136.257,11944
1677499200,136.257,136.358,135.932,136.067,19953
1677506400,136.066,136.196,135.914,136.076,25345
1677513600,136.075,136.301,136.056,136.181,10864
1677520800,136.18,136.259,136.076,136.245,8445
1677528000,136.244,136.271,136.196,136.226,6012
1677535200,136.131,136.335,136.11,136.319,7127
1677542400,136.318,136.353,136.112,136.206,16562
1677549600,136.206,136.299,136.152,136.231,9111
1677556800,136.228,136.375,136.214,136.311,10249
1677564000,136.312,136.783,136.217,136.748,13798
1677571200,136.748,136.847,136.623,136.735,22611
1677578400,136.731,136.784,136.602,136.773,15545
1677585600,136.773,136.905,136.646,136.708,17219
1677592800,136.705,136.918,136.161,136.21,33193
1677600000,136.209,136.27,135.736,135.807,20694
1677607200,135.811,136.117,135.785,136.113,12869
1677614400,136.113,136.254,136.073,136.232,8227
1677621600,136.066,136.358,136.059,136.345,6847
1677628800,136.344,136.47,136.232,136.291,19266
1677636000,136.29,136.426,136.276,136.368,10579
1677643200,136.371,136.435,136.309,136.421,9275
1677650400,136.421,136.441,135.896,135.923,22173
1677657600,135.924,136.066,135.613,135.841,28518
1677664800,135.842,135.922,135.305,135.339,24140
1677672000,135.335,135.797,135.257,135.745,20316
1677679200,135.746,136.321,135.695,136.111,35710
1677686400,136.114,136.2,135.705,135.942,17419
1677693600,135.942,136.263,135.942,136.178,9668
1677700800,136.177,136.246,136.11,136.192,7247
1677708000,136.136,136.225,136.02,136.187,9234
1677715200,136.188,136.448,136.05,136.322,19114
1677722400,136.321,136.405,136.194,136.383,12017
1677729600,136.383,136.679,136.355,136.633,10537
1677736800,136.632,136.874,136.581,136.781,17035
1677744000,136.781,136.781,136.234,136.468,29786
1677751200,136.467,136.782,136.437,136.611,20967
1677758400,136.611,137.105,136.446,137.051,29734
1677765600,137.053,137.061,136.551,136.688,32118
1677772800,136.689,136.994,136.591,136.944,17426
1677780000,136.943,136.98,136.681,136.756,15941
1677787200,136.757,136.827,136.594,136.753,12169
1677794400,136.736,136.751,136.505,136.721,13004
1677801600,136.719,136.769,136.498,136.624,18062
1677808800,136.623,136.717,136.499,136.68,13475
1677816000,136.68,136.711,136.604,136.658,6560
1677823200,136.657,136.657,136.342,136.419,17359
1677830400,136.416,136.451,136.117,136.154,22300
1677837600,136.153,136.338,135.991,136.06,16441
1677844800,136.06,136.28,135.824,135.913,20912
1677852000,135.914,136.402,135.806,136.323,35697
1677859200,136.322,136.42,136.03,136.108,18653
1677866400,136.108,136.139,135.815,135.841,11250
1677873600,135.838,135.872,135.746,135.84,8633
1678053600,135.979,136.035,135.849,136.018,27075
1678060800,136.017,136.052,135.621,135.771,18831
1678068000,135.772,135.889,135.364,135.457,15180
1678075200,135.457,135.795,135.448,135.783,9191
1678082400,135.782,135.881,135.529,135.684,16478
1678089600,135.686,136.127,135.669,136.093,22696
1678096800,136.093,136.19,135.906,136.158,17914
1678104000,136.157,136.17,135.724,135.871,17626
1678111200,135.873,135.996,135.634,135.953,25255
1678118400,135.954,135.993,135.836,135.924,12128
1678125600,135.923,136.091,135.877,136.06,9623
1678132800,136.061,136.061,135.893,135.92,6161
1678140000,135.887,136.024,135.886,135.996,5955
1678147200,135.996,136.176,135.962,136.016,14615
1678154400,136.017,136.064,135.829,135.965,11633
1678161600,135.964,136.041,135.913,135.992,7299
1678168800,135.992,135.994,135.661,135.749,14675
1678176000,135.753,135.863,135.541,135.86,22645
1678183200,135.86,136.083,135.841,136.044,13826
1678190400,136.044,136.259,136.041,136.144,17163
1678197600,136.142,136.904,136.115,136.777,44129
1678204800,136.779,136.956,136.636,136.855,29267
1678212000,136.854,137.166,136.764,137.11,14176
1678219200,137.109,137.197,137.067,137.152,7100
1678226400,137.134,137.441,136.993,137.387,11891
1678233600,137.389,137.496,137.242,137.317,15824
1678240800,137.319,137.783,137.308,137.759,12086
1678248000,137.759,137.913,137.676,137.715,10263
1678255200,137.714,137.738,137.453,137.501,14074
1678262400,137.501,137.665,137.44,137.557,18395
1678269600,137.557,137.682,137.201,137.262,15567
1678276800,137.261,137.365,137.035,137.064,20454
1678284000,137.063,137.149,136.478,136.884,38837
1678291200,136.884,137.222,136.774,137.2,17191
1678298400,137.202,137.332,137.14,137.223,11169
1678305600,137.222,137.438,137.185,137.34,5174
1678312800,137.329,137.348,137.15,137.224,7321
1678320000,137.223,137.255,136.799,137.123,15821
1678327200,137.122,137.135,136.914,136.937,7292
1678334400,136.937,136.979,136.732,136.827,7452
1678341600,136.824,136.849,136.58,136.841,12600
1678348800,136.841,136.892,136.107,136.193,18619
1678356000,136.194,136.304,136.019,136.279,14162
1678363200,136.281,136.4,135.943,136.087,22116
1678370400,136.09,136.381,135.997,136.322,26264
1678377600,136.321,136.484,136.207,136.227,14140
1678384800,136.226,136.246,135.99,136.162,15404
1678392000,136.163,136.196,136.063,136.142,12453
1678399200,136.111,136.423,136.052,136.365,11194
1678406400,136.368,136.422,135.811,135.954,25507
1678413600,135.952,136.974,135.867,136.504,30671
1678420800,136.504,136.796,136.469,136.641,17024
1678428000,136.64,136.857,136.303,136.415,25252
1678435200,136.415,136.804,136.089,136.782,28791
1678442400,136.781,136.993,136.712,136.764,19935
1678449600,136.765,136.877,135.844,136.264,37150
1678456800,136.265,136.366,134.113,134.298,62906
1678464000,134.299,135.184,134.289,134.739,36699
1678471200,134.738,134.973,134.674,134.78,20386
1678478400,134.781,135.141,134.739,135.077,14714
1678654800,134.514,134.652,133.538,134.409,11734
1678662000,134.407,135.046,134.109,134.378,36961
1678669200,134.379,134.832,133.691,133.844,31772
1678676400,133.845,134.189,133.683,134.15,22997
1678683600,134.15,134.561,133.999,134.541,20268
1678690800,134.544,134.694,133.76,133.808,41491
1678698000,133.809,133.958,132.946,133.588,59127
1678705200,133.587,133.803,132.282,132.541,65495
1678712400,132.535,133.202,132.416,132.787,56218
1678719600,132.79,133.412,132.634,133.056,42620
1678726800,133.056,133.484,132.949,133.326,28394
1678734000,133.327,133.618,133.211,133.245,24469
1678741200,133.173,133.244,133.125,133.203,20005
1678748400,133.204,133.358,133.027,133.238,18657
1678755600,133.239,133.961,133.226,133.701,22891
1678762800,133.702,134.03,133.656,133.861,15986
1678770000,133.865,133.958,133.187,133.615,23997
1678777200,133.603,134.332,133.377,134.089,44977
1678784400,134.09,134.271,133.933,133.966,25143
1678791600,133.967,134.644,133.843,134.056,42832
1678798800,134.057,134.903,133.981,134.503,43793
1678806000,134.494,134.6,134.227,134.408,26471
1678813200,134.407,134.414,134.038,134.159,30556
1678820400,134.161,134.247,133.982,134.199,15214
1678827600,134.196,134.28,134.036,134.235,16534
1678834800,134.234,134.598,134.234,134.432,18703
1678842000,134.433,134.439,134.029,134.154,19057
1678849200,134.152,134.543,134.072,134.522,12856
1678856400,134.521,134.837,134.465,134.687,17032
1678863600,134.683,135.114,134.548,134.667,33954
1678870800,134.667,134.72,133.392,133.601,55794
1678878000,133.597,133.843,132.525,132.662,59288
1678885200,132.67,133.271,132.213,132.967,64752
1678892400,132.96,133.312,132.403,132.71,39490
1678899600,132.708,133.777,132.605,133.48,43865
1678906800,133.484,133.534,133.126,133.432,34596
1678914000,133.344,133.431,133.22,133.343,9787
1678921200,133.342,133.423,132.5,133.336,25469
1678928400,133.335,133.493,132.755,132.83,27354
1678935600,132.829,132.962,132.564,132.776,18964
1678942800,132.777,133.039,132.711,132.815,21079
1678950000,132.811,133.226,132.558,132.899,43497
1678957200,132.898,133.087,132.656,132.853,26651
1678964400,132.852,132.866,132.164,132.316,37561
1678971600,132.313,132.867,131.716,132.616,64521
1678978800,132.616,133.472,132.496,133.444,47323
1678986000,133.444,133.828,133.383,133.516,31128
1678993200,133.513,133.791,133.406,133.748,17963
1679000400,133.731,133.731,133.477,133.478,7833
1679007600,133.478,133.581,133.33,133.389,16835
1679014800,133.39,133.467,133.147,133.248,18305
1679022000,133.247,133.346,133.025,133.058,14900
1679029200,133.061,133.172,132.861,132.871,18426
1679036400,132.873,133.353,132.744,133.239,34730
1679043600,133.239,133.279,132.954,133.117,23286
1679050800,133.118,133.161,132.02,132.273,41371
1679058000,132.275,132.486,131.814,132.077,52082
1679065200,132.075,132.282,131.932,132.208,30981
1679072400,132.208,132.315,131.555,131.663,23843
1679079600,131.663,132.042,131.619,131.838,21450
1679259600,131.695,132.229,131.661,132.159,16499
1679266800,132.159,132.637,132.042,132.613,26544
1679274000,132.615,132.65,132.036,132.195,22634
1679281200,132.196,132.292,131.749,131.814,21832
1679288400,131.815,131.986,131.027,131.104,29184
1679295600,131.101,131.307,130.538,130.891,55975
1679302800,130.892,131.455,130.815,131.283,44263
1679310000,131.284,131.622,130.9,131.53,38741
1679317200,131.529,131.813,131.253,131.748,44052
1679324400,131.746,131.847,131.362,131.619,30324
1679331600,131.619,131.741,131.269,131.309,18057
1679338800,131.304,131.513,131.298,131.305,17672
1679346000,131.303,131.44,131.189,131.407,6206
1679353200,131.408,131.604,131.094,131.17,17215
1679360400,131.166,131.318,131.03,131.208,14028
1679367600,131.21,131.412,131.16,131.256,11899
1679374800,131.257,131.722,131.178,131.706,13066
1679382000,131.707,132.26,131.545,132.183,33161
1679389200,132.183,132.436,132.105,132.212,20761
1679396400,132.212,132.453,132.014,132.23,22217
1679403600,132.237,132.398,131.795,131.842,31599
1679410800,131.843,132.472,131.79,132.414,21599
1679418000,132.412,132.626,132.369,132.549,14992
1679425200,132.541,132.554,132.42,132.458,10888
1679432400,132.359,132.474,132.344,132.345,23876
1679439600,132.344,132.7,132.255,132.527,15611
1679446800,132.528,132.778,132.253,132.354,20671
1679454000,132.354,132.503,132.268,132.478,11848
1679461200,132.478,132.51,132.311,132.327,10843
1679468400,132.323,132.641,132.295,132.492,24097
1679475600,132.491,132.926,132.342,132.807,16556
1679482800,132.807,133.002,132.777,132.786,15938
1679490000,132.786,132.84,132.421,132.525,18334
1679497200,132.526,132.725,132.433,132.583,14142
1679504400,132.586,132.669,131.018,131.412,39443
1679511600,131.404,131.681,131.003,131.515,36747
1679518800,131.317,131.49,131.263,131.464,16008
1679526000,131.463,131.478,130.838,130.9,22523
1679533200,130.899,130.975,130.599,130.667,23562
1679540400,130.669,130.852,130.419,130.728,18707
1679547600,130.73,130.827,130.622,130.811,18872
1679554800,130.815,131.246,130.549,131.196,32505
1679562000,131.2,131.303,131.074,131.272,19705
1679569200,131.271,131.663,131.101,131.482,23364
1679576400,131.485,131.485,131.049,131.241,28236
1679583600,131.242,131.32,130.656,130.766,23003
1679590800,130.766,131.006,130.463,130.625,20484
1679598000,130.627,131.034,130.322,130.844,32817
1679605200,130.774,130.9,130.654,130.832,8413
1679612400,130.832,130.941,130.522,130.524,17475
1679619600,130.524,130.684,130.169,130.477,24577
1679626800,130.472,130.569,130.072,130.1,16077
1679634000,130.099,130.451,130.054,130.431,16030
1679641200,130.429,130.479,129.927,130.075,32934
1679648400,130.076,130.202,129.639,129.887,38248
1679655600,129.888,130.254,129.806,130.164,32502
1679662800,130.164,130.736,130.048,130.464,41949
1679670000,130.463,130.897,130.272,130.77,25712
1679677200,130.769,130.861,130.648,130.719,14842
1679684400,130.72,130.822,130.669,130.725,8828
1679864400,130.501,130.878,130.428,130.794,8999
1679871600,130.798,130.96,130.572,130.78,17590
1679878800,130.784,131.053,130.664,130.715,17811
1679886000,130.719,130.773,130.5,130.707,11328
1679893200,130.709,131.317,130.702,131.267,19404
1679900400,131.268,131.366,130.852,131.074,25855
1679907600,131.072,131.567,131.059,131.467,18789
1679914800,131.466,131.748,131.355,131.708,18573
1679922000,131.707,131.724,131.327,131.499,21756
1679929200,131.499,131.644,131.38,131.6,11253
1679936400,131.601,131.76,131.512,131.571,10032
1679943600,131.572,131.653,131.52,131.566,6641
1679950800,131.547,131.559,131.458,131.466,12142
1679958000,131.466,131.466,130.63,130.793,18575
1679965200,130.793,130.888,130.563,130.674,17808
1679972400,130.676,130.706,130.531,130.618,13190
1679979600,130.618,131.049,130.505,130.896,17316
1679986800,130.901,131.296,130.892,131.049,25790
1679994000,131.048,131.184,130.835,130.957,17147
1680001200,130.958,131.114,130.407,130.655,19137
1680008400,130.654,131.186,130.654,130.988,23483
1680015600,130.987,131.12,130.86,130.96,12102
1680022800,130.96,130.961,130.569,130.785,9885
1680030000,130.786,130.948,130.673,130.898,6913
1680037200,130.833,130.922,130.757,130.859,16621
1680044400,130.859,131.359,130.859,131.307,13975
1680051600,131.308,131.804,131.281,131.713,16873
1680058800,131.712,131.76,131.543,131.71,11543
1680066000,131.71,132.032,131.659,131.888,15578
1680073200,131.887,132.093,131.836,131.985,20670
1680080400,131.986,132.011,131.597,131.896,17443
1680087600,131.896,132.588,131.857,132.52,20280
1680094800,132.521,132.662,132.187,132.485,24412
1680102000,132.486,132.716,132.439,132.646,16549
1680109200,132.644,132.765,132.55,132.655,8820
1680116400,132.659,132.887,132.622,132.865,8110
1680123600,132.812,132.812,132.605,132.658,9819
1680130800,132.656,132.727,132.459,132.645,14132
1680138000,132.645,132.812,132.537,132.662,14440
1680145200,132.662,132.707,132.548,132.571,8075
1680152400,132.571,132.636,132.331,132.359,20486
1680159600,132.351,132.586,132.199,132.535,27701
1680166800,132.54,132.891,132.528,132.578,19246
1680174000,132.579,132.835,132.407,132.77,20307
1680181200,132.769,132.967,132.611,132.702,20903
1680188400,132.703,132.754,132.363,132.386,12114
1680195600,132.383,132.471,132.319,132.445,9232
1680202800,132.447,132.711,132.429,132.682,7710
1680210000,132.673,132.883,132.572,132.865,14789
1680217200,132.866,133.511,132.752,133.24,20508
1680224400,133.242,133.288,132.846,132.885,16944
1680231600,132.883,132.958,132.684,132.751,9928
1680238800,132.752,133.244,132.748,133.178,13898
1680246000,133.177,133.592,132.805,133.487,27274
1680253200,133.488,133.488,133.177,133.349,17147
1680260400,133.349,133.349,132.749,133.081,23198
1680267600,133.082,133.317,132.847,133.081,27200
1680274800,133.083,133.121,132.713,132.764,17461
1680282000,132.763,132.962,132.621,132.687,7894
1680289200,132.679,132.839,132.679,132.818,8484
1680469200,133.36,133.389,133.06,133.282,16250
1680476400,133.283,133.381,132.923,133.035,21746
1680483600,133.031,133.266,132.818,133.266,16538
1680490800,133.267,133.494,133.247,133.468,10941
1680498000,133.468,133.753,133.337,133.586,17329
1680505200,133.587,133.676,133.432,133.441,17268
1680512400,133.438,133.535,133.179,133.263,13752
1680519600,133.262,133.302,132.845,133.101,17321
1680526800,133.106,133.143,132.273,132.333,28772
1680534000,132.34,132.496,132.203,132.454,14670
1680541200,132.457,132.57,132.279,132.36,9104
1680548400,132.361,132.462,132.321,132.405,6518
1680555600,132.353,132.436,132.326,132.351,18925
1680562800,132.356,132.604,132.168,132.556,13676
1680570000,132.551,132.822,132.546,132.743,10864
1680577200,132.746,132.943,132.669,132.744,9800
1680584400,132.747,132.982,132.61,132.734,12257
1680591600,132.737,132.933,132.503,132.904,18611
1680598800,132.902,133.066,132.782,132.914,13548
1680606000,132.913,133.169,132.781,132.905,15605
1680613200,132.904,132.956,131.661,131.826,35542
1680620400,131.819,131.891,131.522,131.622,18019
1680627600,131.623,131.758,131.616,131.626,7014
1680634800,131.624,131.773,131.584,131.72,5225
1680642000,131.681,131.732,131.63,131.685,8244
1680649200,131.688,131.713,131.304,131.554,15754
1680656400,131.548,131.819,131.384,131.771,14213
1680663600,131.765,131.843,131.668,131.698,8148
1680670800,131.697,131.739,131.416,131.514,11686
1680678000,131.513,131.617,131.235,131.466,22344
1680685200,131.466,131.783,131.453,131.654,15082
1680692400,131.654,131.741,130.917,131.017,23607
1680699600,131.022,131.207,130.601,130.887,31296
1680706800,130.886,131.241,130.818,131.184,15478
1680714000,131.185,131.249,131.083,131.1,7988
1680721200,131.099,131.411,131.099,131.329,7830
1680728400,131.292,131.334,131.101,131.113,7148
1680735600,131.112,131.185,130.777,131.163,11832
1680742800,131.16,131.294,131.001,131.166,10696
1680750000,131.166,131.264,131.111,131.161,5485
1680757200,131.161,131.493,131.149,131.376,9573
1680764400,131.381,131.483,131.187,131.413,16244
1680771600,131.412,131.576,131.177,131.453,11246
1680778800,131.452,131.666,130.951,131.601,19181
1680786000,131.608,131.905,131.539,131.755,21514
1680793200,131.756,131.796,131.581,131.609,8460
1680800400,131.61,131.787,131.575,131.756,5556
1680807600,131.754,131.853,131.754,131.767,3901
1680814800,131.749,131.864,131.675,131.845,3642
1680822000,131.844,131.925,131.601,131.74,9785
1680829200,131.745,131.759,131.565,131.753,7868
1680836400,131.749,131.829,131.66,131.702,4673
1680843600,131.701,131.946,131.644,131.853,6615
1680850800,131.851,131.92,131.769,131.803,5596
1680858000,131.802,131.834,131.527,131.53,5459
1680865200,131.531,132.376,131.526,132.122,15839
1680872400,132.124,132.285,132.056,132.069,8129
1680879600,132.071,132.159,132.001,132.145,19124
1680886800,132.142,132.244,132.103,132.199,23411
1680894000,132.2,132.256,132.099,132.148,7120
1681074000,132.112,132.14,131.828,131.986,6143
1681081200,131.984,132.673,131.954,132.6,13784
1681088400,132.6,132.742,132.472,132.6,13417
1681095600,132.592,132.799,132.587,132.658,7359
1681102800,132.66,132.74,132.496,132.529,7771
1681110000,132.53,132.545,131.996,132.077,14775
1681117200,132.077,132.393,132.036,132.296,12063
1681124400,132.303,133.343,132.239,133.327,25306
1681131600,133.323,133.872,133.268,133.838,20644
1681138800,133.838,133.856,133.652,133.697,9844
1681146000,133.698,133.698,133.563,133.633,7037
1681153200,133.634,133.634,133.551,133.6,6843
1681160400,133.563,133.606,133.492,133.528,9142
1681167600,133.53,133.623,133.242,133.405,11231
1681174800,133.402,133.689,133.343,133.354,13270
1681182000,133.357,133.482,133.298,133.402,7704
1681189200,133.397,133.527,133.226,133.479,11671
1681196400,133.479,133.559,133,133.099,17613
1681203600,133.102,133.226,132.985,133.033,13531
1681210800,133.033,133.34,132.972,133.107,14552
1681218000,133.105,133.523,133.084,133.504,16471
1681225200,133.503,133.736,133.503,133.724,9576
1681232400,133.726,133.805,133.614,133.774,5173
1681239600,133.773,133.778,133.657,133.69,4675
1681246800,133.624,133.703,133.582,133.602,22411
1681254000,133.601,133.77,133.555,133.681,12290
1681261200,133.68,133.931,133.591,133.886,10186
1681268400,133.887,134.047,133.688,133.76,8952
1681275600,133.761,133.869,133.63,133.651,10631
1681282800,133.649,133.969,133.555,133.821,14561
1681290000,133.826,133.848,133.597,133.73,9325
1681297200,133.728,133.905,132.734,133.04,25034
1681304400,133.039,133.343,132.798,133.306,32852
1681311600,133.306,133.331,133.09,133.187,13567
1681318800,133.192,133.401,133.071,133.186,14848
1681326000,133.184,133.216,133.048,133.14,7628
1681333200,133.088,133.279,133.042,133.06,8985
1681340400,133.059,133.234,132.944,133.164,10792
1681347600,133.163,133.274,133.041,133.246,11692
1681354800,133.246,133.309,133.184,133.274,8839
1681362000,133.272,133.376,133.146,133.153,9730
1681369200,133.153,133.189,132.902,133.164,14699
1681376400,133.166,133.292,133.022,133.229,10155
1681383600,133.228,133.393,132.5,132.513,20178
1681390800,132.51,132.539,132.021,132.421,27692
1681398000,132.428,132.5,132.282,132.379,11453
1681405200,132.378,132.8,132.37,132.766,8426
1681412400,132.762,132.785,132.566,132.577,4873
1681419600,132.558,132.613,132.494,132.583,10996
1681426800,132.584,132.639,132.44,132.587,11577
1681434000,132.588,132.619,132.268,132.415,14265
1681441200,132.414,132.486,132.288,132.476,9259
1681448400,132.474,132.576,132.367,132.463,9879
1681455600,132.465,132.592,132.169,132.494,15206
1681462800,132.495,132.554,132.402,132.507,9813
1681470000,132.506,133.19,132.191,133.01,26963
1681477200,133.014,133.474,132.949,133.461,29729
1681484400,133.462,133.837,133.442,133.781,12793
1681491600,133.774,133.815,133.63,133.788,6404
1681498800,133.787,133.812,133.711,133.746,4861
1681678800,133.81,133.924,133.746,133.899,7326
1681686000,133.901,133.999,133.711,133.844,10257
1681693200,133.843,134.108,133.8,133.844,10517
1681700400,133.846,134.129,133.806,134.06,7787
1681707600,134.061,134.216,133.842,134.018,11889
1681714800,134.024,134.061,133.838,133.972,15790
1681722000,133.972,134.176,133.941,133.976,10785
1681729200,133.977,134.15,133.745,134.068,17836
1681736400,134.068,134.575,134.027,134.551,21434
1681743600,134.551,134.562,134.398,134.455,11665
1681750800,134.456,134.5,134.387,134.405,4858
1681758000,134.405,134.5,134.385,134.472,3811
1681765200,134.42,134.495,134.418,134.448,29038
1681772400,134.45,134.477,134.274,134.386,9192
1681779600,134.385,134.707,134.363,134.514,14092
1681786800,134.515,134.547,134.378,134.44,8979
1681794000,134.439,134.474,134.246,134.321,11180
1681801200,134.323,134.435,134.138,134.149,15059
1681808400,134.148,134.216,133.996,134.084,11119
1681815600,134.084,134.206,133.862,134.186,15257
1681822800,134.186,134.326,133.915,133.976,18598
1681830000,133.975,134.196,133.923,134.09,8876
1681837200,134.089,134.118,134.015,134.068,4653
1681844400,134.067,134.106,134.034,134.101,3452
1681851600,134.057,134.118,133.984,134.033,19565
1681858800,134.032,134.129,133.954,134.012,8948
1681866000,134.01,134.39,133.954,134.313,11750
1681873200,134.316,134.338,134.263,134.323,4888
1681880400,134.322,134.738,134.314,134.611,14222
1681887600,134.612,134.923,134.503,134.889,16769
1681894800,134.895,135.134,134.732,134.826,15655
1681902000,134.828,134.915,134.373,134.385,15666
1681909200,134.38,134.633,134.292,134.624,16882
1681916400,134.626,134.855,134.574,134.659,8842
1681923600,134.66,134.797,134.649,134.726,7056
1681930800,134.727,134.825,134.668,134.711,4409
1681938000,134.663,134.802,134.589,134.723,17466
1681945200,134.723,134.846,134.612,134.84,10479
1681952400,134.839,134.972,134.723,134.801,10954
1681959600,134.799,134.828,134.679,134.781,7475
1681966800,134.782,134.834,134.386,134.494,12492
1681974000,134.495,134.678,134.443,134.673,15688
1681981200,134.67,134.863,134.509,134.564,12250
1681988400,134.563,134.83,134.174,134.275,19524
1681995600,134.279,134.355,134.013,134.047,20243
1682002800,134.047,134.196,134.031,134.156,9189
1682010000,134.152,134.346,134.151,134.334,6080
1682017200,134.335,134.356,134.202,134.243,4850
1682024400,134.208,134.29,134.134,134.172,25880
1682031600,134.175,134.251,133.952,134.143,8300
1682038800,134.142,134.161,133.806,133.953,10692
1682046000,133.953,133.973,133.756,133.876,5935
1682053200,133.875,133.913,133.697,133.885,10729
1682060400,133.886,134.11,133.726,133.771,20694
1682067600,133.77,133.937,133.669,133.788,11100
1682074800,133.783,133.919,133.608,133.639,14901
1682082000,133.638,134.493,133.552,134.413,30057
1682089200,134.412,134.46,134.123,134.131,12706
1682096400,134.132,134.22,134.069,134.215,5616
1682103600,134.215,134.216,134.064,134.129,5448
1682283600,133.973,134.117,133.943,134.075,4637
1682290800,134.071,134.101,133.891,133.977,9505
1682298000,133.975,134.44,133.934,134.439,12483
1682305200,134.446,134.472,134.323,134.36,9678
1682312400,134.36,134.477,134.157,134.182,12831
1682319600,134.183,134.407,134.124,134.291,16673
1682326800,134.29,134.671,134.248,134.588,14632
1682334000,134.587,134.732,134.477,134.503,15224
1682341200,134.504,134.671,134.336,134.435,18205
1682348400,134.433,134.46,134.345,134.383,9119
1682355600,134.382,134.396,134.228,134.257,6463
1682362800,134.258,134.333,134.246,134.253,5522
1682370000,134.243,134.244,133.971,134.107,17554
1682377200,134.11,134.315,134.007,134.296,12311
1682384400,134.298,134.367,134.163,134.291,13555
1682391600,134.292,134.416,134.261,134.291,8594
1682398800,134.292,134.476,134.072,134.451,13069
1682406000,134.45,134.462,134.025,134.112,23858
1682413200,134.113,134.156,133.816,134.1,15871
1682420400,134.099,134.252,133.88,133.916,17551
1682427600,133.918,134.037,133.731,133.87,24314
1682434800,133.87,134.027,133.831,133.837,15423
1682442000,133.835,133.869,133.368,133.581,15781
1682449200,133.587,133.73,133.441,133.723,8074
1682456400,133.715,133.907,133.68,133.723,7064
1682463600,133.713,133.757,133.49,133.698,16541
1682470800,133.699,133.745,133.438,133.583,16355
1682478000,133.583,133.636,133.488,133.582,10609
1682485200,133.581,133.79,133.554,133.666,14213
1682492400,133.666,133.724,133.394,133.536,25953
1682499600,133.537,133.583,133.292,133.415,18970
1682506800,133.414,133.941,133.263,133.617,31175
1682514000,133.622,133.652,133.015,133.328,32611
1682521200,133.328,133.884,133.305,133.814,17865
1682528400,133.814,133.864,133.525,133.539,12045
1682535600,133.543,133.701,133.477,133.657,9082
1682542800,133.649,133.676,133.551,133.577,4845
1682550000,133.576,133.694,133.394,133.543,13057
1682557200,133.543,133.654,133.459,133.532,14251
1682564400,133.532,133.751,133.529,133.725,11552
1682571600,133.725,133.85,133.628,133.743,15534
1682578800,133.742,133.945,133.618,133.873,17924
1682586000,133.873,133.898,133.577,133.59,10368
1682593200,133.59,134.06,133.182,133.903,24360
1682600400,133.904,134.197,133.836,134.122,28160
1682607600,134.12,134.141,133.923,133.997,12531
1682614800,133.995,134.068,133.822,133.988,9076
1682622000,133.984,134.036,133.881,133.984,9472
1682629200,133.913,133.977,133.822,133.913,17245
1682636400,133.914,134.077,133.732,134.037,17911
1682643600,134.036,134.291,133.605,134.099,27843
1682650800,134.098,134.941,133.325,134.776,37547
1682658000,134.771,135.76,134.711,135.639,35518
1682665200,135.621,135.857,135.517,135.635,35543
1682672400,135.635,136.184,135.629,136.071,21684
1682679600,136.072,136.421,135.977,136.064,28527
1682686800,136.066,136.561,135.837,136.174,35326
1682694000,136.172,136.229,135.957,136.076,20120
1682701200,136.075,136.292,136.045,136.258,11780
1682708400,136.254,136.351,136.142,136.278,10757
1682888400,136.142,136.333,136.113,136.221,7008
1682895600,136.218,136.785,136.214,136.661,18238
1682902800,136.661,136.92,136.565,136.872,15538
1682910000,136.877,136.946,136.776,136.851,11119
1682917200,136.853,136.983,136.832,136.906,9596
1682924400,136.906,136.906,136.681,136.784,15955
1682931600,136.785,136.844,136.575,136.661,13245
1682938800,136.661,136.891,136.614,136.753,17315
1682946000,136.751,137.304,136.705,137.279,25630
1682953200,137.281,137.485,137.276,137.474,14207
1682960400,137.474,137.485,137.368,137.464,9138
1682967600,137.464,137.538,137.445,137.465,11472
1682974800,137.472,137.49,137.409,137.434,9072
1682982000,137.435,137.578,137.293,137.423,14331
1682989200,137.427,137.468,137.303,137.362,15346
1682996400,137.362,137.702,137.352,137.679,15465
1683003600,137.679,137.774,137.49,137.516,20958
1683010800,137.515,137.728,137.355,137.512,25846
1683018000,137.516,137.566,137.335,137.529,16392
1683025200,137.53,137.58,137.245,137.566,17762
1683032400,137.57,137.578,136.39,136.428,34827
1683039600,136.426,136.694,136.319,136.452,25364
1683046800,136.451,136.703,136.421,136.69,12424
1683054000,136.691,136.691,136.453,136.564,11273
1683061200,136.455,136.614,136.455,136.526,5121
1683068400,136.517,136.573,136.389,136.406,10867
1683075600,136.406,136.457,135.919,136.035,13404
1683082800,136.035,136.117,135.999,136.064,8446
1683090000,136.063,136.104,135.854,135.872,13508
1683097200,135.875,136,135.525,135.669,23679
1683104400,135.67,135.756,135.444,135.538,18398
1683111600,135.538,135.929,135.329,135.397,23555
1683118800,135.396,135.535,135.104,135.134,28163
1683126000,135.133,135.394,135.068,135.384,16159
1683133200,135.385,135.708,134.831,135.458,37356
1683140400,135.458,135.672,134.729,134.771,35062
1683147600,134.686,134.759,134.389,134.574,12733
1683154800,134.576,134.627,134.348,134.528,19429
1683162000,134.529,134.627,134.448,134.476,15393
1683169200,134.477,134.605,134.4,134.568,9096
1683176400,134.571,134.587,134.15,134.347,16996
1683183600,134.347,134.817,134.336,134.6,31992
1683190800,134.602,134.716,134.418,134.484,24086
1683198000,134.485,134.87,134.319,134.823,40029
1683205200,134.824,134.88,133.822,133.892,58073
1683212400,133.891,134.15,133.5,133.754,37816
1683219600,133.757,134.205,133.739,134.138,23854
1683226800,134.134,134.352,134.102,134.277,15484
1683234000,134.201,134.312,134.18,134.292,4429
1683241200,134.287,134.296,134.078,134.133,10806
1683248400,134.132,134.148,133.98,134.098,12887
1683255600,134.098,134.132,133.911,133.971,8467
1683262800,133.969,134.176,133.884,134.07,18819
1683270000,134.066,134.217,133.963,134.15,26538
1683277200,134.149,134.295,134.097,134.213,16422
1683284400,134.214,135.125,134.17,134.974,30952
1683291600,134.974,135.071,134.691,134.86,35277
1683298800,134.854,134.952,134.624,134.665,18058
1683306000,134.665,134.825,134.643,134.796,10492
1683313200,134.795,134.882,134.758,134.833,7225
1683493200,134.744,135.074,134.744,135.065,5002
1683500400,135.065,135.298,134.873,134.896,15825
1683507600,134.895,135.014,134.759,134.836,14345
1683514800,134.836,134.884,134.717,134.744,8853
1683522000,134.744,134.823,134.642,134.781,12486
1683529200,134.779,135.091,134.772,134.966,17588
1683536400,134.966,135.055,134.933,135.026,13711
1683543600,135.025,135.227,134.972,135.058,17836
1683550800,135.054,135.063,134.783,134.864,22562
1683558000,134.871,134.934,134.656,134.711,14090
1683565200,134.711,135.177,134.682,135.142,12659
1683572400,135.14,135.17,135.077,135.119,11015
1683579600,135.017,135.106,134.991,135.015,13880
1683586800,135.014,135.326,134.97,135.209,14045
1683594000,135.209,135.225,134.928,135.061,14791
1683601200,135.061,135.083,134.875,135.007,10457
1683608400,135.009,135.048,134.723,134.834,16922
1683615600,134.833,135.057,134.788,135.044,25801
1683622800,135.043,135.106,134.789,134.791,18145
1683630000,134.792,135.193,134.764,135.192,21130
1683637200,135.191,135.356,134.958,135.051,25840
1683644400,135.052,135.274,135.028,135.257,16407
1683651600,135.257,135.262,135.11,135.158,12739
1683658800,135.159,135.258,135.155,135.232,12913
1683666000,135.066,135.219,135.066,135.204,22508
1683673200,135.204,135.339,135.1,135.152,12951
1683680400,135.153,135.206,135.065,135.178,14533
1683687600,135.178,135.288,135.134,135.237,12033
1683694800,135.239,135.471,135.202,135.384,16628
1683702000,135.384,135.455,135.121,135.263,25789
1683709200,135.262,135.286,135.135,135.196,15358
1683716400,135.197,135.413,134.34,134.405,31317
1683723600,134.392,134.722,134.279,134.424,38525
1683730800,134.425,134.606,134.315,134.34,17377
1683738000,134.34,134.372,134.113,134.252,17027
1683745200,134.257,134.403,134.253,134.371,11706
1683752400,134.251,134.37,134.184,134.188,15884
1683759600,134.187,134.187,133.895,134.069,15397
1683766800,134.067,134.252,134.01,134.218,15914
1683774000,134.215,134.307,134.107,134.244,9308
1683781200,134.242,134.344,134.159,134.338,18262
1683788400,134.34,134.843,134.326,134.798,29376
1683795600,134.797,134.84,134.508,134.541,19543
1683802800,134.54,134.636,133.745,133.838,37863
1683810000,133.839,134.544,133.786,134.416,39975
1683817200,134.419,134.493,134.332,134.414,18720
1683824400,134.417,134.59,134.336,134.516,13588
1683831600,134.517,134.585,134.503,134.563,11315
1683838800,134.418,134.58,134.418,134.518,10882
1683846000,134.518,134.554,134.402,134.525,11489
1683853200,134.524,134.682,134.485,134.647,14800
1683860400,134.646,134.693,134.522,134.571,8908
1683867600,134.573,134.852,134.573,134.795,15609
1683874800,134.796,134.907,134.699,134.768,22254
1683882000,134.769,134.792,134.63,134.662,10191
1683889200,134.663,135.05,134.663,134.98,13781
1683896400,134.977,135.314,134.719,135.313,26936
1683903600,135.313,135.754,135.262,135.658,18674
1683910800,135.659,135.748,135.622,135.692,10011
1683918000,135.691,135.741,135.662,135.724,6437
1684098000,135.629,135.829,135.624,135.777,4946
1684105200,135.776,136.025,135.752,135.874,20271
1684112400,135.874,135.985,135.728,135.971,12888
1684119600,135.976,136.24,135.964,136.085,8088
1684126800,136.09,136.264,136.049,136.05,13611
1684134000,136.051,136.139,135.823,136.108,19791
1684141200,136.107,136.327,136.099,136.121,13196
1684148400,136.121,136.237,135.71,135.892,21899
1684155600,135.891,136.199,135.888,136.139,24179
1684162800,136.139,136.158,136.012,136.081,13288
1684170000,136.086,136.137,136.011,136.081,11300
1684177200,136.079,136.108,136.01,136.105,8512
1684184400,136.096,136.106,136,136.026,21075
1684191600,136.027,136.103,135.909,135.928,9705
1684198800,135.928,136.1,135.908,135.954,11609
1684206000,135.948,136.045,135.936,135.976,5677
1684213200,135.975,136.036,135.805,135.839,14506
1684220400,135.839,135.895,135.72,135.848,17746
1684227600,135.847,135.873,135.686,135.815,12582
1684234800,135.816,136.208,135.657,136.103,20899
1684242000,136.102,136.513,136.065,136.479,29204
1684249200,136.479,136.685,136.477,136.591,16640
1684256400,136.592,136.609,136.277,136.323,9807
1684263600,136.323,136.4,136.269,136.384,11617
1684270800,136.367,136.405,136.312,136.381,18405
1684278000,136.381,136.477,136.304,136.436,9863
1684285200,136.437,136.527,136.359,136.522,11307
1684292400,136.522,136.584,136.417,136.577,6723
1684299600,136.579,136.873,136.569,136.811,15332
1684306800,136.812,137.094,136.76,137.049,22903
1684314000,137.048,137.174,136.837,136.991,16500
1684321200,136.99,137.239,136.879,137.145,17999
1684328400,137.148,137.455,136.96,137.414,27095
1684335600,137.415,137.572,137.401,137.466,15959
1684342800,137.467,137.633,137.392,137.601,12481
1684350000,137.6,137.713,137.568,137.701,9945
1684357200,137.623,137.695,137.541,137.576,15730
1684364400,137.576,137.718,137.44,137.443,12318
1684371600,137.446,137.499,137.287,137.485,15983
1684378800,137.486,137.631,137.447,137.603,8576
1684386000,137.602,137.747,137.385,137.538,15586
1684393200,137.542,137.938,137.522,137.771,22885
1684400400,137.771,137.87,137.695,137.742,15824
1684407600,137.741,138.394,137.716,138.301,21991
1684414800,138.298,138.623,138.133,138.62,28658
1684422000,138.619,138.672,138.369,138.578,17306
1684429200,138.58,138.703,138.486,138.66,13050
1684436400,138.657,138.748,138.613,138.701,8964
1684443600,138.7,138.711,138.611,138.654,17617
1684450800,138.655,138.686,138.279,138.408,16120
1684458000,138.408,138.593,138.332,138.424,15179
1684465200,138.423,138.503,138.382,138.459,9038
1684472400,138.458,138.465,138.033,138.203,16138
1684479600,138.204,138.235,137.967,138.178,21294
1684486800,138.178,138.285,137.995,138.27,16238
1684494000,138.272,138.577,138.196,138.552,18733
1684501200,138.557,138.658,138.42,138.514,22655
1684508400,138.514,138.551,137.424,137.794,41330
1684515600,137.793,138.092,137.765,138.076,12678
1684522800,138.069,138.139,137.892,137.959,10009
1684702800,137.973,138.013,137.663,137.684,4026
1684710000,137.684,137.848,137.575,137.676,12097
1684717200,137.677,137.718,137.492,137.631,15723
1684724400,137.632,137.807,137.612,137.788,7699
1684731600,137.788,138.043,137.762,137.845,15198
1684738800,137.847,137.997,137.771,137.835,18832
1684746000,137.835,137.997,137.8,137.971,13643
1684753200,137.97,138.494,137.952,138.419,21270
1684760400,138.42,138.665,137.995,138.598,32505
1684767600,138.599,138.686,138.432,138.55,15140
1684774800,138.551,138.595,138.266,138.556,14394
1684782000,138.557,138.632,138.465,138.59,10146
1684789200,138.573,138.589,138.524,138.546,13041
1684796400,138.545,138.801,138.427,138.536,14434
1684803600,138.541,138.877,138.52,138.708,14303
1684810800,138.707,138.803,138.356,138.413,13338
1684818000,138.413,138.683,138.389,138.433,12800
1684825200,138.433,138.593,138.243,138.329,21850
1684832400,138.334,138.592,138.26,138.51,15179
1684839600,138.506,138.911,138.393,138.861,17899
1684846800,138.86,138.86,138.289,138.535,38420
1684854000,138.536,138.824,138.528,138.643,18136
1684861200,138.642,138.71,138.395,138.487,17854
1684868400,138.488,138.633,138.485,138.573,11707
1684875600,138.563,138.591,138.516,138.536,20421
1684882800,138.536,138.637,138.49,138.52,9516
1684890000,138.52,138.52,138.37,138.438,13395
1684897200,138.439,138.49,138.354,138.421,8026
1684904400,138.42,138.696,138.232,138.695,18224
1684911600,138.698,138.734,138.45,138.575,23964
1684918800,138.573,138.587,138.434,138.505,16546
1684926000,138.509,138.773,138.341,138.691,19592
1684933200,138.69,139.003,138.614,138.992,27509
1684940400,138.992,139.389,138.939,139.308,22535
1684947600,139.307,139.355,138.973,139.139,18211
1684954800,139.139,139.478,139.136,139.473,13271
1684962000,139.376,139.472,138.818,139.214,14061
1684969200,139.214,139.473,139.176,139.397,16920
1684976400,139.398,139.657,139.371,139.591,16222
1684983600,139.59,139.703,139.563,139.576,10945
1684990800,139.575,139.695,139.455,139.605,18803
1684998000,139.604,139.623,139.281,139.491,26233
1685005200,139.49,139.596,139.434,139.593,15287
1685012400,139.593,139.759,139.184,139.725,31087
1685019600,139.731,139.835,139.411,139.78,40330
1685026800,139.779,139.962,139.716,139.929,21360
1685034000,139.928,139.989,139.853,139.989,12902
1685041200,139.988,140.231,139.974,140.037,11712
1685048400,140.022,140.101,139.911,139.927,22214
1685055600,139.927,140.104,139.793,139.891,13429
1685062800,139.885,139.958,139.772,139.843,16236
1685070000,139.843,139.858,139.707,139.719,8830
1685077200,139.719,139.81,139.607,139.661,16688
1685084400,139.663,139.846,139.495,139.695,21720
1685091600,139.696,139.8,139.621,139.718,13481
1685098800,139.717,140.317,139.612,140.079,24372
1685106000,140.082,140.5,140.022,140.495,34480
1685113200,140.494,140.712,140.478,140.595,20579
1685120400,140.597,140.725,140.52,140.643,10685
1685127600,140.641,140.695,140.546,140.597,6985
1685307600,140.553,140.862,140.515,140.765,8801
1685314800,140.767,140.921,140.703,140.754,13755
1685322000,140.755,140.776,140.388,140.514,13269
1685329200,140.514,140.642,140.394,140.41,8203
1685336400,140.408,140.427,140.229,140.335,8787
1685343600,140.334,140.538,140.303,140.321,12462
1685350800,140.321,140.388,140.185,140.281,10646
1685358000,140.281,140.297,140.168,140.207,8233
1685365200,140.203,140.301,140.115,140.282,6666
1685372400,140.282,140.371,140.26,140.345,4034
1685379600,140.344,140.395,140.306,140.395,2116
1685386800,140.395,140.463,140.373,140.432,2037
1685394000,140.399,140.515,140.33,140.509,5359
1685401200,140.508,140.533,140.194,140.217,13167
1685408400,140.219,140.22,139.962,140.041,14646
1685415600,140.041,140.361,140.029,140.32,11293
1685422800,140.321,140.932,140.306,140.385,24454
1685430000,140.359,140.441,140.119,140.165,29594
1685437200,140.165,140.651,140.027,140.128,27428
1685444400,140.126,140.139,139.58,139.827,25841
1685451600,139.824,140.113,139.573,139.785,30584
1685458800,139.789,139.93,139.683,139.923,17051
1685466000,139.923,139.949,139.713,139.852,12489
1685473200,139.851,139.863,139.725,139.788,9742
1685480400,139.744,139.839,139.713,139.766,4429
1685487600,139.765,139.924,139.616,139.672,13358
1685494800,139.67,139.897,139.615,139.771,15543
1685502000,139.773,139.874,139.748,139.802,9034
1685509200,139.8,139.811,139.313,139.484,25505
1685516400,139.5,139.967,139.466,139.954,22759
1685523600,139.953,140.061,139.8,139.987,16271
1685530800,139.987,140.021,139.516,139.803,16259
1685538000,139.802,140.395,139.555,139.723,39420
1685545200,139.724,139.937,139.607,139.728,23157
1685552400,139.728,139.779,139.233,139.299,19154
1685559600,139.3,139.401,139.258,139.34,12842
1685566800,139.321,139.36,139.143,139.197,5824
1685574000,139.196,139.341,138.959,139.195,14033
1685581200,139.194,139.547,139.119,139.453,18779
1685588400,139.451,139.551,139.404,139.417,9752
1685595600,139.417,139.776,139.416,139.706,15608
1685602800,139.707,139.949,139.637,139.793,21429
1685610000,139.792,139.889,139.539,139.539,17603
1685617200,139.538,139.87,139.111,139.119,29531
1685624400,139.106,139.177,138.433,138.935,37300
1685631600,138.935,138.975,138.678,138.791,21073
1685638800,138.797,138.868,138.712,138.849,9757
1685646000,138.848,138.868,138.76,138.793,6741
1685653200,138.755,138.831,138.71,138.75,2720
1685660400,138.743,138.977,138.663,138.952,11547
1685667600,138.95,139.057,138.739,138.742,13086
1685674800,138.741,138.932,138.607,138.911,11146
1685682000,138.912,139.023,138.79,138.855,15389
1685689200,138.854,139.107,138.794,138.828,19663
1685696400,138.829,138.936,138.744,138.894,13724
1685703600,138.893,139.446,138.733,139.249,28991
1685710800,139.246,139.691,138.971,139.655,34187
1685718000,139.656,139.908,139.586,139.892,17346
1685725200,139.893,140.069,139.863,139.926,11946
1685732400,139.925,139.988,139.906,139.965,6527
1685912400,139.954,140.095,139.95,140.067,3607
1685919600,140.068,140.264,140.067,140.109,13284
1685926800,140.111,140.239,140.025,140.114,14932
1685934000,140.113,140.142,139.993,140.084,9729
1685941200,140.085,140.357,139.987,140.341,15901
1685948400,140.346,140.453,140.198,140.263,21243
1685955600,140.263,140.388,140.22,140.278,13214
1685962800,140.283,140.382,140.122,140.167,15608
1685970000,140.166,140.21,139.25,139.663,34374
1685977200,139.664,139.779,139.507,139.713,16217
1685984400,139.713,139.815,139.547,139.625,12279
1685991600,139.624,139.643,139.479,139.582,9542
1685998800,139.53,139.599,139.448,139.45,4037
1686006000,139.451,139.576,139.324,139.568,11683
1686013200,139.563,139.659,139.505,139.542,11926
1686020400,139.542,139.636,139.431,139.449,10017
1686027600,139.45,139.522,139.276,139.325,18110
1686034800,139.328,139.39,139.095,139.212,29203
1686042000,139.211,139.465,139.151,139.442,17111
1686049200,139.443,139.898,139.432,139.778,18117
1686056400,139.779,139.994,139.629,139.75,23586
1686063600,139.751,139.843,139.575,139.664,17180
1686070800,139.667,139.757,139.626,139.656,10663
1686078000,139.658,139.695,139.625,139.633,6819
1686085200,139.631,139.654,139.555,139.589,2970
1686092400,139.592,139.623,139.377,139.378,10267
1686099600,139.378,139.385,139.184,139.193,15659
1686106800,139.192,139.315,139.152,139.254,10907
1686114000,139.253,139.341,139.127,139.246,15046
1686121200,139.246,139.497,139.195,139.366,19353
1686128400,139.365,139.409,139.248,139.378,14727
1686135600,139.378,139.63,139.249,139.554,17731
1686142800,139.551,139.734,139.025,139.728,32850
1686150000,139.729,140.203,139.724,140.19,19423
1686157200,140.184,140.231,140.071,140.122,13223
1686164400,140.119,140.249,140.06,140.172,10563
1686171600,140.071,140.226,139.996,140.012,4303
1686178800,140.012,140.064,139.846,139.93,13975
1686186000,139.93,140.096,139.855,139.872,13213
1686193200,139.874,139.903,139.706,139.73,10695
1686200400,139.729,139.954,139.665,139.87,16288
1686207600,139.875,139.963,139.625,139.734,21410
1686214800,139.734,139.834,139.7,139.793,13450
1686222000,139.792,139.847,139.22,139.422,23116
1686229200,139.428,139.476,138.883,138.981,33266
1686236400,138.983,139.071,138.81,138.914,19333
1686243600,138.919,138.994,138.896,138.939,13928
1686250800,138.939,139.007,138.88,138.92,8566
1686258000,138.879,138.941,138.872,138.875,2878
1686265200,138.874,139.081,138.761,139.034,13309
1686272400,139.033,139.298,139.003,139.294,14045
1686279600,139.294,139.325,139.219,139.27,12657
1686286800,139.271,139.451,139.237,139.417,15288
1686294000,139.416,139.726,139.409,139.658,22571
1686301200,139.659,139.662,139.53,139.53,14183
1686308400,139.531,139.571,139.031,139.295,23447
1686315600,139.295,139.598,139.165,139.384,28107
1686322800,139.383,139.404,139.239,139.362,15527
1686330000,139.362,139.414,139.287,139.402,7847
1686337200,139.401,139.479,139.35,139.374,7334
1686517200,139.296,139.489,139.269,139.423,3568
1686524400,139.424,139.441,139.264,139.407,10075
1686531600,139.408,139.644,139.371,139.539,13029
1686538800,139.54,139.554,139.353,139.463,9156
1686546000,139.463,139.568,139.379,139.497,11285
1686553200,139.504,139.63,139.162,139.206,21514
1686560400,139.202,139.292,139.064,139.196,15971
1686567600,139.193,139.41,139.089,139.204,18577
1686574800,139.205,139.743,139.185,139.62,27061
1686582000,139.62,139.763,139.504,139.718,13830
1686589200,139.717,139.77,139.559,139.605,9345
1686596400,139.599,139.639,139.533,139.607,8780
1686603600,139.574,139.611,139.538,139.555,2231
1686610800,139.558,139.666,139.4,139.645,10980
1686618000,139.645,139.662,139.414,139.435,13515
1686625200,139.435,139.517,139.328,139.492,12376
1686632400,139.493,139.646,139.383,139.618,17156
1686639600,139.619,139.628,139.468,139.514,20639
1686646800,139.514,139.591,139.48,139.545,11910
1686654000,139.538,139.956,139.037,139.155,28606
1686661200,139.156,139.946,139.011,139.817,36960
1686668400,139.815,140.113,139.773,139.897,17463
1686675600,139.9,140.298,139.842,140.284,15233
1686682800,140.285,140.308,140.153,140.224,12341
1686690000,140.173,140.281,140.125,140.166,3130
1686697200,140.165,140.228,140.006,140.035,11111
1686704400,140.035,140.109,139.938,140.062,13260
1686711600,140.071,140.11,139.94,140.104,8431
1686718800,140.106,140.191,140.033,140.151,14852
1686726000,140.153,140.205,139.879,139.977,19332
1686733200,139.975,140.057,139.854,140.005,12867
1686740400,140.005,140.049,139.626,139.694,21752
1686747600,139.695,139.757,139.314,139.409,24929
1686754800,139.411,139.48,139.284,139.359,13179
1686762000,139.356,140.174,139.335,139.71,38743
1686769200,139.711,140.128,139.613,140.083,24737
1686776400,140.037,140.104,139.98,140.03,4562
1686783600,140.031,140.385,139.942,140.364,13256
1686790800,140.365,141.083,140.359,141.049,25683
1686798000,141.049,141.33,140.947,141.271,17124
1686805200,141.271,141.434,141.127,141.309,24639
1686812400,141.303,141.505,141.137,141.268,25472
1686819600,141.27,141.276,140.847,141.151,21098
1686826800,141.151,141.302,140.657,140.706,30770
1686834000,140.71,140.751,140.154,140.454,38669
1686841200,140.457,140.663,140.278,140.318,18071
1686848400,140.319,140.378,140.232,140.337,11162
1686855600,140.337,140.349,140.227,140.276,8572
1686862800,140.252,140.284,140.131,140.135,3318
1686870000,140.134,140.29,140.001,140.156,12871
1686877200,140.156,140.777,139.853,140.686,19790
1686884400,140.683,140.738,140.224,140.628,16921
1686891600,140.628,140.979,140.619,140.974,22313
1686898800,140.974,141.405,140.826,141.033,31157
1686906000,141.034,141.069,140.791,140.936,20193
1686913200,140.933,141.315,140.816,141.292,24019
1686920400,141.297,141.574,140.909,141.497,39107
1686927600,141.499,141.878,141.4,141.853,21007
1686934800,141.855,141.888,141.667,141.794,11436
1686942000,141.795,141.914,141.761,141.886,8734
1687122000,141.709,141.932,141.634,141.858,4911
1687129200,141.855,141.972,141.772,141.952,14348
1687136400,141.956,141.956,141.809,141.851,12414
1687143600,141.858,141.871,141.441,141.496,14811
1687150800,141.496,141.712,141.461,141.669,14587
1687158000,141.668,141.952,141.643,141.866,16998
1687165200,141.866,142.003,141.805,141.857,13240
1687172400,141.855,141.978,141.776,141.871,13446
1687179600,141.872,141.894,141.662,141.828,13374
1687186800,141.827,141.96,141.815,141.931,6522
1687194000,141.931,141.954,141.907,141.954,2043
1687201200,141.955,141.992,141.944,141.988,2013
1687208400,141.94,141.952,141.84,141.924,3592
1687215600,141.924,142.206,141.855,142.101,15783
1687222800,142.102,142.254,141.581,141.696,23766
1687230000,141.695,142.064,141.658,142.061,14202
1687237200,142.061,142.143,141.858,141.957,20087
1687244400,141.951,141.961,141.459,141.543,24639
1687251600,141.543,141.665,141.356,141.423,16424
1687258800,141.422,141.622,141.285,141.47,19699
1687266000,141.483,141.752,141.304,141.332,30572
1687273200,141.331,141.512,141.243,141.273,16754
1687280400,141.274,141.408,141.214,141.362,9894
1687287600,141.363,141.474,141.336,141.431,6853
1687294800,141.396,141.443,141.329,141.346,4063
1687302000,141.342,141.703,141.282,141.698,14748
1687309200,141.7,141.734,141.517,141.618,16001
1687316400,141.618,141.786,141.577,141.785,10996
1687323600,141.785,142.037,141.706,141.974,20990
1687330800,141.98,142.171,141.866,141.99,22607
1687338000,141.99,142.032,141.744,141.814,15763
1687345200,141.813,142.04,141.705,141.877,23407
1687352400,141.883,142.368,141.883,142.061,34518
1687359600,142.06,142.131,141.878,141.937,19117
1687366800,141.933,141.968,141.683,141.789,16526
1687374000,141.79,141.916,141.742,141.891,10112
1687381200,141.891,141.891,141.683,141.705,4839
1687388400,141.706,141.896,141.658,141.886,12156
1687395600,141.884,141.886,141.61,141.681,12039
1687402800,141.683,141.788,141.619,141.778,9675
1687410000,141.776,141.912,141.73,141.889,13956
1687417200,141.888,142.001,141.699,141.977,22998
1687424400,141.977,142.106,141.867,142.058,12537
1687431600,142.056,142.245,141.767,142.241,29769
1687438800,142.243,142.802,142.146,142.79,32647
1687446000,142.789,142.991,142.757,142.987,18129
1687453200,142.987,143.084,142.93,143.066,11321
1687460400,143.065,143.23,143.032,143.106,12200
1687467600,143.018,143.087,142.964,143.068,4871
1687474800,143.069,143.183,142.953,143.087,15559
1687482000,143.086,143.128,142.813,143.114,20799
1687489200,143.113,143.142,142.984,143.082,16545
1687496400,143.083,143.451,143.046,143.402,21048
1687503600,143.404,143.439,142.771,143.061,33197
1687510800,143.059,143.316,143.059,143.268,17616
1687518000,143.268,143.32,142.795,142.871,21689
1687525200,142.868,143.75,142.65,143.743,34981
1687532400,143.742,143.874,143.673,143.866,18225
1687539600,143.865,143.865,143.688,143.8,10910
1687546800,143.8,143.81,143.717,143.724,7677
1687726800,143.501,143.719,143.454,143.463,6025
1687734000,143.464,143.592,143.234,143.44,18194
1687741200,143.447,143.661,143.412,143.499,18203
1687748400,143.5,143.5,143.335,143.386,12084
1687755600,143.39,143.542,143.288,143.537,14309
1687762800,143.536,143.566,142.936,143.151,29658
1687770000,143.153,143.252,142.99,143.094,15948
1687777200,143.094,143.305,143.053,143.106,16139
1687784400,143.106,143.712,143.106,143.569,27122
1687791600,143.568,143.604,143.371,143.574,21054
1687798800,143.575,143.599,143.437,143.438,11216
1687806000,143.437,143.549,143.436,143.507,7427
1687813200,143.426,143.528,143.395,143.399,2626
1687820400,143.399,143.571,143.36,143.497,12174
1687827600,143.492,143.519,143.284,143.396,15748
1687834800,143.395,143.525,143.329,143.495,11817
1687842000,143.496,143.659,143.425,143.444,13798
1687849200,143.442,143.775,143.399,143.71,21719
1687856400,143.71,143.946,143.657,143.737,16320
1687863600,143.736,143.788,143.372,143.549,22781
1687870800,143.54,144.078,143.3,144.041,33811
1687878000,144.038,144.175,143.873,143.975,17575
1687885200,143.977,144.086,143.956,144.039,10058
1687892400,144.04,144.088,143.997,144.072,7225
1687899600,144.052,144.093,143.939,143.965,4600
1687906800,143.965,143.966,143.731,143.8,14349
1687914000,143.8,144.049,143.776,143.925,16964
1687921200,143.926,144.016,143.849,143.989,10746
1687928400,143.988,144.035,143.863,143.992,14665
1687935600,143.988,144.256,143.946,144.072,24339
1687942800,144.072,144.099,143.823,144.083,18548
1687950000,144.083,144.444,144.048,144.4,20720
1687957200,144.4,144.616,144.091,144.536,34209
1687964400,144.534,144.538,144.124,144.184,21830
1687971600,144.184,144.343,144.125,144.313,10911
1687978800,144.314,144.533,144.302,144.486,9133
1687986000,144.439,144.44,144.322,144.404,5828
1687993200,144.405,144.473,144.242,144.253,13311
1688000400,144.243,144.386,144.135,144.372,15671
1688007600,144.372,144.599,144.365,144.582,12254
1688014800,144.583,144.699,144.494,144.611,17917
1688022000,144.612,144.69,144.156,144.253,26263
1688029200,144.253,144.407,144.18,144.181,16285
1688036400,144.181,144.809,144.152,144.786,27747
1688043600,144.789,144.9,144.524,144.606,37491
1688050800,144.607,144.856,144.542,144.845,19292
1688058000,144.846,144.893,144.768,144.89,10960
1688065200,144.887,144.894,144.779,144.782,6908
1688072400,144.718,144.799,144.718,144.76,3977
1688079600,144.759,144.925,144.68,144.882,14092
1688086800,144.883,145.074,144.718,144.754,19701
1688094000,144.754,144.81,144.653,144.722,12491
1688101200,144.723,144.751,144.441,144.585,15709
1688108400,144.583,144.906,144.554,144.637,21282
1688115600,144.601,144.754,144.587,144.632,16412
1688122800,144.634,144.744,144.345,144.46,22068
1688130000,144.465,144.599,144.205,144.544,33422
1688137200,144.548,144.627,144.323,144.329,24151
1688144400,144.328,144.364,144.234,144.301,13259
1688151600,144.294,144.351,144.245,144.298,12057
1688331600,144.301,144.348,144.23,144.345,3000
1688338800,144.346,144.478,144.225,144.443,13170
1688346000,144.444,144.692,144.409,144.668,15110
1688353200,144.667,144.694,144.422,144.439,11127
1688360400,144.44,144.772,144.367,144.735,16067
1688367600,144.737,144.882,144.684,144.715,20115
1688374800,144.717,144.754,144.546,144.736,15053
1688382000,144.737,144.913,144.534,144.59,17915
1688389200,144.59,144.635,143.984,144.46,30801
1688396400,144.46,144.702,144.45,144.683,13552
1688403600,144.682,144.726,144.625,144.718,6812
1688410800,144.718,144.756,144.654,144.654,3232
1688418000,144.668,144.7,144.617,144.668,3280
1688425200,144.668,144.678,144.426,144.462,9900
1688432400,144.464,144.646,144.435,144.591,10451
1688439600,144.59,144.676,144.571,144.653,8431
1688446800,144.652,144.667,144.337,144.392,10797
1688454000,144.391,144.549,144.373,144.385,13344
1688461200,144.386,144.451,144.304,144.446,9788
1688468400,144.446,144.465,144.309,144.328,8336
1688475600,144.329,144.401,144.207,144.376,11020
1688482800,144.377,144.544,144.377,144.513,8612
1688490000,144.513,144.54,144.448,144.471,3235
1688497200,144.471,144.508,144.41,144.47,3462
1688504400,144.394,144.482,144.394,144.468,3370
1688511600,144.468,144.559,144.381,144.459,8743
1688518800,144.455,144.642,144.439,144.532,10804
1688526000,144.526,144.585,144.476,144.526,7340
1688533200,144.527,144.728,144.527,144.659,13438
1688540400,144.663,144.735,144.252,144.359,22348
1688547600,144.358,144.397,144.206,144.236,15753
1688554800,144.237,144.597,144.232,144.402,17622
1688562000,144.404,144.498,144.08,144.461,26812
1688569200,144.461,144.653,144.442,144.638,12511
1688576400,144.637,144.682,144.5,144.667,10785
1688583600,144.666,144.699,144.632,144.661,7286
1688590800,144.593,144.628,144.518,144.56,4056
1688598000,144.56,144.575,144.195,144.231,12275
1688605200,144.231,144.445,144.222,144.243,12473
1688612400,144.247,144.276,143.924,143.968,14905
1688619600,143.968,143.976,143.619,143.841,20612
1688626800,143.839,144.065,143.555,144.004,25494
1688634000,143.999,144.133,143.805,143.834,16077
1688641200,143.834,144.345,143.635,144.199,29925
1688648400,144.199,144.654,144.055,144.283,38307
1688655600,144.284,144.343,143.96,144.106,20822
1688662800,144.104,144.231,144.081,144.148,10919
1688670000,144.148,144.163,144.042,144.06,7357
1688677200,144.016,144.089,144.016,144.067,3083
1688684400,144.066,144.202,143.799,144.075,12519
1688691600,144.074,144.108,143.928,144,12820
1688698800,144.001,144.005,143.813,143.837,10524
1688706000,143.838,143.859,143.353,143.4,17164
1688713200,143.403,143.524,142.945,142.963,26384
1688720400,142.963,143.234,142.873,143.225,18555
1688727600,143.223,143.38,142.574,143.242,28563
1688734800,143.254,143.421,142.103,142.222,41323
1688742000,142.225,142.339,142.082,142.108,19414
1688749200,142.11,142.195,142.097,142.131,8905
1688756400,142.133,142.157,142.072,142.104,7664
1688936400,142.106,142.302,142.094,142.191,5269
1688943600,142.202,142.543,142.119,142.492,15309
1688950800,142.493,142.904,142.429,142.813,19081
1688958000,142.813,143.006,142.699,142.986,12597
1688965200,142.986,142.986,142.398,142.443,18055
1688972400,142.443,142.516,142.241,142.317,18272
1688979600,142.316,142.598,142.271,142.448,12390
1688986800,142.448,142.514,142.073,142.419,18307
1688994000,142.417,142.417,141.562,141.696,28479
1689001200,141.697,141.699,141.417,141.48,15721
1689008400,141.481,141.493,141.309,141.311,9636
1689015600,141.31,141.338,141.277,141.325,5472
1689022800,141.337,141.357,141.214,141.318,3934
1689030000,141.317,141.462,141.156,141.348,13764
1689037200,141.351,141.353,140.611,140.622,19159
1689044400,140.625,140.881,140.6,140.757,14256
1689051600,140.757,140.95,140.567,140.598,19782
1689058800,140.595,140.83,140.423,140.552,24282
1689066000,140.552,140.591,140.159,140.377,17278
1689073200,140.384,140.642,140.234,140.481,18195
1689080400,140.481,140.956,140.389,140.605,22588
1689087600,140.606,140.703,140.323,140.333,13127
1689094800,140.333,140.463,140.299,140.449,8127
1689102000,140.45,140.483,140.336,140.351,6392
1689109200,140.357,140.367,140.209,140.218,3779
1689116400,140.217,140.288,139.609,139.739,17799
1689123600,139.737,139.749,139.367,139.593,21734
1689130800,139.592,139.672,139.45,139.5,13786
1689138000,139.5,139.603,139.313,139.445,17759
1689145200,139.446,139.756,139.374,139.604,20473
1689152400,139.605,139.726,139.541,139.548,13404
1689159600,139.549,139.648,138.774,139.273,27306
1689166800,139.271,139.363,138.38,138.435,41123
1689174000,138.433,138.545,138.157,138.402,20035
1689181200,138.401,138.488,138.265,138.322,10857
1689188400,138.323,138.553,138.292,138.514,8345
1689195600,138.422,138.465,138.333,138.374,5378
1689202800,138.373,138.576,138.072,138.548,16566
1689210000,138.546,138.673,138.416,138.516,19638
1689217200,138.516,138.547,138.387,138.523,13968
1689224400,138.522,138.833,138.3,138.396,20252
1689231600,138.396,138.568,138.233,138.379,23614
1689238800,138.381,138.622,138.373,138.521,16035
1689246000,138.521,138.956,138.236,138.639,27582
1689253200,138.632,138.67,138.052,138.19,32965
1689260400,138.19,138.28,138.027,138.07,16204
1689267600,138.072,138.188,137.922,138.017,10900
1689274800,138.016,138.074,137.96,138.049,6830
1689282000,138.038,138.096,137.958,138.034,4579
1689289200,138.034,138.115,137.644,137.684,17165
1689296400,137.682,137.743,137.24,137.627,24006
1689303600,137.627,137.714,137.37,137.699,14497
1689310800,137.693,138.408,137.589,138.347,19907
1689318000,138.348,138.469,138.144,138.318,22361
1689325200,138.317,138.845,138.202,138.606,18293
1689332400,138.604,138.918,138.344,138.8,24289
1689339600,138.804,139.156,138.401,138.505,39621
1689346800,138.504,138.767,138.405,138.668,18098
1689354000,138.652,138.82,138.623,138.82,7510
1689361200,138.821,138.903,138.794,138.795,5460
1689541200,138.643,138.831,138.58,138.763,3964
1689548400,138.765,138.804,138.366,138.382,9198
1689555600,138.382,138.621,138.377,138.527,11924
1689562800,138.527,138.697,138.519,138.626,7272
1689570000,138.626,138.655,138.415,138.462,12266
1689577200,138.457,138.757,138.314,138.404,21591
1689584400,138.405,138.49,137.998,138.154,17099
1689591600,138.154,139.096,138.133,138.925,21543
1689598800,138.924,139.41,138.85,139.105,29073
1689606000,139.095,139.19,138.789,138.811,13155
1689613200,138.811,138.893,138.638,138.648,9346
1689620400,138.647,138.731,138.604,138.719,5392
1689627600,138.708,138.72,138.603,138.72,3786
1689634800,138.72,138.926,138.659,138.826,12484
1689642000,138.821,138.895,138.545,138.57,18091
1689649200,138.569,138.636,138.386,138.462,11423
1689656400,138.463,138.546,138.301,138.329,16399
1689663600,138.328,138.407,138.09,138.265,25620
1689670800,138.266,138.359,138.111,138.27,14653
1689678000,138.269,138.628,137.676,138.104,30020
1689685200,138.104,138.996,137.813,138.618,44646
1689692400,138.616,139.13,138.574,139.107,19533
1689699600,139.106,139.138,138.762,138.837,11093
1689706800,138.841,139.021,138.793,138.839,8840
1689714000,138.79,138.944,138.763,138.91,3593
1689721200,138.912,139.192,138.865,138.912,14180
1689728400,138.908,139.328,138.85,139.249,17836
1689735600,139.249,139.421,139.159,139.372,11421
1689742800,139.374,139.679,139.226,139.447,23441
1689750000,139.45,139.748,139.2,139.731,24183
1689757200,139.734,139.939,139.672,139.918,16626
1689764400,139.915,139.993,139.385,139.644,22727
1689771600,139.645,139.989,139.458,139.616,31703
1689778800,139.617,139.808,139.518,139.63,18823
1689786000,139.625,139.717,139.516,139.62,10473
1689793200,139.621,139.761,139.593,139.674,7626
1689800400,139.534,139.659,139.534,139.612,5483
1689807600,139.613,139.701,139.401,139.441,14265
1689814800,139.439,139.464,139.111,139.218,19125
1689822000,139.216,139.384,139.119,139.372,10958
1689829200,139.373,139.632,139.247,139.527,16686
1689836400,139.524,139.686,139.356,139.455,25405
1689843600,139.452,139.55,139.339,139.466,16759
1689850800,139.467,139.917,139.416,139.835,25163
1689858000,139.838,140.354,139.747,140.312,31239
1689865200,140.311,140.498,140.266,140.462,13880
1689872400,140.46,140.46,140.121,140.205,10933
1689879600,140.204,140.214,140.049,140.069,6145
1689886800,140.074,140.081,139.923,139.938,3713
1689894000,139.938,140.077,139.75,139.98,15615
1689901200,139.98,140.305,139.897,140.228,15443
1689908400,140.227,140.258,140.023,140.128,8591
1689915600,140.129,140.325,140.087,140.265,13911
1689922800,140.267,141.954,140.212,141.913,35903
1689930000,141.913,141.918,141.408,141.788,23877
1689937200,141.793,141.84,141.217,141.374,23565
1689944400,141.373,141.872,141.27,141.752,27632
1689951600,141.752,141.773,141.523,141.673,14816
1689958800,141.675,141.814,141.635,141.809,8095
1689966000,141.812,141.832,141.713,141.831,7518
1690146000,141.59,141.784,141.571,141.752,4282
1690153200,141.752,141.814,141.602,141.696,13649
1690160400,141.698,141.744,141.345,141.435,16900
1690167600,141.433,141.597,141.358,141.458,11428
1690174800,141.459,141.634,141.379,141.482,13411
1690182000,141.48,141.587,141.23,141.448,28015
1690189200,141.446,141.459,141.052,141.137,19853
1690196400,141.129,141.196,140.845,140.986,17813
1690203600,140.986,141.419,140.742,141.156,31606
1690210800,141.158,141.424,141.115,141.296,17118
1690218000,141.297,141.525,141.254,141.445,10003
1690225200,141.446,141.547,141.407,141.481,6282
1690232400,141.426,141.544,141.399,141.522,3517
1690239600,141.522,141.623,141.372,141.486,11982
1690246800,141.485,141.485,141.223,141.23,15986
1690254000,141.229,141.469,141.204,141.451,9178
1690261200,141.449,141.528,141.384,141.497,14402
1690268400,141.501,141.577,141.22,141.345,21238
1690275600,141.344,141.462,141.301,141.448,11836
1690282800,141.448,141.736,141.193,141.233,17727
1690290000,141.233,141.598,141.023,141.143,22998
1690297200,141.144,141.152,140.856,141.054,11856
1690304400,141.056,141.197,140.985,141.035,8759
1690311600,141.037,141.037,140.853,140.901,8906
1690318800,140.904,140.984,140.837,140.923,4793
1690326000,140.921,141.102,140.853,141.089,12141
1690333200,141.095,141.186,141.008,141.031,13630
1690340400,141.031,141.095,140.971,141.042,8897
1690347600,141.042,141.085,140.605,140.694,14962
1690354800,140.692,140.787,140.272,140.339,24962
1690362000,140.336,140.448,140.24,140.387,16265
1690369200,140.387,140.453,140.16,140.246,18724
1690376400,140.249,140.562,140.235,140.37,25662
1690383600,140.371,140.651,140.31,140.618,12280
1690390800,140.619,140.697,139.979,139.986,29535
1690398000,139.986,140.373,139.927,140.245,19951
1690405200,140.184,140.478,140.178,140.47,5019
1690412400,140.472,140.487,140.229,140.349,13006
1690419600,140.35,140.367,139.38,139.707,22882
1690426800,139.708,140.026,139.599,139.998,14045
1690434000,140.002,140.259,139.951,140.038,19498
1690441200,140.04,140.116,139.813,139.965,25812
1690448400,139.964,140.245,139.889,140.23,16644
1690455600,140.232,140.779,140.119,140.72,32555
1690462800,140.721,141.322,140.586,141.251,43181
1690470000,141.253,141.263,140.991,141.087,17017
1690477200,141.079,141.098,139.203,139.35,40629
1690484400,139.352,139.554,138.769,139.46,21228
1690491600,139.359,139.466,138.883,139.184,8328
1690498800,139.185,139.512,138.707,139.473,31073
1690506000,139.475,139.593,139.06,139.224,28602
1690513200,139.225,141.079,138.064,138.766,49180
1690520400,138.764,139.776,138.552,139.271,42825
1690527600,139.28,140.072,138.891,139.692,39635
1690534800,139.694,139.724,139.2,139.248,25670
1690542000,139.248,140.09,138.851,139.945,33779
1690549200,139.953,140.618,139.953,140.322,37239
1690556400,140.328,140.906,140.272,140.863,21605
1690563600,140.862,141.027,140.754,140.998,14989
1690570800,140.997,141.178,140.993,141.169,11787
1690750800,140.936,141.145,140.821,140.834,7407
1690758000,140.838,140.949,140.692,140.899,21215
1690765200,140.898,141.752,140.829,141.726,30110
1690772400,141.725,141.954,141.631,141.883,19031
1690779600,141.882,142.169,141.577,142.048,22342
1690786800,142.048,142.499,141.889,142.414,27662
1690794000,142.413,142.467,142.198,142.249,18094
1690801200,142.246,142.293,142.077,142.263,20935
1690808400,142.27,142.691,142.007,142.056,34030
1690815600,142.062,142.212,142.017,142.117,18800
1690822800,142.113,142.307,142.05,142.277,9891
1690830000,142.276,142.307,142.22,142.266,8885
1690837200,142.242,142.301,142.207,142.257,3118
1690844400,142.257,142.504,142.232,142.5,13735
1690851600,142.5,142.797,142.437,142.578,20208
1690858800,142.579,142.844,142.539,142.724,15630
1690866000,142.723,142.807,142.528,142.66,17216
1690873200,142.66,142.815,142.558,142.691,24359
1690880400,142.693,142.78,142.616,142.74,14816
1690887600,142.737,143.293,142.728,143.268,21427
1690894800,143.269,143.469,142.876,143.271,34476
1690902000,143.269,143.412,143.251,143.391,15299
1690909200,143.394,143.546,143.316,143.407,8998
1690916400,143.41,143.417,143.311,143.328,9194
1690923600,143.316,143.324,142.702,142.917,10812
1690930800,142.916,143.18,142.836,143.085,19562
1690938000,143.088,143.313,142.937,143.272,20797
1690945200,143.272,143.349,142.982,142.993,13088
1690952400,142.993,142.993,142.54,142.617,25668
1690959600,142.616,142.811,142.233,142.341,29047
1690966800,142.342,142.783,142.309,142.738,20158
1690974000,142.735,143.196,142.673,143.18,28843
1690981200,143.181,143.477,143.03,143.364,30933
1690988400,143.383,143.416,143.081,143.16,18996
1690995600,143.16,143.284,143.06,143.267,10178
1691002800,143.268,143.422,143.231,143.324,9349
1691010000,143.321,143.359,143.191,143.259,4132
1691017200,143.259,143.411,143.194,143.352,14390
1691024400,143.351,143.48,143.163,143.304,18394
1691031600,143.306,143.736,143.238,143.694,19515
1691038800,143.688,143.889,143.417,143.668,24509
1691046000,143.667,143.732,142.797,142.843,38010
1691053200,142.844,143.057,142.751,142.914,22363
1691060400,142.917,143.006,142.502,142.708,34382
1691067600,142.714,142.859,142.287,142.296,38167
1691074800,142.296,142.552,142.065,142.512,24857
1691082000,142.513,142.721,142.505,142.704,13456
1691089200,142.705,142.75,142.484,142.522,10191
1691096400,142.508,142.578,142.452,142.492,4864
1691103600,142.494,142.883,142.494,142.733,13319
1691110800,142.732,142.745,142.316,142.478,23315
1691118000,142.478,142.612,142.454,142.486,14110
1691125200,142.497,142.693,142.349,142.647,19303
1691132400,142.648,142.724,142.485,142.661,21413
1691139600,142.66,142.843,142.603,142.777,15089
1691146800,142.775,142.898,142.142,142.246,31851
1691154000,142.248,142.264,141.552,141.792,39074
1691161200,141.797,141.937,141.667,141.839,18114
1691168400,141.837,141.885,141.796,141.852,11745
1691175600,141.849,141.873,141.746,141.764,8190
1691355600,141.65,141.872,141.642,141.824,6610
1691362800,141.825,141.942,141.511,141.593,14964
1691370000,141.594,142.042,141.573,142.016,16324
1691377200,142.015,142.299,141.963,142.123,9573
1691384400,142.12,142.304,142.055,142.227,12593
1691391600,142.225,142.407,142.106,142.303,16168
1691398800,142.304,142.449,142.207,142.344,12455
1691406000,142.343,142.387,142.005,142.013,12293
1691413200,142.009,142.357,141.798,142.346,20805
1691420400,142.357,142.582,142.242,142.515,12171
1691427600,142.516,142.552,142.418,142.427,7879
1691434800,142.429,142.526,142.414,142.474,7191
1691442000,142.468,142.491,142.413,142.422,3565
1691449200,142.424,143.048,142.4,143.015,12227
1691456400,143.017,143.38,142.939,143.326,17453
1691463600,143.323,143.438,143.225,143.228,11066
1691470800,143.229,143.4,142.902,142.981,16951
1691478000,142.98,143.192,142.837,143.093,22679
1691485200,143.094,143.276,142.972,143.225,17817
1691492400,143.225,143.234,142.862,143.149,23578
1691499600,143.162,143.242,142.963,143.132,33192
1691506800,143.133,143.341,143.112,143.31,14426
1691514000,143.31,143.493,143.22,143.376,11444
1691521200,143.376,143.461,143.365,143.382,10904
1691528400,143.373,143.373,143.271,143.368,4215
1691535600,143.369,143.386,143.092,143.345,10641
1691542800,143.345,143.4,143.22,143.236,12041
1691550000,143.235,143.255,143.146,143.206,7640
1691557200,143.206,143.207,143,143.064,11387
1691564400,143.074,143.343,143.063,143.285,15083
1691571600,143.284,143.411,143.235,143.372,12585
1691578800,143.372,143.534,143.346,143.393,18352
1691586000,143.397,143.732,143.243,143.715,24270
1691593200,143.713,143.731,143.408,143.638,19162
1691600400,143.636,143.745,143.507,143.687,11540
1691607600,143.686,143.748,143.631,143.724,8578
1691614800,143.671,143.695,143.629,143.662,2344
1691622000,143.664,143.888,143.634,143.809,9441
1691629200,143.811,143.891,143.736,143.85,11193
1691636400,143.851,144.086,143.836,144.035,9061
1691643600,144.032,144.106,143.896,143.95,11973
1691650800,143.951,143.954,143.716,143.809,16258
1691658000,143.808,143.895,143.764,143.824,9609
1691665200,143.825,144.033,143.272,143.824,24604
1691672400,143.826,144.428,143.76,144.381,34475
1691679600,144.379,144.489,144.363,144.45,15636
1691686800,144.451,144.731,144.428,144.721,16596
1691694000,144.721,144.817,144.679,144.751,7462
1691701200,144.661,144.846,144.661,144.825,2722
1691708400,144.826,144.893,144.76,144.818,6416
1691715600,144.824,144.828,144.631,144.732,9822
1691722800,144.734,144.742,144.656,144.687,5790
1691730000,144.687,144.794,144.675,144.757,10587
1691737200,144.756,144.759,144.552,144.588,12654
1691744400,144.588,144.643,144.554,144.57,8615
1691751600,144.571,144.851,144.421,144.798,16707
1691758800,144.803,144.882,144.368,144.73,27934
1691766000,144.736,144.969,144.707,144.929,13777
1691773200,144.932,145.004,144.882,144.957,11694
1691780400,144.958,144.995,144.921,144.942,6237
1691960400,144.815,144.992,144.751,144.92,3780
1691967600,144.921,145.222,144.786,144.994,12207
1691974800,144.994,144.999,144.653,144.969,14827
1691982000,144.97,144.986,144.892,144.91,8499
1691989200,144.91,144.975,144.744,144.865,10103
1691996400,144.868,144.975,144.745,144.944,14891
1692003600,144.945,145.073,144.857,145.013,10777
1692010800,145.012,145.401,144.992,145.349,14439
1692018000,145.347,145.578,145.217,145.442,23006
1692025200,145.442,145.448,145.184,145.283,11515
1692032400,145.281,145.507,145.248,145.502,7269
1692039600,145.502,145.549,145.415,145.543,6759
1692046800,145.541,145.566,145.47,145.513,2578
1692054000,145.512,145.596,145.372,145.443,7597
1692061200,145.446,145.548,145.325,145.545,13800
1692068400,145.546,145.554,145.459,145.517,7377
1692075600,145.518,145.739,145.328,145.723,15165
1692082800,145.722,145.866,145.579,145.647,17291
1692090000,145.648,145.716,145.509,145.541,16998
1692097200,145.542,145.822,145.457,145.595,20539
1692104400,145.594,145.612,145.107,145.136,31659
1692111600,145.135,145.57,145.135,145.56,15850
1692118800,145.561,145.667,145.482,145.666,9623
1692126000,145.666,145.669,145.525,145.576,6270
1692133200,145.536,145.598,145.518,145.598,3767
1692140400,145.599,145.681,145.507,145.591,8096
1692147600,145.585,145.692,145.45,145.554,13046
1692154800,145.555,145.559,145.443,145.454,8688
1692162000,145.455,145.512,145.306,145.347,12557
1692169200,145.346,145.556,145.329,145.521,15593
1692176400,145.522,145.669,145.479,145.61,11069
1692183600,145.609,145.885,145.608,145.866,15914
1692190800,145.87,145.931,145.654,145.805,24597
1692198000,145.805,145.94,145.717,145.915,13184
1692205200,145.916,146.259,145.915,146.233,17707
1692212400,146.236,146.406,146.232,146.349,10776
1692219600,146.265,146.328,146.162,146.279,3260
1692226800,146.28,146.56,146.275,146.393,11021
1692234000,146.394,146.499,146.35,146.417,10738
1692241200,146.418,146.437,146.362,146.412,7541
1692248400,146.413,146.428,146.281,146.357,10286
1692255600,146.358,146.366,146.098,146.238,12750
1692262800,146.239,146.298,145.921,145.964,13011
1692270000,145.963,146.044,145.654,145.789,21060
1692277200,145.794,146.161,145.618,146.015,23150
1692284400,146.014,146.201,145.925,146.131,11069
1692291600,146.13,146.3,146.129,146.153,8353
1692298800,146.156,146.168,145.639,145.847,10428
1692306000,145.772,145.868,145.687,145.711,3333
1692313200,145.711,145.792,145.529,145.545,9345
1692320400,145.548,145.574,145.329,145.514,12526
1692327600,145.514,145.532,145.323,145.471,9311
1692334800,145.471,145.472,145.183,145.372,13383
1692342000,145.375,145.634,145.154,145.577,15141
1692349200,145.578,145.631,145.421,145.485,11689
1692356400,145.487,145.765,145.298,145.641,18248
1692363600,145.642,145.738,145.137,145.182,24587
1692370800,145.183,145.332,145.061,145.067,14357
1692378000,145.066,145.309,144.928,145.304,12001
1692385200,145.305,145.401,145.288,145.379,9466
1692565200,145.292,145.488,145.26,145.296,2695
1692572400,145.298,145.353,145.147,145.182,8340
1692579600,145.18,145.629,145.146,145.352,13533
1692586800,145.353,145.466,145.314,145.373,6915
1692594000,145.372,145.539,145.337,145.437,9833
1692601200,145.439,145.699,145.342,145.676,16328
1692608400,145.675,145.968,145.627,145.929,11635
1692615600,145.928,146.17,145.756,146.09,14974
1692622800,146.09,146.316,146.01,146.292,23009
1692630000,146.291,146.403,146.117,146.186,13237
1692637200,146.184,146.218,146.087,146.106,9622
1692644400,146.106,146.284,146.067,146.229,6872
1692651600,146.169,146.22,146.141,146.186,2045
1692658800,146.185,146.399,146.166,146.211,8119
1692666000,146.211,146.229,145.98,146.068,10613
1692673200,146.069,146.097,145.843,146.009,9415
1692680400,146.008,146.107,145.876,145.908,11459
1692687600,145.913,145.934,145.591,145.619,13593
1692694800,145.618,145.733,145.496,145.697,11736
1692702000,145.697,146.016,145.694,145.955,15057
1692709200,145.958,146.133,145.813,145.868,24927
1692716400,145.869,145.896,145.711,145.843,12986
1692723600,145.844,145.884,145.709,145.855,13411
1692730800,145.854,145.932,145.842,145.883,7302
1692738000,145.788,145.878,145.722,145.814,2433
1692745200,145.816,145.827,145.646,145.657,6992
1692752400,145.658,145.706,145.576,145.679,10658
1692759600,145.68,145.739,145.605,145.643,6427
1692766800,145.64,145.717,145.533,145.69,10021
1692774000,145.69,145.758,145.261,145.366,24621
1692781200,145.365,145.544,145.282,145.445,13255
1692788400,145.448,145.595,145.245,145.481,17278
1692795600,145.48,145.501,144.633,144.76,36121
1692802800,144.761,144.817,144.58,144.623,17259
1692810000,144.625,144.891,144.541,144.788,11609
1692817200,144.788,144.918,144.777,144.849,8959
1692824400,144.792,144.842,144.734,144.796,3101
1692831600,144.797,144.832,144.601,144.791,9720
1692838800,144.794,145.069,144.784,144.995,13026
1692846000,144.996,145.203,144.929,145.171,11292
1692853200,145.171,145.203,144.941,145.048,11844
1692860400,145.048,145.357,145.047,145.306,16977
1692867600,145.305,145.478,145.276,145.441,10310
1692874800,145.442,145.957,145.405,145.896,17808
1692882000,145.895,145.959,145.433,145.595,26800
1692889200,145.596,145.908,145.542,145.902,15813
1692896400,145.904,145.937,145.755,145.861,10758
1692903600,145.851,145.871,145.804,145.845,6560
1692910800,145.793,145.955,145.742,145.947,4429
1692918000,145.948,146.108,145.912,146.039,10199
1692925200,146.04,146.212,145.984,146.011,10563
1692932400,146.01,146.177,145.911,146.049,7790
1692939600,146.048,146.257,146.001,146.09,12121
1692946800,146.089,146.102,145.905,146.023,15664
1692954000,146.025,146.153,145.925,145.929,10519
1692961200,145.93,146.033,145.872,145.947,12997
1692968400,145.946,146.633,145.726,146.558,36112
1692975600,146.557,146.594,146.21,146.353,21230
1692982800,146.352,146.368,146.203,146.332,10937
1692990000,146.334,146.457,146.31,146.445,7529
1693170000,146.401,146.559,146.392,146.544,2329
1693177200,146.539,146.615,146.447,146.512,9843
1693184400,146.512,146.557,146.397,146.509,11580
1693191600,146.51,146.525,146.455,146.469,7025
1693198800,146.469,146.48,146.274,146.344,10255
1693206000,146.343,146.601,146.311,146.538,10545
1693213200,146.539,146.6,146.479,146.54,9588
1693220400,146.541,146.587,146.407,146.432,12003
1693227600,146.431,146.683,146.406,146.663,18132
1693234800,146.663,146.747,146.363,146.494,12609
1693242000,146.493,146.578,146.429,146.52,9149
1693249200,146.512,146.541,146.46,146.541,5003
1693256400,146.509,146.553,146.422,146.428,3326
1693263600,146.428,146.498,146.309,146.456,8091
1693270800,146.456,146.456,146.312,146.368,10009
1693278000,146.368,146.499,146.338,146.486,5899
1693285200,146.485,146.56,146.339,146.414,9109
1693292400,146.417,146.526,146.356,146.512,12012
1693299600,146.514,146.79,146.494,146.782,10010
1693306800,146.783,147.377,146.782,147.239,18592
1693314000,147.239,147.265,146.178,146.334,36394
1693321200,146.33,146.378,145.855,145.918,20425
1693328400,145.918,146,145.774,145.848,12056
1693335600,145.849,145.884,145.669,145.884,8993
1693342800,145.88,145.918,145.687,145.801,4217
1693350000,145.801,146.106,145.779,145.909,10803
1693357200,145.91,146.239,145.864,146.236,13176
1693364400,146.236,146.253,146.138,146.224,8016
1693371600,146.221,146.352,146.148,146.331,14202
1693378800,146.33,146.537,146.314,146.441,18459
1693386000,146.442,146.479,146.256,146.33,12850
1693393200,146.33,146.437,145.819,145.874,24087
1693400400,145.875,145.952,145.557,145.843,29671
1693407600,145.841,146.145,145.756,146.095,15008
1693414800,146.095,146.252,145.979,146.18,9374
1693422000,146.181,146.294,146.169,146.253,6205
1693429200,146.162,146.189,146.061,146.11,3692
1693436400,146.11,146.127,145.95,146.067,8122
1693443600,146.069,146.075,145.753,145.79,11317
1693450800,145.791,146.033,145.79,145.883,6866
1693458000,145.883,146.048,145.88,146.047,11047
1693465200,146.047,146.053,145.719,145.95,16661
1693472400,145.95,145.974,145.823,145.925,12567
1693479600,145.924,146.071,145.627,145.867,20194
1693486800,145.867,146.227,145.538,145.602,29897
1693494000,145.6,145.742,145.435,145.502,17868
1693501200,145.501,145.545,145.348,145.426,7937
1693508400,145.431,145.545,145.367,145.531,6713
1693515600,145.401,145.571,145.394,145.526,3302
1693522800,145.528,145.701,145.449,145.567,8000
1693530000,145.561,145.568,145.24,145.411,13171
1693537200,145.411,145.565,145.411,145.491,6822
1693544400,145.491,145.628,145.479,145.547,10348
1693551600,145.543,145.547,145.365,145.464,13749
1693558800,145.465,145.498,145.396,145.431,8475
1693566000,145.438,145.452,144.442,144.733,24247
1693573200,144.733,146.066,144.694,146.012,40771
1693580400,146.013,146.295,145.996,146.15,15453
1693587600,146.147,146.194,146.07,146.153,7523
1693594800,146.154,146.283,146.114,146.26,5070
1693774800,146.067,146.245,146.061,146.163,1729
1693782000,146.165,146.215,146.024,146.162,7362
1693789200,146.162,146.247,146.074,146.142,11048
1693796400,146.135,146.203,146.109,146.16,5390
1693803600,146.161,146.239,146.133,146.188,7656
1693810800,146.187,146.456,146.183,146.431,13855
1693818000,146.431,146.464,146.312,146.33,9139
1693825200,146.329,146.45,146.326,146.448,7433
1693832400,146.45,146.47,146.389,146.45,9188
1693839600,146.45,146.495,146.423,146.488,3546
1693846800,146.487,146.495,146.472,146.49,1579
1693854000,146.489,146.497,146.476,146.486,2127
1693861200,146.316,146.525,146.314,146.519,2150
1693868400,146.52,146.62,146.481,146.517,7030
1693875600,146.513,146.726,146.486,146.721,8554
1693882800,146.726,146.777,146.643,146.668,5217
1693890000,146.668,147.06,146.658,146.961,11619
1693897200,146.96,147.085,146.837,147.008,18507
1693904400,147.01,147.276,146.955,147.227,13323
1693911600,147.228,147.503,147.083,147.198,18835
1693918800,147.194,147.7,147.137,147.697,28823
1693926000,147.696,147.734,147.557,147.634,14087
1693933200,147.633,147.803,147.582,147.761,9091
1693940400,147.761,147.771,147.678,147.722,5785
1693947600,147.614,147.707,147.564,147.625,1714
1693954800,147.626,147.82,147.362,147.773,10688
1693962000,147.773,147.777,147.504,147.526,10159
1693969200,147.525,147.598,147.395,147.399,8330
1693976400,147.39,147.408,147.018,147.281,13695
1693983600,147.284,147.495,147.227,147.39,17115
1693990800,147.393,147.594,147.297,147.367,11254
1693998000,147.363,147.445,147.207,147.273,14541
1694005200,147.274,147.694,147.132,147.602,31032
1694012400,147.603,147.706,147.567,147.592,12025
1694019600,147.59,147.739,147.489,147.7,9251
1694026800,147.7,147.745,147.638,147.67,6477
1694034000,147.609,147.67,147.517,147.647,2575
1694041200,147.649,147.873,147.621,147.761,8533
1694048400,147.761,147.806,147.54,147.617,10307
1694055600,147.616,147.633,147.496,147.565,7914
1694062800,147.566,147.681,147.429,147.553,10720
1694070000,147.554,147.584,147.362,147.455,14810
1694077200,147.455,147.498,147.396,147.437,11405
1694084400,147.438,147.613,147.22,147.284,16469
1694091600,147.285,147.437,147.047,147.114,23717
1694098800,147.12,147.29,147.043,147.09,11301
1694106000,147.097,147.27,147.097,147.181,6526
1694113200,147.181,147.3,147.164,147.289,6533
1694120400,147.229,147.301,147.222,147.285,1904
1694127600,147.286,147.384,146.588,146.92,14350
1694134800,146.921,147.254,146.905,147.216,16951
1694142000,147.222,147.339,147.147,147.226,9695
1694149200,147.226,147.259,147.052,147.238,12460
1694156400,147.237,147.456,147.213,147.408,17041
1694163600,147.408,147.411,147.244,147.392,11511
1694170800,147.391,147.571,147.292,147.55,14613
1694178000,147.555,147.699,147.324,147.638,24304
1694185200,147.637,147.782,147.592,147.766,13194
1694192400,147.765,147.836,147.703,147.826,6700
1694199600,147.827,147.872,147.765,147.798,7405
1694379600,147,147.272,146.661,147.117,8387
1694386800,147.118,147.262,146.821,146.955,17885
1694394000,146.96,147.094,146.545,146.636,20531
1694401200,146.637,146.717,146.151,146.201,19972
1694408400,146.199,146.289,145.91,146.07,21487
1694415600,146.069,146.493,145.901,146.341,24036
1694422800,146.343,146.931,146.268,146.9,17569
1694430000,146.899,146.985,146.293,146.495,19848
1694437200,146.496,146.591,146.199,146.405,27005
1694444400,146.406,146.547,146.332,146.471,13544
1694451600,146.478,146.585,146.429,146.537,12136
1694458800,146.536,146.604,146.478,146.584,9272
1694466000,146.522,146.594,146.458,146.518,3793
1694473200,146.523,146.804,146.521,146.692,9985
1694480400,146.691,146.724,146.435,146.694,14720
1694487600,146.694,146.745,146.59,146.733,10254
1694494800,146.735,146.944,146.728,146.887,13186
1694502000,146.886,146.915,146.66,146.789,19542
1694509200,146.79,146.982,146.758,146.904,13582
1694516400,146.904,147.16,146.86,147.121,18183
1694523600,147.125,147.234,147.065,147.209,23491
1694530800,147.196,147.232,147.059,147.176,13258
1694538000,147.177,147.228,147.083,147.099,11756
1694545200,147.099,147.166,146.985,147.08,10543
1694552400,147.052,147.134,147.015,147.061,2614
1694559600,147.063,147.316,147.05,147.302,11332
1694566800,147.307,147.449,147.269,147.372,14393
1694574000,147.371,147.43,147.294,147.392,9527
1694581200,147.392,147.4,147.219,147.28,12869
1694588400,147.282,147.385,147.209,147.254,16683
1694595600,147.253,147.437,147.251,147.38,13741
1694602800,147.381,147.742,147.138,147.434,27622
1694610000,147.435,147.604,147.251,147.501,31441
1694617200,147.503,147.549,147.262,147.345,16264
1694624400,147.347,147.449,147.167,147.447,15366
1694631600,147.446,147.509,147.42,147.469,8628
1694638800,147.352,147.402,147.321,147.325,2919
1694646000,147.325,147.391,147.052,147.086,9372
1694653200,147.087,147.193,147.027,147.09,12147
1694660400,147.086,147.148,147.019,147.139,7754
1694667600,147.137,147.162,147.073,147.107,10597
1694674800,147.104,147.359,147.098,147.291,13776
1694682000,147.292,147.395,147.254,147.326,9947
1694689200,147.327,147.564,147.206,147.408,28922
1694696400,147.41,147.448,147.038,147.128,34484
1694703600,147.126,147.246,147.018,147.235,15381
1694710800,147.236,147.491,147.179,147.443,9042
1694718000,147.443,147.484,147.415,147.463,7693
1694725200,147.466,147.494,147.412,147.451,2639
1694732400,147.453,147.52,147.338,147.456,11157
1694739600,147.458,147.502,147.345,147.484,12450
1694746800,147.485,147.5,147.375,147.41,7910
1694754000,147.41,147.694,147.369,147.616,16722
1694761200,147.619,147.82,147.611,147.781,16245
1694768400,147.782,147.952,147.72,147.945,10489
1694775600,147.944,147.948,147.745,147.941,15888
1694782800,147.941,147.947,147.601,147.865,28167
1694790000,147.864,147.896,147.786,147.863,14126
1694797200,147.859,147.865,147.722,147.851,9073
1694804400,147.853,147.891,147.818,147.832,5983
1694984400,147.703,147.834,147.666,147.82,1384
1694991600,147.821,147.879,147.713,147.715,6579
1694998800,147.716,147.803,147.708,147.742,8412
1695006000,147.741,147.749,147.677,147.677,3581
1695013200,147.675,147.689,147.559,147.675,7800
1695020400,147.677,147.754,147.587,147.635,11174
1695027600,147.634,147.67,147.584,147.656,9133
1695034800,147.655,147.748,147.58,147.732,10065
1695042000,147.73,147.771,147.597,147.674,15843
1695049200,147.672,147.723,147.602,147.629,8965
1695056400,147.63,147.758,147.591,147.749,6393
1695063600,147.748,147.758,147.577,147.6,6295
1695070800,147.568,147.628,147.533,147.624,2280
1695078000,147.623,147.735,147.508,147.644,9194
1695085200,147.644,147.777,147.635,147.739,10411
1695092400,147.746,147.789,147.734,147.753,7178
1695099600,147.755,147.894,147.742,147.839,9722
1695106800,147.838,147.861,147.614,147.713,13787
1695114000,147.715,147.741,147.569,147.669,10942
1695121200,147.669,147.807,147.633,147.779,15219
1695128400,147.777,147.838,147.626,147.699,18570
1695135600,147.698,147.859,147.692,147.828,9616
1695142800,147.833,147.924,147.791,147.848,7805
1695150000,147.849,147.882,147.8,147.871,6210
1695157200,147.808,147.856,147.701,147.772,4280
1695164400,147.774,147.821,147.692,147.74,8892
1695171600,147.742,147.847,147.705,147.837,10086
1695178800,147.835,147.845,147.779,147.835,6423
1695186000,147.834,147.965,147.817,147.94,12701
1695193200,147.939,148.168,147.907,148.091,17612
1695200400,148.089,148.094,147.822,147.871,12520
1695207600,147.869,147.934,147.8,147.863,12574
1695214800,147.865,147.873,147.628,147.696,16614
1695222000,147.697,147.749,147.494,147.542,10363
1695229200,147.541,148.113,147.476,148.013,29686
1695236400,148.017,148.363,147.974,148.347,16304
1695243600,148.165,148.296,148.165,148.258,4961
1695250800,148.259,148.464,148.244,148.408,12399
1695258000,148.407,148.454,148.19,148.279,12286
1695265200,148.277,148.409,148.251,148.343,7935
1695272400,148.342,148.395,148.236,148.274,9405
1695279600,148.275,148.381,148.154,148.188,17716
1695286800,148.189,148.258,147.731,147.733,13138
1695294000,147.732,148.06,147.696,147.954,25181
1695301200,147.96,147.984,147.37,147.414,26067
1695308400,147.415,147.581,147.323,147.511,14208
1695315600,147.511,147.565,147.424,147.519,9707
1695322800,147.52,147.603,147.445,147.559,7897
1695330000,147.511,147.588,147.511,147.564,2339
1695337200,147.564,147.701,147.509,147.615,11319
1695344400,147.614,148.169,147.603,148.043,16492
1695351600,148.044,148.255,147.903,148.022,16130
1695358800,148.02,148.418,147.925,148.327,19147
1695366000,148.329,148.415,148.216,148.29,24230
1695373200,148.291,148.34,148.133,148.257,13972
1695380400,148.257,148.293,148.171,148.253,13427
1695387600,148.256,148.356,147.961,148.079,20258
1695394800,148.084,148.306,148.061,148.291,11730
1695402000,148.297,148.392,148.253,148.388,8449
1695409200,148.387,148.416,148.345,148.361,4532
1695589200,148.248,148.394,148.21,148.383,4671
1695596400,148.383,148.481,148.323,148.334,9918
1695603600,148.334,148.44,148.286,148.365,10280
1695610800,148.367,148.409,148.319,148.353,8071
1695618000,148.351,148.435,148.323,148.435,11315
1695625200,148.434,148.577,148.373,148.562,15524
1695632400,148.562,148.658,148.516,148.608,11141
1695639600,148.609,148.755,148.6,148.738,14449
1695646800,148.739,148.963,148.738,148.93,20256
1695654000,148.924,148.932,148.728,148.849,11541
1695661200,148.847,148.867,148.755,148.837,7297
1695668400,148.836,148.898,148.788,148.888,5620
1695675600,148.87,148.871,148.763,148.806,3605
1695682800,148.808,148.907,148.704,148.885,10918
1695690000,148.885,148.955,148.813,148.906,12015
1695697200,148.906,148.928,148.82,148.883,7459
1695704400,148.883,149.187,148.836,149.162,12600
1695711600,149.157,149.169,148.759,148.911,22698
1695718800,148.91,148.992,148.823,148.889,14095
1695726000,148.89,148.958,148.795,148.797,15563
1695733200,148.798,148.989,148.798,148.835,23045
1695740400,148.838,148.963,148.831,148.926,14767
1695747600,148.926,149.079,148.867,149.069,8692
1695754800,149.069,149.102,149.021,149.064,6444
1695762000,148.999,149.075,148.965,149.058,3273
1695769200,149.058,149.082,148.968,149.033,11381
1695776400,149.036,149.064,148.864,148.983,14503
1695783600,148.982,149.072,148.973,149.022,8901
1695790800,149.022,149.152,149.01,149.053,12334
1695798000,149.051,149.085,148.974,149.064,13682
1695805200,149.065,149.231,149.06,149.219,11184
1695812400,149.218,149.252,149.112,149.187,18013
1695819600,149.189,149.499,149.166,149.499,20461
1695826800,149.498,149.648,149.375,149.62,17115
1695834000,149.619,149.709,149.464,149.586,17531
1695841200,149.587,149.662,149.476,149.642,10476
1695848400,149.43,149.571,149.279,149.474,4244
1695855600,149.476,149.518,149.421,149.457,11116
1695862800,149.457,149.558,149.372,149.429,14014
1695870000,149.437,149.456,149.33,149.333,8339
1695877200,149.333,149.447,149.257,149.372,13123
1695884400,149.372,149.431,149.206,149.379,18600
1695891600,149.379,149.41,149.21,149.311,14976
1695898800,149.313,149.502,149.163,149.454,21226
1695906000,149.454,149.467,149.147,149.388,30378
1695913200,149.386,149.419,149.166,149.289,18247
1695920400,149.289,149.386,149.221,149.23,12879
1695927600,149.23,149.332,149.214,149.299,9273
1695934800,149.209,149.299,149.201,149.264,2841
1695942000,149.265,149.453,149.256,149.384,8189
1695949200,149.382,149.433,149.28,149.402,10767
1695956400,149.403,149.509,149.331,149.368,7960
1695963600,149.368,149.39,148.752,148.874,15326
1695970800,148.875,149.083,148.53,149.075,21914
1695978000,149.074,149.146,148.949,149.102,15823
1695985200,149.1,149.279,148.943,149.191,23398
1695992400,149.187,149.398,149.084,149.211,30719
1695999600,149.208,149.45,149.198,149.413,20563
1696006800,149.412,149.489,149.366,149.398,14290
1696014000,149.397,149.456,149.346,149.356,10751
1696194000,149.62,149.62,149.391,149.579,6254
1696201200,149.58,149.726,149.455,149.682,12983
1696208400,149.682,149.796,149.624,149.784,9136
1696215600,149.783,149.824,149.717,149.731,7229
1696222800,149.732,149.762,149.619,149.628,11301
1696230000,149.629,149.791,149.557,149.726,17125
1696237200,149.726,149.768,149.634,149.731,13844
1696244400,149.731,149.818,149.696,149.805,15858
1696251600,149.804,149.877,149.674,149.844,25158
1696258800,149.84,149.868,149.766,149.821,15179
1696266000,149.821,149.823,149.711,149.752,11567
1696273200,149.751,149.874,149.723,149.861,7753
1696280400,149.843,149.853,149.709,149.847,2863
1696287600,149.847,149.883,149.785,149.882,10406
1696294800,149.88,149.893,149.822,149.85,10132
1696302000,149.85,149.895,149.83,149.882,7774
1696309200,149.881,149.936,149.715,149.74,11935
1696316400,149.741,149.845,149.654,149.819,15813
1696323600,149.82,149.916,149.819,149.882,12152
1696330800,149.881,149.978,149.876,149.921,15654
1696338000,149.915,150.159,147.251,149.048,44564
1696345200,149.05,149.334,148.962,149.099,23186
1696352400,149.1,149.102,148.859,148.867,12613
1696359600,148.867,149.088,148.71,149.054,12503
1696366800,148.955,149.119,148.795,149.111,4758
1696374000,149.117,149.24,149.071,149.195,12582
1696381200,149.195,149.318,149.147,149.301,13566
1696388400,149.3,149.316,149.164,149.166,9920
1696395600,149.166,149.272,149.145,149.196,12752
1696402800,149.195,149.243,148.735,148.987,23940
1696410000,148.987,149.212,148.972,149.028,16605
1696417200,149.029,149.084,148.782,148.871,30352
1696424400,148.869,149.135,148.844,148.965,31900
1696431600,148.971,148.996,148.764,148.883,22193
1696438800,148.886,149.134,148.88,149.038,15448
1696446000,149.037,149.13,148.995,149.121,11090
1696453200,149.121,149.121,148.885,148.996,3024
1696460400,148.995,149.011,148.487,148.546,13252
1696467600,148.547,148.606,148.261,148.469,19200
1696474800,148.468,148.595,148.413,148.551,12144
1696482000,148.555,148.832,148.507,148.831,13715
1696489200,148.83,149.096,148.771,149.012,20659
1696496400,149.01,149.031,148.805,148.841,16081
1696503600,148.842,149.118,148.814,148.931,24425
1696510800,148.931,148.971,148.543,148.614,35470
1696518000,148.613,148.696,148.378,148.406,24237
1696525200,148.407,148.451,148.306,148.393,20967
1696532400,148.394,148.518,148.391,148.501,10463
1696539600,148.43,148.504,148.341,148.457,1796
1696546800,148.459,148.66,148.36,148.64,10613
1696554000,148.641,148.693,148.464,148.615,11421
1696561200,148.613,148.769,148.56,148.757,10785
1696568400,148.758,148.99,148.748,148.949,11824
1696575600,148.947,148.947,148.836,148.91,17655
1696582800,148.91,149.072,148.858,149.037,14625
1696590000,149.036,149.537,148.932,149.416,30025
1696597200,149.415,149.462,149.166,149.375,39761
1696604400,149.376,149.38,149.039,149.291,28335
1696611600,149.291,149.361,149.229,149.34,13095
1696618800,149.339,149.36,149.279,149.287,9845
1696798800,149.08,149.243,148.991,149.171,8924
1696806000,149.17,149.21,149.1,149.102,12749
1696813200,149.103,149.177,149.08,149.123,10336
1696820400,149.127,149.206,149.119,149.199,8280
1696827600,149.2,149.226,149.105,149.186,14132
1696834800,149.186,149.198,149.113,149.141,14597
1696842000,149.139,149.171,149.084,149.147,10125
1696849200,149.148,149.184,149.052,149.065,13608
1696856400,149.066,149.071,148.52,148.543,24281
1696863600,148.543,148.781,148.519,148.722,13364
1696870800,148.721,148.746,148.446,148.458,12645
1696878000,148.459,148.552,148.434,148.51,10641
1696885200,148.465,148.534,148.372,148.419,3644
1696892400,148.419,148.666,148.163,148.518,18153
1696899600,148.519,148.635,148.308,148.618,17279
1696906800,148.616,148.76,148.525,148.739,11446
1696914000,148.739,148.93,148.52,148.892,20006
1696921200,148.889,149.069,148.737,148.83,25937
1696928400,148.834,148.959,148.822,148.947,15765
1696935600,148.946,149.098,148.894,148.928,21200
1696942800,148.931,149.083,148.811,148.845,26795
1696950000,148.846,148.852,148.544,148.556,20713
1696957200,148.555,148.777,148.554,148.728,16972
1696964400,148.727,148.762,148.655,148.708,8838
1696971600,148.698,148.706,148.622,148.626,2485
1696978800,148.626,148.654,148.424,148.574,11096
1696986000,148.574,148.754,148.544,148.725,13877
1696993200,148.724,148.895,148.704,148.874,9224
1697000400,148.871,148.971,148.813,148.895,13661
1697007600,148.897,148.914,148.581,148.664,26182
1697014800,148.665,148.75,148.608,148.707,16211
1697022000,148.709,149.073,148.665,148.876,25525
1697029200,148.873,149.148,148.822,149.138,32276
1697036400,149.136,149.187,148.963,149.152,18728
1697043600,149.155,149.326,149.054,149.259,19304
1697050800,149.258,149.263,149.144,149.171,9926
1697058000,149.108,149.13,149,149.003,2583
1697065200,149.005,149.163,148.98,149.137,11337
1697072400,149.136,149.275,149.02,149.257,14847
1697079600,149.258,149.265,149.086,149.13,10959
1697086800,149.131,149.155,148.956,149.04,13407
1697094000,149.041,149.199,149.03,149.083,16549
1697101200,149.08,149.164,149.059,149.16,11897
1697108400,149.16,149.486,149.024,149.444,26509
1697115600,149.446,149.743,149.392,149.731,33882
1697122800,149.732,149.798,149.661,149.737,18857
1697130000,149.736,149.828,149.712,149.82,18091
1697137200,149.819,149.829,149.773,149.809,7377
1697144400,149.77,149.812,149.759,149.77,2024
1697151600,149.769,149.828,149.733,149.752,11236
1697158800,149.753,149.826,149.723,149.801,10797
1697166000,149.802,149.802,149.604,149.646,8987
1697173200,149.646,149.761,149.573,149.75,13880
1697180400,149.748,149.751,149.62,149.7,17741
1697187600,149.702,149.777,149.562,149.628,17455
1697194800,149.63,149.637,149.455,149.534,23233
1697202000,149.536,149.743,149.455,149.663,30686
1697209200,149.663,149.691,149.543,149.57,18939
1697216400,149.569,149.59,149.491,149.499,13874
1697223600,149.499,149.6,149.47,149.585,8523
1697403600,149.345,149.605,149.321,149.586,4499
1697410800,149.585,149.632,149.421,149.497,14319
1697418000,149.497,149.525,149.43,149.444,9048
1697425200,149.444,149.521,149.407,149.435,7083
1697432400,149.434,149.586,149.375,149.575,12773
1697439600,149.575,149.614,149.478,149.496,16046
1697446800,149.495,149.587,149.449,149.557,10982
1697454000,149.558,149.579,149.409,149.452,16564
1697461200,149.451,149.764,149.44,149.639,20401
1697468400,149.636,149.648,149.549,149.583,12747
1697475600,149.582,149.614,149.518,149.519,8822
1697482800,149.518,149.584,149.501,149.518,6661
1697490000,149.508,149.628,149.485,149.582,4037
1697497200,149.582,149.632,149.477,149.505,8740
1697504400,149.505,149.575,149.486,149.548,9616
1697511600,149.548,149.575,149.5,149.551,7346
1697518800,149.551,149.66,149.55,149.657,10933
1697526000,149.658,149.692,149.531,149.667,14735
1697533200,149.67,149.738,148.721,149.552,17242
1697540400,149.554,149.796,149.357,149.772,21830
1697547600,149.779,149.796,149.597,149.701,26282
1697554800,149.698,149.772,149.67,149.759,15884
1697562000,149.76,149.851,149.76,149.784,10821
1697569200,149.783,149.848,149.717,149.803,8862
1697576400,149.78,149.826,149.753,149.763,2132
1697583600,149.763,149.796,149.72,149.771,6817
1697590800,149.772,149.794,149.656,149.686,11839
1697598000,149.687,149.697,149.484,149.674,8462
1697605200,149.672,149.701,149.602,149.684,13061
1697612400,149.685,149.782,149.653,149.774,15384
1697619600,149.773,149.786,149.612,149.705,14019
1697626800,149.701,149.779,149.628,149.735,16021
1697634000,149.736,149.886,149.678,149.785,24419
1697641200,149.786,149.886,149.77,149.82,15480
1697648400,149.82,149.901,149.735,149.892,13992
1697655600,149.893,149.938,149.86,149.923,5720
1697662800,149.868,149.879,149.728,149.856,3119
1697670000,149.857,149.888,149.666,149.757,13275
1697677200,149.759,149.842,149.732,149.808,11987
1697684400,149.809,149.83,149.765,149.808,6849
1697691600,149.808,149.833,149.723,149.787,10319
1697698800,149.788,149.855,149.736,149.834,16965
1697706000,149.835,149.882,149.778,149.802,11165
1697713200,149.802,149.884,149.783,149.821,17538
1697720400,149.819,149.93,149.765,149.923,21300
1697727600,149.925,149.965,149.675,149.738,32374
1697734800,149.737,149.865,149.693,149.854,22678
1697742000,149.854,149.858,149.775,149.788,9853
1697749200,149.703,149.841,149.694,149.822,2702
1697756400,149.821,149.862,149.757,149.849,10011
1697763600,149.848,149.941,149.824,149.847,10718
1697770800,149.848,149.879,149.816,149.86,6514
1697778000,149.86,149.952,149.844,149.897,11734
1697785200,149.9,149.994,149.643,149.949,19830
1697792400,149.948,149.973,149.884,149.939,11875
1697799600,149.94,149.99,149.917,149.966,15050
1697806800,149.964,149.98,149.855,149.897,22288
1697814000,149.899,149.899,149.799,149.852,13760
1697821200,149.85,149.885,149.779,149.858,13500
1697828400,149.856,149.889,149.836,149.856,5483
1698008400,149.816,149.881,149.733,149.862,2152
1698015600,149.863,149.896,149.78,149.86,8156
1698022800,149.859,149.924,149.847,149.92,7630
1698030000,149.92,149.943,149.903,149.938,5200
1698037200,149.937,149.961,149.907,149.933,7607
1698044400,149.933,149.953,149.868,149.941,12589
1698051600,149.942,149.992,149.866,149.971,11322
1698058800,149.972,149.976,149.871,149.94,12935
1698066000,149.939,149.953,149.848,149.865,20366
1698073200,149.865,149.87,149.675,149.677,15758
1698080400,149.681,149.73,149.56,149.563,11747
1698087600,149.562,149.726,149.556,149.709,7449
1698094800,149.656,149.705,149.629,149.689,2815
1698102000,149.69,149.789,149.664,149.679,8278
1698109200,149.68,149.7,149.498,149.586,12061
1698116400,149.586,149.67,149.522,149.656,6178
1698123600,149.655,149.754,149.405,149.457,12529
1698130800,149.456,149.556,149.322,149.518,21697
1698138000,149.518,149.801,149.516,149.791,11529
1698145200,149.795,149.845,149.722,149.806,16213
1698152400,149.809,149.929,149.795,149.875,24503
1698159600,149.876,149.925,149.75,149.797,14049
1698166800,149.797,149.91,149.756,149.904,12235
1698174000,149.909,149.919,149.865,149.905,6995
1698181200,149.836,149.878,149.819,149.86,2185
1698188400,149.859,149.924,149.832,149.884,7980
1698195600,149.884,149.89,149.795,149.805,7737
1698202800,149.804,149.867,149.802,149.845,5530
1698210000,149.844,149.894,149.82,149.891,7196
1698217200,149.892,149.924,149.868,149.911,11711
1698224400,149.91,149.945,149.897,149.929,9963
1698231600,149.93,149.941,149.905,149.921,11054
1698238800,149.921,149.946,149.879,149.928,20520
1698246000,149.927,149.98,149.907,149.968,13927
1698253200,149.968,150.05,149.859,150.012,15168
1698260400,150.012,150.318,149.997,150.218,8127
1698267600,150.148,150.188,150.04,150.181,3118
1698274800,150.18,150.227,150.042,150.204,10233
1698282000,150.205,150.438,150.175,150.431,12567
1698289200,150.431,150.48,150.378,150.431,7940
1698296400,150.432,150.777,149.821,150.443,16461
1698303600,150.445,150.624,150.319,150.404,20693
1698310800,150.405,150.411,150.204,150.273,11985
1698318000,150.273,150.523,150.169,150.191,23821
1698325200,150.192,150.45,150.086,150.344,31868
1698332400,150.343,150.504,150.299,150.421,17707
1698339600,150.418,150.431,150.234,150.368,14076
1698346800,150.369,150.438,150.332,150.4,9287
1698354000,150.372,150.398,150.338,150.367,2202
1698361200,150.369,150.414,150.283,150.376,9247
1698368400,150.376,150.393,150.165,150.172,8773
1698375600,150.172,150.252,150.143,150.176,6002
1698382800,150.175,150.28,150.078,150.189,10948
1698390000,150.186,150.249,150.068,150.078,16300
1698397200,150.078,150.093,149.972,150.075,12166
1698404400,150.076,150.144,149.724,149.877,19100
1698411600,149.876,149.901,149.583,149.622,26610
1698418800,149.621,149.7,149.55,149.632,15087
1698426000,149.632,149.644,149.461,149.513,14984
1698433200,149.51,149.737,149.497,149.639,12663
1698613200,149.466,149.706,149.452,149.705,3280
1698620400,149.707,149.816,149.674,149.804,9432
1698627600,149.805,149.809,149.62,149.647,8700
1698634800,149.644,149.646,149.531,149.558,5249
1698642000,149.56,149.664,149.412,149.445,7850
1698649200,149.447,149.64,149.282,149.582,17965
1698656400,149.584,149.693,149.56,149.687,12450
1698663600,149.687,149.856,149.686,149.764,14242
1698670800,149.763,149.801,149.043,149.087,27553
1698678000,149.089,149.175,148.805,149.017,18526
1698685200,149.016,149.086,148.966,148.999,8505
1698692400,149,149.114,148.956,149.051,7034
1698699600,149.018,149.128,149.012,149.124,2784
1698706800,149.125,149.45,149.082,149.416,8075
1698714000,149.417,149.557,149.369,149.442,14226
1698721200,149.441,150.182,149.327,150.147,25641
1698728400,150.147,150.313,150.095,150.203,14449
1698735600,150.194,150.441,150.069,150.408,21029
1698742800,150.407,150.765,150.06,150.684,24207
1698750000,150.685,150.95,150.636,150.932,17788
1698757200,150.933,151.333,150.814,151.258,25925
1698764400,151.255,151.707,151.206,151.702,24678
1698771600,151.699,151.709,151.028,151.588,20788
1698778800,151.587,151.714,151.508,151.683,9899
1698786000,151.531,151.673,151.355,151.402,4836
1698793200,151.408,151.483,151.152,151.368,13952
1698800400,151.367,151.434,151.165,151.221,11282
1698807600,151.222,151.334,151.142,151.323,9737
1698814800,151.324,151.369,151.242,151.253,8784
1698822000,151.255,151.397,151.203,151.219,15009
1698829200,151.22,151.296,151.14,151.198,12898
1698836400,151.199,151.245,151.085,151.183,19431
1698843600,151.186,151.379,150.816,151.056,28045
1698850800,151.056,151.155,150.951,151.07,17132
1698858000,151.07,151.241,150.857,150.995,29657
1698865200,150.995,151.017,150.662,150.947,19208
1698872400,150.948,150.948,150.607,150.661,2576
1698879600,150.663,150.686,150.331,150.345,15706
1698886800,150.348,150.415,150.151,150.268,14788
1698894000,150.27,150.466,150.233,150.435,11222
1698901200,150.436,150.471,150.355,150.393,9983
1698908400,150.396,150.583,150.164,150.405,19244
1698915600,150.406,150.433,150.229,150.359,16312
1698922800,150.357,150.399,149.953,149.986,23156
1698930000,149.987,150.417,149.847,150.288,28969
1698937200,150.289,150.546,150.276,150.529,19583
1698944400,150.53,150.541,150.376,150.419,12397
1698951600,150.417,150.534,150.402,150.46,8413
1698958800,150.402,150.489,150.402,150.478,2866
1698966000,150.479,150.521,150.316,150.394,6158
1698973200,150.395,150.468,150.349,150.377,8741
1698980400,150.376,150.384,150.273,150.282,5402
1698987600,150.282,150.341,150.247,150.302,5476
1698994800,150.303,150.417,150.233,150.4,11529
1699002000,150.399,150.427,150.204,150.226,10848
1699009200,150.229,150.229,149.284,149.402,24345
1699016400,149.398,149.76,149.191,149.482,44378
1699023600,149.48,149.518,149.252,149.333,24891
1699030800,149.334,149.421,149.247,149.314,14593
1699038000,149.314,149.478,149.312,149.389,8729
1699221600,149.32,149.48,149.32,149.456,3601
1699228800,149.45,149.651,149.441,149.534,15186
1699236000,149.535,149.675,149.497,149.58,10180
1699243200,149.579,149.66,149.48,149.546,9582
1699250400,149.547,149.736,149.467,149.726,14144
1699257600,149.728,149.73,149.375,149.677,20180
1699264800,149.676,149.676,149.561,149.624,11925
1699272000,149.625,149.838,149.6,149.807,16245
1699279200,149.808,149.834,149.682,149.73,20262
1699286400,149.732,149.862,149.679,149.854,11800
1699293600,149.855,149.982,149.823,149.975,10075
1699300800,149.977,150.081,149.961,150.075,7223
1699308000,150.019,150.04,149.925,149.986,4370
1699315200,149.97,150.156,149.962,150.088,11442
1699322400,150.087,150.225,150.071,150.197,8875
1699329600,150.196,150.317,150.195,150.288,7356
1699336800,150.287,150.493,150.272,150.485,11016
1699344000,150.486,150.495,150.245,150.431,17484
1699351200,150.43,150.454,150.294,150.408,15040
1699358400,150.407,150.644,150.382,150.577,19826
1699365600,150.576,150.694,150.471,150.5,22646
1699372800,150.499,150.622,150.449,150.548,15042
1699380000,150.547,150.563,150.317,150.439,13570
1699387200,150.439,150.478,150.38,150.424,6377
1699394400,150.283,150.398,150.28,150.398,4613
1699401600,150.394,150.617,150.351,150.552,13577
1699408800,150.546,150.549,150.43,150.498,9211
1699416000,150.498,150.644,150.461,150.64,8578
1699423200,150.641,150.758,150.637,150.68,12831
1699430400,150.683,150.78,150.596,150.753,17741
1699437600,150.755,150.795,150.699,150.74,12099
1699444800,150.74,150.986,150.726,150.904,16791
1699452000,150.903,150.951,150.798,150.85,23525
1699459200,150.851,150.932,150.729,150.91,15859
1699466400,150.911,151.054,150.833,151.035,13141
1699473600,151.032,151.058,150.964,150.973,9230
1699480800,150.873,150.924,150.826,150.855,5683
1699488000,150.851,151,150.825,150.889,12068
1699495200,150.891,150.95,150.844,150.939,8394
1699502400,150.94,151.039,150.9,151.037,6128
1699509600,151.036,151.093,150.77,150.916,13761
1699516800,150.914,151.059,150.881,151.039,17650
1699524000,151.038,151.186,151.018,151.139,11699
1699531200,151.14,151.165,150.93,150.971,19128
1699538400,150.971,151.023,150.833,150.951,24944
1699545600,150.952,151.096,150.935,151.077,14266
1699552800,151.076,151.387,151.057,151.325,30628
1699560000,151.318,151.382,151.266,151.344,10014
1699567200,151.276,151.366,151.249,151.346,4611
1699574400,151.345,151.376,151.238,151.241,12650
1699581600,151.25,151.332,151.222,151.327,8491
1699588800,151.327,151.408,151.291,151.393,7578
1699596000,151.394,151.453,151.326,151.376,12196
1699603200,151.377,151.457,151.326,151.448,16456
1699610400,151.449,151.49,151.392,151.48,12024
1699617600,151.478,151.48,151.323,151.358,15482
1699624800,151.359,151.553,151.353,151.476,23978
1699632000,151.476,151.588,151.449,151.558,15944
1699639200,151.558,151.605,151.514,151.586,10817
1699646400,151.585,151.601,151.506,151.519,6211
1699826400,151.374,151.509,151.374,151.462,2456
1699833600,151.461,151.662,151.446,151.565,11132
1699840800,151.566,151.703,151.555,151.67,7223
1699848000,151.67,151.796,151.669,151.774,6778
1699855200,151.775,151.802,151.673,151.745,9123
1699862400,151.746,151.856,151.681,151.774,15790
1699869600,151.773,151.774,151.695,151.729,8532
1699876800,151.73,151.84,151.726,151.806,13185
1699884000,151.806,151.908,151.205,151.689,25502
1699891200,151.689,151.692,151.495,151.636,14405
1699898400,151.635,151.681,151.588,151.598,8942
1699905600,151.599,151.728,151.595,151.719,6198
1699912800,151.703,151.708,151.622,151.65,2829
1699920000,151.651,151.783,151.613,151.73,9479
1699927200,151.73,151.758,151.686,151.702,6564
1699934400,151.701,151.732,151.649,151.708,5439
1699941600,151.708,151.723,151.574,151.633,8023
1699948800,151.632,151.734,151.604,151.707,12956
1699956000,151.706,151.743,151.666,151.734,10420
1699963200,151.733,151.791,150.798,151.004,25695
1699970400,151.003,151.005,150.683,150.821,39223
1699977600,150.822,150.869,150.59,150.602,20898
1699984800,150.603,150.612,150.346,150.351,11727
1699992000,150.352,150.396,150.155,150.383,9985
1699999200,150.383,150.497,150.254,150.486,4815
1700006400,150.485,150.792,150.441,150.575,15750
1700013600,150.576,150.692,150.527,150.577,11617
1700020800,150.577,150.697,150.512,150.661,7648
1700028000,150.66,150.756,150.569,150.69,15155
1700035200,150.69,150.705,150.331,150.399,21368
1700042400,150.397,150.485,150.252,150.275,13798
1700049600,150.271,150.886,150.048,150.774,25012
1700056800,150.777,151.244,150.752,150.906,31823
1700064000,150.905,151.181,150.86,151.161,15899
1700071200,151.16,151.403,151.146,151.379,11036
1700078400,151.379,151.421,151.326,151.391,8382
1700085600,151.294,151.323,151.207,151.208,3199
1700092800,151.215,151.281,151.118,151.2,10330
1700100000,151.199,151.32,151.169,151.256,10609
1700107200,151.256,151.354,151.248,151.307,7048
1700114400,151.307,151.428,151.303,151.377,10259
1700121600,151.377,151.431,151.141,151.281,16366
1700128800,151.279,151.316,151.159,151.222,12951
1700136000,151.224,151.299,150.652,150.652,23262
1700143200,150.651,150.92,150.286,150.411,33685
1700150400,150.413,150.657,150.299,150.512,18841
1700157600,150.511,150.633,150.426,150.609,10219
1700164800,150.608,150.773,150.578,150.732,7294
1700172000,150.536,150.746,150.536,150.706,2955
1700179200,150.703,150.777,150.503,150.626,14489
1700186400,150.631,150.631,150.423,150.555,10430
1700193600,150.556,150.663,150.504,150.635,9118
1700200800,150.636,150.696,150.434,150.443,12763
1700208000,150.443,150.454,149.513,149.614,29664
1700215200,149.616,149.646,149.23,149.506,23336
1700222400,149.506,149.733,149.198,149.635,26869
1700229600,149.637,149.794,149.483,149.558,31193
1700236800,149.559,149.876,149.531,149.7,17340
1700244000,149.699,149.749,149.584,149.645,11393
1700251200,149.646,149.715,149.635,149.641,6073
1700431200,149.593,149.964,149.431,149.962,5467
1700438400,149.955,149.989,149.381,149.514,21703
1700445600,149.514,149.567,148.857,148.908,24214
1700452800,148.907,149.126,148.691,149.083,18919
1700460000,149.082,149.211,148.821,148.908,19954
1700467200,148.907,148.97,148.198,148.205,29002
1700474400,148.202,148.447,148.101,148.207,17560
1700481600,148.206,148.555,148.193,148.51,21639
1700488800,148.515,148.689,148.257,148.374,24938
1700496000,148.373,148.426,148.186,148.354,16708
1700503200,148.354,148.389,148.137,148.317,16651
1700510400,148.317,148.452,148.294,148.392,8320
1700517600,148.271,148.386,148.222,148.385,3441
1700524800,148.385,148.417,147.866,148.019,23223
1700532000,148.019,148.094,147.347,147.381,21156
1700539200,147.377,147.826,147.247,147.784,18311
1700546400,147.783,147.833,147.319,147.519,20504
1700553600,147.518,147.791,147.15,147.775,26635
1700560800,147.776,147.799,147.5,147.719,15300
1700568000,147.718,147.743,147.351,147.625,25640
1700575200,147.624,147.812,147.436,147.793,31664
1700582400,147.794,147.99,147.735,147.962,19277
1700589600,147.962,148.598,147.958,148.316,20063
1700596800,148.316,148.43,148.274,148.396,8515
1700604000,148.289,148.366,148.019,148.15,5097
1700611200,148.145,148.357,148.023,148.301,23271
1700618400,148.301,148.334,148.096,148.214,14103
1700625600,148.215,148.806,148.204,148.756,13361
1700632800,148.757,149.059,148.735,148.961,21013
1700640000,148.962,149.353,148.846,149.107,23233
1700647200,149.108,149.157,148.701,148.768,18941
1700654400,148.768,149.241,148.589,149.234,29873
1700661600,149.227,149.75,149.198,149.682,36299
1700668800,149.68,149.748,149.548,149.616,16562
1700676000,149.617,149.701,149.57,149.58,10395
1700683200,149.579,149.621,149.516,149.536,5864
1700690400,149.499,149.537,149.459,149.462,2664
1700697600,149.462,149.462,149.164,149.18,13399
1700704800,149.18,149.254,149.033,149.127,12248
1700712000,149.126,149.199,148.953,148.987,9917
1700719200,148.988,149.188,148.889,149.146,15647
1700726400,149.147,149.344,149.045,149.237,26338
1700733600,149.239,149.335,149.166,149.245,12423
1700740800,149.25,149.574,149.235,149.471,15817
1700748000,149.472,149.691,149.45,149.496,17767
1700755200,149.497,149.641,149.49,149.62,7404
1700762400,149.618,149.618,149.544,149.565,2108
1700769600,149.564,149.603,149.531,149.567,6716
1700776800,149.49,149.643,149.463,149.642,4692
1700784000,149.633,149.711,149.409,149.522,19732
1700791200,149.515,149.596,149.496,149.503,10691
1700798400,149.5,149.501,149.197,149.254,13508
1700805600,149.256,149.485,149.204,149.427,15072
1700812800,149.428,149.664,149.37,149.635,22186
1700820000,149.635,149.645,149.525,149.568,14704
1700827200,149.569,149.672,149.445,149.59,19478
1700834400,149.59,149.625,149.44,149.502,26656
1700841600,149.502,149.629,149.493,149.524,11260
1700848800,149.524,149.534,149.449,149.477,8520
1700856000,149.479,149.486,149.398,149.407,3167
1701036000,149.408,149.59,149.408,149.578,4290
1701043200,149.574,149.675,149.054,149.109,25260
1701050400,149.11,149.288,148.896,148.985,21557
1701057600,148.984,149.153,148.888,149.133,16482
1701064800,149.134,149.135,148.774,149.023,21656
1701072000,149.024,149.327,148.97,149.291,23825
1701079200,149.29,149.328,148.942,149.029,19982
1701086400,149.03,149.047,148.65,148.815,27439
1701093600,148.815,148.973,148.659,148.919,36795
1701100800,148.919,149.079,148.866,148.957,22651
1701108000,148.958,148.975,148.543,148.608,16116
1701115200,148.608,148.695,148.556,148.68,9071
1701122400,148.569,148.665,148.362,148.418,5527
1701129600,148.415,148.415,148.021,148.202,27460
1701136800,148.201,148.297,147.968,148.216,18130
1701144000,148.215,148.386,148.128,148.287,13779
1701151200,148.286,148.547,148.156,148.512,21248
1701158400,148.515,148.832,148.474,148.54,28353
1701165600,148.539,148.699,148.403,148.587,18517
1701172800,148.589,148.697,148.295,148.365,30129
1701180000,148.364,148.501,147.701,147.874,53077
1701187200,147.872,147.915,147.323,147.555,36974
1701194400,147.552,147.715,147.389,147.425,23596
1701201600,147.425,147.545,147.418,147.465,12435
1701208800,147.4,147.478,147.018,147.065,9816
1701216000,147.062,147.247,146.67,146.901,36547
1701223200,146.901,147.324,146.802,147.291,21531
1701230400,147.292,147.302,146.948,147.144,20520
1701237600,147.143,147.368,147.021,147.349,30204
1701244800,147.344,147.654,147.18,147.568,38261
1701252000,147.568,147.818,147.45,147.621,27609
1701259200,147.623,147.792,147.301,147.728,44170
1701266400,147.727,147.91,147.12,147.393,54947
1701273600,147.392,147.476,147.255,147.265,27412
1701280800,147.264,147.331,147.077,147.242,19582
1701288000,147.242,147.367,147.19,147.227,12264
1701295200,147.142,147.168,146.842,147.057,7442
1701302400,147.056,147.189,146.883,147.036,25326
1701309600,147.037,147.181,146.929,147.094,18980
1701316800,147.094,147.154,146.953,147.03,16073
1701324000,147.031,147.268,146.865,147.062,23654
1701331200,147.062,147.464,146.955,147.418,38058
1701338400,147.415,147.746,147.411,147.708,26918
1701345600,147.707,147.896,147.208,147.884,39565
1701352800,147.883,148.515,147.803,147.837,62031
1701360000,147.836,148.219,147.72,148.21,33084
1701367200,148.211,148.269,148.042,148.211,17932
1701374400,148.211,148.304,148.17,148.216,13815
1701381600,148.141,148.191,147.929,148.003,6488
1701388800,147.997,148.022,147.603,147.711,29155
1701396000,147.712,148.183,147.664,148.123,21592
1701403200,148.123,148.159,148.001,148.061,15960
1701410400,148.061,148.316,148.013,148.304,22259
1701417600,148.302,148.302,147.691,147.858,34043
1701424800,147.859,148.179,147.8,148.133,19103
1701432000,148.132,148.347,147.96,148.192,30676
1701439200,148.191,148.253,147.338,147.591,51183
1701446400,147.592,147.851,146.831,146.852,52713
1701453600,146.854,146.928,146.659,146.849,25318
1701460800,146.849,146.9,146.787,146.835,11246
1701640800,146.67,146.746,146.229,146.361,20081
1701648000,146.357,146.751,146.225,146.644,41007
1701655200,146.645,146.737,146.475,146.735,23521
1701662400,146.735,146.891,146.711,146.811,17379
1701669600,146.812,146.979,146.578,146.959,27421
1701676800,146.96,147.114,146.572,146.615,34091
1701684000,146.615,146.768,146.46,146.54,24446
1701691200,146.546,146.764,146.484,146.656,32397
1701698400,146.656,147.164,146.469,147.107,55826
1701705600,147.107,147.259,146.952,147.252,29287
1701712800,147.251,147.452,147.228,147.294,14960
1701720000,147.295,147.354,147.175,147.216,10240
1701727200,147.104,147.345,147.101,147.304,5142
1701734400,147.301,147.382,146.973,147.159,25216
1701741600,147.158,147.276,147.084,147.166,14771
1701748800,147.167,147.181,147.019,147.029,12276
1701756000,147.024,147.045,146.748,146.836,23060
1701763200,146.835,147.149,146.679,147.061,28261
1701770400,147.061,147.183,146.925,147.022,21487
1701777600,147.022,147.198,146.775,146.794,27354
1701784800,146.795,147.278,146.558,147.104,46531
1701792000,147.102,147.337,146.983,147.127,26570
1701799200,147.126,147.392,147.115,147.257,13496
1701806400,147.256,147.277,147.142,147.148,10627
1701813600,147.076,147.192,146.969,147.186,3688
1701820800,147.185,147.301,147.089,147.265,19451
1701828000,147.265,147.398,147.191,147.274,13715
1701835200,147.276,147.321,147.142,147.176,12087
1701842400,147.176,147.261,146.932,146.97,19136
1701849600,146.971,147.371,146.896,147.32,27783
1701856800,147.319,147.501,147.304,147.396,17940
1701864000,147.397,147.426,147.001,147.08,28466
1701871200,147.079,147.373,147.075,147.22,33721
1701878400,147.219,147.298,147.098,147.217,19554
1701885600,147.218,147.38,147.201,147.346,11072
1701892800,147.345,147.413,147.299,147.301,7373
1701900000,147.2,147.297,147.14,147.183,4972
1701907200,147.18,147.186,146.805,146.889,21947
1701914400,146.888,146.986,146.691,146.863,20545
1701921600,146.866,146.898,146.513,146.543,17502
1701928800,146.542,146.671,145.52,145.714,33334
1701936000,145.712,145.715,144.817,144.861,43180
1701943200,144.856,145.242,144.542,145.021,35995
1701950400,145.021,145.304,144.722,144.837,39364
1701957600,144.835,144.956,143.942,144.034,46477
1701964800,144.035,144.316,141.605,143.265,38997
1701972000,143.278,143.71,143.041,143.46,31916
1701979200,143.455,144.179,143.434,144.138,14611
1701986400,144.08,144.322,143.805,144.238,10331
1701993600,144.233,144.292,142.498,143.371,48843
1702000800,143.374,144.177,143.062,143.777,28448
1702008000,143.777,144.057,143.588,143.931,25014
1702015200,143.929,144.395,143.825,144.092,31690
1702022400,144.091,144.41,143.722,144.287,39372
1702029600,144.284,144.667,144.139,144.445,26999
1702036800,144.444,145.218,143.755,144.196,42777
1702044000,144.195,144.794,143.855,144.507,50781
1702051200,144.499,144.977,144.389,144.807,29080
1702058400,144.805,144.968,144.762,144.964,17826
1702065600,144.966,144.999,144.93,144.992,8029
1702245600,144.88,145.068,144.81,144.991,7624
1702252800,144.984,145.574,144.869,145.445,32742
1702260000,145.446,145.567,145.296,145.42,17752
1702267200,145.42,145.669,145.42,145.56,15339
1702274400,145.561,146.455,145.327,146.377,28150
1702281600,146.381,146.459,145.971,146.187,33363
1702288800,146.185,146.33,146.1,146.161,21548
1702296000,146.143,146.503,146.142,146.291,23988
1702303200,146.288,146.5,146.052,146.42,33026
1702310400,146.416,146.589,146.335,146.465,28248
1702317600,146.465,146.481,146.072,146.153,23467
1702324800,146.154,146.252,146.109,146.158,9286
1702332000,146.059,146.179,146.051,146.052,3637
1702339200,146.049,146.126,145.538,145.737,28529
1702346400,145.736,145.833,145.566,145.598,15222
1702353600,145.6,145.683,145.332,145.378,12763
1702360800,145.377,145.483,145.223,145.442,20875
1702368000,145.445,145.628,145.323,145.412,24771
1702375200,145.411,145.459,145.059,145.175,19337
1702382400,145.177,145.732,144.731,145.648,34348
1702389600,145.648,145.854,145.302,145.649,40267
1702396800,145.642,145.731,145.404,145.662,23931
1702404000,145.662,145.678,145.463,145.596,17635
1702411200,145.595,145.618,145.464,145.465,8998
1702418400,145.453,145.5,145.183,145.297,5692
1702425600,145.294,145.604,145.266,145.383,22829
1702432800,145.382,145.663,145.315,145.622,17392
1702440000,145.623,145.703,145.49,145.562,13835
1702447200,145.562,145.996,145.535,145.814,22544
1702454400,145.812,145.951,145.719,145.839,25999
1702461600,145.839,145.883,145.598,145.621,20734
1702468800,145.621,145.735,145.209,145.23,29408
1702476000,145.231,145.446,145.037,145.155,34577
1702483200,145.157,145.255,145.029,145.174,19751
1702490400,145.174,145.277,142.881,143.137,46589
1702497600,143.137,143.277,142.638,142.896,38869
1702504800,142.76,142.85,142.07,142.788,14615
1702512000,142.786,142.907,142.049,142.318,39173
1702519200,142.323,142.412,140.948,141.407,36890
1702526400,141.408,141.871,141.355,141.413,31387
1702533600,141.411,142.177,141.35,142.012,39265
1702540800,142.01,142.054,141.397,141.484,43819
1702548000,141.485,141.771,141.229,141.425,33722
1702555200,141.419,142.283,141.35,141.862,48751
1702562400,141.864,142.153,141.502,141.682,52322
1702569600,141.684,141.762,141.399,141.602,35157
1702576800,141.602,142.015,141.6,141.923,20883
1702584000,141.918,141.981,141.768,141.88,13190
1702591200,141.8,142.314,141.775,142.279,8697
1702598400,142.271,142.467,142.109,142.353,28407
1702605600,142.349,142.386,141.79,141.895,24019
1702612800,141.898,141.945,141.566,141.886,22192
1702620000,141.881,142.134,141.805,141.977,28381
1702627200,141.975,142.061,141.59,141.776,37389
1702634400,141.777,141.793,141.47,141.746,26256
1702641600,141.751,142.451,141.472,142.314,38454
1702648800,142.315,142.327,141.429,141.746,49351
1702656000,141.746,142.066,141.662,142.038,24649
1702663200,142.04,142.307,142.007,142.18,21371
1702670400,142.181,142.301,142.033,142.169,13768
1702850400,142.033,142.375,142.025,142.331,5882
1702857600,142.326,142.457,142.073,142.251,23365
1702864800,142.252,142.378,142.079,142.176,16031
1702872000,142.176,142.29,142.121,142.206,12957
1702879200,142.205,142.416,142.153,142.382,19161
1702886400,142.38,142.545,142.241,142.494,28975
1702893600,142.494,142.832,142.446,142.746,23471
1702900800,142.745,142.896,142.68,142.816,27265
1702908000,142.818,143.159,142.798,143.114,30428
1702915200,143.111,143.115,142.892,142.923,19832
1702922400,142.924,143.016,142.84,142.887,14495
1702929600,142.889,142.961,142.794,142.795,10066
1702936800,142.687,142.839,142.647,142.691,4818
1702944000,142.673,142.687,142.246,142.548,25855
1702951200,142.548,143.787,142.454,143.517,28448
1702958400,143.516,143.601,143.319,143.496,16259
1702965600,143.5,144.251,142.44,144.166,36881
1702972800,144.166,144.693,144.142,144.537,30786
1702980000,144.535,144.956,144.482,144.792,25249
1702987200,144.79,144.798,144.157,144.289,28163
1702994400,144.288,144.434,143.688,143.807,35818
1703001600,143.809,143.869,143.531,143.832,20433
1703008800,143.833,143.923,143.762,143.908,15147
1703016000,143.898,143.967,143.83,143.836,10457
1703023200,143.667,143.965,143.667,143.921,4196
1703030400,143.92,144.099,143.719,143.84,24140
1703037600,143.835,144.007,143.64,143.691,15095
1703044800,143.691,143.726,143.365,143.586,20101
1703052000,143.586,143.769,143.309,143.542,27575
1703059200,143.543,143.646,143.34,143.414,27733
1703066400,143.416,143.493,143.261,143.371,18308
1703073600,143.373,143.637,143.316,143.346,23427
1703080800,143.347,143.715,143.304,143.682,29688
1703088000,143.681,143.939,143.66,143.892,20464
1703095200,143.893,143.918,143.761,143.805,16551
1703102400,143.804,143.872,143.537,143.559,19868
1703109600,143.42,143.537,143.388,143.53,7275
1703116800,143.529,143.57,142.923,143.029,22345
1703124000,143.029,143.121,142.807,142.912,19218
1703131200,142.914,143.049,142.813,142.957,14559
1703138400,142.959,143.287,142.919,143.257,19626
1703145600,143.258,143.399,142.997,143.074,23798
1703152800,143.076,143.136,142.647,142.733,20690
1703160000,142.724,142.983,142.074,142.218,31733
1703167200,142.211,142.601,142.125,142.166,41576
1703174400,142.166,142.346,142.044,142.267,28135
1703181600,142.267,142.439,142.188,142.236,21093
1703188800,142.237,142.298,142.088,142.118,11433
1703196000,142.041,142.271,142.01,142.073,6660
1703203200,142.072,142.407,141.863,142.354,24221
1703210400,142.354,142.547,142.279,142.537,18859
1703217600,142.537,142.556,142.34,142.4,16161
1703224800,142.401,142.436,142.128,142.231,20058
1703232000,142.231,142.375,142.05,142.156,24383
1703239200,142.157,142.184,141.925,141.998,16976
1703246400,141.999,142.466,141.939,142.039,29849
1703253600,142.038,142.42,141.889,142.367,31715
1703260800,142.366,142.663,142.329,142.504,21833
1703268000,142.505,142.583,142.473,142.494,12566
1703275200,142.493,142.552,142.451,142.483,6176
1703541600,142.221,142.351,142.143,142.244,3208
1703548800,142.242,142.354,142.089,142.26,10252
1703556000,142.259,142.342,142.158,142.201,6712
1703563200,142.2,142.299,142.185,142.264,6527
1703570400,142.264,142.396,142.215,142.327,9132
1703577600,142.328,142.524,142.314,142.503,10144
1703584800,142.503,142.529,142.316,142.374,9975
1703592000,142.374,142.472,142.239,142.37,14500
1703599200,142.371,142.602,142.33,142.599,15729
1703606400,142.603,142.636,142.426,142.472,10319
1703613600,142.473,142.522,142.402,142.476,9425
1703620800,142.476,142.48,142.361,142.37,7420
1703628000,142.353,142.491,142.237,142.489,2775
1703635200,142.483,142.848,142.467,142.612,19544
1703642400,142.612,142.73,142.436,142.567,14250
1703649600,142.57,142.663,142.541,142.565,10640
1703656800,142.566,142.836,142.529,142.784,14295
1703664000,142.786,142.807,142.445,142.583,20568
1703671200,142.585,142.661,142.507,142.545,13443
1703678400,142.543,142.625,142.512,142.576,17016
1703685600,142.575,142.651,142.198,142.206,22807
1703692800,142.206,142.24,141.829,142.1,18616
1703700000,142.101,142.17,141.55,141.888,17923
1703707200,141.887,141.901,141.739,141.832,11261
1703714400,141.689,141.707,141.381,141.441,5112
1703721600,141.442,141.665,141.168,141.399,21293
1703728800,141.398,141.469,141.267,141.31,13660
1703736000,141.311,141.324,141.103,141.155,13323
1703743200,141.154,141.245,140.712,140.823,20164
1703750400,140.809,141.076,140.675,140.733,23195
1703757600,140.732,140.832,140.65,140.816,15528
1703764800,140.818,141.138,140.707,141.12,22998
1703772000,141.121,141.123,140.251,140.884,32098
1703779200,140.885,141.421,140.86,141.22,23774
1703786400,141.219,141.584,141.193,141.457,16155
1703793600,141.457,141.461,141.289,141.408,10041
1703800800,141.333,141.46,141.252,141.445,4516
1703808000,141.445,141.667,141.365,141.484,18422
1703815200,141.485,141.532,141.341,141.487,10269
1703822400,141.488,141.491,141.271,141.315,9407
1703829600,141.316,141.43,141.136,141.412,13971
1703836800,141.401,141.911,141.331,141.896,21048
1703844000,141.903,141.917,141.533,141.543,18348
1703851200,141.545,141.88,141.384,141.832,24881
1703858400,141.832,141.832,140.899,140.999,34120
1703865600,141.003,141.108,140.795,140.842,27070
1703872800,140.84,141.084,140.84,141.027,17251
1703880000,141.026,141.082,140.949,141.049,6096
1704146400,140.85,141.129,140.813,141.112,5125
1704153600,141.112,141.458,141.097,141.438,12661
1704160800,141.438,141.673,141.366,141.501,11977
1704168000,141.501,141.584,141.347,141.348,10685
1704175200,141.347,141.606,141.338,141.548,19637
1704182400,141.541,141.671,141.293,141.556,29291
1704189600,141.555,141.887,141.508,141.828,25894
1704196800,141.827,142.215,141.793,142.15,28734
1704204000,142.149,142.172,141.501,141.927,41787
1704211200,141.926,142.001,141.714,141.973,25052
1704218400,141.973,142.002,141.849,141.95,12673
1704225600,141.949,142.017,141.806,141.986,10337
1704232800,141.812,142.181,141.789,142.173,4281
1704240000,142.173,142.175,141.86,142.015,15631
1704247200,142.015,142.063,141.88,141.888,13264
1704254400,141.887,142.134,141.856,142.125,12379
1704261600,142.124,142.468,142.013,142.419,20864
1704268800,142.421,142.714,142.398,142.639,28782
1704276000,142.638,142.981,142.59,142.932,21505
1704283200,142.931,143.086,142.79,143.018,29449
1704290400,143.018,143.73,142.813,143.6,46326
1704297600,143.594,143.73,143.341,143.607,29315
1704304800,143.606,143.734,143.137,143.242,32370
1704312000,143.242,143.31,143.121,143.292,15921
1704319200,143.166,143.238,142.949,142.997,5638
1704326400,142.995,143.449,142.853,143.426,21139
1704333600,143.429,143.487,143.227,143.344,14805
1704340800,143.345,143.891,143.33,143.777,18069
1704348000,143.776,143.807,143.18,143.377,27602
1704355200,143.377,143.895,143.363,143.866,33119
1704362400,143.867,144.294,143.865,144.255,25114
1704369600,144.257,144.551,144.063,144.535,30846
1704376800,144.536,144.851,144.471,144.661,36522
1704384000,144.662,144.662,144.461,144.598,22573
1704391200,144.595,144.712,144.515,144.579,13900
1704398400,144.58,144.668,144.514,144.627,9482
1704405600,144.524,144.778,144.522,144.774,3504
1704412800,144.773,144.903,144.659,144.741,20888
1704420000,144.741,144.955,144.678,144.927,13638
1704427200,144.924,144.949,144.66,144.73,13181
1704434400,144.723,145.371,144.698,145.075,24621
1704441600,145.075,145.204,144.848,145.185,28175
1704448800,145.186,145.38,145.165,145.267,19938
1704456000,145.268,145.981,145.051,145.467,35971
1704463200,145.467,145.485,143.807,144.129,60525
1704470400,144.129,144.829,144.065,144.745,32790
1704477600,144.748,144.894,144.498,144.66,21803
1704484800,144.659,144.788,144.606,144.627,11097
1704664800,144.473,144.922,144.443,144.722,4267
1704672000,144.73,144.798,144.322,144.375,14160
1704679200,144.376,144.567,144.316,144.488,15509
1704686400,144.489,144.54,144.362,144.367,14026
1704693600,144.363,144.471,144.089,144.416,22196
1704700800,144.416,144.613,144.186,144.233,30240
1704708000,144.235,144.588,144.201,144.58,23284
1704715200,144.579,144.684,144.265,144.454,26331
1704722400,144.455,144.47,143.854,143.936,36601
1704729600,143.937,143.988,143.661,143.964,26860
1704736800,143.965,144.182,143.956,144.105,15760
1704744000,144.105,144.273,144.072,144.238,13128
1704751200,144.201,144.281,144.102,144.224,4873
1704758400,144.223,144.259,143.454,143.486,23217
1704765600,143.481,143.706,143.423,143.627,17505
1704772800,143.626,143.886,143.573,143.792,14625
1704780000,143.791,144.153,143.791,144.066,21411
1704787200,144.064,144.317,143.742,143.947,29250
1704794400,143.945,144.171,143.845,144.073,21277
1704801600,144.073,144.191,143.745,143.771,29889
1704808800,143.769,144.366,143.652,144.309,36814
1704816000,144.31,144.484,144.266,144.406,24632
1704823200,144.406,144.626,144.247,144.549,19607
1704830400,144.546,144.546,144.346,144.48,12556
1704837600,144.391,144.455,144.316,144.434,3964
1704844800,144.433,144.825,144.417,144.741,19169
1704852000,144.739,144.936,144.704,144.848,14205
1704859200,144.85,144.867,144.669,144.775,11962
1704866400,144.781,145.151,144.735,144.938,23563
1704873600,144.94,145.053,144.828,144.919,27464
1704880800,144.921,145.129,144.763,144.993,17919
1704888000,144.995,145.334,144.982,145.298,23578
1704895200,145.298,145.676,145.235,145.615,30435
1704902400,145.613,145.829,145.515,145.614,20406
1704909600,145.612,145.718,145.562,145.687,16113
1704916800,145.689,145.834,145.606,145.764,15627
1704924000,145.601,145.809,145.579,145.724,5082
1704931200,145.723,145.778,145.327,145.364,19435
1704938400,145.365,145.591,145.304,145.31,15399
1704945600,145.309,145.51,145.279,145.489,12322
1704952800,145.491,145.546,145.336,145.407,18880
1704960000,145.408,145.578,145.331,145.544,24323
1704967200,145.545,145.594,145.348,145.395,18291
1704974400,145.394,146.268,144.996,146.252,37210
1704981600,146.246,146.416,145.646,145.954,57357
1704988800,145.953,146.19,145.84,145.952,38419
1704996000,145.951,146.019,145.44,145.484,27415
1705003200,145.483,145.548,145.261,145.286,16916
1705010400,145.256,145.344,144.94,145.099,8489
1705017600,145.1,145.405,144.964,145.112,24221
1705024800,145.112,145.259,144.843,144.915,15877
1705032000,144.915,145.253,144.898,145.251,14595
1705039200,145.252,145.287,145.061,145.149,19382
1705046400,145.149,145.167,144.869,145.137,24776
1705053600,145.136,145.28,145.079,145.238,19430
1705060800,145.237,145.567,144.752,144.79,32668
1705068000,144.789,144.912,144.352,144.71,47025
1705075200,144.711,145.008,144.564,144.954,26137
1705082400,144.953,145.021,144.795,144.869,14772
1705089600,144.869,144.947,144.823,144.893,9496
1705269600,144.875,145.175,144.806,145.15,4561
1705276800,145.149,145.232,144.989,145.072,19458
1705284000,145.069,145.173,144.935,145.135,15794
1705291200,145.134,145.29,145.1,145.273,12142
1705298400,145.272,145.554,145.196,145.449,17143
1705305600,145.448,145.764,145.318,145.664,22473
1705312800,145.66,145.824,145.545,145.674,18790
1705320000,145.679,145.912,145.667,145.781,22012
1705327200,145.776,145.941,145.677,145.79,19785
1705334400,145.791,145.859,145.679,145.778,10668
1705341600,145.78,145.804,145.755,145.792,2778
1705348800,145.791,145.808,145.762,145.762,2150
1705356000,145.655,145.872,145.653,145.794,4102
1705363200,145.793,146.114,145.586,145.901,27100
1705370400,145.902,146.197,145.893,146.098,21116
1705377600,146.094,146.272,146.073,146.166,15340
1705384800,146.163,146.247,145.996,146.158,21835
1705392000,146.159,146.635,146.002,146.537,34580
1705399200,146.538,146.75,146.519,146.604,24800
1705406400,146.606,146.79,146.284,146.626,32421
1705413600,146.626,146.799,146.394,146.706,39146
1705420800,146.703,147.269,146.694,147.253,40058
1705428000,147.255,147.314,147.139,147.252,15581
1705435200,147.251,147.276,147.169,147.182,9344
1705442400,147.168,147.292,147.046,147.247,4537
1705449600,147.24,147.485,147.15,147.192,23418
1705456800,147.192,147.411,147.097,147.332,18584
1705464000,147.333,147.671,147.284,147.58,17306
1705471200,147.579,147.967,147.569,147.872,32414
1705478400,147.872,147.931,147.643,147.725,31997
1705485600,147.727,147.82,147.565,147.663,21971
1705492800,147.664,147.984,147.586,147.937,29263
1705500000,147.938,148.524,147.882,148.446,38699
1705507200,148.447,148.521,148.171,148.224,29732
1705514400,148.223,148.393,148.166,148.27,20264
1705521600,148.271,148.293,148.123,148.153,12293
1705528800,148.084,148.163,148.035,148.141,4399
1705536000,148.136,148.25,147.869,148.047,22576
1705543200,148.042,148.16,147.906,148.021,17051
1705550400,148.021,148.067,147.863,147.876,13750
1705557600,147.873,147.926,147.686,147.788,24426
1705564800,147.781,147.962,147.656,147.848,29396
1705572000,147.848,147.963,147.8,147.821,19706
1705579200,147.816,148.302,147.753,148.228,30943
1705586400,148.23,148.243,147.853,148.176,39196
1705593600,148.177,148.264,148.003,148.221,24108
1705600800,148.221,148.254,148.075,148.227,19507
1705608000,148.229,148.28,148.083,148.158,11858
1705615200,148.081,148.183,148.036,148.126,4419
1705622400,148.123,148.394,147.94,148.356,23179
1705629600,148.361,148.477,148.148,148.222,16250
1705636800,148.225,148.675,148.218,148.652,12433
1705644000,148.649,148.805,148.195,148.271,24729
1705651200,148.269,148.356,147.924,147.981,26343
1705658400,147.982,148.124,147.84,147.978,20095
1705665600,147.977,148.214,147.958,148.137,26357
1705672800,148.136,148.533,148.075,148.105,39455
1705680000,148.104,148.248,148.023,148.123,23950
1705687200,148.122,148.31,148.12,148.192,15399
1705694400,148.19,148.201,148.086,148.148,10159
1705874400,148.204,148.262,148.076,148.125,4805
1705881600,148.125,148.232,147.778,147.861,24755
1705888800,147.86,147.969,147.73,147.918,18644
1705896000,147.919,148.124,147.833,148.057,14470
1705903200,148.056,148.131,147.917,148.038,24413
1705910400,148.038,148.305,147.998,148.112,25954
1705917600,148.116,148.147,147.856,147.886,20679
1705924800,147.887,147.913,147.618,147.688,29519
1705932000,147.689,147.954,147.688,147.847,31484
1705939200,147.848,148.037,147.847,147.982,18114
1705946400,147.982,148.144,147.982,148.031,14858
1705953600,148.032,148.146,148.018,148.117,10134
1705960800,147.94,148.15,147.917,148.146,3203
1705968000,148.145,148.224,148.058,148.103,16205
1705975200,148.101,148.545,147.855,147.894,24863
1705982400,147.896,148.209,147.86,147.925,19176
1705989600,147.923,148.175,146.978,147.585,40879
1705996800,147.584,147.734,147.255,147.712,29595
1706004000,147.716,148.161,147.716,148.027,22408
1706011200,148.027,148.14,147.874,148.051,24220
1706018400,148.051,148.544,148.05,148.48,34405
1706025600,148.485,148.697,148.359,148.594,22406
1706032800,148.597,148.621,148.295,148.377,16164
1706040000,148.377,148.41,148.325,148.372,9613
1706047200,148.274,148.386,148.213,148.249,3923
1706054400,148.234,148.26,147.98,148.019,23538
1706061600,148.02,148.255,147.754,147.807,19065
1706068800,147.806,148.017,147.77,147.875,15356
1706076000,147.878,147.958,147.7,147.795,22893
1706083200,147.795,147.795,147.377,147.53,30747
1706090400,147.534,147.628,147.442,147.516,17853
1706097600,147.518,147.52,146.722,146.769,30640
1706104800,146.773,147.264,146.652,146.946,45271
1706112000,146.945,147.433,146.891,147.191,28064
1706119200,147.192,147.596,147.16,147.565,21708
1706126400,147.564,147.639,147.481,147.513,10886
1706133600,147.383,147.623,147.382,147.588,6477
1706140800,147.585,147.857,147.544,147.664,23489
1706148000,147.664,147.767,147.566,147.654,16476
1706155200,147.654,147.857,147.585,147.8,13174
1706162400,147.799,147.881,147.535,147.67,21822
1706169600,147.672,147.843,147.579,147.641,24551
1706176800,147.64,147.663,147.475,147.515,21617
1706184000,147.512,147.951,147.285,147.374,36259
1706191200,147.374,147.626,147.081,147.58,53018
1706198400,147.578,147.901,147.506,147.828,25810
1706205600,147.827,147.878,147.694,147.838,20679
1706212800,147.839,147.848,147.654,147.662,10653
1706220000,147.539,147.742,147.485,147.721,5763
1706227200,147.72,147.85,147.476,147.547,22615
1706234400,147.549,147.715,147.509,147.665,14912
1706241600,147.664,147.825,147.649,147.731,11767
1706248800,147.731,147.885,147.731,147.771,21968
1706256000,147.772,148.089,147.735,147.834,28101
1706263200,147.834,147.834,147.598,147.716,20402
1706270400,147.715,147.916,147.385,147.653,31837
1706277600,147.654,148.166,147.636,148.078,39842
1706284800,148.081,148.114,147.883,147.991,21902
1706292000,147.99,148.21,147.963,148.097,13262
1706299200,148.098,148.149,148.046,148.122,8728
1706479200,148.089,148.186,148.025,148.183,6106
1706486400,148.181,148.336,148.027,148.131,19553
1706493600,148.131,148.253,148.092,148.138,11762
1706500800,148.138,148.138,147.995,148.028,10897
1706508000,148.028,148.071,147.754,147.803,21770
1706515200,147.8,147.912,147.71,147.743,27967
1706522400,147.742,147.925,147.732,147.875,18063
1706529600,147.874,148.096,147.836,147.975,21706
1706536800,147.974,148.053,147.623,147.664,28399
1706544000,147.667,147.738,147.588,147.658,18643
1706551200,147.659,147.715,147.587,147.65,13412
1706558400,147.648,147.648,147.255,147.494,19739
1706565600,147.323,147.532,147.303,147.489,4197
1706572800,147.484,147.485,147.192,147.313,20885
1706580000,147.32,147.485,147.3,147.395,12917
1706587200,147.395,147.404,147.301,147.385,13085
1706594400,147.384,147.408,147.16,147.226,20087
1706601600,147.236,147.551,147.236,147.392,28355
1706608800,147.389,147.396,147.207,147.382,21232
1706616000,147.38,147.58,147.341,147.519,25561
1706623200,147.518,147.891,147.097,147.848,42474
1706630400,147.851,147.928,147.662,147.807,24596
1706637600,147.807,147.871,147.58,147.603,14224
1706644800,147.602,147.669,147.568,147.595,10549
1706652000,147.533,147.607,147.335,147.336,4344
1706659200,147.336,147.608,147.19,147.547,25297
1706666400,147.548,147.749,147.547,147.733,16409
1706673600,147.735,147.819,147.578,147.719,13232
1706680800,147.714,147.897,147.607,147.657,19595
1706688000,147.656,147.809,147.403,147.769,30631
1706695200,147.77,147.885,147.708,147.844,21212
1706702400,147.842,147.882,147.456,147.502,34026
1706709600,147.504,147.565,146.143,146.182,58826
1706716800,146.186,146.426,146.07,146.357,36501
1706724000,146.358,146.874,146.01,146.382,49336
1706731200,146.372,147.445,146.303,146.965,44432
1706738400,146.847,147.048,146.761,147.009,8225
1706745600,147.006,147.082,146.613,146.775,28110
1706752800,146.777,146.784,146.476,146.708,20852
1706760000,146.706,146.888,146.619,146.864,16237
1706767200,146.863,147.053,146.716,146.806,27246
1706774400,146.805,146.914,146.59,146.794,36544
1706781600,146.793,146.895,146.726,146.841,26497
1706788800,146.842,147.117,146.459,146.663,38620
1706796000,146.664,146.88,146.248,146.315,50949
1706803200,146.314,146.413,145.896,146.359,47651
1706810400,146.359,146.482,146.191,146.271,30679
1706817600,146.272,146.448,146.259,146.423,15674
1706824800,146.423,146.513,146.264,146.462,4691
1706832000,146.462,146.494,146.242,146.358,21247
1706839200,146.357,146.46,146.305,146.377,14297
1706846400,146.377,146.518,146.319,146.432,14488
1706853600,146.428,146.638,146.356,146.625,24083
1706860800,146.628,146.803,146.547,146.695,25406
1706868000,146.695,146.728,146.464,146.532,19124
1706875200,146.53,147.991,146.512,147.965,36415
1706882400,147.967,148.343,147.684,148.279,52625
1706889600,148.28,148.584,148.195,148.527,27485
1706896800,148.525,148.567,148.233,148.328,20148
1706904000,148.328,148.407,148.245,148.385,11787
1707084000,148.353,148.672,148.319,148.515,7426
1707091200,148.514,148.824,148.367,148.375,29601
1707098400,148.377,148.554,148.354,148.399,18782
1707105600,148.4,148.503,148.315,148.338,15973
1707112800,148.335,148.489,148.266,148.479,24202
1707120000,148.48,148.606,148.366,148.504,27118
1707127200,148.502,148.56,148.308,148.433,21268
1707134400,148.435,148.678,148.43,148.571,26423
1707141600,148.563,148.876,148.392,148.876,38662
1707148800,148.877,148.894,148.576,148.62,21349
1707156000,148.619,148.711,148.504,148.701,15109
1707163200,148.703,148.767,148.632,148.679,10199
1707170400,148.629,148.742,148.605,148.665,4320
1707177600,148.666,148.667,148.465,148.521,18387
1707184800,148.522,148.673,148.506,148.63,15559
1707192000,148.63,148.63,148.38,148.44,16864
1707199200,148.437,148.557,148.36,148.513,24302
1707206400,148.516,148.705,148.494,148.68,25234
1707213600,148.681,148.788,148.635,148.68,21671
1707220800,148.683,148.786,148.46,148.619,28111
1707228000,148.62,148.626,148,148.096,38446
1707235200,148.098,148.19,147.849,147.92,27205
1707242400,147.921,148.039,147.818,147.964,24900
1707249600,147.96,147.963,147.828,147.944,10924
1707256800,147.895,147.924,147.741,147.821,5219
1707264000,147.822,147.947,147.713,147.805,23501
1707271200,147.805,147.991,147.805,147.904,16085
1707278400,147.905,147.997,147.877,147.953,13572
1707285600,147.954,148.065,147.749,147.821,23241
1707292800,147.82,148.094,147.813,147.919,26081
1707300000,147.919,148.158,147.903,148.085,22818
1707307200,148.084,148.259,148.075,148.183,26876
1707314400,148.182,148.227,147.627,147.944,45991
1707321600,147.945,148.167,147.877,148.136,24692
1707328800,148.134,148.191,147.992,148.133,18041
1707336000,148.134,148.196,148.105,148.176,10728
1707343200,148.094,148.106,147.997,148.087,4923
1707350400,148.089,148.366,147.929,148.29,22498
1707357600,148.294,148.403,148.264,148.353,18971
1707364800,148.352,148.665,148.329,148.583,16416
1707372000,148.579,148.809,148.575,148.733,23741
1707379200,148.733,148.851,148.647,148.757,26298
1707386400,148.756,149.251,148.74,149.16,24455
1707393600,149.161,149.464,149.086,149.389,33035
1707400800,149.405,149.479,149.191,149.432,34739
1707408000,149.431,149.458,149.241,149.371,21410
1707415200,149.374,149.41,149.123,149.388,22771
1707422400,149.387,149.397,149.271,149.318,10844
1707429600,149.263,149.309,149.249,149.261,5083
1707436800,149.262,149.413,149.235,149.285,20035
1707444000,149.284,149.491,149.248,149.436,14218
1707451200,149.437,149.466,149.343,149.399,11227
1707458400,149.4,149.433,149.217,149.398,19599
1707465600,149.399,149.576,149.261,149.422,29054
1707472800,149.422,149.461,149.318,149.398,22610
1707480000,149.403,149.536,149.008,149.388,36733
1707487200,149.388,149.446,149.173,149.324,39160
1707494400,149.326,149.415,149.274,149.349,21982
1707501600,149.35,149.373,149.304,149.355,12876
1707508800,149.355,149.365,149.243,149.265,8661
1707688800,149.209,149.284,149.076,149.18,6261
1707696000,149.18,149.216,149.11,149.181,14007
1707703200,149.181,149.252,149.125,149.249,10946
1707710400,149.25,149.252,149.175,149.209,10733
1707717600,149.206,149.231,149.047,149.096,16954
1707724800,149.098,149.196,148.989,149.131,29040
1707732000,149.131,149.162,148.997,149.023,21241
1707739200,149.022,149.213,148.928,149.205,26256
1707746400,149.206,149.478,149.158,149.461,24538
1707753600,149.461,149.479,149.252,149.256,19527
1707760800,149.257,149.439,149.24,149.412,14323
1707768000,149.411,149.411,149.301,149.353,10354
1707775200,149.287,149.417,149.264,149.407,4686
1707782400,149.406,149.427,149.283,149.367,18312
1707789600,149.366,149.534,149.359,149.533,11637
1707796800,149.534,149.58,149.495,149.551,11796
1707804000,149.55,149.653,149.446,149.59,21411
1707811200,149.589,149.695,149.551,149.576,23438
1707818400,149.575,149.576,149.375,149.375,18804
1707825600,149.377,150.487,149.21,150.437,35962
1707832800,150.435,150.606,150.304,150.592,43602
1707840000,150.594,150.806,150.512,150.782,22370
1707847200,150.781,150.885,150.721,150.871,18214
1707854400,150.87,150.876,150.727,150.797,13286
1707861600,150.776,150.776,150.558,150.728,5118
1707868800,150.727,150.78,150.526,150.542,23449
1707876000,150.543,150.645,150.497,150.518,15462
1707883200,150.518,150.538,150.419,150.52,12122
1707890400,150.52,150.554,150.346,150.452,23549
1707897600,150.45,150.643,150.396,150.643,25971
1707904800,150.642,150.686,150.555,150.576,22111
1707912000,150.577,150.737,150.501,150.714,27921
1707919200,150.714,150.752,150.491,150.619,33527
1707926400,150.618,150.621,150.373,150.433,23307
1707933600,150.434,150.569,150.352,150.56,15701
1707940800,150.561,150.628,150.487,150.591,11560
1707948000,150.502,150.567,150.421,150.559,5050
1707955200,150.554,150.554,150.141,150.203,23818
1707962400,150.202,150.294,150.182,150.271,16091
1707969600,150.271,150.273,150.079,150.183,14128
1707976800,150.184,150.22,150.054,150.204,21714
1707984000,150.205,150.219,149.922,150.028,25030
1707991200,150.027,150.099,149.989,150.077,18439
1707998400,150.076,150.098,149.523,149.828,31980
1708005600,149.827,150.136,149.809,150.054,41078
1708012800,150.055,150.251,150.047,150.094,25340
1708020000,150.092,150.093,149.853,149.957,21109
1708027200,149.956,150.007,149.926,149.932,11708
1708034400,149.857,149.969,149.826,149.962,4535
1708041600,149.959,150.24,149.924,150.059,20352
1708048800,150.06,150.366,150.058,150.311,16200
1708056000,150.311,150.35,150.173,150.179,13721
1708063200,150.178,150.291,150.139,150.235,19638
1708070400,150.234,150.302,150.201,150.288,21795
1708077600,150.29,150.308,150.142,150.179,15664
1708084800,150.18,150.646,150.165,150.519,30539
1708092000,150.518,150.634,150.113,150.241,39664
1708099200,150.238,150.396,150.209,150.225,23864
1708106400,150.226,150.249,150.086,150.234,17861
1708113600,150.236,150.286,150.163,150.176,9471
1708293600,150.079,150.189,150.035,150.151,5218
1708300800,150.148,150.148,149.876,149.975,20324
1708308000,149.976,150.006,149.911,149.934,12656
1708315200,149.935,150.041,149.929,150.009,11048
1708322400,150.008,150.034,149.935,149.98,15159
1708329600,149.979,150.006,149.894,149.939,20260
1708336800,149.938,150.002,149.929,149.986,15164
1708344000,149.986,150.031,149.938,149.968,18910
1708351200,149.967,150.163,149.953,150.161,22182
1708358400,150.162,150.192,150.15,150.191,6171
1708365600,150.19,150.191,150.131,150.137,2633
1708372800,150.137,150.15,150.123,150.125,1969
1708380000,150.134,150.302,150.064,150.273,5973
1708387200,150.275,150.347,150.194,150.273,23697
1708394400,150.274,150.369,150.269,150.321,18569
1708401600,150.321,150.44,150.291,150.423,13358
1708408800,150.423,150.437,150.298,150.36,21055
1708416000,150.361,150.39,150.25,150.276,25975
1708423200,150.275,150.298,150.107,150.228,24850
1708430400,150.227,150.227,149.93,149.986,29906
1708437600,149.984,150.039,149.684,149.785,33226
1708444800,149.785,149.963,149.743,149.898,20818
1708452000,149.899,150.028,149.883,150.021,21425
1708459200,150.022,150.072,149.966,149.993,13549
1708466400,149.957,149.975,149.886,149.97,6474
1708473600,149.964,150.091,149.928,149.993,18902
1708480800,149.992,150,149.852,149.875,15079
1708488000,149.874,150.039,149.868,149.985,12589
1708495200,149.985,150.153,149.948,150.145,19241
1708502400,150.149,150.188,150.053,150.092,26806
1708509600,150.092,150.103,149.981,150.071,17296
1708516800,150.07,150.095,149.932,150.077,23306
1708524000,150.078,150.261,149.989,150.249,22960
1708531200,150.249,150.387,150.226,150.305,17496
1708538400,150.304,150.392,150.128,150.198,21073
1708545600,150.197,150.297,150.174,150.284,13225
1708552800,150.291,150.385,150.245,150.342,5139
1708560000,150.34,150.457,150.296,150.315,20384
1708567200,150.314,150.439,150.306,150.428,15561
1708574400,150.427,150.451,150.224,150.282,15380
1708581600,150.282,150.296,150.083,150.135,18980
1708588800,150.133,150.289,150.015,150.175,26131
1708596000,150.176,150.253,150.118,150.22,17151
1708603200,150.215,150.598,150.206,150.564,23525
1708610400,150.564,150.645,150.402,150.504,37759
1708617600,150.503,150.687,150.477,150.606,21968
1708624800,150.605,150.65,150.479,150.551,22620
1708632000,150.551,150.573,150.495,150.535,13655
1708639200,150.528,150.539,150.448,150.473,2898
1708646400,150.468,150.56,150.37,150.457,15769
1708653600,150.456,150.509,150.421,150.482,10137
1708660800,150.481,150.606,150.458,150.604,7618
1708668000,150.604,150.65,150.524,150.556,15347
1708675200,150.556,150.762,150.525,150.746,21192
1708682400,150.746,150.768,150.65,150.657,19047
1708689600,150.656,150.656,150.333,150.475,23229
1708696800,150.476,150.555,150.318,150.53,26909
1708704000,150.529,150.538,150.292,150.409,21530
1708711200,150.407,150.463,150.345,150.458,14605
1708718400,150.458,150.54,150.443,150.535,8958
1708898400,150.491,150.562,150.333,150.499,5142
1708905600,150.498,150.498,150.291,150.425,19098
1708912800,150.426,150.498,150.425,150.477,15728
1708920000,150.476,150.518,150.365,150.432,12701
1708927200,150.432,150.489,150.366,150.451,19845
1708934400,150.45,150.669,150.404,150.636,16721
1708941600,150.637,150.697,150.591,150.686,9431
1708948800,150.686,150.688,150.524,150.645,20251
1708956000,150.643,150.81,150.62,150.749,25701
1708963200,150.746,150.839,150.72,150.768,23322
1708970400,150.768,150.818,150.731,150.763,20991
1708977600,150.762,150.762,150.673,150.708,11510
1708984800,150.629,150.706,150.504,150.573,5515
1708992000,150.567,150.61,150.49,150.509,13126
1708999200,150.509,150.52,150.421,150.421,10639
1709006400,150.421,150.525,150.406,150.518,9336
1709013600,150.517,150.537,150.322,150.353,14607
1709020800,150.352,150.36,150.116,150.266,18701
1709028000,150.266,150.378,150.226,150.311,16733
1709035200,150.312,150.314,150.072,150.274,21707
1709042400,150.274,150.55,150.25,150.435,25775
1709049600,150.437,150.536,150.372,150.421,18572
1709056800,150.421,150.583,150.299,150.532,16649
1709064000,150.533,150.535,150.456,150.52,9241
1709071200,150.447,150.52,150.447,150.514,2832
1709078400,150.514,150.534,150.371,150.397,15694
1709085600,150.398,150.54,150.372,150.532,15449
1709092800,150.533,150.64,150.515,150.599,13433
1709100000,150.598,150.751,150.58,150.739,16746
1709107200,150.74,150.8,150.704,150.745,17188
1709114400,150.746,150.747,150.61,150.631,13280
1709121600,150.632,150.742,150.527,150.713,21734
1709128800,150.714,150.845,150.655,150.81,26399
1709136000,150.811,150.817,150.651,150.701,19890
1709143200,150.7,150.74,150.642,150.697,17798
1709150400,150.697,150.724,150.664,150.7,12319
1709157600,150.629,150.662,150.532,150.658,4804
1709164800,150.658,150.658,150.19,150.212,17611
1709172000,150.212,150.227,149.713,149.813,20494
1709179200,149.814,150.106,149.694,149.907,14216
1709186400,149.903,149.934,149.623,149.66,22093
1709193600,149.661,149.907,149.61,149.803,26895
1709200800,149.804,150.108,149.786,149.971,16664
1709208000,149.97,150.151,149.732,149.779,29197
1709215200,149.78,149.848,149.206,149.642,28724
1709222400,149.641,150.045,149.633,149.993,25638
1709229600,149.995,150.015,149.838,149.966,17560
1709236800,149.966,150.005,149.904,150,11553
1709244000,149.914,150.18,149.902,150.069,6635
1709251200,150.07,150.37,150.059,150.355,20751
1709258400,150.354,150.415,150.301,150.324,15736
1709265600,150.324,150.48,150.323,150.445,13855
1709272800,150.444,150.498,150.327,150.496,15932
1709280000,150.497,150.687,150.45,150.627,20519
1709287200,150.627,150.649,150.306,150.387,20578
1709294400,150.389,150.658,150.366,150.642,22716
1709301600,150.643,150.72,150.085,150.122,38421
1709308800,150.121,150.268,150.075,150.15,25328
1709316000,150.149,150.243,150.053,150.114,20544
1709323200,150.114,150.162,150.098,150.121,7483
1709503200,149.955,150.156,149.953,150.132,3781
1709510400,150.121,150.209,149.838,150.127,17017
1709517600,150.126,150.194,150.098,150.161,9959
1709524800,150.159,150.321,150.144,150.302,8018
1709532000,150.301,150.401,150.268,150.309,14631
1709539200,150.307,150.397,150.173,150.246,20467
1709546400,150.246,150.466,150.246,150.423,16186
1709553600,150.422,150.568,150.341,150.46,17201
1709560800,150.46,150.552,150.312,150.484,20527
1709568000,150.484,150.543,150.433,150.521,14499
1709575200,150.521,150.563,150.486,150.551,10890
1709582400,150.553,150.56,150.485,150.52,7333
1709589600,150.485,150.545,150.382,150.454,6226
1709596800,150.458,150.489,150.351,150.465,18021
1709604000,150.464,150.54,150.442,150.497,12564
1709611200,150.497,150.546,150.46,150.496,13434
1709618400,150.496,150.546,150.348,150.42,16023
1709625600,150.421,150.485,150.344,150.414,14639
1709632800,150.41,150.443,150.363,150.417,12274
1709640000,150.417,150.441,150.061,150.088,21015
1709647200,150.087,150.184,149.704,149.982,34173
1709654400,149.98,150.226,149.963,150.092,20893
1709661600,150.094,150.113,149.925,149.933,19758
1709668800,149.933,150.081,149.837,150.058,12455
1709676000,150.014,150.053,149.814,150.052,4876
1709683200,150.05,150.085,149.896,150.03,15393
1709690400,150.031,150.031,149.892,149.978,9741
1709697600,149.978,150.022,149.808,149.913,9501
1709704800,149.913,149.937,149.325,149.537,20122
1709712000,149.536,149.863,149.529,149.647,20598
1709719200,149.646,149.81,149.563,149.711,16895
1709726400,149.711,149.743,149.333,149.367,24902
1709733600,149.367,149.644,149.262,149.366,32003
1709740800,149.367,149.447,149.093,149.325,24372
1709748000,149.323,149.387,149.198,149.345,19776
1709755200,149.346,149.472,149.346,149.401,11516
1709762400,149.305,149.361,149.195,149.264,5188
1709769600,149.256,149.259,148.559,148.618,30838
1709776800,148.61,148.795,148.602,148.667,21218
1709784000,148.669,148.681,148.403,148.637,18946
1709791200,148.636,148.681,147.936,147.938,26289
1709798400,147.943,148.11,147.809,147.986,23540
1709805600,147.987,147.994,147.768,147.839,17556
1709812800,147.835,147.924,147.582,147.768,28370
1709820000,147.764,148.297,147.731,148.138,38047
1709827200,148.135,148.234,147.889,148.108,30732
1709834400,148.108,148.132,148.001,148.002,17551
1709841600,148.004,148.11,147.994,148.027,10673
1709848800,147.96,148.003,147.825,147.864,5812
1709856000,147.863,148.116,147.521,147.972,24793
1709863200,147.974,148.087,147.804,147.814,20196
1709870400,147.813,147.904,147.774,147.804,16171
1709877600,147.802,148.047,147.797,147.883,17617
1709884800,147.884,147.971,146.876,147.134,26014
1709892000,147.134,147.205,146.951,147.098,15448
1709899200,147.097,147.496,146.48,146.96,29008
1709906400,146.964,147.233,146.69,147.029,39951
1709913600,147.03,147.257,147.025,147.026,31086
1709920800,147.025,147.16,146.991,147.047,23329
1709928000,147.047,147.11,147.029,147.083,8435
1710104400,146.971,147.127,146.926,147.044,2797
1710111600,147.047,147.047,146.671,146.762,17481
1710118800,146.765,147.088,146.534,147.072,16777
1710126000,147.074,147.074,146.888,146.903,10534
1710133200,146.901,147.081,146.864,146.92,12271
1710140400,146.919,147.028,146.632,146.718,23238
1710147600,146.716,146.739,146.484,146.666,17698
1710154800,146.666,146.898,146.62,146.826,17592
1710162000,146.826,147.147,146.76,146.992,20269
1710169200,146.991,147.049,146.812,146.87,18468
1710176400,146.87,147.056,146.743,146.945,15710
1710183600,146.946,146.98,146.926,146.948,8617
1710190800,146.788,146.969,146.776,146.949,4887
1710198000,146.95,146.952,146.619,146.869,17720
1710205200,146.87,147.427,146.854,147.416,21581
1710212400,147.422,147.436,147.322,147.385,15628
1710219600,147.385,147.595,147.209,147.396,19963
1710226800,147.394,147.483,147.276,147.326,18723
1710234000,147.326,147.566,147.309,147.328,14186
1710241200,147.329,148.161,147.064,147.649,30166
1710248400,147.649,147.981,147.64,147.902,31176
1710255600,147.903,147.907,147.642,147.704,17819
1710262800,147.701,147.796,147.643,147.687,17069
1710270000,147.687,147.716,147.64,147.662,8840
1710277200,147.625,147.655,147.561,147.58,3273
1710284400,147.58,147.651,147.365,147.368,12457
1710291600,147.368,147.536,147.233,147.374,16316
1710298800,147.375,147.584,147.283,147.572,10977
1710306000,147.573,147.789,147.499,147.741,14160
1710313200,147.744,147.887,147.563,147.873,20076
1710320400,147.873,148.048,147.706,147.914,18504
1710327600,147.914,148.029,147.89,147.943,14470
1710334800,147.943,147.969,147.777,147.839,21103
1710342000,147.839,147.852,147.673,147.708,18562
1710349200,147.709,147.805,147.457,147.769,18406
1710356400,147.77,147.856,147.745,147.753,9312
1710363600,147.542,147.721,147.542,147.703,2532
1710370800,147.704,147.724,147.54,147.594,12372
1710378000,147.593,147.926,147.528,147.902,17129
1710385200,147.902,147.973,147.79,147.913,12554
1710392400,147.915,147.968,147.853,147.888,15109
1710399600,147.887,147.972,147.768,147.861,17410
1710406800,147.86,147.894,147.729,147.748,13446
1710414000,147.747,147.987,147.564,147.848,24106
1710421200,147.849,148.194,147.43,148.109,40970
1710428400,148.11,148.321,148.05,148.188,25600
1710435600,148.189,148.359,148.131,148.298,16007
1710442800,148.298,148.328,148.211,148.306,9687
1710450000,148.297,148.338,148.22,148.259,2071
1710457200,148.262,148.535,148.25,148.446,13464
1710464400,148.449,148.658,148.387,148.457,15061
1710471600,148.457,148.5,148.251,148.311,13325
1710478800,148.311,148.378,148.098,148.217,15269
1710486000,148.213,148.832,148.03,148.712,26141
1710493200,148.709,148.787,148.66,148.776,15615
1710500400,148.776,148.869,148.583,148.8,18251
1710507600,148.799,148.999,148.73,148.98,23241
1710514800,148.979,149.164,148.968,149.092,16813
1710522000,149.09,149.098,148.997,149.036,13099
1710529200,149.036,149.118,148.996,149.059,6561
1710709200,148.946,149.089,148.92,148.973,2588
1710716400,148.974,149.285,148.933,149.278,13663
1710723600,149.282,149.332,148.91,148.973,17061
1710730800,148.973,149.133,148.961,149.113,11888
1710738000,149.113,149.243,149.067,149.219,13466
1710745200,149.219,149.304,149.054,149.125,16744
1710752400,149.128,149.244,149.103,149.129,12059
1710759600,149.13,149.197,149.01,149.177,14975
1710766800,149.176,149.3,149.117,149.284,19327
1710774000,149.283,149.292,149.096,149.138,16434
1710781200,149.139,149.166,148.919,149.113,14511
1710788400,149.113,149.193,149.086,149.154,7033
1710795600,149.084,149.147,149.038,149.038,3099
1710802800,149.038,149.22,149.03,149.207,11304
1710810000,149.208,149.395,149.19,149.362,14486
1710817200,149.362,150.073,148.985,149.965,28084
1710824400,149.966,150.483,149.939,150.364,19851
1710831600,150.365,150.511,149.984,150.335,28357
1710838800,150.335,150.701,150.307,150.532,17915
1710846000,150.535,150.608,150.342,150.489,16614
1710853200,150.49,150.729,150.402,150.687,18577
1710860400,150.688,150.947,150.657,150.94,15439
1710867600,150.935,150.961,150.839,150.922,11668
1710874800,150.92,150.923,150.847,150.85,5732
1710882000,150.815,150.865,150.766,150.84,2685
1710889200,150.835,151.34,150.818,151.155,15046
1710896400,151.155,151.242,151.135,151.231,14571
1710903600,151.231,151.539,151.23,151.486,12711
1710910800,151.485,151.584,151.433,151.471,14332
1710918000,151.47,151.544,151.338,151.45,17318
1710925200,151.451,151.764,151.448,151.667,13526
1710932400,151.666,151.783,151.63,151.76,14939
1710939600,151.762,151.817,151.619,151.671,16348
1710946800,151.67,151.677,151.532,151.614,13443
1710954000,151.611,151.709,150.716,150.788,40641
1710961200,150.783,151.405,150.772,151.241,23009
1710968400,151.247,151.26,150.849,150.853,8045
1710975600,150.853,150.947,150.543,150.619,23604
1710982800,150.619,150.65,150.262,150.49,22343
1710990000,150.493,150.792,150.39,150.763,12655
1710997200,150.762,151.09,150.751,150.996,15472
1711004400,150.994,151.455,150.849,151.17,26341
1711011600,151.168,151.24,150.869,151.11,20925
1711018800,151.11,151.319,150.966,151.164,21966
1711026000,151.165,151.573,151.161,151.508,28757
1711033200,151.506,151.753,151.476,151.694,19315
1711040400,151.693,151.74,151.647,151.671,10446
1711047600,151.672,151.731,151.605,151.633,5139
1711054800,151.587,151.632,151.513,151.548,2362
1711062000,151.548,151.699,151.444,151.53,16546
1711069200,151.531,151.863,151.419,151.628,23806
1711076400,151.629,151.654,151.498,151.585,16103
1711083600,151.586,151.592,151.256,151.306,17011
1711090800,151.305,151.537,151.272,151.478,20407
1711098000,151.479,151.651,151.433,151.616,14764
1711105200,151.616,151.625,151.003,151.213,21102
1711112400,151.211,151.318,151.058,151.187,25392
1711119600,151.19,151.435,151.19,151.388,18405
1711126800,151.39,151.455,151.346,151.452,10329
1711134000,151.453,151.483,151.345,151.409,6255
1711314000,151.267,151.437,151.251,151.285,1990
1711321200,151.287,151.426,151.082,151.304,16574
1711328400,151.301,151.323,151.052,151.137,21288
1711335600,151.136,151.378,151.131,151.365,12224
1711342800,151.362,151.375,151.174,151.319,11411
1711350000,151.318,151.4,151.169,151.355,17414
1711357200,151.355,151.44,151.258,151.288,15774
1711364400,151.289,151.379,151.142,151.23,13877
1711371600,151.229,151.383,151.125,151.359,15006
1711378800,151.358,151.544,151.344,151.483,11639
1711386000,151.483,151.535,151.428,151.475,9977
1711393200,151.469,151.49,151.409,151.413,5603
1711400400,151.409,151.424,151.359,151.418,3000
1711407600,151.419,151.445,151.259,151.282,12968
1711414800,151.283,151.377,151.216,151.333,16534
1711422000,151.332,151.431,151.298,151.36,12030
1711429200,151.359,151.399,151.301,151.313,13172
1711436400,151.313,151.363,151.251,151.257,15072
1711443600,151.257,151.347,151.206,151.275,14300
1711450800,151.276,151.473,151.272,151.453,15118
1711458000,151.453,151.467,151.299,151.384,18855
1711465200,151.383,151.601,151.371,151.519,18861
1711472400,151.519,151.579,151.441,151.535,10815
1711479600,151.533,151.586,151.515,151.553,9626
1711486800,151.515,151.556,151.502,151.529,2814
1711494000,151.529,151.576,151.446,151.517,10244
1711501200,151.518,151.971,151.498,151.89,15730
1711508400,151.891,151.931,151.591,151.689,13870
1711515600,151.69,151.804,151.641,151.693,9997
1711522800,151.692,151.839,151.614,151.782,17169
1711530000,151.781,151.804,151.05,151.199,32670
1711537200,151.199,151.275,151.026,151.25,19305
1711544400,151.25,151.372,151.213,151.248,16166
1711551600,151.249,151.424,151.166,151.319,16557
1711558800,151.322,151.413,151.279,151.362,11289
1711566000,151.359,151.387,151.294,151.32,7788
1711573200,151.254,151.405,151.237,151.329,5241
1711580400,151.328,151.436,151.264,151.415,15020
1711587600,151.414,151.545,151.258,151.365,16611
1711594800,151.363,151.389,151.3,151.354,10821
1711602000,151.355,151.393,151.251,151.34,14063
1711609200,151.339,151.45,151.321,151.426,14792
1711616400,151.426,151.502,151.369,151.398,13964
1711623600,151.398,151.404,151.185,151.214,19286
1711630800,151.213,151.345,151.16,151.21,24662
1711638000,151.218,151.373,151.15,151.335,21559
1711645200,151.336,151.419,151.309,151.387,12058
1711652400,151.387,151.425,151.361,151.374,7610
1711659600,151.364,151.445,151.359,151.41,3375
1711666800,151.415,151.501,151.181,151.315,6534
1711674000,151.316,151.442,151.247,151.306,18345
1711681200,151.309,151.329,151.26,151.284,15971
1711688400,151.285,151.45,151.281,151.413,7782
1711695600,151.413,151.413,151.313,151.345,10525
1711702800,151.345,151.358,151.281,151.306,6017
1711710000,151.306,151.366,151.188,151.22,9352
1711717200,151.219,151.262,151.171,151.244,6929
1711724400,151.248,151.282,151.197,151.271,7202
1711731600,151.272,151.39,151.232,151.39,3379
1711738800,151.389,151.389,151.308,151.316,548
1711918800,151.206,151.36,151.206,151.355,3588
1711926000,151.356,151.43,151.25,151.375,13250
1711933200,151.376,151.393,151.249,151.321,11701
1711940400,151.32,151.402,151.308,151.371,9254
1711947600,151.371,151.41,151.303,151.368,11389
1711954800,151.368,151.397,151.325,151.34,12000
1711962000,151.34,151.403,151.326,151.367,9525
1711969200,151.368,151.482,151.348,151.454,9876
1711976400,151.455,151.758,151.442,151.698,19216
1711983600,151.698,151.773,151.68,151.699,11414
1711990800,151.698,151.701,151.574,151.652,9455
1711998000,151.652,151.679,151.617,151.648,7712
1712005200,151.607,151.665,151.593,151.608,2154
1712012400,151.606,151.697,151.501,151.683,14609
1712019600,151.684,151.785,151.631,151.682,15313
1712026800,151.68,151.768,151.654,151.764,10025
1712034000,151.765,151.801,151.663,151.681,12813
1712041200,151.681,151.754,151.553,151.642,15803
1712048400,151.642,151.715,151.609,151.694,10421
1712055600,151.694,151.718,151.603,151.688,16527
1712062800,151.687,151.695,151.461,151.582,24278
1712070000,151.582,151.62,151.505,151.595,16671
1712077200,151.588,151.616,151.539,151.596,11643
1712084400,151.595,151.612,151.536,151.546,8294
1712091600,151.528,151.566,151.492,151.551,2173
1712098800,151.552,151.581,151.441,151.555,11115
1712106000,151.556,151.641,151.537,151.584,12358
1712113200,151.583,151.594,151.534,151.594,8512
1712120400,151.593,151.681,151.536,151.667,11636
1712127600,151.667,151.735,151.667,151.73,10063
1712134800,151.731,151.8,151.708,151.71,12387
1712142000,151.711,151.913,151.682,151.849,16143
1712149200,151.849,151.954,151.615,151.785,26289
1712156400,151.784,151.825,151.577,151.645,19637
1712163600,151.644,151.7,151.631,151.671,9580
1712170800,151.672,151.707,151.656,151.692,7069
1712178000,151.621,151.654,151.568,151.586,2802
1712185200,151.59,151.679,151.538,151.566,12706
1712192400,151.566,151.709,151.558,151.706,12698
1712199600,151.707,151.723,151.652,151.695,7300
1712206800,151.693,151.702,151.598,151.69,14117
1712214000,151.689,151.756,151.676,151.711,14409
1712221200,151.712,151.759,151.692,151.699,8610
1712228400,151.699,151.769,151.611,151.623,15040
1712235600,151.624,151.688,151.504,151.664,18983
1712242800,151.664,151.703,151.624,151.644,12916
1712250000,151.644,151.686,151.148,151.203,17358
1712257200,151.202,151.351,151.12,151.342,21159
1712264400,151.296,151.334,151.207,151.31,5519
1712271600,151.309,151.339,150.812,150.909,20071
1712278800,150.91,151.219,150.811,151.184,17616
1712286000,151.183,151.291,151.145,151.218,10866
1712293200,151.217,151.294,151.093,151.261,13378
1712300400,151.26,151.451,151.167,151.41,18177
1712307600,151.41,151.445,151.333,151.337,12766
1712314800,151.338,151.749,151.268,151.656,22357
1712322000,151.658,151.75,151.438,151.522,26741
1712329200,151.523,151.667,151.523,151.579,16882
1712336400,151.578,151.613,151.538,151.552,11041
1712343600,151.552,151.649,151.541,151.627,5492
1712523600,151.554,151.728,151.542,151.692,3220
1712530800,151.693,151.781,151.647,151.708,13309
1712538000,151.71,151.819,151.675,151.772,17772
1712545200,151.772,151.796,151.747,151.793,12070
1712552400,151.794,151.833,151.752,151.758,13181
1712559600,151.759,151.915,151.756,151.906,13679
1712566800,151.906,151.92,151.826,151.853,9469
1712574000,151.854,151.941,151.847,151.877,11602
1712581200,151.878,151.879,151.719,151.812,19060
1712588400,151.812,151.851,151.773,151.834,11313
1712595600,151.834,151.835,151.718,151.773,10002
1712602800,151.772,151.863,151.747,151.837,5518
1712610000,151.741,151.83,151.741,151.806,3437
1712617200,151.805,151.921,151.789,151.908,10013
1712624400,151.908,151.916,151.812,151.877,11800
1712631600,151.878,151.894,151.842,151.889,7667
1712638800,151.89,151.919,151.868,151.913,8695
1712646000,151.914,151.936,151.862,151.887,13243
1712653200,151.887,151.897,151.728,151.795,13792
1712660400,151.795,151.848,151.743,151.769,12027
1712667600,151.768,151.791,151.571,151.652,18681
1712674800,151.651,151.749,151.631,151.666,13737
1712682000,151.667,151.742,151.656,151.738,10158
1712689200,151.738,151.788,151.732,151.772,6291
1712696400,151.697,151.78,151.648,151.75,2691
1712703600,151.751,151.788,151.681,151.723,9824
1712710800,151.723,151.785,151.697,151.757,14132
1712718000,151.76,151.788,151.734,151.783,10337
1712725200,151.782,151.821,151.773,151.78,10763
1712732400,151.78,151.885,151.78,151.851,9193
1712739600,151.851,151.872,151.808,151.834,8978
1712746800,151.835,152.521,151.773,152.385,25265
1712754000,152.388,152.777,152.369,152.771,30026
1712761200,152.772,152.968,152.744,152.933,15447
1712768400,152.934,152.983,152.639,152.961,26527
1712775600,152.961,153.239,152.92,153.143,11530
1712782800,153.084,153.139,152.896,152.914,3860
1712790000,152.915,153.005,152.8,152.833,15281
1712797200,152.833,152.899,152.758,152.826,15155
1712804400,152.824,152.969,152.812,152.894,8657
1712811600,152.893,153.187,152.885,153.162,13833
1712818800,153.163,153.289,153.082,153.241,20116
1712826000,153.241,153.28,153.05,153.072,17349
1712833200,153.071,153.202,152.796,152.845,29262
1712840400,152.846,153.298,152.835,153.271,30696
1712847600,153.269,153.319,153.179,153.234,18427
1712854800,153.233,153.253,153.088,153.243,17624
1712862000,153.242,153.282,153.166,153.268,8980
1712869200,153.242,153.242,153.15,153.226,2316
1712876400,153.227,153.301,152.963,152.969,13194
1712883600,152.968,153.185,152.967,153.178,15912
1712890800,153.175,153.271,153.16,153.237,9642
1712898000,153.238,153.288,153.132,153.275,14340
1712905200,153.276,153.383,153.205,153.307,15887
1712912400,153.306,153.352,153.263,153.268,12949
1712919600,153.269,153.293,152.794,152.854,23567
1712926800,152.852,153.087,152.589,152.927,31022
1712934000,152.928,153.157,152.901,153.102,21090
1712941200,153.103,153.216,153.049,153.214,16511
1712948400,153.215,153.294,153.181,153.287,6706
1713128400,153.005,153.293,152.936,153.28,3863
1713135600,153.274,153.463,153.229,153.463,11099
1713142800,153.462,153.74,153.45,153.711,13744
1713150000,153.711,153.851,153.654,153.785,8464
1713157200,153.784,153.887,153.763,153.87,16678
1713164400,153.871,153.969,153.694,153.867,21163
1713171600,153.866,153.947,153.759,153.927,14417
1713178800,153.929,154.419,153.863,154.189,23165
1713186000,154.19,154.444,153.86,154.33,30506
1713193200,154.33,154.343,154.195,154.299,18054
1713200400,154.299,154.301,154.112,154.208,16765
1713207600,154.209,154.276,154.175,154.266,7181
1713214800,154.26,154.26,154.146,154.174,2303
1713222000,154.174,154.365,154.133,154.289,12535
1713229200,154.291,154.421,154.25,154.318,15151
1713236400,154.319,154.375,154.236,154.272,8312
1713243600,154.273,154.606,154.259,154.508,15517
1713250800,154.507,154.552,154.369,154.507,17799
1713258000,154.506,154.601,154.473,154.596,12437
1713265200,154.596,154.706,154.562,154.648,16749
1713272400,154.651,154.767,153.903,154.588,29056
1713279600,154.588,154.649,154.465,154.581,14857
1713286800,154.582,154.787,154.573,154.645,21701
1713294000,154.645,154.733,154.623,154.723,8779
1713301200,154.624,154.721,154.579,154.684,2846
1713308400,154.68,154.733,154.61,154.692,10489
1713315600,154.692,154.715,154.614,154.683,11225
1713322800,154.683,154.684,154.599,154.649,6608
1713330000,154.648,154.679,154.454,154.473,14286
1713337200,154.474,154.646,154.471,154.562,16683
1713344400,154.561,154.637,154.5,154.626,11358
1713351600,154.629,154.699,154.589,154.627,13023
1713358800,154.629,154.709,154.528,154.653,18936
1713366000,154.652,154.678,154.245,154.275,20620
1713373200,154.276,154.446,154.158,154.35,18373
1713380400,154.349,154.406,154.307,154.371,7906
1713387600,154.285,154.339,154.248,154.276,2784
1713394800,154.275,154.409,154.179,154.282,10437
1713402000,154.282,154.305,153.955,154.132,17618
1713409200,154.131,154.32,154.111,154.294,9980
1713416400,154.292,154.353,154.068,154.276,12185
1713423600,154.274,154.366,154.191,154.354,13669
1713430800,154.353,154.48,154.336,154.447,11848
1713438000,154.447,154.511,154.314,154.369,17769
1713445200,154.368,154.642,154.337,154.635,22981
1713452400,154.635,154.65,154.568,154.621,13184
1713459600,154.622,154.68,154.547,154.594,10209
1713466800,154.593,154.674,154.577,154.649,5515
1713474000,154.623,154.653,154.537,154.645,1683
1713481200,154.645,154.675,154.545,154.624,11783
1713488400,154.625,154.625,153.591,153.898,43161
1713495600,153.9,154.47,153.898,154.322,25172
1713502800,154.324,154.462,154.209,154.421,19967
1713510000,154.42,154.529,154.343,154.41,19012
1713517200,154.41,154.575,154.397,154.528,14272
1713524400,154.529,154.608,154.494,154.534,15379
1713531600,154.535,154.631,154.457,154.59,20925
1713538800,154.591,154.607,154.464,154.58,13776
1713546000,154.58,154.64,154.551,154.574,9093
1713553200,154.574,154.653,154.552,154.642,6047
1713733200,154.547,154.692,154.365,154.632,2943
1713740400,154.631,154.738,154.543,154.672,12231
1713747600,154.672,154.704,154.586,154.657,11705
1713754800,154.657,154.729,154.657,154.717,6594
1713762000,154.714,154.763,154.659,154.676,11205
1713769200,154.677,154.731,154.594,154.722,13691
1713776400,154.723,154.781,154.702,154.753,8804
1713783600,154.754,154.78,154.682,154.747,14313
1713790800,154.749,154.774,154.705,154.732,14215
1713798000,154.732,154.849,154.717,154.795,8876
1713805200,154.796,154.831,154.764,154.797,8367
1713812400,154.798,154.846,154.797,154.83,3755
1713819600,154.82,154.826,154.775,154.809,1772
1713826800,154.808,154.841,154.701,154.783,9360
1713834000,154.784,154.794,154.657,154.765,14011
1713841200,154.764,154.776,154.717,154.74,7689
1713848400,154.74,154.796,154.716,154.759,10659
1713855600,154.759,154.863,154.756,154.843,14694
1713862800,154.843,154.851,154.78,154.798,10534
1713870000,154.798,154.834,154.76,154.81,12384
1713877200,154.811,154.874,154.57,154.794,25808
1713884400,154.795,154.838,154.769,154.823,11290
1713891600,154.823,154.831,154.551,154.753,12548
1713898800,154.755,154.837,154.744,154.828,5441
1713906000,154.759,154.806,154.737,154.782,1780
1713913200,154.78,154.819,154.73,154.795,7342
1713920400,154.795,154.822,154.772,154.81,9235
1713927600,154.808,154.875,154.801,154.839,6532
1713934800,154.838,154.942,154.835,154.926,7856
1713942000,154.927,154.972,154.769,154.899,12833
1713949200,154.898,154.939,154.872,154.932,6881
1713956400,154.932,155.17,154.768,154.947,19182
1713963600,154.947,155.108,154.839,155.001,19683
1713970800,154.999,155.136,154.972,155.114,11853
1713978000,155.114,155.375,155.085,155.266,12276
1713985200,155.265,155.373,155.221,155.34,6837
1713992400,155.256,155.266,155.193,155.227,2112
1713999600,155.228,155.415,155.209,155.372,8710
1714006800,155.372,155.451,155.351,155.435,11278
1714014000,155.435,155.625,155.416,155.589,9340
1714021200,155.59,155.74,155.588,155.663,12715
1714028400,155.663,155.694,155.562,155.673,12397
1714035600,155.672,155.693,155.514,155.544,10285
1714042800,155.544,155.748,155.302,155.677,20409
1714050000,155.674,155.684,155.351,155.567,32024
1714057200,155.567,155.609,155.497,155.509,14745
1714064400,155.509,155.641,155.473,155.6,13609
1714071600,155.602,155.653,155.557,155.642,7247
1714078800,155.579,155.615,155.494,155.571,1741
1714086000,155.569,155.649,155.549,155.636,8559
1714093200,155.635,155.659,155.537,155.562,8938
1714100400,155.563,156.215,155.411,156.194,14435
1714107600,156.196,156.458,155.91,156.378,14621
1714114800,156.378,156.82,154.967,156.557,32617
1714122000,156.559,156.843,156.461,156.816,11308
1714129200,156.817,156.95,156.276,156.831,23197
1714136400,156.832,157.311,156.773,157.266,26765
1714143600,157.266,157.789,157.208,157.648,20522
1714150800,157.648,157.791,157.578,157.724,12367
1714158000,157.723,158.44,157.705,158.289,10510
1714338000,157.815,158.434,157.739,158.226,7838
1714345200,158.227,158.338,158.051,158.192,11878
1714352400,158.193,160.215,158.191,159.369,26782
1714359600,159.369,159.594,155.199,156.303,43414
1714366800,156.308,157.234,155.045,157.032,42876
1714374000,157.031,157.184,154.521,155.87,55745
1714381200,155.871,155.955,155.455,155.885,23273
1714388400,155.885,156.506,155.834,156.417,21386
1714395600,156.422,156.894,156.248,156.68,23732
1714402800,156.681,156.75,155.098,155.846,22277
1714410000,155.818,156.17,155.587,155.813,20406
1714417200,155.814,156.357,155.814,156.324,10632
1714424400,156.297,156.314,156.057,156.265,5086
1714431600,156.265,156.836,156.168,156.814,14423
1714438800,156.814,157.005,156.564,156.721,14841
1714446000,156.721,156.869,156.707,156.758,10077
1714453200,156.756,156.891,156.703,156.826,16328
1714460400,156.825,156.976,156.476,156.937,17374
1714467600,156.934,156.961,156.828,156.922,13961
1714474800,156.922,157.495,156.829,157.455,21305
1714482000,157.453,157.541,157.243,157.339,30309
1714489200,157.338,157.576,157.314,157.465,14877
1714496400,157.464,157.73,157.444,157.699,8557
1714503600,157.698,157.847,157.675,157.811,7329
1714510800,157.811,157.812,157.619,157.705,4535
1714518000,157.706,157.86,157.684,157.743,14632
1714525200,157.743,157.895,157.733,157.881,9280
1714532400,157.887,157.932,157.817,157.857,6264
1714539600,157.856,157.98,157.823,157.971,9222
1714546800,157.971,157.987,157.866,157.951,8242
1714554000,157.95,157.97,157.858,157.909,7108
1714561200,157.908,157.924,157.764,157.78,12675
1714568400,157.781,157.816,157.384,157.663,20679
1714575600,157.659,157.738,157.587,157.616,12230
1714582800,157.617,157.758,157.002,157.117,31033
1714590000,157.116,157.587,152.997,154.396,46926
1714597200,154.425,155.436,154.167,155.434,14267
1714604400,155.433,156.083,155.196,156.016,24366
1714611600,156.016,156.287,155.701,155.823,22122
1714618800,155.824,156.101,155.703,155.829,16770
1714626000,155.83,155.89,155.165,155.438,24324
1714633200,155.44,155.555,155.1,155.146,25689
1714640400,155.143,155.352,155.017,155.094,17632
1714647600,155.091,155.173,154.403,154.518,26341
1714654800,154.517,154.786,154.044,154.069,35040
1714662000,154.069,154.151,153.48,153.767,28898
1714669200,153.771,153.813,153.056,153.06,20664
1714676400,153.059,153.824,153.059,153.633,13402
1714683600,153.575,153.739,153.211,153.273,5383
1714690800,153.275,153.448,152.875,153.148,20558
1714698000,153.148,153.232,152.751,153.036,18809
1714705200,153.036,153.139,152.811,152.915,11191
1714712400,152.914,153.312,152.845,153.284,17424
1714719600,153.282,153.335,153.15,153.196,21531
1714726800,153.196,153.196,152.953,153.097,14378
1714734000,153.098,153.306,151.861,152.204,31078
1714741200,152.209,153.073,152.129,152.893,47201
1714748400,152.892,152.958,152.738,152.876,20498
1714755600,152.875,152.983,152.842,152.935,13447
1714762800,152.937,152.961,152.843,152.865,6891
1714942800,152.915,153.252,152.753,153.235,6336
1714950000,153.234,153.753,153.12,153.412,20830
1714957200,153.412,153.815,153.339,153.762,20211
1714964400,153.763,154.008,153.743,153.932,16517
1714971600,153.931,153.978,153.683,153.689,20765
1714978800,153.691,153.879,153.659,153.733,22477
1714986000,153.732,153.845,153.683,153.812,16601
1714993200,153.814,153.819,153.412,153.521,20365
1715000400,153.519,153.965,153.496,153.927,27791
1715007600,153.927,154.001,153.836,153.905,18849
1715014800,153.903,153.966,153.817,153.91,17025
1715022000,153.91,153.964,153.879,153.893,10387
1715029200,153.869,153.961,153.845,153.957,3590
1715036400,153.956,154.288,153.878,153.94,22380
1715043600,153.942,154.589,153.873,154.548,23155
1715050800,154.548,154.65,154.423,154.476,15272
1715058000,154.477,154.576,154.323,154.35,19353
1715065200,154.349,154.442,153.977,154.401,24124
1715072400,154.402,154.632,154.394,154.476,18235
1715079600,154.477,154.631,154.381,154.411,17904
1715086800,154.413,154.49,154.237,154.422,24161
1715094000,154.423,154.594,154.363,154.503,18151
1715101200,154.503,154.748,154.455,154.743,17257
1715108400,154.743,154.747,154.63,154.688,10921
1715115600,154.454,154.745,154.453,154.744,4788
1715122800,154.744,154.928,154.69,154.894,15971
1715130000,154.893,155.266,154.882,155.167,23309
1715137200,155.168,155.219,155.07,155.174,16630
1715144400,155.173,155.279,155.113,155.261,18744
1715151600,155.261,155.451,155.203,155.43,22476
1715158800,155.431,155.511,155.279,155.384,19802
1715166000,155.385,155.684,155.353,155.609,20343
1715173200,155.608,155.652,155.5,155.59,24125
1715180400,155.587,155.622,155.354,155.546,20644
1715187600,155.547,155.627,155.511,155.614,14911
1715194800,155.613,155.658,155.503,155.505,10216
1715202000,155.382,155.592,155.382,155.589,4539
1715209200,155.588,155.699,155.156,155.626,21149
1715216400,155.627,155.665,155.432,155.598,17429
1715223600,155.598,155.621,155.511,155.573,13720
1715230800,155.568,155.823,155.54,155.756,15430
1715238000,155.757,155.876,155.71,155.846,18383
1715245200,155.848,155.952,155.842,155.916,15005
1715252400,155.917,155.948,155.517,155.704,25434
1715259600,155.703,155.798,155.43,155.56,28496
1715266800,155.56,155.731,155.504,155.63,18503
1715274000,155.631,155.642,155.426,155.445,14791
1715281200,155.446,155.499,155.401,155.463,9750
1715288400,155.422,155.477,155.298,155.358,5312
1715295600,155.356,155.606,155.263,155.533,15459
1715302800,155.532,155.776,155.461,155.757,18961
1715310000,155.756,155.756,155.659,155.673,11602
1715317200,155.672,155.712,155.497,155.672,19699
1715324400,155.672,155.781,155.62,155.717,21455
1715331600,155.717,155.766,155.653,155.744,16254
1715338800,155.744,155.873,155.681,155.826,19598
1715346000,155.826,155.904,155.601,155.874,27951
1715353200,155.873,155.895,155.771,155.829,18237
1715360400,155.827,155.886,155.749,155.85,10519
1715367600,155.847,155.849,155.737,155.793,6530
1715547600,155.629,155.785,155.607,155.78,3931
1715554800,155.781,155.957,155.759,155.929,11049
1715562000,155.929,155.955,155.501,155.745,18352
1715569200,155.744,155.818,155.716,155.804,11023
1715576400,155.805,155.927,155.767,155.846,16873
1715583600,155.845,155.92,155.778,155.875,19972
1715590800,155.875,155.897,155.835,155.877,13331
1715598000,155.877,155.894,155.717,155.756,15527
1715605200,155.755,155.937,155.686,155.917,20458
1715612400,155.917,156.225,155.873,156.219,20994
1715619600,156.218,156.252,156.169,156.201,11416
1715626800,156.202,156.246,156.182,156.215,9629
1715634000,156.089,156.242,156.089,156.227,4120
1715641200,156.23,156.4,156.184,156.295,14150
1715648400,156.295,156.501,156.295,156.446,14211
1715655600,156.447,156.452,156.375,156.412,9216
1715662800,156.414,156.544,156.395,156.453,14539
1715670000,156.452,156.508,156.41,156.455,15421
1715677200,156.456,156.471,156.287,156.429,12826
1715684400,156.429,156.753,156.406,156.583,19817
1715691600,156.584,156.656,156.23,156.391,29538
1715698800,156.392,156.545,156.374,156.483,15624
1715706000,156.482,156.52,156.384,156.435,9279
1715713200,156.436,156.478,156.408,156.431,7865
1715720400,156.399,156.484,156.346,156.437,3119
1715727600,156.436,156.562,156.382,156.39,12909
1715734800,156.385,156.484,156.308,156.46,13470
1715742000,156.459,156.465,156.342,156.359,9060
1715749200,156.358,156.391,156.174,156.255,16930
1715756400,156.256,156.285,155.573,155.648,24771
1715763600,155.647,155.883,155.599,155.737,18000
1715770800,155.736,155.756,154.747,155.121,38987
1715778000,155.122,155.807,155.028,155.315,43109
1715785200,155.314,155.353,154.741,154.982,30273
1715792400,154.982,155.026,154.691,154.908,20570
1715799600,154.91,155.022,154.822,154.895,12281
1715806800,154.845,154.853,154.505,154.559,8189
1715814000,154.553,154.679,153.599,153.665,31391
1715821200,153.663,154.313,153.628,154.006,34749
1715828400,154.009,154.084,153.804,153.937,20242
1715835600,153.936,154.381,153.848,154.364,24594
1715842800,154.361,154.814,154.277,154.713,29442
1715850000,154.712,154.787,154.61,154.673,19000
1715857200,154.673,155.338,154.601,155.309,30373
1715864400,155.31,155.538,155.226,155.301,33623
1715871600,155.302,155.358,155.16,155.265,19697
1715878800,155.264,155.333,155.212,155.329,16632
1715886000,155.329,155.432,155.314,155.393,10883
1715893200,155.359,155.434,155.31,155.382,4688
1715900400,155.383,155.592,155.346,155.447,15927
1715907600,155.448,155.928,155.418,155.876,22451
1715914800,155.876,155.901,155.733,155.808,13570
1715922000,155.805,155.85,155.595,155.646,17146
1715929200,155.647,155.978,155.622,155.869,18800
1715936400,155.868,155.909,155.777,155.839,14753
1715943600,155.839,155.921,155.711,155.789,15612
1715950800,155.788,155.798,155.342,155.403,23825
1715958000,155.404,155.635,155.241,155.625,21977
1715965200,155.624,155.688,155.582,155.676,15980
1715972400,155.676,155.717,155.619,155.704,8538
1716152400,155.543,155.723,155.517,155.698,3612
1716159600,155.697,155.88,155.688,155.872,14863
1716166800,155.875,155.942,155.777,155.816,16268
1716174000,155.816,155.835,155.665,155.77,12673
1716181200,155.768,155.801,155.643,155.743,17387
1716188400,155.744,155.786,155.493,155.684,19476
1716195600,155.683,155.729,155.634,155.704,13681
1716202800,155.702,156.23,155.697,156.152,22890
1716210000,156.153,156.186,155.996,156.067,26059
1716217200,156.066,156.157,156.058,156.107,15116
1716224400,156.108,156.271,156.047,156.269,11879
1716231600,156.269,156.302,156.245,156.274,9506
1716238800,156.231,156.289,156.161,156.263,2807
1716246000,156.262,156.466,156.261,156.425,12465
1716253200,156.429,156.499,156.395,156.434,13781
1716260400,156.433,156.547,156.407,156.45,12340
1716267600,156.448,156.471,156.103,156.248,18146
1716274800,156.249,156.296,156.029,156.259,19637
1716282000,156.26,156.279,156.084,156.219,14739
1716289200,156.218,156.395,156.189,156.24,18796
1716296400,156.242,156.435,155.841,155.948,33381
1716303600,155.949,156.185,155.948,156.121,13159
1716310800,156.117,156.254,156.103,156.212,11383
1716318000,156.213,156.251,156.134,156.186,8834
1716325200,156.119,156.185,156.095,156.182,2606
1716332400,156.184,156.29,156.14,156.271,13044
1716339600,156.27,156.35,156.206,156.3,14110
1716346800,156.3,156.388,156.275,156.351,9676
1716354000,156.352,156.472,156.282,156.375,16391
1716361200,156.375,156.509,156.374,156.477,16579
1716368400,156.478,156.517,156.392,156.425,14245
1716375600,156.425,156.614,156.412,156.545,20788
1716382800,156.546,156.55,156.347,156.523,25288
1716390000,156.522,156.559,156.461,156.49,19126
1716397200,156.489,156.639,156.447,156.631,18044
1716404400,156.632,156.842,156.631,156.813,12079
1716411600,156.712,156.787,156.665,156.744,5055
1716418800,156.741,156.833,156.657,156.8,14392
1716426000,156.801,156.904,156.647,156.735,17268
1716433200,156.737,156.79,156.693,156.72,9543
1716440400,156.719,156.753,156.578,156.647,16268
1716447600,156.646,156.794,156.558,156.758,21015
1716454800,156.756,156.784,156.633,156.71,14371
1716462000,156.711,156.76,156.528,156.751,20812
1716469200,156.75,157.195,156.529,156.994,42664
1716476400,156.993,157.144,156.961,157.046,21349
1716483600,157.047,157.065,156.827,156.896,19058
1716490800,156.897,156.98,156.859,156.939,10471
1716498000,156.886,157.012,156.885,157.008,5691
1716505200,157.007,157.137,156.921,157.037,16618
1716512400,157.037,157.146,156.993,157.065,16395
1716519600,157.065,157.095,157.018,157.08,9571
1716526800,157.081,157.116,156.996,157.038,14485
1716534000,157.037,157.089,157.003,157.025,13371
1716541200,157.024,157.034,156.933,156.979,13617
1716548400,156.974,157.13,156.957,157.075,20134
1716555600,157.075,157.128,156.915,156.988,26379
1716562800,156.982,156.992,156.821,156.915,18610
1716570000,156.915,156.989,156.881,156.979,11477
1716577200,156.977,156.997,156.903,156.967,4842
1716757200,156.868,156.969,156.791,156.86,3789
1716764400,156.858,156.93,156.751,156.834,11548
1716771600,156.837,156.851,156.68,156.726,12709
1716778800,156.727,156.781,156.662,156.772,9201
1716786000,156.771,156.845,156.727,156.821,12251
1716793200,156.821,156.959,156.821,156.947,9774
1716800400,156.947,156.952,156.845,156.858,8617
1716807600,156.859,156.897,156.815,156.824,12080
1716814800,156.822,156.833,156.722,156.722,10901
1716822000,156.724,156.914,156.706,156.898,6013
1716829200,156.899,156.914,156.844,156.872,4076
1716836400,156.87,156.932,156.845,156.916,5042
1716843600,156.807,156.952,156.807,156.923,2831
1716850800,156.924,156.949,156.78,156.897,12715
1716858000,156.899,156.925,156.689,156.755,14593
1716865200,156.752,156.769,156.62,156.688,11480
1716872400,156.687,156.894,156.655,156.883,15706
1716879600,156.882,156.956,156.844,156.871,15989
1716886800,156.871,156.993,156.821,156.865,13426
1716894000,156.865,156.889,156.656,156.678,16855
1716901200,156.679,156.961,156.58,156.867,23827
1716908400,156.868,156.998,156.831,156.969,13181
1716915600,156.97,157.156,156.966,157.153,18093
1716922800,157.153,157.2,157.107,157.192,8903
1716930000,157.101,157.258,157.099,157.216,3951
1716937200,157.214,157.41,157.214,157.375,12794
1716944400,157.374,157.388,157.207,157.291,15546
1716951600,157.29,157.348,157.229,157.256,9683
1716958800,157.255,157.271,156.896,157.097,18750
1716966000,157.098,157.186,157.02,157.1,21452
1716973200,157.1,157.284,157.095,157.233,14098
1716980400,157.233,157.294,157.156,157.198,20437
1716987600,157.197,157.5,157.165,157.496,24865
1716994800,157.496,157.707,157.439,157.683,18961
1717002000,157.684,157.71,157.624,157.669,14937
1717009200,157.67,157.706,157.641,157.667,10665
1717016400,157.577,157.673,157.536,157.644,3594
1717023600,157.639,157.664,157.304,157.365,19546
1717030800,157.367,157.456,157.308,157.341,17016
1717038000,157.342,157.431,157.125,157.185,15700
1717045200,157.186,157.227,156.702,156.741,27037
1717052400,156.741,157.115,156.533,156.947,28855
1717059600,156.947,157.092,156.846,156.922,20953
1717066800,156.922,156.923,156.566,156.646,28228
1717074000,156.646,156.846,156.369,156.593,36398
1717081200,156.592,156.733,156.577,156.697,20560
1717088400,156.698,156.833,156.667,156.826,13145
1717095600,156.828,156.878,156.797,156.809,11568
1717102800,156.764,156.852,156.725,156.802,3726
1717110000,156.803,157.026,156.603,156.74,18065
1717117200,156.74,156.925,156.573,156.813,23434
1717124400,156.813,156.876,156.673,156.704,19086
1717131600,156.705,156.961,156.692,156.931,22060
1717138800,156.931,157.332,156.928,157.297,25871
1717146000,157.298,157.364,157.212,157.242,19914
1717153200,157.243,157.245,156.747,156.858,27222
1717160400,156.858,157.164,156.557,157.161,34803
1717167600,157.159,157.279,157.079,157.181,27300
1717174800,157.183,157.274,157.172,157.266,16502
1717182000,157.264,157.347,157.226,157.265,11312
1717362000,157.102,157.331,157.097,157.291,7275
1717369200,157.289,157.31,157.048,157.088,20629
1717376400,157.089,157.254,156.995,157.235,24014
1717383600,157.234,157.477,157.207,157.412,19960
1717390800,157.412,157.463,157.239,157.256,22613
1717398000,157.255,157.296,157.006,157.058,30408
1717405200,157.056,157.147,156.736,156.741,25958
1717412400,156.741,156.939,156.638,156.782,32912
1717419600,156.781,156.837,156.13,156.2,55792
1717426800,156.201,156.24,155.945,156.069,33318
1717434000,156.068,156.273,156.035,156.221,23901
1717441200,156.222,156.288,156.047,156.071,15327
1717448400,156.026,156.159,156.011,156.156,4591
1717455600,156.157,156.406,155.982,156.388,23272
1717462800,156.389,156.486,156.312,156.377,24164
1717470000,156.376,156.427,156.252,156.298,15385
1717477200,156.299,156.306,155.803,155.952,30901
1717484400,155.952,155.961,155.21,155.304,49586
1717491600,155.303,155.377,154.703,154.932,47697
1717498800,154.934,155.23,154.724,155.122,45336
1717506000,155.121,155.25,154.536,154.882,62255
1717513200,154.88,155.026,154.744,154.785,38056
1717520400,154.787,154.829,154.535,154.709,25989
1717527600,154.709,154.91,154.702,154.894,13261
1717534800,154.809,154.881,154.767,154.857,3968
1717542000,154.859,155.44,154.822,155.226,27576
1717549200,155.228,155.482,155.219,155.48,25534
1717556400,155.481,155.615,155.361,155.584,19922
1717563600,155.586,155.923,155.533,155.898,29681
1717570800,155.897,156.301,155.86,156.248,35177
1717578000,156.247,156.304,155.954,156.07,25364
1717585200,156.069,156.212,155.92,156.094,31745
1717592400,156.094,156.483,155.717,156.316,60426
1717599600,156.315,156.315,156.08,156.123,35698
1717606800,156.121,156.161,156.07,156.098,21226
1717614000,156.099,156.16,156.068,156.113,11191
1717621200,156.049,156.111,155.843,155.886,5919
1717628400,155.884,156.019,155.595,155.65,23410
1717635600,155.651,155.726,155.336,155.65,32716
1717642800,155.651,155.947,155.53,155.733,21598
1717650000,155.732,156.181,155.711,156.064,32178
1717657200,156.063,156.38,156.027,156.161,27724
1717664400,156.16,156.21,155.894,156.036,23265
1717671600,156.037,156.343,155.88,156.281,35643
1717678800,156.282,156.447,155.905,156.028,47699
1717686000,156.027,156.092,155.771,155.799,30983
1717693200,155.799,155.869,155.65,155.675,19006
1717700400,155.676,155.74,155.469,155.615,20126
1717707600,155.524,155.705,155.489,155.62,5042
1717714800,155.617,155.851,155.579,155.775,18800
1717722000,155.775,155.936,155.66,155.813,24201
1717729200,155.813,155.825,155.494,155.58,17470
1717736400,155.576,155.704,155.134,155.361,32976
1717743600,155.359,155.566,155.12,155.357,36057
1717750800,155.355,155.599,155.331,155.575,22662
1717758000,155.573,156.88,155.347,156.778,52069
1717765200,156.779,157.074,156.623,156.869,57092
1717772400,156.871,156.888,156.422,156.666,40029
1717779600,156.666,156.737,156.565,156.636,22199
1717786800,156.636,156.763,156.619,156.756,14792
1717966800,156.647,156.945,156.536,156.903,9646
1717974000,156.9,156.968,156.719,156.839,21662
1717981200,156.837,156.997,156.771,156.98,21885
1717988400,156.981,157.195,156.971,157.124,22311
1717995600,157.122,157.185,157.007,157.104,26605
1718002800,157.103,157.104,156.877,156.957,36082
1718010000,156.958,156.968,156.744,156.827,33198
1718017200,156.828,157.008,156.798,156.978,27898
1718024400,156.978,156.998,156.816,156.903,29626
1718031600,156.903,157.001,156.885,156.993,19914
1718038800,156.994,157.092,156.953,157.079,18652
1718046000,157.077,157.096,156.993,157.033,11525
1718053200,156.991,157.039,156.911,157.034,7531
1718060400,157.037,157.267,157.019,157.216,17746
1718067600,157.215,157.289,157.13,157.288,20394
1718074800,157.289,157.336,157.196,157.266,17598
1718082000,157.267,157.327,157.144,157.278,21700
1718089200,157.278,157.394,157.195,157.22,23144
1718096400,157.219,157.291,157.086,157.096,28976
1718103600,157.095,157.177,156.805,156.89,38538
1718110800,156.891,157.338,156.889,157.321,42370
1718118000,157.319,157.404,157.252,157.382,23555
1718125200,157.381,157.381,157.015,157.015,24843
1718132400,157.014,157.149,156.935,157.137,14458
1718139600,157.05,157.156,157.016,157.142,3289
1718146800,157.134,157.219,157.055,157.182,17679
1718154000,157.183,157.244,157.043,157.186,20554
1718161200,157.185,157.254,157.129,157.242,12890
1718168400,157.243,157.295,157.186,157.287,19856
1718175600,157.286,157.356,157.254,157.304,23507
1718182800,157.304,157.371,157.252,157.327,19769
1718190000,157.327,157.367,156.065,156.162,43767
1718197200,156.166,156.175,155.719,155.78,63281
1718204400,155.779,155.908,155.718,155.799,35006
1718211600,155.797,156.684,155.759,156.602,60046
1718218800,156.604,156.9,156.531,156.724,32315
1718226000,156.694,156.81,156.559,156.804,6132
1718233200,156.804,156.909,156.701,156.793,21895
1718240400,156.794,157.018,156.693,156.997,26660
1718247600,156.995,157.056,156.971,157.045,17546
1718254800,157.046,157.255,157.044,157.151,24653
1718262000,157.152,157.312,157.115,157.257,25245
1718269200,157.258,157.285,157.123,157.175,17761
1718276400,157.174,157.269,156.58,157.025,39489
1718283600,157.026,157.269,156.916,156.943,49731
1718290800,156.942,156.999,156.691,156.849,40198
1718298000,156.848,156.984,156.722,156.895,28760
1718305200,156.894,157.099,156.891,157.006,18267
1718312400,156.951,157.081,156.869,157.08,4739
1718319600,157.079,157.238,157.062,157.204,20418
1718326800,157.205,157.34,157.139,157.328,19692
1718334000,157.329,157.981,156.797,157.946,42485
1718341200,157.945,158.258,157.625,157.958,38980
1718348400,157.958,158.217,157.269,157.492,60990
1718355600,157.492,157.531,156.882,156.958,63223
1718362800,156.958,157.435,156.947,157.251,53307
1718370000,157.25,157.498,157.033,157.381,57928
1718377200,157.38,157.451,157.149,157.315,29377
1718384400,157.313,157.342,157.223,157.277,16537
1718391600,157.276,157.44,157.272,157.39,10613
1718571600,157.272,157.552,157.24,157.518,8627
1718578800,157.52,157.663,157.292,157.453,24675
1718586000,157.454,157.53,157.377,157.445,21085
1718593200,157.445,157.512,157.329,157.383,16437
1718600400,157.383,157.523,157.155,157.35,34467
1718607600,157.351,157.689,157.282,157.65,32187
1718614800,157.649,157.701,157.544,157.631,22847
1718622000,157.629,157.942,157.624,157.895,31698
1718629200,157.896,157.961,157.785,157.856,32947
1718636400,157.856,157.894,157.729,157.786,23338
1718643600,157.785,157.792,157.68,157.702,16308
1718650800,157.703,157.755,157.695,157.718,10671
1718658000,157.701,157.735,157.618,157.707,3774
1718665200,157.704,157.735,157.604,157.683,16182
1718672400,157.683,157.713,157.516,157.651,21821
1718679600,157.652,157.734,157.58,157.716,15005
1718686800,157.715,157.984,157.664,157.963,25377
1718694000,157.963,158.23,157.925,158.151,32443
1718701200,158.152,158.159,157.996,158.106,24864
1718708400,158.104,158.151,157.625,157.834,35852
1718715600,157.832,158.005,157.658,157.971,42352
1718722800,157.97,158.004,157.697,157.71,24786
1718730000,157.71,157.899,157.642,157.796,19583
1718737200,157.795,157.879,157.749,157.85,11681
1718744400,157.797,157.881,157.795,157.859,4125
1718751600,157.855,157.926,157.811,157.882,13171
1718758800,157.882,157.893,157.724,157.831,19998
1718766000,157.832,157.87,157.804,157.853,13793
1718773200,157.853,157.865,157.644,157.666,18437
1718780400,157.667,157.802,157.603,157.799,22843
1718787600,157.8,157.909,157.789,157.832,14215
1718794800,157.833,157.952,157.832,157.882,15370
1718802000,157.883,157.911,157.866,157.898,11589
1718809200,157.898,157.948,157.889,157.933,8129
1718816400,157.934,158.025,157.921,158.021,4864
1718823600,158.017,158.106,157.993,158.083,6649
1718830800,157.971,158.053,157.938,158.003,5392
1718838000,158.002,158.094,157.921,158.034,14037
1718845200,158.033,158.119,157.974,158.078,15263
1718852400,158.078,158.159,158.062,158.146,11303
1718859600,158.147,158.194,158.067,158.123,19767
1718866800,158.123,158.467,158.052,158.436,33162
1718874000,158.437,158.47,158.37,158.42,18546
1718881200,158.42,158.552,158.235,158.548,29025
1718888400,158.545,158.746,158.497,158.727,30684
1718895600,158.728,158.912,158.667,158.859,20537
1718902800,158.858,158.908,158.696,158.799,19206
1718910000,158.797,158.936,158.797,158.922,11896
1718917200,158.901,158.94,158.859,158.898,4615
1718924400,158.897,159.127,158.818,159.105,18565
1718931600,159.106,159.115,158.824,158.957,25303
1718938800,158.957,158.963,158.869,158.886,11997
1718946000,158.885,159.002,158.814,158.962,20186
1718953200,158.962,159.002,158.668,158.83,35624
1718960400,158.831,159.018,158.779,159.003,19922
1718967600,159.004,159.018,158.85,158.928,26112
1718974800,158.929,159.6,158.919,159.576,41562
1718982000,159.58,159.633,159.399,159.48,29475
1718989200,159.479,159.605,159.451,159.541,17707
1718996400,159.54,159.821,159.527,159.82,11700
1719176400,159.675,159.788,159.587,159.716,7377
1719183600,159.717,159.927,159.686,159.797,21544
1719190800,159.796,159.833,159.639,159.706,24283
1719198000,159.706,159.767,159.621,159.754,15052
1719205200,159.753,159.82,159.669,159.675,22189
1719212400,159.678,159.79,159.647,159.788,27332
1719219600,159.787,159.808,158.737,159.507,43826
1719226800,159.508,159.573,159.338,159.392,30432
1719234000,159.392,159.737,159.321,159.722,38239
1719241200,159.721,159.758,159.631,159.729,21598
1719248400,159.729,159.735,159.538,159.635,17730
1719255600,159.635,159.718,159.571,159.618,13755
1719262800,159.508,159.649,159.495,159.643,7494
1719270000,159.643,159.705,159.336,159.393,21459
1719277200,159.396,159.503,159.186,159.326,29927
1719284400,159.327,159.508,159.326,159.429,15900
1719291600,159.431,159.503,159.274,159.476,22538
1719298800,159.48,159.55,159.37,159.478,27259
1719306000,159.477,159.519,159.291,159.43,20958
1719313200,159.429,159.672,159.416,159.666,24862
1719320400,159.667,159.724,159.563,159.688,34579
1719327600,159.689,159.758,159.662,159.746,25841
1719334800,159.747,159.748,159.654,159.671,17526
1719342000,159.672,159.701,159.601,159.669,14200
1719349200,159.644,159.673,159.61,159.673,5036
1719356400,159.672,159.761,159.618,159.721,16050
1719363600,159.72,159.903,159.695,159.835,22046
1719370800,159.838,159.874,159.741,159.752,12455
1719378000,159.752,159.854,159.75,159.821,20195
1719385200,159.821,159.969,159.816,159.957,21692
1719392400,159.957,160.347,159.86,160.3,37493
1719399600,160.3,160.394,160.199,160.352,38201
1719406800,160.352,160.643,160.014,160.609,51720
1719414000,160.609,160.823,160.592,160.637,31621
1719421200,160.637,160.744,160.591,160.701,21388
1719428400,160.702,160.871,160.686,160.809,13016
1719435600,160.771,160.795,160.66,160.698,5214
1719442800,160.697,160.708,160.496,160.691,24113
1719450000,160.693,160.719,160.378,160.456,26519
1719457200,160.457,160.49,160.301,160.339,17343
1719464400,160.336,160.497,160.308,160.419,23842
1719471600,160.419,160.608,160.389,160.555,24225
1719478800,160.555,160.571,160.391,160.436,19089
1719486000,160.436,160.55,160.28,160.399,35362
1719493200,160.397,160.67,160.359,160.593,40900
1719500400,160.592,160.737,160.567,160.712,22467
1719507600,160.711,160.813,160.665,160.766,17562
1719514800,160.765,160.823,160.751,160.77,14879
1719522000,160.716,160.763,160.689,160.72,6117
1719529200,160.719,161.141,160.631,161.12,18858
1719536400,161.114,161.284,160.833,160.936,39181
1719543600,160.932,161.133,160.854,161.038,22120
1719550800,161.036,161.05,160.881,160.936,26629
1719558000,160.935,161.059,160.837,160.914,36883
1719565200,160.913,160.923,160.459,160.464,31546
1719572400,160.463,160.661,160.356,160.512,36445
1719579600,160.511,160.865,160.262,160.827,56918
1719586800,160.828,160.965,160.803,160.85,36831
1719594000,160.851,160.906,160.705,160.805,22557
1719601200,160.805,160.94,160.787,160.888,13855
1719781200,160.663,160.943,160.663,160.82,6968
1719788400,160.821,161.187,160.738,160.995,25920
1719795600,160.995,161.039,160.837,160.899,29789
1719802800,160.9,161.084,160.899,161.074,16406
1719810000,161.073,161.122,160.902,160.902,27143
1719817200,160.901,161.092,160.868,161.01,28573
1719824400,161.012,161.15,160.97,161.123,17156
1719831600,161.125,161.389,161.075,161.353,25411
1719838800,161.352,161.666,160.954,161.655,46042
1719846000,161.654,161.728,161.476,161.52,28202
1719853200,161.52,161.568,161.405,161.521,19611
1719860400,161.519,161.523,161.433,161.45,17063
1719867600,161.377,161.548,161.374,161.434,5242
1719874800,161.435,161.641,161.416,161.523,16536
1719882000,161.524,161.665,161.454,161.618,23353
1719889200,161.617,161.746,161.596,161.677,13548
1719896400,161.678,161.727,161.587,161.674,20472
1719903600,161.674,161.72,161.554,161.589,25591
1719910800,161.591,161.69,161.561,161.609,20353
1719918000,161.61,161.673,161.482,161.514,20842
1719925200,161.514,161.622,161.267,161.439,40580
1719932400,161.44,161.605,161.41,161.579,22399
1719939600,161.577,161.587,161.452,161.491,14317
1719946800,161.49,161.499,161.413,161.466,10034
1719954000,161.402,161.458,161.387,161.422,4967
1719961200,161.422,161.582,161.42,161.562,15166
1719968400,161.563,161.65,161.522,161.646,13895
1719975600,161.647,161.743,161.611,161.716,11862
1719982800,161.715,161.941,161.673,161.812,21896
1719990000,161.812,161.902,161.713,161.847,24980
1719997200,161.847,161.95,161.8,161.94,17043
1720004400,161.941,161.95,161.787,161.824,25305
1720011600,161.824,161.833,160.761,161.329,62054
1720018800,161.331,161.576,161.267,161.535,39275
1720026000,161.537,161.705,161.467,161.663,17052
1720033200,161.662,161.744,161.632,161.702,12758
1720040400,161.65,161.671,161.513,161.602,3835
1720047600,161.596,161.673,161.368,161.441,16817
1720054800,161.441,161.465,161.136,161.447,22825
1720062000,161.448,161.578,161.383,161.499,11908
1720069200,161.5,161.554,161.337,161.349,15916
1720076400,161.35,161.458,161.191,161.245,23930
1720083600,161.244,161.311,161.052,161.06,15679
1720090800,161.061,161.183,160.946,161.136,20605
1720098000,161.136,161.195,160.96,161.061,14841
1720105200,161.062,161.172,161.053,161.133,8238
1720112400,161.136,161.256,161.111,161.248,5288
1720119600,161.251,161.284,161.167,161.256,13838
1720126800,161.212,161.303,161.154,161.271,8335
1720134000,161.264,161.398,160.818,161.074,24561
1720141200,161.072,161.146,160.878,160.965,28232
1720148400,160.965,160.988,160.525,160.642,23982
1720155600,160.643,160.805,160.569,160.771,17792
1720162800,160.772,160.856,160.631,160.738,22415
1720170000,160.738,160.833,160.613,160.801,16076
1720177200,160.8,161.155,160.32,160.943,44132
1720184400,160.945,161.333,160.78,160.962,61078
1720191600,160.962,161.021,160.629,160.886,34921
1720198800,160.887,160.913,160.71,160.722,20051
1720206000,160.721,160.837,160.708,160.802,11500
1720386000,160.683,160.81,160.663,160.769,5179
1720393200,160.764,160.813,160.562,160.611,24112
1720400400,160.614,160.718,160.261,160.372,35369
1720407600,160.372,160.58,160.354,160.539,19217
1720414800,160.538,160.868,160.529,160.836,26574
1720422000,160.837,161.121,160.784,161.092,28366
1720429200,161.091,161.103,160.919,160.936,19128
1720436400,160.937,161.059,160.664,160.693,26387
1720443600,160.694,160.813,160.475,160.616,37538
1720450800,160.615,160.816,160.593,160.73,24098
1720458000,160.729,160.821,160.684,160.789,16472
1720465200,160.788,160.836,160.738,160.835,10857
1720472400,160.779,160.816,160.741,160.787,3341
1720479600,160.786,160.92,160.73,160.893,16899
1720486800,160.892,161.133,160.854,161.007,19731
1720494000,161.006,161.102,160.901,160.962,18126
1720501200,160.963,161.007,160.795,160.827,18729
1720508400,160.826,161.079,160.739,161.053,21106
1720515600,161.053,161.08,160.959,161.018,16207
1720522800,161.017,161.178,161.016,161.131,23500
1720530000,161.13,161.389,160.879,161.364,44655
1720537200,161.362,161.519,161.306,161.321,31762
1720544400,161.32,161.342,161.23,161.313,18866
1720551600,161.311,161.314,161.251,161.302,10800
1720558800,161.273,161.343,161.239,161.328,3655
1720566000,161.329,161.511,161.302,161.463,14844
1720573200,161.466,161.591,161.449,161.506,19761
1720580400,161.507,161.509,161.404,161.444,11013
1720587600,161.443,161.563,161.354,161.367,17396
1720594800,161.367,161.54,161.34,161.512,21062
1720602000,161.512,161.614,161.506,161.545,18665
1720609200,161.545,161.551,161.43,161.449,21274
1720616400,161.449,161.686,161.424,161.662,27064
1720623600,161.663,161.755,161.627,161.689,20214
1720630800,161.688,161.808,161.644,161.776,17581
1720638000,161.777,161.789,161.691,161.691,11640
1720645200,161.632,161.638,161.556,161.592,3432
1720652400,161.592,161.638,161.472,161.566,15131
1720659600,161.567,161.669,161.536,161.656,16255
1720666800,161.655,161.694,161.617,161.686,13375
1720674000,161.686,161.752,161.667,161.731,14143
1720681200,161.732,161.761,161.501,161.53,20726
1720688400,161.53,161.585,161.469,161.548,18824
1720695600,161.549,161.62,158.363,158.653,58260
1720702800,158.655,158.97,157.425,158.556,97095
1720710000,158.553,158.642,158.445,158.566,36553
1720717200,158.567,158.892,158.554,158.741,27516
1720724400,158.742,158.917,158.731,158.892,18304
1720731600,158.769,159.283,158.757,159.263,11850
1720738800,159.262,159.45,157.743,159.081,78681
1720746000,159.079,159.388,158.75,159.311,40506
1720753200,159.306,159.338,159.031,159.112,27664
1720760400,159.113,159.214,158.868,159.138,37958
1720767600,159.137,159.322,159.032,159.105,34289
1720774800,159.104,159.256,159.045,159.112,26571
1720782000,159.111,159.154,158.507,158.809,52392
1720789200,158.808,158.843,157.357,157.718,80290
1720796400,157.718,158.095,157.513,157.878,29841
1720803600,157.877,158.017,157.864,157.918,16296
1720810800,157.919,157.943,157.792,157.882,12352
1720990800,158.085,158.389,157.977,158.341,7676
1720998000,158.339,158.426,157.99,158.115,27938
1721005200,158.114,158.237,157.915,158.03,28009
1721012400,158.027,158.033,157.911,157.995,14639
1721019600,157.995,158.241,157.831,158.107,22839
1721026800,158.106,158.128,157.779,157.818,36400
1721034000,157.817,158.107,157.752,157.954,32741
1721041200,157.955,158.174,157.898,157.964,29959
1721048400,157.962,158.07,157.836,157.862,38255
1721055600,157.863,157.964,157.149,157.714,33088
1721062800,157.713,158.022,157.713,157.852,25462
1721070000,157.853,158.155,157.836,158.075,11715
1721077200,158.031,158.159,157.973,158.128,5243
1721084400,158.129,158.396,158.065,158.365,20609
1721091600,158.363,158.729,158.354,158.695,26447
1721098800,158.696,158.727,158.589,158.641,16127
1721106000,158.641,158.792,158.465,158.574,23847
1721113200,158.573,158.592,158.356,158.47,33735
1721120400,158.47,158.499,158.333,158.436,23073
1721127600,158.435,158.86,158.256,158.756,35643
1721134800,158.762,158.807,158.53,158.59,39531
1721142000,158.589,158.654,158.515,158.542,30137
1721149200,158.541,158.557,158.34,158.353,23293
1721156400,158.354,158.431,158.32,158.404,14514
1721163600,158.331,158.387,158.272,158.342,7104
1721170800,158.339,158.537,158.301,158.487,21844
1721178000,158.486,158.624,158.358,158.416,23921
1721185200,158.415,158.454,158.217,158.218,16952
1721192400,158.217,158.236,157.703,157.814,37556
1721199600,157.816,157.831,156.1,156.244,75684
1721206800,156.237,156.739,156.108,156.738,59083
1721214000,156.739,156.796,156.35,156.565,48682
1721221200,156.564,156.637,156.15,156.5,64201
1721228400,156.5,156.637,156.193,156.303,41626
1721235600,156.302,156.491,156.091,156.105,31917
1721242800,156.108,156.346,156.054,156.184,18628
1721250000,156.164,156.265,155.99,156.16,14946
1721257200,156.16,156.206,155.371,155.738,59067
1721264400,155.739,156.443,155.722,156.313,36627
1721271600,156.313,156.575,156.179,156.343,25393
1721278800,156.343,156.454,155.795,156.123,43293
1721286000,156.129,156.587,155.916,156.463,52504
1721293200,156.462,156.504,156.303,156.395,33735
1721300400,156.397,156.58,156.185,156.435,38119
1721307600,156.434,156.775,156.32,156.756,56299
1721314800,156.756,157.158,156.698,157.145,41904
1721322000,157.146,157.331,157.093,157.283,30075
1721329200,157.282,157.402,157.281,157.365,16754
1721336400,157.344,157.354,157.25,157.267,10508
1721343600,157.266,157.42,157.063,157.213,34081
1721350800,157.214,157.531,157.199,157.42,35741
1721358000,157.421,157.481,157.328,157.479,17501
1721365200,157.477,157.862,157.13,157.26,37551
1721372400,157.257,157.558,156.955,157.261,50420
1721379600,157.259,157.579,157.147,157.456,26324
1721386800,157.456,157.698,157.328,157.675,31130
1721394000,157.674,157.7,157.265,157.34,47747
1721401200,157.341,157.455,157.275,157.413,31497
1721408400,157.415,157.5,157.353,157.489,19774
1721415600,157.488,157.524,157.453,157.517,8003
1721595600,157.38,157.502,157.229,157.268,7533
1721602800,157.267,157.492,157.156,157.426,25896
1721610000,157.427,157.612,157.351,157.55,25679
1721617200,157.551,157.569,157.391,157.441,18220
1721624400,157.444,157.444,156.283,156.45,53884
1721631600,156.448,156.967,156.347,156.796,50512
1721638800,156.797,156.958,156.558,156.838,35346
1721646000,156.825,157.089,156.652,156.793,37199
1721653200,156.804,156.955,156.695,156.876,44598
1721660400,156.875,157.148,156.866,157.073,29306
1721667600,157.074,157.172,157.029,157.068,17954
1721674800,157.068,157.119,157.058,157.061,10996
1721682000,157.001,157.078,156.845,157.042,4746
1721689200,157.037,157.101,156.647,156.656,31171
1721696400,156.658,156.852,156.519,156.634,40465
1721703600,156.635,156.668,156.196,156.308,36058
1721710800,156.305,156.624,156.216,156.587,35080
1721718000,156.586,156.636,155.824,156.012,57419
1721725200,156.011,156.164,155.82,156.047,31824
1721732400,156.047,156.267,155.943,156.03,37287
1721739600,156.033,156.209,155.973,155.981,43674
1721746800,155.98,156.093,155.686,155.784,26305
1721754000,155.784,155.806,155.58,155.627,30459
1721761200,155.628,155.672,155.562,155.595,16143
1721768400,155.557,155.644,155.519,155.635,4749
1721775600,155.634,155.991,155.629,155.826,25793
1721782800,155.825,155.878,155.177,155.257,45865
1721790000,155.256,155.296,154.544,154.608,49640
1721797200,154.608,154.795,154.356,154.586,50782
1721804400,154.586,154.947,154.412,154.861,43590
1721811600,154.862,154.934,154.275,154.564,33013
1721818800,154.562,154.58,153.757,153.811,44342
1721826000,153.813,153.999,153.106,153.268,76959
1721833200,153.27,153.586,153.264,153.471,45000
1721840400,153.472,154.076,153.448,154.006,32846
1721847600,154.004,154.1,153.88,153.895,16423
1721854800,153.838,153.881,153.513,153.598,14366
1721862000,153.596,153.97,152.833,153.246,54567
1721869200,153.248,153.347,152.518,152.638,45318
1721876400,152.638,152.652,152.231,152.621,37266
1721883600,152.619,152.972,152.545,152.85,49745
1721890800,152.849,152.934,151.938,152.704,64176
1721898000,152.703,152.741,152.089,152.209,41157
1721905200,152.208,153.738,152.171,153.521,63956
1721912400,153.518,154.194,153.23,153.644,87698
1721919600,153.643,154.319,153.631,154.027,55205
1721926800,154.026,154.051,153.747,153.787,48785
1721934000,153.79,154.051,153.787,153.942,24729
1721941200,153.906,153.993,153.855,153.902,6677
1721948400,153.9,154.144,153.372,153.922,51796
1721955600,153.919,154.094,153.431,153.92,42187
1721962800,153.921,153.921,153.589,153.681,20973
1721970000,153.678,153.806,153.502,153.638,40897
1721977200,153.637,154.434,153.566,154.301,52391
1721984400,154.303,154.647,154.034,154.567,38070
1721991600,154.566,154.737,154.023,154.217,54030
1721998800,154.217,154.221,153.078,153.501,75041
1722006000,153.505,153.88,153.495,153.784,40212
1722013200,153.784,153.877,153.674,153.731,29204
1722020400,153.73,153.796,153.676,153.761,11573
1722200400,153.655,154.025,153.599,154.019,17394
1722207600,154.022,154.353,153.524,153.655,46761
1722214800,153.657,153.836,153.014,153.418,59377
1722222000,153.419,153.695,153.324,153.415,38310
1722229200,153.415,153.668,153.14,153.355,45967
1722236400,153.353,153.92,153.235,153.689,57047
1722243600,153.687,153.895,153.587,153.682,37274
1722250800,153.683,154.035,153.593,153.888,44021
1722258000,153.888,154.21,153.728,154.047,59515
1722265200,154.047,154.092,153.871,153.942,40740
1722272400,153.942,154.055,153.889,153.99,25806
1722279600,153.986,154.054,153.959,154.03,17764
1722286800,153.942,154.067,153.91,154.018,6851
1722294000,154.019,154.062,153.616,153.961,31191
1722301200,153.962,154.247,153.851,154.022,35715
1722308400,154.021,154.447,153.977,154.44,31642
1722315600,154.44,155.219,154.42,155.05,48096
1722322800,155.045,155.146,154.604,154.665,44012
1722330000,154.664,154.935,154.664,154.733,24321
1722337200,154.734,155.022,154.725,154.94,30521
1722344400,154.94,154.94,154.294,154.602,69400
1722351600,154.601,154.604,153.129,153.237,73686
1722358800,153.237,153.443,152.98,153.258,49186
1722366000,153.258,153.318,152.647,152.757,29624
1722373200,152.74,153.138,152.421,152.883,25396
1722380400,152.874,152.977,152.106,152.374,53064
1722387600,152.373,153.336,152.168,152.886,46520
1722394800,152.886,153.9,151.581,152.554,62188
1722402000,152.547,153.171,152.213,152.226,61504
1722409200,152.227,152.432,150.054,150.925,95257
1722416400,150.921,150.944,150.143,150.511,56713
1722423600,150.511,150.584,149.774,150.333,71304
1722430800,150.332,150.678,149.627,150.434,80301
1722438000,150.433,150.663,150.275,150.561,59127
1722445200,150.56,151.262,150.33,150.444,74921
1722452400,150.447,150.502,149.607,149.969,64761
1722459600,149.956,150.195,149.801,150.175,12205
1722466800,150.175,150.324,149.347,149.44,58442
1722474000,149.438,149.791,148.51,149.767,77973
1722481200,149.767,149.794,149.341,149.686,54239
1722488400,149.685,150.337,149.569,150.026,71942
1722495600,150.026,150.197,149.428,149.697,75370
1722502800,149.703,150.201,149.608,150.03,49399
1722510000,150.03,150.866,149.974,150.86,61032
1722517200,150.862,150.89,149.834,150.049,83838
1722524400,150.048,150.219,149.679,149.894,62125
1722531600,149.895,149.945,149.532,149.557,51088
1722538800,149.554,149.842,149.286,149.348,35348
1722546000,149.332,149.441,148.984,149.312,18195
1722553200,149.312,149.415,148.872,149.38,61987
1722560400,149.385,149.779,149.232,149.571,56841
1722567600,149.579,149.648,149.253,149.26,37073
1722574800,149.258,149.374,148.802,148.852,59093
1722582000,148.851,149.322,148.624,149.071,65260
1722589200,149.071,149.094,148.729,148.795,36061
1722596400,148.799,149.121,147.016,147.445,74562
1722603600,147.441,148.165,146.546,146.673,126648
1722610800,146.67,147.459,146.415,146.848,94868
1722618000,146.849,146.956,146.439,146.497,54180
1722625200,146.496,146.692,146.444,146.573,29085
1722805200,146.57,146.57,145.976,146.318,21672
1722812400,146.312,146.347,145.175,145.516,87369
1722819600,145.516,145.594,144.763,145.133,78914
1722826800,145.134,145.154,142.176,143.168,76750
1722834000,143.167,143.554,141.671,142.742,99476
1722841200,142.745,143.992,142.006,142.402,83292
1722848400,142.397,142.58,141.748,142.374,63663
1722855600,142.375,142.968,141.839,142.251,73127
1722862800,142.252,143.857,142.1,142.656,101826
1722870000,142.659,144.895,142.332,144.182,83825
1722877200,144.183,144.612,143.392,143.46,53562
1722884400,143.458,144.28,143.449,144.169,37489
1722891600,144.136,144.862,143.623,144.767,19447
1722898800,144.766,146.37,144.764,145.04,72437
1722906000,145.042,145.492,144.299,145.307,48274
1722913200,145.308,145.918,145.107,145.517,39083
1722920400,145.529,146.295,145.11,145.637,72066
1722927600,145.639,145.937,144.474,144.922,90976
1722934800,144.915,145.12,144.345,144.896,76962
1722942000,144.894,145.461,144.482,144.6,81037
1722949200,144.598,144.992,144.047,144.504,96613
1722956400,144.502,145.423,144.502,145.371,73957
1722963600,145.376,145.389,145.005,145.005,49473
1722970800,145.006,145.076,144.165,144.359,46514
1722978000,144.285,144.735,144.254,144.559,16997
1722985200,144.561,145.258,144.378,144.729,54068
1722992400,144.731,147.495,144.562,146.836,69415
1722999600,146.836,147.903,146.634,147.62,44372
1723006800,147.616,147.814,146.433,146.582,70217
1723014000,146.578,147.231,146.085,147.2,77306
1723021200,147.202,147.638,147.042,147.193,61388
1723028400,147.193,147.509,146.866,146.995,51261
1723035600,146.996,147.4,146.652,147.273,70106
1723042800,147.275,147.689,147.066,147.181,59359
1723050000,147.183,147.402,146.683,146.845,66285
1723057200,146.847,147.194,146.709,146.711,41242
1723064400,146.65,146.784,146.354,146.526,13710
1723071600,146.522,146.542,145.43,146.004,79490
1723078800,146.008,146.875,145.955,146.596,70461
1723086000,146.595,146.722,145.907,146.139,56948
1723093200,146.139,146.403,145.875,146.199,76057
1723100400,146.202,146.276,145.626,146.197,75487
1723107600,146.196,146.491,146.016,146.108,59221
1723114800,146.107,147.298,145.942,147.063,76286
1723122000,147.064,147.544,146.918,147.293,79116
1723129200,147.294,147.306,147.016,147.246,49753
1723136400,147.245,147.435,147.149,147.214,39546
1723143600,147.213,147.29,147.094,147.279,30558
1723150800,147.208,147.315,147.158,147.276,14281
1723158000,147.276,147.815,147.202,147.489,64100
1723165200,147.487,147.619,147.023,147.492,52287
1723172400,147.491,147.569,146.818,146.888,38968
1723179600,146.887,147.216,146.717,147.201,58331
1723186800,147.201,147.323,146.918,147.208,60057
1723194000,147.207,147.288,147.037,147.139,42017
1723201200,147.141,147.155,146.505,146.777,57972
1723208400,146.777,146.793,146.266,146.543,65788
1723215600,146.543,146.735,146.444,146.612,49844
1723222800,146.612,146.767,146.594,146.614,40711
1723230000,146.613,146.698,146.557,146.656,20423
1723410000,146.581,147,146.557,146.991,14462
1723417200,146.99,147.127,146.799,146.859,29596
1723424400,146.859,146.999,146.697,146.938,28752
1723431600,146.937,147.224,146.881,147.126,32262
1723438800,147.125,147.283,147.09,147.227,35678
1723446000,147.227,147.446,147.089,147.361,43379
1723453200,147.36,147.439,147.208,147.419,27951
1723460400,147.419,147.739,147.385,147.717,33385
1723467600,147.716,148.224,147.661,147.876,65327
1723474800,147.877,147.893,147.236,147.355,53531
1723482000,147.351,147.351,147.074,147.301,45953
1723489200,147.3,147.322,147.043,147.201,28394
1723496400,147.192,147.239,147.115,147.138,12306
1723503600,147.138,147.304,146.915,147.268,37280
1723510800,147.267,147.515,147.231,147.378,38087
1723518000,147.378,147.796,147.31,147.715,32427
1723525200,147.719,147.951,147.552,147.885,36316
1723532400,147.885,147.946,147.668,147.844,43258
1723539600,147.845,147.922,147.531,147.531,34579
1723546800,147.532,147.613,147.048,147.404,57551
1723554000,147.404,147.471,146.844,146.998,76716
1723561200,146.998,147.095,146.702,146.735,46743
1723568400,146.736,146.911,146.646,146.672,41144
1723575600,146.669,146.9,146.596,146.847,40518
1723582800,146.796,146.882,146.731,146.827,9519
1723590000,146.828,147.146,146.778,147.097,36920
1723597200,147.096,147.187,146.07,146.463,58566
1723604400,146.463,147.068,146.331,146.868,50194
1723611600,146.869,147.316,146.774,147.189,45079
1723618800,147.19,147.5,147.099,147.112,48206
1723626000,147.113,147.162,146.842,146.868,34188
1723633200,146.868,147.581,146.505,147.314,54157
1723640400,147.315,147.445,146.574,146.761,82396
1723647600,146.762,146.97,146.636,146.945,45610
1723654800,146.944,147.266,146.931,147.244,31798
1723662000,147.243,147.441,147.204,147.317,21988
1723669200,147.243,147.31,147.147,147.288,8205
1723676400,147.284,147.407,147.153,147.23,33969
1723683600,147.23,147.617,147.2,147.464,42891
1723690800,147.464,147.476,147.233,147.271,25954
1723698000,147.269,147.35,147.054,147.165,32455
1723705200,147.165,147.396,147.097,147.338,36827
1723712400,147.336,147.447,147.202,147.233,28555
1723719600,147.225,149.159,147.18,148.959,54386
1723726800,148.961,149.328,148.78,149.037,82142
1723734000,149.033,149.052,148.849,149.043,36422
1723741200,149.043,149.188,148.956,149.008,27723
1723748400,149.005,149.385,148.968,149.286,22556
1723755600,149.258,149.336,149.032,149.262,10861
1723762800,149.254,149.275,148.907,149.153,36169
1723770000,149.15,149.231,148.741,148.879,43902
1723777200,148.876,149.01,148.789,148.864,25381
1723784400,148.861,149.097,148.848,149.061,31474
1723791600,149.056,149.063,148.655,148.712,40481
1723798800,148.712,148.768,148.323,148.355,37071
1723806000,148.356,148.358,147.615,147.687,56679
1723813200,147.688,148.261,147.622,148,67944
1723820400,148.001,148.269,147.975,148.003,40088
1723827600,148.003,148.012,147.643,147.672,28525
1723834800,147.672,147.723,147.572,147.603,15290
1724014800,147.542,147.912,147.54,147.86,12774
1724022000,147.858,148.052,147.732,147.818,35945
1724029200,147.817,147.881,147.303,147.35,47729
1724036400,147.35,147.376,145.86,146.19,56510
1724043600,146.19,146.3,145.185,145.872,70758
1724050800,145.872,146.255,145.671,146.079,67964
1724058000,146.085,146.526,145.963,146.35,53502
1724065200,146.351,146.388,145.931,146.216,51119
1724072400,146.217,146.679,146.191,146.365,68746
1724079600,146.366,146.715,146.355,146.501,40353
1724086800,146.5,146.689,146.457,146.655,30807
1724094000,146.656,146.695,146.553,146.603,24842
1724101200,146.557,146.65,146.539,146.632,4304
1724108400,146.632,146.87,146.179,146.345,46151
1724115600,146.344,147.104,145.846,147.003,59914
1724122800,147.003,147.164,146.786,146.929,40744
1724130000,146.929,147.345,146.904,147.045,47809
1724137200,147.047,147.196,146.233,146.521,69856
1724144400,146.522,146.559,146.328,146.448,42920
1724151600,146.45,146.561,146.125,146.17,49857
1724158800,146.172,146.296,145.52,145.598,74296
1724166000,145.599,145.868,145.371,145.395,49773
1724173200,145.394,145.538,145.343,145.385,30668
1724180400,145.384,145.431,145.195,145.262,18849
1724187600,145.203,145.227,144.989,145.128,17903
1724194800,145.124,145.552,144.932,145.451,56598
1724202000,145.444,145.591,145.256,145.392,57774
1724209200,145.391,145.762,145.363,145.674,37962
1724216400,145.674,145.981,145.512,145.952,44200
1724223600,145.953,146.227,145.69,146.034,57391
1724230800,146.033,146.229,145.951,146.173,40942
1724238000,146.172,146.202,145.734,145.777,46442
1724245200,145.772,146.882,145.409,145.644,98249
1724252400,145.645,145.65,145.032,145.192,64974
1724259600,145.191,145.222,144.453,144.746,47806
1724266800,144.745,145.297,144.738,145.279,32785
1724274000,145.09,145.197,144.889,144.892,11327
1724281200,144.89,145.44,144.846,145.334,41044
1724288400,145.333,145.643,145.218,145.445,40769
1724295600,145.446,145.481,144.984,145.133,36859
1724302800,145.132,145.455,145.011,145.379,39671
1724310000,145.383,145.674,145.086,145.638,51282
1724317200,145.636,145.889,145.557,145.762,38116
1724324400,145.767,146.347,145.739,146.05,49933
1724331600,146.048,146.527,145.824,146.235,74359
1724338800,146.236,146.354,145.876,146.329,47722
1724346000,146.327,146.495,146.198,146.222,38712
1724353200,146.224,146.373,146.177,146.303,19402
1724360400,146.266,146.278,146.15,146.18,7472
1724367600,146.181,146.337,145.892,146.075,42903
1724374800,146.075,146.131,145.291,145.601,56958
1724382000,145.599,145.901,145.478,145.772,33822
1724389200,145.77,145.798,145.289,145.455,38198
1724396400,145.454,146.028,145.413,145.931,49521
1724403600,145.932,146.175,145.926,146.019,33897
1724410800,146.018,146.183,145.937,145.986,39798
1724418000,145.991,146.481,144.949,145.21,93147
1724425200,145.208,145.215,144.599,144.849,74375
1724432400,144.848,144.855,144.129,144.293,43989
1724439600,144.294,144.385,144.045,144.372,25144
1724619600,144.237,144.343,143.845,143.902,19696
1724626800,143.902,144.055,143.445,143.715,63882
1724634000,143.713,143.992,143.444,143.93,54402
1724641200,143.927,144.091,143.739,144.043,39230
1724648400,144.044,144.217,143.686,143.765,44472
1724655600,143.766,143.964,143.6,143.862,45200
1724662800,143.862,144.124,143.822,144.034,27115
1724670000,144.034,144.368,143.912,143.937,47035
1724677200,143.936,144.458,143.854,144.147,64509
1724684400,144.148,144.607,144.132,144.46,41478
1724691600,144.461,144.653,144.316,144.504,31727
1724698800,144.504,144.611,144.455,144.519,17363
1724706000,144.508,144.526,144.317,144.366,8167
1724713200,144.368,144.862,144.233,144.844,31153
1724720400,144.845,144.961,144.604,144.87,34293
1724727600,144.872,144.975,144.623,144.638,28471
1724734800,144.637,144.893,144.573,144.824,36789
1724742000,144.832,145.175,144.774,145.062,50635
1724749200,145.06,145.076,144.678,144.78,40410
1724756400,144.779,144.885,144.335,144.391,51598
1724763600,144.392,144.509,144.152,144.255,69477
1724770800,144.255,144.369,144.101,144.137,41587
1724778000,144.137,144.168,143.915,144.017,33038
1724785200,144.017,144.07,143.925,143.953,20278
1724792400,143.918,143.994,143.682,143.867,14046
1724799600,143.861,144.247,143.723,144.109,38494
1724806800,144.112,144.463,144.088,144.442,43909
1724814000,144.441,144.541,144.323,144.354,31797
1724821200,144.353,144.606,144.288,144.533,43259
1724828400,144.533,144.579,144.319,144.347,45766
1724835600,144.348,144.492,144.061,144.413,40256
1724842800,144.412,144.777,144.27,144.706,42446
1724850000,144.707,145.042,144.441,144.49,61772
1724857200,144.489,144.758,144.347,144.739,49480
1724864400,144.739,144.811,144.51,144.653,40018
1724871600,144.65,144.773,144.414,144.584,33737
1724878800,144.513,144.524,144.279,144.298,16330
1724886000,144.296,144.598,144.219,144.43,41122
1724893200,144.429,144.697,144.343,144.587,40194
1724900400,144.586,144.719,144.46,144.672,32682
1724907600,144.671,144.863,144.461,144.582,41709
1724914800,144.578,144.846,144.469,144.689,56147
1724922000,144.688,144.737,144.441,144.488,44374
1724929200,144.486,145.424,144.462,145.396,58279
1724936400,145.395,145.554,145.186,145.348,76116
1724943600,145.347,145.393,144.902,145.004,47698
1724950800,145.005,145.027,144.727,144.779,41679
1724958000,144.779,145.012,144.755,144.979,42996
1724965200,144.937,145.026,144.838,144.903,7791
1724972400,144.899,145.074,144.649,144.726,31739
1724979600,144.725,144.879,144.684,144.769,36952
1724986800,144.772,144.888,144.747,144.846,22837
1724994000,144.846,145.092,144.79,144.954,28573
1725001200,144.952,145.133,144.819,145.117,32373
1725008400,145.118,145.297,145.019,145.287,31667
1725015600,145.287,145.749,145.227,145.631,46854
1725022800,145.628,145.721,145.316,145.588,70931
1725030000,145.589,146.25,145.557,146.225,55318
1725037200,146.227,146.245,146.049,146.095,32011
1725044400,146.097,146.245,146.071,146.202,22055
1725224400,146.03,146.45,146.029,146.45,7447
1725231600,146.446,146.601,146.162,146.191,39947
1725238800,146.192,146.281,145.897,145.97,36573
1725246000,145.972,146.012,145.774,145.934,30114
1725253200,145.933,146.297,145.927,146.161,31548
1725260400,146.155,146.848,146.123,146.702,49666
1725267600,146.701,146.809,146.599,146.807,30636
1725274800,146.809,146.994,146.749,146.982,27489
1725282000,146.98,147.18,146.831,146.961,33330
1725289200,146.957,147.07,146.804,146.817,16558
1725296400,146.818,146.909,146.816,146.902,3447
1725303600,146.901,146.924,146.851,146.904,5242
1725310800,146.843,146.965,146.825,146.951,4175
1725318000,146.95,147.211,146.668,147.126,35968
1725325200,147.124,147.146,146.564,146.64,49450
1725332400,146.641,146.735,146.39,146.534,46308
1725339600,146.535,146.595,145.992,146.018,46630
1725346800,146.017,146.247,145.611,145.81,67792
1725354000,145.802,146.067,145.79,146.035,40169
1725361200,146.035,146.288,145.874,145.885,41781
1725368400,145.883,145.924,145.104,145.566,90038
1725375600,145.565,145.922,145.565,145.766,47571
1725382800,145.767,145.91,145.735,145.805,27980
1725390000,145.805,145.837,145.445,145.467,30479
1725397200,145.451,145.559,145.271,145.339,11391
1725404400,145.341,145.553,144.889,145.177,55212
1725411600,145.176,145.538,145.145,145.446,47452
1725418800,145.447,145.551,145.212,145.252,32902
1725426000,145.25,145.316,144.855,144.876,52832
1725433200,144.877,145.231,144.75,145.207,54232
1725440400,145.21,145.27,144.935,145.069,34766
1725447600,145.068,145.216,144.861,145.075,45780
1725454800,145.072,145.149,143.999,144.121,92043
1725462000,144.12,144.419,144.011,144.047,61245
1725469200,144.05,144.127,143.856,143.891,42017
1725476400,143.883,143.947,143.71,143.729,37663
1725483600,143.674,143.748,143.512,143.623,9015
1725490800,143.616,143.804,143.184,143.72,51586
1725498000,143.721,143.908,143.429,143.832,47434
1725505200,143.832,143.88,143.488,143.577,33081
1725512400,143.576,143.6,143.046,143.238,50502
1725519600,143.238,143.75,143.225,143.573,55933
1725526800,143.574,143.648,143.426,143.492,36440
1725534000,143.491,143.603,142.846,143.099,59024
1725541200,143.098,144.231,143.037,143.919,85045
1725548400,143.918,144.027,143.368,143.435,58804
1725555600,143.436,143.486,143.195,143.417,37478
1725562800,143.418,143.509,143.309,143.449,33981
1725570000,143.418,143.456,143.323,143.414,5245
1725577200,143.414,143.483,143.152,143.177,34373
1725584400,143.177,143.365,143.099,143.2,27598
1725591600,143.198,143.228,142.887,142.994,24600
1725598800,142.995,143.004,142.253,142.394,54483
1725606000,142.393,142.727,142.056,142.615,60835
1725613200,142.614,142.96,142.594,142.854,35354
1725620400,142.854,144.038,141.978,142.987,72374
1725627600,142.991,143.896,142.213,142.441,119850
1725634800,142.442,142.755,141.766,142.446,115181
1725642000,142.448,142.694,142.234,142.359,61868
1725649200,142.362,142.478,142.251,142.319,32241
1725829200,142.258,142.358,141.944,142.146,15480
1725836400,142.141,142.744,142.091,142.698,54849
1725843600,142.698,142.987,142.612,142.821,47600
1725850800,142.822,143.097,142.639,142.977,39392
1725858000,142.976,143.072,142.775,143.005,51640
1725865200,143.006,143.435,143.006,143.382,55991
1725872400,143.381,143.778,143.266,143.667,42024
1725879600,143.668,143.796,143.094,143.23,44891
1725886800,143.233,143.235,142.651,142.739,69886
1725894000,142.739,143.014,142.714,142.882,43567
1725901200,142.881,142.916,142.71,142.812,34650
1725908400,142.812,143.167,142.779,143.162,25225
1725915600,143.132,143.142,142.851,143.043,7952
1725922800,143.055,143.486,143.053,143.472,39229
1725930000,143.472,143.547,143.189,143.404,37871
1725937200,143.405,143.429,143.051,143.081,26203
1725944400,143.081,143.454,143.033,143.399,35318
1725951600,143.398,143.711,143.337,143.513,50125
1725958800,143.516,143.52,142.95,143.041,39554
1725966000,143.044,143.192,142.749,142.866,47439
1725973200,142.87,143.114,142.531,142.718,73376
1725980400,142.717,142.73,142.19,142.463,57635
1725987600,142.463,142.569,142.22,142.349,40193
1725994800,142.349,142.491,142.292,142.451,29746
1726002000,142.396,142.473,142.324,142.449,7812
1726009200,142.442,142.472,142.023,142.29,40508
1726016400,142.289,142.426,141.5,141.834,59231
1726023600,141.835,141.962,140.891,141.091,51209
1726030800,141.087,141.452,140.709,141.374,57703
1726038000,141.375,141.699,141.168,141.533,61870
1726045200,141.534,141.692,141.291,141.578,44031
1726052400,141.578,142.549,141.505,142.291,71480
1726059600,142.295,142.495,141.246,141.425,103599
1726066800,141.425,142.036,141.381,141.945,74368
1726074000,141.947,142.323,141.897,142.201,54617
1726081200,142.2,142.457,142.192,142.356,36918
1726088400,142.282,142.47,142.226,142.458,6473
1726095600,142.458,142.951,142.441,142.685,41903
1726102800,142.685,142.71,142.257,142.531,58642
1726110000,142.531,142.843,142.35,142.787,30727
1726117200,142.786,142.917,142.466,142.577,47722
1726124400,142.578,143.043,142.533,142.583,60970
1726131600,142.587,142.778,142.518,142.621,39306
1726138800,142.621,142.643,141.961,142.1,68170
1726146000,142.097,142.667,141.907,142.483,46248
1726153200,142.477,142.656,142.195,142.52,29135
1726160400,142.516,142.565,141.912,142.026,24820
1726167600,142.024,142.093,141.726,141.807,21623
1726174800,141.779,141.87,141.695,141.844,3894
1726182000,141.842,141.842,141.166,141.196,22807
1726189200,141.196,141.293,140.774,141.037,24134
1726196400,141.046,141.132,140.644,140.958,18667
1726203600,140.956,141.176,140.746,141.088,24929
1726210800,141.089,141.415,140.41,140.704,29986
1726218000,140.692,140.735,140.358,140.699,26763
1726225200,140.698,141.017,140.599,140.729,26778
1726232400,140.728,140.771,140.278,140.641,34795
1726239600,140.639,140.942,140.344,140.812,26550
1726246800,140.813,141.01,140.77,140.932,20193
1726254000,140.934,140.968,140.878,140.879,12699
1726434000,140.758,140.906,140.46,140.695,7228
1726441200,140.688,140.901,140.421,140.527,17029
1726448400,140.522,140.588,140.444,140.535,17249
1726455600,140.534,140.542,139.949,140.218,20457
1726462800,140.218,140.289,139.719,139.852,20940
1726470000,139.856,139.947,139.576,139.852,26918
1726477200,139.85,140.275,139.826,140.124,21464
1726484400,140.12,140.446,139.753,140.238,25511
1726491600,140.227,140.709,140.211,140.447,30494
1726498800,140.448,140.911,140.427,140.641,23649
1726506000,140.64,140.769,140.601,140.715,15264
1726513200,140.714,140.884,140.573,140.607,13939
1726520400,140.591,140.867,140.581,140.862,3576
1726527600,140.864,141.243,140.477,140.662,21323
1726534800,140.665,140.667,140.321,140.577,22329
1726542000,140.587,140.751,140.46,140.679,17382
1726549200,140.68,140.804,140.503,140.682,19022
1726556400,140.681,140.7,140.349,140.572,23996
1726563600,140.574,140.684,140.475,140.669,17823
1726570800,140.665,141.133,140.482,140.973,24742
1726578000,140.973,141.903,140.87,141.702,35422
1726585200,141.698,141.998,141.581,141.736,25302
1726592400,141.734,142.002,141.719,141.809,22927
1726599600,141.81,142.47,141.782,142.397,18483
1726606800,142.379,142.394,142.011,142.048,4604
1726614000,142.054,142.101,141.571,141.65,20699
1726621200,141.651,141.764,141.38,141.47,21953
1726628400,141.47,141.558,141.223,141.319,16227
1726635600,141.32,141.705,141.28,141.547,20058
1726642800,141.549,141.998,141.53,141.712,23542
1726650000,141.711,141.813,141.548,141.608,19459
1726657200,141.606,142.064,141.56,141.926,22748
1726664400,141.919,142.067,141.676,142.002,26989
1726671600,142.001,142.038,141.839,141.884,20909
1726678800,141.88,142.066,140.438,141.132,32393
1726686000,141.131,142.713,141.131,142.278,32987
1726693200,142.232,142.28,141.88,142.11,6351
1726700400,142.111,143.593,142.111,143.488,28359
1726707600,143.489,143.943,143.172,143.202,30622
1726714800,143.205,143.322,142.949,143.178,23279
1726722000,143.178,143.2,142.107,142.247,27180
1726729200,142.248,142.92,142.041,142.793,30937
1726736400,142.791,143.175,142.684,142.831,26234
1726743600,142.827,143.762,142.712,143.756,31850
1726750800,143.759,143.768,142.801,142.912,37709
1726758000,142.914,143.134,142.732,143.037,24793
1726765200,143.036,143.117,142.53,142.662,20635
1726772400,142.663,142.747,142.527,142.63,18457
1726779600,142.607,142.671,142.521,142.665,4299
1726786800,142.66,142.932,142.406,142.409,19826
1726794000,142.41,142.775,142.145,142.467,24837
1726801200,142.473,142.484,141.959,142.186,22317
1726808400,142.187,143.043,141.735,142.979,25956
1726815600,142.984,143.88,142.814,143.809,34152
1726822800,143.806,144.269,143.642,144.256,26052
1726830000,144.263,144.426,143.575,143.669,26875
1726837200,143.67,144.445,143.465,144.421,34391
1726844400,144.423,144.496,143.647,143.755,30679
1726851600,143.755,144.155,143.738,143.873,22574
1726858800,143.875,144.051,143.719,143.905,16107
1727038800,143.875,144.046,143.697,143.926,8090
1727046000,143.925,144.26,143.808,144.128,18350
1727053200,144.137,144.458,144.137,144.358,19768
1727060400,144.359,144.401,144.178,144.258,11975
1727067600,144.256,144.32,143.868,143.991,19442
1727074800,143.993,144.046,143.435,143.588,34775
1727082000,143.584,143.747,143.279,143.37,24740
1727089200,143.37,143.876,143.164,143.773,25780
1727096400,143.774,144.346,143.475,143.77,33996
1727103600,143.768,143.942,143.311,143.346,28563
1727110800,143.34,143.436,143.25,143.322,19772
1727118000,143.321,143.645,143.321,143.603,14755
1727125200,143.486,143.701,143.484,143.629,4400
1727132400,143.63,143.779,143.407,143.551,19749
1727139600,143.55,143.911,143.373,143.669,25651
1727146800,143.67,143.943,143.566,143.843,20192
1727154000,143.851,144.467,143.839,144.427,25899
1727161200,144.43,144.681,144.216,144.29,29480
1727168400,144.288,144.48,143.876,143.938,21479
1727175600,143.936,144.168,143.784,143.967,25756
1727182800,143.969,144.207,143.432,143.671,33594
1727190000,143.672,143.868,143.401,143.462,22592
1727197200,143.462,143.709,143.273,143.384,16871
1727204400,143.382,143.434,143.112,143.219,14247
1727211600,143.185,143.25,142.894,143.044,5301
1727218800,143.036,143.309,142.906,143.175,19453
1727226000,143.151,143.495,143.099,143.35,22809
1727233200,143.347,143.452,143.222,143.254,17151
1727240400,143.255,143.738,143.179,143.68,21288
1727247600,143.69,144.065,143.572,143.938,24355
1727254800,143.936,144.299,143.907,144.283,20690
1727262000,144.278,144.442,144.145,144.199,23648
1727269200,144.2,144.399,143.858,144.357,29950
1727276400,144.358,144.607,144.31,144.53,24021
1727283600,144.529,144.745,144.484,144.678,21928
1727290800,144.683,144.843,144.609,144.748,13924
1727298000,144.728,144.734,144.559,144.65,6762
1727305200,144.654,144.764,144.443,144.496,17849
1727312400,144.488,144.945,144.475,144.837,19246
1727319600,144.838,145.039,144.625,144.692,15985
1727326800,144.693,144.87,144.616,144.833,22250
1727334000,144.835,145.198,144.677,144.827,29811
1727341200,144.824,144.964,144.338,144.361,23403
1727348400,144.352,144.724,144.108,144.562,26033
1727355600,144.568,145.215,144.307,144.834,34794
1727362800,144.834,144.948,144.61,144.855,25544
1727370000,144.856,144.86,144.534,144.617,20762
1727377200,144.611,144.897,144.51,144.798,14401
1727384400,144.776,144.973,144.741,144.877,4277
1727391600,144.874,145.477,144.874,145.462,22088
1727398800,145.459,145.574,144.966,145.09,24903
1727406000,145.09,145.802,144.979,145.791,19142
1727413200,145.782,146.489,143.132,143.174,35889
1727420400,143.175,143.769,142.773,143.145,33942
1727427600,143.131,143.494,142.962,143.226,27072
1727434800,143.229,143.367,142.5,142.517,28181
1727442000,142.519,143.073,142.385,142.859,34592
1727449200,142.861,143.082,142.409,142.513,28924
1727456400,142.514,142.605,142.079,142.169,24086
1727463600,142.169,142.276,142.067,142.267,15633
1727643600,142.206,142.709,142.128,142.677,7134
1727650800,142.675,142.954,142.459,142.687,24317
1727658000,142.685,142.846,142.269,142.521,25107
1727665200,142.52,142.527,142.081,142.127,18056
1727672400,142.126,142.158,141.645,142.051,26395
1727679600,142.044,142.581,141.917,142.529,27976
1727686800,142.534,142.796,142.449,142.602,21123
1727694000,142.601,142.992,142.405,142.945,23528
1727701200,142.947,143.192,142.746,143.032,32371
1727708400,143.03,143.37,142.997,143.111,24787
1727715600,143.111,143.912,142.937,143.685,26704
1727722800,143.685,143.911,143.608,143.621,20394
1727730000,143.612,143.698,143.525,143.559,4115
1727737200,143.551,144.123,143.37,143.965,20830
1727744400,143.965,144.129,143.658,144.009,21193
1727751600,144.008,144.398,143.952,144.277,16759
1727758800,144.277,144.529,144.186,144.335,21491
1727766000,144.341,144.35,143.699,143.806,33633
1727773200,143.806,143.835,143.624,143.738,24800
1727780400,143.736,144.069,143.558,144.04,26356
1727787600,144.039,144.07,142.971,143.605,37379
1727794800,143.606,143.918,143.274,143.635,30536
1727802000,143.633,143.917,143.322,143.669,25702
1727809200,143.668,143.746,143.499,143.557,19475
1727816400,143.525,143.603,143.425,143.514,4451
1727823600,143.515,143.885,143.508,143.818,19156
1727830800,143.818,144.028,143.561,144.004,20117
1727838000,144.001,144.189,143.574,143.731,19766
1727845200,143.732,144.023,143.529,143.896,27567
1727852400,143.905,144.328,143.905,144.326,25401
1727859600,144.325,144.857,144.076,144.792,23960
1727866800,144.794,145.446,144.62,145.366,28439
1727874000,145.368,146.262,145.297,146.19,32498
1727881200,146.19,146.258,145.908,146.03,25191
1727888400,146.025,146.374,145.967,146.328,17143
1727895600,146.326,146.516,146.297,146.462,14566
1727902800,146.387,146.896,146.286,146.597,7370
1727910000,146.6,147.055,146.431,146.989,22954
1727917200,146.99,147.244,146.682,146.782,23470
1727924400,146.783,146.964,146.677,146.722,17488
1727931600,146.714,146.813,146.474,146.726,24426
1727938800,146.708,146.86,146.301,146.751,27425
1727946000,146.753,146.988,146.745,146.833,21463
1727953200,146.835,146.994,146.512,146.773,25612
1727960400,146.78,147.181,146.471,146.776,34912
1727967600,146.777,146.928,146.603,146.718,23151
1727974800,146.718,146.882,146.577,146.869,16223
1727982000,146.859,146.969,146.76,146.96,13645
1727989200,146.838,146.901,146.774,146.854,3176
1727996400,146.856,146.934,146.616,146.645,16718
1728003600,146.644,146.681,146.393,146.411,19899
1728010800,146.404,146.499,146.153,146.231,17673
1728018000,146.23,146.307,145.919,146.225,20687
1728025200,146.224,146.413,146.178,146.34,24260
1728032400,146.342,146.563,146.34,146.496,22306
1728039600,146.494,148.69,146.442,148.645,30890
1728046800,148.643,148.804,148.31,148.499,41346
1728054000,148.5,149.003,148.427,148.938,30249
1728061200,148.934,148.954,148.757,148.872,21169
1728068400,148.864,148.895,148.643,148.648,13157
1728248400,148.69,149.13,148.675,148.94,8247
1728255600,148.939,149.112,148.36,148.424,25103
1728262800,148.425,148.585,148.218,148.583,26376
1728270000,148.583,148.651,148.337,148.54,19216
1728277200,148.54,148.615,148.338,148.387,24315
1728284400,148.38,148.449,148.06,148.32,32119
1728291600,148.316,148.649,148.212,148.635,25291
1728298800,148.639,148.686,148.026,148.172,30974
1728306000,148.173,148.245,147.836,148.222,36515
1728313200,148.224,148.277,147.992,148.003,24547
1728320400,148.002,148.104,147.884,148.104,18999
1728327600,148.102,148.208,148.025,148.179,17700
1728334800,148.112,148.178,147.584,147.695,5527
1728342000,147.688,148.191,147.688,147.821,24233
1728349200,147.825,147.941,147.511,147.69,29597
1728356400,147.69,148.103,147.686,148.079,20186
1728363600,148.078,148.163,147.838,147.989,26314
1728370800,147.995,148.063,147.344,147.839,31748
1728378000,147.84,147.997,147.72,147.876,22453
1728385200,147.878,148.18,147.811,148.038,25343
1728392400,148.048,148.338,147.951,148.312,31682
1728399600,148.314,148.361,148.037,148.15,23822
1728406800,148.151,148.368,148.151,148.354,19280
1728414000,148.354,148.379,148.161,148.194,15822
1728421200,148.181,148.308,148.173,148.202,2311
1728428400,148.203,148.317,148.012,148.227,16018
1728435600,148.233,148.432,148.076,148.272,22059
1728442800,148.273,148.369,148.184,148.339,13804
1728450000,148.34,148.655,148.316,148.44,23522
1728457200,148.439,148.731,148.264,148.72,26135
1728464400,148.72,148.756,148.507,148.601,19427
1728471600,148.6,148.918,148.51,148.91,20291
1728478800,148.911,149.178,148.812,149.147,25632
1728486000,149.147,149.299,149.069,149.239,19504
1728493200,149.239,149.363,149.154,149.363,16518
1728500400,149.359,149.359,149.235,149.312,14411
1728507600,149.227,149.301,149.034,149.233,4532
1728514800,149.232,149.296,149.002,149.214,16503
1728522000,149.214,149.221,149.065,149.212,18386
1728529200,149.213,149.546,149.144,149.4,13489
1728536400,149.398,149.473,149.048,149.119,19955
1728543600,149.118,149.215,148.902,149.07,24540
1728550800,149.058,149.099,148.775,148.846,18749
1728558000,148.845,149.535,148.242,148.61,30790
1728565200,148.607,148.877,148.351,148.718,42354
1728572400,148.715,148.961,148.441,148.916,28267
1728579600,148.917,149.079,148.629,148.751,25619
1728586800,148.753,148.757,148.493,148.575,14571
1728594000,148.541,148.666,148.505,148.662,3415
1728601200,148.651,148.762,148.417,148.462,17439
1728608400,148.463,148.798,148.399,148.665,18394
1728615600,148.666,148.765,148.58,148.712,13675
1728622800,148.712,148.855,148.602,148.693,17125
1728630000,148.691,148.825,148.661,148.737,20373
1728637200,148.737,149.084,148.726,149.06,15092
1728644400,149.062,149.262,148.776,149.062,23250
1728651600,149.061,149.285,148.973,149.261,29066
1728658800,149.258,149.268,148.978,149.003,17457
1728666000,149.002,149.109,148.959,149.108,11251
1728673200,149.109,149.176,149.085,149.138,7769
1728853200,149.016,149.34,149.016,149.34,5333
1728860400,149.334,149.389,149.143,149.22,13570
1728867600,149.218,149.319,149.144,149.317,14374
1728874800,149.318,149.354,149.259,149.292,8995
1728882000,149.29,149.322,149.166,149.212,11485
1728889200,149.213,149.467,149.186,149.423,17857
1728896400,149.424,149.54,149.345,149.507,13881
1728903600,149.506,149.797,149.503,149.738,17651
1728910800,149.739,149.962,149.69,149.841,22397
1728918000,149.837,149.942,149.801,149.934,11613
1728925200,149.933,149.937,149.832,149.902,8861
1728932400,149.901,149.98,149.705,149.752,11443
1728939600,149.694,149.806,149.694,149.732,2770
1728946800,149.731,149.837,149.528,149.579,16455
1728954000,149.58,149.712,149.441,149.621,15970
1728961200,149.623,149.758,149.569,149.676,12801
1728968400,149.679,149.702,149.306,149.309,22372
1728975600,149.31,149.336,149.036,149.154,25260
1728982800,149.153,149.183,148.848,149.144,21131
1728990000,149.144,149.42,148.997,149.084,22941
1728997200,149.084,149.345,148.938,149.23,30846
1729004400,149.232,149.481,149.169,149.448,21949
1729011600,149.447,149.543,149.239,149.277,18429
1729018800,149.279,149.291,149.167,149.214,12844
1729026000,149.272,149.272,149.162,149.233,3257
1729033200,149.229,149.336,149.032,149.268,17410
1729040400,149.268,149.301,148.856,149.09,20589
1729047600,149.091,149.283,149.037,149.263,13791
1729054800,149.264,149.373,149.168,149.267,22045
1729062000,149.266,149.491,149.168,149.464,21711
1729069200,149.465,149.472,149.18,149.384,16912
1729076400,149.382,149.48,149.146,149.452,21124
1729083600,149.45,149.746,149.206,149.63,26313
1729090800,149.63,149.774,149.545,149.745,18164
1729098000,149.744,149.801,149.721,149.776,11888
1729105200,149.776,149.807,149.602,149.644,11855
1729112400,149.597,149.664,149.525,149.577,3349
1729119600,149.576,149.663,149.44,149.546,14959
1729126800,149.545,149.567,149.242,149.412,19670
1729134000,149.412,149.578,149.393,149.543,15662
1729141200,149.54,149.648,149.438,149.633,17836
1729148400,149.636,149.869,149.631,149.834,18929
1729155600,149.833,149.834,149.55,149.621,13959
1729162800,149.622,150.076,149.465,149.833,23435
1729170000,149.832,150.047,149.638,150.02,35187
1729177200,150.021,150.3,149.922,150.212,21528
1729184400,150.208,150.278,150.144,150.277,14072
1729191600,150.276,150.323,150.19,150.225,10372
1729198800,150.16,150.224,150.13,150.211,2578
1729206000,150.212,150.283,149.898,150.048,15835
1729213200,150.05,150.093,149.873,149.923,17840
1729220400,149.922,150.016,149.856,149.9,12762
1729227600,149.899,150.013,149.769,149.959,21263
1729234800,149.958,150.156,149.887,149.921,20300
1729242000,149.92,149.98,149.573,149.94,18197
1729249200,149.934,150.1,149.788,149.865,20396
1729256400,149.864,149.926,149.588,149.604,23174
1729263600,149.606,149.651,149.364,149.418,16251
1729270800,149.419,149.653,149.411,149.527,14475
1729278000,149.527,149.571,149.453,149.519,10636
1729458000,149.469,149.641,149.432,149.569,4767
1729465200,149.569,149.626,149.25,149.383,17518
1729472400,149.386,149.411,149.095,149.223,20751
1729479600,149.224,149.357,149.09,149.322,13821
1729486800,149.323,149.644,149.2,149.633,19610
1729494000,149.632,149.951,149.619,149.948,18979
1729501200,149.947,150.094,149.82,149.943,17050
1729508400,149.938,150.03,149.748,149.923,19194
1729515600,149.924,150.278,149.924,150.238,23674
1729522800,150.234,150.56,150.196,150.516,19021
1729530000,150.517,150.833,150.504,150.782,15694
1729537200,150.774,150.884,150.724,150.841,12526
1729544400,150.748,150.785,150.619,150.683,5336
1729551600,150.686,150.803,150.583,150.63,17582
1729558800,150.631,150.848,150.492,150.835,19777
1729566000,150.835,151.108,150.811,150.873,16252
1729573200,150.871,150.994,150.664,150.828,22283
1729580400,150.83,151.064,150.692,150.99,23945
1729587600,150.986,151.024,150.749,150.846,20428
1729594800,150.847,150.937,150.764,150.913,22476
1729602000,150.915,151.068,150.604,150.977,29359
1729609200,150.979,151.197,150.9,151.061,18950
1729616400,151.06,151.118,150.895,151.064,16887
1729623600,151.065,151.155,151.052,151.086,12003
1729630800,151.027,151.081,150.986,151.068,2956
1729638000,151.069,151.474,151.048,151.469,13605
1729645200,151.465,151.806,151.424,151.745,21084
1729652400,151.744,152.138,151.72,152.071,18359
1729659600,152.069,152.381,152.022,152.293,24081
1729666800,152.292,152.556,152.27,152.411,25788
1729674000,152.407,152.874,152.404,152.827,21053
1729681200,152.821,153.188,152.762,153.068,26711
1729688400,153.067,153.108,152.839,153.026,29287
1729695600,153.025,153.051,152.761,152.859,23453
1729702800,152.857,152.91,152.472,152.663,20679
1729710000,152.661,152.765,152.553,152.762,15856
1729717200,152.683,152.829,152.645,152.751,3947
1729724400,152.748,152.801,152.513,152.64,19465
1729731600,152.64,152.794,152.342,152.43,22048
1729738800,152.437,152.516,152.108,152.214,17179
1729746000,152.216,152.388,152.048,152.056,23292
1729753200,152.063,152.318,151.92,152.008,28653
1729760400,152.008,152.076,151.821,151.858,19595
1729767600,151.855,152.318,151.767,152.052,27036
1729774800,152.057,152.312,151.849,151.927,35077
1729782000,151.929,151.979,151.659,151.69,24118
1729789200,151.691,151.853,151.553,151.823,17758
1729796400,151.829,151.902,151.806,151.821,12747
1729803600,151.84,151.863,151.684,151.694,3039
1729810800,151.693,152.106,151.581,152.007,19137
1729818000,152.006,152.067,151.737,151.834,17511
1729825200,151.835,151.907,151.611,151.705,14774
1729832400,151.706,152.004,151.448,151.863,22026
1729839600,151.863,152.058,151.82,151.964,23895
1729846800,151.958,152.096,151.865,151.897,16389
1729854000,151.897,152.095,151.698,151.92,22834
1729861200,151.924,152.163,151.837,152.031,30576
1729868400,152.033,152.229,151.924,152.198,20331
1729875600,152.196,152.297,152.096,152.246,15814
1729882800,152.246,152.379,152.181,152.329,14221
1730062800,153.189,153.24,152.672,152.953,13138
1730070000,152.951,153.48,152.766,153.46,26705
1730077200,153.465,153.881,153.439,153.577,24258
1730084400,153.578,153.699,153.378,153.644,17077
1730091600,153.646,153.748,153.232,153.413,18508
1730098800,153.416,153.531,153.161,153.179,24227
1730106000,153.18,153.191,152.456,152.535,24417
1730113200,152.534,152.737,152.407,152.622,22411
1730120400,152.623,153.069,152.579,152.951,25055
1730127600,152.954,153.283,152.836,153.261,22898
1730134800,153.254,153.378,153.201,153.262,13726
1730142000,153.261,153.297,153.201,153.295,11443
1730149200,153.236,153.356,153.23,153.303,2902
1730156400,153.302,153.326,152.897,153.019,14787
1730163600,153.018,153.136,152.851,152.995,22169
1730170800,152.996,153.167,152.874,152.929,17165
1730178000,152.928,153.069,152.756,152.998,17679
1730185200,153.002,153.449,153.002,153.394,25698
1730192400,153.397,153.49,153.317,153.341,19541
1730199600,153.341,153.867,153.318,153.765,21615
1730206800,153.765,153.81,152.979,153.385,33155
1730214000,153.383,153.75,153.353,153.55,26372
1730221200,153.552,153.599,153.308,153.422,19207
1730228400,153.414,153.508,153.338,153.368,12143
1730235600,153.333,153.416,153.2,153.255,4359
1730242800,153.249,153.354,153.072,153.251,16932
1730250000,153.252,153.442,153.108,153.314,18728
1730257200,153.313,153.4,153.188,153.359,13866
1730264400,153.359,153.466,153.194,153.273,17556
1730271600,153.284,153.381,152.803,152.854,24159
1730278800,152.854,153.195,152.834,152.896,24994
1730286000,152.895,153.495,152.779,153.357,26501
1730293200,153.361,153.433,152.867,153.263,33715
1730300400,153.262,153.386,153.003,153.083,25035
1730307600,153.084,153.265,153.083,153.242,15516
1730314800,153.238,153.431,153.235,153.407,15940
1730322000,153.335,153.349,153.24,153.301,5062
1730329200,153.303,153.582,153.16,153.528,14859
1730336400,153.527,153.616,153.181,153.403,20108
1730343600,153.404,153.41,152.823,152.918,19207
1730350800,152.918,153.084,152.054,152.169,22714
1730358000,152.169,152.583,151.921,152.399,34096
1730365200,152.402,152.572,152.251,152.465,25994
1730372400,152.466,152.977,152.466,152.695,28916
1730379600,152.698,153.051,152.458,152.586,37484
1730386800,152.583,152.71,152.081,152.442,33330
1730394000,152.442,152.488,151.832,152.053,22434
1730401200,152.05,152.148,151.912,152.03,21560
1730408400,151.985,152.142,151.98,152.063,4062
1730415600,152.058,152.168,151.788,152.033,22329
1730422800,152.032,152.354,151.916,152.3,22511
1730430000,152.299,152.54,152.246,152.486,15297
1730437200,152.484,152.651,152.333,152.397,20080
1730444400,152.404,152.693,152.202,152.64,24546
1730451600,152.636,152.849,152.561,152.67,20461
1730458800,152.661,152.833,151.792,152.036,27902
1730466000,152.034,152.964,151.971,152.898,39451
1730473200,152.896,153.066,152.803,152.895,26463
1730480400,152.894,153.069,152.85,152.96,18201
1730487600,152.958,153.094,152.94,152.983,11903
1730671200,152.278,152.558,152.181,152.291,10880
1730678400,152.281,152.289,151.705,151.79,22336
1730685600,151.787,151.967,151.598,151.74,22035
1730692800,151.741,151.964,151.688,151.852,14360
1730700000,151.85,152.278,151.801,152.178,22478
1730707200,152.178,152.229,151.799,151.885,27226
1730714400,151.884,152.011,151.534,151.55,21387
1730721600,151.553,152.068,151.546,151.832,23359
1730728800,151.833,152.104,151.624,151.993,28908
1730736000,151.994,152.16,151.894,152.014,20854
1730743200,152.009,152.198,151.985,152.147,16117
1730750400,152.146,152.196,152.104,152.127,11976
1730757600,152.087,152.296,152.06,152.279,4433
1730764800,152.278,152.446,152.113,152.273,20568
1730772000,152.272,152.417,152.165,152.385,14752
1730779200,152.387,152.546,152.353,152.427,13048
1730786400,152.43,152.447,152.178,152.273,17121
1730793600,152.269,152.386,152.086,152.188,19821
1730800800,152.187,152.269,152.142,152.156,13941
1730808000,152.156,152.333,151.959,152.052,16814
1730815200,152.053,152.216,151.774,152.042,29362
1730822400,152.046,152.096,151.593,151.682,20339
1730829600,151.683,151.696,151.336,151.452,19340
1730836800,151.451,151.657,151.391,151.616,12152
1730844000,151.558,151.908,151.401,151.441,11182
1730851200,151.44,153.117,151.279,152.929,44044
1730858400,152.928,154.334,152.871,153.939,46978
1730865600,153.939,154.089,153.13,153.745,43247
1730872800,153.737,154.381,153.663,153.939,43499
1730880000,153.941,154.144,153.797,153.996,36204
1730887200,154.001,154.252,153.875,154.217,31549
1730894400,154.22,154.458,154.06,154.302,35283
1730901600,154.301,154.478,153.98,154.354,37095
1730908800,154.351,154.683,154.202,154.665,25867
1730916000,154.667,154.7,154.348,154.447,21144
1730923200,154.447,154.661,154.406,154.628,11091
1730930400,154.57,154.585,154.219,154.313,7304
1730937600,154.319,154.714,154.224,154.511,28335
1730944800,154.51,154.527,154.278,154.322,21396
1730952000,154.324,154.375,153.934,154.008,19056
1730959200,154.007,154.201,153.642,154.002,27736
1730966400,154.003,154.134,153.817,153.949,26769
1730973600,153.944,154.101,153.878,154.067,18271
1730980800,154.064,154.108,153.451,153.502,31317
1730988000,153.503,153.56,152.854,152.964,32874
1730995200,152.966,153.231,152.929,153.015,21194
1731002400,153.016,153.47,152.864,153.085,27437
1731009600,153.082,153.148,152.689,152.901,21381
1731016800,152.908,153.192,152.841,153.174,5835
1731024000,153.161,153.371,152.973,153.094,23638
1731031200,153.094,153.186,152.731,152.815,19906
1731038400,152.813,152.92,152.547,152.804,17597
1731045600,152.802,152.955,152.61,152.639,23969
1731052800,152.64,152.747,152.256,152.283,29980
1731060000,152.28,152.45,152.133,152.426,23032
1731067200,152.423,152.816,152.332,152.743,25457
1731074400,152.747,152.858,152.382,152.424,30151
1731081600,152.425,152.813,152.408,152.653,25037
1731088800,152.654,152.816,152.546,152.674,17837
1731096000,152.68,152.758,152.436,152.617,11687
1731276000,152.648,152.948,152.605,152.911,7491
1731283200,152.921,153.224,152.873,153.222,18719
1731290400,153.222,153.461,153.132,153.448,15171
1731297600,153.447,153.669,153.445,153.527,13141
1731304800,153.529,153.667,153.317,153.638,18250
1731312000,153.64,153.857,153.597,153.623,21594
1731319200,153.622,153.78,153.553,153.756,17466
1731326400,153.757,153.953,153.716,153.77,17082
1731333600,153.761,153.95,153.644,153.86,22555
1731340800,153.858,153.911,153.769,153.877,12756
1731348000,153.878,153.879,153.731,153.767,11252
1731355200,153.766,153.772,153.628,153.725,9048
1731362400,153.68,153.772,153.474,153.525,5326
1731369600,153.524,153.967,153.486,153.962,21038
1731376800,153.952,154.057,153.576,153.657,17848
1731384000,153.654,153.656,153.41,153.613,17465
1731391200,153.615,153.891,153.61,153.821,19703
1731398400,153.823,154.168,153.701,154.109,25266
1731405600,154.108,154.14,153.932,154.073,19415
1731412800,154.075,154.397,154.001,154.383,22596
1731420000,154.382,154.55,154.292,154.52,24992
1731427200,154.523,154.924,154.46,154.785,22617
1731434400,154.781,154.856,154.671,154.75,15745
1731441600,154.749,154.786,154.509,154.626,12142
1731448800,154.567,154.667,154.505,154.657,6494
1731456000,154.662,154.941,154.595,154.604,22376
1731463200,154.602,154.897,154.54,154.807,16253
1731470400,154.806,154.934,154.749,154.916,15094
1731477600,154.915,155.155,154.894,155.115,20641
1731484800,155.115,155.238,154.796,154.896,23234
1731492000,154.897,155.036,154.803,154.818,15639
1731499200,154.817,155.07,154.412,154.514,28363
1731506400,154.51,155.139,154.33,154.986,37713
1731513600,154.987,155.432,154.975,155.412,23060
1731520800,155.409,155.628,155.402,155.546,16547
1731528000,155.54,155.6,155.432,155.47,13162
1731535200,155.383,155.479,155.329,155.42,8660
1731542400,155.421,155.921,155.406,155.869,20956
1731549600,155.868,156.063,155.81,155.945,15475
1731556800,155.944,156.136,155.941,156.02,14750
1731564000,156.021,156.043,155.704,155.84,18630
1731571200,155.839,156.148,155.74,156.111,21305
1731578400,156.109,156.245,155.898,155.923,19119
1731585600,155.922,156.193,155.775,156.019,24977
1731592800,156.018,156.076,155.52,155.953,32342
1731600000,155.954,156.043,155.673,155.744,20830
1731607200,155.739,156.002,155.698,155.922,13646
1731614400,155.923,156.418,155.89,156.273,26042
1731621600,156.246,156.538,156.2,156.479,6709
1731628800,156.482,156.748,156.33,156.55,23584
1731636000,156.548,156.558,156.275,156.505,17252
1731643200,156.505,156.548,156.304,156.454,14964
1731650400,156.455,156.507,155.758,155.779,22025
1731657600,155.779,155.779,155.263,155.366,25868
1731664800,155.365,155.514,155.217,155.494,21503
1731672000,155.494,155.721,155.172,155.33,28557
1731679200,155.326,155.783,154.838,154.952,38264
1731686400,154.953,155.021,154.184,154.284,30217
1731693600,154.284,154.345,153.861,154.217,23659
1731700800,154.216,154.475,154.176,154.44,15156
1731880800,154.306,154.749,154.273,154.639,10711
1731888000,154.638,155.146,153.835,154.6,33097
1731895200,154.6,154.925,154.586,154.653,22247
1731902400,154.65,154.759,154.415,154.597,20607
1731909600,154.597,154.771,154.296,154.569,25377
1731916800,154.57,154.974,154.503,154.776,29004
1731924000,154.777,155.125,154.775,155.057,23462
1731931200,155.055,155.355,154.867,154.904,24474
1731938400,154.902,155.055,154.582,154.993,30046
1731945600,154.995,155.072,154.64,154.701,22900
1731952800,154.702,154.792,154.572,154.74,17809
1731960000,154.741,154.742,154.57,154.681,12529
1731967200,154.622,154.649,154.428,154.616,4535
1731974400,154.607,154.616,154.041,154.116,22229
1731981600,154.116,154.25,153.948,154.177,17430
1731988800,154.178,154.52,154.111,154.423,15448
1731996000,154.426,154.655,154.345,154.528,20120
1732003200,154.527,154.576,153.275,153.764,40008
1732010400,153.761,154.179,153.438,154.082,28923
1732017600,154.081,154.209,153.411,153.47,29242
1732024800,153.475,154.238,153.447,153.96,39168
1732032000,153.958,154.759,153.918,154.725,25016
1732039200,154.727,154.8,154.563,154.695,16077
1732046400,154.694,154.732,154.622,154.653,10285
1732053600,154.643,154.76,154.523,154.719,6417
1732060800,154.729,154.992,154.588,154.773,20695
1732068000,154.773,154.987,154.727,154.953,14842
1732075200,154.954,155.191,154.942,155.191,13283
1732082400,155.196,155.682,155.16,155.657,20878
1732089600,155.659,155.852,155.579,155.758,21320
1732096800,155.761,155.863,155.668,155.838,17567
1732104000,155.837,155.887,155.628,155.731,20481
1732111200,155.733,155.84,155.055,155.532,29262
1732118400,155.531,155.613,155.182,155.22,22871
1732125600,155.218,155.438,155.199,155.368,17410
1732132800,155.369,155.539,155.353,155.421,13673
1732140000,155.389,155.399,155.232,155.277,5957
1732147200,155.274,155.302,154.879,155.042,21217
1732154400,155.042,155.088,154.877,154.927,15415
1732161600,154.925,155.267,154.861,155.187,14074
1732168800,155.169,155.183,154.558,154.905,28867
1732176000,154.914,155.034,154.084,154.4,35643
1732183200,154.4,154.583,154.203,154.534,23464
1732190400,154.527,154.715,154.106,154.252,27273
1732197600,154.253,154.545,153.906,154.323,34799
1732204800,154.322,154.696,154.308,154.442,29854
1732212000,154.444,154.701,154.434,154.506,19412
1732219200,154.506,154.594,154.45,154.538,14148
1732226400,154.476,154.506,154.108,154.158,8305
1732233600,154.16,154.44,153.969,154.415,23374
1732240800,154.417,154.495,154.186,154.264,16783
1732248000,154.273,154.732,154.27,154.704,16141
1732255200,154.707,154.957,154.656,154.728,22324
1732262400,154.728,154.869,154.251,154.504,34354
1732269600,154.499,154.555,154.253,154.314,26131
1732276800,154.3,154.568,154.19,154.274,26010
1732284000,154.278,155.025,154.27,154.898,35615
1732291200,154.899,154.923,154.674,154.758,23132
1732298400,154.755,154.817,154.663,154.805,16137
1732305600,154.804,154.885,154.744,154.785,11668
1732485600,154.156,154.386,154.054,154.149,12986
1732492800,154.15,154.237,153.646,153.769,25723
1732500000,153.768,153.962,153.548,153.949,20616
1732507200,153.949,154.402,153.941,154.265,18908
1732514400,154.265,154.56,154.153,154.541,24202
1732521600,154.54,154.724,154.354,154.424,27194
1732528800,154.423,154.51,154.313,154.508,19718
1732536000,154.507,154.567,153.758,153.925,26765
1732543200,153.924,154.39,153.629,154.37,34614
1732550400,154.373,154.521,154.225,154.32,25104
1732557600,154.325,154.342,153.996,154.137,19711
1732564800,154.139,154.265,154.079,154.169,12744
1732572000,154.222,154.488,153.883,154.382,11543
1732579200,154.369,154.416,153.839,154.051,32190
1732586400,154.053,154.225,153.723,153.744,18135
1732593600,153.741,153.913,153.542,153.716,15768
1732600800,153.718,154.221,153.601,154.038,21857
1732608000,154.039,154.122,153.789,153.925,26383
1732615200,153.926,153.983,153.711,153.778,18082
1732622400,153.779,153.807,152.988,153.432,29548
1732629600,153.431,153.721,153.371,153.465,30635
1732636800,153.459,153.681,153.253,153.327,23728
1732644000,153.326,153.489,153.082,153.112,22142
1732651200,153.109,153.145,153.006,153.106,15918
1732658400,153.032,153.235,152.932,152.932,8751
1732665600,152.938,153.032,152.507,152.552,22756
1732672800,152.553,152.75,152.381,152.452,17566
1732680000,152.452,152.48,152.229,152.439,16179
1732687200,152.438,152.466,151.841,151.953,23372
1732694400,151.952,151.958,151.356,151.477,31599
1732701600,151.474,151.617,151.222,151.489,23912
1732708800,151.487,151.632,151.293,151.333,27902
1732716000,151.331,151.807,150.93,151.104,33576
1732723200,151.107,151.376,150.456,150.762,29232
1732730400,150.754,151.055,150.678,151.025,17039
1732737600,151.024,151.191,151.021,151.1,14222
1732744800,150.983,151.379,150.895,151.339,8320
1732752000,151.338,151.749,151.282,151.428,22522
1732759200,151.428,151.718,151.34,151.629,15583
1732766400,151.625,151.663,151.481,151.541,13168
1732773600,151.528,151.779,151.361,151.755,19696
1732780800,151.756,151.95,151.692,151.893,24099
1732788000,151.892,151.95,151.762,151.833,15100
1732795200,151.832,151.848,151.557,151.569,15944
1732802400,151.568,151.605,151.404,151.521,15371
1732809600,151.52,151.572,151.455,151.492,8208
1732816800,151.494,151.556,151.458,151.499,3338
1732824000,151.498,151.552,151.435,151.543,3299
1732831200,151.534,151.539,150.981,151.187,7210
1732838400,151.182,151.21,149.851,149.943,32327
1732845600,149.946,150.397,149.945,150.101,23430
1732852800,150.099,150.276,149.759,150.103,20468
1732860000,150.097,150.206,149.532,149.993,22828
1732867200,149.997,150.303,149.927,150.162,25772
1732874400,150.16,150.365,149.83,150.041,21430
1732881600,150.043,150.26,149.941,149.969,20898
1732888800,149.966,150.349,149.877,150.179,27135
1732896000,150.164,150.532,149.577,149.596,24185
1732903200,149.6,149.699,149.463,149.606,25832
1732910400,149.608,149.728,149.539,149.673,26227
1733090400,149.614,150.072,149.469,149.856,14952
1733097600,149.865,150.558,149.802,150.531,26286
1733104800,150.532,150.746,150.474,150.526,19865
1733112000,150.527,150.749,150.436,150.723,18614
1733119200,150.724,150.729,149.99,150.25,26334
1733126400,150.25,150.44,150.046,150.345,25203
1733133600,150.346,150.391,150.074,150.151,20527
1733140800,150.15,150.356,149.919,150.078,24145
1733148000,150.07,150.242,149.717,149.873,34860
1733155200,149.872,149.95,149.078,149.597,29269
1733162400,149.597,149.791,149.489,149.526,17516
1733169600,149.527,149.649,149.221,149.582,19255
1733176800,149.577,149.826,149.496,149.514,7606
1733184000,149.515,149.973,149.495,149.876,23750
1733191200,149.875,150.14,149.789,150.092,17228
1733198400,150.093,150.239,149.989,150.028,15286
1733205600,150.029,150.168,149.872,150.007,19000
1733212800,150.012,150.186,149.775,149.815,25341
1733220000,149.814,150.109,149.684,149.734,18101
1733227200,149.735,149.876,148.798,148.854,23546
1733234400,148.849,149.25,148.643,149.151,37151
1733241600,149.153,149.52,149.081,149.21,27616
1733248800,149.205,149.537,148.965,149.504,19268
1733256000,149.506,149.592,149.402,149.586,12130
1733263200,149.587,149.701,149.561,149.613,5911
1733270400,149.614,150.076,149.521,149.926,22504
1733277600,149.926,149.957,149.621,149.935,19893
1733284800,149.936,150.172,149.878,150.098,20274
1733292000,150.096,150.434,149.858,150.383,22698
1733299200,150.383,150.779,150.3,150.625,26467
1733306400,150.623,151.049,150.614,150.891,21737
1733313600,150.891,151.229,150.805,151.076,25865
1733320800,151.073,151.133,150.281,150.396,31549
1733328000,150.394,150.443,149.995,150.168,23692
1733335200,150.169,150.597,150.037,150.439,20052
1733342400,150.44,150.67,150.438,150.623,16300
1733349600,150.541,150.778,150.446,150.545,6438
1733356800,150.539,150.679,150.186,150.538,21487
1733364000,150.533,150.567,150.195,150.289,15554
1733371200,150.288,150.427,149.786,149.933,16116
1733378400,149.933,150.026,149.662,149.787,21157
1733385600,149.789,150.315,149.654,150.306,22449
1733392800,150.308,150.351,150.04,150.159,17701
1733400000,150.159,150.698,150.145,150.604,26706
1733407200,150.602,150.614,150.176,150.25,30066
1733414400,150.254,150.341,150.071,150.133,21905
1733421600,150.136,150.349,149.92,150.021,15405
1733428800,150.022,150.126,149.95,150.093,11670
1733436000,150.042,150.238,149.997,150.125,6009
1733443200,150.127,150.277,149.861,150.046,19967
1733450400,150.042,150.045,149.768,149.879,15112
1733457600,149.887,150.068,149.83,149.936,12240
1733464800,149.936,150.17,149.77,150.09,17662
1733472000,150.093,150.607,150.091,150.575,19922
1733479200,150.573,150.7,150.478,150.51,17028
1733486400,150.512,150.658,149.651,149.664,26691
1733493600,149.662,150.046,149.362,149.868,35999
1733500800,149.869,150.114,149.677,149.965,23702
1733508000,149.96,150.134,149.88,149.972,13619
1733515200,149.969,150.058,149.946,150.056,10790
1733695200,149.962,150.048,149.854,149.888,6722
1733702400,149.887,150.054,149.69,149.912,18902
1733709600,149.912,150.036,149.859,149.978,13448
1733716800,149.979,149.996,149.838,149.964,12674
1733724000,149.964,150.35,149.943,150.346,18377
1733731200,150.344,150.524,150.313,150.419,21532
1733738400,150.403,150.502,150.35,150.491,14862
1733745600,150.497,150.951,150.438,150.876,19810
1733752800,150.874,151.247,150.691,151.025,23431
1733760000,151.027,151.352,150.968,151.329,17109
1733767200,151.331,151.339,151.184,151.24,10155
1733774400,151.239,151.298,151.133,151.22,10610
1733781600,151.175,151.432,151.144,151.39,5957
1733788800,151.394,151.548,151.23,151.312,18217
1733796000,151.312,151.312,151.032,151.07,16263
1733803200,151.069,151.299,150.895,150.939,14756
1733810400,150.939,151.582,150.901,151.554,17607
1733817600,151.553,151.787,151.414,151.599,22748
1733824800,151.601,151.734,151.47,151.704,16245
1733832000,151.705,151.841,151.529,151.683,19105
1733839200,151.683,152.173,151.587,152.124,24846
1733846400,152.125,152.184,151.974,152.114,17768
1733853600,152.111,152.121,151.844,151.931,13357
1733860800,151.93,151.981,151.831,151.968,10952
1733868000,151.911,151.949,151.784,151.839,4011
1733875200,151.836,151.87,151.696,151.709,15528
1733882400,151.708,151.721,151.414,151.549,13468
1733889600,151.547,151.763,151.464,151.753,10085
1733896800,151.754,151.793,151.419,151.654,18909
1733904000,151.66,152.725,151.008,152.68,29615
1733911200,152.678,152.797,152.49,152.554,21327
1733918400,152.55,152.871,152.053,152.298,26159
1733925600,152.289,152.521,151.919,152.46,32354
1733932800,152.458,152.557,152.243,152.495,18822
1733940000,152.496,152.721,152.317,152.646,17531
1733947200,152.644,152.65,152.456,152.464,10495
1733954400,152.388,152.453,152.235,152.259,5414
1733961600,152.255,152.337,151.953,151.98,19151
1733968800,151.979,152.412,151.952,152.355,13748
1733976000,152.353,152.607,152.182,152.494,13390
1733983200,152.496,152.775,152.274,152.573,20910
1733990400,152.572,152.661,152.364,152.526,21870
1733997600,152.527,152.54,152.163,152.187,17713
1734004800,152.188,152.374,151.799,152.031,26179
1734012000,152.031,152.398,151.873,152.287,34659
1734019200,152.288,152.317,152.042,152.265,21711
1734026400,152.264,152.55,152.239,152.54,16940
1734033600,152.54,152.689,152.525,152.647,9870
1734040800,152.618,152.644,152.456,152.594,4653
1734048000,152.59,152.956,152.56,152.769,19541
1734055200,152.767,153.044,152.642,152.902,14930
1734062400,152.903,153.088,152.879,152.894,10115
1734069600,152.894,152.999,152.673,152.795,16130
1734076800,152.797,153.48,152.796,153.412,20932
1734084000,153.41,153.625,153.365,153.624,16105
1734091200,153.625,153.666,153.266,153.302,20143
1734098400,153.3,153.689,153.3,153.662,21830
1734105600,153.663,153.8,153.556,153.691,15886
1734112800,153.691,153.747,153.663,153.686,11652
1734120000,153.688,153.729,153.597,153.67,7626
1734300000,153.6,153.682,153.43,153.456,6363
1734307200,153.457,153.935,153.322,153.905,15328
1734314400,153.903,153.974,153.753,153.818,9874
1734321600,153.816,153.893,153.608,153.662,8421
1734328800,153.664,153.775,153.478,153.528,12857
1734336000,153.526,153.833,153.442,153.803,18155
1734343200,153.802,153.863,153.649,153.805,11255
1734350400,153.803,154.102,153.782,154.026,14627
1734357600,154.027,154.479,154.012,154.236,21199
1734364800,154.236,154.313,154.054,154.152,15545
1734372000,154.151,154.203,154.01,154.125,9882
1734379200,154.126,154.218,154.089,154.154,6175
1734386400,154.093,154.262,154.067,154.097,4135
1734393600,154.095,154.345,153.977,154.095,15099
1734400800,154.096,154.113,153.801,154.045,11307
1734408000,154.046,154.258,154,154.133,12071
1734415200,154.133,154.173,153.923,154.071,14331
1734422400,154.07,154.166,153.712,153.793,18967
1734429600,153.789,153.926,153.685,153.911,14946
1734436800,153.918,153.999,153.654,153.776,17873
1734444000,153.776,153.776,153.418,153.51,25585
1734451200,153.506,153.647,153.242,153.273,18274
1734458400,153.274,153.396,153.159,153.342,13851
1734465600,153.343,153.599,153.325,153.468,9530
1734472800,153.405,153.597,153.379,153.573,3900
1734480000,153.572,153.787,153.543,153.593,13494
1734487200,153.583,153.75,153.566,153.62,9134
1734494400,153.618,153.656,153.339,153.355,10151
1734501600,153.354,153.648,153.332,153.576,13291
1734508800,153.578,153.743,153.521,153.634,13952
1734516000,153.63,153.7,153.551,153.663,11189
1734523200,153.664,153.955,153.635,153.848,16051
1734530400,153.848,154.055,153.681,154.022,19701
1734537600,154.023,154.092,153.744,153.826,16105
1734544800,153.824,154.664,153.715,154.649,27104
1734552000,154.654,154.865,154.326,154.827,28165
1734559200,154.768,154.806,154.433,154.667,8572
1734566400,154.671,154.894,154.536,154.645,20575
1734573600,154.618,155.439,154.467,155.26,17907
1734580800,155.26,155.475,155.142,155.228,12691
1734588000,155.23,156.779,154.914,156.478,30428
1734595200,156.479,157.149,156.433,157.039,28932
1734602400,157.038,157.062,156.673,156.699,18960
1734609600,156.701,157.049,156.386,156.909,26688
1734616800,156.909,157.736,156.873,157.716,31046
1734624000,157.715,157.808,157.527,157.696,22839
1734631200,157.697,157.731,157.348,157.424,18238
1734638400,157.415,157.448,157.309,157.421,12109
1734645600,157.371,157.676,157.347,157.648,8882
1734652800,157.65,157.925,157.144,157.277,23869
1734660000,157.279,157.38,156.833,157.067,19949
1734667200,157.068,157.316,156.967,157.035,15375
1734674400,157.045,157.133,156.764,156.831,20698
1734681600,156.829,156.964,156.621,156.72,23635
1734688800,156.721,156.845,156.636,156.776,14893
1734696000,156.779,156.818,156.348,156.517,22938
1734703200,156.517,156.781,156.317,156.503,30658
1734710400,156.504,156.585,155.955,156.075,22551
1734717600,156.074,156.213,155.977,156.007,15125
1734724800,156.007,156.465,156,156.454,11270
1734904800,156.334,156.568,156.318,156.565,7572
1734912000,156.577,156.693,156.347,156.457,14233
1734919200,156.442,156.609,156.338,156.52,11599
1734926400,156.519,156.661,156.487,156.649,8095
1734933600,156.646,156.806,156.517,156.795,10951
1734940800,156.796,156.801,156.461,156.697,16797
1734948000,156.696,156.882,156.659,156.846,13228
1734955200,156.848,157.259,156.848,157.216,16476
1734962400,157.208,157.271,157.047,157.132,19592
1734969600,157.133,157.214,156.982,157.161,12695
1734976800,157.16,157.208,157.057,157.101,10073
1734984000,157.1,157.178,157.051,157.164,8425
1734991200,157.089,157.24,157.071,157.184,6463
1734998400,157.189,157.396,157.058,157.134,11237
1735005600,157.134,157.179,157.05,157.088,7297
1735012800,157.084,157.092,156.892,157.006,9235
1735020000,157.007,157.146,156.911,157.143,9938
1735027200,157.141,157.181,156.987,157.09,8951
1735034400,157.091,157.172,157.021,157.143,6662
1735041600,157.142,157.196,157.076,157.191,8965
1735048800,157.191,157.348,157.183,157.335,12295
1735056000,157.334,157.381,157.265,157.31,9598
1735063200,157.309,157.38,157.239,157.302,5718
1735164000,157.195,157.273,157.107,157.129,4131
1735171200,157.128,157.477,157.073,157.421,10777
1735178400,157.418,157.474,157.337,157.37,5770
1735185600,157.369,157.464,157.31,157.349,6568
1735192800,157.349,157.449,157.332,157.374,8552
1735200000,157.374,157.463,157.308,157.431,11354
1735207200,157.425,157.59,157.401,157.588,7378
1735214400,157.586,157.844,157.58,157.835,10548
1735221600,157.836,158.075,157.829,158.073,13989
1735228800,158.073,158.085,157.94,158.04,12914
1735236000,158.04,158.064,157.871,157.986,11875
1735243200,157.986,158.038,157.89,158.017,8134
1735250400,157.894,157.901,157.673,157.768,5885
1735257600,157.769,157.949,157.657,157.746,13344
1735264800,157.749,157.767,157.507,157.649,11152
1735272000,157.65,157.77,157.551,157.76,7545
1735279200,157.758,157.855,157.659,157.812,10744
1735286400,157.813,157.918,157.754,157.88,12430
1735293600,157.88,157.881,157.625,157.655,9958
1735300800,157.657,157.87,157.584,157.797,13562
1735308000,157.795,157.894,157.531,157.572,19449
1735315200,157.573,157.846,157.35,157.826,16894
1735322400,157.825,157.946,157.766,157.943,10501
1735329600,157.942,157.945,157.851,157.862,6762
1735509600,157.716,157.906,157.667,157.901,3483
1735516800,157.903,157.99,157.698,157.796,8565
1735524000,157.765,157.841,157.696,157.815,4845
1735531200,157.814,157.957,157.758,157.857,5819
1735538400,157.857,158.072,157.807,157.895,10415
1735545600,157.892,157.986,157.812,157.876,12219
1735552800,157.876,157.881,157.559,157.638,11623
1735560000,157.638,157.652,157.452,157.46,15430
1735567200,157.461,157.551,156.67,157.176,27507
1735574400,157.174,157.352,157.009,157.148,15049
1735581600,157.147,157.152,156.923,157.09,10031
1735588800,157.091,157.118,156.763,156.853,8636
1735596000,156.838,157.067,156.816,157.007,4049
1735603200,157.008,157.05,156.364,156.442,11554
1735610400,156.446,156.508,156.333,156.443,9335
1735617600,156.441,156.461,156.135,156.236,8775
1735624800,156.239,156.378,156.065,156.208,9616
1735632000,156.208,156.672,156.023,156.641,13727
1735639200,156.642,156.967,156.601,156.804,14959
1735646400,156.803,157.087,156.554,157.008,14322
1735653600,157.007,157.196,156.683,157.161,24065
1735660800,157.158,157.547,157.104,157.362,19345
1735668000,157.369,157.396,157.236,157.284,9770
1735768800,157.153,157.778,157.15,157.699,5638
1735776000,157.711,157.772,157.295,157.51,14205
1735783200,157.511,157.512,157.13,157.158,7769
1735790400,157.157,157.211,156.977,157.209,7309
1735797600,157.21,157.214,156.439,156.672,14874
1735804800,156.684,156.92,156.459,156.793,17742
1735812000,156.795,157.286,156.789,157.205,16286
1735819200,157.201,157.237,156.718,156.829,20100
1735826400,156.81,157.189,156.636,157.151,27902
1735833600,157.15,157.851,157.131,157.568,24614
1735840800,157.567,157.678,157.463,157.62,14039
1735848000,157.62,157.657,157.493,157.522,9123
1735855200,157.424,157.567,157.352,157.357,4053
1735862400,157.358,157.406,157.173,157.281,10542
1735869600,157.279,157.459,157.184,157.31,9043
1735876800,157.313,157.388,157.242,157.301,7864
1735884000,157.301,157.301,157.04,157.137,11708
1735891200,157.135,157.428,157.089,157.255,15814
1735898400,157.254,157.386,157.171,157.246,12007
1735905600,157.247,157.255,157.021,157.182,14106
1735912800,157.183,157.496,157.118,157.399,20890
1735920000,157.399,157.405,156.874,157.168,14868
1735927200,157.169,157.244,157.106,157.205,8987
1735934400,157.205,157.379,157.14,157.313,5913
1736114400,157.154,157.532,157.149,157.51,5904
1736121600,157.521,157.831,157.483,157.618,15801
1736128800,157.621,157.785,157.569,157.716,11649
1736136000,157.716,157.806,157.658,157.78,8448
1736143200,157.781,157.794,157.532,157.664,10136
1736150400,157.666,157.768,157.587,157.738,16292
1736157600,157.738,157.963,157.163,157.202,21958
1736164800,157.206,157.214,156.237,156.614,29075
1736172000,156.613,157.66,156.464,157.535,29977
1736179200,157.525,157.613,157.345,157.512,16118
1736186400,157.511,157.67,157.435,157.546,12617
1736193600,157.542,157.662,157.495,157.64,8861
1736200800,157.571,157.81,157.509,157.741,3815
1736208000,157.739,158.417,157.739,158.313,21055
1736215200,158.317,158.319,158.091,158.125,11274
1736222400,158.126,158.156,157.786,157.864,11193
1736229600,157.863,157.863,157.454,157.495,17077
1736236800,157.501,157.683,157.369,157.607,20544
1736244000,157.606,157.849,157.561,157.713,14645
1736251200,157.716,157.853,157.579,157.674,15513
1736258400,157.67,158.426,157.535,157.943,27946
1736265600,157.943,158.046,157.613,157.696,23666
1736272800,157.696,157.919,157.584,157.779,13880
1736280000,157.779,158.096,157.739,158.059,8759
1736287200,158.011,158.243,157.978,158.227,6254
1736294400,158.228,158.23,157.902,157.969,14725
1736301600,157.968,158.214,157.931,158.197,8452
1736308800,158.198,158.268,158.096,158.177,7535
1736316000,158.177,158.177,157.929,158.116,13658
1736323200,158.115,158.288,158.051,158.162,15067
1736330400,158.166,158.551,158.145,158.374,16990
1736337600,158.374,158.547,158.173,158.221,24870
1736344800,158.217,158.467,158.143,158.371,24448
1736352000,158.372,158.498,158.285,158.39,17767
1736359200,158.39,158.521,158.272,158.468,17072
1736366400,158.468,158.468,158.331,158.351,8550
1736373600,158.315,158.398,158.179,158.191,4289
1736380800,158.194,158.327,158.069,158.113,11898
1736388000,158.1,158.138,157.915,157.975,8993
1736395200,157.968,158.147,157.762,158.058,10948
1736402400,158.06,158.205,158.027,158.194,12924
1736409600,158.193,158.285,158.013,158.083,16149
1736416800,158.082,158.102,157.819,157.91,13638
1736424000,157.91,157.93,157.576,157.658,15501
1736431200,157.657,157.977,157.652,157.974,14382
1736438400,157.973,158.137,157.919,158.108,11000
1736445600,158.109,158.164,158.06,158.114,5699
1736452800,158.112,158.148,158.082,158.113,4314
1736460000,158.073,158.185,158.008,158.044,4322
1736467200,158.043,158.232,157.935,158.129,14834
1736474400,158.13,158.284,158.105,158.233,8315
1736481600,158.234,158.425,158.231,158.413,8790
1736488800,158.412,158.446,158.265,158.389,12107
1736496000,158.39,158.426,157.626,157.934,20613
1736503200,157.934,158.173,157.864,157.996,14491
1736510400,157.995,158.877,157.893,158.55,21901
1736517600,158.554,158.658,157.229,157.557,38307
1736524800,157.559,157.876,157.54,157.672,22064
1736532000,157.671,157.986,157.666,157.873,13368
1736539200,157.874,157.937,157.685,157.751,8537
1736719200,157.739,157.925,157.678,157.91,5019
1736726400,157.901,157.968,157.266,157.447,14272
1736733600,157.447,157.651,157.397,157.416,11782
1736740800,157.415,157.581,157.281,157.407,10463
1736748000,157.408,157.598,157.246,157.464,16930
1736755200,157.464,157.667,157.035,157.109,23397
1736762400,157.109,157.472,157.01,157.314,16440
1736769600,157.316,157.46,156.913,157.203,21266
1736776800,157.2,157.583,157.102,157.52,24558
1736784000,157.521,157.788,157.309,157.33,17019
1736791200,157.33,157.82,157.294,157.816,10521
1736798400,157.81,157.813,157.461,157.466,9621
1736805600,157.453,157.465,157.118,157.311,8777
1736812800,157.309,158.024,157.067,157.437,21599
1736820000,157.439,157.75,157.439,157.559,12235
1736827200,157.554,157.72,157.37,157.584,10778
1736834400,157.576,157.697,157.296,157.526,15572
1736841600,157.525,158.03,157.388,157.94,20748
1736848800,157.941,157.98,157.828,157.939,11587
1736856000,157.939,158.136,157.394,157.767,22741
1736863200,157.776,158.15,157.621,157.967,28244
1736870400,157.966,158.198,157.831,158.133,21879
1736877600,158.132,158.141,157.908,157.941,10637
1736884800,157.943,158.021,157.869,157.983,8278
1736892000,157.915,158.07,157.903,158.048,3660
1736899200,158.054,158.086,157.827,157.902,14030
1736906400,157.901,157.975,157.845,157.889,8370
1736913600,157.888,157.937,157.193,157.322,15045
1736920800,157.324,157.446,156.843,156.885,16789
1736928000,156.884,157.208,156.708,156.865,20891
1736935200,156.868,157.062,156.715,157.014,14417
1736942400,157.014,157.089,156.253,156.4,23284
1736949600,156.388,156.531,155.937,156.294,33262
1736956800,156.293,156.734,156.29,156.55,20448
1736964000,156.549,156.576,156.404,156.462,10844
1736971200,156.463,156.552,156.408,156.463,8548
1736978400,156.373,156.434,156.218,156.219,4907
1736985600,156.22,156.529,155.479,155.553,20448
1736992800,155.551,155.864,155.208,155.777,19294
1737000000,155.778,156.121,155.604,156.114,12159
1737007200,156.113,156.311,156.024,156.186,16364
1737014400,156.187,156.234,155.609,155.684,18550
1737021600,155.683,155.88,155.631,155.781,14129
1737028800,155.777,156.365,155.777,155.906,21673
1737036000,155.911,156.197,155.392,155.425,31252
1737043200,155.424,155.554,155.102,155.27,26146
1737050400,155.269,155.386,155.147,155.292,12862
1737057600,155.295,155.316,155.1,155.116,8254
1737064800,155.123,155.404,155.087,155.368,4148
1737072000,155.366,155.484,154.977,155.215,17162
1737079200,155.214,155.466,155.162,155.446,11690
1737086400,155.449,155.691,155.364,155.563,10490
1737093600,155.563,155.774,155.519,155.614,13977
1737100800,155.616,155.85,155.407,155.734,17467
1737108000,155.735,155.806,155.608,155.693,15128
1737115200,155.696,155.751,155.556,155.684,17045
1737122400,155.687,156.194,155.654,156.106,27601
1737129600,156.101,156.374,156.101,156.26,18612
1737136800,156.259,156.288,156.122,156.145,10976
1737144000,156.148,156.303,156.097,156.273,7933
1737324000,156.214,156.584,156.179,156.309,6879
1737331200,156.316,156.363,155.865,155.926,15846
1737338400,155.924,156.053,155.709,155.741,11091
1737345600,155.742,156.066,155.732,156.062,8734
1737352800,156.063,156.284,155.961,155.991,13671
1737360000,155.992,156.364,155.945,156.283,15405
1737367200,156.282,156.462,156.231,156.341,11339
1737374400,156.339,156.471,155.719,155.721,19370
1737381600,155.715,155.935,155.414,155.691,29784
1737388800,155.69,156.053,155.598,155.826,18118
1737396000,155.822,155.902,155.594,155.641,9670
1737403200,155.642,155.722,155.489,155.635,12821
1737410400,155.564,155.655,155.164,155.277,8812
1737417600,155.278,156.234,154.9,155.545,29989
1737424800,155.546,155.582,154.777,155.188,21290
1737432000,155.189,155.327,154.95,155.31,13109
1737439200,155.327,155.75,155.323,155.677,16525
1737446400,155.678,155.958,155.612,155.899,19372
1737453600,155.9,156.055,155.808,155.914,16404
1737460800,155.912,155.954,155.461,155.489,19291
1737468000,155.485,155.733,155.253,155.33,29165
1737475200,155.332,155.582,155.306,155.574,18954
1737482400,155.574,155.596,155.426,155.556,12299
1737489600,155.555,155.596,155.471,155.497,7814
1737496800,155.455,155.837,155.412,155.743,8837
1737504000,155.757,155.769,155.353,155.686,19020
1737511200,155.688,155.961,155.63,155.921,12669
1737518400,155.922,155.955,155.714,155.831,10984
1737525600,155.831,156.075,155.683,156.049,16809
1737532800,156.043,156.115,155.552,155.674,20007
1737540000,155.673,155.897,155.63,155.873,13642
1737547200,155.872,156.052,155.746,155.893,18253
1737554400,155.894,156.424,155.812,156.401,23911
1737561600,156.402,156.71,156.377,156.617,17871
1737568800,156.619,156.627,156.471,156.522,12428
1737576000,156.521,156.589,156.444,156.523,9088
1737583200,156.458,156.521,156.382,156.435,4619
1737590400,156.444,156.56,156.285,156.553,16004
1737597600,156.547,156.611,156.45,156.501,11289
1737604800,156.502,156.754,156.475,156.703,11292
1737612000,156.704,156.724,156.484,156.608,16246
1737619200,156.607,156.636,156.352,156.379,19075
1737626400,156.383,156.558,156.203,156.548,15049
1737633600,156.549,156.598,156.105,156.207,19490
1737640800,156.198,156.473,156.135,156.169,23029
1737648000,156.166,156.389,155.862,155.917,24970
1737655200,155.917,156.037,155.743,155.805,12603
1737662400,155.806,156.069,155.754,156.066,8707
1737669600,156.054,156.179,155.953,156.138,4037
1737676800,156.137,156.354,156.004,156.309,15410
1737684000,156.307,156.415,155.428,155.484,23271
1737691200,155.484,155.516,155.004,155.356,20323
1737698400,155.358,155.724,154.844,155.384,26716
1737705600,155.381,155.629,154.938,155.585,27425
1737712800,155.586,156.11,155.553,156.1,20281
1737720000,156.109,156.581,156.063,156.322,21826
1737727200,156.326,156.488,155.632,155.73,29572
1737734400,155.729,155.816,155.516,155.744,18224
1737741600,155.742,156.025,155.725,155.818,12903
1737748800,155.821,155.984,155.817,155.937,6634
1737928800,155.698,155.836,155.573,155.722,8317
1737936000,155.729,155.848,155.291,155.488,19710
1737943200,155.494,155.877,155.426,155.798,13791
1737950400,155.8,156.096,155.788,156.065,12821
1737957600,156.067,156.249,155.684,155.88,19557
1737964800,155.883,155.911,154.466,154.603,29724
1737972000,154.597,154.597,153.713,153.964,32418
1737979200,153.96,154.462,153.863,154.202,29522
1737986400,154.201,154.685,153.952,154.342,32158
1737993600,154.342,154.434,154.104,154.294,25799
1738000800,154.298,154.719,154.224,154.546,19615
1738008000,154.545,154.7,154.46,154.508,13176
1738015200,154.459,154.98,154.457,154.917,12263
1738022400,154.91,155.631,154.799,155.49,24382
1738029600,155.491,155.747,155.396,155.738,19202
1738036800,155.736,155.949,155.649,155.702,13983
1738044000,155.701,155.981,155.52,155.862,18350
1738051200,155.864,155.934,155.255,155.449,24241
1738058400,155.447,155.498,155.206,155.433,14319
1738065600,155.436,155.567,155.219,155.49,19558
1738072800,155.489,155.746,155.049,155.717,26079
1738080000,155.717,155.759,155.551,155.604,17177
1738087200,155.602,155.729,155.506,155.535,14001
1738094400,155.536,155.605,155.491,155.526,9088
1738101600,155.494,155.617,155.475,155.563,3240
1738108800,155.562,155.792,155.43,155.715,14862
1738116000,155.713,155.781,155.32,155.426,12739
1738123200,155.425,155.435,155.002,155.015,12509
1738130400,155.017,155.406,155.003,155.289,17526
1738137600,155.296,155.364,155.008,155.344,20718
1738144800,155.343,155.525,155.317,155.421,15632
1738152000,155.422,155.498,155.255,155.422,19790
1738159200,155.421,155.442,154.94,155.01,23822
1738166400,155.004,155.243,154.97,155.056,19007
1738173600,155.058,155.61,155.003,155.244,25439
1738180800,155.249,155.391,155.099,155.245,18365
1738188000,155.157,155.244,155.033,155.178,8494
1738195200,155.179,155.201,154.459,154.643,21581
1738202400,154.644,154.663,154.276,154.53,18218
1738209600,154.531,154.68,154.416,154.485,12694
1738216800,154.485,154.736,154.351,154.496,15383
1738224000,154.54,154.65,154.315,154.448,21523
1738231200,154.449,154.603,154.353,154.593,16156
1738238400,154.584,154.598,153.836,153.909,25195
1738245600,153.901,154.226,153.789,154.136,30955
1738252800,154.143,154.475,154.076,154.296,20799
1738260000,154.297,154.496,154.085,154.111,15546
1738267200,154.11,154.456,153.995,154.269,19169
1738274400,154.222,154.504,154.062,154.088,7358
1738281600,154.089,154.366,153.916,154.093,20210
1738288800,154.093,154.424,153.933,154.357,16517
1738296000,154.358,154.877,154.312,154.718,16047
1738303200,154.712,154.934,154.578,154.654,20247
1738310400,154.657,154.814,154.485,154.719,21716
1738317600,154.72,154.855,154.6,154.842,15137
1738324800,154.845,155.022,154.739,154.799,20365
1738332000,154.796,154.978,154.524,154.818,28839
1738339200,154.821,155.004,154.664,154.765,26214
1738346400,154.765,155.221,154.757,155.14,21307
1738353600,155.136,155.209,155.02,155.187,15921
1738533600,154.759,155.439,154.752,155.35,17945
1738540800,155.367,155.883,155.353,155.708,30294
1738548000,155.71,155.875,155.471,155.654,21271
1738555200,155.653,155.748,155.464,155.576,16387
1738562400,155.577,155.666,155.281,155.623,22573
1738569600,155.625,155.715,154.998,155.004,26051
1738576800,155.007,155.131,154.597,154.609,22361
1738584000,154.611,154.834,154.291,154.651,25768
1738591200,154.652,154.863,154.012,154.726,38157
1738598400,154.728,154.864,154.52,154.653,29546
1738605600,154.652,155.011,154.573,154.897,20055
1738612800,154.894,154.926,154.552,154.775,16705
1738620000,154.702,155.297,154.688,155.268,12439
1738627200,155.267,155.407,155.046,155.109,19600
1738634400,155.113,155.305,155.044,155.211,14121
1738641600,155.21,155.334,154.828,155.249,19137
1738648800,155.25,155.391,155.159,155.326,19354
1738656000,155.321,155.527,155.07,155.341,24846
1738663200,155.338,155.364,155.147,155.317,16490
1738670400,155.316,155.397,155.239,155.261,19295
1738677600,155.263,155.266,154.54,154.678,30258
1738684800,154.679,154.679,154.25,154.27,23756
1738692000,154.27,154.34,154.172,154.288,15697
1738699200,154.286,154.349,154.232,154.339,11015
1738706400,154.332,154.461,154.037,154.133,7577
1738713600,154.134,154.359,153.465,153.608,25275
1738720800,153.599,153.642,153.088,153.222,21295
1738728000,153.216,153.57,153.114,153.424,17151
1738735200,153.431,153.453,153.066,153.305,20793
1738742400,153.305,153.395,152.646,152.843,25520
1738749600,152.841,152.887,152.551,152.876,19583
1738756800,152.877,153.11,152.743,153.048,24211
1738764000,153.045,153.208,152.114,152.135,33311
1738771200,152.14,152.446,152.109,152.293,21928
1738778400,152.292,152.543,152.246,152.525,14945
1738785600,152.523,152.77,152.523,152.589,13662
1738792800,152.564,152.753,152.469,152.652,5159
1738800000,152.648,152.69,151.812,152.022,22066
1738807200,152.022,152.301,151.935,152.24,16610
1738814400,152.239,152.515,152.131,152.423,13044
1738821600,152.422,152.672,152.402,152.583,17668
1738828800,152.582,152.896,152.45,152.661,23374
1738836000,152.662,152.681,152.364,152.433,18453
1738843200,152.433,152.531,152.054,152.08,27071
1738850400,152.085,152.215,151.658,151.693,29545
1738857600,151.691,152.063,151.669,151.873,21171
1738864800,151.872,151.885,151.237,151.388,21204
1738872000,151.391,151.539,151.355,151.455,11145
1738879200,151.384,151.476,151.159,151.172,6994
1738886400,151.168,151.659,150.959,151.579,21662
1738893600,151.581,151.738,151.442,151.584,16284
1738900800,151.583,151.791,151.54,151.718,12290
1738908000,151.719,151.887,151.591,151.823,17235
1738915200,151.824,151.894,151.667,151.825,19863
1738922400,151.824,152.185,151.802,152.155,16640
1738929600,152.157,152.429,151.327,151.953,25398
1738936800,151.954,152.005,151.276,151.388,36332
1738944000,151.388,151.854,150.931,151.665,33934
1738951200,151.666,151.739,151.2,151.38,21092
1738958400,151.381,151.45,151.257,151.441,14048
1739138400,151.308,151.883,151.184,151.877,10394
1739145600,151.874,152.139,151.623,152.011,21664
1739152800,152.008,152.215,151.883,151.92,16155
1739160000,151.921,152.051,151.825,151.952,12547
1739167200,151.947,152.187,151.772,152.166,18487
1739174400,152.168,152.536,152.128,152.196,22035
1739181600,152.194,152.308,152.014,152.123,16334
1739188800,152.116,152.248,151.805,151.867,19891
1739196000,151.865,151.865,151.569,151.61,23149
1739203200,151.612,151.922,151.575,151.867,16072
1739210400,151.866,152.073,151.86,151.978,13937
1739217600,151.982,152.033,151.922,151.992,9331
1739224800,151.944,151.974,151.754,151.793,5601
1739232000,151.791,152.062,151.685,152.019,14980
1739239200,152.016,152.05,151.915,151.98,13270
1739246400,151.978,152.039,151.942,151.952,7680
1739253600,151.96,152.049,151.834,151.953,14362
1739260800,151.951,152.099,151.647,151.945,21433
1739268000,151.944,152.375,151.942,152.34,16221
1739275200,152.346,152.509,152.221,152.305,20287
1739282400,152.305,152.597,152.225,152.493,26476
1739289600,152.492,152.536,152.248,152.37,18521
1739296800,152.368,152.559,152.292,152.493,17243
1739304000,152.495,152.607,152.426,152.493,12681
1739311200,152.428,152.774,152.361,152.774,6457
1739318400,152.772,153.489,152.729,153.474,21914
1739325600,153.473,153.686,153.351,153.634,18386
1739332800,153.633,153.737,153.526,153.539,17204
1739340000,153.538,153.706,153.415,153.681,18226
1739347200,153.68,153.888,153.415,153.518,20748
1739354400,153.517,153.696,153.462,153.554,15428
1739361600,153.555,154.457,153.268,154.414,24752
1739368800,154.419,154.619,154.143,154.443,31863
1739376000,154.442,154.802,154.316,154.354,24737
1739383200,154.35,154.496,154.283,154.43,17128
1739390400,154.431,154.482,154.329,154.402,12124
1739397600,154.369,154.472,154.192,154.237,5526
1739404800,154.234,154.67,154.118,154.259,20645
1739412000,154.26,154.352,154.158,154.244,16984
1739419200,154.245,154.494,154.135,154.169,17034
1739426400,154.178,154.317,153.954,154.277,19938
1739433600,154.274,154.343,153.899,153.98,22071
1739440800,153.978,154.018,153.734,153.847,17228
1739448000,153.847,154.016,153.427,153.519,25847
1739455200,153.52,153.722,153.076,153.136,30301
1739462400,153.138,153.198,152.925,153.172,20941
1739469600,153.166,153.349,152.772,152.932,21826
1739476800,152.932,152.991,152.699,152.802,11038
1739484000,152.785,153.155,152.755,152.986,6943
1739491200,152.998,153.104,152.443,152.57,21054
1739498400,152.581,153.008,152.525,152.839,14166
1739505600,152.837,152.896,152.558,152.617,11034
1739512800,152.61,152.745,152.382,152.728,18189
1739520000,152.734,152.842,152.48,152.516,23100
1739527200,152.516,152.741,152.466,152.707,16053
1739534400,152.703,152.828,152.095,152.182,22734
1739541600,152.181,152.376,152.066,152.139,27683
1739548800,152.138,152.348,152.023,152.297,18336
1739556000,152.295,152.391,152.179,152.215,11732
1739563200,152.216,152.354,152.216,152.349,10150
1739743200,152.205,152.392,151.97,152.009,7506
1739750400,152.008,152.117,151.737,151.897,21367
1739757600,151.901,151.937,151.508,151.619,17562
1739764800,151.62,151.776,151.473,151.526,16460
1739772000,151.525,151.894,151.492,151.868,19571
1739779200,151.871,151.946,151.724,151.806,18684
1739786400,151.805,151.842,151.495,151.507,15709
1739793600,151.504,151.539,151.4,151.476,14885
1739800800,151.475,151.499,151.338,151.367,14330
1739808000,151.369,151.451,151.341,151.385,8802
1739815200,151.381,151.425,151.363,151.402,6744
1739822400,151.403,151.531,151.377,151.503,7335
1739829600,151.434,151.624,151.227,151.439,5201
1739836800,151.438,151.801,151.416,151.732,21054
1739844000,151.732,152.096,151.691,152.083,17400
1739851200,152.084,152.222,151.989,152.006,16725
1739858400,152,152.076,151.794,152.055,18365
1739865600,152.055,152.104,151.789,151.84,18470
1739872800,151.843,151.846,151.68,151.784,15307
1739880000,151.782,151.882,151.631,151.695,18909
1739887200,151.696,151.859,151.529,151.654,22578
1739894400,151.654,151.967,151.647,151.935,16664
1739901600,151.936,152.045,151.873,151.926,15754
1739908800,151.927,152.127,151.927,152.066,12240
1739916000,151.991,152.101,151.915,151.924,7162
1739923200,151.923,152.163,151.743,152.137,20176
1739930400,152.135,152.315,151.859,151.89,18608
1739937600,151.889,151.94,151.706,151.759,15235
1739944800,151.76,151.784,151.588,151.662,19973
1739952000,151.663,151.86,151.55,151.656,21974
1739959200,151.655,151.957,151.653,151.842,19134
1739966400,151.85,151.93,151.691,151.697,20918
1739973600,151.694,151.725,151.246,151.414,26763
1739980800,151.423,151.761,151.422,151.71,17765
1739988000,151.711,151.833,151.394,151.522,17934
1739995200,151.524,151.573,151.451,151.472,10609
1740002400,151.439,151.439,151.126,151.223,7511
1740009600,151.224,151.237,150.58,150.637,27406
1740016800,150.644,150.761,150.385,150.433,22232
1740024000,150.427,150.485,150.184,150.407,18665
1740031200,150.408,150.413,149.946,150.172,21196
1740038400,150.173,150.432,150.162,150.311,20775
1740045600,150.31,150.317,149.981,150.224,17381
1740052800,150.226,150.232,149.707,150.084,26380
1740060000,150.083,150.219,149.467,149.511,32154
1740067200,149.514,149.739,149.395,149.472,23571
1740074400,149.473,149.815,149.462,149.779,15875
1740081600,149.778,149.825,149.601,149.617,11662
1740088800,149.607,149.666,149.279,149.484,9652
1740096000,149.476,150.447,149.471,150.346,26245
1740103200,150.35,150.736,150.158,150.312,18553
1740110400,150.313,150.49,150.12,150.364,13980
1740117600,150.364,150.658,150.294,150.548,20062
1740124800,150.556,150.617,150.26,150.475,26226
1740132000,150.472,150.535,150.187,150.275,13671
1740139200,150.275,150.513,150.25,150.434,19772
1740146400,150.434,150.445,149.51,149.553,32348
1740153600,149.552,149.621,149.201,149.216,24560
1740160800,149.215,149.226,148.923,149.075,27006
1740168000,149.076,149.345,148.999,149.329,17156
1740348000,149.252,149.405,149.091,149.402,9552
1740355200,149.394,149.4,148.845,149.24,28264
1740362400,149.25,149.498,149.117,149.163,22957
1740369600,149.168,149.465,149.13,149.405,17075
1740376800,149.403,149.547,149.324,149.458,23211
1740384000,149.459,149.602,149.231,149.564,24804
1740391200,149.559,149.795,149.552,149.734,16947
1740398400,149.731,149.876,149.606,149.765,22195
1740405600,149.766,149.826,149.185,149.298,34835
1740412800,149.299,149.764,149.295,149.58,27340
1740420000,149.579,149.8,149.388,149.677,20133
1740427200,149.681,149.795,149.615,149.709,14981
1740434400,149.657,149.918,149.629,149.915,8637
1740441600,149.916,150.303,149.915,150.055,23826
1740448800,150.052,150.093,149.611,149.668,18931
1740456000,149.667,149.772,149.462,149.713,17823
1740463200,149.712,149.873,149.193,149.281,23502
1740470400,149.283,149.757,149.223,149.601,29213
1740477600,149.6,149.958,149.594,149.806,24110
1740484800,149.807,149.819,149.343,149.437,27645
1740492000,149.437,149.538,148.563,149.068,37145
1740499200,149.064,149.26,148.778,149.076,29843
1740506400,149.074,149.248,149.002,149.078,25409
1740513600,149.072,149.097,148.907,149.022,18033
1740520800,148.972,149.183,148.849,149.051,7364
1740528000,149.052,149.235,148.626,149.225,23451
1740535200,149.228,149.52,149.174,149.395,20043
1740542400,149.394,149.633,149.282,149.436,18603
1740549600,149.435,149.633,149.331,149.53,23424
1740556800,149.529,149.544,149.251,149.361,24578
1740564000,149.361,149.593,149.225,149.547,21639
1740571200,149.548,149.688,149.311,149.539,27017
1740578400,149.542,149.887,149.291,149.489,34674
1740585600,149.488,149.53,149.01,149.15,30131
1740592800,149.148,149.156,148.812,148.84,26406
1740600000,148.844,149.232,148.831,149.084,19256
1740607200,149.003,149.073,148.742,148.877,6941
1740614400,148.881,149.403,148.783,149.36,24450
1740621600,149.37,149.384,149.171,149.222,17213
1740628800,149.221,149.371,149.074,149.341,17153
1740636000,149.342,149.427,149.187,149.27,21440
1740643200,149.268,149.967,149.158,149.843,27325
1740650400,149.843,149.973,149.681,149.796,21087
1740657600,149.794,149.882,149.355,149.724,28418
1740664800,149.719,150.143,149.543,149.942,41052
1740672000,149.94,150.164,149.764,149.968,31682
1740679200,149.967,150.155,149.786,149.863,24169
1740686400,149.861,149.863,149.628,149.792,21127
1740693600,149.796,150.108,149.542,150.092,8352
1740700800,150.091,150.144,149.271,149.299,28556
1740708000,149.298,149.63,149.101,149.604,21346
1740715200,149.605,149.883,149.517,149.831,17756
1740722400,149.832,150.569,149.789,150.434,25002
1740729600,150.435,150.689,150.188,150.253,26560
1740736800,150.251,150.487,150.241,150.389,16208
1740744000,150.387,150.99,150.382,150.65,28037
1740751200,150.648,150.869,150.283,150.673,38225
1740758400,150.686,150.791,150.233,150.365,34202
1740765600,150.358,150.598,150.241,150.545,30920
1740772800,150.546,150.622,150.441,150.575,18287
1740952800,150.696,151.022,150.644,150.809,10324
1740960000,150.81,150.949,150.316,150.409,28045
1740967200,150.412,150.489,150.244,150.453,21971
1740974400,150.452,150.529,150.323,150.413,15959
1740981600,150.412,150.527,150.154,150.172,23200
1740988800,150.174,150.373,149.946,150.344,26443
1740996000,150.351,151.234,150.351,151.207,27505
1741003200,151.206,151.304,150.94,150.968,29096
1741010400,150.97,150.973,150.078,150.236,36436
1741017600,150.253,150.375,150.049,150.181,30345
1741024800,150.181,150.306,150.06,150.256,28498
1741032000,150.256,150.259,149.095,149.502,29310
1741039200,149.502,149.631,149.144,149.305,10088
1741046400,149.314,149.531,148.598,148.934,31112
1741053600,148.93,149.421,148.842,149.168,25202
1741060800,149.167,149.462,148.93,149.379,24390
1741068000,149.384,149.579,149.061,149.353,29370
1741075200,149.35,149.453,148.795,149.05,35830
1741082400,149.041,149.044,148.288,148.366,29632
1741089600,148.353,148.563,148.095,148.211,33406
1741096800,148.21,148.709,148.194,148.355,44719
1741104000,148.354,148.92,148.302,148.743,37528
1741111200,148.745,149.37,148.703,149.319,33979
1741118400,149.32,149.88,149.011,149.794,31611
1741125600,149.7,149.974,149.642,149.829,7841
1741132800,149.824,150.187,149.577,149.973,29119
1741140000,149.972,150.099,149.714,149.969,24870
1741147200,149.969,149.974,149.694,149.713,18725
1741154400,149.715,149.817,149.415,149.448,26911
1741161600,149.451,149.639,149.095,149.374,31810
1741168800,149.381,149.569,149.29,149.398,26993
1741176000,149.402,149.741,148.939,149.021,35866
1741183200,149.024,149.107,148.391,148.913,43619
1741190400,148.91,148.985,148.476,148.861,38767
1741197600,148.863,149.143,148.767,148.79,30550
1741204800,148.788,148.997,148.737,148.882,19536
1741212000,148.855,148.945,148.724,148.884,6619
1741219200,148.876,149.333,148.859,148.996,22042
1741226400,148.993,149.284,148.949,149.237,19791
1741233600,149.238,149.31,148.932,148.934,18724
1741240800,148.932,148.962,148.263,148.37,29486
1741248000,148.37,148.418,147.782,147.886,36632
1741255200,147.885,148.074,147.695,147.83,28090
1741262400,147.828,147.878,147.352,147.422,34066
1741269600,147.423,148.317,147.31,148.237,44592
1741276800,148.243,148.393,147.648,147.919,40307
1741284000,147.917,147.961,147.571,147.691,32463
1741291200,147.692,148.06,147.663,147.977,22088
1741298400,147.946,148.153,147.778,148.152,7163
1741305600,148.15,148.166,147.658,147.902,25164
1741312800,147.901,148.037,147.439,147.608,20278
1741320000,147.607,147.754,147.453,147.456,18128
1741327200,147.455,147.751,147.391,147.653,26550
1741334400,147.652,147.754,147.203,147.443,33334
1741341600,147.443,147.747,147.382,147.697,25348
1741348800,147.695,147.964,147.118,147.231,34846
1741356000,147.232,147.729,146.941,147.525,44450
1741363200,147.523,147.705,146.962,147.488,39898
1741370400,147.487,148.201,147.482,148.033,34197
1741377600,148.04,148.12,147.839,148.018,19146
1741554000,147.956,147.956,147.483,147.483,10146
1741561200,147.479,147.649,147.23,147.294,22293
1741568400,147.282,147.631,147.09,147.602,22575
1741575600,147.601,147.759,147.539,147.635,14934
1741582800,147.636,147.794,147.504,147.701,17558
1741590000,147.695,147.791,147.136,147.187,28870
1741597200,147.187,147.359,146.915,146.918,29017
1741604400,146.919,147.153,146.723,147.019,30324
1741611600,147.018,147.178,146.633,146.77,40379
1741618800,146.768,147.307,146.753,147.259,35453
1741626000,147.261,147.386,147.034,147.239,30935
1741633200,147.232,147.467,147.084,147.263,24335
1741640400,147.267,147.278,146.952,146.991,6589
1741647600,146.991,147.101,146.541,146.749,26125
1741654800,146.748,147.192,146.594,146.921,29121
1741662000,146.923,147.223,146.913,146.974,21173
1741669200,146.971,147.403,146.922,147.236,20238
1741676400,147.235,147.3,146.759,147.29,31180
1741683600,147.288,147.644,147.216,147.56,27653
1741690800,147.557,147.936,147.335,147.769,28426
1741698000,147.771,148.118,147.267,147.358,44211
1741705200,147.349,147.746,147.248,147.295,40753
1741712400,147.292,147.918,147.024,147.83,37012
1741719600,147.831,147.867,147.613,147.769,24947
1741726800,147.772,147.941,147.622,147.898,5025
1741734000,147.897,148.153,147.812,148.133,18878
1741741200,148.129,148.154,147.847,148.042,18128
1741748400,148.041,148.272,147.922,148.151,15599
1741755600,148.149,148.408,147.958,148.358,17878
1741762800,148.359,148.652,148.262,148.339,26974
1741770000,148.341,148.77,148.306,148.682,20867
1741777200,148.683,149.196,148.141,149.129,28421
1741784400,149.125,149.152,148.291,148.32,37922
1741791600,148.316,148.446,148.195,148.285,32117
1741798800,148.284,148.416,148.111,148.346,28003
1741806000,148.345,148.382,148.255,148.256,17996
1741813200,148.198,148.295,148.1,148.227,3970
1741820400,148.229,148.373,148.091,148.112,15414
1741827600,148.108,148.329,148.073,148.177,18537
1741834800,148.176,148.254,147.825,147.849,15927
1741842000,147.848,147.931,147.579,147.791,21488
1741849200,147.79,147.94,147.685,147.921,28738
1741856400,147.92,148.234,147.819,148.154,22133
1741863600,148.154,148.257,147.736,148.21,30052
1741870800,148.208,148.356,147.841,147.879,36164
1741878000,147.882,147.983,147.532,147.587,34566
1741885200,147.587,147.789,147.414,147.744,28339
1741892400,147.743,147.823,147.634,147.807,18378
1741899600,147.783,147.978,147.715,147.938,4859
1741906800,147.933,148.329,147.849,148.298,16933
1741914000,148.296,148.433,148.152,148.248,16710
1741921200,148.25,148.557,148.248,148.498,15192
1741928400,148.498,148.757,148.427,148.707,17459
1741935600,148.706,149.021,148.555,148.879,27759
1741942800,148.882,149.001,148.609,148.802,23901
1741950000,148.802,148.821,148.587,148.659,24228
1741957200,148.656,148.896,148.352,148.461,32623
1741964400,148.462,148.569,148.259,148.356,27645
1741971600,148.347,148.587,148.32,148.539,17857
1741978800,148.537,148.661,148.503,148.6,10632
1742158800,148.769,148.846,148.57,148.571,6903
1742166000,148.574,148.889,148.458,148.797,17361
1742173200,148.799,148.9,148.538,148.649,17963
1742180400,148.652,149.043,148.572,149.041,14185
1742187600,149.04,149.098,148.802,148.966,16885
1742194800,148.974,148.997,148.686,148.923,22522
1742202000,148.923,148.935,148.483,148.498,20609
1742209200,148.498,148.951,148.254,148.818,24812
1742216400,148.817,149.097,148.566,148.601,35677
1742223600,148.601,148.731,148.442,148.728,24600
1742230800,148.731,149.244,148.7,149.178,19414
1742238000,149.182,149.285,149.05,149.212,14012
1742245200,149.165,149.333,149.11,149.327,3857
1742252400,149.33,149.49,149.25,149.467,15059
1742259600,149.466,149.727,149.386,149.672,16105
1742266800,149.669,149.734,149.54,149.56,11361
1742274000,149.559,149.88,149.512,149.736,14090
1742281200,149.738,149.9,149.652,149.75,19701
1742288400,149.747,149.848,149.599,149.653,19638
1742295600,149.653,149.936,149.564,149.844,20564
1742302800,149.845,149.897,149.449,149.667,32492
1742310000,149.663,149.7,149.28,149.422,27256
1742317200,149.409,149.422,149.098,149.236,23170
1742324400,149.235,149.392,149.143,149.271,14441
1742331600,149.246,149.403,149.19,149.391,3803
1742338800,149.407,149.646,149.282,149.607,16553
1742346000,149.61,149.646,149.205,149.422,15112
1742353200,149.423,149.573,149.301,149.533,11083
1742360400,149.535,150.025,149.534,149.668,16314
1742367600,149.668,149.687,149.14,149.629,27226
1742374800,149.63,149.81,149.57,149.777,15859
1742382000,149.776,149.885,149.598,149.794,17951
1742389200,149.79,150.148,149.742,149.88,25428
1742396400,149.876,150.05,149.812,149.941,19023
1742403600,149.937,149.999,148.664,148.829,27489
1742410800,148.835,149.144,148.603,148.69,24264
1742418000,148.691,148.873,148.548,148.598,6144
1742425200,148.602,148.715,148.279,148.301,14541
1742432400,148.3,148.434,148.18,148.433,15929
1742439600,148.436,148.452,148.303,148.399,10191
1742446800,148.4,148.466,148.178,148.281,11835
1742454000,148.287,148.688,148.253,148.545,21559
1742461200,148.544,148.781,148.436,148.598,23779
1742468400,148.596,148.698,148.399,148.561,22146
1742475600,148.563,148.926,148.45,148.701,30391
1742482800,148.706,148.962,148.681,148.756,26021
1742490000,148.757,148.928,148.713,148.805,20894
1742497200,148.805,148.863,148.749,148.779,13180
1742504400,148.764,148.797,148.657,148.722,3282
1742511600,148.722,149.032,148.583,148.994,16222
1742518800,148.991,149.194,148.931,149.073,15886
1742526000,149.07,149.484,148.982,149.416,13074
1742533200,149.415,149.635,149.413,149.574,15471
1742540400,149.58,149.665,149.247,149.479,21047
1742547600,149.484,149.484,149.196,149.201,17895
1742554800,149.2,149.223,148.637,148.674,20888
1742562000,148.668,148.998,148.604,148.871,31484
1742569200,148.876,149.258,148.706,149.242,26849
1742576400,149.239,149.318,149.156,149.22,18809
1742583600,149.209,149.365,149.161,149.32,10545
1742763600,149.344,149.637,149.335,149.581,6524
1742770800,149.58,149.779,149.457,149.74,17062
1742778000,149.739,149.957,149.68,149.836,14934
1742785200,149.836,149.909,149.709,149.77,9994
1742792400,149.771,149.87,149.53,149.664,15333
1742799600,149.663,149.848,149.531,149.625,21146
1742806800,149.615,149.714,149.494,149.605,18602
1742814000,149.604,149.87,149.604,149.826,16974
1742821200,149.818,150.544,149.749,150.471,26763
1742828400,150.468,150.759,150.446,150.576,22824
1742835600,150.575,150.649,150.484,150.544,17962
1742842800,150.549,150.719,150.502,150.7,11234
1742850000,150.625,150.76,150.603,150.727,4119
1742857200,150.731,150.945,150.659,150.936,15573
1742864400,150.934,150.939,150.583,150.769,15067
1742871600,150.768,150.795,150.51,150.559,12703
1742878800,150.557,150.577,150.414,150.55,12180
1742886000,150.547,150.767,150.54,150.625,18677
1742893200,150.626,150.671,150.176,150.209,17734
1742900400,150.21,150.261,149.862,149.968,18527
1742907600,149.969,149.982,149.665,149.725,26637
1742914800,149.727,149.83,149.55,149.776,22366
1742922000,149.779,149.863,149.713,149.851,13845
1742929200,149.848,149.942,149.848,149.901,10952
1742936400,149.886,149.983,149.854,149.958,3356
1742943600,149.958,150.194,149.836,150.176,13978
1742950800,150.175,150.281,150.049,150.26,16380
1742958000,150.259,150.548,150.238,150.54,12255
1742965200,150.541,150.625,150.439,150.443,15919
1742972400,150.45,150.59,150.094,150.121,20081
1742979600,150.124,150.226,150.017,150.188,15832
1742986800,150.188,150.439,150.113,150.393,17613
1742994000,150.392,150.598,150.309,150.558,28127
1743001200,150.559,150.747,150.409,150.572,24990
1743008400,150.57,150.719,150.313,150.455,22892
1743015600,150.456,150.601,150.447,150.596,13794
1743022800,150.525,150.6,150.309,150.31,8207
1743030000,150.309,150.623,150.286,150.485,14611
1743037200,150.483,150.483,150.086,150.178,17111
1743044400,150.179,150.261,150.059,150.197,11803
1743051600,150.196,150.452,150.139,150.393,14684
1743058800,150.393,150.631,150.276,150.628,23917
1743066000,150.626,150.98,150.598,150.929,19416
1743073200,150.93,151.093,150.672,150.729,22019
1743080400,150.728,151.06,150.58,151.015,32321
1743087600,151.014,151.158,150.658,151.012,26489
1743094800,151.007,151.147,150.963,151.114,20598
1743102000,151.109,151.148,151.019,151.036,11734
1743109200,151.042,151.119,151,151.053,3320
1743116400,151.045,151.21,150.764,150.963,17337
1743123600,150.962,150.977,150.702,150.832,16858
1743130800,150.834,150.941,150.712,150.872,11103
1743138000,150.873,150.939,150.609,150.612,13931
1743145200,150.621,150.652,150.36,150.535,21967
1743152400,150.534,150.734,150.501,150.719,15788
1743159600,150.718,150.924,150.565,150.643,21913
1743166800,150.645,150.787,149.91,150.098,37011
1743174000,150.095,150.33,149.999,150.09,28517
1743181200,150.092,150.137,149.86,149.963,19613
1743188400,149.959,150.004,149.686,149.858,13129
1743368400,149.755,149.8,149.399,149.485,9001
1743375600,149.481,149.64,149.065,149.296,23949
1743382800,149.298,149.38,148.724,148.893,24900
1743390000,148.894,149.148,148.736,149.079,16662
1743397200,149.08,149.248,148.808,148.999,22280
1743404400,149,149.291,148.699,149.058,31318
1743411600,149.053,149.432,148.968,149.325,22363
1743418800,149.326,149.643,149.153,149.599,24935
1743426000,149.598,149.889,149.406,149.515,36045
1743433200,149.515,149.986,149.46,149.896,26558
1743440400,149.897,150.268,149.873,150.122,20673
1743447600,150.121,150.154,149.874,149.959,17183
1743454800,149.924,149.987,149.831,149.895,5270
1743462000,149.883,150.144,149.676,149.735,19066
1743469200,149.734,149.913,149.629,149.846,18654
1743476400,149.849,149.915,149.53,149.562,13780
1743483600,149.557,149.989,149.548,149.944,19828
1743490800,149.941,149.95,149.501,149.668,22507
1743498000,149.668,149.721,149.356,149.403,22449
1743505200,149.412,149.435,149.123,149.386,24685
1743512400,149.389,149.545,148.977,149.284,35915
1743519600,149.291,149.744,149.21,149.515,32608
1743526800,149.514,149.562,149.236,149.401,23723
1743534000,149.398,149.65,149.389,149.615,15967
1743541200,149.555,149.886,149.488,149.823,5986
1743548400,149.824,149.92,149.688,149.795,18008
1743555600,149.794,149.951,149.761,149.794,15098
1743562800,149.793,149.916,149.711,149.901,10042
1743570000,149.896,150,149.728,149.765,14951
1743577200,149.761,149.825,149.521,149.658,21364
1743584400,149.657,149.719,149.317,149.406,21102
1743591600,149.416,149.43,149.102,149.178,22694
1743598800,149.177,149.787,149.155,149.695,33207
1743606000,149.689,150.254,149.635,150.193,29050
1743613200,150.196,150.208,149.926,149.931,23443
1743620400,149.933,150.486,149.242,149.271,32566
1743627600,149.22,149.252,148.156,148.416,20160
1743634800,148.407,148.407,147.685,147.888,37122
1743642000,147.889,148.108,147.524,147.786,28122
1743649200,147.784,147.791,147.115,147.555,20991
1743656400,147.557,147.64,146.821,146.84,32971
1743663600,146.841,147.469,146.685,146.818,29930
1743670800,146.813,146.856,146.26,146.708,32110
1743678000,146.705,146.774,145.75,145.893,35083
1743685200,145.893,146.083,145.185,145.433,44915
1743692400,145.432,146.428,145.36,146.154,40147
1743699600,146.157,146.483,145.966,146.425,33063
1743706800,146.423,146.517,146.044,146.051,24962
1743714000,146.018,146.045,145.541,145.633,9687
1743721200,145.63,146.408,145.623,145.964,26451
1743728400,145.964,146.403,145.885,146.126,27456
1743735600,146.123,146.178,145.361,145.425,25243
1743742800,145.426,146.159,145.299,146.038,30787
1743750000,146.039,146.488,145.793,146.408,37957
1743757200,146.412,146.55,145.036,145.115,41810
1743764400,145.113,145.644,144.548,145.603,50118
1743771600,145.602,145.879,145.042,145.516,48384
1743778800,145.511,146.78,145.499,146.715,48370
1743786000,146.714,147.437,146.528,146.892,41933
1743793200,146.899,147.292,146.675,146.893,34980
1743973200,145.521,145.673,144.993,145.167,20441
1743980400,145.167,145.845,144.817,145.819,44104
1743987600,145.821,146.846,145.78,146.622,39776
1743994800,146.621,146.628,145.811,145.879,31072
1744002000,145.883,146.253,145.119,145.388,39887
1744009200,145.392,146.369,145.072,146.216,46375
1744016400,146.212,146.622,145.822,146.234,40389
1744023600,146.233,147.049,146.136,146.981,45347
1744030800,146.965,147.983,146.511,147.568,50839
1744038000,147.571,148.109,147.138,147.943,46740
1744045200,147.944,148.151,147.683,147.861,42698
1744052400,147.86,148.142,147.527,147.848,31051
1744059600,147.799,148.118,147.704,147.888,9157
1744066800,147.891,148.121,147.503,147.608,30798
1744074000,147.607,147.706,147.251,147.321,30473
1744081200,147.321,147.767,147.267,147.764,22267
1744088400,147.762,147.802,147.232,147.243,27311
1744095600,147.226,147.486,146.965,147.427,35879
1744102800,147.425,147.519,146.859,146.875,29407
1744110000,146.879,147.182,146.675,146.826,37578
1744117200,146.823,147.669,146.663,147.342,42902
1744124400,147.344,147.391,146.5,146.532,41676
1744131600,146.552,146.737,146.249,146.387,46028
1744138800,146.39,146.476,145.963,146.27,33546
1744146000,146.211,146.337,145.901,145.981,11603
1744153200,145.974,146.005,145.135,145.408,34500
1744160400,145.407,145.944,145.298,145.641,36370
1744167600,145.642,145.775,144.576,144.944,39242
1744174800,144.945,145.546,144.707,144.82,41847
1744182000,144.82,145.785,144.789,145.294,40480
1744189200,145.299,145.487,144.943,145.247,30112
1744196400,145.242,145.242,143.999,144.32,43334
1744203600,144.319,145.089,144.21,144.727,45526
1744210800,144.729,145.206,144.729,144.932,33772
1744218000,144.92,148.279,144.59,147.439,48047
1744225200,147.442,148.148,147.293,147.709,32017
1744232400,147.587,147.738,147.263,147.413,16788
1744239600,147.412,147.716,146.683,146.728,30819
1744246800,146.727,147.041,146.646,146.751,33170
1744254000,146.749,146.898,146.504,146.618,28287
1744261200,146.617,147.146,146.451,147.051,31040
1744268400,147.052,147.061,146.154,146.309,37606
1744275600,146.307,146.339,145.555,145.559,30625
1744282800,145.556,145.647,144.87,145.454,37165
1744290000,145.449,145.541,144.56,144.666,44582
1744297200,144.667,144.753,144.011,144.535,45499
1744304400,144.536,144.876,144.445,144.581,43575
1744311600,144.582,145.132,144.43,144.445,30852
1744318800,144.481,144.582,143.98,144.081,13456
1744326000,144.082,144.235,142.878,143.359,38533
1744333200,143.361,143.779,143.231,143.58,34590
1744340400,143.585,143.61,142.875,142.924,25643
1744347600,142.928,144.144,142.924,143.895,34462
1744354800,143.894,143.946,142.066,142.415,42665
1744362000,142.415,143.222,142.051,142.996,38516
1744369200,142.995,143.046,142.404,142.525,37534
1744376400,142.523,143.61,142.221,143.529,45859
1744383600,143.525,143.982,143.301,143.778,34149
1744390800,143.783,144.202,143.683,143.806,31974
1744398000,143.808,143.852,143.478,143.563,18826
1744578000,143.892,144.065,143.51,143.659,15830
1744585200,143.649,143.898,142.891,142.91,29916
1744592400,142.909,142.996,142.249,142.969,29914
1744599600,142.966,143.202,142.664,143.038,20558
1744606800,143.04,143.277,142.347,142.427,27576
1744614000,142.428,143.166,142.23,142.912,32572
1744621200,142.916,143.298,142.762,143.099,27289
1744628400,143.097,143.7,143.003,143.668,29886
1744635600,143.669,144.082,143.265,143.287,40346
1744642800,143.294,143.346,142.779,143.217,36025
1744650000,143.218,143.345,142.867,142.895,28050
1744657200,142.896,143.186,142.858,143.011,19288
1744664400,142.996,143.185,142.934,143.108,5286
1744671600,143.108,143.594,143.008,143.507,19817
1744678800,143.509,143.593,143.098,143.123,18926
1744686000,143.127,143.221,142.907,143.036,13820
1744693200,143.038,143.384,142.846,143.323,21954
1744700400,143.321,143.508,142.846,142.909,27540
1744707600,142.907,142.991,142.681,142.843,23093
1744714800,142.846,143.186,142.597,142.877,27560
1744722000,142.878,143.264,142.667,142.724,36144
1744729200,142.727,143.248,142.687,143.094,26186
1744736400,143.091,143.248,143.045,143.16,20230
1744743600,143.159,143.276,143.133,143.251,12897
1744750800,143.175,143.227,142.919,143.056,7042
1744758000,143.054,143.281,142.766,142.89,21362
1744765200,142.884,142.992,142.654,142.72,17081
1744772400,142.722,142.735,142.467,142.628,16151
1744779600,142.629,142.673,142.099,142.414,24789
1744786800,142.419,142.945,142.043,142.622,32727
1744794000,142.624,142.919,142.49,142.799,27018
1744801200,142.798,142.815,142.435,142.644,27456
1744808400,142.645,142.714,142.317,142.509,35148
1744815600,142.508,142.864,142.492,142.552,25715
1744822800,142.552,142.698,142.066,142.103,30959
1744830000,142.11,142.201,141.64,141.851,22970
1744837200,141.834,141.956,141.692,141.845,6550
1744844400,141.844,142.607,141.611,142.584,25069
1744851600,142.585,142.865,142.385,142.56,23085
1744858800,142.559,142.698,142.432,142.671,14118
1744866000,142.67,142.885,142.491,142.739,20977
1744873200,142.749,143.087,142.607,142.683,24419
1744880400,142.681,142.849,142.502,142.584,20696
1744887600,142.579,142.698,142.288,142.323,24522
1744894800,142.32,142.362,141.899,142.218,35065
1744902000,142.217,142.635,142.144,142.464,30348
1744909200,142.463,142.718,142.36,142.446,21493
1744916400,142.454,142.495,142.348,142.463,16839
1744923600,142.374,142.472,142.313,142.35,9422
1744930800,142.357,142.431,142.186,142.398,20847
1744938000,142.396,142.442,142.288,142.312,37845
1744945200,142.311,142.356,142.29,142.339,39078
1744952400,142.338,142.411,142.315,142.375,24648
1744959600,142.373,142.395,142.31,142.381,23472
1744966800,142.383,142.397,142.335,142.364,18801
1744974000,142.36,142.378,142.274,142.326,26488
1744981200,142.329,142.359,142.253,142.289,20592
1744988400,142.29,142.293,142.115,142.208,28676
1744995600,142.213,142.292,142.142,142.173,32637
1745002800,142.175,142.188,142.122,142.172,12698
1745182800,142.076,142.114,141.654,141.74,10883
1745190000,141.735,141.77,141.135,141.188,28640
1745197200,141.193,141.205,140.615,140.79,26493
1745204400,140.788,140.98,140.655,140.769,21726
1745211600,140.769,140.91,140.618,140.759,22608
1745218800,140.761,140.822,140.539,140.575,20817
1745226000,140.574,140.996,140.464,140.987,17484
1745233200,140.989,141.075,140.641,140.781,22587
1745240400,140.781,141.043,140.568,140.905,28972
1745247600,140.905,141.015,140.771,140.837,21829
1745254800,140.836,140.924,140.565,140.581,17828
1745262000,140.594,140.976,140.554,140.857,13214
1745269200,140.807,140.894,140.713,140.738,4555
1745276400,140.739,141.174,140.652,140.852,20236
1745283600,140.853,140.994,140.544,140.548,18743
1745290800,140.549,140.55,140.091,140.198,19052
1745298000,140.197,140.509,139.885,140.394,25545
1745305200,140.393,140.632,140.192,140.516,25438
1745312400,140.521,140.579,140.21,140.329,19698
1745319600,140.33,140.565,140.172,140.532,22867
1745326800,140.53,140.922,140.511,140.72,29243
1745334000,140.716,141.364,140.662,141.305,27875
1745341200,141.304,141.514,141.043,141.49,27035
1745348400,141.488,141.671,141.441,141.599,15375
1745355600,141.53,143.213,141.431,143.012,17865
1745362800,143.013,143.105,142.062,142.086,28701
1745370000,142.066,142.258,141.667,141.891,24452
1745377200,141.892,142.249,141.803,141.957,17341
1745384400,141.96,142.151,141.603,141.715,23608
1745391600,141.716,141.953,141.531,141.738,27456
1745398800,141.737,142.031,141.574,141.997,21880
1745406000,141.993,142.191,141.574,141.845,23756
1745413200,141.847,142.792,141.755,142.634,38500
1745420400,142.635,143.079,142.182,143.021,36069
1745427600,143.02,143.497,142.932,143.438,25240
1745434800,143.437,143.573,143.244,143.444,16794
1745442000,143.405,143.405,142.885,143.116,8007
1745449200,143.113,143.34,142.856,142.948,19633
1745456400,142.95,143.08,142.599,142.782,20229
1745463600,142.781,142.917,142.724,142.755,12570
1745470800,142.754,142.96,142.666,142.693,19490
1745478000,142.692,142.747,142.497,142.634,24782
1745485200,142.635,142.699,142.303,142.491,18240
1745492400,142.489,142.639,142.288,142.405,22798
1745499600,142.401,142.608,142.275,142.475,30663
1745506800,142.476,142.796,142.449,142.647,25452
1745514000,142.648,142.837,142.621,142.73,16315
1745521200,142.731,142.742,142.487,142.624,11984
1745528400,142.594,142.793,142.556,142.721,5210
1745535600,142.716,143.116,142.696,143.065,15869
1745542800,143.064,143.108,142.827,142.967,16938
1745550000,142.968,143.797,142.888,143.617,20009
1745557200,143.618,143.85,143.441,143.545,20011
1745564400,143.544,143.686,143.225,143.419,22863
1745571600,143.419,143.736,143.233,143.302,21414
1745578800,143.307,143.425,143.219,143.417,19574
1745586000,143.416,143.99,143.408,143.985,32260
1745593200,143.986,144.032,143.685,143.815,19629
1745600400,143.816,143.85,143.443,143.56,18518
1745607600,143.565,143.841,143.491,143.737,11303
1745787600,143.567,143.876,143.475,143.777,5949
1745794800,143.775,143.878,143.482,143.488,17121
1745802000,143.489,143.861,143.343,143.694,16849
1745809200,143.697,143.703,143.317,143.324,11203
1745816400,143.321,143.855,143.292,143.834,18126
1745823600,143.832,143.898,143.535,143.55,22512
1745830800,143.54,143.581,143.328,143.465,18683
1745838000,143.464,143.551,143.146,143.349,20212
1745845200,143.347,143.441,142.598,142.851,31123
1745852400,142.849,142.884,142.274,142.338,25014
1745859600,142.339,142.388,142.114,142.125,18081
1745866800,142.124,142.161,141.982,142.017,11570
1745874000,141.978,142.227,141.966,142.219,4656
1745881200,142.22,142.315,142.064,142.245,14102
1745888400,142.244,142.437,142.124,142.384,15514
1745895600,142.383,142.58,142.317,142.523,12786
1745902800,142.524,142.557,142.298,142.473,16633
1745910000,142.477,142.612,142.329,142.591,22127
1745917200,142.59,142.758,142.532,142.658,16069
1745924400,142.657,142.758,142.251,142.309,20081
1745931600,142.308,142.396,142.011,142.372,33128
1745938800,142.371,142.376,141.97,142.046,25826
1745946000,142.048,142.381,142.007,142.286,18675
1745953200,142.285,142.454,142.206,142.362,12120
1745960400,142.266,142.371,142.163,142.265,5327
1745967600,142.262,142.509,142.162,142.429,13589
1745974800,142.426,142.55,142.229,142.462,15228
1745982000,142.459,142.559,142.327,142.517,11203
1745989200,142.514,142.721,142.451,142.58,14145
1745996400,142.585,142.948,142.578,142.909,18954
1746003600,142.904,143.151,142.874,143.067,16991
1746010800,143.066,143.139,142.689,142.818,25316
1746018000,142.82,143.041,142.574,142.636,34871
1746025200,142.632,142.936,142.502,142.679,27639
1746032400,142.678,143.009,142.601,142.772,19202
1746039600,142.776,143.191,142.717,143.054,17095
1746046800,142.96,143.08,142.896,143.017,5771
1746054000,143.013,143.081,142.879,143.006,12356
1746061200,143.004,143.244,142.995,143.084,10223
1746068400,143.077,143.901,142.963,143.88,15438
1746075600,143.878,144.594,143.87,144.587,19378
1746082800,144.588,144.742,144.155,144.221,20091
1746090000,144.218,144.433,144.126,144.274,14318
1746097200,144.277,144.768,144.148,144.709,22803
1746104400,144.71,145.495,144.528,145.353,31693
1746111600,145.352,145.654,145.231,145.393,23056
1746118800,145.392,145.735,145.361,145.681,16882
1746126000,145.679,145.707,145.33,145.397,13472
1746133200,145.408,145.42,145.239,145.335,4795
1746140400,145.333,145.922,145.326,145.873,17338
1746147600,145.87,145.874,145.298,145.465,17505
1746154800,145.464,145.476,145.147,145.391,15054
1746162000,145.389,145.414,145.047,145.202,19334
1746169200,145.201,145.273,144.822,144.834,21046
1746176400,144.831,144.905,144.441,144.663,20754
1746183600,144.664,144.949,144.34,144.644,26713
1746190800,144.644,144.644,143.723,144.011,37895
1746198000,144.012,144.796,144.009,144.677,29327
1746205200,144.674,145.085,144.575,145.025,20072
1746212400,145.022,145.075,144.853,144.857,13747
1746392400,144.666,144.995,144.659,144.76,6837
1746399600,144.753,144.86,144.509,144.641,13834
1746406800,144.636,144.636,144.065,144.172,16992
1746414000,144.155,144.349,144.095,144.15,10988
1746421200,144.148,144.419,143.969,144.324,17127
1746428400,144.321,144.428,143.89,144.052,19256
1746435600,144.046,144.072,143.8,143.956,19103
1746442800,143.956,143.976,143.573,143.636,19674
1746450000,143.637,144.012,143.536,143.778,28691
1746457200,143.775,144.234,143.589,144.173,20393
1746464400,144.17,144.176,143.893,143.919,12334
1746471600,143.921,143.927,143.657,143.691,12474
1746478800,143.664,143.757,143.633,143.745,4823
1746486000,143.746,144.021,143.557,144.002,12409
1746493200,144.002,144.277,143.648,143.819,18332
1746500400,143.821,143.865,143.622,143.711,11762
1746507600,143.71,143.93,143.64,143.693,15258
1746514800,143.694,143.731,142.903,143.133,25892
1746522000,143.134,143.353,143.043,143.056,18368
1746529200,143.06,143.126,142.489,142.515,21084
1746536400,142.516,142.893,142.353,142.855,27194
1746543600,142.859,143.037,142.665,142.73,22619
1746550800,142.729,142.737,142.433,142.446,16148
1746558000,142.447,142.5,142.356,142.404,12165
1746565200,142.404,143.265,142.404,143.241,12361
1746572400,143.238,143.313,142.841,142.95,21645
1746579600,142.954,143.198,142.745,143.125,21929
1746586800,143.126,143.328,143.04,143.283,13764
1746594000,143.282,143.306,142.827,142.865,16251
1746601200,142.867,143.444,142.866,143.32,20725
1746608400,143.317,143.456,143.158,143.248,16913
1746615600,143.252,143.449,143.195,143.355,18291
1746622800,143.356,143.397,143.118,143.306,24863
1746630000,143.306,143.588,143.21,143.415,20475
1746637200,143.414,143.783,142.911,143.521,25346
1746644400,143.52,143.997,143.464,143.817,24795
1746651600,143.754,143.914,143.66,143.88,4753
1746658800,143.885,143.956,143.566,143.853,14927
1746666000,143.852,143.899,143.439,143.674,21847
1746673200,143.672,143.785,143.53,143.774,13481
1746680400,143.776,144.433,143.774,144.412,23108
1746687600,144.406,144.85,144.261,144.81,23373
1746694800,144.811,145.005,144.66,144.781,19280
1746702000,144.771,144.865,144.508,144.684,24647
1746709200,144.683,145.121,144.433,145.012,30669
1746716400,145.012,145.787,144.904,145.726,31523
1746723600,145.721,145.949,145.62,145.884,18590
1746730800,145.883,146.177,145.808,145.91,16157
1746738000,145.847,145.941,145.768,145.828,6612
1746745200,145.835,146.189,145.674,145.697,16403
1746752400,145.697,145.973,145.622,145.668,20399
1746759600,145.669,145.714,145.448,145.502,15587
1746766800,145.501,145.634,145.239,145.293,17365
1746774000,145.291,145.415,145.074,145.186,19884
1746781200,145.186,145.407,145.095,145.292,14019
1746788400,145.289,145.354,144.923,145.252,19029
1746795600,145.251,145.3,144.821,145.003,25249
1746802800,145.007,145.298,145.001,145.28,21757
1746810000,145.28,145.353,145.147,145.266,13244
1746817200,145.267,145.376,145.25,145.374,8349
1746997200,146.217,146.222,145.77,145.838,9612
1747004400,145.837,146.083,145.7,145.903,17941
1747011600,145.906,146.287,145.719,145.851,19788
1747018800,145.852,145.94,145.718,145.926,12482
1747026000,145.924,146.17,145.878,146.125,18021
1747033200,146.124,148.229,146.1,147.757,39669
1747040400,147.762,148.594,147.666,148.396,28042
1747047600,148.404,148.413,147.869,148.052,27613
1747054800,148.052,148.332,147.814,148.199,34817
1747062000,148.2,148.557,148.031,148.514,24315
1747069200,148.51,148.651,148.274,148.34,18823
1747076400,148.339,148.477,148.27,148.453,12567
1747083600,148.417,148.442,148.298,148.368,5037
1747090800,148.365,148.455,147.79,147.815,17385
1747098000,147.813,148.035,147.761,147.959,18290
1747105200,147.96,147.992,147.697,147.702,12433
1747112400,147.697,147.987,147.643,147.94,18249
1747119600,147.95,148.061,147.732,147.917,25146
1747126800,147.92,148.138,147.865,148.056,18158
1747134000,148.063,148.276,147.845,147.991,22273
1747141200,147.992,148.065,147.658,147.841,34205
1747148400,147.845,147.913,147.454,147.611,26071
1747155600,147.61,147.775,147.462,147.503,17048
1747162800,147.497,147.563,147.368,147.474,11233
1747170000,147.433,147.484,147.306,147.351,3993
1747177200,147.346,147.67,147.282,147.366,14637
1747184400,147.365,147.416,147.001,147.195,20285
1747191600,147.194,147.242,146.881,146.945,14762
1747198800,146.944,147.22,146.838,147.153,17547
1747206000,147.155,147.216,146.125,146.254,28060
1747213200,146.232,146.351,145.597,145.923,25745
1747220400,145.924,146.395,145.92,146.195,23739
1747227600,146.193,146.392,145.76,146.313,32828
1747234800,146.318,147.121,146.254,146.698,27141
1747242000,146.699,146.8,146.438,146.726,20120
1747249200,146.727,146.9,146.718,146.746,14067
1747256400,146.681,146.703,146.568,146.618,4049
1747263600,146.613,146.754,146.165,146.215,15957
1747270800,146.216,146.381,146.073,146.224,18077
1747278000,146.227,146.286,145.95,146.092,14486
1747285200,146.091,146.144,145.482,145.539,20499
1747292400,145.538,145.994,145.527,145.752,23358
1747299600,145.754,145.98,145.73,145.975,17451
1747306800,145.971,146.251,145.633,145.801,22929
1747314000,145.797,146.043,145.407,145.86,33036
1747321200,145.861,145.921,145.535,145.616,23832
1747328400,145.622,145.768,145.557,145.687,15039
1747335600,145.687,145.728,145.547,145.69,11315
1747342800,145.598,145.673,145.444,145.468,4754
1747350000,145.463,145.683,144.997,145.089,17032
1747357200,145.091,145.426,144.96,145.413,16468
1747364400,145.414,145.467,145.19,145.305,12971
1747371600,145.306,145.375,144.99,145.058,15293
1747378800,145.056,145.417,144.918,145.304,20813
1747386000,145.301,145.6,145.262,145.536,17747
1747393200,145.537,145.696,145.436,145.514,19131
1747400400,145.512,146.072,145.403,145.956,25420
1747407600,145.959,146.101,145.862,145.94,17149
1747414800,145.939,146.037,145.828,145.9,11803
1747422000,145.899,145.987,145.631,145.631,10622
1747602000,145.228,145.463,145.006,145.163,8466
1747609200,145.159,145.451,144.838,144.907,18568
1747616400,144.908,145.302,144.807,145.226,19795
1747623600,145.225,145.345,145.118,145.314,12383
1747630800,145.315,145.315,144.981,144.993,18111
1747638000,144.995,145.096,144.66,144.883,24688
1747645200,144.885,144.975,144.704,144.803,20474
1747652400,144.803,145.044,144.778,145.023,20612
1747659600,145.022,145.221,144.83,144.898,31143
1747666800,144.897,145.092,144.787,144.986,21032
1747674000,144.986,145.114,144.928,144.976,13557
1747681200,144.977,144.988,144.773,144.847,9128
1747688400,144.827,144.973,144.82,144.951,3237
1747695600,144.952,145.514,144.845,145.269,14524
1747702800,145.263,145.298,144.727,145.12,18935
1747710000,145.121,145.183,144.709,144.765,13718
1747717200,144.767,144.767,144.307,144.498,22396
1747724400,144.497,144.508,144.092,144.483,23676
1747731600,144.489,144.628,144.369,144.596,18611
1747738800,144.6,144.838,144.457,144.814,19754
1747746000,144.812,144.977,144.511,144.565,29849
1747753200,144.564,144.887,144.552,144.809,19708
1747760400,144.812,144.888,144.504,144.55,14890
1747767600,144.549,144.57,144.43,144.497,10483
1747774800,144.501,144.544,144.16,144.426,6698
1747782000,144.422,144.444,144.126,144.175,14870
1747789200,144.176,144.352,143.847,143.865,19519
1747796400,143.862,143.975,143.643,143.742,14178
1747803600,143.744,143.797,143.459,143.707,20525
1747810800,143.713,144.193,143.679,144.117,23711
1747818000,144.105,144.184,143.47,143.665,22048
1747825200,143.666,143.86,143.553,143.69,24539
1747832400,143.689,143.898,143.561,143.671,30323
1747839600,143.67,143.783,143.604,143.649,20567
1747846800,143.649,143.688,143.282,143.635,25788
1747854000,143.646,143.761,143.557,143.665,15186
1747861200,143.635,144.4,143.555,144.101,9287
1747868400,144.101,144.156,143.286,143.464,20527
1747875600,143.475,143.636,143.146,143.192,20211
1747882800,143.188,143.392,143.177,143.301,12327
1747890000,143.3,143.438,143.101,143.331,17935
1747897200,143.329,143.394,142.796,143.277,26833
1747904400,143.279,143.698,143.255,143.655,20771
1747911600,143.656,143.78,143.272,143.552,27377
1747918800,143.552,143.966,143.431,143.761,33289
1747926000,143.759,144.114,143.759,144.02,24944
1747933200,144.023,144.329,144.003,144.15,17636
1747940400,144.152,144.154,143.896,144.014,11738
1747947600,143.98,144.065,143.814,143.815,5686
1747954800,143.814,144.017,143.754,143.863,15438
1747962000,143.855,143.971,143.541,143.549,16443
1747969200,143.549,143.551,143.363,143.469,11245
1747976400,143.468,143.584,143.324,143.432,15852
1747983600,143.424,143.467,143.232,143.313,20792
1747990800,143.314,143.395,143.14,143.372,18711
1747998000,143.37,143.433,142.448,142.608,34854
1748005200,142.605,142.897,142.521,142.663,33786
1748012400,142.663,142.837,142.545,142.644,24998
1748019600,142.645,142.736,142.419,142.523,16496
1748026800,142.522,142.584,142.45,142.57,10098
1748206800,142.462,143.081,142.414,142.789,10933
1748214000,142.781,142.94,142.536,142.562,17350
1748221200,142.566,142.685,142.219,142.343,18139
1748228400,142.344,142.668,142.338,142.567,13315
1748235600,142.567,142.801,142.474,142.752,16917
1748242800,142.755,142.919,142.701,142.895,18159
1748250000,142.892,142.991,142.828,142.862,11711
1748257200,142.862,143.036,142.815,142.977,11415
1748264400,142.977,142.99,142.749,142.784,12189
1748271600,142.783,142.875,142.724,142.726,7158
1748278800,142.728,142.792,142.711,142.762,3227
1748286000,142.761,142.84,142.743,142.839,2329
1748293200,142.8,142.916,142.638,142.684,4103
1748300400,142.684,142.752,142.25,142.281,13469
1748307600,142.277,142.41,142.106,142.387,16011
1748314800,142.386,142.863,142.354,142.857,13402
1748322000,142.856,143.491,142.856,143.464,24311
1748329200,143.463,143.886,143.331,143.87,25679
1748336400,143.872,144.179,143.808,144.143,21010
1748343600,144.142,144.19,144.007,144.023,22023
1748350800,144.024,144.457,143.877,144.394,29290
1748358000,144.395,144.439,144.225,144.376,18852
1748365200,144.374,144.374,144.245,144.26,11400
1748372400,144.261,144.413,144.24,144.351,8856
1748379600,144.268,144.361,144.171,144.185,3429
1748386800,144.181,144.315,143.851,144.122,12855
1748394000,144.124,144.764,144.083,144.593,22600
1748401200,144.592,144.758,144.272,144.425,17400
1748408400,144.425,144.769,144.22,144.525,19901
1748415600,144.526,144.544,143.998,144.04,21249
1748422800,144.041,144.313,144,144.274,15780
1748430000,144.273,144.538,144.192,144.516,18929
1748437200,144.515,144.975,144.514,144.849,29467
1748444400,144.852,145.08,144.825,144.919,19722
1748451600,144.914,145.012,144.754,144.837,14381
1748458800,144.839,144.928,144.809,144.862,13267
1748466000,144.807,144.936,144.741,144.901,5204
1748473200,144.894,146.101,144.892,146.095,31182
1748480400,146.093,146.286,145.598,145.794,22266
1748487600,145.794,145.848,145.619,145.745,13659
1748494800,145.743,146.093,145.479,145.58,20972
1748502000,145.581,145.608,145.139,145.268,23455
1748509200,145.27,145.288,144.929,145.016,19108
1748516400,145.022,145.116,144.405,144.433,28055
1748523600,144.433,144.542,144.15,144.403,32460
1748530800,144.401,144.418,144.047,144.148,23693
1748538000,144.147,144.257,143.956,144.001,16329
1748545200,144.003,144.246,143.976,144.178,11834
1748552400,144.143,144.182,143.864,144.014,5004
1748559600,144.004,144.093,143.589,143.777,16286
1748566800,143.775,143.995,143.437,143.93,20375
1748574000,143.932,143.986,143.697,143.777,15487
1748581200,143.778,144.14,143.712,143.851,19728
1748588400,143.852,144.159,143.83,144.051,24995
1748595600,144.053,144.225,143.788,143.931,20356
1748602800,143.945,144.035,143.469,143.724,26342
1748610000,143.719,144.446,143.711,144.264,32528
1748617200,144.266,144.335,143.886,143.898,26457
1748624400,143.899,143.954,143.792,143.887,18759
1748631600,143.887,144.086,143.865,144.048,10412
1748811600,143.814,143.987,143.745,143.845,6104
1748818800,143.839,143.867,143.526,143.538,15937
1748826000,143.536,143.596,143.325,143.53,17474
1748833200,143.528,143.646,143.509,143.538,13790
1748840400,143.536,143.563,143.127,143.22,19482
1748847600,143.217,143.282,142.794,142.929,25149
1748854800,142.93,142.977,142.753,142.809,21713
1748862000,142.81,142.897,142.621,142.833,21711
1748869200,142.832,143.074,142.527,142.669,31591
1748876400,142.672,142.994,142.627,142.935,23891
1748883600,142.934,143.001,142.811,142.816,15851
1748890800,142.821,142.861,142.668,142.694,11720
1748898000,142.67,142.695,142.525,142.534,5128
1748905200,142.533,142.791,142.378,142.708,13800
1748912400,142.706,143.254,142.706,143.101,17903
1748919600,143.102,143.271,142.91,142.943,13279
1748926800,142.943,143.125,142.847,142.885,17984
1748934000,142.882,142.975,142.607,142.803,21717
1748941200,142.801,143.078,142.773,143.057,16355
1748948400,143.058,143.447,143.045,143.421,19329
1748955600,143.419,143.939,143.33,143.773,29368
1748962800,143.775,144.107,143.72,143.982,19978
1748970000,143.969,144.033,143.836,143.908,12760
1748977200,143.909,144.107,143.901,143.986,9565
1748984400,143.941,144.048,143.789,143.963,3590
1748991600,143.959,144.037,143.775,143.993,14508
1748998800,143.993,144.29,143.673,143.927,19672
1749006000,143.928,144.283,143.834,144.254,13566
1749013200,144.253,144.396,143.883,143.975,19158
1749020400,143.975,144.184,143.794,143.891,19341
1749027600,143.887,144.313,143.853,144.253,17871
1749034800,144.25,144.316,143.508,143.556,22455
1749042000,143.555,143.833,142.995,143.133,30605
1749049200,143.135,143.232,142.603,142.641,22594
1749056400,142.641,142.838,142.631,142.81,13568
1749063600,142.809,142.927,142.706,142.731,8425
1749070800,142.741,142.832,142.684,142.774,8494
1749078000,142.769,142.851,142.528,142.665,15866
1749085200,142.667,142.975,142.57,142.892,16486
1749092400,142.893,143.077,142.703,143.031,15396
1749099600,143.03,143.243,143.004,143.231,16179
1749106800,143.237,143.402,143.072,143.28,20006
1749114000,143.281,143.301,143.028,143.134,17779
1749121200,143.131,143.688,142.777,143.366,25583
1749128400,143.368,143.54,142.898,143.455,37211
1749135600,143.461,143.974,143.451,143.532,25789
1749142800,143.529,143.854,143.514,143.632,15713
1749150000,143.63,143.779,143.47,143.581,17934
1749157200,143.453,143.675,143.387,143.524,5305
1749164400,143.519,143.751,143.458,143.723,11963
1749171600,143.731,143.901,143.625,143.838,14903
1749178800,143.84,143.882,143.717,143.837,11662
1749186000,143.839,144.135,143.81,144.027,16185
1749193200,144.022,144.14,143.801,144.059,19206
1749200400,144.056,144.191,144.003,144.083,16491
1749207600,144.084,144.741,144.054,144.62,25480
1749214800,144.619,145.025,144.554,144.902,36309
1749222000,144.909,145.089,144.764,144.967,25172
1749229200,144.965,144.971,144.811,144.85,15418
1749236400,144.849,144.889,144.77,144.861,8539
1749416400,144.833,144.849,144.649,144.694,3586
1749423600,144.697,144.95,144.578,144.939,12473
1749430800,144.936,144.942,144.352,144.5,15196
1749438000,144.499,144.514,144.351,144.383,9226
1749445200,144.381,144.496,144.201,144.212,12760
1749452400,144.214,144.321,144.036,144.157,19581
1749459600,144.156,144.19,143.974,144.174,15288
1749466800,144.174,144.693,144.159,144.635,20533
1749474000,144.636,144.771,144.534,144.615,24695
1749481200,144.616,144.622,144.345,144.398,16764
1749488400,144.399,144.565,144.388,144.558,11846
1749495600,144.557,144.639,144.501,144.601,8629
1749502800,144.529,144.652,144.499,144.6,3766
1749510000,144.596,144.659,144.4,144.522,11780
1749517200,144.513,145.291,144.431,144.933,20648
1749524400,144.932,144.988,144.784,144.939,14340
1749531600,144.938,144.947,144.422,144.592,23698
1749538800,144.592,144.833,144.544,144.648,22712
1749546000,144.647,144.774,144.589,144.605,16368
1749553200,144.606,144.648,144.459,144.642,18259
1749560400,144.641,144.833,144.44,144.801,24018
1749567600,144.804,145.044,144.79,144.971,18352
1749574800,144.969,145.026,144.898,144.959,11113
1749582000,144.96,145.034,144.781,144.894,10063
1749589200,144.841,144.968,144.804,144.966,3870
1749596400,144.964,145.163,144.656,144.927,19938
1749603600,144.928,145.15,144.843,144.951,16234
1749610800,144.954,145.075,144.885,145.036,11013
1749618000,145.037,145.245,144.965,145.128,15757
1749625200,145.131,145.241,145.002,145.068,17773
1749632400,145.067,145.166,144.921,145.14,16993
1749639600,145.139,145.465,144.323,144.73,26779
1749646800,144.726,145.185,144.61,144.807,29686
1749654000,144.804,144.845,144.44,144.621,19597
1749661200,144.617,144.652,144.328,144.509,17687
1749668400,144.51,144.691,144.498,144.593,11785
1749675600,144.484,144.547,144.187,144.256,5151
1749682800,144.256,144.349,143.957,144.044,18255
1749690000,144.045,144.118,143.725,143.953,21036
1749697200,143.954,144.055,143.836,143.949,13080
1749704400,143.953,143.987,143.635,143.736,18143
1749711600,143.745,144.141,143.745,143.794,24619
1749718800,143.795,143.875,143.438,143.549,21752
1749726000,143.543,143.786,143.182,143.29,25564
1749733200,143.288,143.756,143.197,143.736,29412
1749740400,143.74,143.906,143.551,143.61,25366
1749747600,143.612,143.736,143.472,143.525,15177
1749754800,143.53,143.6,143.486,143.495,10086
1749762000,143.473,143.584,143.388,143.453,4317
1749769200,143.45,143.469,142.793,143.038,26201
1749776400,143.034,143.288,142.919,143.075,28135
1749783600,143.077,143.767,143.073,143.652,21254
1749790800,143.65,143.867,143.383,143.645,24169
1749798000,143.646,143.897,143.534,143.791,24708
1749805200,143.792,144.391,143.749,144.353,25330
1749812400,144.353,144.445,144.087,144.295,22387
1749819600,144.302,144.482,144.018,144.123,28015
1749826800,144.125,144.19,143.955,144.036,20760
1749834000,144.032,144.195,143.852,143.954,18856
1749841200,143.956,144.133,143.857,144.128,13913
1750021200,143.982,144.666,143.903,144.474,11701
1750028400,144.466,144.749,144.35,144.365,19973
1750035600,144.373,144.464,144.162,144.411,17165
1750042800,144.413,144.488,144.29,144.304,14875
1750050000,144.303,144.317,143.973,144.235,20062
1750057200,144.233,144.393,144.094,144.266,22413
1750064400,144.269,144.339,144.015,144.047,16718
1750071600,144.043,144.282,143.975,144.099,20379
1750078800,144.1,144.12,143.65,144.051,31361
1750086000,144.052,144.228,143.993,144.174,19476
1750093200,144.173,144.606,144.159,144.599,15436
1750100400,144.598,144.877,144.589,144.779,11654
1750107600,144.701,144.819,144.579,144.621,6545
1750114800,144.622,145.11,144.61,145.063,19246
1750122000,145.06,145.06,144.788,144.947,17006
1750129200,144.934,144.965,144.402,144.591,16203
1750136400,144.59,144.896,144.499,144.892,18496
1750143600,144.888,145.028,144.401,144.901,25484
1750150800,144.903,144.942,144.664,144.692,20212
1750158000,144.691,144.912,144.383,144.859,23834
1750165200,144.849,145.292,144.691,145.185,28893
1750172400,145.184,145.258,144.909,145.222,20541
1750179600,145.218,145.376,145.13,145.368,21446
1750186800,145.37,145.381,145.199,145.284,12848
1750194000,145.236,145.394,145.184,145.386,4403
1750201200,145.382,145.443,145.188,145.317,15945
1750208400,145.319,145.342,145.105,145.121,16790
1750215600,145.122,145.137,144.922,145.022,11772
1750222800,145.022,145.08,144.861,144.899,17893
1750230000,144.898,145.128,144.85,144.97,19981
1750237200,144.968,145.03,144.798,144.824,18421
1750244400,144.822,144.967,144.74,144.889,19369
1750251600,144.888,144.965,144.681,144.805,28180
1750258800,144.806,144.815,144.53,144.681,18937
1750266000,144.681,145.086,144.327,145.046,24810
1750273200,145.04,145.226,144.997,145.11,19414
1750280400,145.073,145.149,144.895,144.996,5639
1750287600,144.986,145.083,144.837,144.885,14425
1750294800,144.886,145.22,144.733,145.18,17678
1750302000,145.18,145.22,145.024,145.04,11931
1750309200,145.038,145.356,145.031,145.262,18337
1750316400,145.259,145.409,145.241,145.285,22244
1750323600,145.286,145.757,145.25,145.705,17184
1750330800,145.705,145.77,145.505,145.542,19121
1750338000,145.544,145.715,145.348,145.705,20354
1750345200,145.705,145.757,145.606,145.714,12493
1750352400,145.717,145.731,145.416,145.491,7440
1750359600,145.49,145.49,145.345,145.456,6372
1750366800,145.428,145.56,145.357,145.487,6737
1750374000,145.473,145.506,145.12,145.253,16093
1750381200,145.255,145.363,145.216,145.243,16765
1750388400,145.244,145.397,145.193,145.351,13281
1750395600,145.35,145.486,145.279,145.384,16773
1750402800,145.383,145.439,145.267,145.327,18154
1750410000,145.328,145.448,145.25,145.439,14469
1750417200,145.436,145.717,145.414,145.589,22368
1750424400,145.588,145.944,145.561,145.916,27193
1750431600,145.915,145.956,145.788,145.841,19134
1750438800,145.837,145.993,145.777,145.972,12365
1750446000,145.973,146.217,145.967,146.092,10847
1750626000,146.654,146.698,146.29,146.366,9879
1750633200,146.367,146.524,146.142,146.454,18904
1750640400,146.451,146.766,146.369,146.565,20348
1750647600,146.563,147.032,146.516,146.988,16512
1750654800,146.988,147.395,146.948,147.155,22331
1750662000,147.154,147.631,147.039,147.605,24461
1750669200,147.607,147.989,147.607,147.985,23538
1750676400,147.985,148.029,147.348,147.418,25670
1750683600,147.419,147.507,146.494,146.564,33065
1750690800,146.565,146.623,146.233,146.363,26447
1750698000,146.365,146.526,146.009,146.16,23551
1750705200,146.159,146.202,146.03,146.145,12457
1750712400,146.095,146.177,145.756,145.931,7895
1750719600,145.928,146.044,145.563,145.606,22650
1750726800,145.604,145.733,145.42,145.506,19869
1750734000,145.5,145.516,145.285,145.418,15257
1750741200,145.42,145.517,145.044,145.198,20469
1750748400,145.197,145.407,144.944,145.094,26548
1750755600,145.093,145.154,144.851,145.097,19645
1750762800,145.097,145.184,144.9,144.993,22578
1750770000,144.992,145.19,144.515,144.742,29829
1750777200,144.743,144.968,144.57,144.702,22218
1750784400,144.703,144.772,144.562,144.685,13115
1750791600,144.686,144.917,144.656,144.905,9729
1750798800,144.91,144.967,144.807,144.932,3109
1750806000,144.928,145.045,144.77,144.886,14493
1750813200,144.884,144.902,144.606,144.804,18205
1750820400,144.81,144.993,144.782,144.939,12665
1750827600,144.948,145.334,144.946,145.3,17456
1750834800,145.3,145.497,145.234,145.475,20115
1750842000,145.476,145.752,145.457,145.733,17389
1750849200,145.732,145.923,145.668,145.86,19025
1750856400,145.859,145.952,145.57,145.697,24824
1750863600,145.699,145.736,145.392,145.452,19243
1750870800,145.452,145.51,145.147,145.153,13977
1750878000,145.153,145.335,145.105,145.252,10869
1750885200,145.176,145.265,145.143,145.23,3518
1750892400,145.228,145.228,144.684,144.693,16753
1750899600,144.691,144.926,144.661,144.693,16955
1750906800,144.691,144.966,144.557,144.782,14762
1750914000,144.783,144.92,144.281,144.314,21200
1750921200,144.307,144.307,143.752,143.926,26273
1750928400,143.924,144.218,143.895,144.205,20382
1750935600,144.205,144.498,144.135,144.308,24995
1750942800,144.307,144.495,144.155,144.409,31647
1750950000,144.41,144.539,144.055,144.251,21753
1750957200,144.252,144.278,144.131,144.202,15199
1750964400,144.202,144.469,144.198,144.381,11143
1750971600,144.374,144.664,144.265,144.573,4100
1750978800,144.572,144.81,144.389,144.65,16824
1750986000,144.651,144.743,144.195,144.324,18294
1750993200,144.324,144.59,144.252,144.544,14375
1751000400,144.543,144.592,144.206,144.241,18746
1751007600,144.237,144.556,144.171,144.424,22056
1751014800,144.425,144.681,144.351,144.537,17327
1751022000,144.536,144.634,144.361,144.446,22070
1751029200,144.446,144.949,144.38,144.881,29897
1751036400,144.878,144.912,144.54,144.646,19496
1751043600,144.645,144.906,144.584,144.702,18285
1751050800,144.699,144.796,144.637,144.664,9858
1751230800,144.317,144.665,144.31,144.478,8494
1751238000,144.469,144.765,144.383,144.622,13932
1751245200,144.618,144.658,144.089,144.289,18145
1751252400,144.29,144.317,143.913,143.951,13280
1751259600,143.949,144.019,143.788,143.883,19046
1751266800,143.885,144.215,143.769,144.114,23017
1751274000,144.112,144.291,144.054,144.183,18400
1751281200,144.183,144.497,144.156,144.46,18852
1751288400,144.458,144.512,144.212,144.447,29105
1751295600,144.446,144.497,144.141,144.225,24175
1751302800,144.226,144.321,144.131,144.204,17696
1751310000,144.204,144.243,143.955,144.022,12623
1751317200,143.98,144.031,143.854,143.917,4343
1751324400,143.916,143.933,143.555,143.568,13663
1751331600,143.567,143.837,143.442,143.729,15691
1751338800,143.728,143.936,143.632,143.754,12907
1751346000,143.753,143.762,143.546,143.67,16677
1751353200,143.67,143.739,142.889,143.041,25368
1751360400,143.04,143.171,142.82,142.981,22039
1751367600,142.982,143.096,142.684,143.066,23330
1751374800,143.071,143.481,142.935,143.441,31602
1751382000,143.441,143.78,143.44,143.691,23908
1751389200,143.693,143.793,143.603,143.719,12681
1751396400,143.722,143.805,143.39,143.403,13018
1751403600,143.386,143.448,143.361,143.41,3141
1751410800,143.4,143.661,143.323,143.476,14096
1751418000,143.476,143.75,143.443,143.537,16459
1751425200,143.533,143.612,143.459,143.553,12222
1751432400,143.554,143.888,143.541,143.804,17737
1751439600,143.805,144.05,143.778,143.97,20812
1751446800,143.967,144.248,143.861,143.924,19189
1751454000,143.922,144.211,143.481,143.865,26999
1751461200,143.869,144.151,143.635,144.026,30991
1751468400,144.029,144.039,143.656,143.735,19967
1751475600,143.737,143.749,143.579,143.621,13494
1751482800,143.621,143.689,143.57,143.656,9223
1751490000,143.616,143.716,143.56,143.614,3919
1751497200,143.615,143.616,143.444,143.587,14302
1751504400,143.583,143.764,143.489,143.683,12899
1751511600,143.681,143.879,143.673,143.839,10282
1751518800,143.839,143.934,143.755,143.77,15321
1751526000,143.773,143.916,143.668,143.875,18620
1751533200,143.874,143.893,143.738,143.848,15913
1751540400,143.847,145.233,143.754,145.009,23813
1751547600,145.006,145.134,144.608,145.095,33431
1751554800,145.095,145.213,144.817,145.05,20687
1751562000,145.051,145.117,144.995,145.107,6926
1751569200,145.106,145.115,144.909,144.917,6330
1751576400,144.902,144.97,144.874,144.876,2765
1751583600,144.877,144.928,144.572,144.604,11654
1751590800,144.602,144.795,144.58,144.65,13587
1751598000,144.65,144.67,144.321,144.377,12842
1751605200,144.376,144.433,144.182,144.242,14715
1751612400,144.243,144.43,144.237,144.343,19252
1751619600,144.344,144.387,144.275,144.347,16336
1751626800,144.346,144.447,144.305,144.421,12944
1751634000,144.423,144.566,144.387,144.52,14456
1751641200,144.518,144.553,144.479,144.5,10333
1751648400,144.499,144.519,144.469,144.48,15784
1751655600,144.478,144.583,144.419,144.554,18592
1751835600,144.393,144.635,144.363,144.488,5348
1751842800,144.481,144.583,144.295,144.357,14339
1751850000,144.356,144.84,144.223,144.818,17612
1751857200,144.819,145.002,144.709,144.984,13332
1751864400,144.985,145.157,144.941,145.023,18702
1751871600,145.024,145.346,144.975,145.337,21534
1751878800,145.335,145.534,145.273,145.435,17731
1751886000,145.433,145.649,145.375,145.591,18777
1751893200,145.59,145.813,145.572,145.8,22007
1751900400,145.798,146.148,145.733,146.124,20511
1751907600,146.122,146.243,146.015,146.174,19080
1751914800,146.174,146.185,146.016,146.067,11221
1751922000,146.022,146.067,145.839,145.863,5527
1751929200,145.864,146.209,145.831,146.159,16760
1751936400,146.16,146.445,146.043,146.093,16638
1751943600,146.092,146.172,145.881,145.997,14205
1751950800,145.998,146.252,145.944,146.248,16375
1751958000,146.245,146.28,145.997,146.195,20137
1751965200,146.194,146.407,146.057,146.401,16380
1751972400,146.401,146.687,146.357,146.65,19469
1751979600,146.65,146.96,146.631,146.919,26423
1751986800,146.917,146.976,146.709,146.747,21008
1751994000,146.744,146.81,146.652,146.663,16608
1752001200,146.659,146.694,146.52,146.565,10699
1752008400,146.537,146.618,146.51,146.587,3025
1752015600,146.589,146.912,146.584,146.792,13886
1752022800,146.79,147.095,146.737,147.057,18163
1752030000,147.056,147.181,147.027,147.041,12385
1752037200,147.038,147.067,146.797,146.8,15713
1752044400,146.803,146.88,146.593,146.678,19572
1752051600,146.676,146.695,146.539,146.659,15784
1752058800,146.662,146.782,146.467,146.488,20078
1752066000,146.486,146.549,146.268,146.466,26044
1752073200,146.468,146.565,146.332,146.413,17209
1752080400,146.418,146.436,146.242,146.332,13591
1752087600,146.331,146.486,146.26,146.3,9915
1752094800,146.311,146.318,146.216,146.244,2890
1752102000,146.232,146.305,145.753,145.817,15371
1752109200,145.821,146.09,145.763,146.082,14361
1752116400,146.084,146.411,146.077,146.215,10744
1752123600,146.212,146.364,146.126,146.15,14096
1752130800,146.149,146.465,146.063,146.356,18741
1752138000,146.356,146.375,146.084,146.121,13503
1752145200,146.122,146.546,146.087,146.436,20128
1752152400,146.437,146.788,146.347,146.51,27265
1752159600,146.509,146.569,146.381,146.464,18430
1752166800,146.462,146.48,146.202,146.241,13651
1752174000,146.241,146.286,146.168,146.242,10122
1752181200,146.251,146.271,146.169,146.214,2902
1752188400,146.213,146.643,146.136,146.557,17019
1752195600,146.555,147.042,146.519,147.014,19704
1752202800,147.015,147.183,146.856,147.081,14337
1752210000,147.08,147.112,146.737,146.924,18303
1752217200,146.922,147.001,146.721,146.985,20470
1752224400,146.984,147.085,146.773,146.82,17840
1752231600,146.817,147.093,146.765,146.971,20482
1752238800,146.967,147.52,146.9,147.34,26804
1752246000,147.338,147.43,147.255,147.368,18706
1752253200,147.369,147.449,147.319,147.445,11382
1752260400,147.438,147.482,147.346,147.418,10932
1752440400,147.183,147.513,147.135,147.503,7688
1752447600,147.504,147.573,146.919,146.95,17544
1752454800,146.951,147.308,146.849,147.28,16302
1752462000,147.276,147.443,147.108,147.374,13400
1752469200,147.373,147.483,147.222,147.26,16399
1752476400,147.258,147.383,147.172,147.319,21183
1752483600,147.325,147.347,147.153,147.203,16070
1752490800,147.204,147.466,147.202,147.39,17681
1752498000,147.391,147.524,147.308,147.464,24753
1752505200,147.464,147.757,147.436,147.716,19697
1752512400,147.714,147.768,147.672,147.763,12635
1752519600,147.762,147.779,147.706,147.73,6821
1752526800,147.714,147.791,147.66,147.764,3294
1752534000,147.767,147.89,147.563,147.585,12128
1752541200,147.587,147.822,147.584,147.611,13761
1752548400,147.607,147.713,147.551,147.666,10470
1752555600,147.665,147.747,147.548,147.697,13167
1752562800,147.698,147.789,147.641,147.675,18332
1752570000,147.676,147.778,147.609,147.735,14328
1752577200,147.733,148.148,147.65,147.89,23354
1752584400,147.893,148.897,147.886,148.818,31993
1752591600,148.813,149.018,148.712,148.895,21416
1752598800,148.891,148.998,148.822,148.852,14315
1752606000,148.852,148.923,148.807,148.836,9118
1752613200,148.839,148.926,148.816,148.881,3518
1752620400,148.88,149.04,148.705,148.976,13514
1752627600,148.979,149.037,148.735,148.909,14225
1752634800,148.906,149.19,148.865,148.928,13214
1752642000,148.93,148.949,148.617,148.648,18187
1752649200,148.643,148.929,148.614,148.836,19573
1752656400,148.837,148.888,148.648,148.714,15372
1752663600,148.715,148.833,148.468,148.703,21076
1752670800,148.702,148.929,148.295,148.469,30680
1752678000,148.47,148.513,146.911,148.043,41192
1752685200,148.042,148.056,147.488,147.945,20204
1752692400,147.943,148.024,147.815,147.871,11993
1752699600,147.849,147.932,147.725,147.879,4729
1752706800,147.87,148.426,147.769,148.382,14422
1752714000,148.381,148.5,148.277,148.454,17315
1752721200,148.453,148.66,148.407,148.42,12752
1752728400,148.421,148.808,148.366,148.629,18770
1752735600,148.629,148.785,148.582,148.584,22099
1752742800,148.576,148.837,148.519,148.641,18968
1752750000,148.643,149.077,148.6,148.719,23502
1752757200,148.718,148.752,148.379,148.482,30771
1752764400,148.478,148.702,148.45,148.622,19154
1752771600,148.621,148.755,148.561,148.725,12985
1752778800,148.725,148.753,148.55,148.601,10228
1752786000,148.564,148.571,148.299,148.318,4352
1752793200,148.317,148.627,148.288,148.581,13183
1752800400,148.582,148.62,148.379,148.523,14874
1752807600,148.522,148.727,148.475,148.669,13293
1752814800,148.675,148.838,148.666,148.742,15613
1752822000,148.74,148.886,148.5,148.589,18831
1752829200,148.589,148.725,148.495,148.52,16448
1752836400,148.521,148.582,148.322,148.359,18687
1752843600,148.357,148.517,148.181,148.481,27078
1752850800,148.479,148.731,148.36,148.689,19953
1752858000,148.69,148.796,148.654,148.767,13675
1752865200,148.772,148.833,148.695,148.832,7506
1753045200,147.901,148.664,147.887,148.591,9777
1753052400,148.588,148.656,148.242,148.387,14421
1753059600,148.388,148.562,148.333,148.505,14919
1753066800,148.503,148.543,148.389,148.447,8462
1753074000,148.446,148.451,147.776,147.936,17361
1753081200,147.931,148.243,147.691,147.893,21121
1753088400,147.897,147.978,147.756,147.757,15996
1753095600,147.754,147.77,147.338,147.492,22467
1753102800,147.496,147.723,147.283,147.424,26282
1753110000,147.426,147.43,147.08,147.163,19503
1753117200,147.162,147.381,147.11,147.326,12181
1753124400,147.327,147.439,147.271,147.338,10323
1753131600,147.303,147.414,147.19,147.4,2857
1753138800,147.399,147.71,147.389,147.488,13745
1753146000,147.488,147.642,147.41,147.464,12413
1753153200,147.462,147.672,147.416,147.636,11148
1753160400,147.628,147.93,147.602,147.823,14313
1753167600,147.817,147.948,147.608,147.616,17858
1753174800,147.612,147.612,147.359,147.536,15751
1753182000,147.537,147.572,146.741,146.801,21413
1753189200,146.804,146.893,146.327,146.448,30142
1753196400,146.452,146.531,146.309,146.428,22710
1753203600,146.427,146.592,146.427,146.565,14248
1753210800,146.564,146.681,146.491,146.64,9968
1753218000,146.6,146.776,146.538,146.692,3748
1753225200,146.687,146.946,146.196,146.44,23386
1753232400,146.441,147.202,146.391,146.931,21247
1753239600,146.936,147.075,146.748,146.944,13041
1753246800,146.943,147.214,146.65,146.86,19183
1753254000,146.859,146.904,146.594,146.794,21973
1753261200,146.793,146.801,146.282,146.41,17879
1753268400,146.411,146.497,146.107,146.41,20436
1753275600,146.411,146.723,146.289,146.417,27009
1753282800,146.417,146.611,146.23,146.578,24387
1753290000,146.579,146.624,146.369,146.467,16905
1753297200,146.466,146.58,146.427,146.473,11260
1753304400,146.477,146.521,146.361,146.45,4189
1753311600,146.449,146.489,146.238,146.43,14630
1753318800,146.431,146.437,145.852,146.043,19936
1753326000,146.043,146.111,145.895,146.018,14404
1753333200,146.016,146.305,145.953,146.274,18850
1753340400,146.275,146.567,146.141,146.546,22202
1753347600,146.547,146.66,146.522,146.571,18509
1753354800,146.569,146.831,146.448,146.793,21443
1753362000,146.789,146.875,146.356,146.783,32025
1753369200,146.78,146.952,146.737,146.899,21260
1753376400,146.899,146.931,146.753,146.922,13417
1753383600,146.92,147.019,146.852,146.994,12077
1753390800,146.968,147.235,146.94,147.057,4376
1753398000,147.058,147.339,146.964,147.209,15510
1753405200,147.21,147.497,147.161,147.418,18471
1753412400,147.415,147.439,147.099,147.141,13920
1753419600,147.14,147.16,146.809,147.059,17724
1753426800,147.049,147.829,147.04,147.754,24883
1753434000,147.754,147.903,147.727,147.775,17205
1753441200,147.776,147.94,147.604,147.857,19795
1753448400,147.855,147.924,147.53,147.731,31721
1753455600,147.73,147.836,147.659,147.758,18353
1753462800,147.759,147.782,147.549,147.565,13815
1753470000,147.564,147.691,147.531,147.66,8805
1753650000,147.711,147.829,147.613,147.814,5233
1753657200,147.811,147.879,147.597,147.616,15115
1753664400,147.614,148.023,147.512,147.835,18091
1753671600,147.829,147.87,147.624,147.747,12361
1753678800,147.755,148.212,147.73,148.019,18779
1753686000,148.019,148.373,147.79,148.275,25025
1753693200,148.274,148.435,148.221,148.412,19926
1753700400,148.408,148.449,148.028,148.049,23432
1753707600,148.044,148.33,147.938,148.276,27643
1753714800,148.273,148.52,148.256,148.485,19181
1753722000,148.48,148.578,148.391,148.556,13173
1753729200,148.555,148.578,148.497,148.54,8028
1753736400,148.474,148.584,148.446,148.503,4172
1753743600,148.504,148.709,148.425,148.683,14193
1753750800,148.685,148.705,148.286,148.346,17269
1753758000,148.345,148.499,148.308,148.348,13626
1753765200,148.351,148.544,148.156,148.52,18603
1753772400,148.522,148.747,148.353,148.556,23824
1753779600,148.555,148.613,148.384,148.543,18859
1753786800,148.544,148.773,148.515,148.704,20624
1753794000,148.704,148.811,148.438,148.475,27103
1753801200,148.477,148.623,148.35,148.563,23552
1753808400,148.562,148.585,148.336,148.432,15377
1753815600,148.431,148.515,148.346,148.468,11207
1753822800,148.436,148.496,148.397,148.473,3835
1753830000,148.472,148.527,148.041,148.059,13305
1753837200,148.059,148.165,147.944,148.046,18049
1753844400,148.045,148.174,147.847,148.157,13889
1753851600,148.158,148.173,147.858,147.898,18671
1753858800,147.898,148.12,147.803,147.962,22171
1753866000,147.961,148.295,147.857,148.173,19028
1753873200,148.175,148.886,148.112,148.85,25644
1753880400,148.85,149.103,148.828,148.928,29125
1753887600,148.927,149.132,148.847,148.933,19648
1753894800,148.934,149.351,148.524,149.351,27346
1753902000,149.351,149.537,149.225,149.523,20348
1753909200,149.482,149.484,149.293,149.315,5433
1753916400,149.311,149.395,149.18,149.306,14939
1753923600,149.306,149.341,148.64,148.835,18392
1753930800,148.831,148.96,148.589,148.884,17948
1753938000,148.886,149.089,148.685,148.879,21101
1753945200,148.879,149.723,148.852,149.631,27886
1753952400,149.631,150.046,149.62,149.944,21115
1753959600,149.943,150.259,149.809,150.189,26389
1753966800,150.187,150.635,150.177,150.48,31120
1753974000,150.479,150.792,150.347,150.685,25750
1753981200,150.683,150.79,150.56,150.757,19901
1753988400,150.756,150.84,150.691,150.76,14692
1753995600,150.712,150.8,150.674,150.744,5399
1754002800,150.739,150.895,150.591,150.735,18299
1754010000,150.736,150.917,150.633,150.764,20582
1754017200,150.765,150.777,150.548,150.608,13937
1754024400,150.609,150.657,150.416,150.607,17061
1754031600,150.603,150.629,150.457,150.613,22132
1754038800,150.611,150.63,150.32,150.358,20518
1754046000,150.359,150.599,148.561,148.635,29052
1754053200,148.637,148.662,147.479,148.091,47078
1754060400,148.097,148.185,147.778,147.828,31030
1754067600,147.826,147.95,147.678,147.85,23963
1754074800,147.844,147.863,147.29,147.383,21245
1754254800,147.241,147.299,147.058,147.247,8189
1754262000,147.245,147.691,147.117,147.651,22006
1754269200,147.653,147.91,147.62,147.798,22968
1754276400,147.791,147.791,147.554,147.688,15584
1754283600,147.687,147.871,147.531,147.647,20451
1754290800,147.644,148.092,147.594,147.894,26562
1754298000,147.893,147.946,147.565,147.576,21354
1754305200,147.575,147.601,147.008,147.195,27290
1754312400,147.194,147.312,146.865,147.231,33038
1754319600,147.233,147.355,147.003,147.038,23905
1754326800,147.037,147.1,146.908,146.946,17232
1754334000,146.947,147.111,146.912,147.092,13187
1754341200,147.061,147.105,146.879,146.911,5187
1754348400,146.91,147.038,146.62,146.928,17871
1754355600,146.927,147.233,146.884,147.187,19342
1754362800,147.188,147.266,147.004,147.084,13668
1754370000,147.086,147.343,147.031,147.325,17959
1754377200,147.327,147.638,147.157,147.583,23886
1754384400,147.582,147.777,147.448,147.621,18711
1754391600,147.621,147.753,147.541,147.664,23227
1754398800,147.661,147.836,147.354,147.449,33287
1754406000,147.447,147.597,147.307,147.546,25138
1754413200,147.546,147.682,147.486,147.61,16021
1754420400,147.607,147.708,147.498,147.557,11713
1754427600,147.556,147.642,147.527,147.564,5287
1754434800,147.562,147.647,147.448,147.583,14303
1754442000,147.582,147.752,147.525,147.555,17260
1754449200,147.554,147.559,147.302,147.346,13569
1754456400,147.349,147.55,147.336,147.549,16498
1754463600,147.555,147.847,147.534,147.807,21597
1754470800,147.807,147.887,147.56,147.583,20795
1754478000,147.582,147.655,147.411,147.442,20846
1754485200,147.44,147.457,147.242,147.39,26672
1754492400,147.394,147.656,147.211,147.348,25716
1754499600,147.349,147.405,146.975,147.068,18912
1754506800,147.068,147.613,147.064,147.349,14262
1754514000,147.315,147.446,147.204,147.215,6203
1754521200,147.228,147.599,147.151,147.585,16376
1754528400,147.585,147.688,147.44,147.567,17687
1754535600,147.564,147.71,147.268,147.305,15674
1754542800,147.307,147.349,146.803,146.858,20389
1754550000,146.857,147.183,146.689,147.133,27870
1754557200,147.129,147.406,147.112,147.328,20804
1754564400,147.329,147.498,147.018,147.287,26738
1754571600,147.291,147.544,147.11,147.49,32784
1754578800,147.49,147.587,147.303,147.364,23153
1754586000,147.362,147.568,147.359,147.566,18861
1754593200,147.563,147.567,146.944,147.144,19086
1754600400,147.056,147.106,146.814,146.948,6664
1754607600,146.946,147.194,146.718,147.147,19150
1754614800,147.146,147.371,147.132,147.2,17325
1754622000,147.202,147.309,147.115,147.159,13288
1754629200,147.163,147.452,147.149,147.328,18798
1754636400,147.327,147.694,147.135,147.645,24377
1754643600,147.641,147.839,147.544,147.798,21223
1754650800,147.798,147.894,147.64,147.843,22691
1754658000,147.843,147.904,147.647,147.818,25650
1754665200,147.822,147.836,147.632,147.739,19963
1754672400,147.738,147.783,147.629,147.666,18382
1754679600,147.667,147.819,147.647,147.744,13108
1754859600,147.513,147.79,147.501,147.73,5647
1754866800,147.726,147.773,147.575,147.662,11928
1754874000,147.666,147.715,147.521,147.558,13822
1754881200,147.558,147.606,147.423,147.481,12182
1754888400,147.481,147.608,147.472,147.593,14134
1754895600,147.591,147.665,147.347,147.504,20738
1754902800,147.506,147.745,147.484,147.736,17330
1754910000,147.734,147.951,147.719,147.811,21459
1754917200,147.809,148.073,147.785,148.046,25278
1754924400,148.048,148.114,147.909,147.992,18482
1754931600,147.984,148.167,147.969,148.136,16130
1754938800,148.137,148.252,148.094,148.142,10926
1754946000,148.075,148.236,148.022,148.196,4554
1754953200,148.202,148.431,148.116,148.405,14518
1754960400,148.401,148.403,148.207,148.293,14790
1754967600,148.294,148.446,148.266,148.353,13152
1754974800,148.355,148.404,148.147,148.269,21407
1754982000,148.268,148.467,148.205,148.423,20635
1754989200,148.415,148.486,148.348,148.467,17169
1754996400,148.466,148.521,147.847,148.034,26196
1755003600,148.038,148.45,147.9,148.163,37930
1755010800,148.161,148.179,147.575,147.713,27476
1755018000,147.711,147.806,147.688,147.735,17672
1755025200,147.74,147.874,147.697,147.851,11515
1755032400,147.765,147.855,147.73,147.793,4335
1755039600,147.79,147.895,147.699,147.801,14543
1755046800,147.8,148.169,147.732,148.047,16985
1755054000,148.052,148.108,147.929,147.931,14954
1755061200,147.932,148.01,147.718,147.783,17942
1755068400,147.785,147.793,147.196,147.272,23707
1755075600,147.265,147.417,147.18,147.407,19023
1755082800,147.406,147.567,147.155,147.407,22940
1755090000,147.41,147.434,147.094,147.146,26580
1755097200,147.148,147.352,147.089,147.346,20659
1755104400,147.346,147.512,147.318,147.434,14546
1755111600,147.433,147.476,147.32,147.375,10684
1755118800,147.339,147.367,147.241,147.26,5141
1755126000,147.252,147.263,146.618,146.694,15956
1755133200,146.696,146.737,146.371,146.701,21138
1755140400,146.701,146.752,146.339,146.384,14754
1755147600,146.386,146.573,146.213,146.483,21431
1755154800,146.483,146.635,146.309,146.551,25598
1755162000,146.552,146.668,146.434,146.527,20667
1755169200,146.529,147.101,146.427,146.95,26177
1755176400,146.949,147.555,146.944,147.483,33147
1755183600,147.481,147.893,147.475,147.848,24543
1755190800,147.846,147.961,147.748,147.876,15158
1755198000,147.875,147.881,147.723,147.747,11324
1755205200,147.723,147.847,147.723,147.777,4281
1755212400,147.773,147.87,147.466,147.483,12741
1755219600,147.475,147.515,147.203,147.284,17229
1755226800,147.285,147.3,147.108,147.14,12215
1755234000,147.15,147.22,147.045,147.097,17198
1755241200,147.094,147.225,146.853,146.859,21713
1755248400,146.861,146.97,146.756,146.954,17402
1755255600,146.953,147.267,146.732,146.887,22399
1755262800,146.885,147.099,146.769,146.85,30885
1755270000,146.857,147.263,146.814,147.201,21407
1755277200,147.2,147.331,147.194,147.211,14606
1755284400,147.211,147.257,147.169,147.173,10744
1755464400,147.154,147.207,147.081,147.175,4274
1755471600,147.17,147.459,147.17,147.426,14650
1755478800,147.427,147.584,147.3,147.466,15052
1755486000,147.467,147.508,147.335,147.379,12870
1755493200,147.378,147.501,147.318,147.379,16479
1755500400,147.377,147.519,147.118,147.342,23350
1755507600,147.341,147.474,147.278,147.426,17353
1755514800,147.428,147.793,147.369,147.726,20119
1755522000,147.727,147.982,147.687,147.941,24451
1755529200,147.942,147.986,147.677,147.791,18487
1755536400,147.789,147.868,147.659,147.86,13413
1755543600,147.86,147.926,147.807,147.847,9112
1755550800,147.779,147.889,147.699,147.881,4090
1755558000,147.88,147.983,147.772,147.778,12912
1755565200,147.776,148.11,147.62,147.81,19799
1755572400,147.807,147.877,147.725,147.761,14739
1755579600,147.758,147.775,147.571,147.602,16546
1755586800,147.601,147.752,147.533,147.665,19626
1755594000,147.663,147.815,147.598,147.713,16745
1755601200,147.716,147.851,147.648,147.783,20524
1755608400,147.788,147.904,147.549,147.73,25964
1755615600,147.728,147.792,147.551,147.627,20135
1755622800,147.625,147.648,147.444,147.513,16041
1755630000,147.512,147.691,147.458,147.669,10532
1755637200,147.598,147.651,147.554,147.606,4497
1755644400,147.602,147.818,147.503,147.572,13070
1755651600,147.572,147.669,147.422,147.582,19206
1755658800,147.581,147.609,147.455,147.581,13427
1755666000,147.578,147.581,147.141,147.381,17486
1755673200,147.387,147.697,147.329,147.589,21565
1755680400,147.586,147.591,147.367,147.451,14572
1755687600,147.449,147.548,147.237,147.276,19360
1755694800,147.273,147.439,146.869,146.996,29830
1755702000,147.539,147.54,147.097,147.12,15876
1755709200,147.115,147.288,147.01,147.272,15246
1755716400,147.271,147.492,147.241,147.306,10970
1755723600,147.284,147.363,147.256,147.347,5125
1755730800,147.345,147.463,147.255,147.388,15320
1755738000,147.385,147.509,147.254,147.344,17801
1755745200,147.342,147.447,147.288,147.384,11560
1755752400,147.385,147.58,147.34,147.565,16575
1755759600,147.566,147.642,147.511,147.589,19970
1755766800,147.588,147.893,147.479,147.848,17696
1755774000,147.843,147.937,147.583,147.757,22523
1755781200,147.756,148.17,147.586,148.159,30251
1755788400,148.16,148.401,148.081,148.286,23000
1755795600,148.277,148.349,148.163,148.348,12760
1755802800,148.349,148.408,148.319,148.38,8239
1755810000,148.293,148.381,148.244,148.336,3901
1755817200,148.335,148.506,148.28,148.476,15037
1755824400,148.478,148.682,148.412,148.487,15079
1755831600,148.488,148.766,148.481,148.744,13244
1755838800,148.744,148.778,148.422,148.517,16166
1755846000,148.519,148.674,148.408,148.638,17751
1755853200,148.639,148.735,148.601,148.634,14229
1755860400,148.632,148.739,148.599,148.706,18359
1755867600,148.707,148.721,146.803,146.853,34083
1755874800,146.855,146.895,146.572,146.704,28070
1755882000,146.706,146.878,146.577,146.865,17394
1755889200,146.86,146.998,146.844,146.941,10256
1756069200,146.887,147.066,146.763,147.062,6210
1756076400,147.062,147.528,147.046,147.391,17368
1756083600,147.39,147.521,147.254,147.438,17072
1756090800,147.436,147.439,147.205,147.235,12621
1756098000,147.234,147.378,147.095,147.166,15801
1756105200,147.167,147.371,147.137,147.287,17292
1756112400,147.286,147.447,147.224,147.439,14889
1756119600,147.438,147.452,147.285,147.381,17680
1756126800,147.382,147.547,147.289,147.49,25287
1756134000,147.49,147.674,147.398,147.538,21616
1756141200,147.537,147.826,147.501,147.808,17801
1756148400,147.798,147.94,147.662,147.749,15216
1756155600,147.774,147.797,147.658,147.732,4926
1756162800,147.73,147.88,146.987,147.11,23672
1756170000,147.109,147.609,147.108,147.523,21746
1756177200,147.522,147.812,147.519,147.771,16635
1756184400,147.772,147.888,147.634,147.776,20880
1756191600,147.777,147.911,147.492,147.57,27408
1756198800,147.571,147.67,147.471,147.586,21397
1756206000,147.586,147.624,147.329,147.541,23230
1756213200,147.542,147.722,147.486,147.502,27949
1756220400,147.495,147.503,147.1,147.308,22067
1756227600,147.306,147.545,147.265,147.38,15019
1756234800,147.379,147.489,147.304,147.429,11239
1756242000,147.345,147.482,147.265,147.435,4963
1756249200,147.44,147.583,147.36,147.583,13956
1756256400,147.585,147.738,147.51,147.72,17322
1756263600,147.718,147.959,147.71,147.943,15079
1756270800,147.943,147.971,147.652,147.712,17485
1756278000,147.717,148.003,147.714,147.918,21561
1756285200,147.915,148.145,147.865,148.119,19111
1756292400,148.12,148.183,147.982,148.069,22108
1756299600,148.069,148.128,147.824,147.866,26946
1756306800,147.868,147.868,147.347,147.362,21959
1756314000,147.361,147.491,147.294,147.409,18024
1756321200,147.413,147.519,147.398,147.417,12511
1756328400,147.37,147.412,147.203,147.287,6532
1756335600,147.284,147.491,147.223,147.297,16839
1756342800,147.297,147.449,147.191,147.243,17436
1756350000,147.24,147.292,147.079,147.161,13786
1756357200,147.161,147.344,146.998,147.307,17732
1756364400,147.306,147.405,147.131,147.19,23016
1756371600,147.183,147.186,146.909,146.932,20312
1756378800,146.934,147.172,146.803,147.102,26095
1756386000,147.104,147.233,146.875,146.977,29923
1756393200,146.975,147.071,146.821,146.851,20632
1756400400,146.846,146.889,146.663,146.821,15072
1756407600,146.82,146.995,146.807,146.924,10971
1756414800,146.861,147.083,146.797,147.031,6411
1756422000,147.032,147.035,146.762,146.825,16577
1756429200,146.818,147.111,146.791,146.892,19615
1756436400,146.894,147.04,146.889,146.904,13335
1756443600,146.903,147.174,146.9,147.158,15628
1756450800,147.162,147.199,146.865,146.952,21291
1756458000,146.951,147.249,146.937,147.199,17885
1756465200,147.198,147.406,147.134,147.321,22160
1756472400,147.32,147.389,146.809,146.825,31732
1756479600,146.826,146.973,146.765,146.915,23233
1756486800,146.914,147.027,146.883,147.016,12429
1756494000,147.014,147.115,146.922,147.036,10663
1756674000,147.042,147.158,146.938,147.131,5250
1756681200,147.126,147.258,147.082,147.233,13868
1756688400,147.234,147.383,146.855,146.896,20325
1756695600,146.896,147.06,146.836,147.045,14672
1756702800,147.043,147.06,146.784,146.936,16996
1756710000,146.946,147.203,146.896,146.989,21629
1756717200,146.989,147.147,146.939,147.13,17466
1756724400,147.132,147.234,147.06,147.2,17661
1756731600,147.201,147.295,147.165,147.29,19694
1756738800,147.293,147.307,147.194,147.236,13602
1756746000,147.238,147.244,147.21,147.223,7047
1756753200,147.223,147.223,147.142,147.175,6738
1756760400,147.127,147.232,147.103,147.172,5179
1756767600,147.17,147.357,147.046,147.305,15693
1756774800,147.304,147.715,147.186,147.664,22344
1756782000,147.665,147.864,147.571,147.724,14704
1756789200,147.725,148.05,147.698,147.963,19785
1756796400,147.962,148.795,147.949,148.439,33181
1756803600,148.44,148.709,148.37,148.603,25703
1756810800,148.595,148.943,148.513,148.824,28863
1756818000,148.824,148.85,147.935,148.085,35004
1756825200,148.079,148.339,148.067,148.298,24744
1756832400,148.299,148.534,148.245,148.475,16133
1756839600,148.474,148.482,148.315,148.335,12138
1756846800,148.293,148.561,148.272,148.502,4874
1756854000,148.502,148.769,148.446,148.757,15526
1756861200,148.755,148.906,148.709,148.844,17368
1756868400,148.842,148.926,148.552,148.587,15171
1756875600,148.588,148.682,148.489,148.612,18103
1756882800,148.615,149.137,148.563,148.585,26623
1756890000,148.585,148.735,148.431,148.694,21500
1756897200,148.693,148.802,148.543,148.728,24522
1756904400,148.728,148.797,148.076,148.169,30708
1756911600,148.168,148.2,147.905,147.94,23268
1756918800,147.938,148.07,147.878,147.973,16481
1756926000,147.971,148.163,147.965,148.106,11704
1756933200,148.063,148.147,148.033,148.059,4224
1756940400,148.064,148.173,147.899,148.028,17268
1756947600,148.015,148.192,147.791,148.135,21695
1756954800,148.134,148.282,148.117,148.242,15413
1756962000,148.246,148.284,148.129,148.197,16847
1756969200,148.195,148.414,148.104,148.217,22869
1756976400,148.213,148.372,148.168,148.263,18965
1756983600,148.263,148.528,148.038,148.429,24943
1756990800,148.43,148.753,148.351,148.739,30947
1756998000,148.737,148.78,148.596,148.62,20898
1757005200,148.62,148.673,148.537,148.565,13855
1757012400,148.564,148.566,148.441,148.466,10307
1757019600,148.471,148.517,148.353,148.48,4792
1757026800,148.479,148.51,148.131,148.173,17404
1757034000,148.172,148.266,148.083,148.182,15973
1757041200,148.182,148.236,148.111,148.22,11774
1757048400,148.219,148.275,148.148,148.237,15117
1757055600,148.232,148.26,148.113,148.163,18706
1757062800,148.164,148.189,148.081,148.146,15654
1757070000,148.146,148.252,147.18,147.299,28663
1757077200,147.27,147.458,146.994,147.078,38844
1757084400,147.079,147.152,146.815,147.14,26971
1757091600,147.141,147.485,147.129,147.465,20309
1757098800,147.467,147.504,147.334,147.385,13573
1757278800,148.14,148.473,147.891,148.432,13266
1757286000,148.432,148.581,148.208,148.341,21804
1757293200,148.339,148.388,148.003,148.082,21920
1757300400,148.083,148.254,148.019,148.17,15154
1757307600,148.169,148.179,147.803,147.829,19739
1757314800,147.828,147.834,147.464,147.685,24437
1757322000,147.684,147.878,147.664,147.803,19344
1757329200,147.804,147.88,147.645,147.698,21873
1757336400,147.696,147.876,147.535,147.751,28312
1757343600,147.753,147.776,147.544,147.686,20582
1757350800,147.685,147.769,147.446,147.46,15241
1757358000,147.462,147.539,147.34,147.519,12146
1757365200,147.432,147.523,147.388,147.414,5292
1757372400,147.401,147.431,147.158,147.344,16410
1757379600,147.347,147.402,147.198,147.334,17253
1757386800,147.334,147.404,147.085,147.129,13411
1757394000,147.13,147.134,146.818,147.051,19717
1757401200,147.049,147.332,146.559,146.625,25577
1757408400,146.614,146.614,146.306,146.47,20667
1757415600,146.471,147.004,146.461,146.925,22801
1757422800,146.926,147.13,146.522,147.099,33729
1757430000,147.1,147.348,147.099,147.272,22546
1757437200,147.272,147.431,147.237,147.402,16302
1757444400,147.403,147.47,147.392,147.402,11889
1757451600,147.323,147.416,147.275,147.355,4752
1757458800,147.352,147.477,147.333,147.425,13940
1757466000,147.426,147.577,147.294,147.3,17550
1757473200,147.299,147.463,147.268,147.324,12260
1757480400,147.326,147.588,147.282,147.568,17153
1757487600,147.567,147.57,147.393,147.519,22014
1757494800,147.517,147.541,147.397,147.478,18046
1757502000,147.478,147.647,147.101,147.529,24704
1757509200,147.534,147.603,147.261,147.402,29518
1757516400,147.401,147.443,147.278,147.373,19290
1757523600,147.372,147.391,147.245,147.325,14064
1757530800,147.321,147.469,147.314,147.46,11309
1757538000,147.387,147.424,147.339,147.347,4489
1757545200,147.346,147.468,147.281,147.461,12051
1757552400,147.463,147.483,147.321,147.466,12972
1757559600,147.466,147.479,147.412,147.432,9993
1757566800,147.433,147.788,147.429,147.722,15757
1757574000,147.725,147.864,147.654,147.851,19440
1757581200,147.85,147.992,147.841,147.971,17520
1757588400,147.97,148.177,147.362,147.531,26018
1757595600,147.519,147.618,146.994,147.187,35856
1757602800,147.186,147.31,146.981,147.057,21783
1757610000,147.056,147.308,147.052,147.177,15814
1757617200,147.178,147.244,147.087,147.221,13128
1757624400,147.177,147.227,147.12,147.188,3682
1757631600,147.187,147.337,147.148,147.229,12368
1757638800,147.227,147.481,147.212,147.42,14576
1757646000,147.42,147.547,147.42,147.499,11371
1757653200,147.502,147.556,147.327,147.41,15126
1757660400,147.405,147.927,147.244,147.896,25497
1757667600,147.894,147.983,147.74,147.753,19733
1757674800,147.753,148.071,147.685,147.849,21717
1757682000,147.857,147.891,147.586,147.666,25906
1757689200,147.665,147.874,147.631,147.684,17966
1757696400,147.681,147.682,147.474,147.489,13252
1757703600,147.487,147.719,147.462,147.672,9800
1757883600,147.566,147.784,147.532,147.714,5742
1757890800,147.711,147.729,147.545,147.55,11265
1757898000,147.55,147.613,147.504,147.515,15040
1757905200,147.514,147.518,147.338,147.404,12370
1757912400,147.405,147.608,147.388,147.53,15368
1757919600,147.531,147.597,147.374,147.409,20519
1757926800,147.41,147.43,147.248,147.394,16896
1757934000,147.392,147.479,147.248,147.269,20400
1757941200,147.266,147.472,147.228,147.419,23289
1757948400,147.423,147.436,147.244,147.338,19288
1757955600,147.337,147.373,147.24,147.326,15121
1757962800,147.325,147.432,147.309,147.411,11329
1757970000,147.345,147.404,147.299,147.397,5399
1757977200,147.396,147.501,147.335,147.445,13904
1757984400,147.442,147.541,147.114,147.153,20091
1757991600,147.151,147.202,146.969,147.014,18094
1757998800,147.015,147.073,146.782,146.902,21597
1758006000,146.898,147.093,146.69,146.996,23501
1758013200,146.994,147.091,146.865,147.055,19267
1758020400,147.057,147.25,146.874,147.102,22799
1758027600,147.099,147.137,146.521,146.526,27909
1758034800,146.527,146.685,146.349,146.357,19208
1758042000,146.356,146.401,146.28,146.344,15248
1758049200,146.345,146.506,146.345,146.452,12906
1758056400,146.434,146.527,146.379,146.497,5032
1758063600,146.489,146.57,146.212,146.534,14638
1758070800,146.536,146.607,146.429,146.54,15688
1758078000,146.536,146.567,146.433,146.455,9102
1758085200,146.455,146.555,146.371,146.501,14113
1758092400,146.503,146.682,146.376,146.452,18359
1758099600,146.453,146.454,146.197,146.275,16366
1758106800,146.273,146.477,146.227,146.38,17222
1758114000,146.379,146.401,146.208,146.343,19568
1758121200,146.342,146.386,146.252,146.289,15368
1758128400,146.288,146.858,145.475,146.715,32926
1758135600,146.703,147.049,146.444,146.984,25910
1758142800,146.929,146.987,146.798,146.841,7890
1758150000,146.841,147.03,146.768,146.918,16311
1758157200,146.916,147.149,146.848,146.908,18433
1758164400,146.907,147.218,146.85,147.206,12541
1758171600,147.207,147.531,147.173,147.409,19083
1758178800,147.412,147.489,147.026,147.436,23252
1758186000,147.432,147.454,147.158,147.261,20104
1758193200,147.258,147.802,147.213,147.788,27295
1758200400,147.795,148.266,147.793,148.011,34602
1758207600,148.012,148.084,147.856,147.865,23853
1758214800,147.865,147.931,147.803,147.883,15695
1758222000,147.884,148.011,147.844,147.988,11459
1758229200,147.92,147.987,147.866,147.943,7092
1758236400,147.943,148.117,147.893,148.011,14151
1758243600,148.012,148.107,147.932,147.99,18706
1758250800,147.989,147.998,147.194,147.523,27852
1758258000,147.521,147.991,147.418,147.851,28075
1758265200,147.852,148.036,147.664,147.855,26553
1758272400,147.857,147.983,147.755,147.941,18238
1758279600,147.942,148.286,147.931,148.158,23580
1758286800,148.157,148.157,147.79,147.886,28488
1758294000,147.886,147.949,147.794,147.849,21156
1758301200,147.849,147.977,147.843,147.966,13007
1758308400,147.966,147.996,147.916,147.961,11252
1758488400,147.888,148.016,147.86,147.995,6397
1758495600,147.994,148.259,147.974,148.162,14918
1758502800,148.151,148.355,148.082,148.346,20597
1758510000,148.35,148.378,148.276,148.288,15348
1758517200,148.284,148.307,147.992,148.075,18035
1758524400,148.077,148.133,147.816,147.856,23653
1758531600,147.855,147.947,147.801,147.857,18730
1758538800,147.862,147.932,147.744,147.842,21480
1758546000,147.841,147.986,147.729,147.876,24929
1758553200,147.88,147.903,147.733,147.741,20928
1758560400,147.743,147.782,147.657,147.73,14152
1758567600,147.723,147.78,147.691,147.733,10418
1758574800,147.706,147.795,147.648,147.701,4458
1758582000,147.701,147.768,147.65,147.667,12864
1758589200,147.664,147.816,147.6,147.796,18236
1758596400,147.799,147.868,147.733,147.799,14639
1758603600,147.798,147.841,147.636,147.718,16724
1758610800,147.716,147.814,147.536,147.567,23979
1758618000,147.565,147.77,147.502,147.717,18771
1758625200,147.717,147.887,147.688,147.772,18978
1758632400,147.772,147.885,147.618,147.765,27572
1758639600,147.763,147.926,147.681,147.77,22896
1758646800,147.771,147.774,147.461,147.582,20808
1758654000,147.583,147.675,147.552,147.653,13792
1758661200,147.578,147.635,147.553,147.614,6211
1758668400,147.613,147.83,147.514,147.774,14955
1758675600,147.772,147.813,147.712,147.768,19320
1758682800,147.767,147.963,147.757,147.901,12909
1758690000,147.903,148.105,147.818,148.059,17264
1758697200,148.057,148.291,148.007,148.266,20333
1758704400,148.263,148.424,148.213,148.398,16759
1758711600,148.398,148.717,148.374,148.67,20067
1758718800,148.668,148.783,148.587,148.712,25754
1758726000,148.711,148.795,148.687,148.765,19075
1758733200,148.762,148.874,148.706,148.841,13078
1758740400,148.843,148.915,148.833,148.902,10567
1758747600,148.841,148.85,148.733,148.806,5734
1758754800,148.806,148.836,148.559,148.57,16251
1758762000,148.573,148.861,148.555,148.751,18165
1758769200,148.752,148.774,148.601,148.606,12695
1758776400,148.608,148.865,148.6,148.781,16846
1758783600,148.779,148.827,148.633,148.741,21585
1758790800,148.74,148.813,148.679,148.799,15936
1758798000,148.799,149.355,148.798,149.246,25089
1758805200,149.243,149.638,149.145,149.638,31668
1758812400,149.632,149.867,149.626,149.818,23523
1758819600,149.819,149.928,149.726,149.889,18731
1758826800,149.887,149.899,149.73,149.791,12069
1758834000,149.778,149.811,149.727,149.739,5942
1758841200,149.737,149.957,149.63,149.684,18545
1758848400,149.685,149.849,149.632,149.723,17279
1758855600,149.724,149.749,149.643,149.644,12264
1758862800,149.643,149.798,149.614,149.722,16675
1758870000,149.725,149.889,149.648,149.75,18285
1758877200,149.751,149.953,149.71,149.891,15858
1758884400,149.889,149.9,149.587,149.625,21949
1758891600,149.625,149.785,149.466,149.501,29265
1758898800,149.505,149.598,149.423,149.554,20382
1758906000,149.551,149.561,149.405,149.441,13797
1758913200,149.441,149.56,149.433,149.521,10082
1759093200,149.45,149.517,149.394,149.47,6691
1759100400,149.47,149.476,149.108,149.181,15882
1759107600,149.181,149.282,148.899,148.94,21273
1759114800,148.941,148.981,148.88,148.953,15459
1759122000,148.95,148.982,148.712,148.826,20399
1759129200,148.829,148.84,148.469,148.531,20759
1759136400,148.53,148.685,148.472,148.667,17089
1759143600,148.668,148.817,148.574,148.608,20745
1759150800,148.607,148.739,148.474,148.649,25929
1759158000,148.65,148.654,148.494,148.583,18159
1759165200,148.584,148.649,148.545,148.635,13202
1759172400,148.635,148.692,148.559,148.593,10247
1759179600,148.578,148.654,148.549,148.598,4998
1759186800,148.597,148.846,148.501,148.794,17304
1759194000,148.789,148.8,148.595,148.715,19664
1759201200,148.716,148.723,148.387,148.404,16530
1759208400,148.403,148.448,148.044,148.076,21182
1759215600,148.076,148.18,147.834,147.855,23956
1759222800,147.854,148.038,147.831,148.026,18713
1759230000,148.025,148.094,147.895,147.957,18478
1759237200,147.956,148.066,147.652,147.688,29154
1759244400,147.689,148.018,147.662,147.745,23009
1759251600,147.744,147.884,147.654,147.872,16336
1759258800,147.871,147.971,147.826,147.929,13298
1759266000,147.819,147.926,147.803,147.912,5564
1759273200,147.909,148.225,147.81,148.11,16493
1759280400,148.108,148.17,147.884,147.915,16114
1759287600,147.915,148.001,147.549,147.552,16053
1759294800,147.541,147.646,147.165,147.233,22101
1759302000,147.234,147.321,146.897,147.153,26725
1759309200,147.151,147.263,147.057,147.077,21734
1759316400,147.078,147.118,146.586,146.8,27559
1759323600,146.795,147.05,146.62,146.862,34067
1759330800,146.867,147.255,146.841,147.163,24536
1759338000,147.163,147.231,147.019,147.088,15796
1759345200,147.085,147.166,147.055,147.068,12021
1759352400,147.043,147.068,146.998,147.011,4621
1759359600,147.009,147.323,146.989,147.194,14833
1759366800,147.193,147.226,146.94,147.165,16416
1759374000,147.164,147.201,147.049,147.178,12232
1759381200,147.178,147.381,146.888,147.161,18370
1759388400,147.155,147.217,146.723,146.793,23805
1759395600,146.798,146.809,146.599,146.643,20159
1759402800,146.643,147.199,146.625,147.16,20911
1759410000,147.159,147.345,147.052,147.332,29524
1759417200,147.331,147.514,147.162,147.165,22343
1759424400,147.168,147.24,147.14,147.214,12604
1759431600,147.214,147.291,147.128,147.255,9754
1759438800,147.221,147.23,147.165,147.197,4993
1759446000,147.196,147.385,147.091,147.354,12522
1759453200,147.357,147.688,147.18,147.653,18044
1759460400,147.656,147.77,147.589,147.726,11287
1759467600,147.725,147.82,147.5,147.605,17338
1759474800,147.603,147.685,147.278,147.328,18712
1759482000,147.329,147.438,147.31,147.324,14854
1759489200,147.322,147.423,147.219,147.267,18301
1759496400,147.265,147.521,147.065,147.446,28536
1759503600,147.447,147.537,147.307,147.504,20166
1759510800,147.504,147.544,147.409,147.5,14923
1759518000,147.499,147.526,147.387,147.484,9617
1759698000,149.478,149.497,149.043,149.32,17482
1759705200,149.317,149.864,149.232,149.706,28871
1759712400,149.705,149.919,149.584,149.872,22982
1759719600,149.873,150.347,149.818,150.316,21874
1759726800,150.314,150.439,150.012,150.033,24823
1759734000,150.036,150.396,149.949,150.365,28822
1759741200,150.372,150.474,150.276,150.283,19796
1759748400,150.283,150.404,149.753,149.782,28361
1759755600,149.781,150.116,149.751,149.962,29059
1759762800,149.961,150.175,149.921,150.161,20662
1759770000,150.16,150.321,150.08,150.298,13734
1759777200,150.297,150.396,150.224,150.366,9887
1759784400,150.27,150.384,150.172,150.32,7934
1759791600,150.315,150.619,150.267,150.49,16916
1759798800,150.493,150.614,150.342,150.531,14824
1759806000,150.532,150.535,150.25,150.412,12713
1759813200,150.414,150.7,150.4,150.623,19010
1759820400,150.625,150.831,150.522,150.79,20906
1759827600,150.791,150.829,150.701,150.773,15728
1759834800,150.775,151.029,150.76,150.834,20686
1759842000,150.835,151.207,150.732,151.176,28086
1759849200,151.176,151.409,150.979,151.326,27344
1759856400,151.324,151.938,151.25,151.826,21958
1759863600,151.825,152.045,151.745,151.891,14989
1759870800,151.886,151.921,151.738,151.815,6432
1759878000,151.815,152.375,151.793,152.307,23009
1759885200,152.316,152.646,152.273,152.488,25074
1759892400,152.485,152.566,152.303,152.365,14777
1759899600,152.366,152.523,152.254,152.344,23161
1759906800,152.345,152.786,152.327,152.746,26452
1759914000,152.743,153.001,152.65,152.729,22077
1759921200,152.695,152.847,152.439,152.505,23127
1759928400,152.508,152.674,152.374,152.52,29380
1759935600,152.518,152.8,152.511,152.755,21371
1759942800,152.753,152.945,152.644,152.72,18678
1759950000,152.72,152.754,152.639,152.694,13342
1759957200,152.655,152.705,152.492,152.529,7138
1759964400,152.53,152.735,152.453,152.704,22325
1759971600,152.708,152.768,152.407,152.462,23027
1759978800,152.465,152.598,152.448,152.47,13107
1759986000,152.472,153.136,152.467,152.981,21346
1759993200,152.975,153.222,152.76,152.799,25798
1760000400,152.802,152.855,152.479,152.663,22892
1760007600,152.662,152.844,152.651,152.749,22547
1760014800,152.743,153.186,152.105,153.041,35724
1760022000,153.043,153.236,152.944,153.003,28534
1760029200,152.999,153.214,152.908,153.181,23180
1760036400,153.179,153.179,153.007,153.085,14811
1760043600,152.968,153.083,152.942,153.028,5295
1760050800,153.029,153.278,152.947,152.958,21966
1760058000,152.957,153.048,152.842,152.914,19072
1760065200,152.917,152.938,152.635,152.751,16948
1760072400,152.748,152.916,152.382,152.535,22781
1760079600,152.534,152.949,152.487,152.644,28540
1760086800,152.643,152.848,152.607,152.723,20902
1760094000,152.722,152.758,152.517,152.558,22455
1760101200,152.556,152.715,152.42,152.461,29868
1760108400,152.462,152.462,151.505,151.889,43186
1760115600,151.883,151.948,151.632,151.716,25459
1760122800,151.715,151.805,151.177,151.184,18244
1760302800,151.825,152.28,151.766,151.937,15280
1760310000,151.93,152.088,151.74,151.844,27232
1760317200,151.845,151.987,151.806,151.935,22136
1760324400,151.934,152.017,151.81,151.91,14798
1760331600,151.904,152.024,151.723,151.941,22127
1760338800,151.935,152.448,151.909,152.34,27513
1760346000,152.339,152.367,152.128,152.172,19341
1760353200,152.173,152.265,151.977,152.21,27380
1760360400,152.208,152.451,152.104,152.377,29335
1760367600,152.378,152.395,152.195,152.279,20326
1760374800,152.28,152.351,152.218,152.286,15049
1760382000,152.286,152.351,152.25,152.301,11072
1760389200,152.194,152.347,152.157,152.346,5473
1760396400,152.346,152.612,152.281,152.467,20984
1760403600,152.463,152.5,152.356,152.38,21808
1760410800,152.377,152.395,151.779,151.856,25487
1760418000,151.856,151.976,151.622,151.895,32280
1760425200,151.891,152.128,151.677,151.976,31439
1760432400,151.976,152.155,151.913,151.949,24792
1760439600,151.949,152.129,151.86,152.048,27171
1760446800,152.047,152.169,151.822,151.828,37211
1760454000,151.831,151.939,151.671,151.737,31948
1760461200,151.741,151.869,151.676,151.763,20735
1760468400,151.763,151.824,151.601,151.805,17139
1760475600,151.757,151.873,151.689,151.807,6812
1760482800,151.808,151.853,151.501,151.562,21221
1760490000,151.551,151.606,151.031,151.058,23805
1760497200,151.058,151.25,151,151.25,16219
1760504400,151.25,151.275,150.899,151.035,20914
1760511600,151.03,151.399,150.983,151.219,26211
1760518800,151.218,151.495,151.214,151.363,21559
1760526000,151.361,151.685,151.317,151.636,24744
1760533200,151.636,151.74,151.315,151.401,31089
1760540400,151.402,151.463,151.038,151.194,26934
1760547600,151.196,151.391,151.065,151.334,23615
1760554800,151.333,151.343,151.051,151.055,14669
1760562000,151.015,151.164,150.747,150.92,8390
1760569200,150.92,151.094,150.514,150.707,23041
1760576400,150.708,150.78,150.511,150.778,23079
1760583600,150.778,151.112,150.731,151.038,15731
1760590800,151.047,151.272,150.962,151.204,22906
1760598000,151.199,151.38,150.939,151.243,26933
1760605200,151.243,151.402,151.16,151.178,18667
1760612400,151.177,151.379,151.034,151.101,23018
1760619600,151.097,151.289,150.753,150.774,35104
1760626800,150.775,150.87,150.233,150.398,32840
1760634000,150.404,150.475,150.226,150.334,31798
1760641200,150.335,150.451,150.209,150.431,19030
1760648400,150.381,150.44,150.244,150.259,9343
1760655600,150.259,150.292,150.045,150.229,21596
1760662800,150.229,150.391,150.062,150.18,22725
1760670000,150.177,150.18,149.896,149.963,17591
1760677200,149.964,149.975,149.625,149.633,26024
1760684400,149.633,149.908,149.378,149.781,36567
1760691600,149.779,149.964,149.606,149.931,26693
1760698800,149.931,150.543,149.872,150.387,34708
1760706000,150.383,150.592,150.161,150.428,37671
1760713200,150.427,150.5,150.204,150.408,28337
1760720400,150.407,150.535,150.365,150.499,19082
1760727600,150.498,150.638,150.453,150.596,12040
1760907600,150.423,150.906,150.361,150.827,11164
1760914800,150.842,150.977,150.765,150.911,19650
1760922000,150.91,151.205,150.808,150.865,17730
1760929200,150.865,150.888,150.515,150.598,13926
1760936400,150.602,150.743,150.496,150.689,20702
1760943600,150.685,150.83,150.573,150.584,24296
1760950800,150.583,150.837,150.271,150.717,23364
1760958000,150.698,150.858,150.605,150.673,23475
1760965200,150.677,150.852,150.409,150.591,27418
1760972400,150.59,150.694,150.482,150.675,20909
1760979600,150.68,150.829,150.664,150.69,12837
1760986800,150.689,150.766,150.628,150.747,11047
1760994000,150.668,150.766,150.65,150.733,5533
1761001200,150.732,150.853,150.467,150.659,16843
1761008400,150.661,151.147,150.528,151.127,20436
1761015600,151.128,151.243,150.883,151.077,17799
1761022800,151.089,151.608,150.893,151.26,27483
1761030000,151.263,151.677,151.064,151.611,29333
1761037200,151.609,152.049,151.592,151.928,21993
1761044400,151.929,152.173,151.805,152.029,27589
1761051600,152.028,152.091,151.455,151.868,35310
1761058800,151.867,151.951,151.652,151.855,23717
1761066000,151.854,151.973,151.816,151.915,15852
1761073200,151.918,151.972,151.868,151.925,9667
1761080400,151.875,151.946,151.859,151.936,4586
1761087600,151.932,151.96,151.604,151.629,17658
1761094800,151.628,151.76,151.491,151.633,17584
1761102000,151.634,151.876,151.627,151.759,13431
1761109200,151.757,151.947,151.693,151.737,19732
1761116400,151.736,151.914,151.618,151.687,28494
1761123600,151.689,151.836,151.652,151.819,22633
1761130800,151.821,151.97,151.719,151.927,28132
1761138000,151.928,152.048,151.859,151.887,30598
1761145200,151.885,151.91,151.505,151.765,26928
1761152400,151.769,151.892,151.605,151.881,21758
1761159600,151.88,152.011,151.854,151.968,12403
1761166800,151.951,151.951,151.82,151.903,5546
1761174000,151.902,152.264,151.899,152.152,16824
1761181200,152.154,152.503,152.122,152.463,15396
1761188400,152.464,152.57,152.393,152.41,11321
1761195600,152.411,152.651,152.315,152.645,16534
1761202800,152.644,152.652,152.379,152.609,21332
1761210000,152.609,152.777,152.51,152.768,17781
1761217200,152.77,152.793,152.454,152.537,21571
1761224400,152.536,152.734,152.474,152.614,27970
1761231600,152.61,152.798,152.581,152.718,18968
1761238800,152.717,152.766,152.518,152.536,13306
1761246000,152.532,152.61,152.493,152.587,9596
1761253200,152.498,152.596,152.498,152.587,4245
1761260400,152.586,152.676,152.472,152.647,13305
1761267600,152.648,152.917,152.636,152.891,16858
1761274800,152.89,152.915,152.714,152.892,11618
1761282000,152.894,153.065,152.88,152.917,17915
1761289200,152.921,153.022,152.753,152.95,22777
1761296400,152.95,152.995,152.901,152.98,16121
1761303600,152.981,152.995,152.257,152.672,24488
1761310800,152.671,153.018,152.594,152.767,31577
1761318000,152.772,152.882,152.704,152.841,17744
1761325200,152.842,152.894,152.747,152.864,11673
1761332400,152.863,152.895,152.753,152.885,8408
1761512400,152.768,153.141,152.768,153.073,10199
1761519600,153.072,153.176,152.83,152.893,16194
1761526800,152.891,153.013,152.654,152.982,16670
1761534000,152.981,153.167,152.948,153.136,12247
1761541200,153.137,153.254,152.829,152.977,15223
1761548400,152.977,153.074,152.745,152.817,22548
1761555600,152.819,152.849,152.699,152.772,20560
1761562800,152.771,152.894,152.566,152.838,22091
1761570000,152.842,153.2,152.807,153,25575
1761577200,153.002,153.123,152.975,152.995,19200
1761584400,152.995,153.095,152.758,152.822,13392
1761591600,152.823,152.957,152.819,152.876,10558
1761598800,152.842,152.87,152.736,152.747,4857
1761606000,152.749,152.774,152.395,152.497,14941
1761613200,152.496,152.514,152.268,152.461,19086
1761620400,152.461,152.473,151.847,151.877,17951
1761627600,151.878,152.059,151.759,152.019,21699
1761634800,152.025,152.352,151.844,151.952,28053
1761642000,151.951,152.078,151.825,151.861,21624
1761649200,151.863,152.22,151.858,152.131,23198
1761656400,152.133,152.373,151.974,151.988,27644
1761663600,151.987,152.307,151.851,152.111,24415
1761670800,152.11,152.246,152.089,152.101,16916
1761678000,152.101,152.132,151.945,152.101,12200
1761685200,152.094,152.183,152.024,152.169,5812
1761692400,152.171,152.195,151.539,151.635,19303
1761699600,151.638,152.142,151.553,151.979,19881
1761706800,151.977,152.113,151.917,152.072,14062
1761714000,152.075,152.545,152.062,152.145,18332
1761721200,152.151,152.337,152.001,152.336,21954
1761728400,152.337,152.467,152.195,152.243,18691
1761735600,152.243,152.409,152.13,152.238,19994
1761742800,152.24,152.242,151.862,152.037,25251
1761750000,152.036,152.179,151.898,152.15,21950
1761757200,152.151,153.05,152.088,152.828,28665
1761764400,152.825,153.058,152.589,152.728,24618
1761771600,152.633,152.735,152.584,152.697,6372
1761778800,152.695,152.946,152.502,152.632,17032
1761786000,152.635,152.679,152.319,152.337,19176
1761793200,152.336,153.135,152.162,152.769,29386
1761800400,152.781,153.519,152.677,153.336,24385
1761807600,153.335,153.889,153.278,153.747,27832
1761814800,153.751,153.959,153.625,153.956,22754
1761822000,153.956,154.294,153.862,154.293,25044
1761829200,154.301,154.446,154.051,154.288,32460
1761836400,154.28,154.342,154.045,154.101,23127
1761843600,154.1,154.167,154.047,154.082,16600
1761850800,154.081,154.162,154.021,154.151,13148
1761858000,154.107,154.139,154.035,154.109,5816
1761865200,154.108,154.169,153.824,153.897,16374
1761872400,153.896,153.923,153.652,153.887,18065
1761879600,153.886,154.07,153.852,153.937,12767
1761886800,153.938,154.239,153.833,154.223,17065
1761894000,154.225,154.414,154.173,154.247,23127
1761901200,154.248,154.293,154.092,154.132,18218
1761908400,154.133,154.254,153.89,154.137,21930
1761915600,154.144,154.232,153.89,153.945,27766
1761922800,153.944,154.175,153.913,154.116,25909
1761930000,154.114,154.18,154.035,154.088,15684
1761937200,154.087,154.137,154.033,154.056,9997
1762120800,153.971,154.249,153.971,154.205,10325
1762128000,154.199,154.214,154.077,154.117,11896
1762135200,154.118,154.13,154.033,154.065,9341
1762142400,154.065,154.136,153.986,154.12,9479
1762149600,154.12,154.288,154.101,154.11,13649
1762156800,154.111,154.208,154.049,154.168,18625
1762164000,154.166,154.19,154.095,154.153,15261
1762171200,154.153,154.299,154.14,154.25,14904
1762178400,154.244,154.273,153.912,154.098,23995
1762185600,154.097,154.176,154.06,154.153,16956
1762192800,154.154,154.254,154.115,154.193,11577
1762200000,154.194,154.219,154.171,154.203,9075
1762207200,154.191,154.242,154.17,154.211,5301
1762214400,154.213,154.487,154.197,154.33,19375
1762221600,154.329,154.361,154.053,154.086,15467
1762228800,154.087,154.102,153.687,153.734,17540
1762236000,153.73,153.792,153.331,153.579,23385
1762243200,153.589,153.758,153.384,153.484,26387
1762250400,153.478,153.605,153.317,153.571,19923
1762257600,153.566,153.625,153.317,153.387,22162
1762264800,153.388,153.598,153.34,153.387,26209
1762272000,153.383,153.644,153.339,153.589,19826
1762279200,153.588,153.663,153.545,153.632,14854
1762286400,153.632,153.694,153.599,153.651,12743
1762293600,153.639,153.696,153.504,153.551,5641
1762300800,153.543,153.748,152.958,153.162,27479
1762308000,153.161,153.567,153.068,153.511,21155
1762315200,153.51,153.567,153.391,153.52,17141
1762322400,153.515,153.739,153.448,153.561,19625
1762329600,153.563,153.706,153.415,153.688,22238
1762336800,153.689,153.847,153.573,153.615,18193
1762344000,153.615,153.991,153.565,153.983,22208
1762351200,153.978,154.311,153.895,154.308,29320
1762358400,154.305,154.356,154.054,154.076,19069
1762365600,154.075,154.145,154.006,154.11,11258
1762372800,154.109,154.144,154.083,154.113,10061
1762380000,154.091,154.104,153.977,154.087,5310
1762387200,154.087,154.143,153.8,153.87,18093
1762394400,153.869,154.003,153.796,153.87,12077
1762401600,153.872,154.028,153.831,153.887,11818
1762408800,153.888,154.004,153.772,153.868,14442
1762416000,153.87,153.872,153.529,153.721,20751
1762423200,153.719,153.778,153.588,153.647,14754
1762430400,153.648,153.742,153.405,153.505,21843
1762437600,153.504,153.588,153.041,153.041,28276
1762444800,153.046,153.171,152.83,153.014,26089
1762452000,153.015,153.159,152.921,153.146,20241
1762459200,153.144,153.146,152.997,153.066,13587
1762466400,153.016,153.077,152.818,152.953,7617
1762473600,152.949,153.306,152.86,153.131,23989
1762480800,153.129,153.191,152.96,153.062,15817
1762488000,153.061,153.369,153.013,153.354,14862
1762495200,153.35,153.538,153.35,153.39,17493
1762502400,153.389,153.523,153.351,153.492,20547
1762509600,153.49,153.496,153.007,153.129,20733
1762516800,153.128,153.377,153.009,153.358,23907
1762524000,153.359,153.478,153.026,153.139,33580
1762531200,153.14,153.225,153.014,153.097,24561
1762538400,153.096,153.586,153.034,153.558,19225
1762545600,153.561,153.595,153.361,153.419,15458
1762725600,153.698,153.867,153.531,153.826,10487
1762732800,153.827,153.95,153.443,153.831,24156
1762740000,153.83,154.025,153.801,153.937,14750
1762747200,153.934,154.065,153.786,153.943,17302
1762754400,153.939,154.154,153.9,154.044,18464
1762761600,154.045,154.23,153.946,154.158,23934
1762768800,154.161,154.249,154.064,154.132,16814
1762776000,154.131,154.167,153.985,154.061,19312
1762783200,154.059,154.163,154.001,154.03,23676
1762790400,154.03,154.072,153.892,153.955,20343
1762797600,153.963,154.077,153.925,154.055,13332
1762804800,154.054,154.169,153.998,154.13,10832
1762812000,154.045,154.159,154.037,154.152,7801
1762819200,154.15,154.496,154.101,154.324,18522
1762826400,154.323,154.394,154.223,154.267,13175
1762833600,154.267,154.354,154.091,154.127,13829
1762840800,154.125,154.268,154.089,154.193,16085
1762848000,154.191,154.446,154.168,154.333,18475
1762855200,154.332,154.362,154.211,154.254,14960
1762862400,154.253,154.27,153.668,153.771,21575
1762869600,153.77,154.132,153.699,153.971,25225
1762876800,153.97,154.123,153.943,154.073,16376
1762884000,154.076,154.148,154.052,154.12,10920
1762891200,154.122,154.175,154.079,154.147,9100
1762898400,154.109,154.16,154.036,154.082,7663
1762905600,154.073,154.352,154.047,154.323,17642
1762912800,154.333,154.412,154.239,154.344,12957
1762920000,154.344,154.791,154.341,154.644,19628
1762927200,154.643,154.756,154.491,154.62,17673
1762934400,154.619,154.908,154.618,154.842,22818
1762941600,154.844,154.9,154.753,154.806,17336
1762948800,154.803,154.99,154.704,154.944,21232
1762956000,154.94,155.045,154.729,154.739,26866
1762963200,154.74,154.775,154.494,154.595,22097
1762970400,154.598,154.733,154.581,154.718,16904
1762977600,154.715,154.868,154.692,154.813,13734
1762984800,154.745,154.775,154.689,154.709,7482
1762992000,154.711,155.017,154.695,154.735,22620
1762999200,154.732,154.792,154.622,154.735,16114
1763006400,154.738,155,154.643,154.953,15794
1763013600,154.956,155.008,154.705,154.719,18366
1763020800,154.72,154.776,154.323,154.528,25987
1763028000,154.529,154.764,154.482,154.74,20665
1763035200,154.738,154.755,154.538,154.65,24072
1763042400,154.648,154.678,154.127,154.201,31094
1763049600,154.199,154.471,154.158,154.318,29557
1763056800,154.317,154.485,154.275,154.473,23304
1763064000,154.472,154.588,154.459,154.518,15985
1763071200,154.508,154.686,154.418,154.632,8961
1763078400,154.635,154.745,154.442,154.508,22578
1763085600,154.504,154.578,154.309,154.542,17352
1763092800,154.54,154.577,154.367,154.485,17304
1763100000,154.483,154.681,154.435,154.677,21251
1763107200,154.679,154.731,154.455,154.691,26373
1763114400,154.694,154.762,154.631,154.658,20893
1763121600,154.658,154.663,153.616,154.086,34123
1763128800,154.089,154.495,153.984,154.425,36222
1763136000,154.427,154.744,154.351,154.644,25784
1763143200,154.642,154.658,154.525,154.557,21211
1763150400,154.561,154.599,154.5,154.514,11221
1763330400,154.546,154.636,154.444,154.597,10863
1763337600,154.593,154.66,154.415,154.576,22091
1763344800,154.575,154.786,154.571,154.715,15823
1763352000,154.717,154.729,154.588,154.692,13420
1763359200,154.69,154.812,154.64,154.693,17474
1763366400,154.693,154.832,154.625,154.754,22326
1763373600,154.756,154.875,154.695,154.794,18634
1763380800,154.795,154.915,154.736,154.891,19772
1763388000,154.888,155.305,154.865,155.196,26565
1763395200,155.195,155.231,155.057,155.161,20828
1763402400,155.159,155.254,155.07,155.248,19160
1763409600,155.247,155.259,155.17,155.254,14393
1763416800,155.177,155.29,155.177,155.282,6955
1763424000,155.281,155.378,155.147,155.2,21078
1763431200,155.201,155.284,155.113,155.178,17431
1763438400,155.177,155.193,154.819,155.085,23481
1763445600,155.084,155.216,154.868,154.995,27038
1763452800,154.997,155.268,154.913,155.232,28085
1763460000,155.233,155.443,155.204,155.425,20060
1763467200,155.426,155.441,155.064,155.171,26921
1763474400,155.171,155.383,155.048,155.276,34253
1763481600,155.275,155.696,155.259,155.69,27795
1763488800,155.691,155.735,155.499,155.524,22996
1763496000,155.525,155.564,155.479,155.522,15722
1763503200,155.46,155.589,155.414,155.531,7762
1763510400,155.534,155.582,155.373,155.497,23803
1763517600,155.496,155.555,155.211,155.291,19556
1763524800,155.298,155.468,155.261,155.371,19468
1763532000,155.368,155.533,155.323,155.519,18508
1763539200,155.52,155.963,155.481,155.951,23824
1763546400,155.948,156.296,155.935,156.106,24785
1763553600,156.099,156.294,156.042,156.285,23383
1763560800,156.282,156.719,156.263,156.509,30521
1763568000,156.508,156.867,156.464,156.755,26493
1763575200,156.755,157.04,156.689,157.031,21350
1763582400,157.026,157.181,156.938,157.156,18347
1763589600,157.13,157.154,156.985,156.997,9025
1763596800,156.999,157.439,156.877,157.421,23805
1763604000,157.423,157.475,157.279,157.419,19892
1763611200,157.418,157.578,157.265,157.561,16975
1763618400,157.558,157.779,157.375,157.459,21943
1763625600,157.457,157.498,157.106,157.177,24603
1763632800,157.178,157.539,157.151,157.511,19909
1763640000,157.512,157.881,157.228,157.572,28399
1763647200,157.571,157.891,157.497,157.68,33043
1763654400,157.681,157.687,157.263,157.519,38246
1763661600,157.518,157.695,157.427,157.541,27490
1763668800,157.54,157.649,157.444,157.457,18619
1763676000,157.447,157.493,157.194,157.391,11414
1763683200,157.39,157.544,157.208,157.489,21885
1763690400,157.488,157.489,157.297,157.303,17238
1763697600,157.303,157.305,157.078,157.225,20055
1763704800,157.228,157.258,156.613,156.733,23364
1763712000,156.74,156.955,156.565,156.761,27741
1763719200,156.762,156.896,156.551,156.854,27276
1763726400,156.852,156.896,156.608,156.816,31390
1763733600,156.816,156.966,156.199,156.537,37121
1763740800,156.533,156.757,156.462,156.541,30268
1763748000,156.542,156.644,156.261,156.33,21165
1763755200,156.331,156.503,156.32,156.345,14507
1763935200,156.34,156.708,156.336,156.687,10144
1763942400,156.688,156.8,156.639,156.723,18162
1763949600,156.722,156.739,156.589,156.644,13268
1763956800,156.644,156.665,156.499,156.582,12653
1763964000,156.582,156.888,156.54,156.842,17234
1763971200,156.835,156.935,156.643,156.748,25661
1763978400,156.75,156.865,156.698,156.835,20269
1763985600,156.834,156.988,156.747,156.915,22412
1763992800,156.916,157.19,156.739,156.794,28446
1764000000,156.797,156.982,156.769,156.888,19121
1764007200,156.887,156.896,156.712,156.738,15105
1764014400,156.736,156.917,156.729,156.917,10855
1764021600,156.831,156.96,156.794,156.908,6284
1764028800,156.907,156.982,156.554,156.65,18297
1764036000,156.647,156.786,156.604,156.774,13876
1764043200,156.775,156.849,156.693,156.735,10481
1764050400,156.742,156.797,156.525,156.617,16511
1764057600,156.617,156.703,156.14,156.301,23829
1764064800,156.305,156.523,156.201,156.443,19520
1764072000,156.444,156.513,156.023,156.143,26688
1764079200,156.142,156.28,155.893,156.145,32365
1764086400,156.149,156.336,155.802,155.902,26307
1764093600,155.9,155.976,155.807,155.828,17497
1764100800,155.829,156.189,155.826,156.073,13123
1764108000,155.964,156.231,155.936,156.197,7206
1764115200,156.196,156.373,155.815,155.946,22778
1764122400,155.943,156.024,155.649,155.881,21543
1764129600,155.88,156.185,155.874,156.116,18030
1764136800,156.117,156.464,156.048,156.386,22208
1764144000,156.38,156.505,156.32,156.455,25887
1764151200,156.454,156.578,156.321,156.475,21715
1764158400,156.476,156.685,156.329,156.663,29507
1764165600,156.664,156.738,156.414,156.416,28209
1764172800,156.415,156.465,156.29,156.405,19881
1764180000,156.404,156.511,156.345,156.459,14880
1764187200,156.458,156.495,156.404,156.451,9599
1764194400,156.452,156.452,156.216,156.221,7350
1764201600,156.218,156.236,155.72,156.052,19496
1764208800,156.051,156.184,155.928,156.08,12799
1764216000,156.086,156.102,155.817,155.99,12773
1764223200,155.992,156.296,155.912,156.11,16236
1764230400,156.11,156.404,156.078,156.355,18896
1764237600,156.354,156.361,156.248,156.314,13446
1764244800,156.315,156.39,156.245,156.267,13801
1764252000,156.268,156.365,156.234,156.308,13266
1764259200,156.307,156.369,156.253,156.331,7287
1764266400,156.33,156.369,156.323,156.336,4206
1764273600,156.337,156.341,156.263,156.297,4282
1764280800,156.262,156.313,156.204,156.285,5444
1764288000,156.286,156.585,156.175,156.378,18946
1764295200,156.374,156.382,156.092,156.271,33996
1764302400,156.274,156.404,156.192,156.347,39798
1764309600,156.339,156.437,156.288,156.302,38189
1764316800,156.303,156.384,156.218,156.32,39920
1764324000,156.321,156.368,156.154,156.195,34007
1764331200,156.2,156.251,155.999,156.022,29912
1764338400,156.021,156.394,155.983,156.031,26712
1764345600,156.034,156.27,155.993,156.21,16426
1764352800,156.213,156.239,156.07,156.121,13136
1764360000,156.12,156.183,156.066,156.159,11516
1764540000,156.058,156.153,155.904,155.909,11710
1764547200,155.907,155.992,155.482,155.636,24547
1764554400,155.637,155.649,155.408,155.462,15657
1764561600,155.46,155.616,155.396,155.593,15040
1764568800,155.592,155.69,155.305,155.362,18470
1764576000,155.361,155.564,155.26,155.289,22494
1764583200,155.283,155.343,155.101,155.107,21109
1764590400,155.106,155.152,154.666,154.843,23326
1764597600,154.843,155.196,154.836,155.096,26682
1764604800,155.098,155.386,155.096,155.351,19276
1764612000,155.352,155.523,155.341,155.48,15338
1764619200,155.482,155.522,155.436,155.476,9672
1764626400,155.425,155.572,155.404,155.562,4568
1764633600,155.561,155.774,155.464,155.632,15640
1764640800,155.633,155.724,155.559,155.634,11961
1764648000,155.633,155.734,155.55,155.652,11142
1764655200,155.654,155.837,155.637,155.764,16276
1764662400,155.766,156.084,155.766,155.963,18920
1764669600,155.963,156.065,155.892,155.925,16492
1764676800,155.925,156.075,155.908,155.974,17335
1764684000,155.976,156.18,155.822,155.873,24002
1764691200,155.873,156.088,155.753,155.944,20225
1764698400,155.944,156.022,155.844,155.899,17789
1764705600,155.898,155.904,155.802,155.865,12772
1764712800,155.8,155.905,155.746,155.765,5764
1764720000,155.767,155.815,155.607,155.657,15221
1764727200,155.658,155.809,155.629,155.656,13471
1764734400,155.656,155.749,155.627,155.694,11586
1764741600,155.695,155.71,155.512,155.688,17984
1764748800,155.689,155.756,155.529,155.621,19301
1764756000,155.619,155.641,155.413,155.419,17017
1764763200,155.418,155.527,155.215,155.489,20951
1764770400,155.491,155.599,155.207,155.219,32211
1764777600,155.219,155.25,155.01,155.128,22329
1764784800,155.127,155.176,155.072,155.149,15358
1764792000,155.151,155.32,155.127,155.221,11462
1764799200,155.233,155.242,155.085,155.114,6294
1764806400,155.113,155.406,155.021,155.26,20020
1764813600,155.261,155.542,155.257,155.39,14411
1764820800,155.389,155.505,155.183,155.225,15105
1764828000,155.225,155.451,155.207,155.242,17049
1764835200,155.244,155.249,154.774,154.818,21920
1764842400,154.817,154.89,154.528,154.528,19678
1764849600,154.528,155.053,154.507,154.802,23046
1764856800,154.802,154.898,154.554,154.635,27596
1764864000,154.633,154.969,154.633,154.937,22287
1764871200,154.937,155.039,154.896,155.018,19075
1764878400,155.02,155.144,154.995,155.112,15066
1764885600,155.068,155.163,154.991,155.135,5341
1764892800,155.134,155.231,154.915,155.015,16951
1764900000,155.017,155.16,155.004,155.121,13856
1764907200,155.12,155.126,154.543,154.601,15602
1764914400,154.599,154.699,154.338,154.63,21274
1764921600,154.634,154.967,154.609,154.915,19791
1764928800,154.916,155.224,154.89,155.144,15395
1764936000,155.145,155.263,155.081,155.198,18570
1764943200,155.198,155.356,155.112,155.25,25609
1764950400,155.248,155.495,155.209,155.285,22248
1764957600,155.286,155.325,155.24,155.291,16008
1764964800,155.288,155.365,155.27,155.36,8650
1765144800,155.178,155.384,155.131,155.312,7812
1765152000,155.308,155.324,154.911,154.918,18905
1765159200,154.912,155.117,154.899,155.104,16684
1765166400,155.106,155.266,155.057,155.2,15374
1765173600,155.202,155.353,155.106,155.353,18480
1765180800,155.36,155.544,155.263,155.475,21072
1765188000,155.477,155.592,155.406,155.586,18422
1765195200,155.587,155.662,155.472,155.629,21232
1765202400,155.628,155.985,155.392,155.857,28010
1765209600,155.855,155.955,155.727,155.749,21241
1765216800,155.746,155.915,155.702,155.909,15637
1765224000,155.901,155.96,155.849,155.919,10210
1765231200,155.846,155.976,155.834,155.843,6300
1765238400,155.846,156.036,155.765,155.798,17874
1765245600,155.802,155.908,155.744,155.825,15164
1765252800,155.824,156.109,155.807,156.01,16630
1765260000,156.007,156.197,155.958,156.193,19756
1765267200,156.193,156.431,155.979,156.085,25219
1765274400,156.088,156.203,156.046,156.188,19480
1765281600,156.187,156.513,156.185,156.342,22794
1765288800,156.342,156.914,156.312,156.868,29053
1765296000,156.864,156.925,156.808,156.917,20413
1765303200,156.918,156.956,156.806,156.835,16570
1765310400,156.834,156.939,156.818,156.89,11145
1765317600,156.777,156.919,156.777,156.802,6269
1765324800,156.806,156.941,156.668,156.709,18283
1765332000,156.713,156.729,156.558,156.592,13504
1765339200,156.589,156.719,156.58,156.706,11572
1765346400,156.705,156.766,156.634,156.651,16451
1765353600,156.652,156.89,156.577,156.818,21125
1765360800,156.819,156.86,156.685,156.71,18716
1765368000,156.711,156.757,156.547,156.553,19347
1765375200,156.551,156.631,156.352,156.48,25245
1765382400,156.481,156.492,156.246,156.307,17938
1765389600,156.308,156.679,156.101,156.26,27642
1765396800,156.273,156.31,155.795,156.02,20572
1765404000,155.916,156.029,155.634,155.75,8769
1765411200,155.752,155.882,155.57,155.719,20980
1765418400,155.718,155.79,155.489,155.695,20100
1765425600,155.694,156.072,155.617,156.064,16414
1765432800,156.064,156.164,155.866,156.033,19560
1765440000,156.032,156.07,155.786,155.866,24331
1765447200,155.865,155.951,155.756,155.763,21931
1765454400,155.761,155.819,155.231,155.28,27571
1765461600,155.284,155.296,154.943,155.167,29510
1765468800,155.167,155.294,155.07,155.241,25337
1765476000,155.24,155.599,155.209,155.596,19154
1765483200,155.592,155.674,155.506,155.57,15619
1765490400,155.558,155.619,155.45,155.503,8133
1765497600,155.502,155.771,155.452,155.669,21260
1765504800,155.67,155.747,155.632,155.714,13405
1765512000,155.715,155.775,155.675,155.744,13507
1765519200,155.744,155.827,155.54,155.646,18259
1765526400,155.648,155.911,155.617,155.887,22068
1765533600,155.888,155.996,155.848,155.914,15205
1765540800,155.914,156.13,155.776,156.048,20559
1765548000,156.048,156.102,155.809,155.886,27298
1765555200,155.885,155.905,155.673,155.783,23329
1765562400,155.781,155.939,155.714,155.901,17828
1765569600,155.9,155.908,155.776,155.847,10779
1765749600,155.8,155.91,155.74,155.866,8895
1765756800,155.862,155.986,155.604,155.614,18386
1765764000,155.624,155.653,155.301,155.421,17780
1765771200,155.42,155.42,155.033,155.035,15638
1765778400,155.039,155.296,154.95,155.265,18935
1765785600,155.264,155.286,154.934,154.967,22451
1765792800,154.965,155.152,154.854,154.923,17358
1765800000,154.924,155.159,154.887,155.159,20131
1765807200,155.171,155.224,154.832,155.155,29946
1765814400,155.151,155.369,155.147,155.309,20724
1765821600,155.308,155.399,155.217,155.242,14222
1765828800,155.244,155.269,155.191,155.213,10122
1765836000,155.158,155.241,154.982,155.037,6353
1765843200,155.036,155.124,154.734,154.863,25236
1765850400,154.861,154.925,154.702,154.893,19471
1765857600,154.891,154.918,154.682,154.843,16907
1765864800,154.845,154.981,154.818,154.886,18136
1765872000,154.883,154.944,154.772,154.837,25380
1765879200,154.834,154.907,154.775,154.817,17726
1765886400,154.818,154.871,154.393,154.717,26902
1765893600,154.716,154.998,154.466,154.774,36202
1765900800,154.775,154.908,154.569,154.681,25011
1765908000,154.682,154.912,154.605,154.667,18571
1765915200,154.673,154.835,154.57,154.715,12961
1765922400,154.687,154.811,154.683,154.774,6627
1765929600,154.773,154.873,154.514,154.676,21541
1765936800,154.675,155.03,154.675,154.89,16509
1765944000,154.889,155.175,154.872,155.153,17618
1765951200,155.15,155.57,155.127,155.502,22929
1765958400,155.503,155.596,155.428,155.534,21784
1765965600,155.533,155.597,155.442,155.545,18288
1765972800,155.544,155.64,155.384,155.438,22817
1765980000,155.438,155.63,155.348,155.402,27772
1765987200,155.401,155.61,155.382,155.531,23000
1765994400,155.533,155.693,155.496,155.642,15603
1766001600,155.643,155.75,155.622,155.69,11845
1766008800,155.621,155.644,155.472,155.488,6140
1766016000,155.487,155.772,155.425,155.769,20313
1766023200,155.771,155.809,155.66,155.765,15312
1766030400,155.765,155.885,155.7,155.811,13894
1766037600,155.812,155.955,155.766,155.925,17584
1766044800,155.927,155.954,155.8,155.935,21543
1766052000,155.933,155.975,155.72,155.79,16048
1766059200,155.791,155.863,155.369,155.593,27029
1766066400,155.594,155.693,155.285,155.523,31962
1766073600,155.523,155.691,155.36,155.642,23999
1766080800,155.634,155.712,155.495,155.514,16105
1766088000,155.516,155.636,155.499,155.552,10984
1766095200,155.462,155.646,155.449,155.574,6579
1766102400,155.58,155.793,155.558,155.739,18536
1766109600,155.737,156.172,155.59,155.878,20340
1766116800,155.875,156.089,155.733,155.995,20197
1766124000,155.997,156.74,155.843,156.732,27520
1766131200,156.731,157.213,156.723,157.199,22967
1766138400,157.213,157.4,157.133,157.319,18446
1766145600,157.333,157.384,157.186,157.324,20949
1766152800,157.323,157.492,156.936,157.475,28113
1766160000,157.471,157.672,157.406,157.439,17323
1766167200,157.439,157.591,157.4,157.529,17645
1766174400,157.529,157.764,157.473,157.763,10404
1766354400,157.676,157.71,157.398,157.622,13023
1766361600,157.631,157.66,157.253,157.292,21179
1766368800,157.292,157.473,157.228,157.334,15031
1766376000,157.335,157.392,157.26,157.365,15564
1766383200,157.368,157.563,157.267,157.492,16871
1766390400,157.493,157.573,157.37,157.461,19214
1766397600,157.46,157.463,157.335,157.413,17215
1766404800,157.417,157.433,156.872,157.185,24522
1766412000,157.186,157.224,156.908,156.977,27873
1766419200,156.978,157.046,156.705,156.848,20247
1766426400,156.847,157.033,156.847,156.903,16810
1766433600,156.903,157.045,156.903,157.032,11258
1766440800,156.979,157.029,156.819,156.916,8913
1766448000,156.915,156.926,156.422,156.464,18903
1766455200,156.463,156.483,156.192,156.193,16761
1766462400,156.185,156.185,155.908,156.011,21075
1766469600,156.012,156.189,155.951,156.073,21311
1766476800,156.072,156.116,155.651,155.967,27223
1766484000,155.967,156.046,155.865,155.974,20629
1766491200,155.975,156.366,155.875,156.341,23486
1766498400,156.34,156.544,156.207,156.389,32285
1766505600,156.392,156.437,156.246,156.294,22173
1766512800,156.293,156.342,156.179,156.193,18083
1766520000,156.19,156.317,156.178,156.243,13983
1766527200,156.179,156.283,156.093,156.171,10770
1766534400,156.166,156.282,155.596,155.655,26331
1766541600,155.654,155.992,155.553,155.983,20137
1766548800,155.976,156.063,155.746,155.796,19024
1766556000,155.795,155.873,155.663,155.832,20802
1766563200,155.832,155.969,155.689,155.832,24822
1766570400,155.831,155.974,155.821,155.926,17374
1766577600,155.928,156.071,155.875,156.011,20522
1766584800,156.02,156.037,155.68,155.816,23074
1766592000,155.817,156.025,155.753,155.97,16472
1766599200,155.969,156.018,155.823,155.871,10418
1766700000,155.881,156.13,155.753,156.105,9151
1766707200,156.11,156.49,156.105,156.281,19852
1766714400,156.282,156.31,156.044,156.057,13327
1766721600,156.056,156.284,155.991,156.206,14687
1766728800,156.205,156.444,156.09,156.372,16594
1766736000,156.374,156.473,156.297,156.46,13904
1766743200,156.464,156.469,156.324,156.4,11448
1766750400,156.401,156.487,156.226,156.325,16612
1766757600,156.32,156.533,156.276,156.423,19501
1766764800,156.424,156.73,156.371,156.57,18980
1766772000,156.568,156.596,156.436,156.503,12006
1766779200,156.505,156.604,156.442,156.592,8724
1766959200,156.494,156.539,156.404,156.482,13009
1766966400,156.483,156.483,156.056,156.31,24274
1766973600,156.311,156.512,156.298,156.38,15429
1766980800,156.379,156.474,156.241,156.306,15346
1766988000,156.307,156.326,156.052,156.081,19111
1766995200,156.081,156.402,156.077,156.326,20303
1767002400,156.328,156.414,156.208,156.401,17745
1767009600,156.401,156.428,156.191,156.232,22014
1767016800,156.231,156.288,155.918,155.938,28083
1767024000,155.936,156.214,155.929,156.184,18669
1767031200,156.185,156.25,156.007,156.033,12753
1767038400,156.036,156.088,155.986,156.035,10439
1767045600,156.003,156.135,155.964,155.992,8030
1767052800,155.995,156.33,155.925,156.22,21532
1767060000,156.216,156.34,156.154,156.27,18604
1767067200,156.273,156.285,156.01,156.042,17024
1767074400,156.042,156.108,155.918,155.982,17791
1767081600,155.983,156.025,155.857,155.922,20887
1767088800,155.924,155.949,155.744,155.893,18587
1767096000,155.895,156.213,155.884,156.195,20881
1767103200,156.191,156.566,156.122,156.33,24525
1767110400,156.329,156.406,156.223,156.332,18686
1767117600,156.336,156.523,156.311,156.497,16913
1767124800,156.492,156.504,156.4,156.421,11206
1767132000,156.325,156.467,156.313,156.399,5257
1767139200,156.398,156.466,156.33,156.431,13015
1767146400,156.438,156.498,156.423,156.494,10979
1767153600,156.495,156.639,156.495,156.594,10138
1767160800,156.595,156.653,156.567,156.569,13911
1767168000,156.569,156.652,156.508,156.632,17734
1767175200,156.624,156.676,156.598,156.609,15109
1767182400,156.61,156.834,156.552,156.813,20966
1767189600,156.816,156.996,156.72,156.744,27116
1767196800,156.743,156.857,156.643,156.826,22644
1767204000,156.828,156.924,156.677,156.717,11646
1767304800,156.666,156.885,156.656,156.723,5139
1767312000,156.727,156.768,156.519,156.632,11441
1767319200,156.632,156.725,156.592,156.715,8381
1767326400,156.717,156.946,156.716,156.912,8707
1767333600,156.909,156.996,156.834,156.861,14545
1767340800,156.86,156.997,156.768,156.913,20450
1767348000,156.912,156.949,156.802,156.919,17594
1767355200,156.92,156.999,156.832,156.906,18720
1767362400,156.908,156.917,156.562,156.591,25274
1767369600,156.591,156.782,156.562,156.769,20272
1767376800,156.77,156.957,156.762,156.854,14377
1767384000,156.854,156.912,156.813,156.844,8289
1767564000,156.704,157.014,156.685,157,10008
1767571200,157,157.251,156.922,157.017,24355
1767578400,157.014,157.238,156.95,157.233,17662
1767585600,157.244,157.297,157.112,157.182,14932
1767592800,157.183,157.235,156.975,156.991,18473
1767600000,156.989,157.041,156.684,156.926,25465
1767607200,156.926,156.94,156.529,156.623,21862
1767614400,156.623,156.979,156.464,156.824,26578
1767621600,156.819,156.854,156.455,156.58,28754
1767628800,156.579,156.591,156.267,156.33,22067
1767636000,156.33,156.359,156.115,156.233,15486
1767643200,156.234,156.421,156.178,156.4,12025
1767650400,156.294,156.647,156.294,156.614,7474
1767657600,156.616,156.797,156.448,156.449,22370
1767664800,156.45,156.501,156.269,156.36,18819
1767672000,156.361,156.449,156.239,156.424,16708
1767679200,156.422,156.479,156.23,156.332,20137
1767686400,156.331,156.484,156.164,156.378,24426
1767693600,156.376,156.535,156.279,156.451,19216
1767700800,156.438,156.581,156.297,156.371,25231
1767708000,156.37,156.688,156.3,156.576,29795
1767715200,156.579,156.742,156.572,156.69,19154
1767722400,156.691,156.75,156.611,156.632,12276
1767729600,156.633,156.685,156.569,156.663,10465
1767736800,156.598,156.708,156.591,156.666,6551
1767744000,156.666,156.806,156.543,156.718,20263
1767751200,156.718,156.731,156.506,156.56,13581
1767758400,156.562,156.587,156.364,156.384,15765
1767765600,156.384,156.512,156.294,156.486,18220
1767772800,156.485,156.585,156.43,156.463,18888
1767780000,156.461,156.583,156.442,156.513,16479
1767787200,156.512,156.586,156.364,156.416,21576
1767794400,156.422,156.724,156.392,156.681,28242
1767801600,156.682,156.802,156.577,156.62,17899
1767808800,156.618,156.761,156.596,156.742,14131
1767816000,156.73,156.801,156.724,156.75,10601
1767823200,156.73,156.76,156.629,156.698,5410
1767830400,156.697,156.945,156.674,156.912,17946
1767837600,156.91,156.955,156.63,156.72,13191
1767844800,156.719,156.734,156.641,156.67,12076
1767852000,156.671,156.695,156.466,156.466,19186
1767859200,156.466,156.785,156.456,156.747,20402
1767866400,156.747,156.784,156.664,156.76,15011
1767873600,156.762,156.965,156.66,156.965,18303
1767880800,156.964,157.072,156.85,156.864,24973
1767888000,156.866,156.987,156.774,156.81,17500
1767895200,156.81,156.987,156.795,156.964,12463
1767902400,156.965,156.994,156.818,156.86,11825
1767909600,156.759,156.934,156.744,156.865,5743
1767916800,156.867,157.168,156.866,157.161,17889
1767924000,157.16,157.26,157.122,157.236,13182
1767931200,157.237,157.393,157.193,157.378,13143
1767938400,157.379,157.572,157.341,157.479,16176
1767945600,157.478,157.738,157.452,157.708,18383
1767952800,157.702,157.728,157.566,157.578,13954
1767960000,157.576,157.804,157.373,157.487,25224
1767967200,157.493,158.183,157.37,157.869,34337
1767974400,157.873,158.132,157.832,158.053,20294
1767981600,158.052,158.069,157.832,157.885,17373
1767988800,157.882,157.954,157.853,157.95,8791
1768168800,158.077,158.185,157.98,158.138,6235
1768176000,158.137,158.207,157.521,157.745,25564
1768183200,157.746,158.119,157.668,158.118,16238
1768190400,158.12,158.183,157.997,158.006,12922
1768197600,158.004,158.07,157.803,157.847,17143
1768204800,157.847,157.902,157.676,157.894,22341
1768212000,157.895,157.961,157.787,157.896,17460
1768219200,157.899,157.955,157.705,157.841,22043
1768226400,157.843,158.046,157.831,157.976,26115
1768233600,157.97,158.169,157.944,158.087,19419
1768240800,158.086,158.151,158.053,158.138,12328
1768248000,158.136,158.2,158.113,158.16,9015
1768255200,158.088,158.177,157.894,157.976,10676
1768262400,157.975,158.5,157.964,158.485,19075
1768269600,158.486,158.825,158.335,158.812,15018
1768276800,158.813,158.908,158.638,158.785,17777
1768284000,158.784,158.973,158.732,158.943,18708
1768291200,158.943,159.05,158.818,158.889,19231
1768298400,158.888,158.948,158.801,158.857,16737
1768305600,158.854,158.955,158.58,158.881,23175
1768312800,158.887,159.086,158.802,158.925,28886
1768320000,158.926,159.193,158.904,159.025,21098
1768327200,159.024,159.146,159.001,159.115,14583
1768334400,159.117,159.178,159.087,159.167,9669
1768341600,159.085,159.204,159.07,159.199,7330
1768348800,159.201,159.455,159.096,159.34,19173
1768356000,159.339,159.393,159.082,159.163,14542
1768363200,159.169,159.34,159.126,159.333,14413
1768370400,159.334,159.352,159.106,159.176,17213
1768377600,159.175,159.195,158.671,158.761,27171
1768384800,158.761,158.823,158.573,158.715,20513
1768392000,158.714,158.74,158.161,158.598,25851
1768399200,158.598,158.672,158.103,158.123,31771
1768406400,158.126,158.342,158.1,158.303,20387
1768413600,158.303,158.517,158.303,158.505,16505
1768420800,158.505,158.598,158.424,158.424,13492
1768428000,158.365,158.434,158.176,158.423,7193
1768435200,158.427,158.577,158.228,158.354,21731
1768442400,158.355,158.645,158.31,158.514,15904
1768449600,158.515,158.648,158.382,158.432,12711
1768456800,158.43,158.731,158.4,158.582,18728
1768464000,158.584,158.712,158.304,158.398,20689
1768471200,158.388,158.566,158.345,158.566,15116
1768478400,158.568,158.856,158.487,158.83,20752
1768485600,158.829,158.88,158.477,158.535,25367
1768492800,158.534,158.57,158.412,158.51,19786
1768500000,158.509,158.562,158.462,158.53,15004
1768507200,158.529,158.672,158.512,158.618,11521
1768514400,158.587,158.67,158.55,158.59,5494
1768521600,158.591,158.703,158.47,158.598,16559
1768528800,158.597,158.633,157.954,158.108,18995
1768536000,158.108,158.379,158.099,158.375,11069
1768543200,158.378,158.45,158.097,158.173,17294
1768550400,158.169,158.253,158.01,158.194,19747
1768557600,158.195,158.22,158.05,158.095,16938
1768564800,158.094,158.225,157.943,158.022,21146
1768572000,158.02,158.263,157.821,158.062,26293
1768579200,158.063,158.161,157.937,158.14,18123
1768586400,158.141,158.245,158.098,158.122,13327
1768593600,158.113,158.138,158.04,158.093,7006
1768773600,157.877,157.949,157.499,157.552,15166
1768780800,157.56,157.879,157.423,157.687,21501
1768788000,157.686,157.947,157.684,157.855,10744
1768795200,157.88,157.948,157.753,157.902,14035
1768802400,157.904,158.12,157.743,158.076,17226
1768809600,158.075,158.165,157.862,157.927,21553
1768816800,157.927,158.106,157.825,158.039,16651
1768824000,158.04,158.06,157.876,157.922,15285
1768831200,157.927,158.081,157.863,158.063,15582
1768838400,158.062,158.139,158.011,158.035,9855
1768845600,158.031,158.113,158.008,158.08,4824
1768852800,158.084,158.156,158.076,158.122,3155
1768860000,158.038,158.225,157.997,158.165,5351
1768867200,158.164,158.282,157.845,157.95,21713
1768874400,157.948,158.08,157.904,157.972,14967
1768881600,157.971,158.124,157.897,158.105,18179
1768888800,158.099,158.603,158.093,158.374,22568
1768896000,158.372,158.396,157.559,157.73,30376
1768903200,157.732,157.937,157.686,157.751,24572
1768910400,157.752,157.973,157.467,157.838,27928
1768917600,157.839,158.108,157.748,157.927,32904
1768924800,157.931,158.073,157.854,157.956,21477
1768932000,157.956,158.299,157.947,158.287,16842
1768939200,158.286,158.291,158.133,158.138,12482
1768946400,158.121,158.208,158.042,158.152,5924
1768953600,158.154,158.283,157.855,157.959,23438
1768960800,157.962,158.15,157.885,158.089,16213
1768968000,158.087,158.241,157.996,158.208,17018
1768975200,158.204,158.258,157.874,157.928,18621
1768982400,157.926,158.037,157.821,158.006,21762
1768989600,157.999,158.089,157.912,157.912,20427
1768996800,157.909,157.942,157.748,157.886,23477
1769004000,157.887,158.309,157.873,158.216,33217
1769011200,158.215,158.259,158.038,158.144,25338
1769018400,158.143,158.533,158.114,158.384,21402
1769025600,158.383,158.502,158.268,158.289,15649
1769032800,158.256,158.486,158.247,158.462,7580
1769040000,158.463,158.489,158.179,158.351,18997
1769047200,158.352,158.591,158.339,158.561,13749
1769054400,158.56,158.734,158.551,158.715,13554
1769061600,158.716,158.894,158.705,158.776,17239
1769068800,158.777,158.856,158.611,158.694,20763
1769076000,158.695,158.764,158.534,158.593,19498
1769083200,158.595,158.857,158.541,158.702,25189
1769090400,158.704,158.763,158.345,158.397,27530
1769097600,158.391,158.5,158.233,158.307,24765
1769104800,158.309,158.469,158.277,158.407,16733
1769112000,158.4,158.473,158.337,158.425,11498
1769119200,158.349,158.533,158.337,158.486,7397
1769126400,158.488,158.664,158.435,158.643,16413
1769133600,158.643,158.741,158.498,158.632,14332
1769140800,158.633,158.665,158.472,158.624,10759
1769148000,158.625,159.223,157.303,158.39,25486
1769155200,158.391,158.491,157.868,158.005,26561
1769162400,158,158.317,157.992,158.135,20337
1769169600,158.138,158.28,158.088,158.265,16548
1769176800,158.266,158.34,158.095,158.115,20977
1769184000,158.113,158.226,156.13,156.357,32002
1769191200,156.361,156.635,155.681,155.891,27037
1769198400,155.893,155.959,155.611,155.729,14695
1769378400,154.662,155.28,154.202,155.15,17585
1769385600,155.148,155.345,154.306,154.424,30833
1769392800,154.425,154.481,153.886,154.213,25838
1769400000,154.211,154.277,153.809,154.109,23314
1769407200,154.108,154.418,153.909,154.251,27501
1769414400,154.252,154.345,153.401,153.67,34326
1769421600,153.661,153.886,153.305,153.739,29082
1769428800,153.737,154.336,153.737,154.058,25391
1769436000,154.056,154.131,153.617,153.804,27604
1769443200,153.815,154.112,153.716,153.972,21226
1769450400,153.969,154.272,153.894,154.044,20344
1769457600,154.043,154.264,153.858,154.204,13965
1769464800,154.12,154.426,154.091,154.389,6161
1769472000,154.39,154.452,154.124,154.348,20383
1769479200,154.346,154.468,154.084,154.416,18137
1769486400,154.416,154.64,154.416,154.5,18317
1769493600,154.502,154.765,154.369,154.737,21984
1769500800,154.735,154.877,153.177,153.74,23974
1769508000,153.747,154.19,153.556,153.731,27056
1769515200,153.73,153.796,153.001,153.254,30603
1769522400,153.245,153.376,152.879,153.239,31503
1769529600,153.239,153.269,152.605,152.766,23773
1769536800,152.766,152.885,152.575,152.714,16210
1769544000,152.714,152.842,152.091,152.182,23654
1769551200,152.167,152.62,152.157,152.496,10376
1769558400,152.491,152.998,152.438,152.99,26140
1769565600,152.99,153.07,152.648,152.724,18618
1769572800,152.72,152.835,152.475,152.628,18817
1769580000,152.645,152.736,152.278,152.647,24615
1769587200,152.638,152.803,152.404,152.714,26626
1769594400,152.712,152.727,152.347,152.605,23669
1769601600,152.603,152.915,152.395,152.852,26104
1769608800,152.851,153.734,152.652,153.463,35660
1769616000,153.461,153.786,153.415,153.53,26944
1769623200,153.531,154.048,153.464,153.493,28400
1769630400,153.493,153.578,153.297,153.396,20215
1769637600,153.343,153.429,153.031,153.081,10840
1769644800,153.084,153.353,152.765,153.262,29923
1769652000,153.27,153.394,152.906,152.928,22360
1769659200,152.928,153.223,152.9,153.02,20158
1769666400,153.018,153.42,152.921,153.309,22468
1769673600,153.315,153.46,153.14,153.313,25125
1769680800,153.312,153.536,153.277,153.46,25820
1769688000,153.459,153.475,153.178,153.333,26630
1769695200,153.334,153.509,152.676,152.813,37772
1769702400,152.812,153.047,152.723,152.904,32880
1769709600,152.904,153.168,152.9,153.075,24581
1769716800,153.074,153.216,153.018,153.105,15224
1769724000,152.974,153.188,152.869,153.139,9550
1769731200,153.142,153.792,153.082,153.753,29496
1769738400,153.752,153.98,153.651,153.956,28785
1769745600,153.956,154.138,153.772,153.917,22095
1769752800,153.918,154.056,153.716,153.807,26907
1769760000,153.801,154.286,153.709,154.28,30474
1769767200,154.28,154.383,153.857,153.857,27408
1769774400,153.858,154.374,153.795,154.368,29020
1769781600,154.367,154.758,154.216,154.223,31980
1769788800,154.222,154.533,154.161,154.446,30253
1769796000,154.449,154.69,154.285,154.531,31019
1769803200,154.535,154.795,154.527,154.768,18944
1769983200,154.867,155.513,154.837,155.226,16521
1769990400,155.207,155.391,154.823,155.038,29367
1769997600,155.037,155.146,154.849,154.975,26096
1770004800,154.972,154.982,154.751,154.892,25318
1770012000,154.893,154.995,154.548,154.905,29214
1770019200,154.904,155.067,154.748,154.774,25641
1770026400,154.775,154.886,154.72,154.753,20761
1770033600,154.753,155.299,154.709,155.227,25455
1770040800,155.226,155.704,155.141,155.667,30314
1770048000,155.668,155.681,155.416,155.507,25577
1770055200,155.506,155.788,155.502,155.627,20565
1770062400,155.627,155.669,155.521,155.599,12778
1770069600,155.572,155.642,155.416,155.471,9523
1770076800,155.468,155.619,155.411,155.471,23070
1770084000,155.472,155.557,155.378,155.475,20664
1770091200,155.474,155.501,155.303,155.429,16923
1770098400,155.428,155.527,155.305,155.405,19938
1770105600,155.402,155.878,155.37,155.873,24224
1770112800,155.866,155.982,155.788,155.952,18703
1770120000,155.959,155.96,155.77,155.882,21024
1770127200,155.884,156.087,155.704,155.713,27332
1770134400,155.712,155.778,155.529,155.722,23257
1770141600,155.724,155.805,155.603,155.777,20929
1770148800,155.773,155.809,155.695,155.778,14302
1770156000,155.716,155.857,155.691,155.804,7028
1770163200,155.812,156.186,155.808,156.137,22425
1770170400,156.138,156.392,156.123,156.321,15737
1770177600,156.321,156.361,156.235,156.301,12931
1770184800,156.297,156.466,156.234,156.425,16874
1770192000,156.425,156.668,156.392,156.646,19713
1770199200,156.647,156.856,156.609,156.822,18849
1770206400,156.824,156.824,156.457,156.477,22242
1770213600,156.477,156.708,156.353,156.654,29619
1770220800,156.653,156.733,156.46,156.672,25571
1770228000,156.672,156.894,156.629,156.821,20197
1770235200,156.82,156.948,156.808,156.861,14862
1770242400,156.798,156.941,156.753,156.906,7651
1770249600,156.897,156.985,156.707,156.861,17893
1770256800,156.862,156.972,156.69,156.795,20592
1770264000,156.796,156.988,156.794,156.979,12807
1770271200,156.982,157.197,156.854,157.102,20909
1770278400,157.104,157.338,157.001,157.328,24145
1770285600,157.329,157.334,157.119,157.149,17475
1770292800,157.156,157.287,156.526,156.594,31293
1770300000,156.594,156.919,156.55,156.834,32971
1770307200,156.832,157.018,156.795,156.805,23339
1770314400,156.805,156.911,156.768,156.899,16223
1770321600,156.895,157.094,156.875,157.027,14369
1770328800,156.907,157.054,156.712,156.803,10256
1770336000,156.804,156.833,156.516,156.661,27788
1770343200,156.66,156.831,156.649,156.735,16013
1770350400,156.734,156.77,156.592,156.758,13817
1770357600,156.759,156.905,156.673,156.891,18815
1770364800,156.888,157.075,156.795,157.051,21455
1770372000,157.051,157.156,156.905,157.045,16281
1770379200,157.046,157.135,156.903,156.933,18211
1770386400,156.931,157.112,156.782,156.837,25610
1770393600,156.84,157.133,156.833,157.053,19209
1770400800,157.054,157.138,156.997,157.101,11917
1770408000,157.1,157.266,157.073,157.242,9889
1770588000,157.532,157.659,156.907,157.251,17032
1770595200,157.252,157.291,156.214,156.628,30205
1770602400,156.628,156.936,156.624,156.87,18946
1770609600,156.871,156.885,156.518,156.611,14147
1770616800,156.611,156.682,156.29,156.597,23401
1770624000,156.595,156.78,156.395,156.646,25185
1770631200,156.642,156.749,156.412,156.467,25645
1770638400,156.468,156.556,155.911,155.93,27170
1770645600,155.928,155.943,155.519,155.85,30497
1770652800,155.851,156.145,155.829,155.963,20292
1770660000,155.965,156.033,155.636,155.71,16792
1770667200,155.711,155.928,155.711,155.887,11448
1770674400,155.802,156.148,155.722,156.127,9329
1770681600,156.129,156.292,155.676,155.732,21800
1770688800,155.733,155.834,155.15,155.33,19849
1770696000,155.328,155.367,155.083,155.307,15589
1770703200,155.306,155.604,155.28,155.562,18861
1770710400,155.562,155.633,155.25,155.287,21603
1770717600,155.285,155.305,155.048,155.27,19439
1770724800,155.269,155.305,154.724,154.76,26616
1770732000,154.76,154.796,154.071,154.213,32436
1770739200,154.212,154.42,154.056,154.38,23455
1770746400,154.381,154.584,154.298,154.316,17967
1770753600,154.313,154.428,154.246,154.385,11175
1770760800,154.281,154.508,154.243,154.504,6292
1770768000,154.499,154.521,153.836,153.977,20378
1770775200,153.976,153.98,153.549,153.562,18865
1770782400,153.563,153.585,152.992,153.036,16409
1770789600,153.041,153.324,152.799,153.109,23234
1770796800,153.111,153.404,153.023,153.207,23112
1770804000,153.208,153.521,153.174,153.496,18666
1770811200,153.494,154.653,152.867,153.833,30052
1770818400,153.835,153.965,153.172,153.622,34994
1770825600,153.619,153.685,152.553,152.826,27021
1770832800,152.827,152.963,152.564,152.946,21326
1770840000,152.946,153.312,152.922,153.254,14501
1770847200,153.149,153.284,153.068,153.268,8433
1770854400,153.266,153.446,152.789,152.853,24387
1770861600,152.856,152.894,152.267,152.56,22266
1770868800,152.561,153.191,152.43,153.103,19729
1770876000,153.104,153.549,152.855,153.035,26265
1770883200,153.033,153.067,152.799,152.915,25560
1770890400,152.912,153.333,152.902,153.312,20119
1770897600,153.314,153.758,153.225,153.267,25788
1770904800,153.268,153.399,152.626,152.65,30515
1770912000,152.65,152.888,152.367,152.851,33957
1770919200,152.849,152.992,152.746,152.9,22855
1770926400,152.907,152.925,152.669,152.728,13526
1770933600,152.717,152.878,152.62,152.787,9472
1770940800,152.791,153.349,152.734,153.27,24354
1770948000,153.262,153.311,152.849,152.95,17035
1770955200,152.95,153.395,152.842,153.291,18278
1770962400,153.291,153.598,153.114,153.41,21828
1770969600,153.396,153.667,153.361,153.507,24117
1770976800,153.509,153.593,153.23,153.358,21659
1770984000,153.358,153.398,152.916,153.067,28241
1770991200,153.073,153.153,152.786,153.131,33043
1770998400,153.132,153.223,152.594,152.804,23370
1771005600,152.803,152.89,152.728,152.778,17867
1771012800,152.775,152.838,152.624,152.711,11502
1771192800,152.685,152.861,152.598,152.798,8724
1771200000,152.797,153.162,152.763,153.022,19065
1771207200,153.023,153.114,152.968,153.068,14172
1771214400,153.07,153.247,152.987,153.192,11713
1771221600,153.197,153.39,153.074,153.343,13319
1771228800,153.344,153.617,153.213,153.572,19077
1771236000,153.571,153.638,153.354,153.372,14818
1771243200,153.368,153.45,153.294,153.335,14587
1771250400,153.337,153.478,153.253,153.462,15378
1771257600,153.457,153.575,153.404,153.471,9737
1771264800,153.471,153.531,153.458,153.482,4361
1771272000,153.483,153.537,153.45,153.514,4027
1771279200,153.386,153.757,153.386,153.56,6170
1771286400,153.558,153.583,153.128,153.147,24122
1771293600,153.144,153.26,153.02,153.179,18887
1771300800,153.179,153.225,152.897,152.955,19726
1771308000,152.952,153.11,152.83,153.082,21177
1771315200,153.082,153.181,152.7,152.899,21083
1771322400,152.904,153.182,152.847,153.13,18105
1771329600,153.126,153.392,153.023,153.276,22891
1771336800,153.271,153.923,153.265,153.796,30818
1771344000,153.795,153.845,153.434,153.47,22824
1771351200,153.47,153.482,153.232,153.257,16565
1771358400,153.263,153.302,153.191,153.293,9164
1771365600,153.222,153.307,153.109,153.131,7549
1771372800,153.131,153.467,153.071,153.442,19648
1771380000,153.444,153.7,153.444,153.603,14321
1771387200,153.607,153.62,153.449,153.458,11047
1771394400,153.456,153.717,153.394,153.67,14850
1771401600,153.673,153.797,153.573,153.728,18167
1771408800,153.727,153.858,153.653,153.71,14751
1771416000,153.708,153.947,153.552,153.946,21004
1771423200,153.946,154.443,153.914,154.282,25906
1771430400,154.284,154.606,154.233,154.529,17762
1771437600,154.528,154.867,154.347,154.724,21153
1771444800,154.724,154.854,154.701,154.819,11641
1771452000,154.76,154.797,154.682,154.682,6063
1771459200,154.684,154.983,154.62,154.951,18864
1771466400,154.95,155.26,154.752,155.14,17363
1771473600,155.138,155.327,155.099,155.302,16566
1771480800,155.303,155.341,154.931,154.976,16960
1771488000,154.977,155.025,154.708,154.811,21325
1771495200,154.81,154.856,154.574,154.629,18484
1771502400,154.627,155.041,154.541,154.914,21411
1771509600,154.913,155.284,154.896,154.999,28815
1771516800,154.998,155.035,154.857,155.019,19864
1771524000,155.019,155.127,154.826,155.083,16454
1771531200,155.082,155.122,154.956,154.99,10673
1771538400,154.968,155.212,154.865,155.2,7766
1771545600,155.201,155.316,154.898,155.142,20003
1771552800,155.141,155.235,155.054,155.143,14333
1771560000,155.141,155.366,155.07,155.289,14362
1771567200,155.29,155.505,154.943,155.495,18617
1771574400,155.493,155.643,155.293,155.393,20900
1771581600,155.394,155.438,155.124,155.221,16396
1771588800,155.226,155.452,155.041,155.419,20454
1771596000,155.419,155.537,154.773,154.853,32058
1771603200,154.854,155.205,154.714,154.993,24689
1771610400,154.997,155.183,154.814,155.127,19959
1771617600,155.128,155.165,154.949,155.025,9952
1771797600,154.875,154.943,154.321,154.345,11457
1771804800,154.344,154.475,153.998,154.215,24844
1771812000,154.214,154.429,154.073,154.261,18550
1771819200,154.26,154.492,154.223,154.437,13977
1771826400,154.436,154.609,154.225,154.483,19358
1771833600,154.476,154.863,154.453,154.811,22469
1771840800,154.809,154.947,154.752,154.924,17966
1771848000,154.938,155.043,154.564,154.618,22749
1771855200,154.62,154.825,154.353,154.425,26332
1771862400,154.426,154.475,154.218,154.391,21351
1771869600,154.39,154.668,154.388,154.618,16082
1771876800,154.618,154.766,154.598,154.663,11548
1771884000,154.623,154.702,154.525,154.661,8402
1771891200,154.663,155.138,154.621,154.968,20776
1771898400,154.972,155.12,154.864,155.115,15960
1771905600,155.116,155.31,155.072,155.168,15818
1771912800,155.169,156.165,154.943,156.096,24020
1771920000,156.097,156.282,155.728,155.857,24241
1771927200,155.855,155.951,155.678,155.884,18252
1771934400,155.883,156.094,155.773,156.059,21431
1771941600,156.058,156.173,155.814,155.911,25560
1771948800,155.915,155.933,155.585,155.758,20988
1771956000,155.758,155.819,155.688,155.78,12757
1771963200,155.779,155.926,155.741,155.898,10074
1771970400,155.823,155.91,155.759,155.907,6644
1771977600,155.906,155.995,155.621,155.777,20612
1771984800,155.777,156.044,155.35,155.824,25640
1771992000,155.824,156.045,155.572,155.598,17933
1771999200,155.598,155.926,155.525,155.92,19063
1772006400,155.918,156.661,155.905,156.557,23738
1772013600,156.559,156.825,156.54,156.798,17804
1772020800,156.795,156.798,156.589,156.693,18986
1772028000,156.694,156.762,156.334,156.367,25836
1772035200,156.369,156.477,156.242,156.325,19685
1772042400,156.326,156.542,156.281,156.445,13347
1772049600,156.44,156.483,156.343,156.358,12326
1772056800,156.331,156.397,156.118,156.171,8249
1772064000,156.171,156.235,155.812,155.828,22453
1772071200,155.827,156.053,155.754,155.941,18142
1772078400,155.938,156.097,155.7,155.942,18308
1772085600,155.935,156.17,155.894,156.051,19943
1772092800,156.046,156.178,155.917,156.07,21689
1772100000,156.071,156.098,155.92,156.079,14572
1772107200,156.078,156.175,155.941,156.162,19257
1772114400,156.164,156.249,155.829,156.039,28589
1772121600,156.037,156.401,156.037,156.391,22180
1772128800,156.393,156.433,156.113,156.13,17006
1772136000,156.13,156.153,156.055,156.13,10871
1772143200,156.066,156.133,155.827,155.858,9851
1772150400,155.86,155.986,155.669,155.98,23461
1772157600,155.979,155.981,155.697,155.774,16997
1772164800,155.773,155.838,155.537,155.834,15263
1772172000,155.831,156.125,155.774,156.081,18955
1772179200,156.082,156.234,155.961,156.074,21267
1772186400,156.073,156.089,155.862,155.91,15976
1772193600,155.909,156.184,155.836,156.169,22636
1772200800,156.168,156.227,155.926,156.069,27658
1772208000,156.064,156.144,155.919,156.056,23248
1772215200,156.055,156.099,155.889,156.017,15343
1772222400,156.018,156.191,155.959,156.127,11976
1772402400,155.956,156.662,155.95,156.632,15470
1772409600,156.64,156.806,156.211,156.217,30498
1772416800,156.218,156.441,156.159,156.32,22626
1772424000,156.319,156.858,156.287,156.833,20857
1772431200,156.836,157.042,156.815,156.98,28368
1772438400,156.985,157.251,156.8,157.009,26809
1772445600,157.012,157.014,156.797,156.96,21354
1772452800,156.962,157.605,156.956,157.52,27841
1772460000,157.521,157.751,157.415,157.735,30051
1772467200,157.736,157.752,157.336,157.361,23866
1772474400,157.363,157.493,157.121,157.15,16854
1772481600,157.149,157.494,157.113,157.351,18506
1772488800,157.367,157.409,157.177,157.269,8521
1772496000,157.27,157.599,157.192,157.287,25508
1772503200,157.289,157.392,157.17,157.284,20746
1772510400,157.285,157.436,157.197,157.396,20598
1772517600,157.395,157.488,157.149,157.41,26181
1772524800,157.41,157.822,157.301,157.674,29633
1772532000,157.674,157.969,157.603,157.68,29203
1772539200,157.682,157.82,157.501,157.805,30253
1772546400,157.803,157.953,157.6,157.844,34898
1772553600,157.846,157.924,157.611,157.836,30752
1772560800,157.837,157.847,157.469,157.666,24299
1772568000,157.667,157.759,157.483,157.684,17990
1772575200,157.502,157.796,157.411,157.766,8686
1772582400,157.766,157.866,157.482,157.59,27723
1772589600,157.589,157.645,157.365,157.408,21327
1772596800,157.407,157.632,157.18,157.568,21343
1772604000,157.582,157.655,157.252,157.46,21168
1772611200,157.459,157.534,157.083,157.199,25792
1772618400,157.2,157.351,156.851,157.22,27427
1772625600,157.22,157.339,157.037,157.296,25822
1772632800,157.316,157.413,157.102,157.119,31176
1772640000,157.12,157.122,156.883,156.976,21948
1772647200,156.975,157.172,156.971,157.006,17434
1772654400,157.005,157.117,156.969,157.045,12598
1772661600,157.007,157.096,156.972,156.979,6723
1772668800,156.98,157.012,156.454,156.765,25950
1772676000,156.766,157.086,156.718,156.993,21426
1772683200,156.991,157.215,156.978,157.193,18824
1772690400,157.193,157.293,156.96,157.258,23808
1772697600,157.259,157.373,156.898,157.158,29408
1772704800,157.159,157.366,157.106,157.349,21471
1772712000,157.35,157.78,157.288,157.763,25118
1772719200,157.762,157.777,157.394,157.622,30117
1772726400,157.612,157.846,157.535,157.69,27655
1772733600,157.691,157.85,157.635,157.814,23168
1772740800,157.815,157.85,157.414,157.551,19996
1772748000,157.523,157.603,157.402,157.569,7303
1772755200,157.567,157.593,157.385,157.48,24291
1772762400,157.488,157.546,157.446,157.492,13693
1772769600,157.492,157.878,157.49,157.844,15017
1772776800,157.845,157.903,157.533,157.539,19645
1772784000,157.532,157.891,157.5,157.861,23473
1772791200,157.862,157.992,157.762,157.952,22187
1772798400,157.953,158.087,157.379,157.875,30140
1772805600,157.877,158.09,157.547,157.588,35746
1772812800,157.587,157.854,157.513,157.801,29947
1772820000,157.804,157.878,157.617,157.875,24597
1772827200,157.876,157.963,157.793,157.806,15776
1773003600,158.034,158.468,158.031,158.312,12312
1773010800,158.32,158.691,158.2,158.647,27894
1773018000,158.65,158.764,158.567,158.709,25099
1773025200,158.71,158.9,158.655,158.721,18705
1773032400,158.72,158.774,158.324,158.623,29942
1773039600,158.627,158.688,158.361,158.632,31462
1773046800,158.633,158.648,158.19,158.459,31276
1773054000,158.461,158.601,158.349,158.575,29024
1773061200,158.573,158.585,158.189,158.386,36412
1773068400,158.384,158.395,157.971,158.14,28003
1773075600,158.141,158.409,158.112,158.4,20425
1773082800,158.398,158.419,157.629,157.654,25940
1773090000,157.612,157.906,157.612,157.814,10047
1773097200,157.814,157.955,157.564,157.59,24180
1773104400,157.591,157.826,157.531,157.814,25409
1773111600,157.813,157.931,157.76,157.78,17078
1773118800,157.78,157.786,157.465,157.547,19183
1773126000,157.554,157.716,157.273,157.701,27821
1773133200,157.702,157.893,157.546,157.767,25977
1773140400,157.768,157.978,157.642,157.811,27324
1773147600,157.808,157.914,157.641,157.691,29837
1773154800,157.691,157.767,157.528,157.573,25516
1773162000,157.574,157.984,157.396,157.868,32254
1773169200,157.868,158.133,157.846,158.059,19682
1773176400,158.043,158.184,158.039,158.166,4937
1773183600,158.166,158.228,157.919,158.195,17925
1773190800,158.197,158.394,158.175,158.297,20287
1773198000,158.297,158.308,158.095,158.106,14256
1773205200,158.105,158.184,157.861,157.999,17967
1773212400,158,158.446,157.964,158.399,24317
1773219600,158.406,158.492,158.255,158.289,20137
1773226800,158.29,158.628,158.248,158.61,26359
1773234000,158.611,158.696,158.303,158.687,31143
1773241200,158.687,158.865,158.674,158.835,22535
1773248400,158.831,158.977,158.813,158.927,19624
1773255600,158.923,158.97,158.911,158.952,11983
1773262800,158.908,158.996,158.791,158.986,7858
1773270000,158.987,159.237,158.93,158.981,19315
1773277200,158.98,159.106,158.787,159.058,19671
1773284400,159.06,159.154,158.976,159.125,13406
1773291600,159.125,159.126,158.881,158.905,17022
1773298800,158.907,158.999,158.668,158.886,21019
1773306000,158.887,158.938,158.686,158.72,18958
1773313200,158.722,158.932,158.57,158.893,21142
1773320400,158.894,159.2,158.806,159.181,28870
1773327600,159.184,159.29,159.102,159.21,29015
1773334800,159.21,159.415,159.115,159.401,22123
1773342000,159.401,159.432,159.295,159.349,16737
1773349200,159.296,159.422,159.24,159.267,8300
1773356400,159.269,159.365,159.009,159.093,18987
1773363600,159.094,159.375,159.033,159.286,20292
1773370800,159.289,159.686,159.251,159.506,17775
1773378000,159.504,159.509,159.316,159.431,20267
1773385200,159.432,159.544,159.327,159.332,27665
1773392400,159.331,159.502,159.252,159.403,19423
1773399600,159.404,159.449,159.204,159.334,24055
1773406800,159.334,159.38,159.002,159.366,27168
1773414000,159.368,159.634,159.362,159.612,29154
1773421200,159.613,159.688,159.545,159.635,19131
1773428400,159.623,159.746,159.598,159.735,12427
1773608400,159.534,159.743,159.481,159.529,8325
1773615600,159.531,159.621,159.251,159.301,20353
1773622800,159.306,159.606,159.283,159.589,20840
1773630000,159.588,159.641,159.47,159.562,12405
1773637200,159.561,159.588,159.271,159.291,16936
1773644400,159.294,159.382,159.172,159.35,22688
1773651600,159.351,159.386,159.201,159.225,19237
1773658800,159.229,159.263,158.959,159.133,21353
1773666000,159.132,159.193,158.847,159.139,25673
1773673200,159.141,159.359,159.054,159.266,22861
1773680400,159.263,159.301,158.911,158.966,23190
1773687600,158.961,159.184,158.929,159.04,15726
1773694800,159.02,159.148,158.984,159.12,7043
1773702000,159.119,159.345,159.078,159.316,12894
1773709200,159.315,159.452,159.297,159.365,15155
1773716400,159.365,159.407,159.216,159.23,13561
1773723600,159.234,159.496,159.205,159.351,15678
1773730800,159.35,159.404,159.056,159.104,18734
1773738000,159.106,159.218,159.047,159.12,16888
1773745200,159.119,159.155,158.964,159.034,19319
1773752400,159.031,159.033,158.721,158.932,24619
1773759600,158.932,159.116,158.865,158.943,23891
1773766800,158.944,159.049,158.891,159.047,14807
1773774000,159.046,159.064,158.977,158.998,9431
1773781200,158.965,158.996,158.834,158.968,7672
1773788400,158.969,159.138,158.802,159.068,17013
1773795600,159.068,159.088,158.878,158.914,15713
1773802800,158.914,158.988,158.753,158.813,12528
1773810000,158.812,158.819,158.568,158.744,16903
1773817200,158.746,158.99,158.68,158.949,20402
1773824400,158.95,159.051,158.893,159.012,14740
1773831600,159.014,159.465,158.895,159.449,25565
1773838800,159.449,159.587,159.421,159.421,27210
1773846000,159.423,159.517,159.368,159.469,22678
1773853200,159.47,159.726,159.26,159.725,24443
1773860400,159.726,159.899,159.69,159.883,17936
1773867600,159.817,159.846,159.684,159.772,7747
1773874800,159.773,159.847,159.684,159.778,18133
1773882000,159.778,159.815,159.542,159.659,18125
1773889200,159.659,159.712,159.592,159.655,12132
1773896400,159.655,159.807,159.604,159.682,17497
1773903600,159.677,159.699,159.038,159.185,31180
1773910800,159.176,159.281,159.066,159.122,25997
1773918000,159.123,159.295,158.851,158.906,25550
1773925200,158.897,158.942,158.065,158.367,35866
1773932400,158.367,158.558,158.043,158.045,29020
1773939600,158.047,158.097,157.69,157.696,21943
1773946800,157.692,157.721,157.508,157.705,21502
1773954000,157.652,157.899,157.6,157.876,5892
1773961200,157.878,157.995,157.803,157.86,15548
1773968400,157.86,158.341,157.748,158.308,19375
1773975600,158.309,158.415,158.274,158.379,13027
1773982800,158.378,158.433,158.332,158.415,13810
1773990000,158.416,158.493,158.256,158.488,20776
1773997200,158.488,158.899,158.449,158.716,23081
1774004400,158.719,158.729,158.519,158.7,25780
1774011600,158.695,159.177,158.673,159.13,28614
1774018800,159.122,159.288,158.966,159.27,25734
1774026000,159.269,159.389,159.141,159.352,24021
1774033200,159.352,159.375,159.233,159.239,13931
1774213200,159.312,159.474,159.232,159.294,7723
1774220400,159.295,159.527,159.011,159.5,23232
1774227600,159.501,159.589,159.337,159.525,22036
1774234800,159.525,159.619,159.328,159.397,17053
1774242000,159.399,159.659,159.353,159.472,20586
1774249200,159.472,159.657,159.308,159.439,27680
1774256400,159.442,159.635,159.401,159.625,23801
1774263600,159.626,159.631,158.258,158.51,42509
1774270800,158.502,158.726,158.2,158.432,38409
1774278000,158.431,158.845,158.216,158.687,34998
1774285200,158.688,158.735,158.02,158.074,27168
1774292400,158.079,158.479,158.064,158.422,14777
1774299600,158.408,158.416,158.239,158.334,7101
1774306800,158.332,158.707,158.274,158.575,22071
1774314000,158.573,158.677,158.447,158.667,24729
1774321200,158.666,158.795,158.61,158.758,16824
1774328400,158.756,158.785,158.564,158.604,16507
1774335600,158.605,158.669,158.399,158.652,14271
1774342800,158.639,158.8,158.612,158.691,16429
1774350000,158.705,158.862,158.616,158.818,17742
1774357200,158.819,158.958,158.558,158.729,30334
1774364400,158.728,158.95,158.629,158.917,23896
1774371600,158.919,159.191,158.851,158.973,25996
1774378800,158.973,159.035,158.366,158.7,21355
1774386000,158.686,158.762,158.562,158.684,6865
1774393200,158.683,158.837,158.575,158.645,19753
1774400400,158.655,158.836,158.611,158.806,18919
1774407600,158.806,158.941,158.754,158.879,11236
1774414800,158.88,159.046,158.88,159.005,14654
1774422000,159.007,159.203,158.722,158.774,22025
1774429200,158.772,158.976,158.728,158.892,19917
1774436400,158.893,159.089,158.761,159.024,23093
1774443600,159.013,159.206,158.935,159.052,26791
1774450800,159.052,159.299,159.024,159.245,24642
1774458000,159.246,159.453,159.151,159.414,18217
1774465200,159.417,159.5,159.417,159.467,11695
1774472400,159.462,159.468,159.34,159.405,7067
1774479600,159.402,159.503,159.33,159.474,11863
1774486800,159.476,159.539,159.385,159.521,13213
1774494000,159.522,159.528,159.367,159.435,10870
1774501200,159.434,159.506,159.283,159.312,13490
1774508400,159.314,159.543,159.3,159.468,17564
1774515600,159.468,159.55,159.423,159.489,14249
1774522800,159.488,159.698,159.469,159.634,16048
1774530000,159.638,159.659,159.431,159.552,24819
1774537200,159.556,159.7,159.531,159.662,20645
1774544400,159.66,159.804,159.631,159.742,14405
1774551600,159.74,159.849,159.341,159.759,16352
1774558800,159.646,159.744,159.601,159.656,5456
1774566000,159.656,159.766,159.488,159.559,12845
1774573200,159.559,159.597,159.455,159.528,13901
1774580400,159.528,159.644,159.5,159.624,9543
1774587600,159.624,159.771,159.57,159.748,12544
1774594800,159.749,159.979,159.735,159.839,16953
1774602000,159.833,159.948,159.766,159.918,15135
1774609200,159.917,159.939,159.794,159.876,16677
1774616400,159.878,159.952,159.798,159.899,23012
1774623600,159.898,160.298,159.699,160.144,25468
1774630800,160.144,160.412,160.073,160.249,18468
1774638000,160.243,160.329,160.106,160.256,10716
1774818000,160.163,160.462,160.081,160.41,5905
1774825200,160.411,160.449,159.879,159.879,19003
1774832400,159.883,160,159.756,159.844,15736
1774839600,159.846,159.848,159.656,159.794,13904
1774846800,159.792,159.837,159.609,159.804,16986
1774854000,159.806,159.859,159.569,159.688,20300
1774861200,159.687,159.727,159.49,159.609,17741
1774868400,159.607,159.61,159.338,159.372,19899
1774875600,159.355,159.617,159.325,159.535,24028
1774882800,159.537,159.64,159.386,159.445,18371
1774890000,159.443,159.642,159.417,159.625,13945
1774897200,159.623,159.742,159.611,159.736,10234
1774904400,159.658,159.809,159.635,159.804,6072
1774911600,159.805,159.94,159.692,159.879,16654
1774918800,159.88,159.974,159.588,159.604,20769
1774926000,159.602,159.745,159.596,159.622,11605
1774933200,159.621,159.743,159.481,159.728,14970
1774940400,159.728,159.788,159.521,159.577,15367
1774947600,159.569,159.775,159.508,159.733,13770
1774954800,159.726,159.767,159.342,159.366,24108
1774962000,159.36,159.444,159.054,159.099,25800
1774969200,159.099,159.205,158.823,158.952,28644
1774976400,158.95,158.967,158.747,158.876,23944
1774983600,158.884,159.002,158.658,158.717,14014
1774990800,158.747,158.822,158.653,158.731,6840
1774998000,158.729,158.842,158.447,158.786,15149
1775005200,158.786,159.013,158.66,158.725,17742
1775012400,158.73,158.935,158.585,158.785,12309
1775019600,158.785,158.922,158.29,158.309,20110
1775026800,158.306,158.875,158.271,158.582,24712
1775034000,158.585,158.774,158.486,158.519,19577
1775041200,158.516,158.577,158.302,158.528,20535
1775048400,158.52,158.752,158.456,158.486,27927
1775055600,158.484,158.732,158.409,158.553,21049
1775062800,158.555,158.865,158.451,158.851,18871
1775070000,158.85,158.947,158.753,158.786,11994
1775077200,158.804,158.807,158.582,158.611,6748
1775084400,158.611,158.765,158.54,158.668,14154
1775091600,158.669,159.479,158.615,159.421,28294
1775098800,159.421,159.447,159.31,159.342,15565
1775106000,159.342,159.466,159.304,159.388,19051
1775113200,159.386,159.717,159.373,159.678,18916
1775120400,159.68,159.726,159.545,159.685,15445
1775127600,159.681,159.746,159.563,159.632,17096
1775134800,159.625,159.69,159.24,159.363,26819
1775142000,159.364,159.512,159.23,159.511,22988
1775149200,159.514,159.728,159.497,159.634,15002
1775156400,159.626,159.682,159.541,159.601,11588
1775163600,159.536,159.604,159.511,159.534,3874
1775170800,159.533,159.625,159.427,159.597,8752
1775178000,159.596,159.718,159.548,159.672,8715
1775185200,159.672,159.697,159.539,159.623,6441
1775192400,159.623,159.695,159.591,159.637,8304
1775199600,159.637,159.638,159.542,159.609,9065
1775206800,159.61,159.615,159.563,159.595,7639
1775214000,159.595,159.819,159.528,159.617,15639
1775221200,159.616,159.632,159.48,159.595,8261
1775228400,159.596,159.65,159.562,159.634,10417
1775235600,159.634,159.671,159.624,159.654,5045
1775242800,159.653,159.692,159.461,159.598,4948
1775422800,159.454,159.794,159.442,159.678,8248
1775430000,159.677,159.832,159.608,159.748,16206
1775437200,159.743,159.743,159.526,159.557,15829
1775444400,159.557,159.64,159.533,159.57,12024
1775451600,159.572,159.657,159.542,159.612,12044
1775458800,159.609,159.712,159.304,159.39,17930
1775466000,159.383,159.555,159.349,159.461,14554
1775473200,159.459,159.588,159.366,159.405,14834
1775480400,159.404,159.718,159.391,159.706,21281
1775487600,159.708,159.802,159.62,159.678,15919
1775494800,159.679,159.798,159.591,159.686,15940
1775502000,159.686,159.735,159.649,159.676,8294
1775509200,159.677,159.729,159.569,159.67,8961
1775516400,159.671,159.842,159.653,159.831,12412
1775523600,159.83,159.934,159.787,159.872,12506
1775530800,159.873,159.887,159.729,159.734,8446
1775538000,159.735,159.819,159.725,159.784,12061
1775545200,159.778,159.881,159.48,159.491,19244
1775552400,159.49,159.794,159.47,159.791,20365
1775559600,159.786,159.875,159.712,159.781,17145
1775566800,159.78,159.965,159.727,159.954,22631
1775574000,159.957,160.033,159.799,159.907,21297
1775581200,159.908,159.958,159.697,159.845,16513
1775588400,159.845,159.867,159.503,159.617,19784
1775595600,159.582,159.733,158.85,158.921,11847
1775602800,158.921,158.968,158.542,158.69,30645
1775610000,158.684,158.714,158.296,158.434,22151
1775617200,158.43,158.464,158.342,158.354,15757
1775624400,158.356,158.431,158.052,158.201,22223
1775631600,158.202,158.487,158.113,158.374,22608
1775638800,158.372,158.537,158.277,158.43,18966
1775646000,158.426,158.487,157.948,158.015,23924
1775653200,158.013,158.419,157.884,158.282,30745
1775660400,158.282,158.497,158.256,158.42,22870
1775667600,158.421,158.744,158.38,158.732,20137
1775674800,158.737,158.792,158.504,158.559,13635
1775682000,158.596,158.638,158.446,158.569,6459
1775689200,158.568,158.87,158.561,158.86,12395
1775696400,158.858,158.953,158.703,158.718,14231
1775703600,158.717,158.804,158.643,158.738,11426
1775710800,158.738,158.931,158.715,158.785,14066
1775718000,158.783,159.11,158.765,159.002,17350
1775725200,159.006,159.082,158.941,159.081,13710
1775732400,159.082,159.118,158.838,159.002,18578
1775739600,158.997,159.243,158.891,159.19,23081
1775746800,159.191,159.299,158.631,158.763,24664
1775754000,158.766,159.029,158.676,159.012,18633
1775761200,159.011,159.132,158.973,158.994,11860
1775768400,158.919,159.103,158.907,159.087,4387
1775775600,159.088,159.245,159.046,159.186,12287
1775782800,159.187,159.23,159.024,159.159,13745
1775790000,159.16,159.214,159.115,159.186,10071
1775797200,159.187,159.373,159.182,159.277,12555
1775804400,159.28,159.351,159.191,159.319,15098
1775811600,159.318,159.331,159.181,159.199,15645
1775818800,159.201,159.24,158.903,159.156,17780
1775826000,159.168,159.244,159.069,159.127,23755
1775833200,159.133,159.351,159.034,159.268,18873
1775840400,159.271,159.343,159.241,159.283,15904
1775847600,159.282,159.321,159.253,159.289,7368
1776027600,159.638,159.843,159.506,159.806,8846
1776034800,159.807,159.85,159.649,159.707,15772
1776042000,159.706,159.785,159.657,159.712,14219
1776049200,159.704,159.776,159.665,159.726,10332
1776056400,159.727,159.751,159.559,159.677,13647
1776063600,159.675,159.725,159.566,159.711,16504
1776070800,159.71,159.743,159.665,159.688,12980
1776078000,159.682,159.86,159.643,159.744,18316
1776085200,159.742,159.803,159.508,159.57,24156
1776092400,159.574,159.788,159.451,159.526,22965
1776099600,159.523,159.534,159.295,159.328,18047
1776106800,159.327,159.463,159.289,159.441,11295
1776114000,159.437,159.444,159.318,159.37,4493
1776121200,159.371,159.38,159.141,159.162,15077
1776128400,159.159,159.267,159.083,159.144,14677
1776135600,159.143,159.169,159.012,159.029,10377
1776142800,159.03,159.285,158.955,159.159,13857
1776150000,159.158,159.171,158.945,159.067,20007
1776157200,159.067,159.096,158.802,158.826,15371
1776164400,158.827,158.878,158.695,158.716,19916
1776171600,158.713,158.896,158.598,158.747,24401
1776178800,158.751,158.937,158.75,158.839,17830
1776186000,158.837,158.894,158.685,158.813,13187
1776193200,158.821,158.912,158.791,158.801,8336
1776200400,158.738,158.841,158.737,158.841,9289
1776207600,158.84,158.886,158.734,158.817,13016
1776214800,158.816,159.066,158.814,159.039,15124
1776222000,159.039,159.051,158.953,158.984,9470
1776229200,158.985,159.029,158.862,159.026,13343
1776236400,159.026,159.03,158.646,158.779,17987
1776243600,158.776,159.045,158.717,158.976,20311
1776250800,158.979,159.155,158.925,159.109,18902
1776258000,159.109,159.123,158.924,158.988,23873
1776265200,158.993,159.034,158.753,158.882,20171
1776272400,158.883,159.123,158.876,159.023,16659
1776279600,159.023,159.059,158.952,158.957,9980
1776286800,158.962,158.986,158.839,158.873,4980
1776294000,158.874,158.889,158.716,158.728,11883
1776301200,158.729,158.825,158.509,158.512,15161
1776308400,158.511,158.743,158.262,158.713,16503
1776315600,158.714,158.955,158.699,158.793,13910
1776322800,158.794,159.061,158.726,158.986,17633
1776330000,158.986,159.131,158.959,159.022,14043
1776337200,159.013,159.117,158.883,159.113,18425
1776344400,159.113,159.303,158.986,159.263,23977
1776351600,159.265,159.286,159.024,159.176,21646
1776358800,159.177,159.293,159.16,159.217,15247
1776366000,159.217,159.217,159.098,159.143,9853
1776373200,159.139,159.149,159.019,159.114,2770
1776380400,159.111,159.361,159.082,159.332,10749
1776387600,159.333,159.446,159.299,159.377,12257
1776394800,159.376,159.482,159.365,159.47,8824
1776402000,159.469,159.528,159.371,159.405,13329
1776409200,159.405,159.406,159.14,159.142,18000
1776416400,159.142,159.189,159.006,159.167,14525
1776423600,159.168,159.226,158.408,158.417,23572
1776430800,158.404,158.516,157.596,157.852,36048
1776438000,157.861,158.202,157.794,158.041,24739
1776445200,158.042,158.465,158.042,158.438,20169
1776452400,158.438,158.641,158.365,158.619,11445
1776632400,158.759,159.058,158.752,159.01,8479
1776639600,159.008,159.204,158.892,159.006,20918
1776646800,159.009,159.016,158.787,158.883,19403
1776654000,158.883,158.949,158.802,158.899,13861
1776661200,158.899,159.012,158.82,158.87,19646
1776668400,158.866,159.078,158.728,158.983,24135
1776675600,158.982,159.026,158.856,158.908,20277
1776682800,158.906,158.974,158.756,158.88,23054
1776690000,158.879,158.938,158.565,158.717,29541
1776697200,158.718,158.787,158.552,158.654,24276
1776704400,158.653,158.923,158.606,158.907,19250
1776711600,158.908,158.921,158.798,158.813,12620
1776718800,158.742,158.816,158.726,158.772,7294
1776726000,158.771,158.994,158.758,158.953,13038
1776733200,158.955,158.993,158.911,158.953,12857
1776740400,158.952,158.994,158.928,158.956,12494
1776747600,158.957,158.96,158.793,158.813,16535
1776754800,158.812,159.217,158.801,159.177,21573
1776762000,159.18,159.255,159.109,159.192,15706
1776769200,159.191,159.246,159.014,159.179,21140
1776776400,159.178,159.385,159.013,159.376,26235
1776783600,159.377,159.501,159.281,159.467,25373
1776790800,159.466,159.617,159.174,159.372,26227
1776798000,159.37,159.64,159.228,159.393,24215
1776805200,159.327,159.42,159.31,159.416,6715
1776812400,159.415,159.46,159.176,159.289,15879
1776819600,159.293,159.375,159.224,159.357,15658
1776826800,159.357,159.402,159.296,159.345,12591
1776834000,159.344,159.349,159.102,159.13,24809
1776841200,159.132,159.372,159.11,159.359,21242
1776848400,159.36,159.374,159.212,159.228,18238
1776855600,159.227,159.365,159.144,159.362,22958
1776862800,159.356,159.396,159.111,159.396,28724
1776870000,159.396,159.533,159.369,159.508,22486
1776877200,159.507,159.524,159.417,159.481,16291
1776884400,159.481,159.574,159.451,159.465,11060
1776891600,159.449,159.491,159.369,159.477,4742
1776898800,159.476,159.687,159.294,159.33,18894
1776906000,159.328,159.567,159.297,159.537,19769
1776913200,159.536,159.587,159.472,159.547,14987
1776920400,159.546,159.668,159.516,159.659,15520
1776927600,159.661,159.699,159.592,159.693,19979
1776934800,159.692,159.781,159.651,159.714,20557
1776942000,159.712,159.753,159.435,159.504,27476
1776949200,159.504,159.625,159.379,159.399,27917
1776956400,159.396,159.49,159.312,159.459,23901
1776963600,159.457,159.843,159.451,159.63,32231
1776970800,159.633,159.757,159.605,159.737,18311
1776978000,159.618,159.73,159.594,159.706,4165
1776985200,159.705,159.81,159.675,159.794,13600
1776992400,159.794,159.809,159.749,159.77,14090
1776999600,159.768,159.843,159.724,159.776,13815
1777006800,159.776,159.816,159.603,159.688,16349
1777014000,159.69,159.757,159.631,159.719,19544
1777021200,159.718,159.771,159.647,159.654,18157
1777028400,159.644,159.675,159.336,159.553,29012
1777035600,159.551,159.653,159.388,159.512,29560
1777042800,159.511,159.585,159.317,159.359,27035
1777050000,159.358,159.467,159.309,159.425,18499
1777057200,159.424,159.442,159.334,159.334,11129
1777237200,159.553,159.59,159.487,159.547,4993
1777244400,159.547,159.598,159.45,159.481,13204
1777251600,159.48,159.48,159.253,159.302,22585
1777258800,159.301,159.314,159.154,159.237,15844
1777266000,159.238,159.482,159.233,159.264,17878
1777273200,159.265,159.305,159.111,159.151,22116
1777280400,159.15,159.274,159.092,159.151,18457
1777287600,159.152,159.235,159.103,159.231,22397
1777294800,159.23,159.292,159.107,159.219,25993
1777302000,159.219,159.39,159.212,159.387,21406
1777309200,159.387,159.465,159.346,159.446,17654
1777316400,159.445,159.452,159.369,159.418,11499
1777323600,159.371,159.463,159.347,159.408,6410
1777330800,159.407,159.484,159.309,159.47,12442
1777338000,159.469,159.571,159.465,159.516,15962
1777345200,159.516,159.561,158.96,159.084,18958
1777352400,159.085,159.357,159.034,159.35,21561
1777359600,159.353,159.688,159.265,159.476,24927
1777366800,159.477,159.646,159.415,159.634,22280
1777374000,159.634,159.787,159.416,159.462,24995
1777381200,159.462,159.75,159.435,159.721,30593
1777388400,159.722,159.722,159.511,159.561,24567
1777395600,159.56,159.629,159.508,159.622,17194
1777402800,159.62,159.689,159.576,159.61,11642
1777410000,159.511,159.61,159.481,159.57,4227
1777417200,159.57,159.6,159.519,159.546,12314
1777424400,159.548,159.664,159.526,159.624,19895
1777431600,159.622,159.651,159.587,159.635,11838
1777438800,159.636,159.738,159.603,159.658,15995
1777446000,159.652,159.789,159.618,159.783,23405
1777453200,159.782,159.844,159.746,159.75,18198
1777460400,159.742,159.98,159.735,159.976,20284
1777467600,159.974,160.2,159.948,160.101,27953
1777474800,160.1,160.325,160.091,160.31,25623
1777482000,160.311,160.428,160.173,160.349,27970
1777489200,160.35,160.474,160.284,160.443,21032
1777496400,160.369,160.443,160.278,160.33,7531
1777503600,160.328,160.348,160.073,160.296,18088
1777510800,160.294,160.4,160.21,160.342,21096
1777518000,160.34,160.582,160.317,160.539,18539
1777525200,160.534,160.726,160.466,160.612,21752
1777532400,160.613,160.618,159.456,159.584,32007
1777539600,159.573,159.593,156.993,157.167,39553
1777546800,157.166,157.468,155.558,156.823,45062
1777554000,156.825,156.962,156.203,156.68,37791
1777561200,156.678,156.834,156.511,156.58,28315
1777568400,156.579,156.701,156.313,156.414,24976
1777575600,156.423,156.631,156.305,156.618,19937
1777582800,156.499,156.749,156.485,156.664,6120
1777590000,156.666,157.305,156.644,157.082,21675
1777597200,157.079,157.328,157.047,157.237,20812
1777604400,157.236,157.293,156.994,157.246,17527
1777611600,157.247,157.299,155.489,155.961,22363
1777618800,155.963,156.72,155.861,156.471,29503
1777626000,156.471,156.76,156.422,156.594,18390
1777633200,156.592,156.643,156.391,156.597,22607
1777640400,156.596,156.757,156.366,156.638,31438
1777647600,156.637,156.941,156.622,156.938,27019
1777654800,156.941,157.117,156.862,157.014,19891
1777662000,157.014,157.093,156.963,157.073,13686
1777842000,156.733,156.927,156.652,156.833,7001
1777849200,156.836,156.994,156.794,156.909,15781
1777856400,156.909,157.2,156.584,157.126,21107
1777863600,157.127,157.251,155.696,156.724,24241
1777870800,156.725,156.94,156.525,156.927,21306
1777878000,156.926,156.983,156.817,156.946,20766
1777885200,156.947,157.204,156.897,157.115,26485
1777892400,157.115,157.185,157.019,157.137,25617
1777899600,157.147,157.182,156.924,157.089,28497
1777906800,157.091,157.301,156.948,157.267,29937
1777914000,157.27,157.285,156.542,156.721,21647
1777921200,156.744,157.285,156.744,157.241,17577
1777928400,157.176,157.27,157.109,157.231,4470
1777935600,157.23,157.258,157.162,157.213,12198
1777942800,157.212,157.271,157.189,157.223,13674
1777950000,157.224,157.3,157.213,157.288,10135
1777957200,157.287,157.299,157.197,157.226,18242
1777964400,157.224,157.288,157.08,157.281,22837
1777971600,157.28,157.837,157.108,157.618,22204
1777978800,157.621,157.84,157.611,157.772,23148
1777986000,157.777,157.826,157.671,157.68,29741
1777993200,157.682,157.803,157.607,157.791,22406
1778000400,157.791,157.922,157.77,157.877,16969
1778007600,157.878,157.918,157.839,157.888,12388
1778014800,157.83,157.936,157.587,157.73,7091
1778022000,157.731,157.732,157.539,157.594,23439
1778029200,157.597,157.833,157.575,157.815,20447
1778036400,157.815,157.893,155.028,155.931,29737
1778043600,155.915,156.455,155.758,156.389,28703
1778050800,156.385,156.564,155.724,155.98,31220
1778058000,155.981,156.126,155.611,155.756,31953
1778065200,155.756,156.302,155.703,156.281,33201
1778072400,156.28,156.316,156.048,156.282,32327
1778079600,156.282,156.489,156.272,156.428,26436
1778086800,156.428,156.514,156.354,156.405,18976
1778094000,156.404,156.456,156.297,156.363,18469
1778101200,156.347,156.379,156.22,156.341,6670
1778108400,156.34,156.529,156.216,156.324,18716
1778115600,156.323,156.354,156.022,156.337,24131
1778122800,156.337,156.433,156.306,156.355,13971
1778130000,156.355,156.412,156.103,156.287,18982
1778137200,156.288,156.341,156.019,156.328,26615
1778144400,156.329,156.421,156.288,156.399,20551
1778151600,156.396,156.475,156.239,156.285,22034
1778158800,156.288,156.404,156.161,156.253,25490
1778166000,156.254,156.647,156.247,156.634,25380
1778173200,156.634,156.866,156.61,156.744,24253
1778180400,156.745,156.957,156.687,156.928,20685
1778187600,156.872,156.96,156.728,156.891,7033
1778194800,156.891,156.995,156.81,156.971,14224
1778202000,156.969,156.979,156.852,156.89,18377
1778209200,156.891,156.902,156.765,156.847,15162
1778216400,156.849,156.883,156.714,156.834,18382
1778223600,156.833,156.859,156.634,156.705,22877
1778230800,156.704,156.788,156.629,156.772,18691
1778238000,156.773,156.829,156.524,156.636,22592
1778245200,156.646,156.704,156.432,156.629,27766
1778252400,156.629,156.707,156.553,156.702,21176
1778259600,156.701,156.747,156.591,156.694,16306
1778266800,156.696,156.769,156.65,156.701,11540
1778446800,156.606,156.96,156.51,156.9,8884
1778454000,156.898,157.06,156.832,156.934,16020
1778461200,156.932,157.154,156.921,157.145,17509
1778468400,157.143,157.175,157.088,157.125,11497
1778475600,157.124,157.151,156.987,156.996,15831
1778482800,156.992,157.148,156.948,157.089,16948
1778490000,157.091,157.163,157.07,157.143,14880
1778497200,157.145,157.146,157.058,157.118,20373
1778504400,157.113,157.129,156.979,156.998,23060
1778511600,157,157.166,156.983,157.157,20089
1778518800,157.158,157.211,157.093,157.206,14805
1778526000,157.214,157.271,157.199,157.218,11352
1778533200,157.108,157.205,157.097,157.193,4607
1778540400,157.196,157.434,157.182,157.42,14495
1778547600,157.422,157.651,157.375,157.59,16793
1778554800,157.588,157.641,157.545,157.587,11674
1778562000,157.586,157.751,156.749,157.514,23501
1778569200,157.517,157.658,157.392,157.617,23624
1778576400,157.625,157.665,157.492,157.561,18163
1778583600,157.561,157.646,157.498,157.553,22119
1778590800,157.556,157.702,157.481,157.623,26171
1778598000,157.622,157.767,157.613,157.752,21945
1778605200,157.754,157.756,157.588,157.594,16731
1778612400,157.593,157.66,157.518,157.606,12241
1778619600,157.582,157.624,157.537,157.598,3722
1778626800,157.6,157.767,157.56,157.709,11676
1778634000,157.712,157.782,157.564,157.657,16580
1778641200,157.657,157.749,157.626,157.718,9998
1778648400,157.719,157.789,157.682,157.77,11815
1778655600,157.77,157.845,157.674,157.808,17631
1778662800,157.804,157.897,157.781,157.813,17423
1778670000,157.814,157.887,157.742,157.845,18558
1778677200,157.847,157.898,157.755,157.862,22616
1778684400,157.863,157.876,157.748,157.857,21355
1778691600,157.856,157.926,157.832,157.895,16505
1778698800,157.889,157.906,157.839,157.883,14634
1778706000,157.802,157.861,157.688,157.812,5723
1778713200,157.809,157.877,157.781,157.854,12316
1778720400,157.852,157.953,157.848,157.922,16411
1778727600,157.921,157.996,157.504,157.868,16233
1778734800,157.868,157.949,157.806,157.846,16770
1778742000,157.845,157.95,157.819,157.901,19541
1778749200,157.9,157.944,157.876,157.935,18648
1778756400,157.934,157.995,157.904,157.971,19033
1778763600,157.972,158.17,157.313,158.155,30577
1778770800,158.154,158.203,158.079,158.168,23506
1778778000,158.167,158.204,158.136,158.187,15826
1778785200,158.188,158.422,158.169,158.383,14929
1778792400,158.303,158.393,158.262,158.377,5093
1778799600,158.378,158.516,158.322,158.468,16828
1778806800,158.469,158.587,158.42,158.524,21950
1778814000,158.526,158.535,158.475,158.519,14170
1778821200,158.518,158.673,158.428,158.429,24619
1778828400,158.434,158.579,158.351,158.567,26671
1778835600,158.562,158.605,158.294,158.369,28053
1778842800,158.368,158.588,158.36,158.573,25484
1778850000,158.572,158.745,158.529,158.59,27706
1778857200,158.589,158.746,158.553,158.694,23013
1778864400,158.707,158.753,158.64,158.705,20370
1778871600,158.702,158.844,158.694,158.793,15055
1779051600,158.711,158.821,158.638,158.791,5232
1779058800,158.789,158.952,158.768,158.934,16712
1779066000,158.934,158.953,158.864,158.914,20861
1779073200,158.915,159.076,158.807,158.984,16182
1779080400,158.984,159.002,158.835,158.894,20185
1779087600,158.891,158.984,158.788,158.827,24505
1779094800,158.828,158.952,158.827,158.929,18793
1779102000,158.928,158.96,158.613,158.689,27780
1779109200,158.69,158.918,158.644,158.842,27815
1779116400,158.842,158.945,158.774,158.933,28394
1779123600,158.935,159.078,158.888,159.075,19159
1779130800,159.074,159.082,158.746,158.851,21822
1779138000,158.78,158.832,158.713,158.827,5235
1779145200,158.829,159.02,158.802,159.012,13488
1779152400,159.013,159.03,158.889,158.964,17070
1779159600,158.966,159.008,158.919,158.995,13549
1779166800,158.995,159.112,158.948,159.073,16843
1779174000,159.073,159.148,159.001,159.142,21448
1779181200,159.141,159.179,159.055,159.09,20993
1779188400,159.091,159.144,158.651,159.066,24611
1779195600,159.067,159.251,158.912,159.068,30576
1779202800,159.066,159.174,158.78,158.822,27026
1779210000,158.821,159.09,158.783,159.044,20676
1779217200,159.059,159.106,158.994,159.078,15362
1779224400,159.006,159.109,158.991,159.066,4631
1779231600,159.067,159.102,158.952,158.996,16339
1779238800,158.996,159.09,158.839,158.927,21078
1779246000,158.928,159.002,158.819,158.981,17745
1779253200,158.986,159.003,158.873,158.981,18579
1779260400,158.98,159.104,158.927,159.045,23378
1779267600,159.045,159.081,158.957,158.997,18183
1779274800,158.999,159.054,158.967,159.017,19170
1779282000,159.018,159.169,158.786,158.872,28705
1779289200,158.87,158.923,158.591,158.837,31378
1779296400,158.836,158.96,158.794,158.843,22820
1779303600,158.842,158.934,158.778,158.925,15154
1779310800,158.861,158.886,158.805,158.854,5756
1779318000,158.853,158.928,158.823,158.863,13657
1779325200,158.865,158.978,158.811,158.974,20426
1779332400,158.973,159.003,158.922,158.996,12407
1779339600,158.997,159.075,158.974,159.063,15851
1779346800,159.064,159.088,158.901,158.981,25148
1779354000,158.982,159.138,158.905,159.128,20523
1779361200,159.126,159.185,159.042,159.164,22884
1779368400,159.163,159.347,159.118,159.164,30064
1779375600,159.163,159.258,159.118,159.144,26235
1779382800,159.144,159.174,158.817,159.078,31390
1779390000,159.082,159.094,158.877,158.983,18167
1779397200,158.901,159.021,158.88,159.002,4915
1779404400,159.004,159.125,158.987,159.09,11926
1779411600,159.091,159.124,158.999,159.034,13493
1779418800,159.033,159.076,159.005,159.07,13017
1779426000,159.073,159.143,159.054,159.106,15980
1779433200,159.109,159.144,159.056,159.09,18339
1779440400,159.088,159.145,159.077,159.126,17274
1779447600,159.125,159.15,159.063,159.079,21104
1779454800,159.079,159.178,158.986,159.102,28265
1779462000,159.103,159.233,159.085,159.176,21363
1779469200,159.176,159.182,159.061,159.136,22461
1779476400,159.126,159.198,159.1,159.188,12310
1779656400,158.783,158.975,158.777,158.884,11206
1779663600,158.88,158.963,158.834,158.9,13745
1779670800,158.899,158.902,158.756,158.851,15324
1779678000,158.852,158.915,158.834,158.862,9942
1779685200,158.86,158.941,158.841,158.906,13783
1779692400,158.907,159.043,158.9,158.918,15585
1779699600,158.915,158.953,158.894,158.946,11816
1779706800,158.945,158.96,158.876,158.904,15120
1779714000,158.905,158.926,158.884,158.918,14911
1779721200,158.919,158.952,158.883,158.897,13057
1779728400,158.899,158.908,158.885,158.905,7697
1779735600,158.901,158.941,158.891,158.921,6398
1779742800,158.862,158.97,158.817,158.927,4524
1779750000,158.928,158.993,158.908,158.969,13465
1779757200,158.969,159.005,158.932,158.945,17412
1779764400,158.945,159.015,158.908,159.002,10959
1779771600,159.003,159.121,158.973,159.096,16618
1779778800,159.097,159.241,159.097,159.212,18636
1779786000,159.21,159.226,159.106,159.145,18067
1779793200,159.143,159.228,159.134,159.227,18551
1779800400,159.229,159.329,159.222,159.32,21563
1779807600,159.32,159.382,159.282,159.309,17670
1779814800,159.309,159.38,159.281,159.335,14803
1779822000,159.337,159.348,159.3,159.301,11521
1779829200,159.257,159.303,159.231,159.261,5222
1779836400,159.257,159.31,159.174,159.282,13158
1779843600,159.279,159.307,159.212,159.225,18639
1779850800,159.225,159.249,159.188,159.244,12492
1779858000,159.245,159.379,159.229,159.353,14583
1779865200,159.354,159.445,159.301,159.395,18580
1779872400,159.394,159.4,159.316,159.382,16015
1779879600,159.385,159.451,159.245,159.42,23116
1779886800,159.419,159.512,159.365,159.51,26817
1779894000,159.511,159.537,159.437,159.499,20088
1779901200,159.498,159.579,159.492,159.506,16411
1779908400,159.504,159.55,159.501,159.517,12360
1779915600,159.445,159.516,159.417,159.503,4902
1779922800,159.503,159.602,159.495,159.559,13236
1779930000,159.562,159.606,159.523,159.56,16003
1779937200,159.559,159.654,159.524,159.575,17961
1779944400,159.577,159.582,159.471,159.492,19190
1779951600,159.488,159.527,159.439,159.458,20741
1779958800,159.458,159.47,159.377,159.467,20631
1779966000,159.469,159.47,159.31,159.368,23791
1779973200,159.367,159.494,159.181,159.227,29674
1779980400,159.227,159.338,159.107,159.165,27920
1779987600,159.164,159.287,159.145,159.258,19534
1779994800,159.256,159.289,159.205,159.247,14472
1780002000,159.195,159.281,159.177,159.264,7125
1780009200,159.262,159.323,159.22,159.29,14553
1780016400,159.288,159.332,159.249,159.314,16161
1780023600,159.314,159.378,159.3,159.302,14299
1780030800,159.302,159.334,159.196,159.21,16016
1780038000,159.215,159.321,159.204,159.296,20191
1780045200,159.297,159.324,159.235,159.288,18953
1780052400,159.287,159.307,159.247,159.259,21245
1780059600,159.257,159.357,159.163,159.19,24309
1780066800,159.184,159.253,159.095,159.201,26011
1780074000,159.202,159.307,159.182,159.261,18334
1780081200,159.262,159.29,159.218,159.261,12929
1780261200,159.337,159.434,159.312,159.39,9863
1780268400,159.39,159.47,159.302,159.457,17687
1780275600,159.459,159.499,159.449,159.465,16187
1780282800,159.462,159.487,159.433,159.46,13319
1780290000,159.461,159.5,159.412,159.426,17198
1780297200,159.425,159.487,159.408,159.45,19488
1780304400,159.449,159.485,159.439,159.454,18031
1780311600,159.454,159.496,159.431,159.486,20254
1780318800,159.485,159.765,159.484,159.722,30771
1780326000,159.722,159.737,159.563,159.604,24704
1780333200,159.596,159.764,159.566,159.762,19191
1780340400,159.754,159.757,159.651,159.665,15762
1780347600,159.626,159.671,159.568,159.657,7174
1780354800,159.658,159.724,159.618,159.663,14535
1780362000,159.663,159.723,159.636,159.717,21440
1780369200,159.715,159.732,159.691,159.731,14776
1780376400,159.731,159.748,159.684,159.705,19445
1780383600,159.704,159.747,159.65,159.742,20652
1780390800,159.741,159.755,159.7,159.729,14492
1780398000,159.729,159.787,159.715,159.784,17048
1780405200,159.783,159.876,159.764,159.865,21261
1780412400,159.863,159.947,159.856,159.905,17022
1780419600,159.902,159.989,159.888,159.905,15617
1780426800,159.902,159.955,159.888,159.93,11109
1780434000,159.856,159.962,159.831,159.956,5920
1780441200,159.958,159.998,159.891,159.939,16500
1780448400,159.938,159.944,159.812,159.871,17295
1780455600,159.871,159.905,159.866,159.889,12890
1780462800,159.889,159.986,159.871,159.979,18166
1780470000,159.975,159.998,159.371,159.757,28671
1780477200,159.756,159.885,159.664,159.793,19307
1780484400,159.794,159.933,159.781,159.916,19618
1780491600,159.913,159.997,159.891,159.946,26336
1780498800,159.945,160.049,159.935,159.986,22942
1780506000,159.984,160.061,159.943,160.03,17349
1780513200,160.031,160.092,159.998,160.087,15405
1780520400,159.984,160.075,159.832,159.919,8176
1780527600,159.92,159.979,159.886,159.909,18260
1780534800,159.908,159.93,159.87,159.897,17180
1780542000,159.896,159.993,159.598,159.869,15512
1780549200,159.868,159.934,159.825,159.904,19448
1780556400,159.905,159.929,159.84,159.876,19873
1780563600,159.877,159.898,159.841,159.878,19833
1780570800,159.879,159.879,159.749,159.865,24597
1780578000,159.865,160,159.841,159.986,24305
1780585200,159.987,160.031,159.937,159.972,17361
1780592400,159.971,160.034,159.968,160.027,15377
1780599600,160.024,160.046,160.005,160.021,12410
1780606800,159.97,160.023,159.919,160.002,4544
1780614000,160.005,160.014,159.942,159.958,12996
1780621200,159.957,159.975,159.898,159.975,17502
1780628400,159.974,159.996,159.94,159.961,13791
1780635600,159.961,159.974,159.914,159.939,16098
1780642800,159.939,159.954,159.907,159.948,17849
1780650000,159.949,159.962,159.895,159.911,17553
1780657200,159.911,160.224,159.831,160.215,23879
1780664400,160.224,160.281,159.721,160.267,33016
1780671600,160.268,160.343,160.205,160.281,23592
1780678800,160.277,160.342,160.091,160.163,20293
1780686000,160.165,160.255,160.116,160.249,14021
1780866000,160.214,160.358,160.165,160.335,5995
1780873200,160.334,160.349,160.239,160.324,20764
1780880400,160.325,160.381,160.265,160.375,20654
1780887600,160.374,160.396,160.286,160.344,15789
1780894800,160.341,160.346,160.214,160.264,22787
1780902000,160.263,160.266,159.833,160.026,25852
1780909200,160.027,160.078,159.934,160.005,28607
1780916400,160.004,160.012,159.884,159.959,25212
1780923600,159.958,160.199,159.933,160.074,26532
1780930800,160.075,160.17,160.038,160.162,20694
1780938000,160.162,160.27,160.122,160.255,14961
1780945200,160.255,160.273,160.165,160.173,14178
1780952400,160.117,160.189,160.089,160.178,5002
1780959600,160.177,160.279,160.132,160.237,15624
1780966800,160.237,160.252,160.173,160.221,17095
1780974000,160.221,160.258,160.183,160.194,16363
1780981200,160.194,160.207,160.052,160.168,22274
1780988400,160.171,160.225,160.151,160.179,23156
1780995600,160.178,160.216,160.144,160.168,15042
1781002800,160.169,160.198,160.145,160.189,16123
1781010000,160.187,160.261,160.141,160.253,24948
1781017200,160.255,160.446,160.214,160.402,26018
1781024400,160.402,160.407,160.284,160.359,21300
1781031600,160.359,160.425,160.352,160.366,14066
1781038800,160.322,160.405,160.306,160.404,6081
1781046000,160.402,160.434,160.352,160.384,16543
1781053200,160.384,160.397,160.24,160.367,19385
1781060400,160.366,160.374,160.336,160.37,14296
1781067600,160.37,160.39,160.325,160.382,18482
1781074800,160.383,160.43,160.347,160.425,18125
1781082000,160.424,160.479,160.407,160.466,17291
1781089200,160.466,160.53,160.321,160.438,25820
1781096400,160.436,160.494,160.339,160.484,26411
1781103600,160.485,160.53,160.441,160.487,23588
1781110800,160.486,160.543,160.45,160.497,19949
1781118000,160.496,160.575,160.494,160.556,13816
1781125200,160.445,160.566,160.445,160.548,6888
1781132400,160.546,160.562,160.493,160.517,18943
1781139600,160.519,160.546,160.425,160.515,19466
1781146800,160.516,160.537,160.494,160.505,13413
1781154000,160.506,160.591,160.492,160.558,16076
1781161200,160.557,160.557,160.49,160.536,18773
1781168400,160.534,160.554,160.51,160.526,15395
1781175600,160.525,160.595,160.506,160.534,21089
1781182800,160.532,160.56,160.458,160.507,26186
1781190000,160.507,160.557,160.466,160.531,20578
1781197200,160.53,160.548,159.937,160.079,31852
1781204400,160.078,160.078,159.568,159.97,23952
1781211600,159.888,160.088,159.873,160.018,8959
1781218800,160.017,160.22,159.972,160.169,19800
1781226000,160.168,160.305,160.15,160.29,18463
1781233200,160.289,160.297,160.212,160.257,17685
1781240400,160.256,160.356,160.24,160.32,23257
1781247600,160.32,160.375,159.952,160.092,27788
1781254800,160.09,160.193,159.952,160.095,25873
1781262000,160.093,160.307,160.092,160.256,22932
1781269200,160.255,160.339,160.155,160.239,28788
1781276400,160.237,160.28,160.166,160.231,25449
1781283600,160.23,160.24,160.183,160.235,16604
1781290800,160.234,160.244,160.195,160.197,13624
1781470800,160.113,160.144,159.731,159.937,10826
1781478000,159.938,160.128,159.883,160.108,17171
1781485200,160.107,160.232,160.094,160.142,16271
1781492400,160.145,160.145,160.012,160.05,14505
1781499600,160.05,160.162,159.991,160.131,17954
1781506800,160.13,160.151,160.045,160.136,20887
1781514000,160.137,160.15,160.088,160.126,15521
1781521200,160.128,160.203,160.112,160.14,18342
1781528400,160.137,160.153,160.027,160.129,20738
1781535600,160.13,160.243,160.126,160.217,17763
1781542800,160.218,160.317,160.212,160.308,14246
1781550000,160.308,160.397,160.282,160.352,15853
1781557200,160.287,160.365,160.284,160.326,4421
1781564400,160.327,160.331,160.156,160.2,13479
1781571600,160.2,160.215,160.099,160.139,15709
1781578800,160.139,160.35,160.048,160.255,18297
1781586000,160.256,160.303,160.15,160.209,20074
1781593200,160.209,160.347,160.19,160.322,22876
1781600400,160.316,160.361,160.278,160.292,17058
1781607600,160.293,160.378,160.291,160.326,17942
1781614800,160.327,160.465,160.318,160.401,21958
1781622000,160.4,160.46,160.331,160.396,19055
1781629200,160.395,160.462,160.388,160.437,14017
1781636400,160.436,160.482,160.394,160.461,11502
1781643600,160.361,160.446,160.339,160.406,6407
1781650800,160.408,160.443,160.346,160.351,11236
1781658000,160.349,160.372,160.308,160.332,11923
1781665200,160.33,160.356,160.256,160.267,11370
1781672400,160.267,160.341,160.246,160.253,14971
1781679600,160.253,160.306,160.119,160.208,20650
1781686800,160.209,160.244,160.162,160.234,15396
1781694000,160.234,160.336,160.229,160.248,17480
1781701200,160.247,160.343,160.187,160.321,23489
1781708400,160.324,160.338,160.19,160.199,17119
1781715600,160.198,160.502,160.191,160.495,23485
1781722800,160.496,160.797,160.468,160.659,27632
1781730000,160.599,160.648,160.489,160.609,8379
1781737200,160.61,160.752,160.534,160.699,16849
1781744400,160.7,160.7,160.56,160.583,16015
1781751600,160.58,160.624,160.568,160.595,13398
1781758800,160.595,160.682,160.576,160.633,18199
1781766000,160.631,160.775,160.572,160.774,21408
1781773200,160.774,160.949,160.478,160.924,24948
1781780400,160.923,160.952,160.827,160.876,24832
1781787600,160.875,160.931,160.796,160.858,26236
1781794800,160.857,161.454,160.846,161.429,25117
1781802000,161.426,161.689,161.335,161.681,20724
1781809200,161.68,161.809,160.928,161.403,22105
1781816400,161.324,161.433,161.175,161.278,6948
1781823600,161.276,161.363,161.01,161.104,16075
1781830800,161.103,161.243,160.989,161.232,18635
1781838000,161.231,161.412,161.203,161.377,17145
1781845200,161.375,161.456,161.266,161.274,22887
1781852400,161.279,161.352,161.238,161.285,21488
1781859600,161.284,161.333,161.233,161.278,18314
1781866800,161.278,161.31,161.161,161.169,20801
1781874000,161.166,161.321,161.148,161.163,21318
1781881200,161.164,161.344,161.133,161.333,11656
1781888400,161.33,161.334,161.231,161.269,8277
1781895600,161.268,161.321,161.232,161.276,10912
1782075600,161.208,161.456,161.208,161.454,5842
1782082800,161.452,161.57,161.416,161.495,17346
1782090000,161.496,161.598,161.437,161.536,19871
1782097200,161.535,161.697,161.531,161.667,14494
1782104400,161.666,161.715,161.611,161.683,19304
1782111600,161.68,161.789,161.644,161.772,21590
1782118800,161.769,161.776,161.653,161.726,22148
1782126000,161.727,161.784,161.672,161.777,21300
1782133200,161.775,161.926,161.075,161.331,31840
1782140400,161.332,161.65,161.164,161.555,27038
1782147600,161.556,161.567,161.401,161.421,16164
1782154800,161.428,161.69,161.428,161.603,14969
1782162000,161.504,161.637,161.503,161.582,5821
1782169200,161.58,161.631,161.519,161.576,15677
1782176400,161.576,161.606,161.524,161.583,15589
1782183600,161.581,161.616,161.539,161.613,14013
1782190800,161.612,161.741,161.587,161.645,20222
1782198000,161.644,161.66,161.27,161.436,31141
1782205200,161.435,161.481,161.339,161.454,20634
1782212400,161.454,161.615,161.427,161.558,23173
1782219600,161.558,161.584,161.462,161.544,25417
1782226800,161.545,161.602,161.505,161.596,18532
1782234000,161.595,161.621,161.544,161.568,13934
1782241200,161.569,161.613,161.509,161.576,13304
1782248400,161.475,161.606,161.465,161.561,4959
1782255600,161.56,161.636,161.533,161.623,14951
1782262800,161.623,161.628,161.532,161.55,16079
1782270000,161.546,161.605,161.53,161.558,15977
1782277200,161.559,161.718,161.544,161.712,18296
1782284400,161.711,161.758,161.666,161.757,20036
1782291600,161.755,161.781,161.684,161.69,18496
1782298800,161.687,161.756,161.62,161.753,22380
1782306000,161.754,161.816,161.696,161.791,24451
1782313200,161.79,161.812,161.688,161.758,20244
1782320400,161.759,161.829,161.735,161.761,19118
1782327600,161.764,161.841,161.749,161.8,16631
1782334800,161.73,161.796,161.726,161.77,8039
1782342000,161.772,161.789,161.696,161.712,13642
1782349200,161.711,161.745,161.559,161.714,21330
1782356400,161.714,161.774,161.693,161.767,13257
1782363600,161.766,161.843,161.728,161.83,8396